  0
SECTION
  2
HEADER
  9
$ANGBASE
  50
0.0
  9
$ANGDIR
  70
1
  9
$MEASUREMENT
  70
0
  0
ENDSEC
  0
SECTION
  2
TABLES
  0
TABLE
  2
LTYPE
  70
4
  0
LTYPE
  5
40F
  2
CONTINUOUS
  70
0
  3
Solid line
  72
65
  73
0
  40
0.0
  0
LTYPE
  5
410
  2
DASHDOT
 70
0
  3
Dash Dot ____ _ ____ _
 72
65
 73
4
 40
2.0
 49
1.25
 49
-0.25
 49
0.25
 49
-0.25
  0
LTYPE
  5
411
  2
DASHED
 70
0
  3
Dashed __ __ __ __ __
 72
65
 73
2
 40
0.75
 49
0.5
 49
-0.25
  0
LTYPE
  5
43B
  2
DOTTED
 70
0
  3
Dotted .  .  .  .
 72
65
 73
2
 40
0.2
 49
0.0
 49
-0.2
  0
ENDTAB
  0
TABLE
  2
STYLE
  70
4
  0
STYLE
  2
KICAD
  70
0
  40
0
  41
1
  42
1
  50
0
  71
0
  3
isocp.shx
  0
STYLE
  2
KICADB
  70
0
  40
0
  41
1
  42
1
  50
0
  71
0
  3
isocp.shx
  0
STYLE
  2
KICADI
  70
0
  40
0
  41
1
  42
1
  50
15
  71
0
  3
isocp.shx
  0
STYLE
  2
KICADBI
  70
0
  40
0
  41
1
  42
1
  50
15
  71
0
  3
isocp.shx
  0
ENDTAB
  0
TABLE
  2
LAYER
  70
1
  0
LAYER
  2
BLACK
  70
0
  62
7
  6
CONTINUOUS
  0
ENDTAB
  0
ENDSEC
  0
SECTION
  2
ENTITIES
0
LINE
8
BLACK
6
CONTINUOUS
10
0.4136649606299213
20
0.5212798425196851
11
0.4271580708661417
21
0.5189872834645669
0
LINE
8
BLACK
6
CONTINUOUS
10
0.4271580708661417
20
0.5189872834645669
11
0.4403096456692913
21
0.5151983464566929
0
LINE
8
BLACK
6
CONTINUOUS
10
0.4403096456692913
20
0.5151983464566929
11
0.4529543307086614
21
0.509960748031496
0
LINE
8
BLACK
6
CONTINUOUS
10
0.4529543307086614
20
0.509960748031496
11
0.464933031496063
21
0.5033403543307087
0
LINE
8
BLACK
6
CONTINUOUS
10
0.464933031496063
20
0.5033403543307087
11
0.4760951968503937
21
0.4954203937007874
0
LINE
8
BLACK
6
CONTINUOUS
10
0.4760951968503937
20
0.4954203937007874
11
0.4863004330708661
21
0.4863004330708661
0
LINE
8
BLACK
6
CONTINUOUS
10
0.4863004330708661
20
0.4863004330708661
11
0.4954203937007874
21
0.4760951968503937
0
LINE
8
BLACK
6
CONTINUOUS
10
0.4954203937007874
20
0.4760951968503937
11
0.5033403543307087
21
0.464933031496063
0
LINE
8
BLACK
6
CONTINUOUS
10
0.5033403543307087
20
0.464933031496063
11
0.509960748031496
21
0.4529543307086614
0
LINE
8
BLACK
6
CONTINUOUS
10
0.509960748031496
20
0.4529543307086614
11
0.5151983464566929
21
0.4403096456692913
0
LINE
8
BLACK
6
CONTINUOUS
10
0.5151983464566929
20
0.4403096456692913
11
0.5189872834645669
21
0.4271580708661417
0
LINE
8
BLACK
6
CONTINUOUS
10
0.5189872834645669
20
0.4271580708661417
11
0.5212798425196851
21
0.4136649606299213
0
LINE
8
BLACK
6
CONTINUOUS
10
0.5212798425196851
20
0.4136649606299213
11
0.5220472440944882
21
0.4
0
LINE
8
BLACK
6
CONTINUOUS
10
0.5220472440944882
20
0.4
11
0.5212798425196851
21
0.3863350393700787
0
LINE
8
BLACK
6
CONTINUOUS
10
0.5212798425196851
20
0.3863350393700787
11
0.5189872834645669
21
0.3728419291338583
0
LINE
8
BLACK
6
CONTINUOUS
10
0.5189872834645669
20
0.3728419291338583
11
0.5151983464566929
21
0.3596903543307087
0
LINE
8
BLACK
6
CONTINUOUS
10
0.5151983464566929
20
0.3596903543307087
11
0.509960748031496
21
0.3470456692913386
0
LINE
8
BLACK
6
CONTINUOUS
10
0.509960748031496
20
0.3470456692913386
11
0.5033403543307087
21
0.335066968503937
0
LINE
8
BLACK
6
CONTINUOUS
10
0.5033403543307087
20
0.335066968503937
11
0.4954203937007874
21
0.3239048031496063
0
LINE
8
BLACK
6
CONTINUOUS
10
0.4954203937007874
20
0.3239048031496063
11
0.4863004330708661
21
0.3136995669291339
0
LINE
8
BLACK
6
CONTINUOUS
10
0.4863004330708661
20
0.3136995669291339
11
0.4760951968503937
21
0.3045796062992126
0
LINE
8
BLACK
6
CONTINUOUS
10
0.4760951968503937
20
0.3045796062992126
11
0.464933031496063
21
0.2966596456692913
0
LINE
8
BLACK
6
CONTINUOUS
10
0.464933031496063
20
0.2966596456692913
11
0.4529543307086614
21
0.2900392519685039
0
LINE
8
BLACK
6
CONTINUOUS
10
0.4529543307086614
20
0.2900392519685039
11
0.4403096456692913
21
0.2848016535433071
0
LINE
8
BLACK
6
CONTINUOUS
10
0.4403096456692913
20
0.2848016535433071
11
0.4271580708661417
21
0.2810127165354331
0
LINE
8
BLACK
6
CONTINUOUS
10
0.4271580708661417
20
0.2810127165354331
11
0.4136649606299213
21
0.278720157480315
0
LINE
8
BLACK
6
CONTINUOUS
10
0.4136649606299213
20
0.278720157480315
11
0.4
21
0.2779527559055118
0
LINE
8
BLACK
6
CONTINUOUS
10
0.4
20
0.2779527559055118
11
0.3863350393700787
21
0.278720157480315
0
LINE
8
BLACK
6
CONTINUOUS
10
0.3863350393700787
20
0.278720157480315
11
0.3728419291338583
21
0.2810127165354331
0
LINE
8
BLACK
6
CONTINUOUS
10
0.3728419291338583
20
0.2810127165354331
11
0.3596903543307087
21
0.2848016535433071
0
LINE
8
BLACK
6
CONTINUOUS
10
0.3596903543307087
20
0.2848016535433071
11
0.3470456692913386
21
0.2900392519685039
0
LINE
8
BLACK
6
CONTINUOUS
10
0.3470456692913386
20
0.2900392519685039
11
0.335066968503937
21
0.2966596456692913
0
LINE
8
BLACK
6
CONTINUOUS
10
0.335066968503937
20
0.2966596456692913
11
0.3239048031496063
21
0.3045796062992126
0
LINE
8
BLACK
6
CONTINUOUS
10
0.3239048031496063
20
0.3045796062992126
11
0.3136995669291339
21
0.3136995669291339
0
LINE
8
BLACK
6
CONTINUOUS
10
0.3136995669291339
20
0.3136995669291339
11
0.3045796062992126
21
0.3239048031496063
0
LINE
8
BLACK
6
CONTINUOUS
10
0.3045796062992126
20
0.3239048031496063
11
0.2966596456692913
21
0.335066968503937
0
LINE
8
BLACK
6
CONTINUOUS
10
0.2966596456692913
20
0.335066968503937
11
0.2900392519685039
21
0.3470456692913386
0
LINE
8
BLACK
6
CONTINUOUS
10
0.2900392519685039
20
0.3470456692913386
11
0.2848016535433071
21
0.3596903543307087
0
LINE
8
BLACK
6
CONTINUOUS
10
0.2848016535433071
20
0.3596903543307087
11
0.2810127165354331
21
0.3728419291338583
0
LINE
8
BLACK
6
CONTINUOUS
10
0.2810127165354331
20
0.3728419291338583
11
0.278720157480315
21
0.3863350393700787
0
LINE
8
BLACK
6
CONTINUOUS
10
0.278720157480315
20
0.3863350393700787
11
0.2779527559055118
21
0.4
0
LINE
8
BLACK
6
CONTINUOUS
10
0.2779527559055118
20
0.4
11
0.278720157480315
21
0.4136649606299213
0
LINE
8
BLACK
6
CONTINUOUS
10
0.278720157480315
20
0.4136649606299213
11
0.2810127165354331
21
0.4271580708661417
0
LINE
8
BLACK
6
CONTINUOUS
10
0.2810127165354331
20
0.4271580708661417
11
0.2848016535433071
21
0.4403096456692913
0
LINE
8
BLACK
6
CONTINUOUS
10
0.2848016535433071
20
0.4403096456692913
11
0.2900392519685039
21
0.4529543307086614
0
LINE
8
BLACK
6
CONTINUOUS
10
0.2900392519685039
20
0.4529543307086614
11
0.2966596456692913
21
0.464933031496063
0
LINE
8
BLACK
6
CONTINUOUS
10
0.2966596456692913
20
0.464933031496063
11
0.3045796062992126
21
0.4760951968503937
0
LINE
8
BLACK
6
CONTINUOUS
10
0.3045796062992126
20
0.4760951968503937
11
0.3136995669291339
21
0.4863004330708661
0
LINE
8
BLACK
6
CONTINUOUS
10
0.3136995669291339
20
0.4863004330708661
11
0.3239048031496063
21
0.4954203937007874
0
LINE
8
BLACK
6
CONTINUOUS
10
0.3239048031496063
20
0.4954203937007874
11
0.335066968503937
21
0.5033403543307087
0
LINE
8
BLACK
6
CONTINUOUS
10
0.335066968503937
20
0.5033403543307087
11
0.3470456692913386
21
0.509960748031496
0
LINE
8
BLACK
6
CONTINUOUS
10
0.3470456692913386
20
0.509960748031496
11
0.3596903543307087
21
0.5151983464566929
0
LINE
8
BLACK
6
CONTINUOUS
10
0.3596903543307087
20
0.5151983464566929
11
0.3728419291338583
21
0.5189872834645669
0
LINE
8
BLACK
6
CONTINUOUS
10
0.3728419291338583
20
0.5189872834645669
11
0.3863350393700787
21
0.5212798425196851
0
LINE
8
BLACK
6
CONTINUOUS
10
0.3863350393700787
20
0.5212798425196851
11
0.4
21
0.5220472440944882
0
LINE
8
BLACK
6
CONTINUOUS
10
0.4
20
0.5220472440944882
11
0.4136649606299213
21
0.5212798425196851
0
LINE
8
BLACK
6
CONTINUOUS
10
2.4136649606299212
20
0.5212798425196851
11
2.4271580708661418
21
0.5189872834645669
0
LINE
8
BLACK
6
CONTINUOUS
10
2.4271580708661418
20
0.5189872834645669
11
2.4403096456692914
21
0.5151983464566929
0
LINE
8
BLACK
6
CONTINUOUS
10
2.4403096456692914
20
0.5151983464566929
11
2.4529543307086614
21
0.509960748031496
0
LINE
8
BLACK
6
CONTINUOUS
10
2.4529543307086614
20
0.509960748031496
11
2.4649330314960629
21
0.5033403543307087
0
LINE
8
BLACK
6
CONTINUOUS
10
2.4649330314960629
20
0.5033403543307087
11
2.4760951968503937
21
0.4954203937007874
0
LINE
8
BLACK
6
CONTINUOUS
10
2.4760951968503937
20
0.4954203937007874
11
2.4863004330708662
21
0.4863004330708661
0
LINE
8
BLACK
6
CONTINUOUS
10
2.4863004330708662
20
0.4863004330708661
11
2.4954203937007873
21
0.4760951968503937
0
LINE
8
BLACK
6
CONTINUOUS
10
2.4954203937007873
20
0.4760951968503937
11
2.5033403543307085
21
0.464933031496063
0
LINE
8
BLACK
6
CONTINUOUS
10
2.5033403543307085
20
0.464933031496063
11
2.5099607480314958
21
0.4529543307086614
0
LINE
8
BLACK
6
CONTINUOUS
10
2.5099607480314958
20
0.4529543307086614
11
2.5151983464566929
21
0.4403096456692913
0
LINE
8
BLACK
6
CONTINUOUS
10
2.5151983464566929
20
0.4403096456692913
11
2.518987283464567
21
0.4271580708661417
0
LINE
8
BLACK
6
CONTINUOUS
10
2.518987283464567
20
0.4271580708661417
11
2.521279842519685
21
0.4136649606299213
0
LINE
8
BLACK
6
CONTINUOUS
10
2.521279842519685
20
0.4136649606299213
11
2.5220472440944883
21
0.4
0
LINE
8
BLACK
6
CONTINUOUS
10
2.5220472440944883
20
0.4
11
2.521279842519685
21
0.3863350393700787
0
LINE
8
BLACK
6
CONTINUOUS
10
2.521279842519685
20
0.3863350393700787
11
2.518987283464567
21
0.3728419291338583
0
LINE
8
BLACK
6
CONTINUOUS
10
2.518987283464567
20
0.3728419291338583
11
2.5151983464566929
21
0.3596903543307087
0
LINE
8
BLACK
6
CONTINUOUS
10
2.5151983464566929
20
0.3596903543307087
11
2.5099607480314958
21
0.3470456692913386
0
LINE
8
BLACK
6
CONTINUOUS
10
2.5099607480314958
20
0.3470456692913386
11
2.5033403543307085
21
0.335066968503937
0
LINE
8
BLACK
6
CONTINUOUS
10
2.5033403543307085
20
0.335066968503937
11
2.4954203937007873
21
0.3239048031496063
0
LINE
8
BLACK
6
CONTINUOUS
10
2.4954203937007873
20
0.3239048031496063
11
2.4863004330708662
21
0.3136995669291339
0
LINE
8
BLACK
6
CONTINUOUS
10
2.4863004330708662
20
0.3136995669291339
11
2.4760951968503937
21
0.3045796062992126
0
LINE
8
BLACK
6
CONTINUOUS
10
2.4760951968503937
20
0.3045796062992126
11
2.4649330314960629
21
0.2966596456692913
0
LINE
8
BLACK
6
CONTINUOUS
10
2.4649330314960629
20
0.2966596456692913
11
2.4529543307086614
21
0.2900392519685039
0
LINE
8
BLACK
6
CONTINUOUS
10
2.4529543307086614
20
0.2900392519685039
11
2.4403096456692914
21
0.2848016535433071
0
LINE
8
BLACK
6
CONTINUOUS
10
2.4403096456692914
20
0.2848016535433071
11
2.4271580708661418
21
0.2810127165354331
0
LINE
8
BLACK
6
CONTINUOUS
10
2.4271580708661418
20
0.2810127165354331
11
2.4136649606299212
21
0.278720157480315
0
LINE
8
BLACK
6
CONTINUOUS
10
2.4136649606299212
20
0.278720157480315
11
2.3999999999999999
21
0.2779527559055118
0
LINE
8
BLACK
6
CONTINUOUS
10
2.3999999999999999
20
0.2779527559055118
11
2.3863350393700786
21
0.278720157480315
0
LINE
8
BLACK
6
CONTINUOUS
10
2.3863350393700786
20
0.278720157480315
11
2.3728419291338581
21
0.2810127165354331
0
LINE
8
BLACK
6
CONTINUOUS
10
2.3728419291338581
20
0.2810127165354331
11
2.3596903543307084
21
0.2848016535433071
0
LINE
8
BLACK
6
CONTINUOUS
10
2.3596903543307084
20
0.2848016535433071
11
2.3470456692913384
21
0.2900392519685039
0
LINE
8
BLACK
6
CONTINUOUS
10
2.3470456692913384
20
0.2900392519685039
11
2.3350669685039369
21
0.2966596456692913
0
LINE
8
BLACK
6
CONTINUOUS
10
2.3350669685039369
20
0.2966596456692913
11
2.3239048031496061
21
0.3045796062992126
0
LINE
8
BLACK
6
CONTINUOUS
10
2.3239048031496061
20
0.3045796062992126
11
2.3136995669291336
21
0.3136995669291339
0
LINE
8
BLACK
6
CONTINUOUS
10
2.3136995669291336
20
0.3136995669291339
11
2.3045796062992125
21
0.3239048031496063
0
LINE
8
BLACK
6
CONTINUOUS
10
2.3045796062992125
20
0.3239048031496063
11
2.2966596456692914
21
0.335066968503937
0
LINE
8
BLACK
6
CONTINUOUS
10
2.2966596456692914
20
0.335066968503937
11
2.290039251968504
21
0.3470456692913386
0
LINE
8
BLACK
6
CONTINUOUS
10
2.290039251968504
20
0.3470456692913386
11
2.2848016535433069
21
0.3596903543307087
0
LINE
8
BLACK
6
CONTINUOUS
10
2.2848016535433069
20
0.3596903543307087
11
2.2810127165354328
21
0.3728419291338583
0
LINE
8
BLACK
6
CONTINUOUS
10
2.2810127165354328
20
0.3728419291338583
11
2.2787201574803149
21
0.3863350393700787
0
LINE
8
BLACK
6
CONTINUOUS
10
2.2787201574803149
20
0.3863350393700787
11
2.2779527559055119
21
0.4
0
LINE
8
BLACK
6
CONTINUOUS
10
2.2779527559055119
20
0.4
11
2.2787201574803149
21
0.4136649606299213
0
LINE
8
BLACK
6
CONTINUOUS
10
2.2787201574803149
20
0.4136649606299213
11
2.2810127165354328
21
0.4271580708661417
0
LINE
8
BLACK
6
CONTINUOUS
10
2.2810127165354328
20
0.4271580708661417
11
2.2848016535433069
21
0.4403096456692913
0
LINE
8
BLACK
6
CONTINUOUS
10
2.2848016535433069
20
0.4403096456692913
11
2.290039251968504
21
0.4529543307086614
0
LINE
8
BLACK
6
CONTINUOUS
10
2.290039251968504
20
0.4529543307086614
11
2.2966596456692914
21
0.464933031496063
0
LINE
8
BLACK
6
CONTINUOUS
10
2.2966596456692914
20
0.464933031496063
11
2.3045796062992125
21
0.4760951968503937
0
LINE
8
BLACK
6
CONTINUOUS
10
2.3045796062992125
20
0.4760951968503937
11
2.3136995669291336
21
0.4863004330708661
0
LINE
8
BLACK
6
CONTINUOUS
10
2.3136995669291336
20
0.4863004330708661
11
2.3239048031496061
21
0.4954203937007874
0
LINE
8
BLACK
6
CONTINUOUS
10
2.3239048031496061
20
0.4954203937007874
11
2.3350669685039369
21
0.5033403543307087
0
LINE
8
BLACK
6
CONTINUOUS
10
2.3350669685039369
20
0.5033403543307087
11
2.3470456692913384
21
0.509960748031496
0
LINE
8
BLACK
6
CONTINUOUS
10
2.3470456692913384
20
0.509960748031496
11
2.3596903543307084
21
0.5151983464566929
0
LINE
8
BLACK
6
CONTINUOUS
10
2.3596903543307084
20
0.5151983464566929
11
2.3728419291338581
21
0.5189872834645669
0
LINE
8
BLACK
6
CONTINUOUS
10
2.3728419291338581
20
0.5189872834645669
11
2.3863350393700786
21
0.5212798425196851
0
LINE
8
BLACK
6
CONTINUOUS
10
2.3863350393700786
20
0.5212798425196851
11
2.3999999999999999
21
0.5220472440944882
0
LINE
8
BLACK
6
CONTINUOUS
10
2.3999999999999999
20
0.5220472440944882
11
2.4136649606299212
21
0.5212798425196851
0
LINE
8
BLACK
6
CONTINUOUS
10
0.7952074015748032
20
0.4878892913385827
11
0.7964846850393701
21
0.4870358661417323
0
LINE
8
BLACK
6
CONTINUOUS
10
0.7964846850393701
20
0.4870358661417323
11
0.7973381102362205
21
0.4857585826771653
0
LINE
8
BLACK
6
CONTINUOUS
10
0.7973381102362205
20
0.4857585826771653
11
0.7976377952755905
21
0.484251968503937
0
LINE
8
BLACK
6
CONTINUOUS
10
0.7976377952755905
20
0.484251968503937
11
0.7976377952755905
21
0.3976377952755906
0
LINE
8
BLACK
6
CONTINUOUS
10
0.7976377952755905
20
0.3976377952755906
11
0.8842519685039369
21
0.3976377952755906
0
LINE
8
BLACK
6
CONTINUOUS
10
0.8842519685039369
20
0.3976377952755906
11
0.8857585826771653
21
0.3973381102362205
0
LINE
8
BLACK
6
CONTINUOUS
10
0.8857585826771653
20
0.3973381102362205
11
0.8870358661417322
21
0.3964846850393701
0
LINE
8
BLACK
6
CONTINUOUS
10
0.8870358661417322
20
0.3964846850393701
11
0.8878892913385826
21
0.3952074015748032
0
LINE
8
BLACK
6
CONTINUOUS
10
0.8878892913385826
20
0.3952074015748032
11
0.8881889763779527
21
0.3937007874015748
0
LINE
8
BLACK
6
CONTINUOUS
10
0.8881889763779527
20
0.3937007874015748
11
0.8881889763779527
21
0.3543307086614173
0
LINE
8
BLACK
6
CONTINUOUS
10
0.8881889763779527
20
0.3543307086614173
11
0.8878892913385826
21
0.352824094488189
0
LINE
8
BLACK
6
CONTINUOUS
10
0.8878892913385826
20
0.352824094488189
11
0.8870358661417322
21
0.3515468110236221
0
LINE
8
BLACK
6
CONTINUOUS
10
0.8870358661417322
20
0.3515468110236221
11
0.8857585826771653
21
0.3506933858267716
0
LINE
8
BLACK
6
CONTINUOUS
10
0.8857585826771653
20
0.3506933858267716
11
0.8842519685039369
21
0.3503937007874016
0
LINE
8
BLACK
6
CONTINUOUS
10
0.8842519685039369
20
0.3503937007874016
11
0.7937007874015748
21
0.3503937007874016
0
LINE
8
BLACK
6
CONTINUOUS
10
0.7937007874015748
20
0.3503937007874016
11
0.7543307086614173
21
0.3503937007874016
0
LINE
8
BLACK
6
CONTINUOUS
10
0.7543307086614173
20
0.3503937007874016
11
0.752824094488189
21
0.3506933858267716
0
LINE
8
BLACK
6
CONTINUOUS
10
0.752824094488189
20
0.3506933858267716
11
0.7515468110236221
21
0.3515468110236221
0
LINE
8
BLACK
6
CONTINUOUS
10
0.7515468110236221
20
0.3515468110236221
11
0.7506933858267716
21
0.352824094488189
0
LINE
8
BLACK
6
CONTINUOUS
10
0.7506933858267716
20
0.352824094488189
11
0.7503937007874015
21
0.3543307086614173
0
LINE
8
BLACK
6
CONTINUOUS
10
0.7503937007874015
20
0.3543307086614173
11
0.7503937007874015
21
0.3937007874015748
0
LINE
8
BLACK
6
CONTINUOUS
10
0.7503937007874015
20
0.3937007874015748
11
0.7503937007874015
21
0.484251968503937
0
LINE
8
BLACK
6
CONTINUOUS
10
0.7503937007874015
20
0.484251968503937
11
0.7506933858267716
21
0.4857585826771653
0
LINE
8
BLACK
6
CONTINUOUS
10
0.7506933858267716
20
0.4857585826771653
11
0.7515468110236221
21
0.4870358661417323
0
LINE
8
BLACK
6
CONTINUOUS
10
0.7515468110236221
20
0.4870358661417323
11
0.752824094488189
21
0.4878892913385827
0
LINE
8
BLACK
6
CONTINUOUS
10
0.752824094488189
20
0.4878892913385827
11
0.7543307086614173
21
0.4881889763779527
0
LINE
8
BLACK
6
CONTINUOUS
10
0.7543307086614173
20
0.4881889763779527
11
0.7937007874015748
21
0.4881889763779527
0
LINE
8
BLACK
6
CONTINUOUS
10
0.7937007874015748
20
0.4881889763779527
11
0.7952074015748032
21
0.4878892913385827
0
LINE
8
BLACK
6
CONTINUOUS
10
1.1219790551181101
20
0.3973381102362205
11
1.123256338582677
21
0.3964846850393701
0
LINE
8
BLACK
6
CONTINUOUS
10
1.123256338582677
20
0.3964846850393701
11
1.1241097637795274
21
0.3952074015748032
0
LINE
8
BLACK
6
CONTINUOUS
10
1.1241097637795274
20
0.3952074015748032
11
1.1244094488188976
21
0.3937007874015748
0
LINE
8
BLACK
6
CONTINUOUS
10
1.1244094488188976
20
0.3937007874015748
11
1.1244094488188976
21
0.3543307086614173
0
LINE
8
BLACK
6
CONTINUOUS
10
1.1244094488188976
20
0.3543307086614173
11
1.1241097637795274
21
0.352824094488189
0
LINE
8
BLACK
6
CONTINUOUS
10
1.1241097637795274
20
0.352824094488189
11
1.123256338582677
21
0.3515468110236221
0
LINE
8
BLACK
6
CONTINUOUS
10
1.123256338582677
20
0.3515468110236221
11
1.1219790551181101
21
0.3506933858267716
0
LINE
8
BLACK
6
CONTINUOUS
10
1.1219790551181101
20
0.3506933858267716
11
1.1204724409448819
21
0.3503937007874016
0
LINE
8
BLACK
6
CONTINUOUS
10
1.1204724409448819
20
0.3503937007874016
11
0.9708661417322835
21
0.3503937007874016
0
LINE
8
BLACK
6
CONTINUOUS
10
0.9708661417322835
20
0.3503937007874016
11
0.9693595275590551
21
0.3506933858267716
0
LINE
8
BLACK
6
CONTINUOUS
10
0.9693595275590551
20
0.3506933858267716
11
0.9680822440944882
21
0.3515468110236221
0
LINE
8
BLACK
6
CONTINUOUS
10
0.9680822440944882
20
0.3515468110236221
11
0.9672288188976378
21
0.352824094488189
0
LINE
8
BLACK
6
CONTINUOUS
10
0.9672288188976378
20
0.352824094488189
11
0.9669291338582677
21
0.3543307086614173
0
LINE
8
BLACK
6
CONTINUOUS
10
0.9669291338582677
20
0.3543307086614173
11
0.9669291338582677
21
0.3937007874015748
0
LINE
8
BLACK
6
CONTINUOUS
10
0.9669291338582677
20
0.3937007874015748
11
0.9672288188976378
21
0.3952074015748032
0
LINE
8
BLACK
6
CONTINUOUS
10
0.9672288188976378
20
0.3952074015748032
11
0.9680822440944882
21
0.3964846850393701
0
LINE
8
BLACK
6
CONTINUOUS
10
0.9680822440944882
20
0.3964846850393701
11
0.9693595275590551
21
0.3973381102362205
0
LINE
8
BLACK
6
CONTINUOUS
10
0.9693595275590551
20
0.3973381102362205
11
0.9708661417322835
21
0.3976377952755906
0
LINE
8
BLACK
6
CONTINUOUS
10
0.9708661417322835
20
0.3976377952755906
11
1.1204724409448819
21
0.3976377952755906
0
LINE
8
BLACK
6
CONTINUOUS
10
1.1204724409448819
20
0.3976377952755906
11
1.1219790551181101
21
0.3973381102362205
0
LINE
8
BLACK
6
CONTINUOUS
10
1.358199527559055
20
0.3973381102362205
11
1.3594768110236219
21
0.3964846850393701
0
LINE
8
BLACK
6
CONTINUOUS
10
1.3594768110236219
20
0.3964846850393701
11
1.3603302362204723
21
0.3952074015748032
0
LINE
8
BLACK
6
CONTINUOUS
10
1.3603302362204723
20
0.3952074015748032
11
1.3606299212598425
21
0.3937007874015748
0
LINE
8
BLACK
6
CONTINUOUS
10
1.3606299212598425
20
0.3937007874015748
11
1.3606299212598425
21
0.3543307086614173
0
LINE
8
BLACK
6
CONTINUOUS
10
1.3606299212598425
20
0.3543307086614173
11
1.3603302362204723
21
0.352824094488189
0
LINE
8
BLACK
6
CONTINUOUS
10
1.3603302362204723
20
0.352824094488189
11
1.3594768110236219
21
0.3515468110236221
0
LINE
8
BLACK
6
CONTINUOUS
10
1.3594768110236219
20
0.3515468110236221
11
1.358199527559055
21
0.3506933858267716
0
LINE
8
BLACK
6
CONTINUOUS
10
1.358199527559055
20
0.3506933858267716
11
1.3566929133858268
21
0.3503937007874016
0
LINE
8
BLACK
6
CONTINUOUS
10
1.3566929133858268
20
0.3503937007874016
11
1.2070866141732284
21
0.3503937007874016
0
LINE
8
BLACK
6
CONTINUOUS
10
1.2070866141732284
20
0.3503937007874016
11
1.2055799999999999
21
0.3506933858267716
0
LINE
8
BLACK
6
CONTINUOUS
10
1.2055799999999999
20
0.3506933858267716
11
1.204302716535433
21
0.3515468110236221
0
LINE
8
BLACK
6
CONTINUOUS
10
1.204302716535433
20
0.3515468110236221
11
1.2034492913385826
21
0.352824094488189
0
LINE
8
BLACK
6
CONTINUOUS
10
1.2034492913385826
20
0.352824094488189
11
1.2031496062992126
21
0.3543307086614173
0
LINE
8
BLACK
6
CONTINUOUS
10
1.2031496062992126
20
0.3543307086614173
11
1.2031496062992126
21
0.3937007874015748
0
LINE
8
BLACK
6
CONTINUOUS
10
1.2031496062992126
20
0.3937007874015748
11
1.2034492913385826
21
0.3952074015748032
0
LINE
8
BLACK
6
CONTINUOUS
10
1.2034492913385826
20
0.3952074015748032
11
1.204302716535433
21
0.3964846850393701
0
LINE
8
BLACK
6
CONTINUOUS
10
1.204302716535433
20
0.3964846850393701
11
1.2055799999999999
21
0.3973381102362205
0
LINE
8
BLACK
6
CONTINUOUS
10
1.2055799999999999
20
0.3973381102362205
11
1.2070866141732284
21
0.3976377952755906
0
LINE
8
BLACK
6
CONTINUOUS
10
1.2070866141732284
20
0.3976377952755906
11
1.3566929133858268
21
0.3976377952755906
0
LINE
8
BLACK
6
CONTINUOUS
10
1.3566929133858268
20
0.3976377952755906
11
1.358199527559055
21
0.3973381102362205
0
LINE
8
BLACK
6
CONTINUOUS
10
1.5944199999999999
20
0.3973381102362205
11
1.5956972834645669
21
0.3964846850393701
0
LINE
8
BLACK
6
CONTINUOUS
10
1.5956972834645669
20
0.3964846850393701
11
1.5965507086614172
21
0.3952074015748032
0
LINE
8
BLACK
6
CONTINUOUS
10
1.5965507086614172
20
0.3952074015748032
11
1.5968503937007874
21
0.3937007874015748
0
LINE
8
BLACK
6
CONTINUOUS
10
1.5968503937007874
20
0.3937007874015748
11
1.5968503937007874
21
0.3543307086614173
0
LINE
8
BLACK
6
CONTINUOUS
10
1.5968503937007874
20
0.3543307086614173
11
1.5965507086614172
21
0.352824094488189
0
LINE
8
BLACK
6
CONTINUOUS
10
1.5965507086614172
20
0.352824094488189
11
1.5956972834645669
21
0.3515468110236221
0
LINE
8
BLACK
6
CONTINUOUS
10
1.5956972834645669
20
0.3515468110236221
11
1.5944199999999999
21
0.3506933858267716
0
LINE
8
BLACK
6
CONTINUOUS
10
1.5944199999999999
20
0.3506933858267716
11
1.5929133858267717
21
0.3503937007874016
0
LINE
8
BLACK
6
CONTINUOUS
10
1.5929133858267717
20
0.3503937007874016
11
1.4433070866141733
21
0.3503937007874016
0
LINE
8
BLACK
6
CONTINUOUS
10
1.4433070866141733
20
0.3503937007874016
11
1.4418004724409448
21
0.3506933858267716
0
LINE
8
BLACK
6
CONTINUOUS
10
1.4418004724409448
20
0.3506933858267716
11
1.4405231889763779
21
0.3515468110236221
0
LINE
8
BLACK
6
CONTINUOUS
10
1.4405231889763779
20
0.3515468110236221
11
1.4396697637795275
21
0.352824094488189
0
LINE
8
BLACK
6
CONTINUOUS
10
1.4396697637795275
20
0.352824094488189
11
1.4393700787401575
21
0.3543307086614173
0
LINE
8
BLACK
6
CONTINUOUS
10
1.4393700787401575
20
0.3543307086614173
11
1.4393700787401575
21
0.3937007874015748
0
LINE
8
BLACK
6
CONTINUOUS
10
1.4393700787401575
20
0.3937007874015748
11
1.4396697637795275
21
0.3952074015748032
0
LINE
8
BLACK
6
CONTINUOUS
10
1.4396697637795275
20
0.3952074015748032
11
1.4405231889763779
21
0.3964846850393701
0
LINE
8
BLACK
6
CONTINUOUS
10
1.4405231889763779
20
0.3964846850393701
11
1.4418004724409448
21
0.3973381102362205
0
LINE
8
BLACK
6
CONTINUOUS
10
1.4418004724409448
20
0.3973381102362205
11
1.4433070866141733
21
0.3976377952755906
0
LINE
8
BLACK
6
CONTINUOUS
10
1.4433070866141733
20
0.3976377952755906
11
1.5929133858267717
21
0.3976377952755906
0
LINE
8
BLACK
6
CONTINUOUS
10
1.5929133858267717
20
0.3976377952755906
11
1.5944199999999999
21
0.3973381102362205
0
LINE
8
BLACK
6
CONTINUOUS
10
1.8306404724409449
20
0.3973381102362205
11
1.8319177559055118
21
0.3964846850393701
0
LINE
8
BLACK
6
CONTINUOUS
10
1.8319177559055118
20
0.3964846850393701
11
1.8327711811023621
21
0.3952074015748032
0
LINE
8
BLACK
6
CONTINUOUS
10
1.8327711811023621
20
0.3952074015748032
11
1.8330708661417323
21
0.3937007874015748
0
LINE
8
BLACK
6
CONTINUOUS
10
1.8330708661417323
20
0.3937007874015748
11
1.8330708661417323
21
0.3543307086614173
0
LINE
8
BLACK
6
CONTINUOUS
10
1.8330708661417323
20
0.3543307086614173
11
1.8327711811023621
21
0.352824094488189
0
LINE
8
BLACK
6
CONTINUOUS
10
1.8327711811023621
20
0.352824094488189
11
1.8319177559055118
21
0.3515468110236221
0
LINE
8
BLACK
6
CONTINUOUS
10
1.8319177559055118
20
0.3515468110236221
11
1.8306404724409449
21
0.3506933858267716
0
LINE
8
BLACK
6
CONTINUOUS
10
1.8306404724409449
20
0.3506933858267716
11
1.8291338582677166
21
0.3503937007874016
0
LINE
8
BLACK
6
CONTINUOUS
10
1.8291338582677166
20
0.3503937007874016
11
1.679527559055118
21
0.3503937007874016
0
LINE
8
BLACK
6
CONTINUOUS
10
1.679527559055118
20
0.3503937007874016
11
1.6780209448818897
21
0.3506933858267716
0
LINE
8
BLACK
6
CONTINUOUS
10
1.6780209448818897
20
0.3506933858267716
11
1.6767436614173228
21
0.3515468110236221
0
LINE
8
BLACK
6
CONTINUOUS
10
1.6767436614173228
20
0.3515468110236221
11
1.6758902362204724
21
0.352824094488189
0
LINE
8
BLACK
6
CONTINUOUS
10
1.6758902362204724
20
0.352824094488189
11
1.6755905511811022
21
0.3543307086614173
0
LINE
8
BLACK
6
CONTINUOUS
10
1.6755905511811022
20
0.3543307086614173
11
1.6755905511811022
21
0.3937007874015748
0
LINE
8
BLACK
6
CONTINUOUS
10
1.6755905511811022
20
0.3937007874015748
11
1.6758902362204724
21
0.3952074015748032
0
LINE
8
BLACK
6
CONTINUOUS
10
1.6758902362204724
20
0.3952074015748032
11
1.6767436614173228
21
0.3964846850393701
0
LINE
8
BLACK
6
CONTINUOUS
10
1.6767436614173228
20
0.3964846850393701
11
1.6780209448818897
21
0.3973381102362205
0
LINE
8
BLACK
6
CONTINUOUS
10
1.6780209448818897
20
0.3973381102362205
11
1.679527559055118
21
0.3976377952755906
0
LINE
8
BLACK
6
CONTINUOUS
10
1.679527559055118
20
0.3976377952755906
11
1.8291338582677166
21
0.3976377952755906
0
LINE
8
BLACK
6
CONTINUOUS
10
1.8291338582677166
20
0.3976377952755906
11
1.8306404724409449
21
0.3973381102362205
0
LINE
8
BLACK
6
CONTINUOUS
10
2.0471759055118111
20
0.4878892913385827
11
2.048453188976378
21
0.4870358661417323
0
LINE
8
BLACK
6
CONTINUOUS
10
2.048453188976378
20
0.4870358661417323
11
2.0493066141732283
21
0.4857585826771653
0
LINE
8
BLACK
6
CONTINUOUS
10
2.0493066141732283
20
0.4857585826771653
11
2.0496062992125985
21
0.484251968503937
0
LINE
8
BLACK
6
CONTINUOUS
10
2.0496062992125985
20
0.484251968503937
11
2.0496062992125985
21
0.3937007874015748
0
LINE
8
BLACK
6
CONTINUOUS
10
2.0496062992125985
20
0.3937007874015748
11
2.0496062992125985
21
0.3543307086614173
0
LINE
8
BLACK
6
CONTINUOUS
10
2.0496062992125985
20
0.3543307086614173
11
2.0493066141732283
21
0.352824094488189
0
LINE
8
BLACK
6
CONTINUOUS
10
2.0493066141732283
20
0.352824094488189
11
2.048453188976378
21
0.3515468110236221
0
LINE
8
BLACK
6
CONTINUOUS
10
2.048453188976378
20
0.3515468110236221
11
2.0471759055118111
21
0.3506933858267716
0
LINE
8
BLACK
6
CONTINUOUS
10
2.0471759055118111
20
0.3506933858267716
11
2.0456692913385828
21
0.3503937007874016
0
LINE
8
BLACK
6
CONTINUOUS
10
2.0456692913385828
20
0.3503937007874016
11
2.0062992125984254
21
0.3503937007874016
0
LINE
8
BLACK
6
CONTINUOUS
10
2.0062992125984254
20
0.3503937007874016
11
1.9157480314960629
21
0.3503937007874016
0
LINE
8
BLACK
6
CONTINUOUS
10
1.9157480314960629
20
0.3503937007874016
11
1.9142414173228346
21
0.3506933858267716
0
LINE
8
BLACK
6
CONTINUOUS
10
1.9142414173228346
20
0.3506933858267716
11
1.9129641338582677
21
0.3515468110236221
0
LINE
8
BLACK
6
CONTINUOUS
10
1.9129641338582677
20
0.3515468110236221
11
1.9121107086614173
21
0.352824094488189
0
LINE
8
BLACK
6
CONTINUOUS
10
1.9121107086614173
20
0.352824094488189
11
1.9118110236220471
21
0.3543307086614173
0
LINE
8
BLACK
6
CONTINUOUS
10
1.9118110236220471
20
0.3543307086614173
11
1.9118110236220471
21
0.3937007874015748
0
LINE
8
BLACK
6
CONTINUOUS
10
1.9118110236220471
20
0.3937007874015748
11
1.9121107086614173
21
0.3952074015748032
0
LINE
8
BLACK
6
CONTINUOUS
10
1.9121107086614173
20
0.3952074015748032
11
1.9129641338582677
21
0.3964846850393701
0
LINE
8
BLACK
6
CONTINUOUS
10
1.9129641338582677
20
0.3964846850393701
11
1.9142414173228346
21
0.3973381102362205
0
LINE
8
BLACK
6
CONTINUOUS
10
1.9142414173228346
20
0.3973381102362205
11
1.9157480314960629
21
0.3976377952755906
0
LINE
8
BLACK
6
CONTINUOUS
10
1.9157480314960629
20
0.3976377952755906
11
2.0023622047244096
21
0.3976377952755906
0
LINE
8
BLACK
6
CONTINUOUS
10
2.0023622047244096
20
0.3976377952755906
11
2.0023622047244096
21
0.484251968503937
0
LINE
8
BLACK
6
CONTINUOUS
10
2.0023622047244096
20
0.484251968503937
11
2.0026618897637793
21
0.4857585826771653
0
LINE
8
BLACK
6
CONTINUOUS
10
2.0026618897637793
20
0.4857585826771653
11
2.0035153149606297
21
0.4870358661417323
0
LINE
8
BLACK
6
CONTINUOUS
10
2.0035153149606297
20
0.4870358661417323
11
2.0047925984251966
21
0.4878892913385827
0
LINE
8
BLACK
6
CONTINUOUS
10
2.0047925984251966
20
0.4878892913385827
11
2.0062992125984254
21
0.4881889763779527
0
LINE
8
BLACK
6
CONTINUOUS
10
2.0062992125984254
20
0.4881889763779527
11
2.0456692913385828
21
0.4881889763779527
0
LINE
8
BLACK
6
CONTINUOUS
10
2.0456692913385828
20
0.4881889763779527
11
2.0471759055118111
21
0.4878892913385827
0
LINE
8
BLACK
6
CONTINUOUS
10
1.4440262992125983
20
0.5433405511811024
11
1.4481014566929133
21
0.5413483070866142
0
LINE
8
BLACK
6
CONTINUOUS
10
1.4481014566929133
20
0.5413483070866142
11
1.451308937007874
21
0.5381408267716535
0
LINE
8
BLACK
6
CONTINUOUS
10
1.451308937007874
20
0.5381408267716535
11
1.4533011811023622
21
0.5340656692913386
0
LINE
8
BLACK
6
CONTINUOUS
10
1.4533011811023622
20
0.5340656692913386
11
1.4538740157480314
21
0.5301338582677165
0
LINE
8
BLACK
6
CONTINUOUS
10
1.4538740157480314
20
0.5301338582677165
11
1.4538740157480314
21
0.4927322834645669
0
LINE
8
BLACK
6
CONTINUOUS
10
1.4538740157480314
20
0.4927322834645669
11
1.4533011811023622
21
0.4888004724409449
0
LINE
8
BLACK
6
CONTINUOUS
10
1.4533011811023622
20
0.4888004724409449
11
1.451308937007874
21
0.4847253149606299
0
LINE
8
BLACK
6
CONTINUOUS
10
1.451308937007874
20
0.4847253149606299
11
1.4481014566929133
21
0.4815178346456693
0
LINE
8
BLACK
6
CONTINUOUS
10
1.4481014566929133
20
0.4815178346456693
11
1.4440262992125983
21
0.4795255905511811
0
LINE
8
BLACK
6
CONTINUOUS
10
1.4440262992125983
20
0.4795255905511811
11
1.4400944881889763
21
0.4789527559055118
0
LINE
8
BLACK
6
CONTINUOUS
10
1.4400944881889763
20
0.4789527559055118
11
1.4204094488188976
21
0.4789527559055118
0
LINE
8
BLACK
6
CONTINUOUS
10
1.4204094488188976
20
0.4789527559055118
11
1.4164776377952755
21
0.4795255905511811
0
LINE
8
BLACK
6
CONTINUOUS
10
1.4164776377952755
20
0.4795255905511811
11
1.4124024803149606
21
0.4815178346456693
0
LINE
8
BLACK
6
CONTINUOUS
10
1.4124024803149606
20
0.4815178346456693
11
1.409195
21
0.4847253149606299
0
LINE
8
BLACK
6
CONTINUOUS
10
1.409195
20
0.4847253149606299
11
1.4072027559055118
21
0.4888004724409449
0
LINE
8
BLACK
6
CONTINUOUS
10
1.4072027559055118
20
0.4888004724409449
11
1.4066299212598425
21
0.4927322834645669
0
LINE
8
BLACK
6
CONTINUOUS
10
1.4066299212598425
20
0.4927322834645669
11
1.4066299212598425
21
0.5301338582677165
0
LINE
8
BLACK
6
CONTINUOUS
10
1.4066299212598425
20
0.5301338582677165
11
1.4072027559055118
21
0.5340656692913386
0
LINE
8
BLACK
6
CONTINUOUS
10
1.4072027559055118
20
0.5340656692913386
11
1.409195
21
0.5381408267716535
0
LINE
8
BLACK
6
CONTINUOUS
10
1.409195
20
0.5381408267716535
11
1.4124024803149606
21
0.5413483070866142
0
LINE
8
BLACK
6
CONTINUOUS
10
1.4124024803149606
20
0.5413483070866142
11
1.4164776377952755
21
0.5433405511811024
0
LINE
8
BLACK
6
CONTINUOUS
10
1.4164776377952755
20
0.5433405511811024
11
1.4204094488188976
21
0.5439133858267716
0
LINE
8
BLACK
6
CONTINUOUS
10
1.4204094488188976
20
0.5439133858267716
11
1.4400944881889763
21
0.5439133858267716
0
LINE
8
BLACK
6
CONTINUOUS
10
1.4400944881889763
20
0.5439133858267716
11
1.4440262992125983
21
0.5433405511811024
0
LINE
8
BLACK
6
CONTINUOUS
10
1.5188294488188976
20
0.5433405511811024
11
1.5229046062992126
21
0.5413483070866142
0
LINE
8
BLACK
6
CONTINUOUS
10
1.5229046062992126
20
0.5413483070866142
11
1.5261120866141733
21
0.5381408267716535
0
LINE
8
BLACK
6
CONTINUOUS
10
1.5261120866141733
20
0.5381408267716535
11
1.5281043307086615
21
0.5340656692913386
0
LINE
8
BLACK
6
CONTINUOUS
10
1.5281043307086615
20
0.5340656692913386
11
1.5286771653543307
21
0.5301338582677165
0
LINE
8
BLACK
6
CONTINUOUS
10
1.5286771653543307
20
0.5301338582677165
11
1.5286771653543307
21
0.4927322834645669
0
LINE
8
BLACK
6
CONTINUOUS
10
1.5286771653543307
20
0.4927322834645669
11
1.5281043307086615
21
0.4888004724409449
0
LINE
8
BLACK
6
CONTINUOUS
10
1.5281043307086615
20
0.4888004724409449
11
1.5261120866141733
21
0.4847253149606299
0
LINE
8
BLACK
6
CONTINUOUS
10
1.5261120866141733
20
0.4847253149606299
11
1.5229046062992126
21
0.4815178346456693
0
LINE
8
BLACK
6
CONTINUOUS
10
1.5229046062992126
20
0.4815178346456693
11
1.5188294488188976
21
0.4795255905511811
0
LINE
8
BLACK
6
CONTINUOUS
10
1.5188294488188976
20
0.4795255905511811
11
1.5148976377952756
21
0.4789527559055118
0
LINE
8
BLACK
6
CONTINUOUS
10
1.5148976377952756
20
0.4789527559055118
11
1.4952125984251967
21
0.4789527559055118
0
LINE
8
BLACK
6
CONTINUOUS
10
1.4952125984251967
20
0.4789527559055118
11
1.4912807874015748
21
0.4795255905511811
0
LINE
8
BLACK
6
CONTINUOUS
10
1.4912807874015748
20
0.4795255905511811
11
1.4872056299212597
21
0.4815178346456693
0
LINE
8
BLACK
6
CONTINUOUS
10
1.4872056299212597
20
0.4815178346456693
11
1.4839981496062993
21
0.4847253149606299
0
LINE
8
BLACK
6
CONTINUOUS
10
1.4839981496062993
20
0.4847253149606299
11
1.4820059055118109
21
0.4888004724409449
0
LINE
8
BLACK
6
CONTINUOUS
10
1.4820059055118109
20
0.4888004724409449
11
1.4814330708661416
21
0.4927322834645669
0
LINE
8
BLACK
6
CONTINUOUS
10
1.4814330708661416
20
0.4927322834645669
11
1.4814330708661416
21
0.5301338582677165
0
LINE
8
BLACK
6
CONTINUOUS
10
1.4814330708661416
20
0.5301338582677165
11
1.4820059055118109
21
0.5340656692913386
0
LINE
8
BLACK
6
CONTINUOUS
10
1.4820059055118109
20
0.5340656692913386
11
1.4839981496062993
21
0.5381408267716535
0
LINE
8
BLACK
6
CONTINUOUS
10
1.4839981496062993
20
0.5381408267716535
11
1.4872056299212597
21
0.5413483070866142
0
LINE
8
BLACK
6
CONTINUOUS
10
1.4872056299212597
20
0.5413483070866142
11
1.4912807874015748
21
0.5433405511811024
0
LINE
8
BLACK
6
CONTINUOUS
10
1.4912807874015748
20
0.5433405511811024
11
1.4952125984251967
21
0.5439133858267716
0
LINE
8
BLACK
6
CONTINUOUS
10
1.4952125984251967
20
0.5439133858267716
11
1.5148976377952756
21
0.5439133858267716
0
LINE
8
BLACK
6
CONTINUOUS
10
1.5148976377952756
20
0.5439133858267716
11
1.5188294488188976
21
0.5433405511811024
0
LINE
8
BLACK
6
CONTINUOUS
10
1.7015382283464566
20
0.5616681102362204
11
1.704731377952756
21
0.5595345275590551
0
LINE
8
BLACK
6
CONTINUOUS
10
1.704731377952756
20
0.5595345275590551
11
1.7068649606299213
21
0.5563413779527558
0
LINE
8
BLACK
6
CONTINUOUS
10
1.7068649606299213
20
0.5563413779527558
11
1.7076141732283465
21
0.5525748031496063
0
LINE
8
BLACK
6
CONTINUOUS
10
1.7076141732283465
20
0.5525748031496063
11
1.7076141732283465
21
0.5407637795275591
0
LINE
8
BLACK
6
CONTINUOUS
10
1.7076141732283465
20
0.5407637795275591
11
1.7068649606299213
21
0.5369972047244095
0
LINE
8
BLACK
6
CONTINUOUS
10
1.7068649606299213
20
0.5369972047244095
11
1.704731377952756
21
0.5338040551181102
0
LINE
8
BLACK
6
CONTINUOUS
10
1.704731377952756
20
0.5338040551181102
11
1.7015382283464566
21
0.5316704724409449
0
LINE
8
BLACK
6
CONTINUOUS
10
1.7015382283464566
20
0.5316704724409449
11
1.6977716535433069
21
0.5309212598425197
0
LINE
8
BLACK
6
CONTINUOUS
10
1.6977716535433069
20
0.5309212598425197
11
1.6574173228346456
21
0.5309212598425197
0
LINE
8
BLACK
6
CONTINUOUS
10
1.6574173228346456
20
0.5309212598425197
11
1.6536507480314959
21
0.5316704724409449
0
LINE
8
BLACK
6
CONTINUOUS
10
1.6536507480314959
20
0.5316704724409449
11
1.6504575984251968
21
0.5338040551181102
0
LINE
8
BLACK
6
CONTINUOUS
10
1.6504575984251968
20
0.5338040551181102
11
1.6483240157480314
21
0.5369972047244095
0
LINE
8
BLACK
6
CONTINUOUS
10
1.6483240157480314
20
0.5369972047244095
11
1.6475748031496062
21
0.5407637795275591
0
LINE
8
BLACK
6
CONTINUOUS
10
1.6475748031496062
20
0.5407637795275591
11
1.6475748031496062
21
0.5525748031496063
0
LINE
8
BLACK
6
CONTINUOUS
10
1.6475748031496062
20
0.5525748031496063
11
1.6483240157480314
21
0.5563413779527558
0
LINE
8
BLACK
6
CONTINUOUS
10
1.6483240157480314
20
0.5563413779527558
11
1.6504575984251968
21
0.5595345275590551
0
LINE
8
BLACK
6
CONTINUOUS
10
1.6504575984251968
20
0.5595345275590551
11
1.6536507480314959
21
0.5616681102362204
0
LINE
8
BLACK
6
CONTINUOUS
10
1.6536507480314959
20
0.5616681102362204
11
1.6574173228346456
21
0.5624173228346456
0
LINE
8
BLACK
6
CONTINUOUS
10
1.6574173228346456
20
0.5624173228346456
11
1.6977716535433069
21
0.5624173228346456
0
LINE
8
BLACK
6
CONTINUOUS
10
1.6977716535433069
20
0.5624173228346456
11
1.7015382283464566
21
0.5616681102362204
0
LINE
8
BLACK
6
CONTINUOUS
10
1.791105157480315
20
0.5616681102362204
11
1.7942983070866141
21
0.5595345275590551
0
LINE
8
BLACK
6
CONTINUOUS
10
1.7942983070866141
20
0.5595345275590551
11
1.7964318897637794
21
0.5563413779527558
0
LINE
8
BLACK
6
CONTINUOUS
10
1.7964318897637794
20
0.5563413779527558
11
1.7971811023622046
21
0.5525748031496063
0
LINE
8
BLACK
6
CONTINUOUS
10
1.7971811023622046
20
0.5525748031496063
11
1.7971811023622046
21
0.5407637795275591
0
LINE
8
BLACK
6
CONTINUOUS
10
1.7971811023622046
20
0.5407637795275591
11
1.7964318897637794
21
0.5369972047244095
0
LINE
8
BLACK
6
CONTINUOUS
10
1.7964318897637794
20
0.5369972047244095
11
1.7942983070866141
21
0.5338040551181102
0
LINE
8
BLACK
6
CONTINUOUS
10
1.7942983070866141
20
0.5338040551181102
11
1.791105157480315
21
0.5316704724409449
0
LINE
8
BLACK
6
CONTINUOUS
10
1.791105157480315
20
0.5316704724409449
11
1.7873385826771653
21
0.5309212598425197
0
LINE
8
BLACK
6
CONTINUOUS
10
1.7873385826771653
20
0.5309212598425197
11
1.7469842519685039
21
0.5309212598425197
0
LINE
8
BLACK
6
CONTINUOUS
10
1.7469842519685039
20
0.5309212598425197
11
1.7432176771653543
21
0.5316704724409449
0
LINE
8
BLACK
6
CONTINUOUS
10
1.7432176771653543
20
0.5316704724409449
11
1.7400245275590551
21
0.5338040551181102
0
LINE
8
BLACK
6
CONTINUOUS
10
1.7400245275590551
20
0.5338040551181102
11
1.7378909448818898
21
0.5369972047244095
0
LINE
8
BLACK
6
CONTINUOUS
10
1.7378909448818898
20
0.5369972047244095
11
1.7371417322834646
21
0.5407637795275591
0
LINE
8
BLACK
6
CONTINUOUS
10
1.7371417322834646
20
0.5407637795275591
11
1.7371417322834646
21
0.5525748031496063
0
LINE
8
BLACK
6
CONTINUOUS
10
1.7371417322834646
20
0.5525748031496063
11
1.7378909448818898
21
0.5563413779527558
0
LINE
8
BLACK
6
CONTINUOUS
10
1.7378909448818898
20
0.5563413779527558
11
1.7400245275590551
21
0.5595345275590551
0
LINE
8
BLACK
6
CONTINUOUS
10
1.7400245275590551
20
0.5595345275590551
11
1.7432176771653543
21
0.5616681102362204
0
LINE
8
BLACK
6
CONTINUOUS
10
1.7432176771653543
20
0.5616681102362204
11
1.7469842519685039
21
0.5624173228346456
0
LINE
8
BLACK
6
CONTINUOUS
10
1.7469842519685039
20
0.5624173228346456
11
1.7873385826771653
21
0.5624173228346456
0
LINE
8
BLACK
6
CONTINUOUS
10
1.7873385826771653
20
0.5624173228346456
11
1.791105157480315
21
0.5616681102362204
0
LINE
8
BLACK
6
CONTINUOUS
10
0.7952074015748032
20
0.7241097637795275
11
0.7964846850393701
21
0.7232563385826771
0
LINE
8
BLACK
6
CONTINUOUS
10
0.7964846850393701
20
0.7232563385826771
11
0.7973381102362205
21
0.7219790551181102
0
LINE
8
BLACK
6
CONTINUOUS
10
0.7973381102362205
20
0.7219790551181102
11
0.7976377952755905
21
0.7204724409448818
0
LINE
8
BLACK
6
CONTINUOUS
10
0.7976377952755905
20
0.7204724409448818
11
0.7976377952755905
21
0.5708661417322834
0
LINE
8
BLACK
6
CONTINUOUS
10
0.7976377952755905
20
0.5708661417322834
11
0.7973381102362205
21
0.5693595275590551
0
LINE
8
BLACK
6
CONTINUOUS
10
0.7973381102362205
20
0.5693595275590551
11
0.7964846850393701
21
0.5680822440944882
0
LINE
8
BLACK
6
CONTINUOUS
10
0.7964846850393701
20
0.5680822440944882
11
0.7952074015748032
21
0.5672288188976378
0
LINE
8
BLACK
6
CONTINUOUS
10
0.7952074015748032
20
0.5672288188976378
11
0.7937007874015748
21
0.5669291338582677
0
LINE
8
BLACK
6
CONTINUOUS
10
0.7937007874015748
20
0.5669291338582677
11
0.7543307086614173
21
0.5669291338582677
0
LINE
8
BLACK
6
CONTINUOUS
10
0.7543307086614173
20
0.5669291338582677
11
0.752824094488189
21
0.5672288188976378
0
LINE
8
BLACK
6
CONTINUOUS
10
0.752824094488189
20
0.5672288188976378
11
0.7515468110236221
21
0.5680822440944882
0
LINE
8
BLACK
6
CONTINUOUS
10
0.7515468110236221
20
0.5680822440944882
11
0.7506933858267716
21
0.5693595275590551
0
LINE
8
BLACK
6
CONTINUOUS
10
0.7506933858267716
20
0.5693595275590551
11
0.7503937007874015
21
0.5708661417322834
0
LINE
8
BLACK
6
CONTINUOUS
10
0.7503937007874015
20
0.5708661417322834
11
0.7503937007874015
21
0.7204724409448818
0
LINE
8
BLACK
6
CONTINUOUS
10
0.7503937007874015
20
0.7204724409448818
11
0.7506933858267716
21
0.7219790551181102
0
LINE
8
BLACK
6
CONTINUOUS
10
0.7506933858267716
20
0.7219790551181102
11
0.7515468110236221
21
0.7232563385826771
0
LINE
8
BLACK
6
CONTINUOUS
10
0.7515468110236221
20
0.7232563385826771
11
0.752824094488189
21
0.7241097637795275
0
LINE
8
BLACK
6
CONTINUOUS
10
0.752824094488189
20
0.7241097637795275
11
0.7543307086614173
21
0.7244094488188976
0
LINE
8
BLACK
6
CONTINUOUS
10
0.7543307086614173
20
0.7244094488188976
11
0.7937007874015748
21
0.7244094488188976
0
LINE
8
BLACK
6
CONTINUOUS
10
0.7937007874015748
20
0.7244094488188976
11
0.7952074015748032
21
0.7241097637795275
0
LINE
8
BLACK
6
CONTINUOUS
10
2.0471759055118111
20
0.7241097637795275
11
2.048453188976378
21
0.7232563385826771
0
LINE
8
BLACK
6
CONTINUOUS
10
2.048453188976378
20
0.7232563385826771
11
2.0493066141732283
21
0.7219790551181102
0
LINE
8
BLACK
6
CONTINUOUS
10
2.0493066141732283
20
0.7219790551181102
11
2.0496062992125985
21
0.7204724409448818
0
LINE
8
BLACK
6
CONTINUOUS
10
2.0496062992125985
20
0.7204724409448818
11
2.0496062992125985
21
0.5708661417322834
0
LINE
8
BLACK
6
CONTINUOUS
10
2.0496062992125985
20
0.5708661417322834
11
2.0493066141732283
21
0.5693595275590551
0
LINE
8
BLACK
6
CONTINUOUS
10
2.0493066141732283
20
0.5693595275590551
11
2.048453188976378
21
0.5680822440944882
0
LINE
8
BLACK
6
CONTINUOUS
10
2.048453188976378
20
0.5680822440944882
11
2.0471759055118111
21
0.5672288188976378
0
LINE
8
BLACK
6
CONTINUOUS
10
2.0471759055118111
20
0.5672288188976378
11
2.0456692913385828
21
0.5669291338582677
0
LINE
8
BLACK
6
CONTINUOUS
10
2.0456692913385828
20
0.5669291338582677
11
2.0062992125984254
21
0.5669291338582677
0
LINE
8
BLACK
6
CONTINUOUS
10
2.0062992125984254
20
0.5669291338582677
11
2.0047925984251966
21
0.5672288188976378
0
LINE
8
BLACK
6
CONTINUOUS
10
2.0047925984251966
20
0.5672288188976378
11
2.0035153149606297
21
0.5680822440944882
0
LINE
8
BLACK
6
CONTINUOUS
10
2.0035153149606297
20
0.5680822440944882
11
2.0026618897637793
21
0.5693595275590551
0
LINE
8
BLACK
6
CONTINUOUS
10
2.0026618897637793
20
0.5693595275590551
11
2.0023622047244096
21
0.5708661417322834
0
LINE
8
BLACK
6
CONTINUOUS
10
2.0023622047244096
20
0.5708661417322834
11
2.0023622047244096
21
0.7204724409448818
0
LINE
8
BLACK
6
CONTINUOUS
10
2.0023622047244096
20
0.7204724409448818
11
2.0026618897637793
21
0.7219790551181102
0
LINE
8
BLACK
6
CONTINUOUS
10
2.0026618897637793
20
0.7219790551181102
11
2.0035153149606297
21
0.7232563385826771
0
LINE
8
BLACK
6
CONTINUOUS
10
2.0035153149606297
20
0.7232563385826771
11
2.0047925984251966
21
0.7241097637795275
0
LINE
8
BLACK
6
CONTINUOUS
10
2.0047925984251966
20
0.7241097637795275
11
2.0062992125984254
21
0.7244094488188976
0
LINE
8
BLACK
6
CONTINUOUS
10
2.0062992125984254
20
0.7244094488188976
11
2.0456692913385828
21
0.7244094488188976
0
LINE
8
BLACK
6
CONTINUOUS
10
2.0456692913385828
20
0.7244094488188976
11
2.0471759055118111
21
0.7241097637795275
0
LINE
8
BLACK
6
CONTINUOUS
10
1.791105157480315
20
0.5990696850393701
11
1.7942983070866141
21
0.5969361023622047
0
LINE
8
BLACK
6
CONTINUOUS
10
1.7942983070866141
20
0.5969361023622047
11
1.7964318897637794
21
0.5937429527559055
0
LINE
8
BLACK
6
CONTINUOUS
10
1.7964318897637794
20
0.5937429527559055
11
1.7971811023622046
21
0.5899763779527559
0
LINE
8
BLACK
6
CONTINUOUS
10
1.7971811023622046
20
0.5899763779527559
11
1.7971811023622046
21
0.5781653543307087
0
LINE
8
BLACK
6
CONTINUOUS
10
1.7971811023622046
20
0.5781653543307087
11
1.7964318897637794
21
0.574398779527559
0
LINE
8
BLACK
6
CONTINUOUS
10
1.7964318897637794
20
0.574398779527559
11
1.7942983070866141
21
0.5712056299212598
0
LINE
8
BLACK
6
CONTINUOUS
10
1.7942983070866141
20
0.5712056299212598
11
1.791105157480315
21
0.5690720472440944
0
LINE
8
BLACK
6
CONTINUOUS
10
1.791105157480315
20
0.5690720472440944
11
1.7873385826771653
21
0.5683228346456692
0
LINE
8
BLACK
6
CONTINUOUS
10
1.7873385826771653
20
0.5683228346456692
11
1.7469842519685039
21
0.5683228346456692
0
LINE
8
BLACK
6
CONTINUOUS
10
1.7469842519685039
20
0.5683228346456692
11
1.7432176771653543
21
0.5690720472440944
0
LINE
8
BLACK
6
CONTINUOUS
10
1.7432176771653543
20
0.5690720472440944
11
1.7400245275590551
21
0.5712056299212598
0
LINE
8
BLACK
6
CONTINUOUS
10
1.7400245275590551
20
0.5712056299212598
11
1.7378909448818898
21
0.574398779527559
0
LINE
8
BLACK
6
CONTINUOUS
10
1.7378909448818898
20
0.574398779527559
11
1.7371417322834646
21
0.5781653543307087
0
LINE
8
BLACK
6
CONTINUOUS
10
1.7371417322834646
20
0.5781653543307087
11
1.7371417322834646
21
0.5899763779527559
0
LINE
8
BLACK
6
CONTINUOUS
10
1.7371417322834646
20
0.5899763779527559
11
1.7378909448818898
21
0.5937429527559055
0
LINE
8
BLACK
6
CONTINUOUS
10
1.7378909448818898
20
0.5937429527559055
11
1.7400245275590551
21
0.5969361023622047
0
LINE
8
BLACK
6
CONTINUOUS
10
1.7400245275590551
20
0.5969361023622047
11
1.7432176771653543
21
0.5990696850393701
0
LINE
8
BLACK
6
CONTINUOUS
10
1.7432176771653543
20
0.5990696850393701
11
1.7469842519685039
21
0.5998188976377953
0
LINE
8
BLACK
6
CONTINUOUS
10
1.7469842519685039
20
0.5998188976377953
11
1.7873385826771653
21
0.5998188976377953
0
LINE
8
BLACK
6
CONTINUOUS
10
1.7873385826771653
20
0.5998188976377953
11
1.791105157480315
21
0.5990696850393701
0
LINE
8
BLACK
6
CONTINUOUS
10
1.2433734251968505
20
0.6333240551181102
11
1.2473441338582676
21
0.6315708267716535
0
LINE
8
BLACK
6
CONTINUOUS
10
1.2473441338582676
20
0.6315708267716535
11
1.2504133464566929
21
0.6285016141732284
0
LINE
8
BLACK
6
CONTINUOUS
10
1.2504133464566929
20
0.6285016141732284
11
1.2521665748031496
21
0.624530905511811
0
LINE
8
BLACK
6
CONTINUOUS
10
1.2521665748031496
20
0.624530905511811
11
1.2524803149606298
21
0.6218267716535433
0
LINE
8
BLACK
6
CONTINUOUS
10
1.2524803149606298
20
0.6218267716535433
11
1.2524803149606298
21
0.6001732283464567
0
LINE
8
BLACK
6
CONTINUOUS
10
1.2524803149606298
20
0.6001732283464567
11
1.2521665748031496
21
0.597469094488189
0
LINE
8
BLACK
6
CONTINUOUS
10
1.2521665748031496
20
0.597469094488189
11
1.2504133464566929
21
0.5934983858267716
0
LINE
8
BLACK
6
CONTINUOUS
10
1.2504133464566929
20
0.5934983858267716
11
1.2473441338582676
21
0.5904291732283464
0
LINE
8
BLACK
6
CONTINUOUS
10
1.2473441338582676
20
0.5904291732283464
11
1.2433734251968505
21
0.5886759448818898
0
LINE
8
BLACK
6
CONTINUOUS
10
1.2433734251968505
20
0.5886759448818898
11
1.2406692913385826
21
0.5883622047244095
0
LINE
8
BLACK
6
CONTINUOUS
10
1.2406692913385826
20
0.5883622047244095
11
1.2249212598425196
21
0.5883622047244095
0
LINE
8
BLACK
6
CONTINUOUS
10
1.2249212598425196
20
0.5883622047244095
11
1.222217125984252
21
0.5886759448818898
0
LINE
8
BLACK
6
CONTINUOUS
10
1.222217125984252
20
0.5886759448818898
11
1.2182464173228347
21
0.5904291732283464
0
LINE
8
BLACK
6
CONTINUOUS
10
1.2182464173228347
20
0.5904291732283464
11
1.2151772047244094
21
0.5934983858267716
0
LINE
8
BLACK
6
CONTINUOUS
10
1.2151772047244094
20
0.5934983858267716
11
1.2134239763779526
21
0.597469094488189
0
LINE
8
BLACK
6
CONTINUOUS
10
1.2134239763779526
20
0.597469094488189
11
1.2131102362204724
21
0.6001732283464567
0
LINE
8
BLACK
6
CONTINUOUS
10
1.2131102362204724
20
0.6001732283464567
11
1.2131102362204724
21
0.6218267716535433
0
LINE
8
BLACK
6
CONTINUOUS
10
1.2131102362204724
20
0.6218267716535433
11
1.2134239763779526
21
0.624530905511811
0
LINE
8
BLACK
6
CONTINUOUS
10
1.2134239763779526
20
0.624530905511811
11
1.2151772047244094
21
0.6285016141732284
0
LINE
8
BLACK
6
CONTINUOUS
10
1.2151772047244094
20
0.6285016141732284
11
1.2182464173228347
21
0.6315708267716535
0
LINE
8
BLACK
6
CONTINUOUS
10
1.2182464173228347
20
0.6315708267716535
11
1.222217125984252
21
0.6333240551181102
0
LINE
8
BLACK
6
CONTINUOUS
10
1.222217125984252
20
0.6333240551181102
11
1.2249212598425196
21
0.6336377952755905
0
LINE
8
BLACK
6
CONTINUOUS
10
1.2249212598425196
20
0.6336377952755905
11
1.2406692913385826
21
0.6336377952755905
0
LINE
8
BLACK
6
CONTINUOUS
10
1.2406692913385826
20
0.6336377952755905
11
1.2433734251968505
21
0.6333240551181102
0
LINE
8
BLACK
6
CONTINUOUS
10
1.3083340551181102
20
0.6333240551181102
11
1.3123047637795275
21
0.6315708267716535
0
LINE
8
BLACK
6
CONTINUOUS
10
1.3123047637795275
20
0.6315708267716535
11
1.3153739763779528
21
0.6285016141732284
0
LINE
8
BLACK
6
CONTINUOUS
10
1.3153739763779528
20
0.6285016141732284
11
1.3171272047244094
21
0.624530905511811
0
LINE
8
BLACK
6
CONTINUOUS
10
1.3171272047244094
20
0.624530905511811
11
1.3174409448818898
21
0.6218267716535433
0
LINE
8
BLACK
6
CONTINUOUS
10
1.3174409448818898
20
0.6218267716535433
11
1.3174409448818898
21
0.6001732283464567
0
LINE
8
BLACK
6
CONTINUOUS
10
1.3174409448818898
20
0.6001732283464567
11
1.3171272047244094
21
0.597469094488189
0
LINE
8
BLACK
6
CONTINUOUS
10
1.3171272047244094
20
0.597469094488189
11
1.3153739763779528
21
0.5934983858267716
0
LINE
8
BLACK
6
CONTINUOUS
10
1.3153739763779528
20
0.5934983858267716
11
1.3123047637795275
21
0.5904291732283464
0
LINE
8
BLACK
6
CONTINUOUS
10
1.3123047637795275
20
0.5904291732283464
11
1.3083340551181102
21
0.5886759448818898
0
LINE
8
BLACK
6
CONTINUOUS
10
1.3083340551181102
20
0.5886759448818898
11
1.3056299212598426
21
0.5883622047244095
0
LINE
8
BLACK
6
CONTINUOUS
10
1.3056299212598426
20
0.5883622047244095
11
1.2898818897637796
21
0.5883622047244095
0
LINE
8
BLACK
6
CONTINUOUS
10
1.2898818897637796
20
0.5883622047244095
11
1.2871777559055118
21
0.5886759448818898
0
LINE
8
BLACK
6
CONTINUOUS
10
1.2871777559055118
20
0.5886759448818898
11
1.2832070472440944
21
0.5904291732283464
0
LINE
8
BLACK
6
CONTINUOUS
10
1.2832070472440944
20
0.5904291732283464
11
1.2801378346456693
21
0.5934983858267716
0
LINE
8
BLACK
6
CONTINUOUS
10
1.2801378346456693
20
0.5934983858267716
11
1.2783846062992126
21
0.597469094488189
0
LINE
8
BLACK
6
CONTINUOUS
10
1.2783846062992126
20
0.597469094488189
11
1.2780708661417322
21
0.6001732283464567
0
LINE
8
BLACK
6
CONTINUOUS
10
1.2780708661417322
20
0.6001732283464567
11
1.2780708661417322
21
0.6218267716535433
0
LINE
8
BLACK
6
CONTINUOUS
10
1.2780708661417322
20
0.6218267716535433
11
1.2783846062992126
21
0.624530905511811
0
LINE
8
BLACK
6
CONTINUOUS
10
1.2783846062992126
20
0.624530905511811
11
1.2801378346456693
21
0.6285016141732284
0
LINE
8
BLACK
6
CONTINUOUS
10
1.2801378346456693
20
0.6285016141732284
11
1.2832070472440944
21
0.6315708267716535
0
LINE
8
BLACK
6
CONTINUOUS
10
1.2832070472440944
20
0.6315708267716535
11
1.2871777559055118
21
0.6333240551181102
0
LINE
8
BLACK
6
CONTINUOUS
10
1.2871777559055118
20
0.6333240551181102
11
1.2898818897637796
21
0.6336377952755905
0
LINE
8
BLACK
6
CONTINUOUS
10
1.2898818897637796
20
0.6336377952755905
11
1.3056299212598426
21
0.6336377952755905
0
LINE
8
BLACK
6
CONTINUOUS
10
1.3056299212598426
20
0.6336377952755905
11
1.3083340551181102
21
0.6333240551181102
0
LINE
8
BLACK
6
CONTINUOUS
10
1.4440262992125983
20
0.6618444881889763
11
1.4481014566929133
21
0.6598522440944882
0
LINE
8
BLACK
6
CONTINUOUS
10
1.4481014566929133
20
0.6598522440944882
11
1.451308937007874
21
0.6566447637795275
0
LINE
8
BLACK
6
CONTINUOUS
10
1.451308937007874
20
0.6566447637795275
11
1.4533011811023622
21
0.6525696062992126
0
LINE
8
BLACK
6
CONTINUOUS
10
1.4533011811023622
20
0.6525696062992126
11
1.4538740157480314
21
0.6486377952755905
0
LINE
8
BLACK
6
CONTINUOUS
10
1.4538740157480314
20
0.6486377952755905
11
1.4538740157480314
21
0.611236220472441
0
LINE
8
BLACK
6
CONTINUOUS
10
1.4538740157480314
20
0.611236220472441
11
1.4533011811023622
21
0.6073044094488189
0
LINE
8
BLACK
6
CONTINUOUS
10
1.4533011811023622
20
0.6073044094488189
11
1.451308937007874
21
0.603229251968504
0
LINE
8
BLACK
6
CONTINUOUS
10
1.451308937007874
20
0.603229251968504
11
1.4481014566929133
21
0.6000217716535433
0
LINE
8
BLACK
6
CONTINUOUS
10
1.4481014566929133
20
0.6000217716535433
11
1.4440262992125983
21
0.5980295275590551
0
LINE
8
BLACK
6
CONTINUOUS
10
1.4440262992125983
20
0.5980295275590551
11
1.4400944881889763
21
0.5974566929133858
0
LINE
8
BLACK
6
CONTINUOUS
10
1.4400944881889763
20
0.5974566929133858
11
1.4204094488188976
21
0.5974566929133858
0
LINE
8
BLACK
6
CONTINUOUS
10
1.4204094488188976
20
0.5974566929133858
11
1.4164776377952755
21
0.5980295275590551
0
LINE
8
BLACK
6
CONTINUOUS
10
1.4164776377952755
20
0.5980295275590551
11
1.4124024803149606
21
0.6000217716535433
0
LINE
8
BLACK
6
CONTINUOUS
10
1.4124024803149606
20
0.6000217716535433
11
1.409195
21
0.603229251968504
0
LINE
8
BLACK
6
CONTINUOUS
10
1.409195
20
0.603229251968504
11
1.4072027559055118
21
0.6073044094488189
0
LINE
8
BLACK
6
CONTINUOUS
10
1.4072027559055118
20
0.6073044094488189
11
1.4066299212598425
21
0.611236220472441
0
LINE
8
BLACK
6
CONTINUOUS
10
1.4066299212598425
20
0.611236220472441
11
1.4066299212598425
21
0.6486377952755905
0
LINE
8
BLACK
6
CONTINUOUS
10
1.4066299212598425
20
0.6486377952755905
11
1.4072027559055118
21
0.6525696062992126
0
LINE
8
BLACK
6
CONTINUOUS
10
1.4072027559055118
20
0.6525696062992126
11
1.409195
21
0.6566447637795275
0
LINE
8
BLACK
6
CONTINUOUS
10
1.409195
20
0.6566447637795275
11
1.4124024803149606
21
0.6598522440944882
0
LINE
8
BLACK
6
CONTINUOUS
10
1.4124024803149606
20
0.6598522440944882
11
1.4164776377952755
21
0.6618444881889763
0
LINE
8
BLACK
6
CONTINUOUS
10
1.4164776377952755
20
0.6618444881889763
11
1.4204094488188976
21
0.6624173228346456
0
LINE
8
BLACK
6
CONTINUOUS
10
1.4204094488188976
20
0.6624173228346456
11
1.4400944881889763
21
0.6624173228346456
0
LINE
8
BLACK
6
CONTINUOUS
10
1.4400944881889763
20
0.6624173228346456
11
1.4440262992125983
21
0.6618444881889763
0
LINE
8
BLACK
6
CONTINUOUS
10
1.5188294488188976
20
0.6618444881889763
11
1.5229046062992126
21
0.6598522440944882
0
LINE
8
BLACK
6
CONTINUOUS
10
1.5229046062992126
20
0.6598522440944882
11
1.5261120866141733
21
0.6566447637795275
0
LINE
8
BLACK
6
CONTINUOUS
10
1.5261120866141733
20
0.6566447637795275
11
1.5281043307086615
21
0.6525696062992126
0
LINE
8
BLACK
6
CONTINUOUS
10
1.5281043307086615
20
0.6525696062992126
11
1.5286771653543307
21
0.6486377952755905
0
LINE
8
BLACK
6
CONTINUOUS
10
1.5286771653543307
20
0.6486377952755905
11
1.5286771653543307
21
0.611236220472441
0
LINE
8
BLACK
6
CONTINUOUS
10
1.5286771653543307
20
0.611236220472441
11
1.5281043307086615
21
0.6073044094488189
0
LINE
8
BLACK
6
CONTINUOUS
10
1.5281043307086615
20
0.6073044094488189
11
1.5261120866141733
21
0.603229251968504
0
LINE
8
BLACK
6
CONTINUOUS
10
1.5261120866141733
20
0.603229251968504
11
1.5229046062992126
21
0.6000217716535433
0
LINE
8
BLACK
6
CONTINUOUS
10
1.5229046062992126
20
0.6000217716535433
11
1.5188294488188976
21
0.5980295275590551
0
LINE
8
BLACK
6
CONTINUOUS
10
1.5188294488188976
20
0.5980295275590551
11
1.5148976377952756
21
0.5974566929133858
0
LINE
8
BLACK
6
CONTINUOUS
10
1.5148976377952756
20
0.5974566929133858
11
1.4952125984251967
21
0.5974566929133858
0
LINE
8
BLACK
6
CONTINUOUS
10
1.4952125984251967
20
0.5974566929133858
11
1.4912807874015748
21
0.5980295275590551
0
LINE
8
BLACK
6
CONTINUOUS
10
1.4912807874015748
20
0.5980295275590551
11
1.4872056299212597
21
0.6000217716535433
0
LINE
8
BLACK
6
CONTINUOUS
10
1.4872056299212597
20
0.6000217716535433
11
1.4839981496062993
21
0.603229251968504
0
LINE
8
BLACK
6
CONTINUOUS
10
1.4839981496062993
20
0.603229251968504
11
1.4820059055118109
21
0.6073044094488189
0
LINE
8
BLACK
6
CONTINUOUS
10
1.4820059055118109
20
0.6073044094488189
11
1.4814330708661416
21
0.611236220472441
0
LINE
8
BLACK
6
CONTINUOUS
10
1.4814330708661416
20
0.611236220472441
11
1.4814330708661416
21
0.6486377952755905
0
LINE
8
BLACK
6
CONTINUOUS
10
1.4814330708661416
20
0.6486377952755905
11
1.4820059055118109
21
0.6525696062992126
0
LINE
8
BLACK
6
CONTINUOUS
10
1.4820059055118109
20
0.6525696062992126
11
1.4839981496062993
21
0.6566447637795275
0
LINE
8
BLACK
6
CONTINUOUS
10
1.4839981496062993
20
0.6566447637795275
11
1.4872056299212597
21
0.6598522440944882
0
LINE
8
BLACK
6
CONTINUOUS
10
1.4872056299212597
20
0.6598522440944882
11
1.4912807874015748
21
0.6618444881889763
0
LINE
8
BLACK
6
CONTINUOUS
10
1.4912807874015748
20
0.6618444881889763
11
1.4952125984251967
21
0.6624173228346456
0
LINE
8
BLACK
6
CONTINUOUS
10
1.4952125984251967
20
0.6624173228346456
11
1.5148976377952756
21
0.6624173228346456
0
LINE
8
BLACK
6
CONTINUOUS
10
1.5148976377952756
20
0.6624173228346456
11
1.5188294488188976
21
0.6618444881889763
0
LINE
8
BLACK
6
CONTINUOUS
10
1.7015382283464566
20
0.6364712598425196
11
1.704731377952756
21
0.6343376771653543
0
LINE
8
BLACK
6
CONTINUOUS
10
1.704731377952756
20
0.6343376771653543
11
1.7068649606299213
21
0.6311445275590551
0
LINE
8
BLACK
6
CONTINUOUS
10
1.7068649606299213
20
0.6311445275590551
11
1.7076141732283465
21
0.6273779527559055
0
LINE
8
BLACK
6
CONTINUOUS
10
1.7076141732283465
20
0.6273779527559055
11
1.7076141732283465
21
0.6155669291338582
0
LINE
8
BLACK
6
CONTINUOUS
10
1.7076141732283465
20
0.6155669291338582
11
1.7068649606299213
21
0.6118003543307087
0
LINE
8
BLACK
6
CONTINUOUS
10
1.7068649606299213
20
0.6118003543307087
11
1.704731377952756
21
0.6086072047244094
0
LINE
8
BLACK
6
CONTINUOUS
10
1.704731377952756
20
0.6086072047244094
11
1.7015382283464566
21
0.6064736220472441
0
LINE
8
BLACK
6
CONTINUOUS
10
1.7015382283464566
20
0.6064736220472441
11
1.6977716535433069
21
0.6057244094488189
0
LINE
8
BLACK
6
CONTINUOUS
10
1.6977716535433069
20
0.6057244094488189
11
1.6574173228346456
21
0.6057244094488189
0
LINE
8
BLACK
6
CONTINUOUS
10
1.6574173228346456
20
0.6057244094488189
11
1.6536507480314959
21
0.6064736220472441
0
LINE
8
BLACK
6
CONTINUOUS
10
1.6536507480314959
20
0.6064736220472441
11
1.6504575984251968
21
0.6086072047244094
0
LINE
8
BLACK
6
CONTINUOUS
10
1.6504575984251968
20
0.6086072047244094
11
1.6483240157480314
21
0.6118003543307087
0
LINE
8
BLACK
6
CONTINUOUS
10
1.6483240157480314
20
0.6118003543307087
11
1.6475748031496062
21
0.6155669291338582
0
LINE
8
BLACK
6
CONTINUOUS
10
1.6475748031496062
20
0.6155669291338582
11
1.6475748031496062
21
0.6273779527559055
0
LINE
8
BLACK
6
CONTINUOUS
10
1.6475748031496062
20
0.6273779527559055
11
1.6483240157480314
21
0.6311445275590551
0
LINE
8
BLACK
6
CONTINUOUS
10
1.6483240157480314
20
0.6311445275590551
11
1.6504575984251968
21
0.6343376771653543
0
LINE
8
BLACK
6
CONTINUOUS
10
1.6504575984251968
20
0.6343376771653543
11
1.6536507480314959
21
0.6364712598425196
0
LINE
8
BLACK
6
CONTINUOUS
10
1.6536507480314959
20
0.6364712598425196
11
1.6574173228346456
21
0.6372204724409448
0
LINE
8
BLACK
6
CONTINUOUS
10
1.6574173228346456
20
0.6372204724409448
11
1.6977716535433069
21
0.6372204724409448
0
LINE
8
BLACK
6
CONTINUOUS
10
1.6977716535433069
20
0.6372204724409448
11
1.7015382283464566
21
0.6364712598425196
0
LINE
8
BLACK
6
CONTINUOUS
10
1.791105157480315
20
0.6364712598425196
11
1.7942983070866141
21
0.6343376771653543
0
LINE
8
BLACK
6
CONTINUOUS
10
1.7942983070866141
20
0.6343376771653543
11
1.7964318897637794
21
0.6311445275590551
0
LINE
8
BLACK
6
CONTINUOUS
10
1.7964318897637794
20
0.6311445275590551
11
1.7971811023622046
21
0.6273779527559055
0
LINE
8
BLACK
6
CONTINUOUS
10
1.7971811023622046
20
0.6273779527559055
11
1.7971811023622046
21
0.6155669291338582
0
LINE
8
BLACK
6
CONTINUOUS
10
1.7971811023622046
20
0.6155669291338582
11
1.7964318897637794
21
0.6118003543307087
0
LINE
8
BLACK
6
CONTINUOUS
10
1.7964318897637794
20
0.6118003543307087
11
1.7942983070866141
21
0.6086072047244094
0
LINE
8
BLACK
6
CONTINUOUS
10
1.7942983070866141
20
0.6086072047244094
11
1.791105157480315
21
0.6064736220472441
0
LINE
8
BLACK
6
CONTINUOUS
10
1.791105157480315
20
0.6064736220472441
11
1.7873385826771653
21
0.6057244094488189
0
LINE
8
BLACK
6
CONTINUOUS
10
1.7873385826771653
20
0.6057244094488189
11
1.7469842519685039
21
0.6057244094488189
0
LINE
8
BLACK
6
CONTINUOUS
10
1.7469842519685039
20
0.6057244094488189
11
1.7432176771653543
21
0.6064736220472441
0
LINE
8
BLACK
6
CONTINUOUS
10
1.7432176771653543
20
0.6064736220472441
11
1.7400245275590551
21
0.6086072047244094
0
LINE
8
BLACK
6
CONTINUOUS
10
1.7400245275590551
20
0.6086072047244094
11
1.7378909448818898
21
0.6118003543307087
0
LINE
8
BLACK
6
CONTINUOUS
10
1.7378909448818898
20
0.6118003543307087
11
1.7371417322834646
21
0.6155669291338582
0
LINE
8
BLACK
6
CONTINUOUS
10
1.7371417322834646
20
0.6155669291338582
11
1.7371417322834646
21
0.6273779527559055
0
LINE
8
BLACK
6
CONTINUOUS
10
1.7371417322834646
20
0.6273779527559055
11
1.7378909448818898
21
0.6311445275590551
0
LINE
8
BLACK
6
CONTINUOUS
10
1.7378909448818898
20
0.6311445275590551
11
1.7400245275590551
21
0.6343376771653543
0
LINE
8
BLACK
6
CONTINUOUS
10
1.7400245275590551
20
0.6343376771653543
11
1.7432176771653543
21
0.6364712598425196
0
LINE
8
BLACK
6
CONTINUOUS
10
1.7432176771653543
20
0.6364712598425196
11
1.7469842519685039
21
0.6372204724409448
0
LINE
8
BLACK
6
CONTINUOUS
10
1.7469842519685039
20
0.6372204724409448
11
1.7873385826771653
21
0.6372204724409448
0
LINE
8
BLACK
6
CONTINUOUS
10
1.7873385826771653
20
0.6372204724409448
11
1.791105157480315
21
0.6364712598425196
0
LINE
8
BLACK
6
CONTINUOUS
10
0.3176807086614173
20
0.6986135826771653
11
0.3250662598425197
21
0.6963732283464567
0
LINE
8
BLACK
6
CONTINUOUS
10
0.3250662598425197
20
0.6963732283464567
11
0.3318728346456693
21
0.6927350393700787
0
LINE
8
BLACK
6
CONTINUOUS
10
0.3318728346456693
20
0.6927350393700787
11
0.3378388582677165
21
0.6878388582677165
0
LINE
8
BLACK
6
CONTINUOUS
10
0.3378388582677165
20
0.6878388582677165
11
0.3427350393700787
21
0.6818728346456693
0
LINE
8
BLACK
6
CONTINUOUS
10
0.3427350393700787
20
0.6818728346456693
11
0.3463732283464567
21
0.6750662598425197
0
LINE
8
BLACK
6
CONTINUOUS
10
0.3463732283464567
20
0.6750662598425197
11
0.3486135826771654
21
0.6676807086614173
0
LINE
8
BLACK
6
CONTINUOUS
10
0.3486135826771654
20
0.6676807086614173
11
0.3493700787401575
21
0.66
0
LINE
8
BLACK
6
CONTINUOUS
10
0.3493700787401575
20
0.66
11
0.3486135826771654
21
0.6523192913385827
0
LINE
8
BLACK
6
CONTINUOUS
10
0.3486135826771654
20
0.6523192913385827
11
0.3463732283464567
21
0.6449337401574803
0
LINE
8
BLACK
6
CONTINUOUS
10
0.3463732283464567
20
0.6449337401574803
11
0.3427350393700787
21
0.6381271653543307
0
LINE
8
BLACK
6
CONTINUOUS
10
0.3427350393700787
20
0.6381271653543307
11
0.3378388582677165
21
0.6321611417322834
0
LINE
8
BLACK
6
CONTINUOUS
10
0.3378388582677165
20
0.6321611417322834
11
0.3318728346456693
21
0.6272649606299212
0
LINE
8
BLACK
6
CONTINUOUS
10
0.3318728346456693
20
0.6272649606299212
11
0.3250662598425197
21
0.6236267716535433
0
LINE
8
BLACK
6
CONTINUOUS
10
0.3250662598425197
20
0.6236267716535433
11
0.3176807086614173
21
0.6213864173228346
0
LINE
8
BLACK
6
CONTINUOUS
10
0.3176807086614173
20
0.6213864173228346
11
0.31
21
0.6206299212598425
0
LINE
8
BLACK
6
CONTINUOUS
10
0.31
20
0.6206299212598425
11
0.3023192913385827
21
0.6213864173228346
0
LINE
8
BLACK
6
CONTINUOUS
10
0.3023192913385827
20
0.6213864173228346
11
0.2949337401574803
21
0.6236267716535433
0
LINE
8
BLACK
6
CONTINUOUS
10
0.2949337401574803
20
0.6236267716535433
11
0.2881271653543307
21
0.6272649606299212
0
LINE
8
BLACK
6
CONTINUOUS
10
0.2881271653543307
20
0.6272649606299212
11
0.2821611417322835
21
0.6321611417322834
0
LINE
8
BLACK
6
CONTINUOUS
10
0.2821611417322835
20
0.6321611417322834
11
0.2772649606299212
21
0.6381271653543307
0
LINE
8
BLACK
6
CONTINUOUS
10
0.2772649606299212
20
0.6381271653543307
11
0.2736267716535433
21
0.6449337401574803
0
LINE
8
BLACK
6
CONTINUOUS
10
0.2736267716535433
20
0.6449337401574803
11
0.2713864173228346
21
0.6523192913385827
0
LINE
8
BLACK
6
CONTINUOUS
10
0.2713864173228346
20
0.6523192913385827
11
0.2706299212598425
21
0.66
0
LINE
8
BLACK
6
CONTINUOUS
10
0.2706299212598425
20
0.66
11
0.2713864173228346
21
0.6676807086614173
0
LINE
8
BLACK
6
CONTINUOUS
10
0.2713864173228346
20
0.6676807086614173
11
0.2736267716535433
21
0.6750662598425197
0
LINE
8
BLACK
6
CONTINUOUS
10
0.2736267716535433
20
0.6750662598425197
11
0.2772649606299212
21
0.6818728346456693
0
LINE
8
BLACK
6
CONTINUOUS
10
0.2772649606299212
20
0.6818728346456693
11
0.2821611417322835
21
0.6878388582677165
0
LINE
8
BLACK
6
CONTINUOUS
10
0.2821611417322835
20
0.6878388582677165
11
0.2881271653543307
21
0.6927350393700787
0
LINE
8
BLACK
6
CONTINUOUS
10
0.2881271653543307
20
0.6927350393700787
11
0.2949337401574803
21
0.6963732283464567
0
LINE
8
BLACK
6
CONTINUOUS
10
0.2949337401574803
20
0.6963732283464567
11
0.3023192913385827
21
0.6986135826771653
0
LINE
8
BLACK
6
CONTINUOUS
10
0.3023192913385827
20
0.6986135826771653
11
0.31
21
0.6993700787401574
0
LINE
8
BLACK
6
CONTINUOUS
10
0.31
20
0.6993700787401574
11
0.3176807086614173
21
0.6986135826771653
0
LINE
8
BLACK
6
CONTINUOUS
10
2.2915066141732283
20
0.7236373228346457
11
2.2927838976377952
21
0.7227838976377953
0
LINE
8
BLACK
6
CONTINUOUS
10
2.2927838976377952
20
0.7227838976377953
11
2.2936373228346456
21
0.7215066141732284
0
LINE
8
BLACK
6
CONTINUOUS
10
2.2936373228346456
20
0.7215066141732284
11
2.2939370078740158
21
0.72
0
LINE
8
BLACK
6
CONTINUOUS
10
2.2939370078740158
20
0.72
11
2.2939370078740158
21
0.66
0
LINE
8
BLACK
6
CONTINUOUS
10
2.2939370078740158
20
0.66
11
2.2936373228346456
21
0.6584933858267716
0
LINE
8
BLACK
6
CONTINUOUS
10
2.2936373228346456
20
0.6584933858267716
11
2.2927838976377952
21
0.6572161023622047
0
LINE
8
BLACK
6
CONTINUOUS
10
2.2927838976377952
20
0.6572161023622047
11
2.2915066141732283
21
0.6563626771653543
0
LINE
8
BLACK
6
CONTINUOUS
10
2.2915066141732283
20
0.6563626771653543
11
2.29
21
0.6560629921259843
0
LINE
8
BLACK
6
CONTINUOUS
10
2.29
20
0.6560629921259843
11
2.23
21
0.6560629921259843
0
LINE
8
BLACK
6
CONTINUOUS
10
2.23
20
0.6560629921259843
11
2.2284933858267717
21
0.6563626771653543
0
LINE
8
BLACK
6
CONTINUOUS
10
2.2284933858267717
20
0.6563626771653543
11
2.2272161023622048
21
0.6572161023622047
0
LINE
8
BLACK
6
CONTINUOUS
10
2.2272161023622048
20
0.6572161023622047
11
2.2263626771653544
21
0.6584933858267716
0
LINE
8
BLACK
6
CONTINUOUS
10
2.2263626771653544
20
0.6584933858267716
11
2.2260629921259842
21
0.66
0
LINE
8
BLACK
6
CONTINUOUS
10
2.2260629921259842
20
0.66
11
2.2260629921259842
21
0.72
0
LINE
8
BLACK
6
CONTINUOUS
10
2.2260629921259842
20
0.72
11
2.2263626771653544
21
0.7215066141732284
0
LINE
8
BLACK
6
CONTINUOUS
10
2.2263626771653544
20
0.7215066141732284
11
2.2272161023622048
21
0.7227838976377953
0
LINE
8
BLACK
6
CONTINUOUS
10
2.2272161023622048
20
0.7227838976377953
11
2.2284933858267717
21
0.7236373228346457
0
LINE
8
BLACK
6
CONTINUOUS
10
2.2284933858267717
20
0.7236373228346457
11
2.23
21
0.7239370078740157
0
LINE
8
BLACK
6
CONTINUOUS
10
2.23
20
0.7239370078740157
11
2.29
21
0.7239370078740157
0
LINE
8
BLACK
6
CONTINUOUS
10
2.29
20
0.7239370078740157
11
2.2915066141732283
21
0.7236373228346457
0
LINE
8
BLACK
6
CONTINUOUS
10
2.3915066141732284
20
0.7236373228346457
11
2.3927838976377953
21
0.7227838976377953
0
LINE
8
BLACK
6
CONTINUOUS
10
2.3927838976377953
20
0.7227838976377953
11
2.3936373228346457
21
0.7215066141732284
0
LINE
8
BLACK
6
CONTINUOUS
10
2.3936373228346457
20
0.7215066141732284
11
2.3939370078740159
21
0.72
0
LINE
8
BLACK
6
CONTINUOUS
10
2.3939370078740159
20
0.72
11
2.3939370078740159
21
0.66
0
LINE
8
BLACK
6
CONTINUOUS
10
2.3939370078740159
20
0.66
11
2.3936373228346457
21
0.6584933858267716
0
LINE
8
BLACK
6
CONTINUOUS
10
2.3936373228346457
20
0.6584933858267716
11
2.3927838976377953
21
0.6572161023622047
0
LINE
8
BLACK
6
CONTINUOUS
10
2.3927838976377953
20
0.6572161023622047
11
2.3915066141732284
21
0.6563626771653543
0
LINE
8
BLACK
6
CONTINUOUS
10
2.3915066141732284
20
0.6563626771653543
11
2.3900000000000001
21
0.6560629921259843
0
LINE
8
BLACK
6
CONTINUOUS
10
2.3900000000000001
20
0.6560629921259843
11
2.3300000000000001
21
0.6560629921259843
0
LINE
8
BLACK
6
CONTINUOUS
10
2.3300000000000001
20
0.6560629921259843
11
2.3284933858267718
21
0.6563626771653543
0
LINE
8
BLACK
6
CONTINUOUS
10
2.3284933858267718
20
0.6563626771653543
11
2.3272161023622049
21
0.6572161023622047
0
LINE
8
BLACK
6
CONTINUOUS
10
2.3272161023622049
20
0.6572161023622047
11
2.3263626771653545
21
0.6584933858267716
0
LINE
8
BLACK
6
CONTINUOUS
10
2.3263626771653545
20
0.6584933858267716
11
2.3260629921259843
21
0.66
0
LINE
8
BLACK
6
CONTINUOUS
10
2.3260629921259843
20
0.66
11
2.3260629921259843
21
0.72
0
LINE
8
BLACK
6
CONTINUOUS
10
2.3260629921259843
20
0.72
11
2.3263626771653545
21
0.7215066141732284
0
LINE
8
BLACK
6
CONTINUOUS
10
2.3263626771653545
20
0.7215066141732284
11
2.3272161023622049
21
0.7227838976377953
0
LINE
8
BLACK
6
CONTINUOUS
10
2.3272161023622049
20
0.7227838976377953
11
2.3284933858267718
21
0.7236373228346457
0
LINE
8
BLACK
6
CONTINUOUS
10
2.3284933858267718
20
0.7236373228346457
11
2.3300000000000001
21
0.7239370078740157
0
LINE
8
BLACK
6
CONTINUOUS
10
2.3300000000000001
20
0.7239370078740157
11
2.3900000000000001
21
0.7239370078740157
0
LINE
8
BLACK
6
CONTINUOUS
10
2.3900000000000001
20
0.7239370078740157
11
2.3915066141732284
21
0.7236373228346457
0
LINE
8
BLACK
6
CONTINUOUS
10
1.2433734251968505
20
0.7321429527559055
11
1.2473441338582676
21
0.7303897244094488
0
LINE
8
BLACK
6
CONTINUOUS
10
1.2473441338582676
20
0.7303897244094488
11
1.2504133464566929
21
0.7273205118110236
0
LINE
8
BLACK
6
CONTINUOUS
10
1.2504133464566929
20
0.7273205118110236
11
1.2521665748031496
21
0.7233498031496063
0
LINE
8
BLACK
6
CONTINUOUS
10
1.2521665748031496
20
0.7233498031496063
11
1.2524803149606298
21
0.7206456692913386
0
LINE
8
BLACK
6
CONTINUOUS
10
1.2524803149606298
20
0.7206456692913386
11
1.2524803149606298
21
0.698992125984252
0
LINE
8
BLACK
6
CONTINUOUS
10
1.2524803149606298
20
0.698992125984252
11
1.2521665748031496
21
0.6962879921259842
0
LINE
8
BLACK
6
CONTINUOUS
10
1.2521665748031496
20
0.6962879921259842
11
1.2504133464566929
21
0.6923172834645669
0
LINE
8
BLACK
6
CONTINUOUS
10
1.2504133464566929
20
0.6923172834645669
11
1.2473441338582676
21
0.6892480708661417
0
LINE
8
BLACK
6
CONTINUOUS
10
1.2473441338582676
20
0.6892480708661417
11
1.2433734251968505
21
0.6874948425196851
0
LINE
8
BLACK
6
CONTINUOUS
10
1.2433734251968505
20
0.6874948425196851
11
1.2406692913385826
21
0.6871811023622048
0
LINE
8
BLACK
6
CONTINUOUS
10
1.2406692913385826
20
0.6871811023622048
11
1.2249212598425196
21
0.6871811023622048
0
LINE
8
BLACK
6
CONTINUOUS
10
1.2249212598425196
20
0.6871811023622048
11
1.222217125984252
21
0.6874948425196851
0
LINE
8
BLACK
6
CONTINUOUS
10
1.222217125984252
20
0.6874948425196851
11
1.2182464173228347
21
0.6892480708661417
0
LINE
8
BLACK
6
CONTINUOUS
10
1.2182464173228347
20
0.6892480708661417
11
1.2151772047244094
21
0.6923172834645669
0
LINE
8
BLACK
6
CONTINUOUS
10
1.2151772047244094
20
0.6923172834645669
11
1.2134239763779526
21
0.6962879921259842
0
LINE
8
BLACK
6
CONTINUOUS
10
1.2134239763779526
20
0.6962879921259842
11
1.2131102362204724
21
0.698992125984252
0
LINE
8
BLACK
6
CONTINUOUS
10
1.2131102362204724
20
0.698992125984252
11
1.2131102362204724
21
0.7206456692913386
0
LINE
8
BLACK
6
CONTINUOUS
10
1.2131102362204724
20
0.7206456692913386
11
1.2134239763779526
21
0.7233498031496063
0
LINE
8
BLACK
6
CONTINUOUS
10
1.2134239763779526
20
0.7233498031496063
11
1.2151772047244094
21
0.7273205118110236
0
LINE
8
BLACK
6
CONTINUOUS
10
1.2151772047244094
20
0.7273205118110236
11
1.2182464173228347
21
0.7303897244094488
0
LINE
8
BLACK
6
CONTINUOUS
10
1.2182464173228347
20
0.7303897244094488
11
1.222217125984252
21
0.7321429527559055
0
LINE
8
BLACK
6
CONTINUOUS
10
1.222217125984252
20
0.7321429527559055
11
1.2249212598425196
21
0.7324566929133858
0
LINE
8
BLACK
6
CONTINUOUS
10
1.2249212598425196
20
0.7324566929133858
11
1.2406692913385826
21
0.7324566929133858
0
LINE
8
BLACK
6
CONTINUOUS
10
1.2406692913385826
20
0.7324566929133858
11
1.2433734251968505
21
0.7321429527559055
0
LINE
8
BLACK
6
CONTINUOUS
10
1.3083340551181102
20
0.7321429527559055
11
1.3123047637795275
21
0.7303897244094488
0
LINE
8
BLACK
6
CONTINUOUS
10
1.3123047637795275
20
0.7303897244094488
11
1.3153739763779528
21
0.7273205118110236
0
LINE
8
BLACK
6
CONTINUOUS
10
1.3153739763779528
20
0.7273205118110236
11
1.3171272047244094
21
0.7233498031496063
0
LINE
8
BLACK
6
CONTINUOUS
10
1.3171272047244094
20
0.7233498031496063
11
1.3174409448818898
21
0.7206456692913386
0
LINE
8
BLACK
6
CONTINUOUS
10
1.3174409448818898
20
0.7206456692913386
11
1.3174409448818898
21
0.698992125984252
0
LINE
8
BLACK
6
CONTINUOUS
10
1.3174409448818898
20
0.698992125984252
11
1.3171272047244094
21
0.6962879921259842
0
LINE
8
BLACK
6
CONTINUOUS
10
1.3171272047244094
20
0.6962879921259842
11
1.3153739763779528
21
0.6923172834645669
0
LINE
8
BLACK
6
CONTINUOUS
10
1.3153739763779528
20
0.6923172834645669
11
1.3123047637795275
21
0.6892480708661417
0
LINE
8
BLACK
6
CONTINUOUS
10
1.3123047637795275
20
0.6892480708661417
11
1.3083340551181102
21
0.6874948425196851
0
LINE
8
BLACK
6
CONTINUOUS
10
1.3083340551181102
20
0.6874948425196851
11
1.3056299212598426
21
0.6871811023622048
0
LINE
8
BLACK
6
CONTINUOUS
10
1.3056299212598426
20
0.6871811023622048
11
1.2898818897637796
21
0.6871811023622048
0
LINE
8
BLACK
6
CONTINUOUS
10
1.2898818897637796
20
0.6871811023622048
11
1.2871777559055118
21
0.6874948425196851
0
LINE
8
BLACK
6
CONTINUOUS
10
1.2871777559055118
20
0.6874948425196851
11
1.2832070472440944
21
0.6892480708661417
0
LINE
8
BLACK
6
CONTINUOUS
10
1.2832070472440944
20
0.6892480708661417
11
1.2801378346456693
21
0.6923172834645669
0
LINE
8
BLACK
6
CONTINUOUS
10
1.2801378346456693
20
0.6923172834645669
11
1.2783846062992126
21
0.6962879921259842
0
LINE
8
BLACK
6
CONTINUOUS
10
1.2783846062992126
20
0.6962879921259842
11
1.2780708661417322
21
0.698992125984252
0
LINE
8
BLACK
6
CONTINUOUS
10
1.2780708661417322
20
0.698992125984252
11
1.2780708661417322
21
0.7206456692913386
0
LINE
8
BLACK
6
CONTINUOUS
10
1.2780708661417322
20
0.7206456692913386
11
1.2783846062992126
21
0.7233498031496063
0
LINE
8
BLACK
6
CONTINUOUS
10
1.2783846062992126
20
0.7233498031496063
11
1.2801378346456693
21
0.7273205118110236
0
LINE
8
BLACK
6
CONTINUOUS
10
1.2801378346456693
20
0.7273205118110236
11
1.2832070472440944
21
0.7303897244094488
0
LINE
8
BLACK
6
CONTINUOUS
10
1.2832070472440944
20
0.7303897244094488
11
1.2871777559055118
21
0.7321429527559055
0
LINE
8
BLACK
6
CONTINUOUS
10
1.2871777559055118
20
0.7321429527559055
11
1.2898818897637796
21
0.7324566929133858
0
LINE
8
BLACK
6
CONTINUOUS
10
1.2898818897637796
20
0.7324566929133858
11
1.3056299212598426
21
0.7324566929133858
0
LINE
8
BLACK
6
CONTINUOUS
10
1.3056299212598426
20
0.7324566929133858
11
1.3083340551181102
21
0.7321429527559055
0
LINE
8
BLACK
6
CONTINUOUS
10
1.8952861417322835
20
0.8326924409448818
11
1.8965634251968504
21
0.8318390157480314
0
LINE
8
BLACK
6
CONTINUOUS
10
1.8965634251968504
20
0.8318390157480314
11
1.8974168503937008
21
0.8305617322834645
0
LINE
8
BLACK
6
CONTINUOUS
10
1.8974168503937008
20
0.8305617322834645
11
1.8977165354330707
21
0.8290551181102362
0
LINE
8
BLACK
6
CONTINUOUS
10
1.8977165354330707
20
0.8290551181102362
11
1.8977165354330707
21
0.7109448818897638
0
LINE
8
BLACK
6
CONTINUOUS
10
1.8977165354330707
20
0.7109448818897638
11
1.8974168503937008
21
0.7094382677165354
0
LINE
8
BLACK
6
CONTINUOUS
10
1.8974168503937008
20
0.7094382677165354
11
1.8965634251968504
21
0.7081609842519685
0
LINE
8
BLACK
6
CONTINUOUS
10
1.8965634251968504
20
0.7081609842519685
11
1.8952861417322835
21
0.7073075590551181
0
LINE
8
BLACK
6
CONTINUOUS
10
1.8952861417322835
20
0.7073075590551181
11
1.893779527559055
21
0.7070078740157481
0
LINE
8
BLACK
6
CONTINUOUS
10
1.893779527559055
20
0.7070078740157481
11
1.8662204724409448
21
0.7070078740157481
0
LINE
8
BLACK
6
CONTINUOUS
10
1.8662204724409448
20
0.7070078740157481
11
1.8647138582677165
21
0.7073075590551181
0
LINE
8
BLACK
6
CONTINUOUS
10
1.8647138582677165
20
0.7073075590551181
11
1.8634365748031496
21
0.7081609842519685
0
LINE
8
BLACK
6
CONTINUOUS
10
1.8634365748031496
20
0.7081609842519685
11
1.8625831496062992
21
0.7094382677165354
0
LINE
8
BLACK
6
CONTINUOUS
10
1.8625831496062992
20
0.7094382677165354
11
1.8622834645669291
21
0.7109448818897638
0
LINE
8
BLACK
6
CONTINUOUS
10
1.8622834645669291
20
0.7109448818897638
11
1.8622834645669291
21
0.8290551181102362
0
LINE
8
BLACK
6
CONTINUOUS
10
1.8622834645669291
20
0.8290551181102362
11
1.8625831496062992
21
0.8305617322834645
0
LINE
8
BLACK
6
CONTINUOUS
10
1.8625831496062992
20
0.8305617322834645
11
1.8634365748031496
21
0.8318390157480314
0
LINE
8
BLACK
6
CONTINUOUS
10
1.8634365748031496
20
0.8318390157480314
11
1.8647138582677165
21
0.8326924409448818
0
LINE
8
BLACK
6
CONTINUOUS
10
1.8647138582677165
20
0.8326924409448818
11
1.8662204724409448
21
0.832992125984252
0
LINE
8
BLACK
6
CONTINUOUS
10
1.8662204724409448
20
0.832992125984252
11
1.893779527559055
21
0.832992125984252
0
LINE
8
BLACK
6
CONTINUOUS
10
1.893779527559055
20
0.832992125984252
11
1.8952861417322835
21
0.8326924409448818
0
LINE
8
BLACK
6
CONTINUOUS
10
1.4440262992125983
20
0.7803484251968503
11
1.4481014566929133
21
0.7783561811023622
0
LINE
8
BLACK
6
CONTINUOUS
10
1.4481014566929133
20
0.7783561811023622
11
1.451308937007874
21
0.7751487007874016
0
LINE
8
BLACK
6
CONTINUOUS
10
1.451308937007874
20
0.7751487007874016
11
1.4533011811023622
21
0.7710735433070866
0
LINE
8
BLACK
6
CONTINUOUS
10
1.4533011811023622
20
0.7710735433070866
11
1.4538740157480314
21
0.7671417322834645
0
LINE
8
BLACK
6
CONTINUOUS
10
1.4538740157480314
20
0.7671417322834645
11
1.4538740157480314
21
0.729740157480315
0
LINE
8
BLACK
6
CONTINUOUS
10
1.4538740157480314
20
0.729740157480315
11
1.4533011811023622
21
0.7258083464566929
0
LINE
8
BLACK
6
CONTINUOUS
10
1.4533011811023622
20
0.7258083464566929
11
1.451308937007874
21
0.7217331889763779
0
LINE
8
BLACK
6
CONTINUOUS
10
1.451308937007874
20
0.7217331889763779
11
1.4481014566929133
21
0.7185257086614173
0
LINE
8
BLACK
6
CONTINUOUS
10
1.4481014566929133
20
0.7185257086614173
11
1.4440262992125983
21
0.7165334645669291
0
LINE
8
BLACK
6
CONTINUOUS
10
1.4440262992125983
20
0.7165334645669291
11
1.4400944881889763
21
0.7159606299212599
0
LINE
8
BLACK
6
CONTINUOUS
10
1.4400944881889763
20
0.7159606299212599
11
1.4204094488188976
21
0.7159606299212599
0
LINE
8
BLACK
6
CONTINUOUS
10
1.4204094488188976
20
0.7159606299212599
11
1.4164776377952755
21
0.7165334645669291
0
LINE
8
BLACK
6
CONTINUOUS
10
1.4164776377952755
20
0.7165334645669291
11
1.4124024803149606
21
0.7185257086614173
0
LINE
8
BLACK
6
CONTINUOUS
10
1.4124024803149606
20
0.7185257086614173
11
1.409195
21
0.7217331889763779
0
LINE
8
BLACK
6
CONTINUOUS
10
1.409195
20
0.7217331889763779
11
1.4072027559055118
21
0.7258083464566929
0
LINE
8
BLACK
6
CONTINUOUS
10
1.4072027559055118
20
0.7258083464566929
11
1.4066299212598425
21
0.729740157480315
0
LINE
8
BLACK
6
CONTINUOUS
10
1.4066299212598425
20
0.729740157480315
11
1.4066299212598425
21
0.7671417322834645
0
LINE
8
BLACK
6
CONTINUOUS
10
1.4066299212598425
20
0.7671417322834645
11
1.4072027559055118
21
0.7710735433070866
0
LINE
8
BLACK
6
CONTINUOUS
10
1.4072027559055118
20
0.7710735433070866
11
1.409195
21
0.7751487007874016
0
LINE
8
BLACK
6
CONTINUOUS
10
1.409195
20
0.7751487007874016
11
1.4124024803149606
21
0.7783561811023622
0
LINE
8
BLACK
6
CONTINUOUS
10
1.4124024803149606
20
0.7783561811023622
11
1.4164776377952755
21
0.7803484251968503
0
LINE
8
BLACK
6
CONTINUOUS
10
1.4164776377952755
20
0.7803484251968503
11
1.4204094488188976
21
0.7809212598425197
0
LINE
8
BLACK
6
CONTINUOUS
10
1.4204094488188976
20
0.7809212598425197
11
1.4400944881889763
21
0.7809212598425197
0
LINE
8
BLACK
6
CONTINUOUS
10
1.4400944881889763
20
0.7809212598425197
11
1.4440262992125983
21
0.7803484251968503
0
LINE
8
BLACK
6
CONTINUOUS
10
1.5188294488188976
20
0.7803484251968503
11
1.5229046062992126
21
0.7783561811023622
0
LINE
8
BLACK
6
CONTINUOUS
10
1.5229046062992126
20
0.7783561811023622
11
1.5261120866141733
21
0.7751487007874016
0
LINE
8
BLACK
6
CONTINUOUS
10
1.5261120866141733
20
0.7751487007874016
11
1.5281043307086615
21
0.7710735433070866
0
LINE
8
BLACK
6
CONTINUOUS
10
1.5281043307086615
20
0.7710735433070866
11
1.5286771653543307
21
0.7671417322834645
0
LINE
8
BLACK
6
CONTINUOUS
10
1.5286771653543307
20
0.7671417322834645
11
1.5286771653543307
21
0.729740157480315
0
LINE
8
BLACK
6
CONTINUOUS
10
1.5286771653543307
20
0.729740157480315
11
1.5281043307086615
21
0.7258083464566929
0
LINE
8
BLACK
6
CONTINUOUS
10
1.5281043307086615
20
0.7258083464566929
11
1.5261120866141733
21
0.7217331889763779
0
LINE
8
BLACK
6
CONTINUOUS
10
1.5261120866141733
20
0.7217331889763779
11
1.5229046062992126
21
0.7185257086614173
0
LINE
8
BLACK
6
CONTINUOUS
10
1.5229046062992126
20
0.7185257086614173
11
1.5188294488188976
21
0.7165334645669291
0
LINE
8
BLACK
6
CONTINUOUS
10
1.5188294488188976
20
0.7165334645669291
11
1.5148976377952756
21
0.7159606299212599
0
LINE
8
BLACK
6
CONTINUOUS
10
1.5148976377952756
20
0.7159606299212599
11
1.4952125984251967
21
0.7159606299212599
0
LINE
8
BLACK
6
CONTINUOUS
10
1.4952125984251967
20
0.7159606299212599
11
1.4912807874015748
21
0.7165334645669291
0
LINE
8
BLACK
6
CONTINUOUS
10
1.4912807874015748
20
0.7165334645669291
11
1.4872056299212597
21
0.7185257086614173
0
LINE
8
BLACK
6
CONTINUOUS
10
1.4872056299212597
20
0.7185257086614173
11
1.4839981496062993
21
0.7217331889763779
0
LINE
8
BLACK
6
CONTINUOUS
10
1.4839981496062993
20
0.7217331889763779
11
1.4820059055118109
21
0.7258083464566929
0
LINE
8
BLACK
6
CONTINUOUS
10
1.4820059055118109
20
0.7258083464566929
11
1.4814330708661416
21
0.729740157480315
0
LINE
8
BLACK
6
CONTINUOUS
10
1.4814330708661416
20
0.729740157480315
11
1.4814330708661416
21
0.7671417322834645
0
LINE
8
BLACK
6
CONTINUOUS
10
1.4814330708661416
20
0.7671417322834645
11
1.4820059055118109
21
0.7710735433070866
0
LINE
8
BLACK
6
CONTINUOUS
10
1.4820059055118109
20
0.7710735433070866
11
1.4839981496062993
21
0.7751487007874016
0
LINE
8
BLACK
6
CONTINUOUS
10
1.4839981496062993
20
0.7751487007874016
11
1.4872056299212597
21
0.7783561811023622
0
LINE
8
BLACK
6
CONTINUOUS
10
1.4872056299212597
20
0.7783561811023622
11
1.4912807874015748
21
0.7803484251968503
0
LINE
8
BLACK
6
CONTINUOUS
10
1.4912807874015748
20
0.7803484251968503
11
1.4952125984251967
21
0.7809212598425197
0
LINE
8
BLACK
6
CONTINUOUS
10
1.4952125984251967
20
0.7809212598425197
11
1.5148976377952756
21
0.7809212598425197
0
LINE
8
BLACK
6
CONTINUOUS
10
1.5148976377952756
20
0.7809212598425197
11
1.5188294488188976
21
0.7803484251968503
0
LINE
8
BLACK
6
CONTINUOUS
10
1.6422546456692912
20
0.7779862204724409
11
1.6463298031496063
21
0.7759939763779528
0
LINE
8
BLACK
6
CONTINUOUS
10
1.6463298031496063
20
0.7759939763779528
11
1.649537283464567
21
0.7727864960629921
0
LINE
8
BLACK
6
CONTINUOUS
10
1.649537283464567
20
0.7727864960629921
11
1.6515295275590551
21
0.7687113385826772
0
LINE
8
BLACK
6
CONTINUOUS
10
1.6515295275590551
20
0.7687113385826772
11
1.6521023622047244
21
0.7647795275590551
0
LINE
8
BLACK
6
CONTINUOUS
10
1.6521023622047244
20
0.7647795275590551
11
1.6521023622047244
21
0.7313149606299213
0
LINE
8
BLACK
6
CONTINUOUS
10
1.6521023622047244
20
0.7313149606299213
11
1.6515295275590551
21
0.7273831496062992
0
LINE
8
BLACK
6
CONTINUOUS
10
1.6515295275590551
20
0.7273831496062992
11
1.649537283464567
21
0.7233079921259843
0
LINE
8
BLACK
6
CONTINUOUS
10
1.649537283464567
20
0.7233079921259843
11
1.6463298031496063
21
0.7201005118110236
0
LINE
8
BLACK
6
CONTINUOUS
10
1.6463298031496063
20
0.7201005118110236
11
1.6422546456692912
21
0.7181082677165355
0
LINE
8
BLACK
6
CONTINUOUS
10
1.6422546456692912
20
0.7181082677165355
11
1.6383228346456693
21
0.7175354330708661
0
LINE
8
BLACK
6
CONTINUOUS
10
1.6383228346456693
20
0.7175354330708661
11
1.6028897637795276
21
0.7175354330708661
0
LINE
8
BLACK
6
CONTINUOUS
10
1.6028897637795276
20
0.7175354330708661
11
1.5989579527559055
21
0.7181082677165355
0
LINE
8
BLACK
6
CONTINUOUS
10
1.5989579527559055
20
0.7181082677165355
11
1.5948827952755906
21
0.7201005118110236
0
LINE
8
BLACK
6
CONTINUOUS
10
1.5948827952755906
20
0.7201005118110236
11
1.59167531496063
21
0.7233079921259843
0
LINE
8
BLACK
6
CONTINUOUS
10
1.59167531496063
20
0.7233079921259843
11
1.5896830708661418
21
0.7273831496062992
0
LINE
8
BLACK
6
CONTINUOUS
10
1.5896830708661418
20
0.7273831496062992
11
1.5891102362204723
21
0.7313149606299213
0
LINE
8
BLACK
6
CONTINUOUS
10
1.5891102362204723
20
0.7313149606299213
11
1.5891102362204723
21
0.7647795275590551
0
LINE
8
BLACK
6
CONTINUOUS
10
1.5891102362204723
20
0.7647795275590551
11
1.5896830708661418
21
0.7687113385826772
0
LINE
8
BLACK
6
CONTINUOUS
10
1.5896830708661418
20
0.7687113385826772
11
1.59167531496063
21
0.7727864960629921
0
LINE
8
BLACK
6
CONTINUOUS
10
1.59167531496063
20
0.7727864960629921
11
1.5948827952755906
21
0.7759939763779528
0
LINE
8
BLACK
6
CONTINUOUS
10
1.5948827952755906
20
0.7759939763779528
11
1.5989579527559055
21
0.7779862204724409
0
LINE
8
BLACK
6
CONTINUOUS
10
1.5989579527559055
20
0.7779862204724409
11
1.6028897637795276
21
0.7785590551181102
0
LINE
8
BLACK
6
CONTINUOUS
10
1.6028897637795276
20
0.7785590551181102
11
1.6383228346456693
21
0.7785590551181102
0
LINE
8
BLACK
6
CONTINUOUS
10
1.6383228346456693
20
0.7785590551181102
11
1.6422546456692912
21
0.7779862204724409
0
LINE
8
BLACK
6
CONTINUOUS
10
1.7485538582677165
20
0.7779862204724409
11
1.7526290157480315
21
0.7759939763779528
0
LINE
8
BLACK
6
CONTINUOUS
10
1.7526290157480315
20
0.7759939763779528
11
1.7558364960629922
21
0.7727864960629921
0
LINE
8
BLACK
6
CONTINUOUS
10
1.7558364960629922
20
0.7727864960629921
11
1.7578287401574804
21
0.7687113385826772
0
LINE
8
BLACK
6
CONTINUOUS
10
1.7578287401574804
20
0.7687113385826772
11
1.7584015748031496
21
0.7647795275590551
0
LINE
8
BLACK
6
CONTINUOUS
10
1.7584015748031496
20
0.7647795275590551
11
1.7584015748031496
21
0.7313149606299213
0
LINE
8
BLACK
6
CONTINUOUS
10
1.7584015748031496
20
0.7313149606299213
11
1.7578287401574804
21
0.7273831496062992
0
LINE
8
BLACK
6
CONTINUOUS
10
1.7578287401574804
20
0.7273831496062992
11
1.7558364960629922
21
0.7233079921259843
0
LINE
8
BLACK
6
CONTINUOUS
10
1.7558364960629922
20
0.7233079921259843
11
1.7526290157480315
21
0.7201005118110236
0
LINE
8
BLACK
6
CONTINUOUS
10
1.7526290157480315
20
0.7201005118110236
11
1.7485538582677165
21
0.7181082677165355
0
LINE
8
BLACK
6
CONTINUOUS
10
1.7485538582677165
20
0.7181082677165355
11
1.7446220472440945
21
0.7175354330708661
0
LINE
8
BLACK
6
CONTINUOUS
10
1.7446220472440945
20
0.7175354330708661
11
1.7091889763779526
21
0.7175354330708661
0
LINE
8
BLACK
6
CONTINUOUS
10
1.7091889763779526
20
0.7175354330708661
11
1.7052571653543307
21
0.7181082677165355
0
LINE
8
BLACK
6
CONTINUOUS
10
1.7052571653543307
20
0.7181082677165355
11
1.7011820078740156
21
0.7201005118110236
0
LINE
8
BLACK
6
CONTINUOUS
10
1.7011820078740156
20
0.7201005118110236
11
1.697974527559055
21
0.7233079921259843
0
LINE
8
BLACK
6
CONTINUOUS
10
1.697974527559055
20
0.7233079921259843
11
1.6959822834645668
21
0.7273831496062992
0
LINE
8
BLACK
6
CONTINUOUS
10
1.6959822834645668
20
0.7273831496062992
11
1.6954094488188975
21
0.7313149606299213
0
LINE
8
BLACK
6
CONTINUOUS
10
1.6954094488188975
20
0.7313149606299213
11
1.6954094488188975
21
0.7647795275590551
0
LINE
8
BLACK
6
CONTINUOUS
10
1.6954094488188975
20
0.7647795275590551
11
1.6959822834645668
21
0.7687113385826772
0
LINE
8
BLACK
6
CONTINUOUS
10
1.6959822834645668
20
0.7687113385826772
11
1.697974527559055
21
0.7727864960629921
0
LINE
8
BLACK
6
CONTINUOUS
10
1.697974527559055
20
0.7727864960629921
11
1.7011820078740156
21
0.7759939763779528
0
LINE
8
BLACK
6
CONTINUOUS
10
1.7011820078740156
20
0.7759939763779528
11
1.7052571653543307
21
0.7779862204724409
0
LINE
8
BLACK
6
CONTINUOUS
10
1.7052571653543307
20
0.7779862204724409
11
1.7091889763779526
21
0.7785590551181102
0
LINE
8
BLACK
6
CONTINUOUS
10
1.7091889763779526
20
0.7785590551181102
11
1.7446220472440945
21
0.7785590551181102
0
LINE
8
BLACK
6
CONTINUOUS
10
1.7446220472440945
20
0.7785590551181102
11
1.7485538582677165
21
0.7779862204724409
0
LINE
8
BLACK
6
CONTINUOUS
10
1.853947559055118
20
0.8031648818897638
11
1.8552248425196849
21
0.8023114566929134
0
LINE
8
BLACK
6
CONTINUOUS
10
1.8552248425196849
20
0.8023114566929134
11
1.8560782677165355
21
0.8010341732283465
0
LINE
8
BLACK
6
CONTINUOUS
10
1.8560782677165355
20
0.8010341732283465
11
1.8563779527559054
21
0.7995275590551181
0
LINE
8
BLACK
6
CONTINUOUS
10
1.8563779527559054
20
0.7995275590551181
11
1.8563779527559054
21
0.7404724409448818
0
LINE
8
BLACK
6
CONTINUOUS
10
1.8563779527559054
20
0.7404724409448818
11
1.8560782677165355
21
0.7389658267716536
0
LINE
8
BLACK
6
CONTINUOUS
10
1.8560782677165355
20
0.7389658267716536
11
1.8552248425196849
21
0.7376885433070866
0
LINE
8
BLACK
6
CONTINUOUS
10
1.8552248425196849
20
0.7376885433070866
11
1.853947559055118
21
0.7368351181102362
0
LINE
8
BLACK
6
CONTINUOUS
10
1.853947559055118
20
0.7368351181102362
11
1.8524409448818897
21
0.7365354330708661
0
LINE
8
BLACK
6
CONTINUOUS
10
1.8524409448818897
20
0.7365354330708661
11
1.8012598425196851
21
0.7365354330708661
0
LINE
8
BLACK
6
CONTINUOUS
10
1.8012598425196851
20
0.7365354330708661
11
1.7997532283464566
21
0.7368351181102362
0
LINE
8
BLACK
6
CONTINUOUS
10
1.7997532283464566
20
0.7368351181102362
11
1.7984759448818897
21
0.7376885433070866
0
LINE
8
BLACK
6
CONTINUOUS
10
1.7984759448818897
20
0.7376885433070866
11
1.7976225196850393
21
0.7389658267716536
0
LINE
8
BLACK
6
CONTINUOUS
10
1.7976225196850393
20
0.7389658267716536
11
1.7973228346456693
21
0.7404724409448818
0
LINE
8
BLACK
6
CONTINUOUS
10
1.7973228346456693
20
0.7404724409448818
11
1.7973228346456693
21
0.7995275590551181
0
LINE
8
BLACK
6
CONTINUOUS
10
1.7973228346456693
20
0.7995275590551181
11
1.7976225196850393
21
0.8010341732283465
0
LINE
8
BLACK
6
CONTINUOUS
10
1.7976225196850393
20
0.8010341732283465
11
1.7984759448818897
21
0.8023114566929134
0
LINE
8
BLACK
6
CONTINUOUS
10
1.7984759448818897
20
0.8023114566929134
11
1.7997532283464566
21
0.8031648818897638
0
LINE
8
BLACK
6
CONTINUOUS
10
1.7997532283464566
20
0.8031648818897638
11
1.8012598425196851
21
0.8034645669291338
0
LINE
8
BLACK
6
CONTINUOUS
10
1.8012598425196851
20
0.8034645669291338
11
1.8524409448818897
21
0.8034645669291338
0
LINE
8
BLACK
6
CONTINUOUS
10
1.8524409448818897
20
0.8034645669291338
11
1.853947559055118
21
0.8031648818897638
0
LINE
8
BLACK
6
CONTINUOUS
10
1.9602467716535432
20
0.8031648818897638
11
1.9615240551181101
21
0.8023114566929134
0
LINE
8
BLACK
6
CONTINUOUS
10
1.9615240551181101
20
0.8023114566929134
11
1.9623774803149605
21
0.8010341732283465
0
LINE
8
BLACK
6
CONTINUOUS
10
1.9623774803149605
20
0.8010341732283465
11
1.9626771653543307
21
0.7995275590551181
0
LINE
8
BLACK
6
CONTINUOUS
10
1.9626771653543307
20
0.7995275590551181
11
1.9626771653543307
21
0.7404724409448818
0
LINE
8
BLACK
6
CONTINUOUS
10
1.9626771653543307
20
0.7404724409448818
11
1.9623774803149605
21
0.7389658267716536
0
LINE
8
BLACK
6
CONTINUOUS
10
1.9623774803149605
20
0.7389658267716536
11
1.9615240551181101
21
0.7376885433070866
0
LINE
8
BLACK
6
CONTINUOUS
10
1.9615240551181101
20
0.7376885433070866
11
1.9602467716535432
21
0.7368351181102362
0
LINE
8
BLACK
6
CONTINUOUS
10
1.9602467716535432
20
0.7368351181102362
11
1.9587401574803149
21
0.7365354330708661
0
LINE
8
BLACK
6
CONTINUOUS
10
1.9587401574803149
20
0.7365354330708661
11
1.9075590551181103
21
0.7365354330708661
0
LINE
8
BLACK
6
CONTINUOUS
10
1.9075590551181103
20
0.7365354330708661
11
1.9060524409448818
21
0.7368351181102362
0
LINE
8
BLACK
6
CONTINUOUS
10
1.9060524409448818
20
0.7368351181102362
11
1.9047751574803149
21
0.7376885433070866
0
LINE
8
BLACK
6
CONTINUOUS
10
1.9047751574803149
20
0.7376885433070866
11
1.9039217322834645
21
0.7389658267716536
0
LINE
8
BLACK
6
CONTINUOUS
10
1.9039217322834645
20
0.7389658267716536
11
1.9036220472440943
21
0.7404724409448818
0
LINE
8
BLACK
6
CONTINUOUS
10
1.9036220472440943
20
0.7404724409448818
11
1.9036220472440943
21
0.7995275590551181
0
LINE
8
BLACK
6
CONTINUOUS
10
1.9036220472440943
20
0.7995275590551181
11
1.9039217322834645
21
0.8010341732283465
0
LINE
8
BLACK
6
CONTINUOUS
10
1.9039217322834645
20
0.8010341732283465
11
1.9047751574803149
21
0.8023114566929134
0
LINE
8
BLACK
6
CONTINUOUS
10
1.9047751574803149
20
0.8023114566929134
11
1.9060524409448818
21
0.8031648818897638
0
LINE
8
BLACK
6
CONTINUOUS
10
1.9060524409448818
20
0.8031648818897638
11
1.9075590551181103
21
0.8034645669291338
0
LINE
8
BLACK
6
CONTINUOUS
10
1.9075590551181103
20
0.8034645669291338
11
1.9587401574803149
21
0.8034645669291338
0
LINE
8
BLACK
6
CONTINUOUS
10
1.9587401574803149
20
0.8034645669291338
11
1.9602467716535432
21
0.8031648818897638
0
LINE
8
BLACK
6
CONTINUOUS
10
2.5075538582677166
20
0.8111594488188976
11
2.5116290157480314
21
0.8091672047244094
0
LINE
8
BLACK
6
CONTINUOUS
10
2.5116290157480314
20
0.8091672047244094
11
2.5148364960629919
21
0.8059597244094489
0
LINE
8
BLACK
6
CONTINUOUS
10
2.5148364960629919
20
0.8059597244094489
11
2.51682874015748
21
0.8018845669291338
0
LINE
8
BLACK
6
CONTINUOUS
10
2.51682874015748
20
0.8018845669291338
11
2.5174015748031495
21
0.7979527559055118
0
LINE
8
BLACK
6
CONTINUOUS
10
2.5174015748031495
20
0.7979527559055118
11
2.5174015748031495
21
0.7664566929133858
0
LINE
8
BLACK
6
CONTINUOUS
10
2.5174015748031495
20
0.7664566929133858
11
2.51682874015748
21
0.7625248818897638
0
LINE
8
BLACK
6
CONTINUOUS
10
2.51682874015748
20
0.7625248818897638
11
2.5148364960629919
21
0.7584497244094488
0
LINE
8
BLACK
6
CONTINUOUS
10
2.5148364960629919
20
0.7584497244094488
11
2.5116290157480314
21
0.7552422440944881
0
LINE
8
BLACK
6
CONTINUOUS
10
2.5116290157480314
20
0.7552422440944881
11
2.5075538582677166
21
0.75325
0
LINE
8
BLACK
6
CONTINUOUS
10
2.5075538582677166
20
0.75325
11
2.5036220472440944
21
0.7526771653543307
0
LINE
8
BLACK
6
CONTINUOUS
10
2.5036220472440944
20
0.7526771653543307
11
2.4563779527559055
21
0.7526771653543307
0
LINE
8
BLACK
6
CONTINUOUS
10
2.4563779527559055
20
0.7526771653543307
11
2.4524461417322834
21
0.75325
0
LINE
8
BLACK
6
CONTINUOUS
10
2.4524461417322834
20
0.75325
11
2.4483709842519685
21
0.7552422440944881
0
LINE
8
BLACK
6
CONTINUOUS
10
2.4483709842519685
20
0.7552422440944881
11
2.4451635039370077
21
0.7584497244094488
0
LINE
8
BLACK
6
CONTINUOUS
10
2.4451635039370077
20
0.7584497244094488
11
2.4431712598425195
21
0.7625248818897638
0
LINE
8
BLACK
6
CONTINUOUS
10
2.4431712598425195
20
0.7625248818897638
11
2.4425984251968504
21
0.7664566929133858
0
LINE
8
BLACK
6
CONTINUOUS
10
2.4425984251968504
20
0.7664566929133858
11
2.4425984251968504
21
0.7979527559055118
0
LINE
8
BLACK
6
CONTINUOUS
10
2.4425984251968504
20
0.7979527559055118
11
2.4431712598425195
21
0.8018845669291338
0
LINE
8
BLACK
6
CONTINUOUS
10
2.4431712598425195
20
0.8018845669291338
11
2.4451635039370077
21
0.8059597244094489
0
LINE
8
BLACK
6
CONTINUOUS
10
2.4451635039370077
20
0.8059597244094489
11
2.4483709842519685
21
0.8091672047244094
0
LINE
8
BLACK
6
CONTINUOUS
10
2.4483709842519685
20
0.8091672047244094
11
2.4524461417322834
21
0.8111594488188976
0
LINE
8
BLACK
6
CONTINUOUS
10
2.4524461417322834
20
0.8111594488188976
11
2.4563779527559055
21
0.8117322834645669
0
LINE
8
BLACK
6
CONTINUOUS
10
2.4563779527559055
20
0.8117322834645669
11
2.5036220472440944
21
0.8117322834645669
0
LINE
8
BLACK
6
CONTINUOUS
10
2.5036220472440944
20
0.8117322834645669
11
2.5075538582677166
21
0.8111594488188976
0
LINE
8
BLACK
6
CONTINUOUS
10
2.2915066141732283
20
0.8236373228346456
11
2.2927838976377952
21
0.8227838976377952
0
LINE
8
BLACK
6
CONTINUOUS
10
2.2927838976377952
20
0.8227838976377952
11
2.2936373228346456
21
0.8215066141732283
0
LINE
8
BLACK
6
CONTINUOUS
10
2.2936373228346456
20
0.8215066141732283
11
2.2939370078740158
21
0.82
0
LINE
8
BLACK
6
CONTINUOUS
10
2.2939370078740158
20
0.82
11
2.2939370078740158
21
0.76
0
LINE
8
BLACK
6
CONTINUOUS
10
2.2939370078740158
20
0.76
11
2.2936373228346456
21
0.7584933858267716
0
LINE
8
BLACK
6
CONTINUOUS
10
2.2936373228346456
20
0.7584933858267716
11
2.2927838976377952
21
0.7572161023622047
0
LINE
8
BLACK
6
CONTINUOUS
10
2.2927838976377952
20
0.7572161023622047
11
2.2915066141732283
21
0.7563626771653543
0
LINE
8
BLACK
6
CONTINUOUS
10
2.2915066141732283
20
0.7563626771653543
11
2.29
21
0.7560629921259843
0
LINE
8
BLACK
6
CONTINUOUS
10
2.29
20
0.7560629921259843
11
2.23
21
0.7560629921259843
0
LINE
8
BLACK
6
CONTINUOUS
10
2.23
20
0.7560629921259843
11
2.2284933858267717
21
0.7563626771653543
0
LINE
8
BLACK
6
CONTINUOUS
10
2.2284933858267717
20
0.7563626771653543
11
2.2272161023622048
21
0.7572161023622047
0
LINE
8
BLACK
6
CONTINUOUS
10
2.2272161023622048
20
0.7572161023622047
11
2.2263626771653544
21
0.7584933858267716
0
LINE
8
BLACK
6
CONTINUOUS
10
2.2263626771653544
20
0.7584933858267716
11
2.2260629921259842
21
0.76
0
LINE
8
BLACK
6
CONTINUOUS
10
2.2260629921259842
20
0.76
11
2.2260629921259842
21
0.82
0
LINE
8
BLACK
6
CONTINUOUS
10
2.2260629921259842
20
0.82
11
2.2263626771653544
21
0.8215066141732283
0
LINE
8
BLACK
6
CONTINUOUS
10
2.2263626771653544
20
0.8215066141732283
11
2.2272161023622048
21
0.8227838976377952
0
LINE
8
BLACK
6
CONTINUOUS
10
2.2272161023622048
20
0.8227838976377952
11
2.2284933858267717
21
0.8236373228346456
0
LINE
8
BLACK
6
CONTINUOUS
10
2.2284933858267717
20
0.8236373228346456
11
2.23
21
0.8239370078740157
0
LINE
8
BLACK
6
CONTINUOUS
10
2.23
20
0.8239370078740157
11
2.29
21
0.8239370078740157
0
LINE
8
BLACK
6
CONTINUOUS
10
2.29
20
0.8239370078740157
11
2.2915066141732283
21
0.8236373228346456
0
LINE
8
BLACK
6
CONTINUOUS
10
2.3915066141732284
20
0.8236373228346456
11
2.3927838976377953
21
0.8227838976377952
0
LINE
8
BLACK
6
CONTINUOUS
10
2.3927838976377953
20
0.8227838976377952
11
2.3936373228346457
21
0.8215066141732283
0
LINE
8
BLACK
6
CONTINUOUS
10
2.3936373228346457
20
0.8215066141732283
11
2.3939370078740159
21
0.82
0
LINE
8
BLACK
6
CONTINUOUS
10
2.3939370078740159
20
0.82
11
2.3939370078740159
21
0.76
0
LINE
8
BLACK
6
CONTINUOUS
10
2.3939370078740159
20
0.76
11
2.3936373228346457
21
0.7584933858267716
0
LINE
8
BLACK
6
CONTINUOUS
10
2.3936373228346457
20
0.7584933858267716
11
2.3927838976377953
21
0.7572161023622047
0
LINE
8
BLACK
6
CONTINUOUS
10
2.3927838976377953
20
0.7572161023622047
11
2.3915066141732284
21
0.7563626771653543
0
LINE
8
BLACK
6
CONTINUOUS
10
2.3915066141732284
20
0.7563626771653543
11
2.3900000000000001
21
0.7560629921259843
0
LINE
8
BLACK
6
CONTINUOUS
10
2.3900000000000001
20
0.7560629921259843
11
2.3300000000000001
21
0.7560629921259843
0
LINE
8
BLACK
6
CONTINUOUS
10
2.3300000000000001
20
0.7560629921259843
11
2.3284933858267718
21
0.7563626771653543
0
LINE
8
BLACK
6
CONTINUOUS
10
2.3284933858267718
20
0.7563626771653543
11
2.3272161023622049
21
0.7572161023622047
0
LINE
8
BLACK
6
CONTINUOUS
10
2.3272161023622049
20
0.7572161023622047
11
2.3263626771653545
21
0.7584933858267716
0
LINE
8
BLACK
6
CONTINUOUS
10
2.3263626771653545
20
0.7584933858267716
11
2.3260629921259843
21
0.76
0
LINE
8
BLACK
6
CONTINUOUS
10
2.3260629921259843
20
0.76
11
2.3260629921259843
21
0.82
0
LINE
8
BLACK
6
CONTINUOUS
10
2.3260629921259843
20
0.82
11
2.3263626771653545
21
0.8215066141732283
0
LINE
8
BLACK
6
CONTINUOUS
10
2.3263626771653545
20
0.8215066141732283
11
2.3272161023622049
21
0.8227838976377952
0
LINE
8
BLACK
6
CONTINUOUS
10
2.3272161023622049
20
0.8227838976377952
11
2.3284933858267718
21
0.8236373228346456
0
LINE
8
BLACK
6
CONTINUOUS
10
2.3284933858267718
20
0.8236373228346456
11
2.3300000000000001
21
0.8239370078740157
0
LINE
8
BLACK
6
CONTINUOUS
10
2.3300000000000001
20
0.8239370078740157
11
2.3900000000000001
21
0.8239370078740157
0
LINE
8
BLACK
6
CONTINUOUS
10
2.3900000000000001
20
0.8239370078740157
11
2.3915066141732284
21
0.8236373228346456
0
LINE
8
BLACK
6
CONTINUOUS
10
0.7952074015748032
20
0.9603302362204724
11
0.7964846850393701
21
0.959476811023622
0
LINE
8
BLACK
6
CONTINUOUS
10
0.7964846850393701
20
0.959476811023622
11
0.7973381102362205
21
0.9581995275590551
0
LINE
8
BLACK
6
CONTINUOUS
10
0.7973381102362205
20
0.9581995275590551
11
0.7976377952755905
21
0.9566929133858267
0
LINE
8
BLACK
6
CONTINUOUS
10
0.7976377952755905
20
0.9566929133858267
11
0.7976377952755905
21
0.8070866141732284
0
LINE
8
BLACK
6
CONTINUOUS
10
0.7976377952755905
20
0.8070866141732284
11
0.7973381102362205
21
0.80558
0
LINE
8
BLACK
6
CONTINUOUS
10
0.7973381102362205
20
0.80558
11
0.7964846850393701
21
0.8043027165354331
0
LINE
8
BLACK
6
CONTINUOUS
10
0.7964846850393701
20
0.8043027165354331
11
0.7952074015748032
21
0.8034492913385827
0
LINE
8
BLACK
6
CONTINUOUS
10
0.7952074015748032
20
0.8034492913385827
11
0.7937007874015748
21
0.8031496062992126
0
LINE
8
BLACK
6
CONTINUOUS
10
0.7937007874015748
20
0.8031496062992126
11
0.7543307086614173
21
0.8031496062992126
0
LINE
8
BLACK
6
CONTINUOUS
10
0.7543307086614173
20
0.8031496062992126
11
0.752824094488189
21
0.8034492913385827
0
LINE
8
BLACK
6
CONTINUOUS
10
0.752824094488189
20
0.8034492913385827
11
0.7515468110236221
21
0.8043027165354331
0
LINE
8
BLACK
6
CONTINUOUS
10
0.7515468110236221
20
0.8043027165354331
11
0.7506933858267716
21
0.80558
0
LINE
8
BLACK
6
CONTINUOUS
10
0.7506933858267716
20
0.80558
11
0.7503937007874015
21
0.8070866141732284
0
LINE
8
BLACK
6
CONTINUOUS
10
0.7503937007874015
20
0.8070866141732284
11
0.7503937007874015
21
0.9566929133858267
0
LINE
8
BLACK
6
CONTINUOUS
10
0.7503937007874015
20
0.9566929133858267
11
0.7506933858267716
21
0.9581995275590551
0
LINE
8
BLACK
6
CONTINUOUS
10
0.7506933858267716
20
0.9581995275590551
11
0.7515468110236221
21
0.959476811023622
0
LINE
8
BLACK
6
CONTINUOUS
10
0.7515468110236221
20
0.959476811023622
11
0.752824094488189
21
0.9603302362204724
0
LINE
8
BLACK
6
CONTINUOUS
10
0.752824094488189
20
0.9603302362204724
11
0.7543307086614173
21
0.9606299212598425
0
LINE
8
BLACK
6
CONTINUOUS
10
0.7543307086614173
20
0.9606299212598425
11
0.7937007874015748
21
0.9606299212598425
0
LINE
8
BLACK
6
CONTINUOUS
10
0.7937007874015748
20
0.9606299212598425
11
0.7952074015748032
21
0.9603302362204724
0
LINE
8
BLACK
6
CONTINUOUS
10
2.0471759055118111
20
0.9603302362204724
11
2.048453188976378
21
0.959476811023622
0
LINE
8
BLACK
6
CONTINUOUS
10
2.048453188976378
20
0.959476811023622
11
2.0493066141732283
21
0.9581995275590551
0
LINE
8
BLACK
6
CONTINUOUS
10
2.0493066141732283
20
0.9581995275590551
11
2.0496062992125985
21
0.9566929133858267
0
LINE
8
BLACK
6
CONTINUOUS
10
2.0496062992125985
20
0.9566929133858267
11
2.0496062992125985
21
0.8070866141732284
0
LINE
8
BLACK
6
CONTINUOUS
10
2.0496062992125985
20
0.8070866141732284
11
2.0493066141732283
21
0.80558
0
LINE
8
BLACK
6
CONTINUOUS
10
2.0493066141732283
20
0.80558
11
2.048453188976378
21
0.8043027165354331
0
LINE
8
BLACK
6
CONTINUOUS
10
2.048453188976378
20
0.8043027165354331
11
2.0471759055118111
21
0.8034492913385827
0
LINE
8
BLACK
6
CONTINUOUS
10
2.0471759055118111
20
0.8034492913385827
11
2.0456692913385828
21
0.8031496062992126
0
LINE
8
BLACK
6
CONTINUOUS
10
2.0456692913385828
20
0.8031496062992126
11
2.0062992125984254
21
0.8031496062992126
0
LINE
8
BLACK
6
CONTINUOUS
10
2.0062992125984254
20
0.8031496062992126
11
2.0047925984251966
21
0.8034492913385827
0
LINE
8
BLACK
6
CONTINUOUS
10
2.0047925984251966
20
0.8034492913385827
11
2.0035153149606297
21
0.8043027165354331
0
LINE
8
BLACK
6
CONTINUOUS
10
2.0035153149606297
20
0.8043027165354331
11
2.0026618897637793
21
0.80558
0
LINE
8
BLACK
6
CONTINUOUS
10
2.0026618897637793
20
0.80558
11
2.0023622047244096
21
0.8070866141732284
0
LINE
8
BLACK
6
CONTINUOUS
10
2.0023622047244096
20
0.8070866141732284
11
2.0023622047244096
21
0.9566929133858267
0
LINE
8
BLACK
6
CONTINUOUS
10
2.0023622047244096
20
0.9566929133858267
11
2.0026618897637793
21
0.9581995275590551
0
LINE
8
BLACK
6
CONTINUOUS
10
2.0026618897637793
20
0.9581995275590551
11
2.0035153149606297
21
0.959476811023622
0
LINE
8
BLACK
6
CONTINUOUS
10
2.0035153149606297
20
0.959476811023622
11
2.0047925984251966
21
0.9603302362204724
0
LINE
8
BLACK
6
CONTINUOUS
10
2.0047925984251966
20
0.9603302362204724
11
2.0062992125984254
21
0.9606299212598425
0
LINE
8
BLACK
6
CONTINUOUS
10
2.0062992125984254
20
0.9606299212598425
11
2.0456692913385828
21
0.9606299212598425
0
LINE
8
BLACK
6
CONTINUOUS
10
2.0456692913385828
20
0.9606299212598425
11
2.0471759055118111
21
0.9603302362204724
0
LINE
8
BLACK
6
CONTINUOUS
10
1.4440262992125983
20
0.8988523622047244
11
1.4481014566929133
21
0.8968601181102362
0
LINE
8
BLACK
6
CONTINUOUS
10
1.4481014566929133
20
0.8968601181102362
11
1.451308937007874
21
0.8936526377952756
0
LINE
8
BLACK
6
CONTINUOUS
10
1.451308937007874
20
0.8936526377952756
11
1.4533011811023622
21
0.8895774803149606
0
LINE
8
BLACK
6
CONTINUOUS
10
1.4533011811023622
20
0.8895774803149606
11
1.4538740157480314
21
0.8856456692913386
0
LINE
8
BLACK
6
CONTINUOUS
10
1.4538740157480314
20
0.8856456692913386
11
1.4538740157480314
21
0.8482440944881889
0
LINE
8
BLACK
6
CONTINUOUS
10
1.4538740157480314
20
0.8482440944881889
11
1.4533011811023622
21
0.8443122834645669
0
LINE
8
BLACK
6
CONTINUOUS
10
1.4533011811023622
20
0.8443122834645669
11
1.451308937007874
21
0.8402371259842519
0
LINE
8
BLACK
6
CONTINUOUS
10
1.451308937007874
20
0.8402371259842519
11
1.4481014566929133
21
0.8370296456692913
0
LINE
8
BLACK
6
CONTINUOUS
10
1.4481014566929133
20
0.8370296456692913
11
1.4440262992125983
21
0.8350374015748031
0
LINE
8
BLACK
6
CONTINUOUS
10
1.4440262992125983
20
0.8350374015748031
11
1.4400944881889763
21
0.8344645669291338
0
LINE
8
BLACK
6
CONTINUOUS
10
1.4400944881889763
20
0.8344645669291338
11
1.4204094488188976
21
0.8344645669291338
0
LINE
8
BLACK
6
CONTINUOUS
10
1.4204094488188976
20
0.8344645669291338
11
1.4164776377952755
21
0.8350374015748031
0
LINE
8
BLACK
6
CONTINUOUS
10
1.4164776377952755
20
0.8350374015748031
11
1.4124024803149606
21
0.8370296456692913
0
LINE
8
BLACK
6
CONTINUOUS
10
1.4124024803149606
20
0.8370296456692913
11
1.409195
21
0.8402371259842519
0
LINE
8
BLACK
6
CONTINUOUS
10
1.409195
20
0.8402371259842519
11
1.4072027559055118
21
0.8443122834645669
0
LINE
8
BLACK
6
CONTINUOUS
10
1.4072027559055118
20
0.8443122834645669
11
1.4066299212598425
21
0.8482440944881889
0
LINE
8
BLACK
6
CONTINUOUS
10
1.4066299212598425
20
0.8482440944881889
11
1.4066299212598425
21
0.8856456692913386
0
LINE
8
BLACK
6
CONTINUOUS
10
1.4066299212598425
20
0.8856456692913386
11
1.4072027559055118
21
0.8895774803149606
0
LINE
8
BLACK
6
CONTINUOUS
10
1.4072027559055118
20
0.8895774803149606
11
1.409195
21
0.8936526377952756
0
LINE
8
BLACK
6
CONTINUOUS
10
1.409195
20
0.8936526377952756
11
1.4124024803149606
21
0.8968601181102362
0
LINE
8
BLACK
6
CONTINUOUS
10
1.4124024803149606
20
0.8968601181102362
11
1.4164776377952755
21
0.8988523622047244
0
LINE
8
BLACK
6
CONTINUOUS
10
1.4164776377952755
20
0.8988523622047244
11
1.4204094488188976
21
0.8994251968503937
0
LINE
8
BLACK
6
CONTINUOUS
10
1.4204094488188976
20
0.8994251968503937
11
1.4400944881889763
21
0.8994251968503937
0
LINE
8
BLACK
6
CONTINUOUS
10
1.4400944881889763
20
0.8994251968503937
11
1.4440262992125983
21
0.8988523622047244
0
LINE
8
BLACK
6
CONTINUOUS
10
1.5188294488188976
20
0.8988523622047244
11
1.5229046062992126
21
0.8968601181102362
0
LINE
8
BLACK
6
CONTINUOUS
10
1.5229046062992126
20
0.8968601181102362
11
1.5261120866141733
21
0.8936526377952756
0
LINE
8
BLACK
6
CONTINUOUS
10
1.5261120866141733
20
0.8936526377952756
11
1.5281043307086615
21
0.8895774803149606
0
LINE
8
BLACK
6
CONTINUOUS
10
1.5281043307086615
20
0.8895774803149606
11
1.5286771653543307
21
0.8856456692913386
0
LINE
8
BLACK
6
CONTINUOUS
10
1.5286771653543307
20
0.8856456692913386
11
1.5286771653543307
21
0.8482440944881889
0
LINE
8
BLACK
6
CONTINUOUS
10
1.5286771653543307
20
0.8482440944881889
11
1.5281043307086615
21
0.8443122834645669
0
LINE
8
BLACK
6
CONTINUOUS
10
1.5281043307086615
20
0.8443122834645669
11
1.5261120866141733
21
0.8402371259842519
0
LINE
8
BLACK
6
CONTINUOUS
10
1.5261120866141733
20
0.8402371259842519
11
1.5229046062992126
21
0.8370296456692913
0
LINE
8
BLACK
6
CONTINUOUS
10
1.5229046062992126
20
0.8370296456692913
11
1.5188294488188976
21
0.8350374015748031
0
LINE
8
BLACK
6
CONTINUOUS
10
1.5188294488188976
20
0.8350374015748031
11
1.5148976377952756
21
0.8344645669291338
0
LINE
8
BLACK
6
CONTINUOUS
10
1.5148976377952756
20
0.8344645669291338
11
1.4952125984251967
21
0.8344645669291338
0
LINE
8
BLACK
6
CONTINUOUS
10
1.4952125984251967
20
0.8344645669291338
11
1.4912807874015748
21
0.8350374015748031
0
LINE
8
BLACK
6
CONTINUOUS
10
1.4912807874015748
20
0.8350374015748031
11
1.4872056299212597
21
0.8370296456692913
0
LINE
8
BLACK
6
CONTINUOUS
10
1.4872056299212597
20
0.8370296456692913
11
1.4839981496062993
21
0.8402371259842519
0
LINE
8
BLACK
6
CONTINUOUS
10
1.4839981496062993
20
0.8402371259842519
11
1.4820059055118109
21
0.8443122834645669
0
LINE
8
BLACK
6
CONTINUOUS
10
1.4820059055118109
20
0.8443122834645669
11
1.4814330708661416
21
0.8482440944881889
0
LINE
8
BLACK
6
CONTINUOUS
10
1.4814330708661416
20
0.8482440944881889
11
1.4814330708661416
21
0.8856456692913386
0
LINE
8
BLACK
6
CONTINUOUS
10
1.4814330708661416
20
0.8856456692913386
11
1.4820059055118109
21
0.8895774803149606
0
LINE
8
BLACK
6
CONTINUOUS
10
1.4820059055118109
20
0.8895774803149606
11
1.4839981496062993
21
0.8936526377952756
0
LINE
8
BLACK
6
CONTINUOUS
10
1.4839981496062993
20
0.8936526377952756
11
1.4872056299212597
21
0.8968601181102362
0
LINE
8
BLACK
6
CONTINUOUS
10
1.4872056299212597
20
0.8968601181102362
11
1.4912807874015748
21
0.8988523622047244
0
LINE
8
BLACK
6
CONTINUOUS
10
1.4912807874015748
20
0.8988523622047244
11
1.4952125984251967
21
0.8994251968503937
0
LINE
8
BLACK
6
CONTINUOUS
10
1.4952125984251967
20
0.8994251968503937
11
1.5148976377952756
21
0.8994251968503937
0
LINE
8
BLACK
6
CONTINUOUS
10
1.5148976377952756
20
0.8994251968503937
11
1.5188294488188976
21
0.8988523622047244
0
LINE
8
BLACK
6
CONTINUOUS
10
0.3473747637795275
20
0.9474956299212598
11
0.3554950787401575
21
0.9453198031496063
0
LINE
8
BLACK
6
CONTINUOUS
10
0.3554950787401575
20
0.9453198031496063
11
0.3631141732283464
21
0.941766968503937
0
LINE
8
BLACK
6
CONTINUOUS
10
0.3631141732283464
20
0.941766968503937
11
0.3700005905511811
21
0.9369450393700787
0
LINE
8
BLACK
6
CONTINUOUS
10
0.3700005905511811
20
0.9369450393700787
11
0.3759450393700787
21
0.9310005905511811
0
LINE
8
BLACK
6
CONTINUOUS
10
0.3759450393700787
20
0.9310005905511811
11
0.380766968503937
21
0.9241141732283464
0
LINE
8
BLACK
6
CONTINUOUS
10
0.380766968503937
20
0.9241141732283464
11
0.3843198031496063
21
0.9164950787401575
0
LINE
8
BLACK
6
CONTINUOUS
10
0.3843198031496063
20
0.9164950787401575
11
0.3864956299212599
21
0.9083747637795275
0
LINE
8
BLACK
6
CONTINUOUS
10
0.3864956299212599
20
0.9083747637795275
11
0.3872283464566929
21
0.9
0
LINE
8
BLACK
6
CONTINUOUS
10
0.3872283464566929
20
0.9
11
0.3864956299212599
21
0.8916252362204724
0
LINE
8
BLACK
6
CONTINUOUS
10
0.3864956299212599
20
0.8916252362204724
11
0.3843198031496063
21
0.8835049212598425
0
LINE
8
BLACK
6
CONTINUOUS
10
0.3843198031496063
20
0.8835049212598425
11
0.380766968503937
21
0.8758858267716535
0
LINE
8
BLACK
6
CONTINUOUS
10
0.380766968503937
20
0.8758858267716535
11
0.3759450393700787
21
0.8689994094488189
0
LINE
8
BLACK
6
CONTINUOUS
10
0.3759450393700787
20
0.8689994094488189
11
0.3700005905511811
21
0.8630549606299213
0
LINE
8
BLACK
6
CONTINUOUS
10
0.3700005905511811
20
0.8630549606299213
11
0.3631141732283464
21
0.858233031496063
0
LINE
8
BLACK
6
CONTINUOUS
10
0.3631141732283464
20
0.858233031496063
11
0.3554950787401575
21
0.8546801968503936
0
LINE
8
BLACK
6
CONTINUOUS
10
0.3554950787401575
20
0.8546801968503936
11
0.3473747637795275
21
0.8525043700787401
0
LINE
8
BLACK
6
CONTINUOUS
10
0.3473747637795275
20
0.8525043700787401
11
0.339
21
0.8517716535433071
0
LINE
8
BLACK
6
CONTINUOUS
10
0.339
20
0.8517716535433071
11
0.3306252362204724
21
0.8525043700787401
0
LINE
8
BLACK
6
CONTINUOUS
10
0.3306252362204724
20
0.8525043700787401
11
0.3225049212598425
21
0.8546801968503936
0
LINE
8
BLACK
6
CONTINUOUS
10
0.3225049212598425
20
0.8546801968503936
11
0.3148858267716536
21
0.858233031496063
0
LINE
8
BLACK
6
CONTINUOUS
10
0.3148858267716536
20
0.858233031496063
11
0.3079994094488189
21
0.8630549606299213
0
LINE
8
BLACK
6
CONTINUOUS
10
0.3079994094488189
20
0.8630549606299213
11
0.3020549606299213
21
0.8689994094488189
0
LINE
8
BLACK
6
CONTINUOUS
10
0.3020549606299213
20
0.8689994094488189
11
0.297233031496063
21
0.8758858267716535
0
LINE
8
BLACK
6
CONTINUOUS
10
0.297233031496063
20
0.8758858267716535
11
0.2936801968503937
21
0.8835049212598425
0
LINE
8
BLACK
6
CONTINUOUS
10
0.2936801968503937
20
0.8835049212598425
11
0.2915043700787401
21
0.8916252362204724
0
LINE
8
BLACK
6
CONTINUOUS
10
0.2915043700787401
20
0.8916252362204724
11
0.2907716535433071
21
0.9
0
LINE
8
BLACK
6
CONTINUOUS
10
0.2907716535433071
20
0.9
11
0.2915043700787401
21
0.9083747637795275
0
LINE
8
BLACK
6
CONTINUOUS
10
0.2915043700787401
20
0.9083747637795275
11
0.2936801968503937
21
0.9164950787401575
0
LINE
8
BLACK
6
CONTINUOUS
10
0.2936801968503937
20
0.9164950787401575
11
0.297233031496063
21
0.9241141732283464
0
LINE
8
BLACK
6
CONTINUOUS
10
0.297233031496063
20
0.9241141732283464
11
0.3020549606299213
21
0.9310005905511811
0
LINE
8
BLACK
6
CONTINUOUS
10
0.3020549606299213
20
0.9310005905511811
11
0.3079994094488189
21
0.9369450393700787
0
LINE
8
BLACK
6
CONTINUOUS
10
0.3079994094488189
20
0.9369450393700787
11
0.3148858267716536
21
0.941766968503937
0
LINE
8
BLACK
6
CONTINUOUS
10
0.3148858267716536
20
0.941766968503937
11
0.3225049212598425
21
0.9453198031496063
0
LINE
8
BLACK
6
CONTINUOUS
10
0.3225049212598425
20
0.9453198031496063
11
0.3306252362204724
21
0.9474956299212598
0
LINE
8
BLACK
6
CONTINUOUS
10
0.3306252362204724
20
0.9474956299212598
11
0.339
21
0.9482283464566928
0
LINE
8
BLACK
6
CONTINUOUS
10
0.339
20
0.9482283464566928
11
0.3473747637795275
21
0.9474956299212598
0
LINE
8
BLACK
6
CONTINUOUS
10
0.5473747637795275
20
0.9474956299212598
11
0.5554950787401575
21
0.9453198031496063
0
LINE
8
BLACK
6
CONTINUOUS
10
0.5554950787401575
20
0.9453198031496063
11
0.5631141732283464
21
0.941766968503937
0
LINE
8
BLACK
6
CONTINUOUS
10
0.5631141732283464
20
0.941766968503937
11
0.5700005905511811
21
0.9369450393700787
0
LINE
8
BLACK
6
CONTINUOUS
10
0.5700005905511811
20
0.9369450393700787
11
0.5759450393700787
21
0.9310005905511811
0
LINE
8
BLACK
6
CONTINUOUS
10
0.5759450393700787
20
0.9310005905511811
11
0.5807669685039369
21
0.9241141732283464
0
LINE
8
BLACK
6
CONTINUOUS
10
0.5807669685039369
20
0.9241141732283464
11
0.5843198031496063
21
0.9164950787401575
0
LINE
8
BLACK
6
CONTINUOUS
10
0.5843198031496063
20
0.9164950787401575
11
0.5864956299212598
21
0.9083747637795275
0
LINE
8
BLACK
6
CONTINUOUS
10
0.5864956299212598
20
0.9083747637795275
11
0.5872283464566929
21
0.9
0
LINE
8
BLACK
6
CONTINUOUS
10
0.5872283464566929
20
0.9
11
0.5864956299212598
21
0.8916252362204724
0
LINE
8
BLACK
6
CONTINUOUS
10
0.5864956299212598
20
0.8916252362204724
11
0.5843198031496063
21
0.8835049212598425
0
LINE
8
BLACK
6
CONTINUOUS
10
0.5843198031496063
20
0.8835049212598425
11
0.5807669685039369
21
0.8758858267716535
0
LINE
8
BLACK
6
CONTINUOUS
10
0.5807669685039369
20
0.8758858267716535
11
0.5759450393700787
21
0.8689994094488189
0
LINE
8
BLACK
6
CONTINUOUS
10
0.5759450393700787
20
0.8689994094488189
11
0.5700005905511811
21
0.8630549606299213
0
LINE
8
BLACK
6
CONTINUOUS
10
0.5700005905511811
20
0.8630549606299213
11
0.5631141732283464
21
0.858233031496063
0
LINE
8
BLACK
6
CONTINUOUS
10
0.5631141732283464
20
0.858233031496063
11
0.5554950787401575
21
0.8546801968503936
0
LINE
8
BLACK
6
CONTINUOUS
10
0.5554950787401575
20
0.8546801968503936
11
0.5473747637795275
21
0.8525043700787401
0
LINE
8
BLACK
6
CONTINUOUS
10
0.5473747637795275
20
0.8525043700787401
11
0.539
21
0.8517716535433071
0
LINE
8
BLACK
6
CONTINUOUS
10
0.539
20
0.8517716535433071
11
0.5306252362204724
21
0.8525043700787401
0
LINE
8
BLACK
6
CONTINUOUS
10
0.5306252362204724
20
0.8525043700787401
11
0.5225049212598425
21
0.8546801968503936
0
LINE
8
BLACK
6
CONTINUOUS
10
0.5225049212598425
20
0.8546801968503936
11
0.5148858267716535
21
0.858233031496063
0
LINE
8
BLACK
6
CONTINUOUS
10
0.5148858267716535
20
0.858233031496063
11
0.5079994094488189
21
0.8630549606299213
0
LINE
8
BLACK
6
CONTINUOUS
10
0.5079994094488189
20
0.8630549606299213
11
0.5020549606299213
21
0.8689994094488189
0
LINE
8
BLACK
6
CONTINUOUS
10
0.5020549606299213
20
0.8689994094488189
11
0.497233031496063
21
0.8758858267716535
0
LINE
8
BLACK
6
CONTINUOUS
10
0.497233031496063
20
0.8758858267716535
11
0.4936801968503937
21
0.8835049212598425
0
LINE
8
BLACK
6
CONTINUOUS
10
0.4936801968503937
20
0.8835049212598425
11
0.4915043700787401
21
0.8916252362204724
0
LINE
8
BLACK
6
CONTINUOUS
10
0.4915043700787401
20
0.8916252362204724
11
0.4907716535433071
21
0.9
0
LINE
8
BLACK
6
CONTINUOUS
10
0.4907716535433071
20
0.9
11
0.4915043700787401
21
0.9083747637795275
0
LINE
8
BLACK
6
CONTINUOUS
10
0.4915043700787401
20
0.9083747637795275
11
0.4936801968503937
21
0.9164950787401575
0
LINE
8
BLACK
6
CONTINUOUS
10
0.4936801968503937
20
0.9164950787401575
11
0.497233031496063
21
0.9241141732283464
0
LINE
8
BLACK
6
CONTINUOUS
10
0.497233031496063
20
0.9241141732283464
11
0.5020549606299213
21
0.9310005905511811
0
LINE
8
BLACK
6
CONTINUOUS
10
0.5020549606299213
20
0.9310005905511811
11
0.5079994094488189
21
0.9369450393700787
0
LINE
8
BLACK
6
CONTINUOUS
10
0.5079994094488189
20
0.9369450393700787
11
0.5148858267716535
21
0.941766968503937
0
LINE
8
BLACK
6
CONTINUOUS
10
0.5148858267716535
20
0.941766968503937
11
0.5225049212598425
21
0.9453198031496063
0
LINE
8
BLACK
6
CONTINUOUS
10
0.5225049212598425
20
0.9453198031496063
11
0.5306252362204724
21
0.9474956299212598
0
LINE
8
BLACK
6
CONTINUOUS
10
0.5306252362204724
20
0.9474956299212598
11
0.539
21
0.9482283464566928
0
LINE
8
BLACK
6
CONTINUOUS
10
0.539
20
0.9482283464566928
11
0.5473747637795275
21
0.9474956299212598
0
LINE
8
BLACK
6
CONTINUOUS
10
2.2915066141732283
20
0.9236373228346456
11
2.2927838976377952
21
0.9227838976377952
0
LINE
8
BLACK
6
CONTINUOUS
10
2.2927838976377952
20
0.9227838976377952
11
2.2936373228346456
21
0.9215066141732283
0
LINE
8
BLACK
6
CONTINUOUS
10
2.2936373228346456
20
0.9215066141732283
11
2.2939370078740158
21
0.9199999999999999
0
LINE
8
BLACK
6
CONTINUOUS
10
2.2939370078740158
20
0.9199999999999999
11
2.2939370078740158
21
0.86
0
LINE
8
BLACK
6
CONTINUOUS
10
2.2939370078740158
20
0.86
11
2.2936373228346456
21
0.8584933858267716
0
LINE
8
BLACK
6
CONTINUOUS
10
2.2936373228346456
20
0.8584933858267716
11
2.2927838976377952
21
0.8572161023622047
0
LINE
8
BLACK
6
CONTINUOUS
10
2.2927838976377952
20
0.8572161023622047
11
2.2915066141732283
21
0.8563626771653543
0
LINE
8
BLACK
6
CONTINUOUS
10
2.2915066141732283
20
0.8563626771653543
11
2.29
21
0.8560629921259842
0
LINE
8
BLACK
6
CONTINUOUS
10
2.29
20
0.8560629921259842
11
2.23
21
0.8560629921259842
0
LINE
8
BLACK
6
CONTINUOUS
10
2.23
20
0.8560629921259842
11
2.2284933858267717
21
0.8563626771653543
0
LINE
8
BLACK
6
CONTINUOUS
10
2.2284933858267717
20
0.8563626771653543
11
2.2272161023622048
21
0.8572161023622047
0
LINE
8
BLACK
6
CONTINUOUS
10
2.2272161023622048
20
0.8572161023622047
11
2.2263626771653544
21
0.8584933858267716
0
LINE
8
BLACK
6
CONTINUOUS
10
2.2263626771653544
20
0.8584933858267716
11
2.2260629921259842
21
0.86
0
LINE
8
BLACK
6
CONTINUOUS
10
2.2260629921259842
20
0.86
11
2.2260629921259842
21
0.9199999999999999
0
LINE
8
BLACK
6
CONTINUOUS
10
2.2260629921259842
20
0.9199999999999999
11
2.2263626771653544
21
0.9215066141732283
0
LINE
8
BLACK
6
CONTINUOUS
10
2.2263626771653544
20
0.9215066141732283
11
2.2272161023622048
21
0.9227838976377952
0
LINE
8
BLACK
6
CONTINUOUS
10
2.2272161023622048
20
0.9227838976377952
11
2.2284933858267717
21
0.9236373228346456
0
LINE
8
BLACK
6
CONTINUOUS
10
2.2284933858267717
20
0.9236373228346456
11
2.23
21
0.9239370078740158
0
LINE
8
BLACK
6
CONTINUOUS
10
2.23
20
0.9239370078740158
11
2.29
21
0.9239370078740158
0
LINE
8
BLACK
6
CONTINUOUS
10
2.29
20
0.9239370078740158
11
2.2915066141732283
21
0.9236373228346456
0
LINE
8
BLACK
6
CONTINUOUS
10
2.3915066141732284
20
0.9236373228346456
11
2.3927838976377953
21
0.9227838976377952
0
LINE
8
BLACK
6
CONTINUOUS
10
2.3927838976377953
20
0.9227838976377952
11
2.3936373228346457
21
0.9215066141732283
0
LINE
8
BLACK
6
CONTINUOUS
10
2.3936373228346457
20
0.9215066141732283
11
2.3939370078740159
21
0.9199999999999999
0
LINE
8
BLACK
6
CONTINUOUS
10
2.3939370078740159
20
0.9199999999999999
11
2.3939370078740159
21
0.86
0
LINE
8
BLACK
6
CONTINUOUS
10
2.3939370078740159
20
0.86
11
2.3936373228346457
21
0.8584933858267716
0
LINE
8
BLACK
6
CONTINUOUS
10
2.3936373228346457
20
0.8584933858267716
11
2.3927838976377953
21
0.8572161023622047
0
LINE
8
BLACK
6
CONTINUOUS
10
2.3927838976377953
20
0.8572161023622047
11
2.3915066141732284
21
0.8563626771653543
0
LINE
8
BLACK
6
CONTINUOUS
10
2.3915066141732284
20
0.8563626771653543
11
2.3900000000000001
21
0.8560629921259842
0
LINE
8
BLACK
6
CONTINUOUS
10
2.3900000000000001
20
0.8560629921259842
11
2.3300000000000001
21
0.8560629921259842
0
LINE
8
BLACK
6
CONTINUOUS
10
2.3300000000000001
20
0.8560629921259842
11
2.3284933858267718
21
0.8563626771653543
0
LINE
8
BLACK
6
CONTINUOUS
10
2.3284933858267718
20
0.8563626771653543
11
2.3272161023622049
21
0.8572161023622047
0
LINE
8
BLACK
6
CONTINUOUS
10
2.3272161023622049
20
0.8572161023622047
11
2.3263626771653545
21
0.8584933858267716
0
LINE
8
BLACK
6
CONTINUOUS
10
2.3263626771653545
20
0.8584933858267716
11
2.3260629921259843
21
0.86
0
LINE
8
BLACK
6
CONTINUOUS
10
2.3260629921259843
20
0.86
11
2.3260629921259843
21
0.9199999999999999
0
LINE
8
BLACK
6
CONTINUOUS
10
2.3260629921259843
20
0.9199999999999999
11
2.3263626771653545
21
0.9215066141732283
0
LINE
8
BLACK
6
CONTINUOUS
10
2.3263626771653545
20
0.9215066141732283
11
2.3272161023622049
21
0.9227838976377952
0
LINE
8
BLACK
6
CONTINUOUS
10
2.3272161023622049
20
0.9227838976377952
11
2.3284933858267718
21
0.9236373228346456
0
LINE
8
BLACK
6
CONTINUOUS
10
2.3284933858267718
20
0.9236373228346456
11
2.3300000000000001
21
0.9239370078740158
0
LINE
8
BLACK
6
CONTINUOUS
10
2.3300000000000001
20
0.9239370078740158
11
2.3900000000000001
21
0.9239370078740158
0
LINE
8
BLACK
6
CONTINUOUS
10
2.3900000000000001
20
0.9239370078740158
11
2.3915066141732284
21
0.9236373228346456
0
LINE
8
BLACK
6
CONTINUOUS
10
0.881640590551181
20
0.9074397637795275
11
0.8848337401574803
21
0.9053061811023622
0
LINE
8
BLACK
6
CONTINUOUS
10
0.8848337401574803
20
0.9053061811023622
11
0.8869673228346456
21
0.9021130314960629
0
LINE
8
BLACK
6
CONTINUOUS
10
0.8869673228346456
20
0.9021130314960629
11
0.8877165354330708
21
0.8983464566929134
0
LINE
8
BLACK
6
CONTINUOUS
10
0.8877165354330708
20
0.8983464566929134
11
0.8877165354330708
21
0.8865354330708661
0
LINE
8
BLACK
6
CONTINUOUS
10
0.8877165354330708
20
0.8865354330708661
11
0.8869673228346456
21
0.8827688582677166
0
LINE
8
BLACK
6
CONTINUOUS
10
0.8869673228346456
20
0.8827688582677166
11
0.8848337401574803
21
0.8795757086614173
0
LINE
8
BLACK
6
CONTINUOUS
10
0.8848337401574803
20
0.8795757086614173
11
0.881640590551181
21
0.877442125984252
0
LINE
8
BLACK
6
CONTINUOUS
10
0.881640590551181
20
0.877442125984252
11
0.8778740157480315
21
0.8766929133858268
0
LINE
8
BLACK
6
CONTINUOUS
10
0.8778740157480315
20
0.8766929133858268
11
0.8621259842519685
21
0.8766929133858268
0
LINE
8
BLACK
6
CONTINUOUS
10
0.8621259842519685
20
0.8766929133858268
11
0.8583594094488188
21
0.877442125984252
0
LINE
8
BLACK
6
CONTINUOUS
10
0.8583594094488188
20
0.877442125984252
11
0.8551662598425197
21
0.8795757086614173
0
LINE
8
BLACK
6
CONTINUOUS
10
0.8551662598425197
20
0.8795757086614173
11
0.8530326771653544
21
0.8827688582677166
0
LINE
8
BLACK
6
CONTINUOUS
10
0.8530326771653544
20
0.8827688582677166
11
0.8522834645669292
21
0.8865354330708661
0
LINE
8
BLACK
6
CONTINUOUS
10
0.8522834645669292
20
0.8865354330708661
11
0.8522834645669292
21
0.8983464566929134
0
LINE
8
BLACK
6
CONTINUOUS
10
0.8522834645669292
20
0.8983464566929134
11
0.8530326771653544
21
0.9021130314960629
0
LINE
8
BLACK
6
CONTINUOUS
10
0.8530326771653544
20
0.9021130314960629
11
0.8551662598425197
21
0.9053061811023622
0
LINE
8
BLACK
6
CONTINUOUS
10
0.8551662598425197
20
0.9053061811023622
11
0.8583594094488188
21
0.9074397637795275
0
LINE
8
BLACK
6
CONTINUOUS
10
0.8583594094488188
20
0.9074397637795275
11
0.8621259842519685
21
0.9081889763779527
0
LINE
8
BLACK
6
CONTINUOUS
10
0.8621259842519685
20
0.9081889763779527
11
0.8778740157480315
21
0.9081889763779527
0
LINE
8
BLACK
6
CONTINUOUS
10
0.8778740157480315
20
0.9081889763779527
11
0.881640590551181
21
0.9074397637795275
0
LINE
8
BLACK
6
CONTINUOUS
10
1.2469337007874015
20
0.9296585039370079
11
1.2509611023622047
21
0.9277804724409449
0
LINE
8
BLACK
6
CONTINUOUS
10
1.2509611023622047
20
0.9277804724409449
11
1.2541033070866141
21
0.9246382677165355
0
LINE
8
BLACK
6
CONTINUOUS
10
1.2541033070866141
20
0.9246382677165355
11
1.2559813385826772
21
0.9206108661417323
0
LINE
8
BLACK
6
CONTINUOUS
10
1.2559813385826772
20
0.9206108661417323
11
1.2564173228346456
21
0.9172992125984252
0
LINE
8
BLACK
6
CONTINUOUS
10
1.2564173228346456
20
0.9172992125984252
11
1.2564173228346456
21
0.8976141732283465
0
LINE
8
BLACK
6
CONTINUOUS
10
1.2564173228346456
20
0.8976141732283465
11
1.2559813385826772
21
0.8943025196850394
0
LINE
8
BLACK
6
CONTINUOUS
10
1.2559813385826772
20
0.8943025196850394
11
1.2541033070866141
21
0.8902751181102362
0
LINE
8
BLACK
6
CONTINUOUS
10
1.2541033070866141
20
0.8902751181102362
11
1.2509611023622047
21
0.8871329133858268
0
LINE
8
BLACK
6
CONTINUOUS
10
1.2509611023622047
20
0.8871329133858268
11
1.2469337007874015
21
0.8852548818897638
0
LINE
8
BLACK
6
CONTINUOUS
10
1.2469337007874015
20
0.8852548818897638
11
1.2436220472440944
21
0.8848188976377953
0
LINE
8
BLACK
6
CONTINUOUS
10
1.2436220472440944
20
0.8848188976377953
11
1.2259055118110236
21
0.8848188976377953
0
LINE
8
BLACK
6
CONTINUOUS
10
1.2259055118110236
20
0.8848188976377953
11
1.2225938582677165
21
0.8852548818897638
0
LINE
8
BLACK
6
CONTINUOUS
10
1.2225938582677165
20
0.8852548818897638
11
1.2185664566929133
21
0.8871329133858268
0
LINE
8
BLACK
6
CONTINUOUS
10
1.2185664566929133
20
0.8871329133858268
11
1.2154242519685039
21
0.8902751181102362
0
LINE
8
BLACK
6
CONTINUOUS
10
1.2154242519685039
20
0.8902751181102362
11
1.213546220472441
21
0.8943025196850394
0
LINE
8
BLACK
6
CONTINUOUS
10
1.213546220472441
20
0.8943025196850394
11
1.2131102362204724
21
0.8976141732283465
0
LINE
8
BLACK
6
CONTINUOUS
10
1.2131102362204724
20
0.8976141732283465
11
1.2131102362204724
21
0.9172992125984252
0
LINE
8
BLACK
6
CONTINUOUS
10
1.2131102362204724
20
0.9172992125984252
11
1.213546220472441
21
0.9206108661417323
0
LINE
8
BLACK
6
CONTINUOUS
10
1.213546220472441
20
0.9206108661417323
11
1.2154242519685039
21
0.9246382677165355
0
LINE
8
BLACK
6
CONTINUOUS
10
1.2154242519685039
20
0.9246382677165355
11
1.2185664566929133
21
0.9277804724409449
0
LINE
8
BLACK
6
CONTINUOUS
10
1.2185664566929133
20
0.9277804724409449
11
1.2225938582677165
21
0.9296585039370079
0
LINE
8
BLACK
6
CONTINUOUS
10
1.2225938582677165
20
0.9296585039370079
11
1.2259055118110236
21
0.9300944881889763
0
LINE
8
BLACK
6
CONTINUOUS
10
1.2259055118110236
20
0.9300944881889763
11
1.2436220472440944
21
0.9300944881889763
0
LINE
8
BLACK
6
CONTINUOUS
10
1.2436220472440944
20
0.9300944881889763
11
1.2469337007874015
21
0.9296585039370079
0
LINE
8
BLACK
6
CONTINUOUS
10
1.3079573228346457
20
0.9296585039370079
11
1.3119847244094487
21
0.9277804724409449
0
LINE
8
BLACK
6
CONTINUOUS
10
1.3119847244094487
20
0.9277804724409449
11
1.3151269291338583
21
0.9246382677165355
0
LINE
8
BLACK
6
CONTINUOUS
10
1.3151269291338583
20
0.9246382677165355
11
1.3170049606299212
21
0.9206108661417323
0
LINE
8
BLACK
6
CONTINUOUS
10
1.3170049606299212
20
0.9206108661417323
11
1.3174409448818898
21
0.9172992125984252
0
LINE
8
BLACK
6
CONTINUOUS
10
1.3174409448818898
20
0.9172992125984252
11
1.3174409448818898
21
0.8976141732283465
0
LINE
8
BLACK
6
CONTINUOUS
10
1.3174409448818898
20
0.8976141732283465
11
1.3170049606299212
21
0.8943025196850394
0
LINE
8
BLACK
6
CONTINUOUS
10
1.3170049606299212
20
0.8943025196850394
11
1.3151269291338583
21
0.8902751181102362
0
LINE
8
BLACK
6
CONTINUOUS
10
1.3151269291338583
20
0.8902751181102362
11
1.3119847244094487
21
0.8871329133858268
0
LINE
8
BLACK
6
CONTINUOUS
10
1.3119847244094487
20
0.8871329133858268
11
1.3079573228346457
21
0.8852548818897638
0
LINE
8
BLACK
6
CONTINUOUS
10
1.3079573228346457
20
0.8852548818897638
11
1.3046456692913386
21
0.8848188976377953
0
LINE
8
BLACK
6
CONTINUOUS
10
1.3046456692913386
20
0.8848188976377953
11
1.2869291338582678
21
0.8848188976377953
0
LINE
8
BLACK
6
CONTINUOUS
10
1.2869291338582678
20
0.8848188976377953
11
1.2836174803149607
21
0.8852548818897638
0
LINE
8
BLACK
6
CONTINUOUS
10
1.2836174803149607
20
0.8852548818897638
11
1.2795900787401575
21
0.8871329133858268
0
LINE
8
BLACK
6
CONTINUOUS
10
1.2795900787401575
20
0.8871329133858268
11
1.2764478740157481
21
0.8902751181102362
0
LINE
8
BLACK
6
CONTINUOUS
10
1.2764478740157481
20
0.8902751181102362
11
1.274569842519685
21
0.8943025196850394
0
LINE
8
BLACK
6
CONTINUOUS
10
1.274569842519685
20
0.8943025196850394
11
1.2741338582677164
21
0.8976141732283465
0
LINE
8
BLACK
6
CONTINUOUS
10
1.2741338582677164
20
0.8976141732283465
11
1.2741338582677164
21
0.9172992125984252
0
LINE
8
BLACK
6
CONTINUOUS
10
1.2741338582677164
20
0.9172992125984252
11
1.274569842519685
21
0.9206108661417323
0
LINE
8
BLACK
6
CONTINUOUS
10
1.274569842519685
20
0.9206108661417323
11
1.2764478740157481
21
0.9246382677165355
0
LINE
8
BLACK
6
CONTINUOUS
10
1.2764478740157481
20
0.9246382677165355
11
1.2795900787401575
21
0.9277804724409449
0
LINE
8
BLACK
6
CONTINUOUS
10
1.2795900787401575
20
0.9277804724409449
11
1.2836174803149607
21
0.9296585039370079
0
LINE
8
BLACK
6
CONTINUOUS
10
1.2836174803149607
20
0.9296585039370079
11
1.2869291338582678
21
0.9300944881889763
0
LINE
8
BLACK
6
CONTINUOUS
10
1.2869291338582678
20
0.9300944881889763
11
1.3046456692913386
21
0.9300944881889763
0
LINE
8
BLACK
6
CONTINUOUS
10
1.3046456692913386
20
0.9300944881889763
11
1.3079573228346457
21
0.9296585039370079
0
LINE
8
BLACK
6
CONTINUOUS
10
2.5075538582677166
20
0.9489547244094488
11
2.5116290157480314
21
0.9469624803149606
0
LINE
8
BLACK
6
CONTINUOUS
10
2.5116290157480314
20
0.9469624803149606
11
2.5148364960629919
21
0.943755
0
LINE
8
BLACK
6
CONTINUOUS
10
2.5148364960629919
20
0.943755
11
2.51682874015748
21
0.9396798425196851
0
LINE
8
BLACK
6
CONTINUOUS
10
2.51682874015748
20
0.9396798425196851
11
2.5174015748031495
21
0.935748031496063
0
LINE
8
BLACK
6
CONTINUOUS
10
2.5174015748031495
20
0.935748031496063
11
2.5174015748031495
21
0.904251968503937
0
LINE
8
BLACK
6
CONTINUOUS
10
2.5174015748031495
20
0.904251968503937
11
2.51682874015748
21
0.9003201574803149
0
LINE
8
BLACK
6
CONTINUOUS
10
2.51682874015748
20
0.9003201574803149
11
2.5148364960629919
21
0.896245
0
LINE
8
BLACK
6
CONTINUOUS
10
2.5148364960629919
20
0.896245
11
2.5116290157480314
21
0.8930375196850393
0
LINE
8
BLACK
6
CONTINUOUS
10
2.5116290157480314
20
0.8930375196850393
11
2.5075538582677166
21
0.8910452755905511
0
LINE
8
BLACK
6
CONTINUOUS
10
2.5075538582677166
20
0.8910452755905511
11
2.5036220472440944
21
0.8904724409448819
0
LINE
8
BLACK
6
CONTINUOUS
10
2.5036220472440944
20
0.8904724409448819
11
2.4563779527559055
21
0.8904724409448819
0
LINE
8
BLACK
6
CONTINUOUS
10
2.4563779527559055
20
0.8904724409448819
11
2.4524461417322834
21
0.8910452755905511
0
LINE
8
BLACK
6
CONTINUOUS
10
2.4524461417322834
20
0.8910452755905511
11
2.4483709842519685
21
0.8930375196850393
0
LINE
8
BLACK
6
CONTINUOUS
10
2.4483709842519685
20
0.8930375196850393
11
2.4451635039370077
21
0.896245
0
LINE
8
BLACK
6
CONTINUOUS
10
2.4451635039370077
20
0.896245
11
2.4431712598425195
21
0.9003201574803149
0
LINE
8
BLACK
6
CONTINUOUS
10
2.4431712598425195
20
0.9003201574803149
11
2.4425984251968504
21
0.904251968503937
0
LINE
8
BLACK
6
CONTINUOUS
10
2.4425984251968504
20
0.904251968503937
11
2.4425984251968504
21
0.935748031496063
0
LINE
8
BLACK
6
CONTINUOUS
10
2.4425984251968504
20
0.935748031496063
11
2.4431712598425195
21
0.9396798425196851
0
LINE
8
BLACK
6
CONTINUOUS
10
2.4431712598425195
20
0.9396798425196851
11
2.4451635039370077
21
0.943755
0
LINE
8
BLACK
6
CONTINUOUS
10
2.4451635039370077
20
0.943755
11
2.4483709842519685
21
0.9469624803149606
0
LINE
8
BLACK
6
CONTINUOUS
10
2.4483709842519685
20
0.9469624803149606
11
2.4524461417322834
21
0.9489547244094488
0
LINE
8
BLACK
6
CONTINUOUS
10
2.4524461417322834
20
0.9489547244094488
11
2.4563779527559055
21
0.9495275590551181
0
LINE
8
BLACK
6
CONTINUOUS
10
2.4563779527559055
20
0.9495275590551181
11
2.5036220472440944
21
0.9495275590551181
0
LINE
8
BLACK
6
CONTINUOUS
10
2.5036220472440944
20
0.9495275590551181
11
2.5075538582677166
21
0.9489547244094488
0
LINE
8
BLACK
6
CONTINUOUS
10
1.7581989370078739
20
1.0096349212598426
11
1.7605938188976378
21
1.0080347637795275
0
LINE
8
BLACK
6
CONTINUOUS
10
1.7605938188976378
20
1.0080347637795275
11
1.7621939763779526
21
1.0056398818897638
0
LINE
8
BLACK
6
CONTINUOUS
10
1.7621939763779526
20
1.0056398818897638
11
1.7627559055118109
21
1.0028149606299213
0
LINE
8
BLACK
6
CONTINUOUS
10
1.7627559055118109
20
1.0028149606299213
11
1.7627559055118109
21
0.9959251968503937
0
LINE
8
BLACK
6
CONTINUOUS
10
1.7627559055118109
20
0.9959251968503937
11
1.7621939763779526
21
0.9931002755905511
0
LINE
8
BLACK
6
CONTINUOUS
10
1.7621939763779526
20
0.9931002755905511
11
1.7605938188976378
21
0.9907053937007874
0
LINE
8
BLACK
6
CONTINUOUS
10
1.7605938188976378
20
0.9907053937007874
11
1.7588309448818897
21
0.9895275590551181
0
LINE
8
BLACK
6
CONTINUOUS
10
1.7588309448818897
20
0.9895275590551181
11
1.7605938188976378
21
0.98834968503937
0
LINE
8
BLACK
6
CONTINUOUS
10
1.7605938188976378
20
0.98834968503937
11
1.7621939763779526
21
0.9859548031496063
0
LINE
8
BLACK
6
CONTINUOUS
10
1.7621939763779526
20
0.9859548031496063
11
1.7627559055118109
21
0.9831298818897638
0
LINE
8
BLACK
6
CONTINUOUS
10
1.7627559055118109
20
0.9831298818897638
11
1.7627559055118109
21
0.9762401181102361
0
LINE
8
BLACK
6
CONTINUOUS
10
1.7627559055118109
20
0.9762401181102361
11
1.7621939763779526
21
0.9734151968503937
0
LINE
8
BLACK
6
CONTINUOUS
10
1.7621939763779526
20
0.9734151968503937
11
1.7605938188976378
21
0.9710203149606299
0
LINE
8
BLACK
6
CONTINUOUS
10
1.7605938188976378
20
0.9710203149606299
11
1.7588310236220472
21
0.9698425196850393
0
LINE
8
BLACK
6
CONTINUOUS
10
1.7588310236220472
20
0.9698425196850393
11
1.7605938188976378
21
0.9686646850393701
0
LINE
8
BLACK
6
CONTINUOUS
10
1.7605938188976378
20
0.9686646850393701
11
1.7621939763779526
21
0.9662698031496063
0
LINE
8
BLACK
6
CONTINUOUS
10
1.7621939763779526
20
0.9662698031496063
11
1.7627559055118109
21
0.9634448818897637
0
LINE
8
BLACK
6
CONTINUOUS
10
1.7627559055118109
20
0.9634448818897637
11
1.7627559055118109
21
0.9565551181102362
0
LINE
8
BLACK
6
CONTINUOUS
10
1.7627559055118109
20
0.9565551181102362
11
1.7621939763779526
21
0.9537301968503937
0
LINE
8
BLACK
6
CONTINUOUS
10
1.7621939763779526
20
0.9537301968503937
11
1.7605938188976378
21
0.95133531496063
0
LINE
8
BLACK
6
CONTINUOUS
10
1.7605938188976378
20
0.95133531496063
11
1.7588310236220472
21
0.9501575196850394
0
LINE
8
BLACK
6
CONTINUOUS
10
1.7588310236220472
20
0.9501575196850394
11
1.7605938188976378
21
0.94897968503937
0
LINE
8
BLACK
6
CONTINUOUS
10
1.7605938188976378
20
0.94897968503937
11
1.7621939763779526
21
0.9465848031496062
0
LINE
8
BLACK
6
CONTINUOUS
10
1.7621939763779526
20
0.9465848031496062
11
1.7627559055118109
21
0.9437598818897638
0
LINE
8
BLACK
6
CONTINUOUS
10
1.7627559055118109
20
0.9437598818897638
11
1.7627559055118109
21
0.9368701181102362
0
LINE
8
BLACK
6
CONTINUOUS
10
1.7627559055118109
20
0.9368701181102362
11
1.7621939763779526
21
0.9340451968503937
0
LINE
8
BLACK
6
CONTINUOUS
10
1.7621939763779526
20
0.9340451968503937
11
1.7605938188976378
21
0.9316503149606299
0
LINE
8
BLACK
6
CONTINUOUS
10
1.7605938188976378
20
0.9316503149606299
11
1.7588309448818897
21
0.9304724803149607
0
LINE
8
BLACK
6
CONTINUOUS
10
1.7588309448818897
20
0.9304724803149607
11
1.7605938188976378
21
0.9292946062992126
0
LINE
8
BLACK
6
CONTINUOUS
10
1.7605938188976378
20
0.9292946062992126
11
1.7621939763779526
21
0.9268997244094488
0
LINE
8
BLACK
6
CONTINUOUS
10
1.7621939763779526
20
0.9268997244094488
11
1.7627559055118109
21
0.9240748031496063
0
LINE
8
BLACK
6
CONTINUOUS
10
1.7627559055118109
20
0.9240748031496063
11
1.7627559055118109
21
0.9171850393700787
0
LINE
8
BLACK
6
CONTINUOUS
10
1.7627559055118109
20
0.9171850393700787
11
1.7621939763779526
21
0.9143601181102362
0
LINE
8
BLACK
6
CONTINUOUS
10
1.7621939763779526
20
0.9143601181102362
11
1.7605938188976378
21
0.9119652362204724
0
LINE
8
BLACK
6
CONTINUOUS
10
1.7605938188976378
20
0.9119652362204724
11
1.7581989370078739
21
0.9103650787401575
0
LINE
8
BLACK
6
CONTINUOUS
10
1.7581989370078739
20
0.9103650787401575
11
1.7553740157480315
21
0.9098031496062992
0
LINE
8
BLACK
6
CONTINUOUS
10
1.7553740157480315
20
0.9098031496062992
11
1.6982874015748031
21
0.9098031496062992
0
LINE
8
BLACK
6
CONTINUOUS
10
1.6982874015748031
20
0.9098031496062992
11
1.6954624803149605
21
0.9103650787401575
0
LINE
8
BLACK
6
CONTINUOUS
10
1.6954624803149605
20
0.9103650787401575
11
1.6930675984251968
21
0.9119652362204724
0
LINE
8
BLACK
6
CONTINUOUS
10
1.6930675984251968
20
0.9119652362204724
11
1.6914674409448818
21
0.9143601181102362
0
LINE
8
BLACK
6
CONTINUOUS
10
1.6914674409448818
20
0.9143601181102362
11
1.6909055118110237
21
0.9171850393700787
0
LINE
8
BLACK
6
CONTINUOUS
10
1.6909055118110237
20
0.9171850393700787
11
1.6909055118110237
21
0.9240748031496063
0
LINE
8
BLACK
6
CONTINUOUS
10
1.6909055118110237
20
0.9240748031496063
11
1.6914674409448818
21
0.9268997244094488
0
LINE
8
BLACK
6
CONTINUOUS
10
1.6914674409448818
20
0.9268997244094488
11
1.6930675984251968
21
0.9292946062992126
0
LINE
8
BLACK
6
CONTINUOUS
10
1.6930675984251968
20
0.9292946062992126
11
1.6948304330708661
21
0.9304724803149607
0
LINE
8
BLACK
6
CONTINUOUS
10
1.6948304330708661
20
0.9304724803149607
11
1.6930675984251968
21
0.9316503149606299
0
LINE
8
BLACK
6
CONTINUOUS
10
1.6930675984251968
20
0.9316503149606299
11
1.6914674409448818
21
0.9340451968503937
0
LINE
8
BLACK
6
CONTINUOUS
10
1.6914674409448818
20
0.9340451968503937
11
1.6909055118110237
21
0.9368701181102362
0
LINE
8
BLACK
6
CONTINUOUS
10
1.6909055118110237
20
0.9368701181102362
11
1.6909055118110237
21
0.9437598818897638
0
LINE
8
BLACK
6
CONTINUOUS
10
1.6909055118110237
20
0.9437598818897638
11
1.6914674409448818
21
0.9465848031496062
0
LINE
8
BLACK
6
CONTINUOUS
10
1.6914674409448818
20
0.9465848031496062
11
1.6930675984251968
21
0.94897968503937
0
LINE
8
BLACK
6
CONTINUOUS
10
1.6930675984251968
20
0.94897968503937
11
1.6948303543307086
21
0.9501575196850394
0
LINE
8
BLACK
6
CONTINUOUS
10
1.6948303543307086
20
0.9501575196850394
11
1.6930675984251968
21
0.95133531496063
0
LINE
8
BLACK
6
CONTINUOUS
10
1.6930675984251968
20
0.95133531496063
11
1.6914674409448818
21
0.9537301968503937
0
LINE
8
BLACK
6
CONTINUOUS
10
1.6914674409448818
20
0.9537301968503937
11
1.6909055118110237
21
0.9565551181102362
0
LINE
8
BLACK
6
CONTINUOUS
10
1.6909055118110237
20
0.9565551181102362
11
1.6909055118110237
21
0.9634448818897637
0
LINE
8
BLACK
6
CONTINUOUS
10
1.6909055118110237
20
0.9634448818897637
11
1.6914674409448818
21
0.9662698031496063
0
LINE
8
BLACK
6
CONTINUOUS
10
1.6914674409448818
20
0.9662698031496063
11
1.6930675984251968
21
0.9686646850393701
0
LINE
8
BLACK
6
CONTINUOUS
10
1.6930675984251968
20
0.9686646850393701
11
1.6948303543307086
21
0.9698425196850393
0
LINE
8
BLACK
6
CONTINUOUS
10
1.6948303543307086
20
0.9698425196850393
11
1.6930675984251968
21
0.9710203149606299
0
LINE
8
BLACK
6
CONTINUOUS
10
1.6930675984251968
20
0.9710203149606299
11
1.6914674409448818
21
0.9734151968503937
0
LINE
8
BLACK
6
CONTINUOUS
10
1.6914674409448818
20
0.9734151968503937
11
1.6909055118110237
21
0.9762401181102361
0
LINE
8
BLACK
6
CONTINUOUS
10
1.6909055118110237
20
0.9762401181102361
11
1.6909055118110237
21
0.9831298818897638
0
LINE
8
BLACK
6
CONTINUOUS
10
1.6909055118110237
20
0.9831298818897638
11
1.6914674409448818
21
0.9859548031496063
0
LINE
8
BLACK
6
CONTINUOUS
10
1.6914674409448818
20
0.9859548031496063
11
1.6930675984251968
21
0.98834968503937
0
LINE
8
BLACK
6
CONTINUOUS
10
1.6930675984251968
20
0.98834968503937
11
1.6948304330708661
21
0.9895275590551181
0
LINE
8
BLACK
6
CONTINUOUS
10
1.6948304330708661
20
0.9895275590551181
11
1.6930675984251968
21
0.9907053937007874
0
LINE
8
BLACK
6
CONTINUOUS
10
1.6930675984251968
20
0.9907053937007874
11
1.6914674409448818
21
0.9931002755905511
0
LINE
8
BLACK
6
CONTINUOUS
10
1.6914674409448818
20
0.9931002755905511
11
1.6909055118110237
21
0.9959251968503937
0
LINE
8
BLACK
6
CONTINUOUS
10
1.6909055118110237
20
0.9959251968503937
11
1.6909055118110237
21
1.0028149606299213
0
LINE
8
BLACK
6
CONTINUOUS
10
1.6909055118110237
20
1.0028149606299213
11
1.6914674409448818
21
1.0056398818897638
0
LINE
8
BLACK
6
CONTINUOUS
10
1.6914674409448818
20
1.0056398818897638
11
1.6930675984251968
21
1.0080347637795275
0
LINE
8
BLACK
6
CONTINUOUS
10
1.6930675984251968
20
1.0080347637795275
11
1.6954624803149605
21
1.0096349212598426
0
LINE
8
BLACK
6
CONTINUOUS
10
1.6954624803149605
20
1.0096349212598426
11
1.6982874015748031
21
1.0101968503937007
0
LINE
8
BLACK
6
CONTINUOUS
10
1.6982874015748031
20
1.0101968503937007
11
1.7553740157480315
21
1.0101968503937007
0
LINE
8
BLACK
6
CONTINUOUS
10
1.7553740157480315
20
1.0101968503937007
11
1.7581989370078739
21
1.0096349212598426
0
LINE
8
BLACK
6
CONTINUOUS
10
1.9245375196850394
20
1.0096349212598426
11
1.9269324015748031
21
1.0080347637795275
0
LINE
8
BLACK
6
CONTINUOUS
10
1.9269324015748031
20
1.0080347637795275
11
1.9285325590551181
21
1.0056398818897638
0
LINE
8
BLACK
6
CONTINUOUS
10
1.9285325590551181
20
1.0056398818897638
11
1.9290944881889764
21
1.0028149606299213
0
LINE
8
BLACK
6
CONTINUOUS
10
1.9290944881889764
20
1.0028149606299213
11
1.9290944881889764
21
0.9959251968503937
0
LINE
8
BLACK
6
CONTINUOUS
10
1.9290944881889764
20
0.9959251968503937
11
1.9285325590551181
21
0.9931002755905511
0
LINE
8
BLACK
6
CONTINUOUS
10
1.9285325590551181
20
0.9931002755905511
11
1.9269324015748031
21
0.9907053937007874
0
LINE
8
BLACK
6
CONTINUOUS
10
1.9269324015748031
20
0.9907053937007874
11
1.925169527559055
21
0.9895275590551181
0
LINE
8
BLACK
6
CONTINUOUS
10
1.925169527559055
20
0.9895275590551181
11
1.9269324015748031
21
0.98834968503937
0
LINE
8
BLACK
6
CONTINUOUS
10
1.9269324015748031
20
0.98834968503937
11
1.9285325590551181
21
0.9859548031496063
0
LINE
8
BLACK
6
CONTINUOUS
10
1.9285325590551181
20
0.9859548031496063
11
1.9290944881889764
21
0.9831298818897638
0
LINE
8
BLACK
6
CONTINUOUS
10
1.9290944881889764
20
0.9831298818897638
11
1.9290944881889764
21
0.9762401181102361
0
LINE
8
BLACK
6
CONTINUOUS
10
1.9290944881889764
20
0.9762401181102361
11
1.9285325590551181
21
0.9734151968503937
0
LINE
8
BLACK
6
CONTINUOUS
10
1.9285325590551181
20
0.9734151968503937
11
1.9269324015748031
21
0.9710203149606299
0
LINE
8
BLACK
6
CONTINUOUS
10
1.9269324015748031
20
0.9710203149606299
11
1.9251696062992125
21
0.9698425196850393
0
LINE
8
BLACK
6
CONTINUOUS
10
1.9251696062992125
20
0.9698425196850393
11
1.9269324015748031
21
0.9686646850393701
0
LINE
8
BLACK
6
CONTINUOUS
10
1.9269324015748031
20
0.9686646850393701
11
1.9285325590551181
21
0.9662698031496063
0
LINE
8
BLACK
6
CONTINUOUS
10
1.9285325590551181
20
0.9662698031496063
11
1.9290944881889764
21
0.9634448818897637
0
LINE
8
BLACK
6
CONTINUOUS
10
1.9290944881889764
20
0.9634448818897637
11
1.9290944881889764
21
0.9565551181102362
0
LINE
8
BLACK
6
CONTINUOUS
10
1.9290944881889764
20
0.9565551181102362
11
1.9285325590551181
21
0.9537301968503937
0
LINE
8
BLACK
6
CONTINUOUS
10
1.9285325590551181
20
0.9537301968503937
11
1.9269324015748031
21
0.95133531496063
0
LINE
8
BLACK
6
CONTINUOUS
10
1.9269324015748031
20
0.95133531496063
11
1.9251696062992125
21
0.9501575196850394
0
LINE
8
BLACK
6
CONTINUOUS
10
1.9251696062992125
20
0.9501575196850394
11
1.9269324015748031
21
0.94897968503937
0
LINE
8
BLACK
6
CONTINUOUS
10
1.9269324015748031
20
0.94897968503937
11
1.9285325590551181
21
0.9465848031496062
0
LINE
8
BLACK
6
CONTINUOUS
10
1.9285325590551181
20
0.9465848031496062
11
1.9290944881889764
21
0.9437598818897638
0
LINE
8
BLACK
6
CONTINUOUS
10
1.9290944881889764
20
0.9437598818897638
11
1.9290944881889764
21
0.9368701181102362
0
LINE
8
BLACK
6
CONTINUOUS
10
1.9290944881889764
20
0.9368701181102362
11
1.9285325590551181
21
0.9340451968503937
0
LINE
8
BLACK
6
CONTINUOUS
10
1.9285325590551181
20
0.9340451968503937
11
1.9269324015748031
21
0.9316503149606299
0
LINE
8
BLACK
6
CONTINUOUS
10
1.9269324015748031
20
0.9316503149606299
11
1.925169527559055
21
0.9304724803149607
0
LINE
8
BLACK
6
CONTINUOUS
10
1.925169527559055
20
0.9304724803149607
11
1.9269324015748031
21
0.9292946062992126
0
LINE
8
BLACK
6
CONTINUOUS
10
1.9269324015748031
20
0.9292946062992126
11
1.9285325590551181
21
0.9268997244094488
0
LINE
8
BLACK
6
CONTINUOUS
10
1.9285325590551181
20
0.9268997244094488
11
1.9290944881889764
21
0.9240748031496063
0
LINE
8
BLACK
6
CONTINUOUS
10
1.9290944881889764
20
0.9240748031496063
11
1.9290944881889764
21
0.9171850393700787
0
LINE
8
BLACK
6
CONTINUOUS
10
1.9290944881889764
20
0.9171850393700787
11
1.9285325590551181
21
0.9143601181102362
0
LINE
8
BLACK
6
CONTINUOUS
10
1.9285325590551181
20
0.9143601181102362
11
1.9269324015748031
21
0.9119652362204724
0
LINE
8
BLACK
6
CONTINUOUS
10
1.9269324015748031
20
0.9119652362204724
11
1.9245375196850394
21
0.9103650787401575
0
LINE
8
BLACK
6
CONTINUOUS
10
1.9245375196850394
20
0.9103650787401575
11
1.9217125984251968
21
0.9098031496062992
0
LINE
8
BLACK
6
CONTINUOUS
10
1.9217125984251968
20
0.9098031496062992
11
1.8646259842519686
21
0.9098031496062992
0
LINE
8
BLACK
6
CONTINUOUS
10
1.8646259842519686
20
0.9098031496062992
11
1.861801062992126
21
0.9103650787401575
0
LINE
8
BLACK
6
CONTINUOUS
10
1.861801062992126
20
0.9103650787401575
11
1.8594061811023621
21
0.9119652362204724
0
LINE
8
BLACK
6
CONTINUOUS
10
1.8594061811023621
20
0.9119652362204724
11
1.8578060236220473
21
0.9143601181102362
0
LINE
8
BLACK
6
CONTINUOUS
10
1.8578060236220473
20
0.9143601181102362
11
1.8572440944881889
21
0.9171850393700787
0
LINE
8
BLACK
6
CONTINUOUS
10
1.8572440944881889
20
0.9171850393700787
11
1.8572440944881889
21
0.9240748031496063
0
LINE
8
BLACK
6
CONTINUOUS
10
1.8572440944881889
20
0.9240748031496063
11
1.8578060236220473
21
0.9268997244094488
0
LINE
8
BLACK
6
CONTINUOUS
10
1.8578060236220473
20
0.9268997244094488
11
1.8594061811023621
21
0.9292946062992126
0
LINE
8
BLACK
6
CONTINUOUS
10
1.8594061811023621
20
0.9292946062992126
11
1.8611690157480314
21
0.9304724803149607
0
LINE
8
BLACK
6
CONTINUOUS
10
1.8611690157480314
20
0.9304724803149607
11
1.8594061811023621
21
0.9316503149606299
0
LINE
8
BLACK
6
CONTINUOUS
10
1.8594061811023621
20
0.9316503149606299
11
1.8578060236220473
21
0.9340451968503937
0
LINE
8
BLACK
6
CONTINUOUS
10
1.8578060236220473
20
0.9340451968503937
11
1.8572440944881889
21
0.9368701181102362
0
LINE
8
BLACK
6
CONTINUOUS
10
1.8572440944881889
20
0.9368701181102362
11
1.8572440944881889
21
0.9437598818897638
0
LINE
8
BLACK
6
CONTINUOUS
10
1.8572440944881889
20
0.9437598818897638
11
1.8578060236220473
21
0.9465848031496062
0
LINE
8
BLACK
6
CONTINUOUS
10
1.8578060236220473
20
0.9465848031496062
11
1.8594061811023621
21
0.94897968503937
0
LINE
8
BLACK
6
CONTINUOUS
10
1.8594061811023621
20
0.94897968503937
11
1.8611689370078739
21
0.9501575196850394
0
LINE
8
BLACK
6
CONTINUOUS
10
1.8611689370078739
20
0.9501575196850394
11
1.8594061811023621
21
0.95133531496063
0
LINE
8
BLACK
6
CONTINUOUS
10
1.8594061811023621
20
0.95133531496063
11
1.8578060236220473
21
0.9537301968503937
0
LINE
8
BLACK
6
CONTINUOUS
10
1.8578060236220473
20
0.9537301968503937
11
1.8572440944881889
21
0.9565551181102362
0
LINE
8
BLACK
6
CONTINUOUS
10
1.8572440944881889
20
0.9565551181102362
11
1.8572440944881889
21
0.9634448818897637
0
LINE
8
BLACK
6
CONTINUOUS
10
1.8572440944881889
20
0.9634448818897637
11
1.8578060236220473
21
0.9662698031496063
0
LINE
8
BLACK
6
CONTINUOUS
10
1.8578060236220473
20
0.9662698031496063
11
1.8594061811023621
21
0.9686646850393701
0
LINE
8
BLACK
6
CONTINUOUS
10
1.8594061811023621
20
0.9686646850393701
11
1.8611689370078739
21
0.9698425196850393
0
LINE
8
BLACK
6
CONTINUOUS
10
1.8611689370078739
20
0.9698425196850393
11
1.8594061811023621
21
0.9710203149606299
0
LINE
8
BLACK
6
CONTINUOUS
10
1.8594061811023621
20
0.9710203149606299
11
1.8578060236220473
21
0.9734151968503937
0
LINE
8
BLACK
6
CONTINUOUS
10
1.8578060236220473
20
0.9734151968503937
11
1.8572440944881889
21
0.9762401181102361
0
LINE
8
BLACK
6
CONTINUOUS
10
1.8572440944881889
20
0.9762401181102361
11
1.8572440944881889
21
0.9831298818897638
0
LINE
8
BLACK
6
CONTINUOUS
10
1.8572440944881889
20
0.9831298818897638
11
1.8578060236220473
21
0.9859548031496063
0
LINE
8
BLACK
6
CONTINUOUS
10
1.8578060236220473
20
0.9859548031496063
11
1.8594061811023621
21
0.98834968503937
0
LINE
8
BLACK
6
CONTINUOUS
10
1.8594061811023621
20
0.98834968503937
11
1.8611690157480314
21
0.9895275590551181
0
LINE
8
BLACK
6
CONTINUOUS
10
1.8611690157480314
20
0.9895275590551181
11
1.8594061811023621
21
0.9907053937007874
0
LINE
8
BLACK
6
CONTINUOUS
10
1.8594061811023621
20
0.9907053937007874
11
1.8578060236220473
21
0.9931002755905511
0
LINE
8
BLACK
6
CONTINUOUS
10
1.8578060236220473
20
0.9931002755905511
11
1.8572440944881889
21
0.9959251968503937
0
LINE
8
BLACK
6
CONTINUOUS
10
1.8572440944881889
20
0.9959251968503937
11
1.8572440944881889
21
1.0028149606299213
0
LINE
8
BLACK
6
CONTINUOUS
10
1.8572440944881889
20
1.0028149606299213
11
1.8578060236220473
21
1.0056398818897638
0
LINE
8
BLACK
6
CONTINUOUS
10
1.8578060236220473
20
1.0056398818897638
11
1.8594061811023621
21
1.0080347637795275
0
LINE
8
BLACK
6
CONTINUOUS
10
1.8594061811023621
20
1.0080347637795275
11
1.861801062992126
21
1.0096349212598426
0
LINE
8
BLACK
6
CONTINUOUS
10
1.861801062992126
20
1.0096349212598426
11
1.8646259842519686
21
1.0101968503937007
0
LINE
8
BLACK
6
CONTINUOUS
10
1.8646259842519686
20
1.0101968503937007
11
1.9217125984251968
21
1.0101968503937007
0
LINE
8
BLACK
6
CONTINUOUS
10
1.9217125984251968
20
1.0101968503937007
11
1.9245375196850394
21
1.0096349212598426
0
LINE
8
BLACK
6
CONTINUOUS
10
0.881640590551181
20
0.962557874015748
11
0.8848337401574803
21
0.9604242913385826
0
LINE
8
BLACK
6
CONTINUOUS
10
0.8848337401574803
20
0.9604242913385826
11
0.8869673228346456
21
0.9572311417322834
0
LINE
8
BLACK
6
CONTINUOUS
10
0.8869673228346456
20
0.9572311417322834
11
0.8877165354330708
21
0.9534645669291338
0
LINE
8
BLACK
6
CONTINUOUS
10
0.8877165354330708
20
0.9534645669291338
11
0.8877165354330708
21
0.9416535433070866
0
LINE
8
BLACK
6
CONTINUOUS
10
0.8877165354330708
20
0.9416535433070866
11
0.8869673228346456
21
0.9378869685039369
0
LINE
8
BLACK
6
CONTINUOUS
10
0.8869673228346456
20
0.9378869685039369
11
0.8848337401574803
21
0.9346938188976378
0
LINE
8
BLACK
6
CONTINUOUS
10
0.8848337401574803
20
0.9346938188976378
11
0.881640590551181
21
0.9325602362204725
0
LINE
8
BLACK
6
CONTINUOUS
10
0.881640590551181
20
0.9325602362204725
11
0.8778740157480315
21
0.9318110236220473
0
LINE
8
BLACK
6
CONTINUOUS
10
0.8778740157480315
20
0.9318110236220473
11
0.8621259842519685
21
0.9318110236220473
0
LINE
8
BLACK
6
CONTINUOUS
10
0.8621259842519685
20
0.9318110236220473
11
0.8583594094488188
21
0.9325602362204725
0
LINE
8
BLACK
6
CONTINUOUS
10
0.8583594094488188
20
0.9325602362204725
11
0.8551662598425197
21
0.9346938188976378
0
LINE
8
BLACK
6
CONTINUOUS
10
0.8551662598425197
20
0.9346938188976378
11
0.8530326771653544
21
0.9378869685039369
0
LINE
8
BLACK
6
CONTINUOUS
10
0.8530326771653544
20
0.9378869685039369
11
0.8522834645669292
21
0.9416535433070866
0
LINE
8
BLACK
6
CONTINUOUS
10
0.8522834645669292
20
0.9416535433070866
11
0.8522834645669292
21
0.9534645669291338
0
LINE
8
BLACK
6
CONTINUOUS
10
0.8522834645669292
20
0.9534645669291338
11
0.8530326771653544
21
0.9572311417322834
0
LINE
8
BLACK
6
CONTINUOUS
10
0.8530326771653544
20
0.9572311417322834
11
0.8551662598425197
21
0.9604242913385826
0
LINE
8
BLACK
6
CONTINUOUS
10
0.8551662598425197
20
0.9604242913385826
11
0.8583594094488188
21
0.962557874015748
0
LINE
8
BLACK
6
CONTINUOUS
10
0.8583594094488188
20
0.962557874015748
11
0.8621259842519685
21
0.9633070866141732
0
LINE
8
BLACK
6
CONTINUOUS
10
0.8621259842519685
20
0.9633070866141732
11
0.8778740157480315
21
0.9633070866141732
0
LINE
8
BLACK
6
CONTINUOUS
10
0.8778740157480315
20
0.9633070866141732
11
0.881640590551181
21
0.962557874015748
0
LINE
8
BLACK
6
CONTINUOUS
10
1.4440262992125983
20
1.0173562992125984
11
1.4481014566929133
21
1.0153640551181102
0
LINE
8
BLACK
6
CONTINUOUS
10
1.4481014566929133
20
1.0153640551181102
11
1.451308937007874
21
1.0121565748031496
0
LINE
8
BLACK
6
CONTINUOUS
10
1.451308937007874
20
1.0121565748031496
11
1.4533011811023622
21
1.0080814173228345
0
LINE
8
BLACK
6
CONTINUOUS
10
1.4533011811023622
20
1.0080814173228345
11
1.4538740157480314
21
1.0041496062992126
0
LINE
8
BLACK
6
CONTINUOUS
10
1.4538740157480314
20
1.0041496062992126
11
1.4538740157480314
21
0.9667480314960629
0
LINE
8
BLACK
6
CONTINUOUS
10
1.4538740157480314
20
0.9667480314960629
11
1.4533011811023622
21
0.962816220472441
0
LINE
8
BLACK
6
CONTINUOUS
10
1.4533011811023622
20
0.962816220472441
11
1.451308937007874
21
0.9587410629921259
0
LINE
8
BLACK
6
CONTINUOUS
10
1.451308937007874
20
0.9587410629921259
11
1.4481014566929133
21
0.9555335826771654
0
LINE
8
BLACK
6
CONTINUOUS
10
1.4481014566929133
20
0.9555335826771654
11
1.4440262992125983
21
0.9535413385826771
0
LINE
8
BLACK
6
CONTINUOUS
10
1.4440262992125983
20
0.9535413385826771
11
1.4400944881889763
21
0.9529685039370078
0
LINE
8
BLACK
6
CONTINUOUS
10
1.4400944881889763
20
0.9529685039370078
11
1.4204094488188976
21
0.9529685039370078
0
LINE
8
BLACK
6
CONTINUOUS
10
1.4204094488188976
20
0.9529685039370078
11
1.4164776377952755
21
0.9535413385826771
0
LINE
8
BLACK
6
CONTINUOUS
10
1.4164776377952755
20
0.9535413385826771
11
1.4124024803149606
21
0.9555335826771654
0
LINE
8
BLACK
6
CONTINUOUS
10
1.4124024803149606
20
0.9555335826771654
11
1.409195
21
0.9587410629921259
0
LINE
8
BLACK
6
CONTINUOUS
10
1.409195
20
0.9587410629921259
11
1.4072027559055118
21
0.962816220472441
0
LINE
8
BLACK
6
CONTINUOUS
10
1.4072027559055118
20
0.962816220472441
11
1.4066299212598425
21
0.9667480314960629
0
LINE
8
BLACK
6
CONTINUOUS
10
1.4066299212598425
20
0.9667480314960629
11
1.4066299212598425
21
1.0041496062992126
0
LINE
8
BLACK
6
CONTINUOUS
10
1.4066299212598425
20
1.0041496062992126
11
1.4072027559055118
21
1.0080814173228345
0
LINE
8
BLACK
6
CONTINUOUS
10
1.4072027559055118
20
1.0080814173228345
11
1.409195
21
1.0121565748031496
0
LINE
8
BLACK
6
CONTINUOUS
10
1.409195
20
1.0121565748031496
11
1.4124024803149606
21
1.0153640551181102
0
LINE
8
BLACK
6
CONTINUOUS
10
1.4124024803149606
20
1.0153640551181102
11
1.4164776377952755
21
1.0173562992125984
0
LINE
8
BLACK
6
CONTINUOUS
10
1.4164776377952755
20
1.0173562992125984
11
1.4204094488188976
21
1.0179291338582677
0
LINE
8
BLACK
6
CONTINUOUS
10
1.4204094488188976
20
1.0179291338582677
11
1.4400944881889763
21
1.0179291338582677
0
LINE
8
BLACK
6
CONTINUOUS
10
1.4400944881889763
20
1.0179291338582677
11
1.4440262992125983
21
1.0173562992125984
0
LINE
8
BLACK
6
CONTINUOUS
10
1.5188294488188976
20
1.0173562992125984
11
1.5229046062992126
21
1.0153640551181102
0
LINE
8
BLACK
6
CONTINUOUS
10
1.5229046062992126
20
1.0153640551181102
11
1.5261120866141733
21
1.0121565748031496
0
LINE
8
BLACK
6
CONTINUOUS
10
1.5261120866141733
20
1.0121565748031496
11
1.5281043307086615
21
1.0080814173228345
0
LINE
8
BLACK
6
CONTINUOUS
10
1.5281043307086615
20
1.0080814173228345
11
1.5286771653543307
21
1.0041496062992126
0
LINE
8
BLACK
6
CONTINUOUS
10
1.5286771653543307
20
1.0041496062992126
11
1.5286771653543307
21
0.9667480314960629
0
LINE
8
BLACK
6
CONTINUOUS
10
1.5286771653543307
20
0.9667480314960629
11
1.5281043307086615
21
0.962816220472441
0
LINE
8
BLACK
6
CONTINUOUS
10
1.5281043307086615
20
0.962816220472441
11
1.5261120866141733
21
0.9587410629921259
0
LINE
8
BLACK
6
CONTINUOUS
10
1.5261120866141733
20
0.9587410629921259
11
1.5229046062992126
21
0.9555335826771654
0
LINE
8
BLACK
6
CONTINUOUS
10
1.5229046062992126
20
0.9555335826771654
11
1.5188294488188976
21
0.9535413385826771
0
LINE
8
BLACK
6
CONTINUOUS
10
1.5188294488188976
20
0.9535413385826771
11
1.5148976377952756
21
0.9529685039370078
0
LINE
8
BLACK
6
CONTINUOUS
10
1.5148976377952756
20
0.9529685039370078
11
1.4952125984251967
21
0.9529685039370078
0
LINE
8
BLACK
6
CONTINUOUS
10
1.4952125984251967
20
0.9529685039370078
11
1.4912807874015748
21
0.9535413385826771
0
LINE
8
BLACK
6
CONTINUOUS
10
1.4912807874015748
20
0.9535413385826771
11
1.4872056299212597
21
0.9555335826771654
0
LINE
8
BLACK
6
CONTINUOUS
10
1.4872056299212597
20
0.9555335826771654
11
1.4839981496062993
21
0.9587410629921259
0
LINE
8
BLACK
6
CONTINUOUS
10
1.4839981496062993
20
0.9587410629921259
11
1.4820059055118109
21
0.962816220472441
0
LINE
8
BLACK
6
CONTINUOUS
10
1.4820059055118109
20
0.962816220472441
11
1.4814330708661416
21
0.9667480314960629
0
LINE
8
BLACK
6
CONTINUOUS
10
1.4814330708661416
20
0.9667480314960629
11
1.4814330708661416
21
1.0041496062992126
0
LINE
8
BLACK
6
CONTINUOUS
10
1.4814330708661416
20
1.0041496062992126
11
1.4820059055118109
21
1.0080814173228345
0
LINE
8
BLACK
6
CONTINUOUS
10
1.4820059055118109
20
1.0080814173228345
11
1.4839981496062993
21
1.0121565748031496
0
LINE
8
BLACK
6
CONTINUOUS
10
1.4839981496062993
20
1.0121565748031496
11
1.4872056299212597
21
1.0153640551181102
0
LINE
8
BLACK
6
CONTINUOUS
10
1.4872056299212597
20
1.0153640551181102
11
1.4912807874015748
21
1.0173562992125984
0
LINE
8
BLACK
6
CONTINUOUS
10
1.4912807874015748
20
1.0173562992125984
11
1.4952125984251967
21
1.0179291338582677
0
LINE
8
BLACK
6
CONTINUOUS
10
1.4952125984251967
20
1.0179291338582677
11
1.5148976377952756
21
1.0179291338582677
0
LINE
8
BLACK
6
CONTINUOUS
10
1.5148976377952756
20
1.0179291338582677
11
1.5188294488188976
21
1.0173562992125984
0
LINE
8
BLACK
6
CONTINUOUS
10
0.451120905511811
20
1.0426005511811023
11
0.4587423622047244
21
1.0396479921259842
0
LINE
8
BLACK
6
CONTINUOUS
10
0.4587423622047244
20
1.0396479921259842
11
0.4656914960629921
21
1.0353452362204725
0
LINE
8
BLACK
6
CONTINUOUS
10
0.4656914960629921
20
1.0353452362204725
11
0.4717316929133858
21
1.0298388976377952
0
LINE
8
BLACK
6
CONTINUOUS
10
0.4717316929133858
20
1.0298388976377952
11
0.4766572440944882
21
1.0233163779527559
0
LINE
8
BLACK
6
CONTINUOUS
10
0.4766572440944882
20
1.0233163779527559
11
0.4803004330708661
21
1.0159998818897638
0
LINE
8
BLACK
6
CONTINUOUS
10
0.4803004330708661
20
1.0159998818897638
11
0.4825372047244094
21
1.0081385039370079
0
LINE
8
BLACK
6
CONTINUOUS
10
0.4825372047244094
20
1.0081385039370079
11
0.4832913385826771
21
1.
0
LINE
8
BLACK
6
CONTINUOUS
10
0.4832913385826771
20
1.
11
0.4825372047244094
21
0.9918614960629921
0
LINE
8
BLACK
6
CONTINUOUS
10
0.4825372047244094
20
0.9918614960629921
11
0.4803004330708661
21
0.9840001181102362
0
LINE
8
BLACK
6
CONTINUOUS
10
0.4803004330708661
20
0.9840001181102362
11
0.4766572440944882
21
0.9766836220472441
0
LINE
8
BLACK
6
CONTINUOUS
10
0.4766572440944882
20
0.9766836220472441
11
0.4717316929133858
21
0.9701611023622047
0
LINE
8
BLACK
6
CONTINUOUS
10
0.4717316929133858
20
0.9701611023622047
11
0.4656914960629921
21
0.9646547637795275
0
LINE
8
BLACK
6
CONTINUOUS
10
0.4656914960629921
20
0.9646547637795275
11
0.4587423622047244
21
0.9603520078740158
0
LINE
8
BLACK
6
CONTINUOUS
10
0.4587423622047244
20
0.9603520078740158
11
0.451120905511811
21
0.9573994488188976
0
LINE
8
BLACK
6
CONTINUOUS
10
0.451120905511811
20
0.9573994488188976
11
0.4430866929133858
21
0.9558975984251968
0
LINE
8
BLACK
6
CONTINUOUS
10
0.4430866929133858
20
0.9558975984251968
11
0.4349133070866142
21
0.9558975984251968
0
LINE
8
BLACK
6
CONTINUOUS
10
0.4349133070866142
20
0.9558975984251968
11
0.4268790944881889
21
0.9573994488188976
0
LINE
8
BLACK
6
CONTINUOUS
10
0.4268790944881889
20
0.9573994488188976
11
0.4192576377952756
21
0.9603520078740158
0
LINE
8
BLACK
6
CONTINUOUS
10
0.4192576377952756
20
0.9603520078740158
11
0.4123085039370079
21
0.9646547637795275
0
LINE
8
BLACK
6
CONTINUOUS
10
0.4123085039370079
20
0.9646547637795275
11
0.4062683070866142
21
0.9701611023622047
0
LINE
8
BLACK
6
CONTINUOUS
10
0.4062683070866142
20
0.9701611023622047
11
0.4013427559055118
21
0.9766836220472441
0
LINE
8
BLACK
6
CONTINUOUS
10
0.4013427559055118
20
0.9766836220472441
11
0.3976995669291338
21
0.9840001181102362
0
LINE
8
BLACK
6
CONTINUOUS
10
0.3976995669291338
20
0.9840001181102362
11
0.3954627952755905
21
0.9918614960629921
0
LINE
8
BLACK
6
CONTINUOUS
10
0.3954627952755905
20
0.9918614960629921
11
0.3947086614173228
21
1.
0
LINE
8
BLACK
6
CONTINUOUS
10
0.3947086614173228
20
1.
11
0.3954627952755905
21
1.0081385039370079
0
LINE
8
BLACK
6
CONTINUOUS
10
0.3954627952755905
20
1.0081385039370079
11
0.3976995669291338
21
1.0159998818897638
0
LINE
8
BLACK
6
CONTINUOUS
10
0.3976995669291338
20
1.0159998818897638
11
0.4013427559055118
21
1.0233163779527559
0
LINE
8
BLACK
6
CONTINUOUS
10
0.4013427559055118
20
1.0233163779527559
11
0.4062683070866142
21
1.0298388976377952
0
LINE
8
BLACK
6
CONTINUOUS
10
0.4062683070866142
20
1.0298388976377952
11
0.4123085039370079
21
1.0353452362204725
0
LINE
8
BLACK
6
CONTINUOUS
10
0.4123085039370079
20
1.0353452362204725
11
0.4192576377952756
21
1.0396479921259842
0
LINE
8
BLACK
6
CONTINUOUS
10
0.4192576377952756
20
1.0396479921259842
11
0.4268790944881889
21
1.0426005511811023
0
LINE
8
BLACK
6
CONTINUOUS
10
0.4268790944881889
20
1.0426005511811023
11
0.4349133070866142
21
1.0441024015748031
0
LINE
8
BLACK
6
CONTINUOUS
10
0.4349133070866142
20
1.0441024015748031
11
0.4430866929133858
21
1.0441024015748031
0
LINE
8
BLACK
6
CONTINUOUS
10
0.4430866929133858
20
1.0441024015748031
11
0.451120905511811
21
1.0426005511811023
0
LINE
8
BLACK
6
CONTINUOUS
10
0.5616581102362205
20
1.022201811023622
11
0.5656855118110236
21
1.020323779527559
0
LINE
8
BLACK
6
CONTINUOUS
10
0.5656855118110236
20
1.020323779527559
11
0.5688277165354331
21
1.0171815748031496
0
LINE
8
BLACK
6
CONTINUOUS
10
0.5688277165354331
20
1.0171815748031496
11
0.5707057480314961
21
1.0131541732283464
0
LINE
8
BLACK
6
CONTINUOUS
10
0.5707057480314961
20
1.0131541732283464
11
0.5711417322834645
21
1.0098425196850394
0
LINE
8
BLACK
6
CONTINUOUS
10
0.5711417322834645
20
1.0098425196850394
11
0.5711417322834645
21
0.9901574803149606
0
LINE
8
BLACK
6
CONTINUOUS
10
0.5711417322834645
20
0.9901574803149606
11
0.5707057480314961
21
0.9868458267716536
0
LINE
8
BLACK
6
CONTINUOUS
10
0.5707057480314961
20
0.9868458267716536
11
0.5688277165354331
21
0.9828184251968504
0
LINE
8
BLACK
6
CONTINUOUS
10
0.5688277165354331
20
0.9828184251968504
11
0.5656855118110236
21
0.979676220472441
0
LINE
8
BLACK
6
CONTINUOUS
10
0.5656855118110236
20
0.979676220472441
11
0.5616581102362205
21
0.9777981889763779
0
LINE
8
BLACK
6
CONTINUOUS
10
0.5616581102362205
20
0.9777981889763779
11
0.5583464566929134
21
0.9773622047244094
0
LINE
8
BLACK
6
CONTINUOUS
10
0.5583464566929134
20
0.9773622047244094
11
0.5406299212598425
21
0.9773622047244094
0
LINE
8
BLACK
6
CONTINUOUS
10
0.5406299212598425
20
0.9773622047244094
11
0.5373182677165355
21
0.9777981889763779
0
LINE
8
BLACK
6
CONTINUOUS
10
0.5373182677165355
20
0.9777981889763779
11
0.5332908661417323
21
0.979676220472441
0
LINE
8
BLACK
6
CONTINUOUS
10
0.5332908661417323
20
0.979676220472441
11
0.5301486614173229
21
0.9828184251968504
0
LINE
8
BLACK
6
CONTINUOUS
10
0.5301486614173229
20
0.9828184251968504
11
0.5282706299212598
21
0.9868458267716536
0
LINE
8
BLACK
6
CONTINUOUS
10
0.5282706299212598
20
0.9868458267716536
11
0.5278346456692913
21
0.9901574803149606
0
LINE
8
BLACK
6
CONTINUOUS
10
0.5278346456692913
20
0.9901574803149606
11
0.5278346456692913
21
1.0098425196850394
0
LINE
8
BLACK
6
CONTINUOUS
10
0.5278346456692913
20
1.0098425196850394
11
0.5282706299212598
21
1.0131541732283464
0
LINE
8
BLACK
6
CONTINUOUS
10
0.5282706299212598
20
1.0131541732283464
11
0.5301486614173229
21
1.0171815748031496
0
LINE
8
BLACK
6
CONTINUOUS
10
0.5301486614173229
20
1.0171815748031496
11
0.5332908661417323
21
1.020323779527559
0
LINE
8
BLACK
6
CONTINUOUS
10
0.5332908661417323
20
1.020323779527559
11
0.5373182677165355
21
1.022201811023622
0
LINE
8
BLACK
6
CONTINUOUS
10
0.5373182677165355
20
1.022201811023622
11
0.5406299212598425
21
1.0226377952755905
0
LINE
8
BLACK
6
CONTINUOUS
10
0.5406299212598425
20
1.0226377952755905
11
0.5583464566929134
21
1.0226377952755905
0
LINE
8
BLACK
6
CONTINUOUS
10
0.5583464566929134
20
1.0226377952755905
11
0.5616581102362205
21
1.022201811023622
0
LINE
8
BLACK
6
CONTINUOUS
10
0.6226817322834646
20
1.022201811023622
11
0.6267091338582677
21
1.020323779527559
0
LINE
8
BLACK
6
CONTINUOUS
10
0.6267091338582677
20
1.020323779527559
11
0.6298513385826772
21
1.0171815748031496
0
LINE
8
BLACK
6
CONTINUOUS
10
0.6298513385826772
20
1.0171815748031496
11
0.6317293700787402
21
1.0131541732283464
0
LINE
8
BLACK
6
CONTINUOUS
10
0.6317293700787402
20
1.0131541732283464
11
0.6321653543307086
21
1.0098425196850394
0
LINE
8
BLACK
6
CONTINUOUS
10
0.6321653543307086
20
1.0098425196850394
11
0.6321653543307086
21
0.9901574803149606
0
LINE
8
BLACK
6
CONTINUOUS
10
0.6321653543307086
20
0.9901574803149606
11
0.6317293700787402
21
0.9868458267716536
0
LINE
8
BLACK
6
CONTINUOUS
10
0.6317293700787402
20
0.9868458267716536
11
0.6298513385826772
21
0.9828184251968504
0
LINE
8
BLACK
6
CONTINUOUS
10
0.6298513385826772
20
0.9828184251968504
11
0.6267091338582677
21
0.979676220472441
0
LINE
8
BLACK
6
CONTINUOUS
10
0.6267091338582677
20
0.979676220472441
11
0.6226817322834646
21
0.9777981889763779
0
LINE
8
BLACK
6
CONTINUOUS
10
0.6226817322834646
20
0.9777981889763779
11
0.6193700787401575
21
0.9773622047244094
0
LINE
8
BLACK
6
CONTINUOUS
10
0.6193700787401575
20
0.9773622047244094
11
0.6016535433070866
21
0.9773622047244094
0
LINE
8
BLACK
6
CONTINUOUS
10
0.6016535433070866
20
0.9773622047244094
11
0.5983418897637796
21
0.9777981889763779
0
LINE
8
BLACK
6
CONTINUOUS
10
0.5983418897637796
20
0.9777981889763779
11
0.5943144881889764
21
0.979676220472441
0
LINE
8
BLACK
6
CONTINUOUS
10
0.5943144881889764
20
0.979676220472441
11
0.591172283464567
21
0.9828184251968504
0
LINE
8
BLACK
6
CONTINUOUS
10
0.591172283464567
20
0.9828184251968504
11
0.5892942519685039
21
0.9868458267716536
0
LINE
8
BLACK
6
CONTINUOUS
10
0.5892942519685039
20
0.9868458267716536
11
0.5888582677165354
21
0.9901574803149606
0
LINE
8
BLACK
6
CONTINUOUS
10
0.5888582677165354
20
0.9901574803149606
11
0.5888582677165354
21
1.0098425196850394
0
LINE
8
BLACK
6
CONTINUOUS
10
0.5888582677165354
20
1.0098425196850394
11
0.5892942519685039
21
1.0131541732283464
0
LINE
8
BLACK
6
CONTINUOUS
10
0.5892942519685039
20
1.0131541732283464
11
0.591172283464567
21
1.0171815748031496
0
LINE
8
BLACK
6
CONTINUOUS
10
0.591172283464567
20
1.0171815748031496
11
0.5943144881889764
21
1.020323779527559
0
LINE
8
BLACK
6
CONTINUOUS
10
0.5943144881889764
20
1.020323779527559
11
0.5983418897637796
21
1.022201811023622
0
LINE
8
BLACK
6
CONTINUOUS
10
0.5983418897637796
20
1.022201811023622
11
0.6016535433070866
21
1.0226377952755905
0
LINE
8
BLACK
6
CONTINUOUS
10
0.6016535433070866
20
1.0226377952755905
11
0.6193700787401575
21
1.0226377952755905
0
LINE
8
BLACK
6
CONTINUOUS
10
0.6193700787401575
20
1.0226377952755905
11
0.6226817322834646
21
1.022201811023622
0
LINE
8
BLACK
6
CONTINUOUS
10
1.2469337007874015
20
1.0284774015748031
11
1.2509611023622047
21
1.0265993700787401
0
LINE
8
BLACK
6
CONTINUOUS
10
1.2509611023622047
20
1.0265993700787401
11
1.2541033070866141
21
1.0234571653543307
0
LINE
8
BLACK
6
CONTINUOUS
10
1.2541033070866141
20
1.0234571653543307
11
1.2559813385826772
21
1.0194297637795275
0
LINE
8
BLACK
6
CONTINUOUS
10
1.2559813385826772
20
1.0194297637795275
11
1.2564173228346456
21
1.0161181102362205
0
LINE
8
BLACK
6
CONTINUOUS
10
1.2564173228346456
20
1.0161181102362205
11
1.2564173228346456
21
0.9964330708661417
0
LINE
8
BLACK
6
CONTINUOUS
10
1.2564173228346456
20
0.9964330708661417
11
1.2559813385826772
21
0.9931214173228347
0
LINE
8
BLACK
6
CONTINUOUS
10
1.2559813385826772
20
0.9931214173228347
11
1.2541033070866141
21
0.9890940157480315
0
LINE
8
BLACK
6
CONTINUOUS
10
1.2541033070866141
20
0.9890940157480315
11
1.2509611023622047
21
0.9859518110236221
0
LINE
8
BLACK
6
CONTINUOUS
10
1.2509611023622047
20
0.9859518110236221
11
1.2469337007874015
21
0.984073779527559
0
LINE
8
BLACK
6
CONTINUOUS
10
1.2469337007874015
20
0.984073779527559
11
1.2436220472440944
21
0.9836377952755905
0
LINE
8
BLACK
6
CONTINUOUS
10
1.2436220472440944
20
0.9836377952755905
11
1.2259055118110236
21
0.9836377952755905
0
LINE
8
BLACK
6
CONTINUOUS
10
1.2259055118110236
20
0.9836377952755905
11
1.2225938582677165
21
0.984073779527559
0
LINE
8
BLACK
6
CONTINUOUS
10
1.2225938582677165
20
0.984073779527559
11
1.2185664566929133
21
0.9859518110236221
0
LINE
8
BLACK
6
CONTINUOUS
10
1.2185664566929133
20
0.9859518110236221
11
1.2154242519685039
21
0.9890940157480315
0
LINE
8
BLACK
6
CONTINUOUS
10
1.2154242519685039
20
0.9890940157480315
11
1.213546220472441
21
0.9931214173228347
0
LINE
8
BLACK
6
CONTINUOUS
10
1.213546220472441
20
0.9931214173228347
11
1.2131102362204724
21
0.9964330708661417
0
LINE
8
BLACK
6
CONTINUOUS
10
1.2131102362204724
20
0.9964330708661417
11
1.2131102362204724
21
1.0161181102362205
0
LINE
8
BLACK
6
CONTINUOUS
10
1.2131102362204724
20
1.0161181102362205
11
1.213546220472441
21
1.0194297637795275
0
LINE
8
BLACK
6
CONTINUOUS
10
1.213546220472441
20
1.0194297637795275
11
1.2154242519685039
21
1.0234571653543307
0
LINE
8
BLACK
6
CONTINUOUS
10
1.2154242519685039
20
1.0234571653543307
11
1.2185664566929133
21
1.0265993700787401
0
LINE
8
BLACK
6
CONTINUOUS
10
1.2185664566929133
20
1.0265993700787401
11
1.2225938582677165
21
1.0284774015748031
0
LINE
8
BLACK
6
CONTINUOUS
10
1.2225938582677165
20
1.0284774015748031
11
1.2259055118110236
21
1.0289133858267716
0
LINE
8
BLACK
6
CONTINUOUS
10
1.2259055118110236
20
1.0289133858267716
11
1.2436220472440944
21
1.0289133858267716
0
LINE
8
BLACK
6
CONTINUOUS
10
1.2436220472440944
20
1.0289133858267716
11
1.2469337007874015
21
1.0284774015748031
0
LINE
8
BLACK
6
CONTINUOUS
10
1.3079573228346457
20
1.0284774015748031
11
1.3119847244094487
21
1.0265993700787401
0
LINE
8
BLACK
6
CONTINUOUS
10
1.3119847244094487
20
1.0265993700787401
11
1.3151269291338583
21
1.0234571653543307
0
LINE
8
BLACK
6
CONTINUOUS
10
1.3151269291338583
20
1.0234571653543307
11
1.3170049606299212
21
1.0194297637795275
0
LINE
8
BLACK
6
CONTINUOUS
10
1.3170049606299212
20
1.0194297637795275
11
1.3174409448818898
21
1.0161181102362205
0
LINE
8
BLACK
6
CONTINUOUS
10
1.3174409448818898
20
1.0161181102362205
11
1.3174409448818898
21
0.9964330708661417
0
LINE
8
BLACK
6
CONTINUOUS
10
1.3174409448818898
20
0.9964330708661417
11
1.3170049606299212
21
0.9931214173228347
0
LINE
8
BLACK
6
CONTINUOUS
10
1.3170049606299212
20
0.9931214173228347
11
1.3151269291338583
21
0.9890940157480315
0
LINE
8
BLACK
6
CONTINUOUS
10
1.3151269291338583
20
0.9890940157480315
11
1.3119847244094487
21
0.9859518110236221
0
LINE
8
BLACK
6
CONTINUOUS
10
1.3119847244094487
20
0.9859518110236221
11
1.3079573228346457
21
0.984073779527559
0
LINE
8
BLACK
6
CONTINUOUS
10
1.3079573228346457
20
0.984073779527559
11
1.3046456692913386
21
0.9836377952755905
0
LINE
8
BLACK
6
CONTINUOUS
10
1.3046456692913386
20
0.9836377952755905
11
1.2869291338582678
21
0.9836377952755905
0
LINE
8
BLACK
6
CONTINUOUS
10
1.2869291338582678
20
0.9836377952755905
11
1.2836174803149607
21
0.984073779527559
0
LINE
8
BLACK
6
CONTINUOUS
10
1.2836174803149607
20
0.984073779527559
11
1.2795900787401575
21
0.9859518110236221
0
LINE
8
BLACK
6
CONTINUOUS
10
1.2795900787401575
20
0.9859518110236221
11
1.2764478740157481
21
0.9890940157480315
0
LINE
8
BLACK
6
CONTINUOUS
10
1.2764478740157481
20
0.9890940157480315
11
1.274569842519685
21
0.9931214173228347
0
LINE
8
BLACK
6
CONTINUOUS
10
1.274569842519685
20
0.9931214173228347
11
1.2741338582677164
21
0.9964330708661417
0
LINE
8
BLACK
6
CONTINUOUS
10
1.2741338582677164
20
0.9964330708661417
11
1.2741338582677164
21
1.0161181102362205
0
LINE
8
BLACK
6
CONTINUOUS
10
1.2741338582677164
20
1.0161181102362205
11
1.274569842519685
21
1.0194297637795275
0
LINE
8
BLACK
6
CONTINUOUS
10
1.274569842519685
20
1.0194297637795275
11
1.2764478740157481
21
1.0234571653543307
0
LINE
8
BLACK
6
CONTINUOUS
10
1.2764478740157481
20
1.0234571653543307
11
1.2795900787401575
21
1.0265993700787401
0
LINE
8
BLACK
6
CONTINUOUS
10
1.2795900787401575
20
1.0265993700787401
11
1.2836174803149607
21
1.0284774015748031
0
LINE
8
BLACK
6
CONTINUOUS
10
1.2836174803149607
20
1.0284774015748031
11
1.2869291338582678
21
1.0289133858267716
0
LINE
8
BLACK
6
CONTINUOUS
10
1.2869291338582678
20
1.0289133858267716
11
1.3046456692913386
21
1.0289133858267716
0
LINE
8
BLACK
6
CONTINUOUS
10
1.3046456692913386
20
1.0289133858267716
11
1.3079573228346457
21
1.0284774015748031
0
LINE
8
BLACK
6
CONTINUOUS
10
0.883530905511811
20
1.0268909842519685
11
0.8875016141732284
21
1.0251377559055117
0
LINE
8
BLACK
6
CONTINUOUS
10
0.8875016141732284
20
1.0251377559055117
11
0.8905708267716536
21
1.0220685433070866
0
LINE
8
BLACK
6
CONTINUOUS
10
0.8905708267716536
20
1.0220685433070866
11
0.8923240551181102
21
1.0180978346456693
0
LINE
8
BLACK
6
CONTINUOUS
10
0.8923240551181102
20
1.0180978346456693
11
0.8926377952755905
21
1.0153937007874017
0
LINE
8
BLACK
6
CONTINUOUS
10
0.8926377952755905
20
1.0153937007874017
11
0.8926377952755905
21
0.9996456692913386
0
LINE
8
BLACK
6
CONTINUOUS
10
0.8926377952755905
20
0.9996456692913386
11
0.8923240551181102
21
0.9969415354330708
0
LINE
8
BLACK
6
CONTINUOUS
10
0.8923240551181102
20
0.9969415354330708
11
0.8905708267716536
21
0.9929708267716535
0
LINE
8
BLACK
6
CONTINUOUS
10
0.8905708267716536
20
0.9929708267716535
11
0.8875016141732284
21
0.9899016141732283
0
LINE
8
BLACK
6
CONTINUOUS
10
0.8875016141732284
20
0.9899016141732283
11
0.883530905511811
21
0.9881483858267717
0
LINE
8
BLACK
6
CONTINUOUS
10
0.883530905511811
20
0.9881483858267717
11
0.8808267716535433
21
0.9878346456692914
0
LINE
8
BLACK
6
CONTINUOUS
10
0.8808267716535433
20
0.9878346456692914
11
0.8591732283464567
21
0.9878346456692914
0
LINE
8
BLACK
6
CONTINUOUS
10
0.8591732283464567
20
0.9878346456692914
11
0.856469094488189
21
0.9881483858267717
0
LINE
8
BLACK
6
CONTINUOUS
10
0.856469094488189
20
0.9881483858267717
11
0.8524983858267716
21
0.9899016141732283
0
LINE
8
BLACK
6
CONTINUOUS
10
0.8524983858267716
20
0.9899016141732283
11
0.8494291732283464
21
0.9929708267716535
0
LINE
8
BLACK
6
CONTINUOUS
10
0.8494291732283464
20
0.9929708267716535
11
0.8476759448818898
21
0.9969415354330708
0
LINE
8
BLACK
6
CONTINUOUS
10
0.8476759448818898
20
0.9969415354330708
11
0.8473622047244095
21
0.9996456692913386
0
LINE
8
BLACK
6
CONTINUOUS
10
0.8473622047244095
20
0.9996456692913386
11
0.8473622047244095
21
1.0153937007874017
0
LINE
8
BLACK
6
CONTINUOUS
10
0.8473622047244095
20
1.0153937007874017
11
0.8476759448818898
21
1.0180978346456693
0
LINE
8
BLACK
6
CONTINUOUS
10
0.8476759448818898
20
1.0180978346456693
11
0.8494291732283464
21
1.0220685433070866
0
LINE
8
BLACK
6
CONTINUOUS
10
0.8494291732283464
20
1.0220685433070866
11
0.8524983858267716
21
1.0251377559055117
0
LINE
8
BLACK
6
CONTINUOUS
10
0.8524983858267716
20
1.0251377559055117
11
0.856469094488189
21
1.0268909842519685
0
LINE
8
BLACK
6
CONTINUOUS
10
0.856469094488189
20
1.0268909842519685
11
0.8591732283464567
21
1.0272047244094489
0
LINE
8
BLACK
6
CONTINUOUS
10
0.8591732283464567
20
1.0272047244094489
11
0.8808267716535433
21
1.0272047244094489
0
LINE
8
BLACK
6
CONTINUOUS
10
0.8808267716535433
20
1.0272047244094489
11
0.883530905511811
21
1.0268909842519685
0
LINE
8
BLACK
6
CONTINUOUS
10
2.2915065748031496
20
1.0936373228346457
11
2.2927838582677165
21
1.0927838976377953
0
LINE
8
BLACK
6
CONTINUOUS
10
2.2927838582677165
20
1.0927838976377953
11
2.2936372834645669
21
1.0915066141732284
0
LINE
8
BLACK
6
CONTINUOUS
10
2.2936372834645669
20
1.0915066141732284
11
2.293936968503937
21
1.0900000000000001
0
LINE
8
BLACK
6
CONTINUOUS
10
2.293936968503937
20
1.0900000000000001
11
2.293936968503937
21
1.03
0
LINE
8
BLACK
6
CONTINUOUS
10
2.293936968503937
20
1.03
11
2.2936372834645669
21
1.0284933858267715
0
LINE
8
BLACK
6
CONTINUOUS
10
2.2936372834645669
20
1.0284933858267715
11
2.2927838582677165
21
1.0272161023622046
0
LINE
8
BLACK
6
CONTINUOUS
10
2.2927838582677165
20
1.0272161023622046
11
2.2915065748031496
21
1.0263626771653542
0
LINE
8
BLACK
6
CONTINUOUS
10
2.2915065748031496
20
1.0263626771653542
11
2.2899999606299213
21
1.0260629921259843
0
LINE
8
BLACK
6
CONTINUOUS
10
2.2899999606299213
20
1.0260629921259843
11
2.2299999606299212
21
1.0260629921259843
0
LINE
8
BLACK
6
CONTINUOUS
10
2.2299999606299212
20
1.0260629921259843
11
2.2284933464566929
21
1.0263626771653542
0
LINE
8
BLACK
6
CONTINUOUS
10
2.2284933464566929
20
1.0263626771653542
11
2.227216062992126
21
1.0272161023622046
0
LINE
8
BLACK
6
CONTINUOUS
10
2.227216062992126
20
1.0272161023622046
11
2.2263626377952757
21
1.0284933858267715
0
LINE
8
BLACK
6
CONTINUOUS
10
2.2263626377952757
20
1.0284933858267715
11
2.2260629527559055
21
1.03
0
LINE
8
BLACK
6
CONTINUOUS
10
2.2260629527559055
20
1.03
11
2.2260629527559055
21
1.0900000000000001
0
LINE
8
BLACK
6
CONTINUOUS
10
2.2260629527559055
20
1.0900000000000001
11
2.2263626377952757
21
1.0915066141732284
0
LINE
8
BLACK
6
CONTINUOUS
10
2.2263626377952757
20
1.0915066141732284
11
2.227216062992126
21
1.0927838976377953
0
LINE
8
BLACK
6
CONTINUOUS
10
2.227216062992126
20
1.0927838976377953
11
2.2284933464566929
21
1.0936373228346457
0
LINE
8
BLACK
6
CONTINUOUS
10
2.2284933464566929
20
1.0936373228346457
11
2.2299999606299212
21
1.0939370078740158
0
LINE
8
BLACK
6
CONTINUOUS
10
2.2299999606299212
20
1.0939370078740158
11
2.2899999606299213
21
1.0939370078740158
0
LINE
8
BLACK
6
CONTINUOUS
10
2.2899999606299213
20
1.0939370078740158
11
2.2915065748031496
21
1.0936373228346457
0
LINE
8
BLACK
6
CONTINUOUS
10
2.3915066535433072
20
1.0936373228346457
11
2.3927839370078741
21
1.0927838976377953
0
LINE
8
BLACK
6
CONTINUOUS
10
2.3927839370078741
20
1.0927838976377953
11
2.3936373622047245
21
1.0915066141732284
0
LINE
8
BLACK
6
CONTINUOUS
10
2.3936373622047245
20
1.0915066141732284
11
2.3939370472440946
21
1.0900000000000001
0
LINE
8
BLACK
6
CONTINUOUS
10
2.3939370472440946
20
1.0900000000000001
11
2.3939370472440946
21
1.03
0
LINE
8
BLACK
6
CONTINUOUS
10
2.3939370472440946
20
1.03
11
2.3936373622047245
21
1.0284933858267715
0
LINE
8
BLACK
6
CONTINUOUS
10
2.3936373622047245
20
1.0284933858267715
11
2.3927839370078741
21
1.0272161023622046
0
LINE
8
BLACK
6
CONTINUOUS
10
2.3927839370078741
20
1.0272161023622046
11
2.3915066535433072
21
1.0263626771653542
0
LINE
8
BLACK
6
CONTINUOUS
10
2.3915066535433072
20
1.0263626771653542
11
2.3900000393700789
21
1.0260629921259843
0
LINE
8
BLACK
6
CONTINUOUS
10
2.3900000393700789
20
1.0260629921259843
11
2.3300000393700788
21
1.0260629921259843
0
LINE
8
BLACK
6
CONTINUOUS
10
2.3300000393700788
20
1.0260629921259843
11
2.3284934251968505
21
1.0263626771653542
0
LINE
8
BLACK
6
CONTINUOUS
10
2.3284934251968505
20
1.0263626771653542
11
2.3272161417322832
21
1.0272161023622046
0
LINE
8
BLACK
6
CONTINUOUS
10
2.3272161417322832
20
1.0272161023622046
11
2.3263627165354328
21
1.0284933858267715
0
LINE
8
BLACK
6
CONTINUOUS
10
2.3263627165354328
20
1.0284933858267715
11
2.3260630314960631
21
1.03
0
LINE
8
BLACK
6
CONTINUOUS
10
2.3260630314960631
20
1.03
11
2.3260630314960631
21
1.0900000000000001
0
LINE
8
BLACK
6
CONTINUOUS
10
2.3260630314960631
20
1.0900000000000001
11
2.3263627165354328
21
1.0915066141732284
0
LINE
8
BLACK
6
CONTINUOUS
10
2.3263627165354328
20
1.0915066141732284
11
2.3272161417322832
21
1.0927838976377953
0
LINE
8
BLACK
6
CONTINUOUS
10
2.3272161417322832
20
1.0927838976377953
11
2.3284934251968505
21
1.0936373228346457
0
LINE
8
BLACK
6
CONTINUOUS
10
2.3284934251968505
20
1.0936373228346457
11
2.3300000393700788
21
1.0939370078740158
0
LINE
8
BLACK
6
CONTINUOUS
10
2.3300000393700788
20
1.0939370078740158
11
2.3900000393700789
21
1.0939370078740158
0
LINE
8
BLACK
6
CONTINUOUS
10
2.3900000393700789
20
1.0939370078740158
11
2.3915066535433072
21
1.0936373228346457
0
LINE
8
BLACK
6
CONTINUOUS
10
0.7952074015748032
20
1.1965507086614173
11
0.7964846850393701
21
1.1956972834645669
0
LINE
8
BLACK
6
CONTINUOUS
10
0.7964846850393701
20
1.1956972834645669
11
0.7973381102362205
21
1.19442
0
LINE
8
BLACK
6
CONTINUOUS
10
0.7973381102362205
20
1.19442
11
0.7976377952755905
21
1.1929133858267715
0
LINE
8
BLACK
6
CONTINUOUS
10
0.7976377952755905
20
1.1929133858267715
11
0.7976377952755905
21
1.0433070866141732
0
LINE
8
BLACK
6
CONTINUOUS
10
0.7976377952755905
20
1.0433070866141732
11
0.7973381102362205
21
1.0418004724409449
0
LINE
8
BLACK
6
CONTINUOUS
10
0.7973381102362205
20
1.0418004724409449
11
0.7964846850393701
21
1.040523188976378
0
LINE
8
BLACK
6
CONTINUOUS
10
0.7964846850393701
20
1.040523188976378
11
0.7952074015748032
21
1.0396697637795276
0
LINE
8
BLACK
6
CONTINUOUS
10
0.7952074015748032
20
1.0396697637795276
11
0.7937007874015748
21
1.0393700787401574
0
LINE
8
BLACK
6
CONTINUOUS
10
0.7937007874015748
20
1.0393700787401574
11
0.7543307086614173
21
1.0393700787401574
0
LINE
8
BLACK
6
CONTINUOUS
10
0.7543307086614173
20
1.0393700787401574
11
0.752824094488189
21
1.0396697637795276
0
LINE
8
BLACK
6
CONTINUOUS
10
0.752824094488189
20
1.0396697637795276
11
0.7515468110236221
21
1.040523188976378
0
LINE
8
BLACK
6
CONTINUOUS
10
0.7515468110236221
20
1.040523188976378
11
0.7506933858267716
21
1.0418004724409449
0
LINE
8
BLACK
6
CONTINUOUS
10
0.7506933858267716
20
1.0418004724409449
11
0.7503937007874015
21
1.0433070866141732
0
LINE
8
BLACK
6
CONTINUOUS
10
0.7503937007874015
20
1.0433070866141732
11
0.7503937007874015
21
1.1929133858267715
0
LINE
8
BLACK
6
CONTINUOUS
10
0.7503937007874015
20
1.1929133858267715
11
0.7506933858267716
21
1.19442
0
LINE
8
BLACK
6
CONTINUOUS
10
0.7506933858267716
20
1.19442
11
0.7515468110236221
21
1.1956972834645669
0
LINE
8
BLACK
6
CONTINUOUS
10
0.7515468110236221
20
1.1956972834645669
11
0.752824094488189
21
1.1965507086614173
0
LINE
8
BLACK
6
CONTINUOUS
10
0.752824094488189
20
1.1965507086614173
11
0.7543307086614173
21
1.1968503937007873
0
LINE
8
BLACK
6
CONTINUOUS
10
0.7543307086614173
20
1.1968503937007873
11
0.7937007874015748
21
1.1968503937007873
0
LINE
8
BLACK
6
CONTINUOUS
10
0.7937007874015748
20
1.1968503937007873
11
0.7952074015748032
21
1.1965507086614173
0
LINE
8
BLACK
6
CONTINUOUS
10
2.0471759055118111
20
1.1965507086614173
11
2.048453188976378
21
1.1956972834645669
0
LINE
8
BLACK
6
CONTINUOUS
10
2.048453188976378
20
1.1956972834645669
11
2.0493066141732283
21
1.19442
0
LINE
8
BLACK
6
CONTINUOUS
10
2.0493066141732283
20
1.19442
11
2.0496062992125985
21
1.1929133858267715
0
LINE
8
BLACK
6
CONTINUOUS
10
2.0496062992125985
20
1.1929133858267715
11
2.0496062992125985
21
1.0433070866141732
0
LINE
8
BLACK
6
CONTINUOUS
10
2.0496062992125985
20
1.0433070866141732
11
2.0493066141732283
21
1.0418004724409449
0
LINE
8
BLACK
6
CONTINUOUS
10
2.0493066141732283
20
1.0418004724409449
11
2.048453188976378
21
1.040523188976378
0
LINE
8
BLACK
6
CONTINUOUS
10
2.048453188976378
20
1.040523188976378
11
2.0471759055118111
21
1.0396697637795276
0
LINE
8
BLACK
6
CONTINUOUS
10
2.0471759055118111
20
1.0396697637795276
11
2.0456692913385828
21
1.0393700787401574
0
LINE
8
BLACK
6
CONTINUOUS
10
2.0456692913385828
20
1.0393700787401574
11
2.0062992125984254
21
1.0393700787401574
0
LINE
8
BLACK
6
CONTINUOUS
10
2.0062992125984254
20
1.0393700787401574
11
2.0047925984251966
21
1.0396697637795276
0
LINE
8
BLACK
6
CONTINUOUS
10
2.0047925984251966
20
1.0396697637795276
11
2.0035153149606297
21
1.040523188976378
0
LINE
8
BLACK
6
CONTINUOUS
10
2.0035153149606297
20
1.040523188976378
11
2.0026618897637793
21
1.0418004724409449
0
LINE
8
BLACK
6
CONTINUOUS
10
2.0026618897637793
20
1.0418004724409449
11
2.0023622047244096
21
1.0433070866141732
0
LINE
8
BLACK
6
CONTINUOUS
10
2.0023622047244096
20
1.0433070866141732
11
2.0023622047244096
21
1.1929133858267715
0
LINE
8
BLACK
6
CONTINUOUS
10
2.0023622047244096
20
1.1929133858267715
11
2.0026618897637793
21
1.19442
0
LINE
8
BLACK
6
CONTINUOUS
10
2.0026618897637793
20
1.19442
11
2.0035153149606297
21
1.1956972834645669
0
LINE
8
BLACK
6
CONTINUOUS
10
2.0035153149606297
20
1.1956972834645669
11
2.0047925984251966
21
1.1965507086614173
0
LINE
8
BLACK
6
CONTINUOUS
10
2.0047925984251966
20
1.1965507086614173
11
2.0062992125984254
21
1.1968503937007873
0
LINE
8
BLACK
6
CONTINUOUS
10
2.0062992125984254
20
1.1968503937007873
11
2.0456692913385828
21
1.1968503937007873
0
LINE
8
BLACK
6
CONTINUOUS
10
2.0456692913385828
20
1.1968503937007873
11
2.0471759055118111
21
1.1965507086614173
0
LINE
8
BLACK
6
CONTINUOUS
10
0.3473747637795275
20
1.1474956299212598
11
0.3554950787401575
21
1.1453198031496064
0
LINE
8
BLACK
6
CONTINUOUS
10
0.3554950787401575
20
1.1453198031496064
11
0.3631141732283464
21
1.1417669685039369
0
LINE
8
BLACK
6
CONTINUOUS
10
0.3631141732283464
20
1.1417669685039369
11
0.3700005905511811
21
1.1369450393700786
0
LINE
8
BLACK
6
CONTINUOUS
10
0.3700005905511811
20
1.1369450393700786
11
0.3759450393700787
21
1.1310005905511811
0
LINE
8
BLACK
6
CONTINUOUS
10
0.3759450393700787
20
1.1310005905511811
11
0.380766968503937
21
1.1241141732283464
0
LINE
8
BLACK
6
CONTINUOUS
10
0.380766968503937
20
1.1241141732283464
11
0.3843198031496063
21
1.1164950787401575
0
LINE
8
BLACK
6
CONTINUOUS
10
0.3843198031496063
20
1.1164950787401575
11
0.3864956299212599
21
1.1083747637795276
0
LINE
8
BLACK
6
CONTINUOUS
10
0.3864956299212599
20
1.1083747637795276
11
0.3872283464566929
21
1.0999999999999999
0
LINE
8
BLACK
6
CONTINUOUS
10
0.3872283464566929
20
1.0999999999999999
11
0.3864956299212599
21
1.0916252362204724
0
LINE
8
BLACK
6
CONTINUOUS
10
0.3864956299212599
20
1.0916252362204724
11
0.3843198031496063
21
1.0835049212598424
0
LINE
8
BLACK
6
CONTINUOUS
10
0.3843198031496063
20
1.0835049212598424
11
0.380766968503937
21
1.0758858267716536
0
LINE
8
BLACK
6
CONTINUOUS
10
0.380766968503937
20
1.0758858267716536
11
0.3759450393700787
21
1.0689994094488189
0
LINE
8
BLACK
6
CONTINUOUS
10
0.3759450393700787
20
1.0689994094488189
11
0.3700005905511811
21
1.0630549606299213
0
LINE
8
BLACK
6
CONTINUOUS
10
0.3700005905511811
20
1.0630549606299213
11
0.3631141732283464
21
1.0582330314960631
0
LINE
8
BLACK
6
CONTINUOUS
10
0.3631141732283464
20
1.0582330314960631
11
0.3554950787401575
21
1.0546801968503936
0
LINE
8
BLACK
6
CONTINUOUS
10
0.3554950787401575
20
1.0546801968503936
11
0.3473747637795275
21
1.0525043700787402
0
LINE
8
BLACK
6
CONTINUOUS
10
0.3473747637795275
20
1.0525043700787402
11
0.339
21
1.051771653543307
0
LINE
8
BLACK
6
CONTINUOUS
10
0.339
20
1.051771653543307
11
0.3306252362204724
21
1.0525043700787402
0
LINE
8
BLACK
6
CONTINUOUS
10
0.3306252362204724
20
1.0525043700787402
11
0.3225049212598425
21
1.0546801968503936
0
LINE
8
BLACK
6
CONTINUOUS
10
0.3225049212598425
20
1.0546801968503936
11
0.3148858267716536
21
1.0582330314960631
0
LINE
8
BLACK
6
CONTINUOUS
10
0.3148858267716536
20
1.0582330314960631
11
0.3079994094488189
21
1.0630549606299213
0
LINE
8
BLACK
6
CONTINUOUS
10
0.3079994094488189
20
1.0630549606299213
11
0.3020549606299213
21
1.0689994094488189
0
LINE
8
BLACK
6
CONTINUOUS
10
0.3020549606299213
20
1.0689994094488189
11
0.297233031496063
21
1.0758858267716536
0
LINE
8
BLACK
6
CONTINUOUS
10
0.297233031496063
20
1.0758858267716536
11
0.2936801968503937
21
1.0835049212598424
0
LINE
8
BLACK
6
CONTINUOUS
10
0.2936801968503937
20
1.0835049212598424
11
0.2915043700787401
21
1.0916252362204724
0
LINE
8
BLACK
6
CONTINUOUS
10
0.2915043700787401
20
1.0916252362204724
11
0.2907716535433071
21
1.0999999999999999
0
LINE
8
BLACK
6
CONTINUOUS
10
0.2907716535433071
20
1.0999999999999999
11
0.2915043700787401
21
1.1083747637795276
0
LINE
8
BLACK
6
CONTINUOUS
10
0.2915043700787401
20
1.1083747637795276
11
0.2936801968503937
21
1.1164950787401575
0
LINE
8
BLACK
6
CONTINUOUS
10
0.2936801968503937
20
1.1164950787401575
11
0.297233031496063
21
1.1241141732283464
0
LINE
8
BLACK
6
CONTINUOUS
10
0.297233031496063
20
1.1241141732283464
11
0.3020549606299213
21
1.1310005905511811
0
LINE
8
BLACK
6
CONTINUOUS
10
0.3020549606299213
20
1.1310005905511811
11
0.3079994094488189
21
1.1369450393700786
0
LINE
8
BLACK
6
CONTINUOUS
10
0.3079994094488189
20
1.1369450393700786
11
0.3148858267716536
21
1.1417669685039369
0
LINE
8
BLACK
6
CONTINUOUS
10
0.3148858267716536
20
1.1417669685039369
11
0.3225049212598425
21
1.1453198031496064
0
LINE
8
BLACK
6
CONTINUOUS
10
0.3225049212598425
20
1.1453198031496064
11
0.3306252362204724
21
1.1474956299212598
0
LINE
8
BLACK
6
CONTINUOUS
10
0.3306252362204724
20
1.1474956299212598
11
0.339
21
1.1482283464566929
0
LINE
8
BLACK
6
CONTINUOUS
10
0.339
20
1.1482283464566929
11
0.3473747637795275
21
1.1474956299212598
0
LINE
8
BLACK
6
CONTINUOUS
10
0.5473747637795275
20
1.1474956299212598
11
0.5554950787401575
21
1.1453198031496064
0
LINE
8
BLACK
6
CONTINUOUS
10
0.5554950787401575
20
1.1453198031496064
11
0.5631141732283464
21
1.1417669685039369
0
LINE
8
BLACK
6
CONTINUOUS
10
0.5631141732283464
20
1.1417669685039369
11
0.5700005905511811
21
1.1369450393700786
0
LINE
8
BLACK
6
CONTINUOUS
10
0.5700005905511811
20
1.1369450393700786
11
0.5759450393700787
21
1.1310005905511811
0
LINE
8
BLACK
6
CONTINUOUS
10
0.5759450393700787
20
1.1310005905511811
11
0.5807669685039369
21
1.1241141732283464
0
LINE
8
BLACK
6
CONTINUOUS
10
0.5807669685039369
20
1.1241141732283464
11
0.5843198031496063
21
1.1164950787401575
0
LINE
8
BLACK
6
CONTINUOUS
10
0.5843198031496063
20
1.1164950787401575
11
0.5864956299212598
21
1.1083747637795276
0
LINE
8
BLACK
6
CONTINUOUS
10
0.5864956299212598
20
1.1083747637795276
11
0.5872283464566929
21
1.0999999999999999
0
LINE
8
BLACK
6
CONTINUOUS
10
0.5872283464566929
20
1.0999999999999999
11
0.5864956299212598
21
1.0916252362204724
0
LINE
8
BLACK
6
CONTINUOUS
10
0.5864956299212598
20
1.0916252362204724
11
0.5843198031496063
21
1.0835049212598424
0
LINE
8
BLACK
6
CONTINUOUS
10
0.5843198031496063
20
1.0835049212598424
11
0.5807669685039369
21
1.0758858267716536
0
LINE
8
BLACK
6
CONTINUOUS
10
0.5807669685039369
20
1.0758858267716536
11
0.5759450393700787
21
1.0689994094488189
0
LINE
8
BLACK
6
CONTINUOUS
10
0.5759450393700787
20
1.0689994094488189
11
0.5700005905511811
21
1.0630549606299213
0
LINE
8
BLACK
6
CONTINUOUS
10
0.5700005905511811
20
1.0630549606299213
11
0.5631141732283464
21
1.0582330314960631
0
LINE
8
BLACK
6
CONTINUOUS
10
0.5631141732283464
20
1.0582330314960631
11
0.5554950787401575
21
1.0546801968503936
0
LINE
8
BLACK
6
CONTINUOUS
10
0.5554950787401575
20
1.0546801968503936
11
0.5473747637795275
21
1.0525043700787402
0
LINE
8
BLACK
6
CONTINUOUS
10
0.5473747637795275
20
1.0525043700787402
11
0.539
21
1.051771653543307
0
LINE
8
BLACK
6
CONTINUOUS
10
0.539
20
1.051771653543307
11
0.5306252362204724
21
1.0525043700787402
0
LINE
8
BLACK
6
CONTINUOUS
10
0.5306252362204724
20
1.0525043700787402
11
0.5225049212598425
21
1.0546801968503936
0
LINE
8
BLACK
6
CONTINUOUS
10
0.5225049212598425
20
1.0546801968503936
11
0.5148858267716535
21
1.0582330314960631
0
LINE
8
BLACK
6
CONTINUOUS
10
0.5148858267716535
20
1.0582330314960631
11
0.5079994094488189
21
1.0630549606299213
0
LINE
8
BLACK
6
CONTINUOUS
10
0.5079994094488189
20
1.0630549606299213
11
0.5020549606299213
21
1.0689994094488189
0
LINE
8
BLACK
6
CONTINUOUS
10
0.5020549606299213
20
1.0689994094488189
11
0.497233031496063
21
1.0758858267716536
0
LINE
8
BLACK
6
CONTINUOUS
10
0.497233031496063
20
1.0758858267716536
11
0.4936801968503937
21
1.0835049212598424
0
LINE
8
BLACK
6
CONTINUOUS
10
0.4936801968503937
20
1.0835049212598424
11
0.4915043700787401
21
1.0916252362204724
0
LINE
8
BLACK
6
CONTINUOUS
10
0.4915043700787401
20
1.0916252362204724
11
0.4907716535433071
21
1.0999999999999999
0
LINE
8
BLACK
6
CONTINUOUS
10
0.4907716535433071
20
1.0999999999999999
11
0.4915043700787401
21
1.1083747637795276
0
LINE
8
BLACK
6
CONTINUOUS
10
0.4915043700787401
20
1.1083747637795276
11
0.4936801968503937
21
1.1164950787401575
0
LINE
8
BLACK
6
CONTINUOUS
10
0.4936801968503937
20
1.1164950787401575
11
0.497233031496063
21
1.1241141732283464
0
LINE
8
BLACK
6
CONTINUOUS
10
0.497233031496063
20
1.1241141732283464
11
0.5020549606299213
21
1.1310005905511811
0
LINE
8
BLACK
6
CONTINUOUS
10
0.5020549606299213
20
1.1310005905511811
11
0.5079994094488189
21
1.1369450393700786
0
LINE
8
BLACK
6
CONTINUOUS
10
0.5079994094488189
20
1.1369450393700786
11
0.5148858267716535
21
1.1417669685039369
0
LINE
8
BLACK
6
CONTINUOUS
10
0.5148858267716535
20
1.1417669685039369
11
0.5225049212598425
21
1.1453198031496064
0
LINE
8
BLACK
6
CONTINUOUS
10
0.5225049212598425
20
1.1453198031496064
11
0.5306252362204724
21
1.1474956299212598
0
LINE
8
BLACK
6
CONTINUOUS
10
0.5306252362204724
20
1.1474956299212598
11
0.539
21
1.1482283464566929
0
LINE
8
BLACK
6
CONTINUOUS
10
0.539
20
1.1482283464566929
11
0.5473747637795275
21
1.1474956299212598
0
LINE
8
BLACK
6
CONTINUOUS
10
0.883530905511811
20
1.0918516141732284
11
0.8875016141732284
21
1.0900983858267717
0
LINE
8
BLACK
6
CONTINUOUS
10
0.8875016141732284
20
1.0900983858267717
11
0.8905708267716536
21
1.0870291732283464
0
LINE
8
BLACK
6
CONTINUOUS
10
0.8905708267716536
20
1.0870291732283464
11
0.8923240551181102
21
1.083058464566929
0
LINE
8
BLACK
6
CONTINUOUS
10
0.8923240551181102
20
1.083058464566929
11
0.8926377952755905
21
1.0803543307086614
0
LINE
8
BLACK
6
CONTINUOUS
10
0.8926377952755905
20
1.0803543307086614
11
0.8926377952755905
21
1.0646062992125984
0
LINE
8
BLACK
6
CONTINUOUS
10
0.8926377952755905
20
1.0646062992125984
11
0.8923240551181102
21
1.0619021653543306
0
LINE
8
BLACK
6
CONTINUOUS
10
0.8923240551181102
20
1.0619021653543306
11
0.8905708267716536
21
1.0579314566929134
0
LINE
8
BLACK
6
CONTINUOUS
10
0.8905708267716536
20
1.0579314566929134
11
0.8875016141732284
21
1.0548622440944881
0
LINE
8
BLACK
6
CONTINUOUS
10
0.8875016141732284
20
1.0548622440944881
11
0.883530905511811
21
1.0531090157480314
0
LINE
8
BLACK
6
CONTINUOUS
10
0.883530905511811
20
1.0531090157480314
11
0.8808267716535433
21
1.0527952755905512
0
LINE
8
BLACK
6
CONTINUOUS
10
0.8808267716535433
20
1.0527952755905512
11
0.8591732283464567
21
1.0527952755905512
0
LINE
8
BLACK
6
CONTINUOUS
10
0.8591732283464567
20
1.0527952755905512
11
0.856469094488189
21
1.0531090157480314
0
LINE
8
BLACK
6
CONTINUOUS
10
0.856469094488189
20
1.0531090157480314
11
0.8524983858267716
21
1.0548622440944881
0
LINE
8
BLACK
6
CONTINUOUS
10
0.8524983858267716
20
1.0548622440944881
11
0.8494291732283464
21
1.0579314566929134
0
LINE
8
BLACK
6
CONTINUOUS
10
0.8494291732283464
20
1.0579314566929134
11
0.8476759448818898
21
1.0619021653543306
0
LINE
8
BLACK
6
CONTINUOUS
10
0.8476759448818898
20
1.0619021653543306
11
0.8473622047244095
21
1.0646062992125984
0
LINE
8
BLACK
6
CONTINUOUS
10
0.8473622047244095
20
1.0646062992125984
11
0.8473622047244095
21
1.0803543307086614
0
LINE
8
BLACK
6
CONTINUOUS
10
0.8473622047244095
20
1.0803543307086614
11
0.8476759448818898
21
1.083058464566929
0
LINE
8
BLACK
6
CONTINUOUS
10
0.8476759448818898
20
1.083058464566929
11
0.8494291732283464
21
1.0870291732283464
0
LINE
8
BLACK
6
CONTINUOUS
10
0.8494291732283464
20
1.0870291732283464
11
0.8524983858267716
21
1.0900983858267717
0
LINE
8
BLACK
6
CONTINUOUS
10
0.8524983858267716
20
1.0900983858267717
11
0.856469094488189
21
1.0918516141732284
0
LINE
8
BLACK
6
CONTINUOUS
10
0.856469094488189
20
1.0918516141732284
11
0.8591732283464567
21
1.0921653543307086
0
LINE
8
BLACK
6
CONTINUOUS
10
0.8591732283464567
20
1.0921653543307086
11
0.8808267716535433
21
1.0921653543307086
0
LINE
8
BLACK
6
CONTINUOUS
10
0.8808267716535433
20
1.0921653543307086
11
0.883530905511811
21
1.0918516141732284
0
LINE
8
BLACK
6
CONTINUOUS
10
1.8122705118110236
20
1.145313779527559
11
1.8154636614173227
21
1.1431801968503936
0
LINE
8
BLACK
6
CONTINUOUS
10
1.8154636614173227
20
1.1431801968503936
11
1.8175972440944881
21
1.1399870472440945
0
LINE
8
BLACK
6
CONTINUOUS
10
1.8175972440944881
20
1.1399870472440945
11
1.8183464566929133
21
1.1362204724409448
0
LINE
8
BLACK
6
CONTINUOUS
10
1.8183464566929133
20
1.1362204724409448
11
1.8183464566929133
21
1.0899606299212599
0
LINE
8
BLACK
6
CONTINUOUS
10
1.8183464566929133
20
1.0899606299212599
11
1.8175972440944881
21
1.0861940551181102
0
LINE
8
BLACK
6
CONTINUOUS
10
1.8175972440944881
20
1.0861940551181102
11
1.8154636614173227
21
1.0830009055118111
0
LINE
8
BLACK
6
CONTINUOUS
10
1.8154636614173227
20
1.0830009055118111
11
1.8122705118110236
21
1.0808673228346457
0
LINE
8
BLACK
6
CONTINUOUS
10
1.8122705118110236
20
1.0808673228346457
11
1.8085039370078739
21
1.0801181102362205
0
LINE
8
BLACK
6
CONTINUOUS
10
1.8085039370078739
20
1.0801181102362205
11
1.7966929133858267
21
1.0801181102362205
0
LINE
8
BLACK
6
CONTINUOUS
10
1.7966929133858267
20
1.0801181102362205
11
1.792926338582677
21
1.0808673228346457
0
LINE
8
BLACK
6
CONTINUOUS
10
1.792926338582677
20
1.0808673228346457
11
1.7897331889763779
21
1.0830009055118111
0
LINE
8
BLACK
6
CONTINUOUS
10
1.7897331889763779
20
1.0830009055118111
11
1.7875996062992126
21
1.0861940551181102
0
LINE
8
BLACK
6
CONTINUOUS
10
1.7875996062992126
20
1.0861940551181102
11
1.7868503937007874
21
1.0899606299212599
0
LINE
8
BLACK
6
CONTINUOUS
10
1.7868503937007874
20
1.0899606299212599
11
1.7868503937007874
21
1.1362204724409448
0
LINE
8
BLACK
6
CONTINUOUS
10
1.7868503937007874
20
1.1362204724409448
11
1.7875996062992126
21
1.1399870472440945
0
LINE
8
BLACK
6
CONTINUOUS
10
1.7875996062992126
20
1.1399870472440945
11
1.7897331889763779
21
1.1431801968503936
0
LINE
8
BLACK
6
CONTINUOUS
10
1.7897331889763779
20
1.1431801968503936
11
1.792926338582677
21
1.145313779527559
0
LINE
8
BLACK
6
CONTINUOUS
10
1.792926338582677
20
1.145313779527559
11
1.7966929133858267
21
1.1460629921259842
0
LINE
8
BLACK
6
CONTINUOUS
10
1.7966929133858267
20
1.1460629921259842
11
1.8085039370078739
21
1.1460629921259842
0
LINE
8
BLACK
6
CONTINUOUS
10
1.8085039370078739
20
1.1460629921259842
11
1.8122705118110236
21
1.145313779527559
0
LINE
8
BLACK
6
CONTINUOUS
10
1.8870736614173227
20
1.145313779527559
11
1.890266811023622
21
1.1431801968503936
0
LINE
8
BLACK
6
CONTINUOUS
10
1.890266811023622
20
1.1431801968503936
11
1.8924003937007874
21
1.1399870472440945
0
LINE
8
BLACK
6
CONTINUOUS
10
1.8924003937007874
20
1.1399870472440945
11
1.8931496062992126
21
1.1362204724409448
0
LINE
8
BLACK
6
CONTINUOUS
10
1.8931496062992126
20
1.1362204724409448
11
1.8931496062992126
21
1.0899606299212599
0
LINE
8
BLACK
6
CONTINUOUS
10
1.8931496062992126
20
1.0899606299212599
11
1.8924003937007874
21
1.0861940551181102
0
LINE
8
BLACK
6
CONTINUOUS
10
1.8924003937007874
20
1.0861940551181102
11
1.890266811023622
21
1.0830009055118111
0
LINE
8
BLACK
6
CONTINUOUS
10
1.890266811023622
20
1.0830009055118111
11
1.8870736614173227
21
1.0808673228346457
0
LINE
8
BLACK
6
CONTINUOUS
10
1.8870736614173227
20
1.0808673228346457
11
1.8833070866141732
21
1.0801181102362205
0
LINE
8
BLACK
6
CONTINUOUS
10
1.8833070866141732
20
1.0801181102362205
11
1.871496062992126
21
1.0801181102362205
0
LINE
8
BLACK
6
CONTINUOUS
10
1.871496062992126
20
1.0801181102362205
11
1.8677294881889763
21
1.0808673228346457
0
LINE
8
BLACK
6
CONTINUOUS
10
1.8677294881889763
20
1.0808673228346457
11
1.8645363385826772
21
1.0830009055118111
0
LINE
8
BLACK
6
CONTINUOUS
10
1.8645363385826772
20
1.0830009055118111
11
1.8624027559055119
21
1.0861940551181102
0
LINE
8
BLACK
6
CONTINUOUS
10
1.8624027559055119
20
1.0861940551181102
11
1.8616535433070867
21
1.0899606299212599
0
LINE
8
BLACK
6
CONTINUOUS
10
1.8616535433070867
20
1.0899606299212599
11
1.8616535433070867
21
1.1362204724409448
0
LINE
8
BLACK
6
CONTINUOUS
10
1.8616535433070867
20
1.1362204724409448
11
1.8624027559055119
21
1.1399870472440945
0
LINE
8
BLACK
6
CONTINUOUS
10
1.8624027559055119
20
1.1399870472440945
11
1.8645363385826772
21
1.1431801968503936
0
LINE
8
BLACK
6
CONTINUOUS
10
1.8645363385826772
20
1.1431801968503936
11
1.8677294881889763
21
1.145313779527559
0
LINE
8
BLACK
6
CONTINUOUS
10
1.8677294881889763
20
1.145313779527559
11
1.871496062992126
21
1.1460629921259842
0
LINE
8
BLACK
6
CONTINUOUS
10
1.871496062992126
20
1.1460629921259842
11
1.8833070866141732
21
1.1460629921259842
0
LINE
8
BLACK
6
CONTINUOUS
10
1.8833070866141732
20
1.1460629921259842
11
1.8870736614173227
21
1.145313779527559
0
LINE
8
BLACK
6
CONTINUOUS
10
1.2469337007874015
20
1.1272962992125983
11
1.2509611023622047
21
1.1254182677165354
0
LINE
8
BLACK
6
CONTINUOUS
10
1.2509611023622047
20
1.1254182677165354
11
1.2541033070866141
21
1.122276062992126
0
LINE
8
BLACK
6
CONTINUOUS
10
1.2541033070866141
20
1.122276062992126
11
1.2559813385826772
21
1.1182486614173228
0
LINE
8
BLACK
6
CONTINUOUS
10
1.2559813385826772
20
1.1182486614173228
11
1.2564173228346456
21
1.1149370078740157
0
LINE
8
BLACK
6
CONTINUOUS
10
1.2564173228346456
20
1.1149370078740157
11
1.2564173228346456
21
1.095251968503937
0
LINE
8
BLACK
6
CONTINUOUS
10
1.2564173228346456
20
1.095251968503937
11
1.2559813385826772
21
1.0919403149606299
0
LINE
8
BLACK
6
CONTINUOUS
10
1.2559813385826772
20
1.0919403149606299
11
1.2541033070866141
21
1.0879129133858267
0
LINE
8
BLACK
6
CONTINUOUS
10
1.2541033070866141
20
1.0879129133858267
11
1.2509611023622047
21
1.0847707086614173
0
LINE
8
BLACK
6
CONTINUOUS
10
1.2509611023622047
20
1.0847707086614173
11
1.2469337007874015
21
1.0828926771653542
0
LINE
8
BLACK
6
CONTINUOUS
10
1.2469337007874015
20
1.0828926771653542
11
1.2436220472440944
21
1.0824566929133859
0
LINE
8
BLACK
6
CONTINUOUS
10
1.2436220472440944
20
1.0824566929133859
11
1.2259055118110236
21
1.0824566929133859
0
LINE
8
BLACK
6
CONTINUOUS
10
1.2259055118110236
20
1.0824566929133859
11
1.2225938582677165
21
1.0828926771653542
0
LINE
8
BLACK
6
CONTINUOUS
10
1.2225938582677165
20
1.0828926771653542
11
1.2185664566929133
21
1.0847707086614173
0
LINE
8
BLACK
6
CONTINUOUS
10
1.2185664566929133
20
1.0847707086614173
11
1.2154242519685039
21
1.0879129133858267
0
LINE
8
BLACK
6
CONTINUOUS
10
1.2154242519685039
20
1.0879129133858267
11
1.213546220472441
21
1.0919403149606299
0
LINE
8
BLACK
6
CONTINUOUS
10
1.213546220472441
20
1.0919403149606299
11
1.2131102362204724
21
1.095251968503937
0
LINE
8
BLACK
6
CONTINUOUS
10
1.2131102362204724
20
1.095251968503937
11
1.2131102362204724
21
1.1149370078740157
0
LINE
8
BLACK
6
CONTINUOUS
10
1.2131102362204724
20
1.1149370078740157
11
1.213546220472441
21
1.1182486614173228
0
LINE
8
BLACK
6
CONTINUOUS
10
1.213546220472441
20
1.1182486614173228
11
1.2154242519685039
21
1.122276062992126
0
LINE
8
BLACK
6
CONTINUOUS
10
1.2154242519685039
20
1.122276062992126
11
1.2185664566929133
21
1.1254182677165354
0
LINE
8
BLACK
6
CONTINUOUS
10
1.2185664566929133
20
1.1254182677165354
11
1.2225938582677165
21
1.1272962992125983
0
LINE
8
BLACK
6
CONTINUOUS
10
1.2225938582677165
20
1.1272962992125983
11
1.2259055118110236
21
1.1277322834645669
0
LINE
8
BLACK
6
CONTINUOUS
10
1.2259055118110236
20
1.1277322834645669
11
1.2436220472440944
21
1.1277322834645669
0
LINE
8
BLACK
6
CONTINUOUS
10
1.2436220472440944
20
1.1277322834645669
11
1.2469337007874015
21
1.1272962992125983
0
LINE
8
BLACK
6
CONTINUOUS
10
1.3079573228346457
20
1.1272962992125983
11
1.3119847244094487
21
1.1254182677165354
0
LINE
8
BLACK
6
CONTINUOUS
10
1.3119847244094487
20
1.1254182677165354
11
1.3151269291338583
21
1.122276062992126
0
LINE
8
BLACK
6
CONTINUOUS
10
1.3151269291338583
20
1.122276062992126
11
1.3170049606299212
21
1.1182486614173228
0
LINE
8
BLACK
6
CONTINUOUS
10
1.3170049606299212
20
1.1182486614173228
11
1.3174409448818898
21
1.1149370078740157
0
LINE
8
BLACK
6
CONTINUOUS
10
1.3174409448818898
20
1.1149370078740157
11
1.3174409448818898
21
1.095251968503937
0
LINE
8
BLACK
6
CONTINUOUS
10
1.3174409448818898
20
1.095251968503937
11
1.3170049606299212
21
1.0919403149606299
0
LINE
8
BLACK
6
CONTINUOUS
10
1.3170049606299212
20
1.0919403149606299
11
1.3151269291338583
21
1.0879129133858267
0
LINE
8
BLACK
6
CONTINUOUS
10
1.3151269291338583
20
1.0879129133858267
11
1.3119847244094487
21
1.0847707086614173
0
LINE
8
BLACK
6
CONTINUOUS
10
1.3119847244094487
20
1.0847707086614173
11
1.3079573228346457
21
1.0828926771653542
0
LINE
8
BLACK
6
CONTINUOUS
10
1.3079573228346457
20
1.0828926771653542
11
1.3046456692913386
21
1.0824566929133859
0
LINE
8
BLACK
6
CONTINUOUS
10
1.3046456692913386
20
1.0824566929133859
11
1.2869291338582678
21
1.0824566929133859
0
LINE
8
BLACK
6
CONTINUOUS
10
1.2869291338582678
20
1.0824566929133859
11
1.2836174803149607
21
1.0828926771653542
0
LINE
8
BLACK
6
CONTINUOUS
10
1.2836174803149607
20
1.0828926771653542
11
1.2795900787401575
21
1.0847707086614173
0
LINE
8
BLACK
6
CONTINUOUS
10
1.2795900787401575
20
1.0847707086614173
11
1.2764478740157481
21
1.0879129133858267
0
LINE
8
BLACK
6
CONTINUOUS
10
1.2764478740157481
20
1.0879129133858267
11
1.274569842519685
21
1.0919403149606299
0
LINE
8
BLACK
6
CONTINUOUS
10
1.274569842519685
20
1.0919403149606299
11
1.2741338582677164
21
1.095251968503937
0
LINE
8
BLACK
6
CONTINUOUS
10
1.2741338582677164
20
1.095251968503937
11
1.2741338582677164
21
1.1149370078740157
0
LINE
8
BLACK
6
CONTINUOUS
10
1.2741338582677164
20
1.1149370078740157
11
1.274569842519685
21
1.1182486614173228
0
LINE
8
BLACK
6
CONTINUOUS
10
1.274569842519685
20
1.1182486614173228
11
1.2764478740157481
21
1.122276062992126
0
LINE
8
BLACK
6
CONTINUOUS
10
1.2764478740157481
20
1.122276062992126
11
1.2795900787401575
21
1.1254182677165354
0
LINE
8
BLACK
6
CONTINUOUS
10
1.2795900787401575
20
1.1254182677165354
11
1.2836174803149607
21
1.1272962992125983
0
LINE
8
BLACK
6
CONTINUOUS
10
1.2836174803149607
20
1.1272962992125983
11
1.2869291338582678
21
1.1277322834645669
0
LINE
8
BLACK
6
CONTINUOUS
10
1.2869291338582678
20
1.1277322834645669
11
1.3046456692913386
21
1.1277322834645669
0
LINE
8
BLACK
6
CONTINUOUS
10
1.3046456692913386
20
1.1277322834645669
11
1.3079573228346457
21
1.1272962992125983
0
LINE
8
BLACK
6
CONTINUOUS
10
2.2915065748031496
20
1.1936373228346457
11
2.2927838582677165
21
1.1927838976377954
0
LINE
8
BLACK
6
CONTINUOUS
10
2.2927838582677165
20
1.1927838976377954
11
2.2936372834645669
21
1.1915066141732282
0
LINE
8
BLACK
6
CONTINUOUS
10
2.2936372834645669
20
1.1915066141732282
11
2.293936968503937
21
1.1899999999999999
0
LINE
8
BLACK
6
CONTINUOUS
10
2.293936968503937
20
1.1899999999999999
11
2.293936968503937
21
1.1299999999999999
0
LINE
8
BLACK
6
CONTINUOUS
10
2.293936968503937
20
1.1299999999999999
11
2.2936372834645669
21
1.1284933858267716
0
LINE
8
BLACK
6
CONTINUOUS
10
2.2936372834645669
20
1.1284933858267716
11
2.2927838582677165
21
1.1272161023622047
0
LINE
8
BLACK
6
CONTINUOUS
10
2.2927838582677165
20
1.1272161023622047
11
2.2915065748031496
21
1.1263626771653543
0
LINE
8
BLACK
6
CONTINUOUS
10
2.2915065748031496
20
1.1263626771653543
11
2.2899999606299213
21
1.1260629921259842
0
LINE
8
BLACK
6
CONTINUOUS
10
2.2899999606299213
20
1.1260629921259842
11
2.2299999606299212
21
1.1260629921259842
0
LINE
8
BLACK
6
CONTINUOUS
10
2.2299999606299212
20
1.1260629921259842
11
2.2284933464566929
21
1.1263626771653543
0
LINE
8
BLACK
6
CONTINUOUS
10
2.2284933464566929
20
1.1263626771653543
11
2.227216062992126
21
1.1272161023622047
0
LINE
8
BLACK
6
CONTINUOUS
10
2.227216062992126
20
1.1272161023622047
11
2.2263626377952757
21
1.1284933858267716
0
LINE
8
BLACK
6
CONTINUOUS
10
2.2263626377952757
20
1.1284933858267716
11
2.2260629527559055
21
1.1299999999999999
0
LINE
8
BLACK
6
CONTINUOUS
10
2.2260629527559055
20
1.1299999999999999
11
2.2260629527559055
21
1.1899999999999999
0
LINE
8
BLACK
6
CONTINUOUS
10
2.2260629527559055
20
1.1899999999999999
11
2.2263626377952757
21
1.1915066141732282
0
LINE
8
BLACK
6
CONTINUOUS
10
2.2263626377952757
20
1.1915066141732282
11
2.227216062992126
21
1.1927838976377954
0
LINE
8
BLACK
6
CONTINUOUS
10
2.227216062992126
20
1.1927838976377954
11
2.2284933464566929
21
1.1936373228346457
0
LINE
8
BLACK
6
CONTINUOUS
10
2.2284933464566929
20
1.1936373228346457
11
2.2299999606299212
21
1.1939370078740157
0
LINE
8
BLACK
6
CONTINUOUS
10
2.2299999606299212
20
1.1939370078740157
11
2.2899999606299213
21
1.1939370078740157
0
LINE
8
BLACK
6
CONTINUOUS
10
2.2899999606299213
20
1.1939370078740157
11
2.2915065748031496
21
1.1936373228346457
0
LINE
8
BLACK
6
CONTINUOUS
10
2.3915066535433072
20
1.1936373228346457
11
2.3927839370078741
21
1.1927838976377954
0
LINE
8
BLACK
6
CONTINUOUS
10
2.3927839370078741
20
1.1927838976377954
11
2.3936373622047245
21
1.1915066141732282
0
LINE
8
BLACK
6
CONTINUOUS
10
2.3936373622047245
20
1.1915066141732282
11
2.3939370472440946
21
1.1899999999999999
0
LINE
8
BLACK
6
CONTINUOUS
10
2.3939370472440946
20
1.1899999999999999
11
2.3939370472440946
21
1.1299999999999999
0
LINE
8
BLACK
6
CONTINUOUS
10
2.3939370472440946
20
1.1299999999999999
11
2.3936373622047245
21
1.1284933858267716
0
LINE
8
BLACK
6
CONTINUOUS
10
2.3936373622047245
20
1.1284933858267716
11
2.3927839370078741
21
1.1272161023622047
0
LINE
8
BLACK
6
CONTINUOUS
10
2.3927839370078741
20
1.1272161023622047
11
2.3915066535433072
21
1.1263626771653543
0
LINE
8
BLACK
6
CONTINUOUS
10
2.3915066535433072
20
1.1263626771653543
11
2.3900000393700789
21
1.1260629921259842
0
LINE
8
BLACK
6
CONTINUOUS
10
2.3900000393700789
20
1.1260629921259842
11
2.3300000393700788
21
1.1260629921259842
0
LINE
8
BLACK
6
CONTINUOUS
10
2.3300000393700788
20
1.1260629921259842
11
2.3284934251968505
21
1.1263626771653543
0
LINE
8
BLACK
6
CONTINUOUS
10
2.3284934251968505
20
1.1263626771653543
11
2.3272161417322832
21
1.1272161023622047
0
LINE
8
BLACK
6
CONTINUOUS
10
2.3272161417322832
20
1.1272161023622047
11
2.3263627165354328
21
1.1284933858267716
0
LINE
8
BLACK
6
CONTINUOUS
10
2.3263627165354328
20
1.1284933858267716
11
2.3260630314960631
21
1.1299999999999999
0
LINE
8
BLACK
6
CONTINUOUS
10
2.3260630314960631
20
1.1299999999999999
11
2.3260630314960631
21
1.1899999999999999
0
LINE
8
BLACK
6
CONTINUOUS
10
2.3260630314960631
20
1.1899999999999999
11
2.3263627165354328
21
1.1915066141732282
0
LINE
8
BLACK
6
CONTINUOUS
10
2.3263627165354328
20
1.1915066141732282
11
2.3272161417322832
21
1.1927838976377954
0
LINE
8
BLACK
6
CONTINUOUS
10
2.3272161417322832
20
1.1927838976377954
11
2.3284934251968505
21
1.1936373228346457
0
LINE
8
BLACK
6
CONTINUOUS
10
2.3284934251968505
20
1.1936373228346457
11
2.3300000393700788
21
1.1939370078740157
0
LINE
8
BLACK
6
CONTINUOUS
10
2.3300000393700788
20
1.1939370078740157
11
2.3900000393700789
21
1.1939370078740157
0
LINE
8
BLACK
6
CONTINUOUS
10
2.3900000393700789
20
1.1939370078740157
11
2.3915066535433072
21
1.1936373228346457
0
LINE
8
BLACK
6
CONTINUOUS
10
1.8496720866141731
20
1.2191327165354331
11
1.8528652362204725
21
1.2169991338582677
0
LINE
8
BLACK
6
CONTINUOUS
10
1.8528652362204725
20
1.2169991338582677
11
1.8549988188976378
21
1.2138059842519684
0
LINE
8
BLACK
6
CONTINUOUS
10
1.8549988188976378
20
1.2138059842519684
11
1.855748031496063
21
1.2100394094488189
0
LINE
8
BLACK
6
CONTINUOUS
10
1.855748031496063
20
1.2100394094488189
11
1.855748031496063
21
1.1637795669291338
0
LINE
8
BLACK
6
CONTINUOUS
10
1.855748031496063
20
1.1637795669291338
11
1.8549988188976378
21
1.1600129921259843
0
LINE
8
BLACK
6
CONTINUOUS
10
1.8549988188976378
20
1.1600129921259843
11
1.8528652362204725
21
1.1568198425196849
0
LINE
8
BLACK
6
CONTINUOUS
10
1.8528652362204725
20
1.1568198425196849
11
1.8496720866141731
21
1.1546862598425196
0
LINE
8
BLACK
6
CONTINUOUS
10
1.8496720866141731
20
1.1546862598425196
11
1.8459055118110235
21
1.1539370472440944
0
LINE
8
BLACK
6
CONTINUOUS
10
1.8459055118110235
20
1.1539370472440944
11
1.8340944881889762
21
1.1539370472440944
0
LINE
8
BLACK
6
CONTINUOUS
10
1.8340944881889762
20
1.1539370472440944
11
1.8303279133858268
21
1.1546862598425196
0
LINE
8
BLACK
6
CONTINUOUS
10
1.8303279133858268
20
1.1546862598425196
11
1.8271347637795274
21
1.1568198425196849
0
LINE
8
BLACK
6
CONTINUOUS
10
1.8271347637795274
20
1.1568198425196849
11
1.8250011811023621
21
1.1600129921259843
0
LINE
8
BLACK
6
CONTINUOUS
10
1.8250011811023621
20
1.1600129921259843
11
1.8242519685039369
21
1.1637795669291338
0
LINE
8
BLACK
6
CONTINUOUS
10
1.8242519685039369
20
1.1637795669291338
11
1.8242519685039369
21
1.2100394094488189
0
LINE
8
BLACK
6
CONTINUOUS
10
1.8242519685039369
20
1.2100394094488189
11
1.8250011811023621
21
1.2138059842519684
0
LINE
8
BLACK
6
CONTINUOUS
10
1.8250011811023621
20
1.2138059842519684
11
1.8271347637795274
21
1.2169991338582677
0
LINE
8
BLACK
6
CONTINUOUS
10
1.8271347637795274
20
1.2169991338582677
11
1.8303279133858268
21
1.2191327165354331
0
LINE
8
BLACK
6
CONTINUOUS
10
1.8303279133858268
20
1.2191327165354331
11
1.8340944881889762
21
1.2198819291338583
0
LINE
8
BLACK
6
CONTINUOUS
10
1.8340944881889762
20
1.2198819291338583
11
1.8459055118110235
21
1.2198819291338583
0
LINE
8
BLACK
6
CONTINUOUS
10
1.8459055118110235
20
1.2198819291338583
11
1.8496720866141731
21
1.2191327165354331
0
LINE
8
BLACK
6
CONTINUOUS
10
2.2915065748031496
20
1.2936373228346456
11
2.2927838582677165
21
1.2927838976377952
0
LINE
8
BLACK
6
CONTINUOUS
10
2.2927838582677165
20
1.2927838976377952
11
2.2936372834645669
21
1.2915066141732283
0
LINE
8
BLACK
6
CONTINUOUS
10
2.2936372834645669
20
1.2915066141732283
11
2.293936968503937
21
1.29
0
LINE
8
BLACK
6
CONTINUOUS
10
2.293936968503937
20
1.29
11
2.293936968503937
21
1.23
0
LINE
8
BLACK
6
CONTINUOUS
10
2.293936968503937
20
1.23
11
2.2936372834645669
21
1.2284933858267717
0
LINE
8
BLACK
6
CONTINUOUS
10
2.2936372834645669
20
1.2284933858267717
11
2.2927838582677165
21
1.2272161023622048
0
LINE
8
BLACK
6
CONTINUOUS
10
2.2927838582677165
20
1.2272161023622048
11
2.2915065748031496
21
1.2263626771653544
0
LINE
8
BLACK
6
CONTINUOUS
10
2.2915065748031496
20
1.2263626771653544
11
2.2899999606299213
21
1.2260629921259842
0
LINE
8
BLACK
6
CONTINUOUS
10
2.2899999606299213
20
1.2260629921259842
11
2.2299999606299212
21
1.2260629921259842
0
LINE
8
BLACK
6
CONTINUOUS
10
2.2299999606299212
20
1.2260629921259842
11
2.2284933464566929
21
1.2263626771653544
0
LINE
8
BLACK
6
CONTINUOUS
10
2.2284933464566929
20
1.2263626771653544
11
2.227216062992126
21
1.2272161023622048
0
LINE
8
BLACK
6
CONTINUOUS
10
2.227216062992126
20
1.2272161023622048
11
2.2263626377952757
21
1.2284933858267717
0
LINE
8
BLACK
6
CONTINUOUS
10
2.2263626377952757
20
1.2284933858267717
11
2.2260629527559055
21
1.23
0
LINE
8
BLACK
6
CONTINUOUS
10
2.2260629527559055
20
1.23
11
2.2260629527559055
21
1.29
0
LINE
8
BLACK
6
CONTINUOUS
10
2.2260629527559055
20
1.29
11
2.2263626377952757
21
1.2915066141732283
0
LINE
8
BLACK
6
CONTINUOUS
10
2.2263626377952757
20
1.2915066141732283
11
2.227216062992126
21
1.2927838976377952
0
LINE
8
BLACK
6
CONTINUOUS
10
2.227216062992126
20
1.2927838976377952
11
2.2284933464566929
21
1.2936373228346456
0
LINE
8
BLACK
6
CONTINUOUS
10
2.2284933464566929
20
1.2936373228346456
11
2.2299999606299212
21
1.2939370078740158
0
LINE
8
BLACK
6
CONTINUOUS
10
2.2299999606299212
20
1.2939370078740158
11
2.2899999606299213
21
1.2939370078740158
0
LINE
8
BLACK
6
CONTINUOUS
10
2.2899999606299213
20
1.2939370078740158
11
2.2915065748031496
21
1.2936373228346456
0
LINE
8
BLACK
6
CONTINUOUS
10
2.3915066535433072
20
1.2936373228346456
11
2.3927839370078741
21
1.2927838976377952
0
LINE
8
BLACK
6
CONTINUOUS
10
2.3927839370078741
20
1.2927838976377952
11
2.3936373622047245
21
1.2915066141732283
0
LINE
8
BLACK
6
CONTINUOUS
10
2.3936373622047245
20
1.2915066141732283
11
2.3939370472440946
21
1.29
0
LINE
8
BLACK
6
CONTINUOUS
10
2.3939370472440946
20
1.29
11
2.3939370472440946
21
1.23
0
LINE
8
BLACK
6
CONTINUOUS
10
2.3939370472440946
20
1.23
11
2.3936373622047245
21
1.2284933858267717
0
LINE
8
BLACK
6
CONTINUOUS
10
2.3936373622047245
20
1.2284933858267717
11
2.3927839370078741
21
1.2272161023622048
0
LINE
8
BLACK
6
CONTINUOUS
10
2.3927839370078741
20
1.2272161023622048
11
2.3915066535433072
21
1.2263626771653544
0
LINE
8
BLACK
6
CONTINUOUS
10
2.3915066535433072
20
1.2263626771653544
11
2.3900000393700789
21
1.2260629921259842
0
LINE
8
BLACK
6
CONTINUOUS
10
2.3900000393700789
20
1.2260629921259842
11
2.3300000393700788
21
1.2260629921259842
0
LINE
8
BLACK
6
CONTINUOUS
10
2.3300000393700788
20
1.2260629921259842
11
2.3284934251968505
21
1.2263626771653544
0
LINE
8
BLACK
6
CONTINUOUS
10
2.3284934251968505
20
1.2263626771653544
11
2.3272161417322832
21
1.2272161023622048
0
LINE
8
BLACK
6
CONTINUOUS
10
2.3272161417322832
20
1.2272161023622048
11
2.3263627165354328
21
1.2284933858267717
0
LINE
8
BLACK
6
CONTINUOUS
10
2.3263627165354328
20
1.2284933858267717
11
2.3260630314960631
21
1.23
0
LINE
8
BLACK
6
CONTINUOUS
10
2.3260630314960631
20
1.23
11
2.3260630314960631
21
1.29
0
LINE
8
BLACK
6
CONTINUOUS
10
2.3260630314960631
20
1.29
11
2.3263627165354328
21
1.2915066141732283
0
LINE
8
BLACK
6
CONTINUOUS
10
2.3263627165354328
20
1.2915066141732283
11
2.3272161417322832
21
1.2927838976377952
0
LINE
8
BLACK
6
CONTINUOUS
10
2.3272161417322832
20
1.2927838976377952
11
2.3284934251968505
21
1.2936373228346456
0
LINE
8
BLACK
6
CONTINUOUS
10
2.3284934251968505
20
1.2936373228346456
11
2.3300000393700788
21
1.2939370078740158
0
LINE
8
BLACK
6
CONTINUOUS
10
2.3300000393700788
20
1.2939370078740158
11
2.3900000393700789
21
1.2939370078740158
0
LINE
8
BLACK
6
CONTINUOUS
10
2.3900000393700789
20
1.2939370078740158
11
2.3915066535433072
21
1.2936373228346456
0
LINE
8
BLACK
6
CONTINUOUS
10
0.7952074015748032
20
1.4327711811023622
11
0.7964846850393701
21
1.4319177559055118
0
LINE
8
BLACK
6
CONTINUOUS
10
0.7964846850393701
20
1.4319177559055118
11
0.7973381102362205
21
1.4306404724409449
0
LINE
8
BLACK
6
CONTINUOUS
10
0.7973381102362205
20
1.4306404724409449
11
0.7976377952755905
21
1.4291338582677164
0
LINE
8
BLACK
6
CONTINUOUS
10
0.7976377952755905
20
1.4291338582677164
11
0.7976377952755905
21
1.2795275590551181
0
LINE
8
BLACK
6
CONTINUOUS
10
0.7976377952755905
20
1.2795275590551181
11
0.7973381102362205
21
1.2780209448818898
0
LINE
8
BLACK
6
CONTINUOUS
10
0.7973381102362205
20
1.2780209448818898
11
0.7964846850393701
21
1.2767436614173229
0
LINE
8
BLACK
6
CONTINUOUS
10
0.7964846850393701
20
1.2767436614173229
11
0.7952074015748032
21
1.2758902362204725
0
LINE
8
BLACK
6
CONTINUOUS
10
0.7952074015748032
20
1.2758902362204725
11
0.7937007874015748
21
1.2755905511811023
0
LINE
8
BLACK
6
CONTINUOUS
10
0.7937007874015748
20
1.2755905511811023
11
0.7543307086614173
21
1.2755905511811023
0
LINE
8
BLACK
6
CONTINUOUS
10
0.7543307086614173
20
1.2755905511811023
11
0.752824094488189
21
1.2758902362204725
0
LINE
8
BLACK
6
CONTINUOUS
10
0.752824094488189
20
1.2758902362204725
11
0.7515468110236221
21
1.2767436614173229
0
LINE
8
BLACK
6
CONTINUOUS
10
0.7515468110236221
20
1.2767436614173229
11
0.7506933858267716
21
1.2780209448818898
0
LINE
8
BLACK
6
CONTINUOUS
10
0.7506933858267716
20
1.2780209448818898
11
0.7503937007874015
21
1.2795275590551181
0
LINE
8
BLACK
6
CONTINUOUS
10
0.7503937007874015
20
1.2795275590551181
11
0.7503937007874015
21
1.4291338582677164
0
LINE
8
BLACK
6
CONTINUOUS
10
0.7503937007874015
20
1.4291338582677164
11
0.7506933858267716
21
1.4306404724409449
0
LINE
8
BLACK
6
CONTINUOUS
10
0.7506933858267716
20
1.4306404724409449
11
0.7515468110236221
21
1.4319177559055118
0
LINE
8
BLACK
6
CONTINUOUS
10
0.7515468110236221
20
1.4319177559055118
11
0.752824094488189
21
1.4327711811023622
0
LINE
8
BLACK
6
CONTINUOUS
10
0.752824094488189
20
1.4327711811023622
11
0.7543307086614173
21
1.4330708661417322
0
LINE
8
BLACK
6
CONTINUOUS
10
0.7543307086614173
20
1.4330708661417322
11
0.7937007874015748
21
1.4330708661417322
0
LINE
8
BLACK
6
CONTINUOUS
10
0.7937007874015748
20
1.4330708661417322
11
0.7952074015748032
21
1.4327711811023622
0
LINE
8
BLACK
6
CONTINUOUS
10
2.0471759055118111
20
1.4327711811023622
11
2.048453188976378
21
1.4319177559055118
0
LINE
8
BLACK
6
CONTINUOUS
10
2.048453188976378
20
1.4319177559055118
11
2.0493066141732283
21
1.4306404724409449
0
LINE
8
BLACK
6
CONTINUOUS
10
2.0493066141732283
20
1.4306404724409449
11
2.0496062992125985
21
1.4291338582677164
0
LINE
8
BLACK
6
CONTINUOUS
10
2.0496062992125985
20
1.4291338582677164
11
2.0496062992125985
21
1.2795275590551181
0
LINE
8
BLACK
6
CONTINUOUS
10
2.0496062992125985
20
1.2795275590551181
11
2.0493066141732283
21
1.2780209448818898
0
LINE
8
BLACK
6
CONTINUOUS
10
2.0493066141732283
20
1.2780209448818898
11
2.048453188976378
21
1.2767436614173229
0
LINE
8
BLACK
6
CONTINUOUS
10
2.048453188976378
20
1.2767436614173229
11
2.0471759055118111
21
1.2758902362204725
0
LINE
8
BLACK
6
CONTINUOUS
10
2.0471759055118111
20
1.2758902362204725
11
2.0456692913385828
21
1.2755905511811023
0
LINE
8
BLACK
6
CONTINUOUS
10
2.0456692913385828
20
1.2755905511811023
11
2.0062992125984254
21
1.2755905511811023
0
LINE
8
BLACK
6
CONTINUOUS
10
2.0062992125984254
20
1.2755905511811023
11
2.0047925984251966
21
1.2758902362204725
0
LINE
8
BLACK
6
CONTINUOUS
10
2.0047925984251966
20
1.2758902362204725
11
2.0035153149606297
21
1.2767436614173229
0
LINE
8
BLACK
6
CONTINUOUS
10
2.0035153149606297
20
1.2767436614173229
11
2.0026618897637793
21
1.2780209448818898
0
LINE
8
BLACK
6
CONTINUOUS
10
2.0026618897637793
20
1.2780209448818898
11
2.0023622047244096
21
1.2795275590551181
0
LINE
8
BLACK
6
CONTINUOUS
10
2.0023622047244096
20
1.2795275590551181
11
2.0023622047244096
21
1.4291338582677164
0
LINE
8
BLACK
6
CONTINUOUS
10
2.0023622047244096
20
1.4291338582677164
11
2.0026618897637793
21
1.4306404724409449
0
LINE
8
BLACK
6
CONTINUOUS
10
2.0026618897637793
20
1.4306404724409449
11
2.0035153149606297
21
1.4319177559055118
0
LINE
8
BLACK
6
CONTINUOUS
10
2.0035153149606297
20
1.4319177559055118
11
2.0047925984251966
21
1.4327711811023622
0
LINE
8
BLACK
6
CONTINUOUS
10
2.0047925984251966
20
1.4327711811023622
11
2.0062992125984254
21
1.4330708661417322
0
LINE
8
BLACK
6
CONTINUOUS
10
2.0062992125984254
20
1.4330708661417322
11
2.0456692913385828
21
1.4330708661417322
0
LINE
8
BLACK
6
CONTINUOUS
10
2.0456692913385828
20
1.4330708661417322
11
2.0471759055118111
21
1.4327711811023622
0
LINE
8
BLACK
6
CONTINUOUS
10
1.2469337007874015
20
1.3249340944881889
11
1.2509611023622047
21
1.323056062992126
0
LINE
8
BLACK
6
CONTINUOUS
10
1.2509611023622047
20
1.323056062992126
11
1.2541033070866141
21
1.3199138582677166
0
LINE
8
BLACK
6
CONTINUOUS
10
1.2541033070866141
20
1.3199138582677166
11
1.2559813385826772
21
1.3158864566929134
0
LINE
8
BLACK
6
CONTINUOUS
10
1.2559813385826772
20
1.3158864566929134
11
1.2564173228346456
21
1.3125748031496063
0
LINE
8
BLACK
6
CONTINUOUS
10
1.2564173228346456
20
1.3125748031496063
11
1.2564173228346456
21
1.2928897637795276
0
LINE
8
BLACK
6
CONTINUOUS
10
1.2564173228346456
20
1.2928897637795276
11
1.2559813385826772
21
1.2895781102362205
0
LINE
8
BLACK
6
CONTINUOUS
10
1.2559813385826772
20
1.2895781102362205
11
1.2541033070866141
21
1.2855507086614173
0
LINE
8
BLACK
6
CONTINUOUS
10
1.2541033070866141
20
1.2855507086614173
11
1.2509611023622047
21
1.2824085039370079
0
LINE
8
BLACK
6
CONTINUOUS
10
1.2509611023622047
20
1.2824085039370079
11
1.2469337007874015
21
1.2805304724409448
0
LINE
8
BLACK
6
CONTINUOUS
10
1.2469337007874015
20
1.2805304724409448
11
1.2436220472440944
21
1.2800944881889764
0
LINE
8
BLACK
6
CONTINUOUS
10
1.2436220472440944
20
1.2800944881889764
11
1.2259055118110236
21
1.2800944881889764
0
LINE
8
BLACK
6
CONTINUOUS
10
1.2259055118110236
20
1.2800944881889764
11
1.2225938582677165
21
1.2805304724409448
0
LINE
8
BLACK
6
CONTINUOUS
10
1.2225938582677165
20
1.2805304724409448
11
1.2185664566929133
21
1.2824085039370079
0
LINE
8
BLACK
6
CONTINUOUS
10
1.2185664566929133
20
1.2824085039370079
11
1.2154242519685039
21
1.2855507086614173
0
LINE
8
BLACK
6
CONTINUOUS
10
1.2154242519685039
20
1.2855507086614173
11
1.213546220472441
21
1.2895781102362205
0
LINE
8
BLACK
6
CONTINUOUS
10
1.213546220472441
20
1.2895781102362205
11
1.2131102362204724
21
1.2928897637795276
0
LINE
8
BLACK
6
CONTINUOUS
10
1.2131102362204724
20
1.2928897637795276
11
1.2131102362204724
21
1.3125748031496063
0
LINE
8
BLACK
6
CONTINUOUS
10
1.2131102362204724
20
1.3125748031496063
11
1.213546220472441
21
1.3158864566929134
0
LINE
8
BLACK
6
CONTINUOUS
10
1.213546220472441
20
1.3158864566929134
11
1.2154242519685039
21
1.3199138582677166
0
LINE
8
BLACK
6
CONTINUOUS
10
1.2154242519685039
20
1.3199138582677166
11
1.2185664566929133
21
1.323056062992126
0
LINE
8
BLACK
6
CONTINUOUS
10
1.2185664566929133
20
1.323056062992126
11
1.2225938582677165
21
1.3249340944881889
0
LINE
8
BLACK
6
CONTINUOUS
10
1.2225938582677165
20
1.3249340944881889
11
1.2259055118110236
21
1.3253700787401574
0
LINE
8
BLACK
6
CONTINUOUS
10
1.2259055118110236
20
1.3253700787401574
11
1.2436220472440944
21
1.3253700787401574
0
LINE
8
BLACK
6
CONTINUOUS
10
1.2436220472440944
20
1.3253700787401574
11
1.2469337007874015
21
1.3249340944881889
0
LINE
8
BLACK
6
CONTINUOUS
10
1.3079573228346457
20
1.3249340944881889
11
1.3119847244094487
21
1.323056062992126
0
LINE
8
BLACK
6
CONTINUOUS
10
1.3119847244094487
20
1.323056062992126
11
1.3151269291338583
21
1.3199138582677166
0
LINE
8
BLACK
6
CONTINUOUS
10
1.3151269291338583
20
1.3199138582677166
11
1.3170049606299212
21
1.3158864566929134
0
LINE
8
BLACK
6
CONTINUOUS
10
1.3170049606299212
20
1.3158864566929134
11
1.3174409448818898
21
1.3125748031496063
0
LINE
8
BLACK
6
CONTINUOUS
10
1.3174409448818898
20
1.3125748031496063
11
1.3174409448818898
21
1.2928897637795276
0
LINE
8
BLACK
6
CONTINUOUS
10
1.3174409448818898
20
1.2928897637795276
11
1.3170049606299212
21
1.2895781102362205
0
LINE
8
BLACK
6
CONTINUOUS
10
1.3170049606299212
20
1.2895781102362205
11
1.3151269291338583
21
1.2855507086614173
0
LINE
8
BLACK
6
CONTINUOUS
10
1.3151269291338583
20
1.2855507086614173
11
1.3119847244094487
21
1.2824085039370079
0
LINE
8
BLACK
6
CONTINUOUS
10
1.3119847244094487
20
1.2824085039370079
11
1.3079573228346457
21
1.2805304724409448
0
LINE
8
BLACK
6
CONTINUOUS
10
1.3079573228346457
20
1.2805304724409448
11
1.3046456692913386
21
1.2800944881889764
0
LINE
8
BLACK
6
CONTINUOUS
10
1.3046456692913386
20
1.2800944881889764
11
1.2869291338582678
21
1.2800944881889764
0
LINE
8
BLACK
6
CONTINUOUS
10
1.2869291338582678
20
1.2800944881889764
11
1.2836174803149607
21
1.2805304724409448
0
LINE
8
BLACK
6
CONTINUOUS
10
1.2836174803149607
20
1.2805304724409448
11
1.2795900787401575
21
1.2824085039370079
0
LINE
8
BLACK
6
CONTINUOUS
10
1.2795900787401575
20
1.2824085039370079
11
1.2764478740157481
21
1.2855507086614173
0
LINE
8
BLACK
6
CONTINUOUS
10
1.2764478740157481
20
1.2855507086614173
11
1.274569842519685
21
1.2895781102362205
0
LINE
8
BLACK
6
CONTINUOUS
10
1.274569842519685
20
1.2895781102362205
11
1.2741338582677164
21
1.2928897637795276
0
LINE
8
BLACK
6
CONTINUOUS
10
1.2741338582677164
20
1.2928897637795276
11
1.2741338582677164
21
1.3125748031496063
0
LINE
8
BLACK
6
CONTINUOUS
10
1.2741338582677164
20
1.3125748031496063
11
1.274569842519685
21
1.3158864566929134
0
LINE
8
BLACK
6
CONTINUOUS
10
1.274569842519685
20
1.3158864566929134
11
1.2764478740157481
21
1.3199138582677166
0
LINE
8
BLACK
6
CONTINUOUS
10
1.2764478740157481
20
1.3199138582677166
11
1.2795900787401575
21
1.323056062992126
0
LINE
8
BLACK
6
CONTINUOUS
10
1.2795900787401575
20
1.323056062992126
11
1.2836174803149607
21
1.3249340944881889
0
LINE
8
BLACK
6
CONTINUOUS
10
1.2836174803149607
20
1.3249340944881889
11
1.2869291338582678
21
1.3253700787401574
0
LINE
8
BLACK
6
CONTINUOUS
10
1.2869291338582678
20
1.3253700787401574
11
1.3046456692913386
21
1.3253700787401574
0
LINE
8
BLACK
6
CONTINUOUS
10
1.3046456692913386
20
1.3253700787401574
11
1.3079573228346457
21
1.3249340944881889
0
LINE
8
BLACK
6
CONTINUOUS
10
1.6307153937007874
20
1.3375972440944881
11
1.6339085433070866
21
1.3354636614173228
0
LINE
8
BLACK
6
CONTINUOUS
10
1.6339085433070866
20
1.3354636614173228
11
1.6360421259842519
21
1.3322705118110236
0
LINE
8
BLACK
6
CONTINUOUS
10
1.6360421259842519
20
1.3322705118110236
11
1.6367913385826771
21
1.3285039370078739
0
LINE
8
BLACK
6
CONTINUOUS
10
1.6367913385826771
20
1.3285039370078739
11
1.6367913385826771
21
1.3166929133858267
0
LINE
8
BLACK
6
CONTINUOUS
10
1.6367913385826771
20
1.3166929133858267
11
1.6360421259842519
21
1.312926338582677
0
LINE
8
BLACK
6
CONTINUOUS
10
1.6360421259842519
20
1.312926338582677
11
1.6339085433070866
21
1.3097331889763779
0
LINE
8
BLACK
6
CONTINUOUS
10
1.6339085433070866
20
1.3097331889763779
11
1.6307153937007874
21
1.3075996062992126
0
LINE
8
BLACK
6
CONTINUOUS
10
1.6307153937007874
20
1.3075996062992126
11
1.6269488188976378
21
1.3068503937007874
0
LINE
8
BLACK
6
CONTINUOUS
10
1.6269488188976378
20
1.3068503937007874
11
1.5806889763779528
21
1.3068503937007874
0
LINE
8
BLACK
6
CONTINUOUS
10
1.5806889763779528
20
1.3068503937007874
11
1.5769224015748031
21
1.3075996062992126
0
LINE
8
BLACK
6
CONTINUOUS
10
1.5769224015748031
20
1.3075996062992126
11
1.573729251968504
21
1.3097331889763779
0
LINE
8
BLACK
6
CONTINUOUS
10
1.573729251968504
20
1.3097331889763779
11
1.5715956692913386
21
1.312926338582677
0
LINE
8
BLACK
6
CONTINUOUS
10
1.5715956692913386
20
1.312926338582677
11
1.5708464566929135
21
1.3166929133858267
0
LINE
8
BLACK
6
CONTINUOUS
10
1.5708464566929135
20
1.3166929133858267
11
1.5708464566929135
21
1.3285039370078739
0
LINE
8
BLACK
6
CONTINUOUS
10
1.5708464566929135
20
1.3285039370078739
11
1.5715956692913386
21
1.3322705118110236
0
LINE
8
BLACK
6
CONTINUOUS
10
1.5715956692913386
20
1.3322705118110236
11
1.573729251968504
21
1.3354636614173228
0
LINE
8
BLACK
6
CONTINUOUS
10
1.573729251968504
20
1.3354636614173228
11
1.5769224015748031
21
1.3375972440944881
0
LINE
8
BLACK
6
CONTINUOUS
10
1.5769224015748031
20
1.3375972440944881
11
1.5806889763779528
21
1.3383464566929133
0
LINE
8
BLACK
6
CONTINUOUS
10
1.5806889763779528
20
1.3383464566929133
11
1.6269488188976378
21
1.3383464566929133
0
LINE
8
BLACK
6
CONTINUOUS
10
1.6269488188976378
20
1.3383464566929133
11
1.6307153937007874
21
1.3375972440944881
0
LINE
8
BLACK
6
CONTINUOUS
10
1.7715066141732283
20
1.3836373228346457
11
1.7727838976377952
21
1.3827838976377953
0
LINE
8
BLACK
6
CONTINUOUS
10
1.7727838976377952
20
1.3827838976377953
11
1.7736373228346456
21
1.3815066141732284
0
LINE
8
BLACK
6
CONTINUOUS
10
1.7736373228346456
20
1.3815066141732284
11
1.7739370078740158
21
1.3799999999999999
0
LINE
8
BLACK
6
CONTINUOUS
10
1.7739370078740158
20
1.3799999999999999
11
1.7739370078740158
21
1.3200000000000001
0
LINE
8
BLACK
6
CONTINUOUS
10
1.7739370078740158
20
1.3200000000000001
11
1.7736373228346456
21
1.3184933858267716
0
LINE
8
BLACK
6
CONTINUOUS
10
1.7736373228346456
20
1.3184933858267716
11
1.7727838976377952
21
1.3172161023622047
0
LINE
8
BLACK
6
CONTINUOUS
10
1.7727838976377952
20
1.3172161023622047
11
1.7715066141732283
21
1.3163626771653543
0
LINE
8
BLACK
6
CONTINUOUS
10
1.7715066141732283
20
1.3163626771653543
11
1.77
21
1.3160629921259843
0
LINE
8
BLACK
6
CONTINUOUS
10
1.77
20
1.3160629921259843
11
1.71
21
1.3160629921259843
0
LINE
8
BLACK
6
CONTINUOUS
10
1.71
20
1.3160629921259843
11
1.7084933858267717
21
1.3163626771653543
0
LINE
8
BLACK
6
CONTINUOUS
10
1.7084933858267717
20
1.3163626771653543
11
1.7072161023622048
21
1.3172161023622047
0
LINE
8
BLACK
6
CONTINUOUS
10
1.7072161023622048
20
1.3172161023622047
11
1.7063626771653544
21
1.3184933858267716
0
LINE
8
BLACK
6
CONTINUOUS
10
1.7063626771653544
20
1.3184933858267716
11
1.7060629921259842
21
1.3200000000000001
0
LINE
8
BLACK
6
CONTINUOUS
10
1.7060629921259842
20
1.3200000000000001
11
1.7060629921259842
21
1.3799999999999999
0
LINE
8
BLACK
6
CONTINUOUS
10
1.7060629921259842
20
1.3799999999999999
11
1.7063626771653544
21
1.3815066141732284
0
LINE
8
BLACK
6
CONTINUOUS
10
1.7063626771653544
20
1.3815066141732284
11
1.7072161023622048
21
1.3827838976377953
0
LINE
8
BLACK
6
CONTINUOUS
10
1.7072161023622048
20
1.3827838976377953
11
1.7084933858267717
21
1.3836373228346457
0
LINE
8
BLACK
6
CONTINUOUS
10
1.7084933858267717
20
1.3836373228346457
11
1.71
21
1.3839370078740156
0
LINE
8
BLACK
6
CONTINUOUS
10
1.71
20
1.3839370078740156
11
1.77
21
1.3839370078740156
0
LINE
8
BLACK
6
CONTINUOUS
10
1.77
20
1.3839370078740156
11
1.7715066141732283
21
1.3836373228346457
0
LINE
8
BLACK
6
CONTINUOUS
10
1.8715066141732284
20
1.3836373228346457
11
1.8727838976377953
21
1.3827838976377953
0
LINE
8
BLACK
6
CONTINUOUS
10
1.8727838976377953
20
1.3827838976377953
11
1.8736373228346457
21
1.3815066141732284
0
LINE
8
BLACK
6
CONTINUOUS
10
1.8736373228346457
20
1.3815066141732284
11
1.8739370078740156
21
1.3799999999999999
0
LINE
8
BLACK
6
CONTINUOUS
10
1.8739370078740156
20
1.3799999999999999
11
1.8739370078740156
21
1.3200000000000001
0
LINE
8
BLACK
6
CONTINUOUS
10
1.8739370078740156
20
1.3200000000000001
11
1.8736373228346457
21
1.3184933858267716
0
LINE
8
BLACK
6
CONTINUOUS
10
1.8736373228346457
20
1.3184933858267716
11
1.8727838976377953
21
1.3172161023622047
0
LINE
8
BLACK
6
CONTINUOUS
10
1.8727838976377953
20
1.3172161023622047
11
1.8715066141732284
21
1.3163626771653543
0
LINE
8
BLACK
6
CONTINUOUS
10
1.8715066141732284
20
1.3163626771653543
11
1.8699999999999999
21
1.3160629921259843
0
LINE
8
BLACK
6
CONTINUOUS
10
1.8699999999999999
20
1.3160629921259843
11
1.8100000000000001
21
1.3160629921259843
0
LINE
8
BLACK
6
CONTINUOUS
10
1.8100000000000001
20
1.3160629921259843
11
1.8084933858267715
21
1.3163626771653543
0
LINE
8
BLACK
6
CONTINUOUS
10
1.8084933858267715
20
1.3163626771653543
11
1.8072161023622046
21
1.3172161023622047
0
LINE
8
BLACK
6
CONTINUOUS
10
1.8072161023622046
20
1.3172161023622047
11
1.8063626771653543
21
1.3184933858267716
0
LINE
8
BLACK
6
CONTINUOUS
10
1.8063626771653543
20
1.3184933858267716
11
1.8060629921259843
21
1.3200000000000001
0
LINE
8
BLACK
6
CONTINUOUS
10
1.8060629921259843
20
1.3200000000000001
11
1.8060629921259843
21
1.3799999999999999
0
LINE
8
BLACK
6
CONTINUOUS
10
1.8060629921259843
20
1.3799999999999999
11
1.8063626771653543
21
1.3815066141732284
0
LINE
8
BLACK
6
CONTINUOUS
10
1.8063626771653543
20
1.3815066141732284
11
1.8072161023622046
21
1.3827838976377953
0
LINE
8
BLACK
6
CONTINUOUS
10
1.8072161023622046
20
1.3827838976377953
11
1.8084933858267715
21
1.3836373228346457
0
LINE
8
BLACK
6
CONTINUOUS
10
1.8084933858267715
20
1.3836373228346457
11
1.8100000000000001
21
1.3839370078740156
0
LINE
8
BLACK
6
CONTINUOUS
10
1.8100000000000001
20
1.3839370078740156
11
1.8699999999999999
21
1.3839370078740156
0
LINE
8
BLACK
6
CONTINUOUS
10
1.8699999999999999
20
1.3839370078740156
11
1.8715066141732284
21
1.3836373228346457
0
LINE
8
BLACK
6
CONTINUOUS
10
2.2915065748031496
20
1.3936373228346457
11
2.2927838582677165
21
1.3927838976377953
0
LINE
8
BLACK
6
CONTINUOUS
10
2.2927838582677165
20
1.3927838976377953
11
2.2936372834645669
21
1.3915066141732284
0
LINE
8
BLACK
6
CONTINUOUS
10
2.2936372834645669
20
1.3915066141732284
11
2.293936968503937
21
1.3899999999999999
0
LINE
8
BLACK
6
CONTINUOUS
10
2.293936968503937
20
1.3899999999999999
11
2.293936968503937
21
1.3300000000000001
0
LINE
8
BLACK
6
CONTINUOUS
10
2.293936968503937
20
1.3300000000000001
11
2.2936372834645669
21
1.3284933858267716
0
LINE
8
BLACK
6
CONTINUOUS
10
2.2936372834645669
20
1.3284933858267716
11
2.2927838582677165
21
1.3272161023622047
0
LINE
8
BLACK
6
CONTINUOUS
10
2.2927838582677165
20
1.3272161023622047
11
2.2915065748031496
21
1.3263626771653543
0
LINE
8
BLACK
6
CONTINUOUS
10
2.2915065748031496
20
1.3263626771653543
11
2.2899999606299213
21
1.3260629921259843
0
LINE
8
BLACK
6
CONTINUOUS
10
2.2899999606299213
20
1.3260629921259843
11
2.2299999606299212
21
1.3260629921259843
0
LINE
8
BLACK
6
CONTINUOUS
10
2.2299999606299212
20
1.3260629921259843
11
2.2284933464566929
21
1.3263626771653543
0
LINE
8
BLACK
6
CONTINUOUS
10
2.2284933464566929
20
1.3263626771653543
11
2.227216062992126
21
1.3272161023622047
0
LINE
8
BLACK
6
CONTINUOUS
10
2.227216062992126
20
1.3272161023622047
11
2.2263626377952757
21
1.3284933858267716
0
LINE
8
BLACK
6
CONTINUOUS
10
2.2263626377952757
20
1.3284933858267716
11
2.2260629527559055
21
1.3300000000000001
0
LINE
8
BLACK
6
CONTINUOUS
10
2.2260629527559055
20
1.3300000000000001
11
2.2260629527559055
21
1.3899999999999999
0
LINE
8
BLACK
6
CONTINUOUS
10
2.2260629527559055
20
1.3899999999999999
11
2.2263626377952757
21
1.3915066141732284
0
LINE
8
BLACK
6
CONTINUOUS
10
2.2263626377952757
20
1.3915066141732284
11
2.227216062992126
21
1.3927838976377953
0
LINE
8
BLACK
6
CONTINUOUS
10
2.227216062992126
20
1.3927838976377953
11
2.2284933464566929
21
1.3936373228346457
0
LINE
8
BLACK
6
CONTINUOUS
10
2.2284933464566929
20
1.3936373228346457
11
2.2299999606299212
21
1.3939370078740156
0
LINE
8
BLACK
6
CONTINUOUS
10
2.2299999606299212
20
1.3939370078740156
11
2.2899999606299213
21
1.3939370078740156
0
LINE
8
BLACK
6
CONTINUOUS
10
2.2899999606299213
20
1.3939370078740156
11
2.2915065748031496
21
1.3936373228346457
0
LINE
8
BLACK
6
CONTINUOUS
10
2.3915066535433072
20
1.3936373228346457
11
2.3927839370078741
21
1.3927838976377953
0
LINE
8
BLACK
6
CONTINUOUS
10
2.3927839370078741
20
1.3927838976377953
11
2.3936373622047245
21
1.3915066141732284
0
LINE
8
BLACK
6
CONTINUOUS
10
2.3936373622047245
20
1.3915066141732284
11
2.3939370472440946
21
1.3899999999999999
0
LINE
8
BLACK
6
CONTINUOUS
10
2.3939370472440946
20
1.3899999999999999
11
2.3939370472440946
21
1.3300000000000001
0
LINE
8
BLACK
6
CONTINUOUS
10
2.3939370472440946
20
1.3300000000000001
11
2.3936373622047245
21
1.3284933858267716
0
LINE
8
BLACK
6
CONTINUOUS
10
2.3936373622047245
20
1.3284933858267716
11
2.3927839370078741
21
1.3272161023622047
0
LINE
8
BLACK
6
CONTINUOUS
10
2.3927839370078741
20
1.3272161023622047
11
2.3915066535433072
21
1.3263626771653543
0
LINE
8
BLACK
6
CONTINUOUS
10
2.3915066535433072
20
1.3263626771653543
11
2.3900000393700789
21
1.3260629921259843
0
LINE
8
BLACK
6
CONTINUOUS
10
2.3900000393700789
20
1.3260629921259843
11
2.3300000393700788
21
1.3260629921259843
0
LINE
8
BLACK
6
CONTINUOUS
10
2.3300000393700788
20
1.3260629921259843
11
2.3284934251968505
21
1.3263626771653543
0
LINE
8
BLACK
6
CONTINUOUS
10
2.3284934251968505
20
1.3263626771653543
11
2.3272161417322832
21
1.3272161023622047
0
LINE
8
BLACK
6
CONTINUOUS
10
2.3272161417322832
20
1.3272161023622047
11
2.3263627165354328
21
1.3284933858267716
0
LINE
8
BLACK
6
CONTINUOUS
10
2.3263627165354328
20
1.3284933858267716
11
2.3260630314960631
21
1.3300000000000001
0
LINE
8
BLACK
6
CONTINUOUS
10
2.3260630314960631
20
1.3300000000000001
11
2.3260630314960631
21
1.3899999999999999
0
LINE
8
BLACK
6
CONTINUOUS
10
2.3260630314960631
20
1.3899999999999999
11
2.3263627165354328
21
1.3915066141732284
0
LINE
8
BLACK
6
CONTINUOUS
10
2.3263627165354328
20
1.3915066141732284
11
2.3272161417322832
21
1.3927838976377953
0
LINE
8
BLACK
6
CONTINUOUS
10
2.3272161417322832
20
1.3927838976377953
11
2.3284934251968505
21
1.3936373228346457
0
LINE
8
BLACK
6
CONTINUOUS
10
2.3284934251968505
20
1.3936373228346457
11
2.3300000393700788
21
1.3939370078740156
0
LINE
8
BLACK
6
CONTINUOUS
10
2.3300000393700788
20
1.3939370078740156
11
2.3900000393700789
21
1.3939370078740156
0
LINE
8
BLACK
6
CONTINUOUS
10
2.3900000393700789
20
1.3939370078740156
11
2.3915066535433072
21
1.3936373228346457
0
LINE
8
BLACK
6
CONTINUOUS
10
1.5568964960629921
20
1.3749988188976379
11
1.5600896456692912
21
1.3728652362204725
0
LINE
8
BLACK
6
CONTINUOUS
10
1.5600896456692912
20
1.3728652362204725
11
1.5622232283464565
21
1.3696720866141732
0
LINE
8
BLACK
6
CONTINUOUS
10
1.5622232283464565
20
1.3696720866141732
11
1.5629724409448817
21
1.3659055118110235
0
LINE
8
BLACK
6
CONTINUOUS
10
1.5629724409448817
20
1.3659055118110235
11
1.5629724409448817
21
1.3540944881889763
0
LINE
8
BLACK
6
CONTINUOUS
10
1.5629724409448817
20
1.3540944881889763
11
1.5622232283464565
21
1.3503279133858268
0
LINE
8
BLACK
6
CONTINUOUS
10
1.5622232283464565
20
1.3503279133858268
11
1.5600896456692912
21
1.3471347637795275
0
LINE
8
BLACK
6
CONTINUOUS
10
1.5600896456692912
20
1.3471347637795275
11
1.5568964960629921
21
1.3450011811023621
0
LINE
8
BLACK
6
CONTINUOUS
10
1.5568964960629921
20
1.3450011811023621
11
1.5531299212598424
21
1.3442519685039369
0
LINE
8
BLACK
6
CONTINUOUS
10
1.5531299212598424
20
1.3442519685039369
11
1.5068700787401574
21
1.3442519685039369
0
LINE
8
BLACK
6
CONTINUOUS
10
1.5068700787401574
20
1.3442519685039369
11
1.5031035039370078
21
1.3450011811023621
0
LINE
8
BLACK
6
CONTINUOUS
10
1.5031035039370078
20
1.3450011811023621
11
1.4999103543307086
21
1.3471347637795275
0
LINE
8
BLACK
6
CONTINUOUS
10
1.4999103543307086
20
1.3471347637795275
11
1.4977767716535433
21
1.3503279133858268
0
LINE
8
BLACK
6
CONTINUOUS
10
1.4977767716535433
20
1.3503279133858268
11
1.4970275590551181
21
1.3540944881889763
0
LINE
8
BLACK
6
CONTINUOUS
10
1.4970275590551181
20
1.3540944881889763
11
1.4970275590551181
21
1.3659055118110235
0
LINE
8
BLACK
6
CONTINUOUS
10
1.4970275590551181
20
1.3659055118110235
11
1.4977767716535433
21
1.3696720866141732
0
LINE
8
BLACK
6
CONTINUOUS
10
1.4977767716535433
20
1.3696720866141732
11
1.4999103543307086
21
1.3728652362204725
0
LINE
8
BLACK
6
CONTINUOUS
10
1.4999103543307086
20
1.3728652362204725
11
1.5031035039370078
21
1.3749988188976379
0
LINE
8
BLACK
6
CONTINUOUS
10
1.5031035039370078
20
1.3749988188976379
11
1.5068700787401574
21
1.3757480314960631
0
LINE
8
BLACK
6
CONTINUOUS
10
1.5068700787401574
20
1.3757480314960631
11
1.5531299212598424
21
1.3757480314960631
0
LINE
8
BLACK
6
CONTINUOUS
10
1.5531299212598424
20
1.3757480314960631
11
1.5568964960629921
21
1.3749988188976379
0
LINE
8
BLACK
6
CONTINUOUS
10
1.6307153937007874
20
1.4124003937007874
11
1.6339085433070866
21
1.4102668110236221
0
LINE
8
BLACK
6
CONTINUOUS
10
1.6339085433070866
20
1.4102668110236221
11
1.6360421259842519
21
1.4070736614173227
0
LINE
8
BLACK
6
CONTINUOUS
10
1.6360421259842519
20
1.4070736614173227
11
1.6367913385826771
21
1.4033070866141732
0
LINE
8
BLACK
6
CONTINUOUS
10
1.6367913385826771
20
1.4033070866141732
11
1.6367913385826771
21
1.391496062992126
0
LINE
8
BLACK
6
CONTINUOUS
10
1.6367913385826771
20
1.391496062992126
11
1.6360421259842519
21
1.3877294881889763
0
LINE
8
BLACK
6
CONTINUOUS
10
1.6360421259842519
20
1.3877294881889763
11
1.6339085433070866
21
1.3845363385826772
0
LINE
8
BLACK
6
CONTINUOUS
10
1.6339085433070866
20
1.3845363385826772
11
1.6307153937007874
21
1.3824027559055119
0
LINE
8
BLACK
6
CONTINUOUS
10
1.6307153937007874
20
1.3824027559055119
11
1.6269488188976378
21
1.3816535433070867
0
LINE
8
BLACK
6
CONTINUOUS
10
1.6269488188976378
20
1.3816535433070867
11
1.5806889763779528
21
1.3816535433070867
0
LINE
8
BLACK
6
CONTINUOUS
10
1.5806889763779528
20
1.3816535433070867
11
1.5769224015748031
21
1.3824027559055119
0
LINE
8
BLACK
6
CONTINUOUS
10
1.5769224015748031
20
1.3824027559055119
11
1.573729251968504
21
1.3845363385826772
0
LINE
8
BLACK
6
CONTINUOUS
10
1.573729251968504
20
1.3845363385826772
11
1.5715956692913386
21
1.3877294881889763
0
LINE
8
BLACK
6
CONTINUOUS
10
1.5715956692913386
20
1.3877294881889763
11
1.5708464566929135
21
1.391496062992126
0
LINE
8
BLACK
6
CONTINUOUS
10
1.5708464566929135
20
1.391496062992126
11
1.5708464566929135
21
1.4033070866141732
0
LINE
8
BLACK
6
CONTINUOUS
10
1.5708464566929135
20
1.4033070866141732
11
1.5715956692913386
21
1.4070736614173227
0
LINE
8
BLACK
6
CONTINUOUS
10
1.5715956692913386
20
1.4070736614173227
11
1.573729251968504
21
1.4102668110236221
0
LINE
8
BLACK
6
CONTINUOUS
10
1.573729251968504
20
1.4102668110236221
11
1.5769224015748031
21
1.4124003937007874
0
LINE
8
BLACK
6
CONTINUOUS
10
1.5769224015748031
20
1.4124003937007874
11
1.5806889763779528
21
1.4131496062992126
0
LINE
8
BLACK
6
CONTINUOUS
10
1.5806889763779528
20
1.4131496062992126
11
1.6269488188976378
21
1.4131496062992126
0
LINE
8
BLACK
6
CONTINUOUS
10
1.6269488188976378
20
1.4131496062992126
11
1.6307153937007874
21
1.4124003937007874
0
LINE
8
BLACK
6
CONTINUOUS
10
0.4136649606299213
20
1.7212798425196849
11
0.4271580708661417
21
1.718987283464567
0
LINE
8
BLACK
6
CONTINUOUS
10
0.4271580708661417
20
1.718987283464567
11
0.4403096456692913
21
1.7151983464566929
0
LINE
8
BLACK
6
CONTINUOUS
10
0.4403096456692913
20
1.7151983464566929
11
0.4529543307086614
21
1.709960748031496
0
LINE
8
BLACK
6
CONTINUOUS
10
0.4529543307086614
20
1.709960748031496
11
0.464933031496063
21
1.7033403543307086
0
LINE
8
BLACK
6
CONTINUOUS
10
0.464933031496063
20
1.7033403543307086
11
0.4760951968503937
21
1.6954203937007875
0
LINE
8
BLACK
6
CONTINUOUS
10
0.4760951968503937
20
1.6954203937007875
11
0.4863004330708661
21
1.6863004330708662
0
LINE
8
BLACK
6
CONTINUOUS
10
0.4863004330708661
20
1.6863004330708662
11
0.4954203937007874
21
1.6760951968503937
0
LINE
8
BLACK
6
CONTINUOUS
10
0.4954203937007874
20
1.6760951968503937
11
0.5033403543307087
21
1.6649330314960629
0
LINE
8
BLACK
6
CONTINUOUS
10
0.5033403543307087
20
1.6649330314960629
11
0.509960748031496
21
1.6529543307086614
0
LINE
8
BLACK
6
CONTINUOUS
10
0.509960748031496
20
1.6529543307086614
11
0.5151983464566929
21
1.6403096456692914
0
LINE
8
BLACK
6
CONTINUOUS
10
0.5151983464566929
20
1.6403096456692914
11
0.5189872834645669
21
1.6271580708661417
0
LINE
8
BLACK
6
CONTINUOUS
10
0.5189872834645669
20
1.6271580708661417
11
0.5212798425196851
21
1.6136649606299212
0
LINE
8
BLACK
6
CONTINUOUS
10
0.5212798425196851
20
1.6136649606299212
11
0.5220472440944882
21
1.5999999999999999
0
LINE
8
BLACK
6
CONTINUOUS
10
0.5220472440944882
20
1.5999999999999999
11
0.5212798425196851
21
1.5863350393700788
0
LINE
8
BLACK
6
CONTINUOUS
10
0.5212798425196851
20
1.5863350393700788
11
0.5189872834645669
21
1.5728419291338582
0
LINE
8
BLACK
6
CONTINUOUS
10
0.5189872834645669
20
1.5728419291338582
11
0.5151983464566929
21
1.5596903543307086
0
LINE
8
BLACK
6
CONTINUOUS
10
0.5151983464566929
20
1.5596903543307086
11
0.509960748031496
21
1.5470456692913386
0
LINE
8
BLACK
6
CONTINUOUS
10
0.509960748031496
20
1.5470456692913386
11
0.5033403543307087
21
1.5350669685039369
0
LINE
8
BLACK
6
CONTINUOUS
10
0.5033403543307087
20
1.5350669685039369
11
0.4954203937007874
21
1.5239048031496063
0
LINE
8
BLACK
6
CONTINUOUS
10
0.4954203937007874
20
1.5239048031496063
11
0.4863004330708661
21
1.5136995669291338
0
LINE
8
BLACK
6
CONTINUOUS
10
0.4863004330708661
20
1.5136995669291338
11
0.4760951968503937
21
1.5045796062992125
0
LINE
8
BLACK
6
CONTINUOUS
10
0.4760951968503937
20
1.5045796062992125
11
0.464933031496063
21
1.4966596456692913
0
LINE
8
BLACK
6
CONTINUOUS
10
0.464933031496063
20
1.4966596456692913
11
0.4529543307086614
21
1.490039251968504
0
LINE
8
BLACK
6
CONTINUOUS
10
0.4529543307086614
20
1.490039251968504
11
0.4403096456692913
21
1.4848016535433071
0
LINE
8
BLACK
6
CONTINUOUS
10
0.4403096456692913
20
1.4848016535433071
11
0.4271580708661417
21
1.481012716535433
0
LINE
8
BLACK
6
CONTINUOUS
10
0.4271580708661417
20
1.481012716535433
11
0.4136649606299213
21
1.4787201574803148
0
LINE
8
BLACK
6
CONTINUOUS
10
0.4136649606299213
20
1.4787201574803148
11
0.4
21
1.4779527559055117
0
LINE
8
BLACK
6
CONTINUOUS
10
0.4
20
1.4779527559055117
11
0.3863350393700787
21
1.4787201574803148
0
LINE
8
BLACK
6
CONTINUOUS
10
0.3863350393700787
20
1.4787201574803148
11
0.3728419291338583
21
1.481012716535433
0
LINE
8
BLACK
6
CONTINUOUS
10
0.3728419291338583
20
1.481012716535433
11
0.3596903543307087
21
1.4848016535433071
0
LINE
8
BLACK
6
CONTINUOUS
10
0.3596903543307087
20
1.4848016535433071
11
0.3470456692913386
21
1.490039251968504
0
LINE
8
BLACK
6
CONTINUOUS
10
0.3470456692913386
20
1.490039251968504
11
0.335066968503937
21
1.4966596456692913
0
LINE
8
BLACK
6
CONTINUOUS
10
0.335066968503937
20
1.4966596456692913
11
0.3239048031496063
21
1.5045796062992125
0
LINE
8
BLACK
6
CONTINUOUS
10
0.3239048031496063
20
1.5045796062992125
11
0.3136995669291339
21
1.5136995669291338
0
LINE
8
BLACK
6
CONTINUOUS
10
0.3136995669291339
20
1.5136995669291338
11
0.3045796062992126
21
1.5239048031496063
0
LINE
8
BLACK
6
CONTINUOUS
10
0.3045796062992126
20
1.5239048031496063
11
0.2966596456692913
21
1.5350669685039369
0
LINE
8
BLACK
6
CONTINUOUS
10
0.2966596456692913
20
1.5350669685039369
11
0.2900392519685039
21
1.5470456692913386
0
LINE
8
BLACK
6
CONTINUOUS
10
0.2900392519685039
20
1.5470456692913386
11
0.2848016535433071
21
1.5596903543307086
0
LINE
8
BLACK
6
CONTINUOUS
10
0.2848016535433071
20
1.5596903543307086
11
0.2810127165354331
21
1.5728419291338582
0
LINE
8
BLACK
6
CONTINUOUS
10
0.2810127165354331
20
1.5728419291338582
11
0.278720157480315
21
1.5863350393700788
0
LINE
8
BLACK
6
CONTINUOUS
10
0.278720157480315
20
1.5863350393700788
11
0.2779527559055118
21
1.5999999999999999
0
LINE
8
BLACK
6
CONTINUOUS
10
0.2779527559055118
20
1.5999999999999999
11
0.278720157480315
21
1.6136649606299212
0
LINE
8
BLACK
6
CONTINUOUS
10
0.278720157480315
20
1.6136649606299212
11
0.2810127165354331
21
1.6271580708661417
0
LINE
8
BLACK
6
CONTINUOUS
10
0.2810127165354331
20
1.6271580708661417
11
0.2848016535433071
21
1.6403096456692914
0
LINE
8
BLACK
6
CONTINUOUS
10
0.2848016535433071
20
1.6403096456692914
11
0.2900392519685039
21
1.6529543307086614
0
LINE
8
BLACK
6
CONTINUOUS
10
0.2900392519685039
20
1.6529543307086614
11
0.2966596456692913
21
1.6649330314960629
0
LINE
8
BLACK
6
CONTINUOUS
10
0.2966596456692913
20
1.6649330314960629
11
0.3045796062992126
21
1.6760951968503937
0
LINE
8
BLACK
6
CONTINUOUS
10
0.3045796062992126
20
1.6760951968503937
11
0.3136995669291339
21
1.6863004330708662
0
LINE
8
BLACK
6
CONTINUOUS
10
0.3136995669291339
20
1.6863004330708662
11
0.3239048031496063
21
1.6954203937007875
0
LINE
8
BLACK
6
CONTINUOUS
10
0.3239048031496063
20
1.6954203937007875
11
0.335066968503937
21
1.7033403543307086
0
LINE
8
BLACK
6
CONTINUOUS
10
0.335066968503937
20
1.7033403543307086
11
0.3470456692913386
21
1.709960748031496
0
LINE
8
BLACK
6
CONTINUOUS
10
0.3470456692913386
20
1.709960748031496
11
0.3596903543307087
21
1.7151983464566929
0
LINE
8
BLACK
6
CONTINUOUS
10
0.3596903543307087
20
1.7151983464566929
11
0.3728419291338583
21
1.718987283464567
0
LINE
8
BLACK
6
CONTINUOUS
10
0.3728419291338583
20
1.718987283464567
11
0.3863350393700787
21
1.7212798425196849
0
LINE
8
BLACK
6
CONTINUOUS
10
0.3863350393700787
20
1.7212798425196849
11
0.4
21
1.7220472440944881
0
LINE
8
BLACK
6
CONTINUOUS
10
0.4
20
1.7220472440944881
11
0.4136649606299213
21
1.7212798425196849
0
LINE
8
BLACK
6
CONTINUOUS
10
2.4136649606299212
20
1.7212798425196849
11
2.4271580708661418
21
1.718987283464567
0
LINE
8
BLACK
6
CONTINUOUS
10
2.4271580708661418
20
1.718987283464567
11
2.4403096456692914
21
1.7151983464566929
0
LINE
8
BLACK
6
CONTINUOUS
10
2.4403096456692914
20
1.7151983464566929
11
2.4529543307086614
21
1.709960748031496
0
LINE
8
BLACK
6
CONTINUOUS
10
2.4529543307086614
20
1.709960748031496
11
2.4649330314960629
21
1.7033403543307086
0
LINE
8
BLACK
6
CONTINUOUS
10
2.4649330314960629
20
1.7033403543307086
11
2.4760951968503937
21
1.6954203937007875
0
LINE
8
BLACK
6
CONTINUOUS
10
2.4760951968503937
20
1.6954203937007875
11
2.4863004330708662
21
1.6863004330708662
0
LINE
8
BLACK
6
CONTINUOUS
10
2.4863004330708662
20
1.6863004330708662
11
2.4954203937007873
21
1.6760951968503937
0
LINE
8
BLACK
6
CONTINUOUS
10
2.4954203937007873
20
1.6760951968503937
11
2.5033403543307085
21
1.6649330314960629
0
LINE
8
BLACK
6
CONTINUOUS
10
2.5033403543307085
20
1.6649330314960629
11
2.5099607480314958
21
1.6529543307086614
0
LINE
8
BLACK
6
CONTINUOUS
10
2.5099607480314958
20
1.6529543307086614
11
2.5151983464566929
21
1.6403096456692914
0
LINE
8
BLACK
6
CONTINUOUS
10
2.5151983464566929
20
1.6403096456692914
11
2.518987283464567
21
1.6271580708661417
0
LINE
8
BLACK
6
CONTINUOUS
10
2.518987283464567
20
1.6271580708661417
11
2.521279842519685
21
1.6136649606299212
0
LINE
8
BLACK
6
CONTINUOUS
10
2.521279842519685
20
1.6136649606299212
11
2.5220472440944883
21
1.5999999999999999
0
LINE
8
BLACK
6
CONTINUOUS
10
2.5220472440944883
20
1.5999999999999999
11
2.521279842519685
21
1.5863350393700788
0
LINE
8
BLACK
6
CONTINUOUS
10
2.521279842519685
20
1.5863350393700788
11
2.518987283464567
21
1.5728419291338582
0
LINE
8
BLACK
6
CONTINUOUS
10
2.518987283464567
20
1.5728419291338582
11
2.5151983464566929
21
1.5596903543307086
0
LINE
8
BLACK
6
CONTINUOUS
10
2.5151983464566929
20
1.5596903543307086
11
2.5099607480314958
21
1.5470456692913386
0
LINE
8
BLACK
6
CONTINUOUS
10
2.5099607480314958
20
1.5470456692913386
11
2.5033403543307085
21
1.5350669685039369
0
LINE
8
BLACK
6
CONTINUOUS
10
2.5033403543307085
20
1.5350669685039369
11
2.4954203937007873
21
1.5239048031496063
0
LINE
8
BLACK
6
CONTINUOUS
10
2.4954203937007873
20
1.5239048031496063
11
2.4863004330708662
21
1.5136995669291338
0
LINE
8
BLACK
6
CONTINUOUS
10
2.4863004330708662
20
1.5136995669291338
11
2.4760951968503937
21
1.5045796062992125
0
LINE
8
BLACK
6
CONTINUOUS
10
2.4760951968503937
20
1.5045796062992125
11
2.4649330314960629
21
1.4966596456692913
0
LINE
8
BLACK
6
CONTINUOUS
10
2.4649330314960629
20
1.4966596456692913
11
2.4529543307086614
21
1.490039251968504
0
LINE
8
BLACK
6
CONTINUOUS
10
2.4529543307086614
20
1.490039251968504
11
2.4403096456692914
21
1.4848016535433071
0
LINE
8
BLACK
6
CONTINUOUS
10
2.4403096456692914
20
1.4848016535433071
11
2.4271580708661418
21
1.481012716535433
0
LINE
8
BLACK
6
CONTINUOUS
10
2.4271580708661418
20
1.481012716535433
11
2.4136649606299212
21
1.4787201574803148
0
LINE
8
BLACK
6
CONTINUOUS
10
2.4136649606299212
20
1.4787201574803148
11
2.3999999999999999
21
1.4779527559055117
0
LINE
8
BLACK
6
CONTINUOUS
10
2.3999999999999999
20
1.4779527559055117
11
2.3863350393700786
21
1.4787201574803148
0
LINE
8
BLACK
6
CONTINUOUS
10
2.3863350393700786
20
1.4787201574803148
11
2.3728419291338581
21
1.481012716535433
0
LINE
8
BLACK
6
CONTINUOUS
10
2.3728419291338581
20
1.481012716535433
11
2.3596903543307084
21
1.4848016535433071
0
LINE
8
BLACK
6
CONTINUOUS
10
2.3596903543307084
20
1.4848016535433071
11
2.3470456692913384
21
1.490039251968504
0
LINE
8
BLACK
6
CONTINUOUS
10
2.3470456692913384
20
1.490039251968504
11
2.3350669685039369
21
1.4966596456692913
0
LINE
8
BLACK
6
CONTINUOUS
10
2.3350669685039369
20
1.4966596456692913
11
2.3239048031496061
21
1.5045796062992125
0
LINE
8
BLACK
6
CONTINUOUS
10
2.3239048031496061
20
1.5045796062992125
11
2.3136995669291336
21
1.5136995669291338
0
LINE
8
BLACK
6
CONTINUOUS
10
2.3136995669291336
20
1.5136995669291338
11
2.3045796062992125
21
1.5239048031496063
0
LINE
8
BLACK
6
CONTINUOUS
10
2.3045796062992125
20
1.5239048031496063
11
2.2966596456692914
21
1.5350669685039369
0
LINE
8
BLACK
6
CONTINUOUS
10
2.2966596456692914
20
1.5350669685039369
11
2.290039251968504
21
1.5470456692913386
0
LINE
8
BLACK
6
CONTINUOUS
10
2.290039251968504
20
1.5470456692913386
11
2.2848016535433069
21
1.5596903543307086
0
LINE
8
BLACK
6
CONTINUOUS
10
2.2848016535433069
20
1.5596903543307086
11
2.2810127165354328
21
1.5728419291338582
0
LINE
8
BLACK
6
CONTINUOUS
10
2.2810127165354328
20
1.5728419291338582
11
2.2787201574803149
21
1.5863350393700788
0
LINE
8
BLACK
6
CONTINUOUS
10
2.2787201574803149
20
1.5863350393700788
11
2.2779527559055119
21
1.5999999999999999
0
LINE
8
BLACK
6
CONTINUOUS
10
2.2779527559055119
20
1.5999999999999999
11
2.2787201574803149
21
1.6136649606299212
0
LINE
8
BLACK
6
CONTINUOUS
10
2.2787201574803149
20
1.6136649606299212
11
2.2810127165354328
21
1.6271580708661417
0
LINE
8
BLACK
6
CONTINUOUS
10
2.2810127165354328
20
1.6271580708661417
11
2.2848016535433069
21
1.6403096456692914
0
LINE
8
BLACK
6
CONTINUOUS
10
2.2848016535433069
20
1.6403096456692914
11
2.290039251968504
21
1.6529543307086614
0
LINE
8
BLACK
6
CONTINUOUS
10
2.290039251968504
20
1.6529543307086614
11
2.2966596456692914
21
1.6649330314960629
0
LINE
8
BLACK
6
CONTINUOUS
10
2.2966596456692914
20
1.6649330314960629
11
2.3045796062992125
21
1.6760951968503937
0
LINE
8
BLACK
6
CONTINUOUS
10
2.3045796062992125
20
1.6760951968503937
11
2.3136995669291336
21
1.6863004330708662
0
LINE
8
BLACK
6
CONTINUOUS
10
2.3136995669291336
20
1.6863004330708662
11
2.3239048031496061
21
1.6954203937007875
0
LINE
8
BLACK
6
CONTINUOUS
10
2.3239048031496061
20
1.6954203937007875
11
2.3350669685039369
21
1.7033403543307086
0
LINE
8
BLACK
6
CONTINUOUS
10
2.3350669685039369
20
1.7033403543307086
11
2.3470456692913384
21
1.709960748031496
0
LINE
8
BLACK
6
CONTINUOUS
10
2.3470456692913384
20
1.709960748031496
11
2.3596903543307084
21
1.7151983464566929
0
LINE
8
BLACK
6
CONTINUOUS
10
2.3596903543307084
20
1.7151983464566929
11
2.3728419291338581
21
1.718987283464567
0
LINE
8
BLACK
6
CONTINUOUS
10
2.3728419291338581
20
1.718987283464567
11
2.3863350393700786
21
1.7212798425196849
0
LINE
8
BLACK
6
CONTINUOUS
10
2.3863350393700786
20
1.7212798425196849
11
2.3999999999999999
21
1.7220472440944881
0
LINE
8
BLACK
6
CONTINUOUS
10
2.3999999999999999
20
1.7220472440944881
11
2.4136649606299212
21
1.7212798425196849
0
LINE
8
BLACK
6
CONTINUOUS
10
0.7937007874015748
20
1.6496062992125984
11
0.8842519685039369
21
1.6496062992125984
0
LINE
8
BLACK
6
CONTINUOUS
10
0.8842519685039369
20
1.6496062992125984
11
0.8857585826771653
21
1.6493066141732282
0
LINE
8
BLACK
6
CONTINUOUS
10
0.8857585826771653
20
1.6493066141732282
11
0.8870358661417322
21
1.6484531889763778
0
LINE
8
BLACK
6
CONTINUOUS
10
0.8870358661417322
20
1.6484531889763778
11
0.8878892913385826
21
1.6471759055118109
0
LINE
8
BLACK
6
CONTINUOUS
10
0.8878892913385826
20
1.6471759055118109
11
0.8881889763779527
21
1.6456692913385826
0
LINE
8
BLACK
6
CONTINUOUS
10
0.8881889763779527
20
1.6456692913385826
11
0.8881889763779527
21
1.6062992125984252
0
LINE
8
BLACK
6
CONTINUOUS
10
0.8881889763779527
20
1.6062992125984252
11
0.8878892913385826
21
1.6047925984251967
0
LINE
8
BLACK
6
CONTINUOUS
10
0.8878892913385826
20
1.6047925984251967
11
0.8870358661417322
21
1.6035153149606298
0
LINE
8
BLACK
6
CONTINUOUS
10
0.8870358661417322
20
1.6035153149606298
11
0.8857585826771653
21
1.6026618897637794
0
LINE
8
BLACK
6
CONTINUOUS
10
0.8857585826771653
20
1.6026618897637794
11
0.8842519685039369
21
1.6023622047244095
0
LINE
8
BLACK
6
CONTINUOUS
10
0.8842519685039369
20
1.6023622047244095
11
0.7976377952755905
21
1.6023622047244095
0
LINE
8
BLACK
6
CONTINUOUS
10
0.7976377952755905
20
1.6023622047244095
11
0.7976377952755905
21
1.515748031496063
0
LINE
8
BLACK
6
CONTINUOUS
10
0.7976377952755905
20
1.515748031496063
11
0.7973381102362205
21
1.5142414173228347
0
LINE
8
BLACK
6
CONTINUOUS
10
0.7973381102362205
20
1.5142414173228347
11
0.7964846850393701
21
1.5129641338582678
0
LINE
8
BLACK
6
CONTINUOUS
10
0.7964846850393701
20
1.5129641338582678
11
0.7952074015748032
21
1.5121107086614174
0
LINE
8
BLACK
6
CONTINUOUS
10
0.7952074015748032
20
1.5121107086614174
11
0.7937007874015748
21
1.5118110236220472
0
LINE
8
BLACK
6
CONTINUOUS
10
0.7937007874015748
20
1.5118110236220472
11
0.7543307086614173
21
1.5118110236220472
0
LINE
8
BLACK
6
CONTINUOUS
10
0.7543307086614173
20
1.5118110236220472
11
0.752824094488189
21
1.5121107086614174
0
LINE
8
BLACK
6
CONTINUOUS
10
0.752824094488189
20
1.5121107086614174
11
0.7515468110236221
21
1.5129641338582678
0
LINE
8
BLACK
6
CONTINUOUS
10
0.7515468110236221
20
1.5129641338582678
11
0.7506933858267716
21
1.5142414173228347
0
LINE
8
BLACK
6
CONTINUOUS
10
0.7506933858267716
20
1.5142414173228347
11
0.7503937007874015
21
1.515748031496063
0
LINE
8
BLACK
6
CONTINUOUS
10
0.7503937007874015
20
1.515748031496063
11
0.7503937007874015
21
1.6062992125984252
0
LINE
8
BLACK
6
CONTINUOUS
10
0.7503937007874015
20
1.6062992125984252
11
0.7503937007874015
21
1.6456692913385826
0
LINE
8
BLACK
6
CONTINUOUS
10
0.7503937007874015
20
1.6456692913385826
11
0.7506933858267716
21
1.6471759055118109
0
LINE
8
BLACK
6
CONTINUOUS
10
0.7506933858267716
20
1.6471759055118109
11
0.7515468110236221
21
1.6484531889763778
0
LINE
8
BLACK
6
CONTINUOUS
10
0.7515468110236221
20
1.6484531889763778
11
0.752824094488189
21
1.6493066141732282
0
LINE
8
BLACK
6
CONTINUOUS
10
0.752824094488189
20
1.6493066141732282
11
0.7543307086614173
21
1.6496062992125984
0
LINE
8
BLACK
6
CONTINUOUS
10
0.7543307086614173
20
1.6496062992125984
11
0.7937007874015748
21
1.6496062992125984
0
LINE
8
BLACK
6
CONTINUOUS
10
2.0062992125984254
20
1.6496062992125984
11
2.0456692913385828
21
1.6496062992125984
0
LINE
8
BLACK
6
CONTINUOUS
10
2.0456692913385828
20
1.6496062992125984
11
2.0471759055118111
21
1.6493066141732282
0
LINE
8
BLACK
6
CONTINUOUS
10
2.0471759055118111
20
1.6493066141732282
11
2.048453188976378
21
1.6484531889763778
0
LINE
8
BLACK
6
CONTINUOUS
10
2.048453188976378
20
1.6484531889763778
11
2.0493066141732283
21
1.6471759055118109
0
LINE
8
BLACK
6
CONTINUOUS
10
2.0493066141732283
20
1.6471759055118109
11
2.0496062992125985
21
1.6456692913385826
0
LINE
8
BLACK
6
CONTINUOUS
10
2.0496062992125985
20
1.6456692913385826
11
2.0496062992125985
21
1.6062992125984252
0
LINE
8
BLACK
6
CONTINUOUS
10
2.0496062992125985
20
1.6062992125984252
11
2.0496062992125985
21
1.515748031496063
0
LINE
8
BLACK
6
CONTINUOUS
10
2.0496062992125985
20
1.515748031496063
11
2.0493066141732283
21
1.5142414173228347
0
LINE
8
BLACK
6
CONTINUOUS
10
2.0493066141732283
20
1.5142414173228347
11
2.048453188976378
21
1.5129641338582678
0
LINE
8
BLACK
6
CONTINUOUS
10
2.048453188976378
20
1.5129641338582678
11
2.0471759055118111
21
1.5121107086614174
0
LINE
8
BLACK
6
CONTINUOUS
10
2.0471759055118111
20
1.5121107086614174
11
2.0456692913385828
21
1.5118110236220472
0
LINE
8
BLACK
6
CONTINUOUS
10
2.0456692913385828
20
1.5118110236220472
11
2.0062992125984254
21
1.5118110236220472
0
LINE
8
BLACK
6
CONTINUOUS
10
2.0062992125984254
20
1.5118110236220472
11
2.0047925984251966
21
1.5121107086614174
0
LINE
8
BLACK
6
CONTINUOUS
10
2.0047925984251966
20
1.5121107086614174
11
2.0035153149606297
21
1.5129641338582678
0
LINE
8
BLACK
6
CONTINUOUS
10
2.0035153149606297
20
1.5129641338582678
11
2.0026618897637793
21
1.5142414173228347
0
LINE
8
BLACK
6
CONTINUOUS
10
2.0026618897637793
20
1.5142414173228347
11
2.0023622047244096
21
1.515748031496063
0
LINE
8
BLACK
6
CONTINUOUS
10
2.0023622047244096
20
1.515748031496063
11
2.0023622047244096
21
1.6023622047244095
0
LINE
8
BLACK
6
CONTINUOUS
10
2.0023622047244096
20
1.6023622047244095
11
1.9157480314960629
21
1.6023622047244095
0
LINE
8
BLACK
6
CONTINUOUS
10
1.9157480314960629
20
1.6023622047244095
11
1.9142414173228346
21
1.6026618897637794
0
LINE
8
BLACK
6
CONTINUOUS
10
1.9142414173228346
20
1.6026618897637794
11
1.9129641338582677
21
1.6035153149606298
0
LINE
8
BLACK
6
CONTINUOUS
10
1.9129641338582677
20
1.6035153149606298
11
1.9121107086614173
21
1.6047925984251967
0
LINE
8
BLACK
6
CONTINUOUS
10
1.9121107086614173
20
1.6047925984251967
11
1.9118110236220471
21
1.6062992125984252
0
LINE
8
BLACK
6
CONTINUOUS
10
1.9118110236220471
20
1.6062992125984252
11
1.9118110236220471
21
1.6456692913385826
0
LINE
8
BLACK
6
CONTINUOUS
10
1.9118110236220471
20
1.6456692913385826
11
1.9121107086614173
21
1.6471759055118109
0
LINE
8
BLACK
6
CONTINUOUS
10
1.9121107086614173
20
1.6471759055118109
11
1.9129641338582677
21
1.6484531889763778
0
LINE
8
BLACK
6
CONTINUOUS
10
1.9129641338582677
20
1.6484531889763778
11
1.9142414173228346
21
1.6493066141732282
0
LINE
8
BLACK
6
CONTINUOUS
10
1.9142414173228346
20
1.6493066141732282
11
1.9157480314960629
21
1.6496062992125984
0
LINE
8
BLACK
6
CONTINUOUS
10
1.9157480314960629
20
1.6496062992125984
11
2.0062992125984254
21
1.6496062992125984
0
LINE
8
BLACK
6
CONTINUOUS
10
1.1219790551181101
20
1.6493066141732282
11
1.123256338582677
21
1.6484531889763778
0
LINE
8
BLACK
6
CONTINUOUS
10
1.123256338582677
20
1.6484531889763778
11
1.1241097637795274
21
1.6471759055118109
0
LINE
8
BLACK
6
CONTINUOUS
10
1.1241097637795274
20
1.6471759055118109
11
1.1244094488188976
21
1.6456692913385826
0
LINE
8
BLACK
6
CONTINUOUS
10
1.1244094488188976
20
1.6456692913385826
11
1.1244094488188976
21
1.6062992125984252
0
LINE
8
BLACK
6
CONTINUOUS
10
1.1244094488188976
20
1.6062992125984252
11
1.1241097637795274
21
1.6047925984251967
0
LINE
8
BLACK
6
CONTINUOUS
10
1.1241097637795274
20
1.6047925984251967
11
1.123256338582677
21
1.6035153149606298
0
LINE
8
BLACK
6
CONTINUOUS
10
1.123256338582677
20
1.6035153149606298
11
1.1219790551181101
21
1.6026618897637794
0
LINE
8
BLACK
6
CONTINUOUS
10
1.1219790551181101
20
1.6026618897637794
11
1.1204724409448819
21
1.6023622047244095
0
LINE
8
BLACK
6
CONTINUOUS
10
1.1204724409448819
20
1.6023622047244095
11
0.9708661417322835
21
1.6023622047244095
0
LINE
8
BLACK
6
CONTINUOUS
10
0.9708661417322835
20
1.6023622047244095
11
0.9693595275590551
21
1.6026618897637794
0
LINE
8
BLACK
6
CONTINUOUS
10
0.9693595275590551
20
1.6026618897637794
11
0.9680822440944882
21
1.6035153149606298
0
LINE
8
BLACK
6
CONTINUOUS
10
0.9680822440944882
20
1.6035153149606298
11
0.9672288188976378
21
1.6047925984251967
0
LINE
8
BLACK
6
CONTINUOUS
10
0.9672288188976378
20
1.6047925984251967
11
0.9669291338582677
21
1.6062992125984252
0
LINE
8
BLACK
6
CONTINUOUS
10
0.9669291338582677
20
1.6062992125984252
11
0.9669291338582677
21
1.6456692913385826
0
LINE
8
BLACK
6
CONTINUOUS
10
0.9669291338582677
20
1.6456692913385826
11
0.9672288188976378
21
1.6471759055118109
0
LINE
8
BLACK
6
CONTINUOUS
10
0.9672288188976378
20
1.6471759055118109
11
0.9680822440944882
21
1.6484531889763778
0
LINE
8
BLACK
6
CONTINUOUS
10
0.9680822440944882
20
1.6484531889763778
11
0.9693595275590551
21
1.6493066141732282
0
LINE
8
BLACK
6
CONTINUOUS
10
0.9693595275590551
20
1.6493066141732282
11
0.9708661417322835
21
1.6496062992125984
0
LINE
8
BLACK
6
CONTINUOUS
10
0.9708661417322835
20
1.6496062992125984
11
1.1204724409448819
21
1.6496062992125984
0
LINE
8
BLACK
6
CONTINUOUS
10
1.1204724409448819
20
1.6496062992125984
11
1.1219790551181101
21
1.6493066141732282
0
LINE
8
BLACK
6
CONTINUOUS
10
1.358199527559055
20
1.6493066141732282
11
1.3594768110236219
21
1.6484531889763778
0
LINE
8
BLACK
6
CONTINUOUS
10
1.3594768110236219
20
1.6484531889763778
11
1.3603302362204723
21
1.6471759055118109
0
LINE
8
BLACK
6
CONTINUOUS
10
1.3603302362204723
20
1.6471759055118109
11
1.3606299212598425
21
1.6456692913385826
0
LINE
8
BLACK
6
CONTINUOUS
10
1.3606299212598425
20
1.6456692913385826
11
1.3606299212598425
21
1.6062992125984252
0
LINE
8
BLACK
6
CONTINUOUS
10
1.3606299212598425
20
1.6062992125984252
11
1.3603302362204723
21
1.6047925984251967
0
LINE
8
BLACK
6
CONTINUOUS
10
1.3603302362204723
20
1.6047925984251967
11
1.3594768110236219
21
1.6035153149606298
0
LINE
8
BLACK
6
CONTINUOUS
10
1.3594768110236219
20
1.6035153149606298
11
1.358199527559055
21
1.6026618897637794
0
LINE
8
BLACK
6
CONTINUOUS
10
1.358199527559055
20
1.6026618897637794
11
1.3566929133858268
21
1.6023622047244095
0
LINE
8
BLACK
6
CONTINUOUS
10
1.3566929133858268
20
1.6023622047244095
11
1.2070866141732284
21
1.6023622047244095
0
LINE
8
BLACK
6
CONTINUOUS
10
1.2070866141732284
20
1.6023622047244095
11
1.2055799999999999
21
1.6026618897637794
0
LINE
8
BLACK
6
CONTINUOUS
10
1.2055799999999999
20
1.6026618897637794
11
1.204302716535433
21
1.6035153149606298
0
LINE
8
BLACK
6
CONTINUOUS
10
1.204302716535433
20
1.6035153149606298
11
1.2034492913385826
21
1.6047925984251967
0
LINE
8
BLACK
6
CONTINUOUS
10
1.2034492913385826
20
1.6047925984251967
11
1.2031496062992126
21
1.6062992125984252
0
LINE
8
BLACK
6
CONTINUOUS
10
1.2031496062992126
20
1.6062992125984252
11
1.2031496062992126
21
1.6456692913385826
0
LINE
8
BLACK
6
CONTINUOUS
10
1.2031496062992126
20
1.6456692913385826
11
1.2034492913385826
21
1.6471759055118109
0
LINE
8
BLACK
6
CONTINUOUS
10
1.2034492913385826
20
1.6471759055118109
11
1.204302716535433
21
1.6484531889763778
0
LINE
8
BLACK
6
CONTINUOUS
10
1.204302716535433
20
1.6484531889763778
11
1.2055799999999999
21
1.6493066141732282
0
LINE
8
BLACK
6
CONTINUOUS
10
1.2055799999999999
20
1.6493066141732282
11
1.2070866141732284
21
1.6496062992125984
0
LINE
8
BLACK
6
CONTINUOUS
10
1.2070866141732284
20
1.6496062992125984
11
1.3566929133858268
21
1.6496062992125984
0
LINE
8
BLACK
6
CONTINUOUS
10
1.3566929133858268
20
1.6496062992125984
11
1.358199527559055
21
1.6493066141732282
0
LINE
8
BLACK
6
CONTINUOUS
10
1.5944199999999999
20
1.6493066141732282
11
1.5956972834645669
21
1.6484531889763778
0
LINE
8
BLACK
6
CONTINUOUS
10
1.5956972834645669
20
1.6484531889763778
11
1.5965507086614172
21
1.6471759055118109
0
LINE
8
BLACK
6
CONTINUOUS
10
1.5965507086614172
20
1.6471759055118109
11
1.5968503937007874
21
1.6456692913385826
0
LINE
8
BLACK
6
CONTINUOUS
10
1.5968503937007874
20
1.6456692913385826
11
1.5968503937007874
21
1.6062992125984252
0
LINE
8
BLACK
6
CONTINUOUS
10
1.5968503937007874
20
1.6062992125984252
11
1.5965507086614172
21
1.6047925984251967
0
LINE
8
BLACK
6
CONTINUOUS
10
1.5965507086614172
20
1.6047925984251967
11
1.5956972834645669
21
1.6035153149606298
0
LINE
8
BLACK
6
CONTINUOUS
10
1.5956972834645669
20
1.6035153149606298
11
1.5944199999999999
21
1.6026618897637794
0
LINE
8
BLACK
6
CONTINUOUS
10
1.5944199999999999
20
1.6026618897637794
11
1.5929133858267717
21
1.6023622047244095
0
LINE
8
BLACK
6
CONTINUOUS
10
1.5929133858267717
20
1.6023622047244095
11
1.4433070866141733
21
1.6023622047244095
0
LINE
8
BLACK
6
CONTINUOUS
10
1.4433070866141733
20
1.6023622047244095
11
1.4418004724409448
21
1.6026618897637794
0
LINE
8
BLACK
6
CONTINUOUS
10
1.4418004724409448
20
1.6026618897637794
11
1.4405231889763779
21
1.6035153149606298
0
LINE
8
BLACK
6
CONTINUOUS
10
1.4405231889763779
20
1.6035153149606298
11
1.4396697637795275
21
1.6047925984251967
0
LINE
8
BLACK
6
CONTINUOUS
10
1.4396697637795275
20
1.6047925984251967
11
1.4393700787401575
21
1.6062992125984252
0
LINE
8
BLACK
6
CONTINUOUS
10
1.4393700787401575
20
1.6062992125984252
11
1.4393700787401575
21
1.6456692913385826
0
LINE
8
BLACK
6
CONTINUOUS
10
1.4393700787401575
20
1.6456692913385826
11
1.4396697637795275
21
1.6471759055118109
0
LINE
8
BLACK
6
CONTINUOUS
10
1.4396697637795275
20
1.6471759055118109
11
1.4405231889763779
21
1.6484531889763778
0
LINE
8
BLACK
6
CONTINUOUS
10
1.4405231889763779
20
1.6484531889763778
11
1.4418004724409448
21
1.6493066141732282
0
LINE
8
BLACK
6
CONTINUOUS
10
1.4418004724409448
20
1.6493066141732282
11
1.4433070866141733
21
1.6496062992125984
0
LINE
8
BLACK
6
CONTINUOUS
10
1.4433070866141733
20
1.6496062992125984
11
1.5929133858267717
21
1.6496062992125984
0
LINE
8
BLACK
6
CONTINUOUS
10
1.5929133858267717
20
1.6496062992125984
11
1.5944199999999999
21
1.6493066141732282
0
LINE
8
BLACK
6
CONTINUOUS
10
1.8306404724409449
20
1.6493066141732282
11
1.8319177559055118
21
1.6484531889763778
0
LINE
8
BLACK
6
CONTINUOUS
10
1.8319177559055118
20
1.6484531889763778
11
1.8327711811023621
21
1.6471759055118109
0
LINE
8
BLACK
6
CONTINUOUS
10
1.8327711811023621
20
1.6471759055118109
11
1.8330708661417323
21
1.6456692913385826
0
LINE
8
BLACK
6
CONTINUOUS
10
1.8330708661417323
20
1.6456692913385826
11
1.8330708661417323
21
1.6062992125984252
0
LINE
8
BLACK
6
CONTINUOUS
10
1.8330708661417323
20
1.6062992125984252
11
1.8327711811023621
21
1.6047925984251967
0
LINE
8
BLACK
6
CONTINUOUS
10
1.8327711811023621
20
1.6047925984251967
11
1.8319177559055118
21
1.6035153149606298
0
LINE
8
BLACK
6
CONTINUOUS
10
1.8319177559055118
20
1.6035153149606298
11
1.8306404724409449
21
1.6026618897637794
0
LINE
8
BLACK
6
CONTINUOUS
10
1.8306404724409449
20
1.6026618897637794
11
1.8291338582677166
21
1.6023622047244095
0
LINE
8
BLACK
6
CONTINUOUS
10
1.8291338582677166
20
1.6023622047244095
11
1.679527559055118
21
1.6023622047244095
0
LINE
8
BLACK
6
CONTINUOUS
10
1.679527559055118
20
1.6023622047244095
11
1.6780209448818897
21
1.6026618897637794
0
LINE
8
BLACK
6
CONTINUOUS
10
1.6780209448818897
20
1.6026618897637794
11
1.6767436614173228
21
1.6035153149606298
0
LINE
8
BLACK
6
CONTINUOUS
10
1.6767436614173228
20
1.6035153149606298
11
1.6758902362204724
21
1.6047925984251967
0
LINE
8
BLACK
6
CONTINUOUS
10
1.6758902362204724
20
1.6047925984251967
11
1.6755905511811022
21
1.6062992125984252
0
LINE
8
BLACK
6
CONTINUOUS
10
1.6755905511811022
20
1.6062992125984252
11
1.6755905511811022
21
1.6456692913385826
0
LINE
8
BLACK
6
CONTINUOUS
10
1.6755905511811022
20
1.6456692913385826
11
1.6758902362204724
21
1.6471759055118109
0
LINE
8
BLACK
6
CONTINUOUS
10
1.6758902362204724
20
1.6471759055118109
11
1.6767436614173228
21
1.6484531889763778
0
LINE
8
BLACK
6
CONTINUOUS
10
1.6767436614173228
20
1.6484531889763778
11
1.6780209448818897
21
1.6493066141732282
0
LINE
8
BLACK
6
CONTINUOUS
10
1.6780209448818897
20
1.6493066141732282
11
1.679527559055118
21
1.6496062992125984
0
LINE
8
BLACK
6
CONTINUOUS
10
1.679527559055118
20
1.6496062992125984
11
1.8291338582677166
21
1.6496062992125984
0
LINE
8
BLACK
6
CONTINUOUS
10
1.8291338582677166
20
1.6496062992125984
11
1.8306404724409449
21
1.6493066141732282
0
LINE
8
BLACK
6
CONTINUOUS
10
2.1676807086614174
20
1.7186135826771654
11
2.1750662598425197
21
1.7163732283464566
0
LINE
8
BLACK
6
CONTINUOUS
10
2.1750662598425197
20
1.7163732283464566
11
2.1818728346456693
21
1.7127350393700786
0
LINE
8
BLACK
6
CONTINUOUS
10
2.1818728346456693
20
1.7127350393700786
11
2.1878388582677166
21
1.7078388582677164
0
LINE
8
BLACK
6
CONTINUOUS
10
2.1878388582677166
20
1.7078388582677164
11
2.1927350393700786
21
1.7018728346456693
0
LINE
8
BLACK
6
CONTINUOUS
10
2.1927350393700786
20
1.7018728346456693
11
2.1963732283464568
21
1.6950662598425197
0
LINE
8
BLACK
6
CONTINUOUS
10
2.1963732283464568
20
1.6950662598425197
11
2.1986135826771651
21
1.6876807086614174
0
LINE
8
BLACK
6
CONTINUOUS
10
2.1986135826771651
20
1.6876807086614174
11
2.1993700787401576
21
1.6799999999999999
0
LINE
8
BLACK
6
CONTINUOUS
10
2.1993700787401576
20
1.6799999999999999
11
2.1986135826771651
21
1.6723192913385827
0
LINE
8
BLACK
6
CONTINUOUS
10
2.1986135826771651
20
1.6723192913385827
11
2.1963732283464568
21
1.6649337401574802
0
LINE
8
BLACK
6
CONTINUOUS
10
2.1963732283464568
20
1.6649337401574802
11
2.1927350393700786
21
1.6581271653543306
0
LINE
8
BLACK
6
CONTINUOUS
10
2.1927350393700786
20
1.6581271653543306
11
2.1878388582677166
21
1.6521611417322835
0
LINE
8
BLACK
6
CONTINUOUS
10
2.1878388582677166
20
1.6521611417322835
11
2.1818728346456693
21
1.6472649606299212
0
LINE
8
BLACK
6
CONTINUOUS
10
2.1818728346456693
20
1.6472649606299212
11
2.1750662598425197
21
1.6436267716535433
0
LINE
8
BLACK
6
CONTINUOUS
10
2.1750662598425197
20
1.6436267716535433
11
2.1676807086614174
21
1.6413864173228345
0
LINE
8
BLACK
6
CONTINUOUS
10
2.1676807086614174
20
1.6413864173228345
11
2.1600000000000001
21
1.6406299212598425
0
LINE
8
BLACK
6
CONTINUOUS
10
2.1600000000000001
20
1.6406299212598425
11
2.1523192913385825
21
1.6413864173228345
0
LINE
8
BLACK
6
CONTINUOUS
10
2.1523192913385825
20
1.6413864173228345
11
2.1449337401574802
21
1.6436267716535433
0
LINE
8
BLACK
6
CONTINUOUS
10
2.1449337401574802
20
1.6436267716535433
11
2.1381271653543306
21
1.6472649606299212
0
LINE
8
BLACK
6
CONTINUOUS
10
2.1381271653543306
20
1.6472649606299212
11
2.1321611417322832
21
1.6521611417322835
0
LINE
8
BLACK
6
CONTINUOUS
10
2.1321611417322832
20
1.6521611417322835
11
2.1272649606299212
21
1.6581271653543306
0
LINE
8
BLACK
6
CONTINUOUS
10
2.1272649606299212
20
1.6581271653543306
11
2.1236267716535431
21
1.6649337401574802
0
LINE
8
BLACK
6
CONTINUOUS
10
2.1236267716535431
20
1.6649337401574802
11
2.1213864173228347
21
1.6723192913385827
0
LINE
8
BLACK
6
CONTINUOUS
10
2.1213864173228347
20
1.6723192913385827
11
2.1206299212598423
21
1.6799999999999999
0
LINE
8
BLACK
6
CONTINUOUS
10
2.1206299212598423
20
1.6799999999999999
11
2.1213864173228347
21
1.6876807086614174
0
LINE
8
BLACK
6
CONTINUOUS
10
2.1213864173228347
20
1.6876807086614174
11
2.1236267716535431
21
1.6950662598425197
0
LINE
8
BLACK
6
CONTINUOUS
10
2.1236267716535431
20
1.6950662598425197
11
2.1272649606299212
21
1.7018728346456693
0
LINE
8
BLACK
6
CONTINUOUS
10
2.1272649606299212
20
1.7018728346456693
11
2.1321611417322832
21
1.7078388582677164
0
LINE
8
BLACK
6
CONTINUOUS
10
2.1321611417322832
20
1.7078388582677164
11
2.1381271653543306
21
1.7127350393700786
0
LINE
8
BLACK
6
CONTINUOUS
10
2.1381271653543306
20
1.7127350393700786
11
2.1449337401574802
21
1.7163732283464566
0
LINE
8
BLACK
6
CONTINUOUS
10
2.1449337401574802
20
1.7163732283464566
11
2.1523192913385825
21
1.7186135826771654
0
LINE
8
BLACK
6
CONTINUOUS
10
2.1523192913385825
20
1.7186135826771654
11
2.1600000000000001
21
1.7193700787401573
0
LINE
8
BLACK
6
CONTINUOUS
10
2.1600000000000001
20
1.7193700787401573
11
2.1676807086614174
21
1.7186135826771654
  0
ENDSEC
  0
EOF
