  0
SECTION
  2
HEADER
  9
$ANGBASE
  50
0.0
  9
$ANGDIR
  70
1
  9
$MEASUREMENT
  70
0
  0
ENDSEC
  0
SECTION
  2
TABLES
  0
TABLE
  2
LTYPE
  70
4
  0
LTYPE
  5
40F
  2
CONTINUOUS
  70
0
  3
Solid line
  72
65
  73
0
  40
0.0
  0
LTYPE
  5
410
  2
DASHDOT
 70
0
  3
Dash Dot ____ _ ____ _
 72
65
 73
4
 40
2.0
 49
1.25
 49
-0.25
 49
0.25
 49
-0.25
  0
LTYPE
  5
411
  2
DASHED
 70
0
  3
Dashed __ __ __ __ __
 72
65
 73
2
 40
0.75
 49
0.5
 49
-0.25
  0
LTYPE
  5
43B
  2
DOTTED
 70
0
  3
Dotted .  .  .  .
 72
65
 73
2
 40
0.2
 49
0.0
 49
-0.2
  0
ENDTAB
  0
TABLE
  2
STYLE
  70
4
  0
STYLE
  2
KICAD
  70
0
  40
0
  41
1
  42
1
  50
0
  71
0
  3
isocp.shx
  0
STYLE
  2
KICADB
  70
0
  40
0
  41
1
  42
1
  50
0
  71
0
  3
isocp.shx
  0
STYLE
  2
KICADI
  70
0
  40
0
  41
1
  42
1
  50
15
  71
0
  3
isocp.shx
  0
STYLE
  2
KICADBI
  70
0
  40
0
  41
1
  42
1
  50
15
  71
0
  3
isocp.shx
  0
ENDTAB
  0
TABLE
  2
LAYER
  70
1
  0
LAYER
  2
BLACK
  70
0
  62
7
  6
CONTINUOUS
  0
ENDTAB
  0
ENDSEC
  0
SECTION
  2
ENTITIES
0
LINE
8
BLACK
6
CONTINUOUS
10
1.8817764173228346
20
0.297230905511811
11
1.8832332677165353
21
0.2957740551181102
0
LINE
8
BLACK
6
CONTINUOUS
10
1.8832332677165353
20
0.2957740551181102
11
1.8853269291338581
21
0.2915866929133858
0
LINE
8
BLACK
6
CONTINUOUS
10
1.8853269291338581
20
0.2915866929133858
11
1.8878055118110235
21
0.2816724409448819
0
LINE
8
BLACK
6
CONTINUOUS
10
1.8878055118110235
20
0.2816724409448819
11
1.8878055118110235
21
0.2690655118110236
0
LINE
8
BLACK
6
CONTINUOUS
10
1.8878055118110235
20
0.2690655118110236
11
1.8853269291338581
21
0.2591512992125984
0
LINE
8
BLACK
6
CONTINUOUS
10
1.8853269291338581
20
0.2591512992125984
11
1.8832332283464566
21
0.2549638976377953
0
LINE
8
BLACK
6
CONTINUOUS
10
1.8832332283464566
20
0.2549638976377953
11
1.8817764173228346
21
0.2535070472440945
0
LINE
8
BLACK
6
CONTINUOUS
10
1.8817764173228346
20
0.2535070472440945
11
1.8782562204724409
21
0.2517469291338583
0
LINE
8
BLACK
6
CONTINUOUS
10
1.8782562204724409
20
0.2517469291338583
11
1.8754200787401574
21
0.2517469291338583
0
LINE
8
BLACK
6
CONTINUOUS
10
1.8754200787401574
20
0.2517469291338583
11
1.8718998818897636
21
0.2535070078740158
0
LINE
8
BLACK
6
CONTINUOUS
10
1.8718998818897636
20
0.2535070078740158
11
1.8704430314960629
21
0.2549638582677165
0
LINE
8
BLACK
6
CONTINUOUS
10
1.8704430314960629
20
0.2549638582677165
11
1.8683493307086614
21
0.2591512598425197
0
LINE
8
BLACK
6
CONTINUOUS
10
1.8683493307086614
20
0.2591512598425197
11
1.865870748031496
21
0.2690655905511811
0
LINE
8
BLACK
6
CONTINUOUS
10
1.865870748031496
20
0.2690655905511811
11
1.865870748031496
21
0.2816724015748032
0
LINE
8
BLACK
6
CONTINUOUS
10
1.865870748031496
20
0.2816724015748032
11
1.8683493307086614
21
0.2915867322834645
0
LINE
8
BLACK
6
CONTINUOUS
10
1.8683493307086614
20
0.2915867322834645
11
1.8704430314960629
21
0.295774094488189
0
LINE
8
BLACK
6
CONTINUOUS
10
1.8704430314960629
20
0.295774094488189
11
1.8718998818897636
21
0.2972309448818898
0
LINE
8
BLACK
6
CONTINUOUS
10
1.8718998818897636
20
0.2972309448818898
11
1.8754200787401574
21
0.2989910236220472
0
LINE
8
BLACK
6
CONTINUOUS
10
1.8754200787401574
20
0.2989910236220472
11
1.8782561811023621
21
0.2989910236220472
0
LINE
8
BLACK
6
CONTINUOUS
10
1.8782561811023621
20
0.2989910236220472
11
1.8817764173228346
21
0.297230905511811
0
LINE
8
BLACK
6
CONTINUOUS
10
2.0031036220472442
20
0.2517469291338583
11
1.9959067716535432
21
0.2517469291338583
0
LINE
8
BLACK
6
CONTINUOUS
10
1.9959067716535432
20
0.2517469291338583
11
1.9897019291338582
21
0.2538151968503937
0
LINE
8
BLACK
6
CONTINUOUS
10
1.9897019291338582
20
0.2538151968503937
11
1.9857411023622047
21
0.257776062992126
0
LINE
8
BLACK
6
CONTINUOUS
10
1.9857411023622047
20
0.257776062992126
11
1.9836473622047244
21
0.2619634645669291
0
LINE
8
BLACK
6
CONTINUOUS
10
1.9836473622047244
20
0.2619634645669291
11
1.9811688582677165
21
0.2718776771653543
0
LINE
8
BLACK
6
CONTINUOUS
10
1.9811688582677165
20
0.2718776771653543
11
1.9811688582677165
21
0.2788603149606299
0
LINE
8
BLACK
6
CONTINUOUS
10
1.9811688582677165
20
0.2788603149606299
11
1.9836473622047244
21
0.2887745275590551
0
LINE
8
BLACK
6
CONTINUOUS
10
1.9836473622047244
20
0.2887745275590551
11
1.9857411023622047
21
0.2929619291338583
0
LINE
8
BLACK
6
CONTINUOUS
10
1.9857411023622047
20
0.2929619291338583
11
1.989701968503937
21
0.2969227952755906
0
LINE
8
BLACK
6
CONTINUOUS
10
1.989701968503937
20
0.2969227952755906
11
1.9959067716535432
21
0.2989910236220472
0
LINE
8
BLACK
6
CONTINUOUS
10
1.9959067716535432
20
0.2989910236220472
11
2.0031036220472442
21
0.2989910236220472
0
LINE
8
BLACK
6
CONTINUOUS
10
2.0031036220472442
20
0.2989910236220472
11
2.0031036220472442
21
0.2517469291338583
0
LINE
8
BLACK
6
CONTINUOUS
10
1.7730316929133858
20
0.2686198031496063
11
1.7612970866141733
21
0.2686198031496063
0
LINE
8
BLACK
6
CONTINUOUS
10
1.7612970866141733
20
0.2686198031496063
11
1.7671643700787401
21
0.2862216929133858
0
LINE
8
BLACK
6
CONTINUOUS
10
1.7671643700787401
20
0.2862216929133858
11
1.7730316929133858
21
0.2686198031496063
0
LINE
8
BLACK
6
CONTINUOUS
10
2.054246496062992
20
0.2686198031496063
11
2.0425118897637793
21
0.2686198031496063
0
LINE
8
BLACK
6
CONTINUOUS
10
2.0425118897637793
20
0.2686198031496063
11
2.0483791732283465
21
0.2862216929133858
0
LINE
8
BLACK
6
CONTINUOUS
10
2.0483791732283465
20
0.2862216929133858
11
2.054246496062992
21
0.2686198031496063
0
LINE
8
BLACK
6
CONTINUOUS
10
0.3181774803149606
20
0.6779061417322835
11
0.3228909448818897
21
0.674876968503937
0
LINE
8
BLACK
6
CONTINUOUS
10
0.3228909448818897
20
0.674876968503937
11
0.3265601181102362
21
0.6706425196850394
0
LINE
8
BLACK
6
CONTINUOUS
10
0.3265601181102362
20
0.6706425196850394
11
0.3288876377952756
21
0.665545905511811
0
LINE
8
BLACK
6
CONTINUOUS
10
0.3288876377952756
20
0.665545905511811
11
0.3296850393700788
21
0.66
0
LINE
8
BLACK
6
CONTINUOUS
10
0.3296850393700788
20
0.66
11
0.3288876377952756
21
0.6544540944881889
0
LINE
8
BLACK
6
CONTINUOUS
10
0.3288876377952756
20
0.6544540944881889
11
0.3265601181102362
21
0.6493574803149607
0
LINE
8
BLACK
6
CONTINUOUS
10
0.3265601181102362
20
0.6493574803149607
11
0.3228909448818897
21
0.645123031496063
0
LINE
8
BLACK
6
CONTINUOUS
10
0.3228909448818897
20
0.645123031496063
11
0.3181774803149606
21
0.6420938582677165
0
LINE
8
BLACK
6
CONTINUOUS
10
0.3181774803149606
20
0.6420938582677165
11
0.3128014566929134
21
0.6405153149606299
0
LINE
8
BLACK
6
CONTINUOUS
10
0.3128014566929134
20
0.6405153149606299
11
0.3071985433070866
21
0.6405153149606299
0
LINE
8
BLACK
6
CONTINUOUS
10
0.3071985433070866
20
0.6405153149606299
11
0.3018225196850394
21
0.6420938582677165
0
LINE
8
BLACK
6
CONTINUOUS
10
0.3018225196850394
20
0.6420938582677165
11
0.2971090551181103
21
0.645123031496063
0
LINE
8
BLACK
6
CONTINUOUS
10
0.2971090551181103
20
0.645123031496063
11
0.2934398818897638
21
0.6493574803149607
0
LINE
8
BLACK
6
CONTINUOUS
10
0.2934398818897638
20
0.6493574803149607
11
0.2911123622047244
21
0.6544540944881889
0
LINE
8
BLACK
6
CONTINUOUS
10
0.2911123622047244
20
0.6544540944881889
11
0.2903149606299212
21
0.66
0
LINE
8
BLACK
6
CONTINUOUS
10
0.2903149606299212
20
0.66
11
0.2911123622047244
21
0.665545905511811
0
LINE
8
BLACK
6
CONTINUOUS
10
0.2911123622047244
20
0.665545905511811
11
0.2934398818897638
21
0.6706425196850394
0
LINE
8
BLACK
6
CONTINUOUS
10
0.2934398818897638
20
0.6706425196850394
11
0.2971090551181103
21
0.674876968503937
0
LINE
8
BLACK
6
CONTINUOUS
10
0.2971090551181103
20
0.674876968503937
11
0.3018225196850394
21
0.6779061417322835
0
LINE
8
BLACK
6
CONTINUOUS
10
0.3018225196850394
20
0.6779061417322835
11
0.3071985433070866
21
0.6794846850393701
0
LINE
8
BLACK
6
CONTINUOUS
10
0.3071985433070866
20
0.6794846850393701
11
0.3128014566929134
21
0.6794846850393701
0
LINE
8
BLACK
6
CONTINUOUS
10
0.3128014566929134
20
0.6794846850393701
11
0.3181774803149606
21
0.6779061417322835
0
LINE
8
BLACK
6
CONTINUOUS
10
1.8144991338582677
20
1.3864958267716536
11
1.8164149999999999
21
1.3852156692913387
0
LINE
8
BLACK
6
CONTINUOUS
10
1.8164149999999999
20
1.3852156692913387
11
1.8176951574803148
21
1.3832998031496062
0
LINE
8
BLACK
6
CONTINUOUS
10
1.8176951574803148
20
1.3832998031496062
11
1.8181446850393701
21
1.381039842519685
0
LINE
8
BLACK
6
CONTINUOUS
10
1.8181446850393701
20
1.381039842519685
11
1.8181446850393701
21
1.3667681889763779
0
LINE
8
BLACK
6
CONTINUOUS
10
1.8181446850393701
20
1.3667681889763779
11
1.8514566929133858
21
1.3667681889763779
0
LINE
8
BLACK
6
CONTINUOUS
10
1.8514566929133858
20
1.3667681889763779
11
1.8514566929133858
21
1.3674409448818898
0
LINE
8
BLACK
6
CONTINUOUS
10
1.8514566929133858
20
1.3674409448818898
11
1.852205905511811
21
1.3712075196850393
0
LINE
8
BLACK
6
CONTINUOUS
10
1.852205905511811
20
1.3712075196850393
11
1.8543394881889763
21
1.3744006692913386
0
LINE
8
BLACK
6
CONTINUOUS
10
1.8543394881889763
20
1.3744006692913386
11
1.8575326377952754
21
1.376534251968504
0
LINE
8
BLACK
6
CONTINUOUS
10
1.8575326377952754
20
1.376534251968504
11
1.8612992125984251
21
1.3772834645669292
0
LINE
8
BLACK
6
CONTINUOUS
10
1.8612992125984251
20
1.3772834645669292
11
1.8987007874015747
21
1.3772834645669292
0
LINE
8
BLACK
6
CONTINUOUS
10
1.8987007874015747
20
1.3772834645669292
11
1.9024673622047243
21
1.376534251968504
0
LINE
8
BLACK
6
CONTINUOUS
10
1.9024673622047243
20
1.376534251968504
11
1.9056605118110235
21
1.3744006692913386
0
LINE
8
BLACK
6
CONTINUOUS
10
1.9056605118110235
20
1.3744006692913386
11
1.907794094488189
21
1.3712075196850393
0
LINE
8
BLACK
6
CONTINUOUS
10
1.907794094488189
20
1.3712075196850393
11
1.9085433070866142
21
1.3674409448818898
0
LINE
8
BLACK
6
CONTINUOUS
10
1.9085433070866142
20
1.3674409448818898
11
1.9085433070866142
21
1.3477559055118109
0
LINE
8
BLACK
6
CONTINUOUS
10
1.9085433070866142
20
1.3477559055118109
11
1.907794094488189
21
1.3439893307086614
0
LINE
8
BLACK
6
CONTINUOUS
10
1.907794094488189
20
1.3439893307086614
11
1.9056605118110235
21
1.3407961811023621
0
LINE
8
BLACK
6
CONTINUOUS
10
1.9056605118110235
20
1.3407961811023621
11
1.9024673622047243
21
1.3386625984251967
0
LINE
8
BLACK
6
CONTINUOUS
10
1.9024673622047243
20
1.3386625984251967
11
1.8987007874015747
21
1.3379133858267716
0
LINE
8
BLACK
6
CONTINUOUS
10
1.8987007874015747
20
1.3379133858267716
11
1.8612992125984251
21
1.3379133858267716
0
LINE
8
BLACK
6
CONTINUOUS
10
1.8612992125984251
20
1.3379133858267716
11
1.8575326377952754
21
1.3386625984251967
0
LINE
8
BLACK
6
CONTINUOUS
10
1.8575326377952754
20
1.3386625984251967
11
1.8543394881889763
21
1.3407961811023621
0
LINE
8
BLACK
6
CONTINUOUS
10
1.8543394881889763
20
1.3407961811023621
11
1.852205905511811
21
1.3439893307086614
0
LINE
8
BLACK
6
CONTINUOUS
10
1.852205905511811
20
1.3439893307086614
11
1.8514566929133858
21
1.3477559055118109
0
LINE
8
BLACK
6
CONTINUOUS
10
1.8514566929133858
20
1.3477559055118109
11
1.8514566929133858
21
1.349051653543307
0
LINE
8
BLACK
6
CONTINUOUS
10
1.8514566929133858
20
1.349051653543307
11
1.8181446850393701
21
1.349051653543307
0
LINE
8
BLACK
6
CONTINUOUS
10
1.8181446850393701
20
1.349051653543307
11
1.8181446850393701
21
1.3347800000000001
0
LINE
8
BLACK
6
CONTINUOUS
10
1.8181446850393701
20
1.3347800000000001
11
1.8176951574803148
21
1.3325200393700787
0
LINE
8
BLACK
6
CONTINUOUS
10
1.8176951574803148
20
1.3325200393700787
11
1.8164149999999999
21
1.3306041732283465
0
LINE
8
BLACK
6
CONTINUOUS
10
1.8164149999999999
20
1.3306041732283465
11
1.8144991338582677
21
1.3293240157480315
0
LINE
8
BLACK
6
CONTINUOUS
10
1.8144991338582677
20
1.3293240157480315
11
1.8122391732283465
21
1.3288744881889762
0
LINE
8
BLACK
6
CONTINUOUS
10
1.8122391732283465
20
1.3288744881889762
11
1.806401968503937
21
1.3288744881889762
0
LINE
8
BLACK
6
CONTINUOUS
10
1.806401968503937
20
1.3288744881889762
11
1.7697283070866141
21
1.2922008267716536
0
LINE
8
BLACK
6
CONTINUOUS
10
1.7697283070866141
20
1.2922008267716536
11
1.7683859842519685
21
1.2910991732283463
0
LINE
8
BLACK
6
CONTINUOUS
10
1.7683859842519685
20
1.2910991732283463
11
1.7651927559055118
21
1.2897764960629921
0
LINE
8
BLACK
6
CONTINUOUS
10
1.7651927559055118
20
1.2897764960629921
11
1.7651927165354331
21
1.2897764960629921
0
LINE
8
BLACK
6
CONTINUOUS
10
1.7651927165354331
20
1.2897764960629921
11
1.7634645669291338
21
1.2896062992125985
0
LINE
8
BLACK
6
CONTINUOUS
10
1.7634645669291338
20
1.2896062992125985
11
1.6888582677165354
21
1.2896062992125985
0
LINE
8
BLACK
6
CONTINUOUS
10
1.6888582677165354
20
1.2896062992125985
11
1.6888582677165354
21
1.2
0
LINE
8
BLACK
6
CONTINUOUS
10
1.6888582677165354
20
1.2
11
1.6886880708661416
21
1.1982718503937007
0
LINE
8
BLACK
6
CONTINUOUS
10
1.6886880708661416
20
1.1982718503937007
11
1.6873653937007873
21
1.195078622047244
0
LINE
8
BLACK
6
CONTINUOUS
10
1.6873653937007873
20
1.195078622047244
11
1.6873653543307086
21
1.1950785826771653
0
LINE
8
BLACK
6
CONTINUOUS
10
1.6873653543307086
20
1.1950785826771653
11
1.6862637401574803
21
1.1937362598425196
0
LINE
8
BLACK
6
CONTINUOUS
10
1.6862637401574803
20
1.1937362598425196
11
1.6662637401574802
21
1.1737362598425196
0
LINE
8
BLACK
6
CONTINUOUS
10
1.6662637401574802
20
1.1737362598425196
11
1.6649214173228346
21
1.1726346062992126
0
LINE
8
BLACK
6
CONTINUOUS
10
1.6649214173228346
20
1.1726346062992126
11
1.6649212598425196
21
1.1726345669291338
0
LINE
8
BLACK
6
CONTINUOUS
10
1.6649212598425196
20
1.1726345669291338
11
1.6649212598425196
21
1.1151570472440944
0
LINE
8
BLACK
6
CONTINUOUS
10
1.6649212598425196
20
1.1151570472440944
11
1.6748420472440944
21
1.1052362598425196
0
LINE
8
BLACK
6
CONTINUOUS
10
1.6748420472440944
20
1.1052362598425196
11
1.6765489370078739
21
1.1052362598425196
0
LINE
8
BLACK
6
CONTINUOUS
10
1.6765489370078739
20
1.1052362598425196
11
1.6771900787401575
21
1.1061957480314961
0
LINE
8
BLACK
6
CONTINUOUS
10
1.6771900787401575
20
1.1061957480314961
11
1.6783076771653542
21
1.1069424803149606
0
LINE
8
BLACK
6
CONTINUOUS
10
1.6783076771653542
20
1.1069424803149606
11
1.6796259842519685
21
1.1072047244094487
0
LINE
8
BLACK
6
CONTINUOUS
10
1.6796259842519685
20
1.1072047244094487
11
1.7367125984251968
21
1.1072047244094487
0
LINE
8
BLACK
6
CONTINUOUS
10
1.7367125984251968
20
1.1072047244094487
11
1.7380309055118111
21
1.1069424803149606
0
LINE
8
BLACK
6
CONTINUOUS
10
1.7380309055118111
20
1.1069424803149606
11
1.7391485039370078
21
1.1061957480314961
0
LINE
8
BLACK
6
CONTINUOUS
10
1.7391485039370078
20
1.1061957480314961
11
1.7397896062992126
21
1.1052362598425196
0
LINE
8
BLACK
6
CONTINUOUS
10
1.7397896062992126
20
1.1052362598425196
11
1.7626850000000001
21
1.1052362598425196
0
LINE
8
BLACK
6
CONTINUOUS
10
1.7626850000000001
20
1.1052362598425196
11
1.7636450787401574
21
1.1051416929133857
0
LINE
8
BLACK
6
CONTINUOUS
10
1.7636450787401574
20
1.1051416929133857
11
1.7636451181102362
21
1.1051416929133857
0
LINE
8
BLACK
6
CONTINUOUS
10
1.7636451181102362
20
1.1051416929133857
11
1.7637985039370079
21
1.1050781496062991
0
LINE
8
BLACK
6
CONTINUOUS
10
1.7637985039370079
20
1.1050781496062991
11
1.7654190944881889
21
1.1044068897637795
0
LINE
8
BLACK
6
CONTINUOUS
10
1.7654190944881889
20
1.1044068897637795
11
1.7654192913385827
21
1.1044066929133858
0
LINE
8
BLACK
6
CONTINUOUS
10
1.7654192913385827
20
1.1044066929133858
11
1.766164842519685
21
1.1037948425196851
0
LINE
8
BLACK
6
CONTINUOUS
10
1.766164842519685
20
1.1037948425196851
11
1.7726368897637794
21
1.0973228346456694
0
LINE
8
BLACK
6
CONTINUOUS
10
1.7726368897637794
20
1.0973228346456694
11
1.7964566929133858
21
1.0973228346456694
0
LINE
8
BLACK
6
CONTINUOUS
10
1.7964566929133858
20
1.0973228346456694
11
1.7964566929133858
21
1.1022440944881891
0
LINE
8
BLACK
6
CONTINUOUS
10
1.7964566929133858
20
1.1022440944881891
11
1.797205905511811
21
1.1060106692913385
0
LINE
8
BLACK
6
CONTINUOUS
10
1.797205905511811
20
1.1060106692913385
11
1.7993394881889764
21
1.1092038188976379
0
LINE
8
BLACK
6
CONTINUOUS
10
1.7993394881889764
20
1.1092038188976379
11
1.8025326377952755
21
1.1113374015748032
0
LINE
8
BLACK
6
CONTINUOUS
10
1.8025326377952755
20
1.1113374015748032
11
1.8062992125984252
21
1.1120866141732284
0
LINE
8
BLACK
6
CONTINUOUS
10
1.8062992125984252
20
1.1120866141732284
11
1.8437007874015747
21
1.1120866141732284
0
LINE
8
BLACK
6
CONTINUOUS
10
1.8437007874015747
20
1.1120866141732284
11
1.8474673622047244
21
1.1113374015748032
0
LINE
8
BLACK
6
CONTINUOUS
10
1.8474673622047244
20
1.1113374015748032
11
1.8506605118110235
21
1.1092038188976379
0
LINE
8
BLACK
6
CONTINUOUS
10
1.8506605118110235
20
1.1092038188976379
11
1.8527940944881889
21
1.1060106692913385
0
LINE
8
BLACK
6
CONTINUOUS
10
1.8527940944881889
20
1.1060106692913385
11
1.8535433070866141
21
1.1022440944881891
0
LINE
8
BLACK
6
CONTINUOUS
10
1.8535433070866141
20
1.1022440944881891
11
1.8535433070866141
21
1.1012598425196851
0
LINE
8
BLACK
6
CONTINUOUS
10
1.8535433070866141
20
1.1012598425196851
11
1.8764566929133857
21
1.1012598425196851
0
LINE
8
BLACK
6
CONTINUOUS
10
1.8764566929133857
20
1.1012598425196851
11
1.8764566929133857
21
1.1022440944881891
0
LINE
8
BLACK
6
CONTINUOUS
10
1.8764566929133857
20
1.1022440944881891
11
1.8772059055118109
21
1.1060106692913385
0
LINE
8
BLACK
6
CONTINUOUS
10
1.8772059055118109
20
1.1060106692913385
11
1.8793394881889762
21
1.1092038188976379
0
LINE
8
BLACK
6
CONTINUOUS
10
1.8793394881889762
20
1.1092038188976379
11
1.8825326377952756
21
1.1113374015748032
0
LINE
8
BLACK
6
CONTINUOUS
10
1.8825326377952756
20
1.1113374015748032
11
1.8862992125984253
21
1.1120866141732284
0
LINE
8
BLACK
6
CONTINUOUS
10
1.8862992125984253
20
1.1120866141732284
11
1.9237007874015748
21
1.1120866141732284
0
LINE
8
BLACK
6
CONTINUOUS
10
1.9237007874015748
20
1.1120866141732284
11
1.9274673622047243
21
1.1113374015748032
0
LINE
8
BLACK
6
CONTINUOUS
10
1.9274673622047243
20
1.1113374015748032
11
1.9306605118110236
21
1.1092038188976379
0
LINE
8
BLACK
6
CONTINUOUS
10
1.9306605118110236
20
1.1092038188976379
11
1.932794094488189
21
1.1060106692913385
0
LINE
8
BLACK
6
CONTINUOUS
10
1.932794094488189
20
1.1060106692913385
11
1.9335433070866141
21
1.1022440944881891
0
LINE
8
BLACK
6
CONTINUOUS
10
1.9335433070866141
20
1.1022440944881891
11
1.9335433070866141
21
1.0879841732283464
0
LINE
8
BLACK
6
CONTINUOUS
10
1.9335433070866141
20
1.0879841732283464
11
1.9860944094488189
21
1.0354330708661417
0
LINE
8
BLACK
6
CONTINUOUS
10
1.9860944094488189
20
1.0354330708661417
11
2.1284063779527558
21
1.0354330708661417
0
LINE
8
BLACK
6
CONTINUOUS
10
2.1284063779527558
20
1.0354330708661417
11
2.1301345275590551
21
1.0352628740157479
0
LINE
8
BLACK
6
CONTINUOUS
10
2.1301345275590551
20
1.0352628740157479
11
2.1301345669291338
21
1.0352628740157479
0
LINE
8
BLACK
6
CONTINUOUS
10
2.1301345669291338
20
1.0352628740157479
11
2.1333277952755907
21
1.0339401968503936
0
LINE
8
BLACK
6
CONTINUOUS
10
2.1333277952755907
20
1.0339401968503936
11
2.1346701181102361
21
1.0328385433070866
0
LINE
8
BLACK
6
CONTINUOUS
10
2.1346701181102361
20
1.0328385433070866
11
2.1522479921259841
21
1.0152606692913386
0
LINE
8
BLACK
6
CONTINUOUS
10
2.1522479921259841
20
1.0152606692913386
11
2.1533496062992126
21
1.013918346456693
0
LINE
8
BLACK
6
CONTINUOUS
10
2.1533496062992126
20
1.013918346456693
11
2.1546723228346458
21
1.0107251181102361
0
LINE
8
BLACK
6
CONTINUOUS
10
2.1546723228346458
20
1.0107251181102361
11
2.1546723228346458
21
1.0072687401574802
0
LINE
8
BLACK
6
CONTINUOUS
10
2.1546723228346458
20
1.0072687401574802
11
2.1533496062992126
21
1.0040755118110236
0
LINE
8
BLACK
6
CONTINUOUS
10
2.1533496062992126
20
1.0040755118110236
11
2.1518897637795273
21
1.0026156692913386
0
LINE
8
BLACK
6
CONTINUOUS
10
2.1518897637795273
20
1.0026156692913386
11
2.1518897637795273
21
0.9573842913385826
0
LINE
8
BLACK
6
CONTINUOUS
10
2.1518897637795273
20
0.9573842913385826
11
2.1533496062992126
21
0.9559244488188976
0
LINE
8
BLACK
6
CONTINUOUS
10
2.1533496062992126
20
0.9559244488188976
11
2.1546722834645671
21
0.952731220472441
0
LINE
8
BLACK
6
CONTINUOUS
10
2.1546722834645671
20
0.952731220472441
11
2.1546722834645671
21
0.9492748818897637
0
LINE
8
BLACK
6
CONTINUOUS
10
2.1546722834645671
20
0.9492748818897637
11
2.1533496062992126
21
0.9460816535433071
0
LINE
8
BLACK
6
CONTINUOUS
10
2.1533496062992126
20
0.9460816535433071
11
2.1522479921259841
21
0.9447393307086615
0
LINE
8
BLACK
6
CONTINUOUS
10
2.1522479921259841
20
0.9447393307086615
11
2.1285826771653542
21
0.9210740157480315
0
LINE
8
BLACK
6
CONTINUOUS
10
2.1285826771653542
20
0.9210740157480315
11
2.1285826771653542
21
0.8665432283464567
0
LINE
8
BLACK
6
CONTINUOUS
10
2.1285826771653542
20
0.8665432283464567
11
2.157842440944882
21
0.8372834645669291
0
LINE
8
BLACK
6
CONTINUOUS
10
2.157842440944882
20
0.8372834645669291
11
2.1837007874015746
21
0.8372834645669291
0
LINE
8
BLACK
6
CONTINUOUS
10
2.1837007874015746
20
0.8372834645669291
11
2.1874673622047243
21
0.836534251968504
0
LINE
8
BLACK
6
CONTINUOUS
10
2.1874673622047243
20
0.836534251968504
11
2.1906605118110236
21
0.8344006692913386
0
LINE
8
BLACK
6
CONTINUOUS
10
2.1906605118110236
20
0.8344006692913386
11
2.192794094488189
21
0.8312075196850394
0
LINE
8
BLACK
6
CONTINUOUS
10
2.192794094488189
20
0.8312075196850394
11
2.1935433070866139
21
0.8274409448818898
0
LINE
8
BLACK
6
CONTINUOUS
10
2.1935433070866139
20
0.8274409448818898
11
2.1935433070866139
21
0.807755905511811
0
LINE
8
BLACK
6
CONTINUOUS
10
2.1935433070866139
20
0.807755905511811
11
2.192794094488189
21
0.8039893307086614
0
LINE
8
BLACK
6
CONTINUOUS
10
2.192794094488189
20
0.8039893307086614
11
2.1906605118110236
21
0.8007961811023622
0
LINE
8
BLACK
6
CONTINUOUS
10
2.1906605118110236
20
0.8007961811023622
11
2.1874673622047243
21
0.7986625984251968
0
LINE
8
BLACK
6
CONTINUOUS
10
2.1874673622047243
20
0.7986625984251968
11
2.1837007874015746
21
0.7979133858267716
0
LINE
8
BLACK
6
CONTINUOUS
10
2.1837007874015746
20
0.7979133858267716
11
2.1738582677165352
21
0.7979133858267716
0
LINE
8
BLACK
6
CONTINUOUS
10
2.1738582677165352
20
0.7979133858267716
11
2.1738582677165352
21
0.7770866141732283
0
LINE
8
BLACK
6
CONTINUOUS
10
2.1738582677165352
20
0.7770866141732283
11
2.1837007874015746
21
0.7770866141732283
0
LINE
8
BLACK
6
CONTINUOUS
10
2.1837007874015746
20
0.7770866141732283
11
2.1874673622047243
21
0.7763374015748031
0
LINE
8
BLACK
6
CONTINUOUS
10
2.1874673622047243
20
0.7763374015748031
11
2.1906605118110236
21
0.7742038188976378
0
LINE
8
BLACK
6
CONTINUOUS
10
2.1906605118110236
20
0.7742038188976378
11
2.192794094488189
21
0.7710106692913385
0
LINE
8
BLACK
6
CONTINUOUS
10
2.192794094488189
20
0.7710106692913385
11
2.1935433070866139
21
0.767244094488189
0
LINE
8
BLACK
6
CONTINUOUS
10
2.1935433070866139
20
0.767244094488189
11
2.1935433070866139
21
0.766259842519685
0
LINE
8
BLACK
6
CONTINUOUS
10
2.1935433070866139
20
0.766259842519685
11
2.2237323622047245
21
0.766259842519685
0
LINE
8
BLACK
6
CONTINUOUS
10
2.2237323622047245
20
0.766259842519685
11
2.23
21
0.7725274803149607
0
LINE
8
BLACK
6
CONTINUOUS
10
2.23
20
0.7725274803149607
11
2.23
21
0.82
0
LINE
8
BLACK
6
CONTINUOUS
10
2.23
20
0.82
11
2.29
21
0.82
0
LINE
8
BLACK
6
CONTINUOUS
10
2.29
20
0.82
11
2.29
21
0.7988582677165355
0
LINE
8
BLACK
6
CONTINUOUS
10
2.29
20
0.7988582677165355
11
2.3300000000000001
21
0.7988582677165355
0
LINE
8
BLACK
6
CONTINUOUS
10
2.3300000000000001
20
0.7988582677165355
11
2.3300000000000001
21
0.82
0
LINE
8
BLACK
6
CONTINUOUS
10
2.3300000000000001
20
0.82
11
2.3900000000000001
21
0.82
0
LINE
8
BLACK
6
CONTINUOUS
10
2.3900000000000001
20
0.82
11
2.3900000000000001
21
0.7988582677165355
0
LINE
8
BLACK
6
CONTINUOUS
10
2.3900000000000001
20
0.7988582677165355
11
2.440535433070866
21
0.7988582677165355
0
LINE
8
BLACK
6
CONTINUOUS
10
2.440535433070866
20
0.7988582677165355
11
2.440535433070866
21
0.8028503937007874
0
LINE
8
BLACK
6
CONTINUOUS
10
2.440535433070866
20
0.8028503937007874
11
2.4412846456692914
21
0.8066169685039369
0
LINE
8
BLACK
6
CONTINUOUS
10
2.4412846456692914
20
0.8066169685039369
11
2.4434182283464567
21
0.8098101181102362
0
LINE
8
BLACK
6
CONTINUOUS
10
2.4434182283464567
20
0.8098101181102362
11
2.4466113779527556
21
0.8119437007874015
0
LINE
8
BLACK
6
CONTINUOUS
10
2.4466113779527556
20
0.8119437007874015
11
2.4503779527559053
21
0.8126929133858267
0
LINE
8
BLACK
6
CONTINUOUS
10
2.4503779527559053
20
0.8126929133858267
11
2.4976220472440946
21
0.8126929133858267
0
LINE
8
BLACK
6
CONTINUOUS
10
2.4976220472440946
20
0.8126929133858267
11
2.5013886220472439
21
0.8119437007874015
0
LINE
8
BLACK
6
CONTINUOUS
10
2.5013886220472439
20
0.8119437007874015
11
2.5045817716535432
21
0.8098101181102362
0
LINE
8
BLACK
6
CONTINUOUS
10
2.5045817716535432
20
0.8098101181102362
11
2.5067153543307086
21
0.8066169685039369
0
LINE
8
BLACK
6
CONTINUOUS
10
2.5067153543307086
20
0.8066169685039369
11
2.507464566929134
21
0.8028503937007874
0
LINE
8
BLACK
6
CONTINUOUS
10
2.507464566929134
20
0.8028503937007874
11
2.507464566929134
21
0.7713543307086614
0
LINE
8
BLACK
6
CONTINUOUS
10
2.507464566929134
20
0.7713543307086614
11
2.5067153543307086
21
0.7675877559055118
0
LINE
8
BLACK
6
CONTINUOUS
10
2.5067153543307086
20
0.7675877559055118
11
2.5045817716535432
21
0.7643946062992126
0
LINE
8
BLACK
6
CONTINUOUS
10
2.5045817716535432
20
0.7643946062992126
11
2.5013886220472439
21
0.7622610236220472
0
LINE
8
BLACK
6
CONTINUOUS
10
2.5013886220472439
20
0.7622610236220472
11
2.4976220472440946
21
0.761511811023622
0
LINE
8
BLACK
6
CONTINUOUS
10
2.4976220472440946
20
0.761511811023622
11
2.4503779527559053
21
0.761511811023622
0
LINE
8
BLACK
6
CONTINUOUS
10
2.4503779527559053
20
0.761511811023622
11
2.4466113779527556
21
0.7622610236220472
0
LINE
8
BLACK
6
CONTINUOUS
10
2.4466113779527556
20
0.7622610236220472
11
2.4434182283464567
21
0.7643946062992126
0
LINE
8
BLACK
6
CONTINUOUS
10
2.4434182283464567
20
0.7643946062992126
11
2.4412846456692914
21
0.7675877559055118
0
LINE
8
BLACK
6
CONTINUOUS
10
2.4412846456692914
20
0.7675877559055118
11
2.440535433070866
21
0.7713543307086614
0
LINE
8
BLACK
6
CONTINUOUS
10
2.440535433070866
20
0.7713543307086614
11
2.440535433070866
21
0.7811417322834645
0
LINE
8
BLACK
6
CONTINUOUS
10
2.440535433070866
20
0.7811417322834645
11
2.3900000000000001
21
0.7811417322834645
0
LINE
8
BLACK
6
CONTINUOUS
10
2.3900000000000001
20
0.7811417322834645
11
2.3900000000000001
21
0.76
0
LINE
8
BLACK
6
CONTINUOUS
10
2.3900000000000001
20
0.76
11
2.3300000000000001
21
0.76
0
LINE
8
BLACK
6
CONTINUOUS
10
2.3300000000000001
20
0.76
11
2.3300000000000001
21
0.7811417322834645
0
LINE
8
BLACK
6
CONTINUOUS
10
2.3300000000000001
20
0.7811417322834645
11
2.29
21
0.7811417322834645
0
LINE
8
BLACK
6
CONTINUOUS
10
2.29
20
0.7811417322834645
11
2.29
21
0.76
0
LINE
8
BLACK
6
CONTINUOUS
10
2.29
20
0.76
11
2.2425274803149606
21
0.76
0
LINE
8
BLACK
6
CONTINUOUS
10
2.2425274803149606
20
0.76
11
2.2336653149606298
21
0.7511378346456693
0
LINE
8
BLACK
6
CONTINUOUS
10
2.2336653149606298
20
0.7511378346456693
11
2.2323229921259844
21
0.7500361811023621
0
LINE
8
BLACK
6
CONTINUOUS
10
2.2323229921259844
20
0.7500361811023621
11
2.2291297637795275
21
0.7487135039370079
0
LINE
8
BLACK
6
CONTINUOUS
10
2.2291297637795275
20
0.7487135039370079
11
2.2291297244094488
21
0.7487135039370079
0
LINE
8
BLACK
6
CONTINUOUS
10
2.2291297244094488
20
0.7487135039370079
11
2.2274015748031495
21
0.7485433070866142
0
LINE
8
BLACK
6
CONTINUOUS
10
2.2274015748031495
20
0.7485433070866142
11
2.1935433070866139
21
0.7485433070866142
0
LINE
8
BLACK
6
CONTINUOUS
10
2.1935433070866139
20
0.7485433070866142
11
2.1935433070866139
21
0.7475590551181103
0
LINE
8
BLACK
6
CONTINUOUS
10
2.1935433070866139
20
0.7475590551181103
11
2.192794094488189
21
0.7437924803149606
0
LINE
8
BLACK
6
CONTINUOUS
10
2.192794094488189
20
0.7437924803149606
11
2.1906605118110236
21
0.7405993307086614
0
LINE
8
BLACK
6
CONTINUOUS
10
2.1906605118110236
20
0.7405993307086614
11
2.1874673622047243
21
0.738465748031496
0
LINE
8
BLACK
6
CONTINUOUS
10
2.1874673622047243
20
0.738465748031496
11
2.1837007874015746
21
0.7377165354330708
0
LINE
8
BLACK
6
CONTINUOUS
10
2.1837007874015746
20
0.7377165354330708
11
2.146299212598425
21
0.7377165354330708
0
LINE
8
BLACK
6
CONTINUOUS
10
2.146299212598425
20
0.7377165354330708
11
2.1425326377952754
21
0.738465748031496
0
LINE
8
BLACK
6
CONTINUOUS
10
2.1425326377952754
20
0.738465748031496
11
2.1393394881889765
21
0.7405993307086614
0
LINE
8
BLACK
6
CONTINUOUS
10
2.1393394881889765
20
0.7405993307086614
11
2.1372059055118111
21
0.7437924803149606
0
LINE
8
BLACK
6
CONTINUOUS
10
2.1372059055118111
20
0.7437924803149606
11
2.1364566929133857
21
0.7475590551181103
0
LINE
8
BLACK
6
CONTINUOUS
10
2.1364566929133857
20
0.7475590551181103
11
2.1364566929133857
21
0.7485433070866142
0
LINE
8
BLACK
6
CONTINUOUS
10
2.1364566929133857
20
0.7485433070866142
11
1.2775984251968504
21
0.7485433070866142
0
LINE
8
BLACK
6
CONTINUOUS
10
1.2775984251968504
20
0.7485433070866142
11
1.2758702755905511
21
0.7487135039370079
0
LINE
8
BLACK
6
CONTINUOUS
10
1.2758702755905511
20
0.7487135039370079
11
1.2758702362204724
21
0.7487135039370079
0
LINE
8
BLACK
6
CONTINUOUS
10
1.2758702362204724
20
0.7487135039370079
11
1.2745475590551181
21
0.7492614173228346
0
LINE
8
BLACK
6
CONTINUOUS
10
1.2745475590551181
20
0.7492614173228346
11
1.2726770472440945
21
0.7500361811023621
0
LINE
8
BLACK
6
CONTINUOUS
10
1.2726770472440945
20
0.7500361811023621
11
1.2726770078740157
21
0.7500362204724409
0
LINE
8
BLACK
6
CONTINUOUS
10
1.2726770078740157
20
0.7500362204724409
11
1.2713346850393701
21
0.7511378346456693
0
LINE
8
BLACK
6
CONTINUOUS
10
1.2713346850393701
20
0.7511378346456693
11
1.1787362598425197
21
0.8437362598425197
0
LINE
8
BLACK
6
CONTINUOUS
10
1.1787362598425197
20
0.8437362598425197
11
1.1776346062992125
21
0.8450785826771653
0
LINE
8
BLACK
6
CONTINUOUS
10
1.1776346062992125
20
0.8450785826771653
11
1.1763119291338582
21
0.848271811023622
0
LINE
8
BLACK
6
CONTINUOUS
10
1.1763119291338582
20
0.848271811023622
11
1.1763119291338582
21
0.8482718503937008
0
LINE
8
BLACK
6
CONTINUOUS
10
1.1763119291338582
20
0.8482718503937008
11
1.1761417322834646
21
0.85
0
LINE
8
BLACK
6
CONTINUOUS
10
1.1761417322834646
20
0.85
11
1.1761417322834646
21
0.8979133858267716
0
LINE
8
BLACK
6
CONTINUOUS
10
1.1761417322834646
20
0.8979133858267716
11
1.1662992125984251
21
0.8979133858267716
0
LINE
8
BLACK
6
CONTINUOUS
10
1.1662992125984251
20
0.8979133858267716
11
1.1625326377952756
21
0.8986625984251968
0
LINE
8
BLACK
6
CONTINUOUS
10
1.1625326377952756
20
0.8986625984251968
11
1.1593394881889763
21
0.9007961811023621
0
LINE
8
BLACK
6
CONTINUOUS
10
1.1593394881889763
20
0.9007961811023621
11
1.1572059055118109
21
0.9039893307086614
0
LINE
8
BLACK
6
CONTINUOUS
10
1.1572059055118109
20
0.9039893307086614
11
1.1564566929133857
21
0.907755905511811
0
LINE
8
BLACK
6
CONTINUOUS
10
1.1564566929133857
20
0.907755905511811
11
1.1564566929133857
21
0.9087401574803149
0
LINE
8
BLACK
6
CONTINUOUS
10
1.1564566929133857
20
0.9087401574803149
11
1.0859537007874016
21
0.9087401574803149
0
LINE
8
BLACK
6
CONTINUOUS
10
1.0859537007874016
20
0.9087401574803149
11
1.0851364566929134
21
0.9075170866141732
0
LINE
8
BLACK
6
CONTINUOUS
10
1.0851364566929134
20
0.9075170866141732
11
1.0832205905511811
21
0.9062369291338582
0
LINE
8
BLACK
6
CONTINUOUS
10
1.0832205905511811
20
0.9062369291338582
11
1.0809606299212597
21
0.9057874015748031
0
LINE
8
BLACK
6
CONTINUOUS
10
1.0809606299212597
20
0.9057874015748031
11
1.0406062992125984
21
0.9057874015748031
0
LINE
8
BLACK
6
CONTINUOUS
10
1.0406062992125984
20
0.9057874015748031
11
1.0383463385826772
21
0.9062369291338582
0
LINE
8
BLACK
6
CONTINUOUS
10
1.0383463385826772
20
0.9062369291338582
11
1.0364304724409448
21
0.9075170866141732
0
LINE
8
BLACK
6
CONTINUOUS
10
1.0364304724409448
20
0.9075170866141732
11
1.0351503149606298
21
0.9094329527559055
0
LINE
8
BLACK
6
CONTINUOUS
10
1.0351503149606298
20
0.9094329527559055
11
1.0347007874015748
21
0.9116929133858267
0
LINE
8
BLACK
6
CONTINUOUS
10
1.0347007874015748
20
0.9116929133858267
11
1.0347007874015748
21
0.923503937007874
0
LINE
8
BLACK
6
CONTINUOUS
10
1.0347007874015748
20
0.923503937007874
11
1.0351503149606298
21
0.9257638976377952
0
LINE
8
BLACK
6
CONTINUOUS
10
1.0351503149606298
20
0.9257638976377952
11
1.0364304724409448
21
0.9276797637795275
0
LINE
8
BLACK
6
CONTINUOUS
10
1.0364304724409448
20
0.9276797637795275
11
1.0383463385826772
21
0.9289599212598425
0
LINE
8
BLACK
6
CONTINUOUS
10
1.0383463385826772
20
0.9289599212598425
11
1.0406062992125984
21
0.9294094488188976
0
LINE
8
BLACK
6
CONTINUOUS
10
1.0406062992125984
20
0.9294094488188976
11
1.0809606299212597
21
0.9294094488188976
0
LINE
8
BLACK
6
CONTINUOUS
10
1.0809606299212597
20
0.9294094488188976
11
1.0832205905511811
21
0.9289599212598425
0
LINE
8
BLACK
6
CONTINUOUS
10
1.0832205905511811
20
0.9289599212598425
11
1.0851364566929134
21
0.9276797637795275
0
LINE
8
BLACK
6
CONTINUOUS
10
1.0851364566929134
20
0.9276797637795275
11
1.0859537007874016
21
0.9264566929133858
0
LINE
8
BLACK
6
CONTINUOUS
10
1.0859537007874016
20
0.9264566929133858
11
1.1564566929133857
21
0.9264566929133858
0
LINE
8
BLACK
6
CONTINUOUS
10
1.1564566929133857
20
0.9264566929133858
11
1.1564566929133857
21
0.9274409448818898
0
LINE
8
BLACK
6
CONTINUOUS
10
1.1564566929133857
20
0.9274409448818898
11
1.1572059055118109
21
0.9312075196850393
0
LINE
8
BLACK
6
CONTINUOUS
10
1.1572059055118109
20
0.9312075196850393
11
1.1593394881889763
21
0.9344006692913386
0
LINE
8
BLACK
6
CONTINUOUS
10
1.1593394881889763
20
0.9344006692913386
11
1.1625326377952756
21
0.9365342519685039
0
LINE
8
BLACK
6
CONTINUOUS
10
1.1625326377952756
20
0.9365342519685039
11
1.1662992125984251
21
0.9372834645669291
0
LINE
8
BLACK
6
CONTINUOUS
10
1.1662992125984251
20
0.9372834645669291
11
1.2037007874015748
21
0.9372834645669291
0
LINE
8
BLACK
6
CONTINUOUS
10
1.2037007874015748
20
0.9372834645669291
11
1.2074673622047243
21
0.9365342519685039
0
LINE
8
BLACK
6
CONTINUOUS
10
1.2074673622047243
20
0.9365342519685039
11
1.2106605118110236
21
0.9344006692913386
0
LINE
8
BLACK
6
CONTINUOUS
10
1.2106605118110236
20
0.9344006692913386
11
1.212794094488189
21
0.9312075196850393
0
LINE
8
BLACK
6
CONTINUOUS
10
1.212794094488189
20
0.9312075196850393
11
1.2135433070866142
21
0.9274409448818898
0
LINE
8
BLACK
6
CONTINUOUS
10
1.2135433070866142
20
0.9274409448818898
11
1.2135433070866142
21
0.907755905511811
0
LINE
8
BLACK
6
CONTINUOUS
10
1.2135433070866142
20
0.907755905511811
11
1.212794094488189
21
0.9039893307086614
0
LINE
8
BLACK
6
CONTINUOUS
10
1.212794094488189
20
0.9039893307086614
11
1.2106605118110236
21
0.9007961811023621
0
LINE
8
BLACK
6
CONTINUOUS
10
1.2106605118110236
20
0.9007961811023621
11
1.2074673622047243
21
0.8986625984251968
0
LINE
8
BLACK
6
CONTINUOUS
10
1.2074673622047243
20
0.8986625984251968
11
1.2037007874015748
21
0.8979133858267716
0
LINE
8
BLACK
6
CONTINUOUS
10
1.2037007874015748
20
0.8979133858267716
11
1.1938582677165355
21
0.8979133858267716
0
LINE
8
BLACK
6
CONTINUOUS
10
1.1938582677165355
20
0.8979133858267716
11
1.1938582677165355
21
0.8536692125984252
0
LINE
8
BLACK
6
CONTINUOUS
10
1.1938582677165355
20
0.8536692125984252
11
1.2812676377952756
21
0.766259842519685
0
LINE
8
BLACK
6
CONTINUOUS
10
1.2812676377952756
20
0.766259842519685
11
2.1364566929133857
21
0.766259842519685
0
LINE
8
BLACK
6
CONTINUOUS
10
2.1364566929133857
20
0.766259842519685
11
2.1364566929133857
21
0.767244094488189
0
LINE
8
BLACK
6
CONTINUOUS
10
2.1364566929133857
20
0.767244094488189
11
2.1372059055118111
21
0.7710106692913385
0
LINE
8
BLACK
6
CONTINUOUS
10
2.1372059055118111
20
0.7710106692913385
11
2.1393394881889765
21
0.7742038188976378
0
LINE
8
BLACK
6
CONTINUOUS
10
2.1393394881889765
20
0.7742038188976378
11
2.1425326377952754
21
0.7763374015748031
0
LINE
8
BLACK
6
CONTINUOUS
10
2.1425326377952754
20
0.7763374015748031
11
2.146299212598425
21
0.7770866141732283
0
LINE
8
BLACK
6
CONTINUOUS
10
2.146299212598425
20
0.7770866141732283
11
2.1561417322834644
21
0.7770866141732283
0
LINE
8
BLACK
6
CONTINUOUS
10
2.1561417322834644
20
0.7770866141732283
11
2.1561417322834644
21
0.7979133858267716
0
LINE
8
BLACK
6
CONTINUOUS
10
2.1561417322834644
20
0.7979133858267716
11
2.146299212598425
21
0.7979133858267716
0
LINE
8
BLACK
6
CONTINUOUS
10
2.146299212598425
20
0.7979133858267716
11
2.1425326377952754
21
0.7986625984251968
0
LINE
8
BLACK
6
CONTINUOUS
10
2.1425326377952754
20
0.7986625984251968
11
2.1393394881889765
21
0.8007961811023622
0
LINE
8
BLACK
6
CONTINUOUS
10
2.1393394881889765
20
0.8007961811023622
11
2.1372059055118111
21
0.8039893307086614
0
LINE
8
BLACK
6
CONTINUOUS
10
2.1372059055118111
20
0.8039893307086614
11
2.1364566929133857
21
0.807755905511811
0
LINE
8
BLACK
6
CONTINUOUS
10
2.1364566929133857
20
0.807755905511811
11
2.1364566929133857
21
0.8274409448818898
0
LINE
8
BLACK
6
CONTINUOUS
10
2.1364566929133857
20
0.8274409448818898
11
2.1372059055118111
21
0.8312075196850394
0
LINE
8
BLACK
6
CONTINUOUS
10
2.1372059055118111
20
0.8312075196850394
11
2.1378698031496062
21
0.8322011417322834
0
LINE
8
BLACK
6
CONTINUOUS
10
2.1378698031496062
20
0.8322011417322834
11
2.1134606692913387
21
0.8566102755905511
0
LINE
8
BLACK
6
CONTINUOUS
10
2.1134606692913387
20
0.8566102755905511
11
2.1123590157480314
21
0.8579525984251968
0
LINE
8
BLACK
6
CONTINUOUS
10
2.1123590157480314
20
0.8579525984251968
11
2.1110363385826769
21
0.8611458267716535
0
LINE
8
BLACK
6
CONTINUOUS
10
2.1110363385826769
20
0.8611458267716535
11
2.1110363385826769
21
0.8611458661417323
0
LINE
8
BLACK
6
CONTINUOUS
10
2.1110363385826769
20
0.8611458661417323
11
2.1108661417322834
21
0.8628740157480315
0
LINE
8
BLACK
6
CONTINUOUS
10
2.1108661417322834
20
0.8628740157480315
11
2.1108661417322834
21
0.9247432283464567
0
LINE
8
BLACK
6
CONTINUOUS
10
2.1108661417322834
20
0.9247432283464567
11
2.1110363385826769
21
0.9264713779527559
0
LINE
8
BLACK
6
CONTINUOUS
10
2.1110363385826769
20
0.9264713779527559
11
2.1112340551181101
21
0.9269486614173228
0
LINE
8
BLACK
6
CONTINUOUS
10
2.1112340551181101
20
0.9269486614173228
11
2.1123590157480314
21
0.9296646456692913
0
LINE
8
BLACK
6
CONTINUOUS
10
2.1123590157480314
20
0.9296646456692913
11
2.1134606692913387
21
0.9310069685039369
0
LINE
8
BLACK
6
CONTINUOUS
10
2.1134606692913387
20
0.9310069685039369
11
2.1397205118110234
21
0.957266811023622
0
LINE
8
BLACK
6
CONTINUOUS
10
2.1397205118110234
20
0.957266811023622
11
2.1400787401574801
21
0.9575608267716536
0
LINE
8
BLACK
6
CONTINUOUS
10
2.1400787401574801
20
0.9575608267716536
11
2.1400787401574801
21
1.0024392125984252
0
LINE
8
BLACK
6
CONTINUOUS
10
2.1400787401574801
20
1.0024392125984252
11
2.1397205118110234
21
1.002733188976378
0
LINE
8
BLACK
6
CONTINUOUS
10
2.1397205118110234
20
1.002733188976378
11
2.1247371653543308
21
1.0177165354330708
0
LINE
8
BLACK
6
CONTINUOUS
10
2.1247371653543308
20
1.0177165354330708
11
1.9824251968503936
21
1.0177165354330708
0
LINE
8
BLACK
6
CONTINUOUS
10
1.9824251968503936
20
1.0177165354330708
11
1.9806970472440943
21
1.0178867322834646
0
LINE
8
BLACK
6
CONTINUOUS
10
1.9806970472440943
20
1.0178867322834646
11
1.9806970078740158
21
1.0178867322834646
0
LINE
8
BLACK
6
CONTINUOUS
10
1.9806970078740158
20
1.0178867322834646
11
1.977503779527559
21
1.0192094094488189
0
LINE
8
BLACK
6
CONTINUOUS
10
1.977503779527559
20
1.0192094094488189
11
1.9761614566929133
21
1.0203110629921259
0
LINE
8
BLACK
6
CONTINUOUS
10
1.9761614566929133
20
1.0203110629921259
11
1.923746811023622
21
1.0727257086614173
0
LINE
8
BLACK
6
CONTINUOUS
10
1.923746811023622
20
1.0727257086614173
11
1.9237007874015748
21
1.0727165354330708
0
LINE
8
BLACK
6
CONTINUOUS
10
1.9237007874015748
20
1.0727165354330708
11
1.8862992125984253
21
1.0727165354330708
0
LINE
8
BLACK
6
CONTINUOUS
10
1.8862992125984253
20
1.0727165354330708
11
1.8825326377952756
21
1.073465748031496
0
LINE
8
BLACK
6
CONTINUOUS
10
1.8825326377952756
20
1.073465748031496
11
1.8793394881889762
21
1.0755993307086613
0
LINE
8
BLACK
6
CONTINUOUS
10
1.8793394881889762
20
1.0755993307086613
11
1.8772059055118109
21
1.0787924803149607
0
LINE
8
BLACK
6
CONTINUOUS
10
1.8772059055118109
20
1.0787924803149607
11
1.8764566929133857
21
1.0825590551181101
0
LINE
8
BLACK
6
CONTINUOUS
10
1.8764566929133857
20
1.0825590551181101
11
1.8764566929133857
21
1.0835433070866141
0
LINE
8
BLACK
6
CONTINUOUS
10
1.8764566929133857
20
1.0835433070866141
11
1.8535433070866141
21
1.0835433070866141
0
LINE
8
BLACK
6
CONTINUOUS
10
1.8535433070866141
20
1.0835433070866141
11
1.8535433070866141
21
1.0825590551181101
0
LINE
8
BLACK
6
CONTINUOUS
10
1.8535433070866141
20
1.0825590551181101
11
1.8527940944881889
21
1.0787924803149607
0
LINE
8
BLACK
6
CONTINUOUS
10
1.8527940944881889
20
1.0787924803149607
11
1.8506605118110235
21
1.0755993307086613
0
LINE
8
BLACK
6
CONTINUOUS
10
1.8506605118110235
20
1.0755993307086613
11
1.8474673622047244
21
1.073465748031496
0
LINE
8
BLACK
6
CONTINUOUS
10
1.8474673622047244
20
1.073465748031496
11
1.8437007874015747
21
1.0727165354330708
0
LINE
8
BLACK
6
CONTINUOUS
10
1.8437007874015747
20
1.0727165354330708
11
1.8062992125984252
21
1.0727165354330708
0
LINE
8
BLACK
6
CONTINUOUS
10
1.8062992125984252
20
1.0727165354330708
11
1.8025326377952755
21
1.073465748031496
0
LINE
8
BLACK
6
CONTINUOUS
10
1.8025326377952755
20
1.073465748031496
11
1.7993394881889764
21
1.0755993307086613
0
LINE
8
BLACK
6
CONTINUOUS
10
1.7993394881889764
20
1.0755993307086613
11
1.797205905511811
21
1.0787924803149607
0
LINE
8
BLACK
6
CONTINUOUS
10
1.797205905511811
20
1.0787924803149607
11
1.7964566929133858
21
1.0825590551181101
0
LINE
8
BLACK
6
CONTINUOUS
10
1.7964566929133858
20
1.0825590551181101
11
1.7964566929133858
21
1.0874803149606298
0
LINE
8
BLACK
6
CONTINUOUS
10
1.7964566929133858
20
1.0874803149606298
11
1.7705984251968503
21
1.0874803149606298
0
LINE
8
BLACK
6
CONTINUOUS
10
1.7705984251968503
20
1.0874803149606298
11
1.7696383464566929
21
1.0875748818897637
0
LINE
8
BLACK
6
CONTINUOUS
10
1.7696383464566929
20
1.0875748818897637
11
1.7696383070866142
21
1.0875748818897637
0
LINE
8
BLACK
6
CONTINUOUS
10
1.7696383070866142
20
1.0875748818897637
11
1.7685571653543306
21
1.088022716535433
0
LINE
8
BLACK
6
CONTINUOUS
10
1.7685571653543306
20
1.088022716535433
11
1.7678643307086614
21
1.0883096850393701
0
LINE
8
BLACK
6
CONTINUOUS
10
1.7678643307086614
20
1.0883096850393701
11
1.7678642913385827
21
1.0883097244094488
0
LINE
8
BLACK
6
CONTINUOUS
10
1.7678642913385827
20
1.0883097244094488
11
1.7671185433070866
21
1.0889217322834646
0
LINE
8
BLACK
6
CONTINUOUS
10
1.7671185433070866
20
1.0889217322834646
11
1.7606465748031495
21
1.0953937401574803
0
LINE
8
BLACK
6
CONTINUOUS
10
1.7606465748031495
20
1.0953937401574803
11
1.7397896456692914
21
1.0953937401574803
0
LINE
8
BLACK
6
CONTINUOUS
10
1.7397896456692914
20
1.0953937401574803
11
1.7391485039370078
21
1.0944341732283465
0
LINE
8
BLACK
6
CONTINUOUS
10
1.7391485039370078
20
1.0944341732283465
11
1.7380309055118111
21
1.0936874409448818
0
LINE
8
BLACK
6
CONTINUOUS
10
1.7380309055118111
20
1.0936874409448818
11
1.7367125984251968
21
1.0934251968503936
0
LINE
8
BLACK
6
CONTINUOUS
10
1.7367125984251968
20
1.0934251968503936
11
1.6796259842519685
21
1.0934251968503936
0
LINE
8
BLACK
6
CONTINUOUS
10
1.6796259842519685
20
1.0934251968503936
11
1.6783076771653542
21
1.0936874409448818
0
LINE
8
BLACK
6
CONTINUOUS
10
1.6783076771653542
20
1.0936874409448818
11
1.6771900787401575
21
1.0944341732283465
0
LINE
8
BLACK
6
CONTINUOUS
10
1.6771900787401575
20
1.0944341732283465
11
1.6765489370078739
21
1.0953937401574803
0
LINE
8
BLACK
6
CONTINUOUS
10
1.6765489370078739
20
1.0953937401574803
11
1.672803622047244
21
1.0953937007874015
0
LINE
8
BLACK
6
CONTINUOUS
10
1.672803622047244
20
1.0953937007874015
11
1.6718435433070866
21
1.0954882677165354
0
LINE
8
BLACK
6
CONTINUOUS
10
1.6718435433070866
20
1.0954882677165354
11
1.6718435039370079
21
1.0954882677165354
0
LINE
8
BLACK
6
CONTINUOUS
10
1.6718435039370079
20
1.0954882677165354
11
1.6708942913385827
21
1.0958814566929134
0
LINE
8
BLACK
6
CONTINUOUS
10
1.6708942913385827
20
1.0958814566929134
11
1.6700695275590551
21
1.0962230708661418
0
LINE
8
BLACK
6
CONTINUOUS
10
1.6700695275590551
20
1.0962230708661418
11
1.6700694881889764
21
1.0962231102362205
0
LINE
8
BLACK
6
CONTINUOUS
10
1.6700694881889764
20
1.0962231102362205
11
1.6693237401574803
21
1.0968351181102363
0
LINE
8
BLACK
6
CONTINUOUS
10
1.6693237401574803
20
1.0968351181102363
11
1.656520157480315
21
1.1096387401574803
0
LINE
8
BLACK
6
CONTINUOUS
10
1.656520157480315
20
1.1096387401574803
11
1.6559083070866141
21
1.1103842913385826
0
LINE
8
BLACK
6
CONTINUOUS
10
1.6559083070866141
20
1.1103842913385826
11
1.6559081102362205
21
1.1103844881889764
0
LINE
8
BLACK
6
CONTINUOUS
10
1.6559081102362205
20
1.1103844881889764
11
1.6552030708661416
21
1.1120866141732284
0
LINE
8
BLACK
6
CONTINUOUS
10
1.6552030708661416
20
1.1120866141732284
11
1.6551733070866141
21
1.1121584645669291
0
LINE
8
BLACK
6
CONTINUOUS
10
1.6551733070866141
20
1.1121584645669291
11
1.6551733070866141
21
1.1121585039370079
0
LINE
8
BLACK
6
CONTINUOUS
10
1.6551733070866141
20
1.1121585039370079
11
1.6550787401574802
21
1.1131185826771652
0
LINE
8
BLACK
6
CONTINUOUS
10
1.6550787401574802
20
1.1131185826771652
11
1.6550787401574802
21
1.1726345669291338
0
LINE
8
BLACK
6
CONTINUOUS
10
1.6550787401574802
20
1.1726345669291338
11
1.6550785826771652
21
1.1726346062992126
0
LINE
8
BLACK
6
CONTINUOUS
10
1.6550785826771652
20
1.1726346062992126
11
1.6526346062992125
21
1.1750785826771653
0
LINE
8
BLACK
6
CONTINUOUS
10
1.6526346062992125
20
1.1750785826771653
11
1.6513119291338583
21
1.1782718110236221
0
LINE
8
BLACK
6
CONTINUOUS
10
1.6513119291338583
20
1.1782718110236221
11
1.6513119291338583
21
1.181728188976378
0
LINE
8
BLACK
6
CONTINUOUS
10
1.6513119291338583
20
1.181728188976378
11
1.6526346062992125
21
1.1849214173228346
0
LINE
8
BLACK
6
CONTINUOUS
10
1.6526346062992125
20
1.1849214173228346
11
1.6537362598425196
21
1.1862637401574803
0
LINE
8
BLACK
6
CONTINUOUS
10
1.6537362598425196
20
1.1862637401574803
11
1.6711417322834645
21
1.2036692125984252
0
LINE
8
BLACK
6
CONTINUOUS
10
1.6711417322834645
20
1.2036692125984252
11
1.6711417322834645
21
1.2896062992125985
0
LINE
8
BLACK
6
CONTINUOUS
10
1.6711417322834645
20
1.2896062992125985
11
1.3795353543307087
21
1.2896062992125985
0
LINE
8
BLACK
6
CONTINUOUS
10
1.3795353543307087
20
1.2896062992125985
11
1.3570866141732283
21
1.2671575590551181
0
LINE
8
BLACK
6
CONTINUOUS
10
1.3570866141732283
20
1.2671575590551181
11
1.3570866141732283
21
1.2412992125984252
0
LINE
8
BLACK
6
CONTINUOUS
10
1.3570866141732283
20
1.2412992125984252
11
1.3563374015748031
21
1.2375326377952756
0
LINE
8
BLACK
6
CONTINUOUS
10
1.3563374015748031
20
1.2375326377952756
11
1.3542038188976377
21
1.2343394881889764
0
LINE
8
BLACK
6
CONTINUOUS
10
1.3542038188976377
20
1.2343394881889764
11
1.3510106692913386
21
1.2322059055118111
0
LINE
8
BLACK
6
CONTINUOUS
10
1.3510106692913386
20
1.2322059055118111
11
1.3472440944881889
21
1.2314566929133859
0
LINE
8
BLACK
6
CONTINUOUS
10
1.3472440944881889
20
1.2314566929133859
11
1.3457677165354331
21
1.2314566929133859
0
LINE
8
BLACK
6
CONTINUOUS
10
1.3457677165354331
20
1.2314566929133859
11
1.3457677165354331
21
1.1992125984251969
0
LINE
8
BLACK
6
CONTINUOUS
10
1.3457677165354331
20
1.1992125984251969
11
1.3600393700787401
21
1.1992125984251969
0
LINE
8
BLACK
6
CONTINUOUS
10
1.3600393700787401
20
1.1992125984251969
11
1.3622993307086615
21
1.1987630708661416
0
LINE
8
BLACK
6
CONTINUOUS
10
1.3622993307086615
20
1.1987630708661416
11
1.3642151968503937
21
1.1974829133858267
0
LINE
8
BLACK
6
CONTINUOUS
10
1.3642151968503937
20
1.1974829133858267
11
1.3654953543307087
21
1.1955670472440945
0
LINE
8
BLACK
6
CONTINUOUS
10
1.3654953543307087
20
1.1955670472440945
11
1.3659448818897637
21
1.1933070866141733
0
LINE
8
BLACK
6
CONTINUOUS
10
1.3659448818897637
20
1.1933070866141733
11
1.3659448818897637
21
1.1814960629921261
0
LINE
8
BLACK
6
CONTINUOUS
10
1.3659448818897637
20
1.1814960629921261
11
1.3654953543307087
21
1.1792361023622047
0
LINE
8
BLACK
6
CONTINUOUS
10
1.3654953543307087
20
1.1792361023622047
11
1.3642151968503937
21
1.1773202362204724
0
LINE
8
BLACK
6
CONTINUOUS
10
1.3642151968503937
20
1.1773202362204724
11
1.3622993307086615
21
1.1760400787401575
0
LINE
8
BLACK
6
CONTINUOUS
10
1.3622993307086615
20
1.1760400787401575
11
1.3600393700787401
21
1.1755905511811022
0
LINE
8
BLACK
6
CONTINUOUS
10
1.3600393700787401
20
1.1755905511811022
11
1.3137795275590551
21
1.1755905511811022
0
LINE
8
BLACK
6
CONTINUOUS
10
1.3137795275590551
20
1.1755905511811022
11
1.3115195669291337
21
1.1760400787401575
0
LINE
8
BLACK
6
CONTINUOUS
10
1.3115195669291337
20
1.1760400787401575
11
1.3096037007874015
21
1.1773202362204724
0
LINE
8
BLACK
6
CONTINUOUS
10
1.3096037007874015
20
1.1773202362204724
11
1.3083235433070866
21
1.1792361023622047
0
LINE
8
BLACK
6
CONTINUOUS
10
1.3083235433070866
20
1.1792361023622047
11
1.3078740157480315
21
1.1814960629921261
0
LINE
8
BLACK
6
CONTINUOUS
10
1.3078740157480315
20
1.1814960629921261
11
1.3078740157480315
21
1.1933070866141733
0
LINE
8
BLACK
6
CONTINUOUS
10
1.3078740157480315
20
1.1933070866141733
11
1.3083235433070866
21
1.1955670472440945
0
LINE
8
BLACK
6
CONTINUOUS
10
1.3083235433070866
20
1.1955670472440945
11
1.3096037007874015
21
1.1974829133858267
0
LINE
8
BLACK
6
CONTINUOUS
10
1.3096037007874015
20
1.1974829133858267
11
1.3115195669291337
21
1.1987630708661416
0
LINE
8
BLACK
6
CONTINUOUS
10
1.3115195669291337
20
1.1987630708661416
11
1.3137795275590551
21
1.1992125984251969
0
LINE
8
BLACK
6
CONTINUOUS
10
1.3137795275590551
20
1.1992125984251969
11
1.3280511811023621
21
1.1992125984251969
0
LINE
8
BLACK
6
CONTINUOUS
10
1.3280511811023621
20
1.1992125984251969
11
1.3280511811023621
21
1.2314566929133859
0
LINE
8
BLACK
6
CONTINUOUS
10
1.3280511811023621
20
1.2314566929133859
11
1.3275590551181102
21
1.2314566929133859
0
LINE
8
BLACK
6
CONTINUOUS
10
1.3275590551181102
20
1.2314566929133859
11
1.3237924803149606
21
1.2322059055118111
0
LINE
8
BLACK
6
CONTINUOUS
10
1.3237924803149606
20
1.2322059055118111
11
1.3205993307086614
21
1.2343394881889764
0
LINE
8
BLACK
6
CONTINUOUS
10
1.3205993307086614
20
1.2343394881889764
11
1.3184657480314961
21
1.2375326377952756
0
LINE
8
BLACK
6
CONTINUOUS
10
1.3184657480314961
20
1.2375326377952756
11
1.3177165354330709
21
1.2412992125984252
0
LINE
8
BLACK
6
CONTINUOUS
10
1.3177165354330709
20
1.2412992125984252
11
1.3177165354330709
21
1.2787007874015748
0
LINE
8
BLACK
6
CONTINUOUS
10
1.3177165354330709
20
1.2787007874015748
11
1.3184657480314961
21
1.2824673622047245
0
LINE
8
BLACK
6
CONTINUOUS
10
1.3184657480314961
20
1.2824673622047245
11
1.3205993307086614
21
1.2856605118110236
0
LINE
8
BLACK
6
CONTINUOUS
10
1.3205993307086614
20
1.2856605118110236
11
1.3237924803149606
21
1.2877940944881889
0
LINE
8
BLACK
6
CONTINUOUS
10
1.3237924803149606
20
1.2877940944881889
11
1.3275590551181102
21
1.2885433070866141
0
LINE
8
BLACK
6
CONTINUOUS
10
1.3275590551181102
20
1.2885433070866141
11
1.3472440944881889
21
1.2885433070866141
0
LINE
8
BLACK
6
CONTINUOUS
10
1.3472440944881889
20
1.2885433070866141
11
1.3510106692913386
21
1.2877940944881889
0
LINE
8
BLACK
6
CONTINUOUS
10
1.3510106692913386
20
1.2877940944881889
11
1.3520042519685038
21
1.2871301968503936
0
LINE
8
BLACK
6
CONTINUOUS
10
1.3520042519685038
20
1.2871301968503936
11
1.3696024015748032
21
1.3047283070866142
0
LINE
8
BLACK
6
CONTINUOUS
10
1.3696024015748032
20
1.3047283070866142
11
1.3709447244094488
21
1.3058299606299213
0
LINE
8
BLACK
6
CONTINUOUS
10
1.3709447244094488
20
1.3058299606299213
11
1.3741379527559054
21
1.3071526377952756
0
LINE
8
BLACK
6
CONTINUOUS
10
1.3741379527559054
20
1.3071526377952756
11
1.3741379921259842
21
1.3071526377952756
0
LINE
8
BLACK
6
CONTINUOUS
10
1.3741379921259842
20
1.3071526377952756
11
1.3758661417322835
21
1.3073228346456693
0
LINE
8
BLACK
6
CONTINUOUS
10
1.3758661417322835
20
1.3073228346456693
11
1.6799999999999999
21
1.3073228346456693
0
LINE
8
BLACK
6
CONTINUOUS
10
1.6799999999999999
20
1.3073228346456693
11
1.7597953543307085
21
1.3073228346456693
0
LINE
8
BLACK
6
CONTINUOUS
10
1.7597953543307085
20
1.3073228346456693
11
1.7945226377952757
21
1.3420501181102362
0
LINE
8
BLACK
6
CONTINUOUS
10
1.7945226377952757
20
1.3420501181102362
11
1.7945226377952757
21
1.381039842519685
0
LINE
8
BLACK
6
CONTINUOUS
10
1.7945226377952757
20
1.381039842519685
11
1.7949721653543307
21
1.3832998031496062
0
LINE
8
BLACK
6
CONTINUOUS
10
1.7949721653543307
20
1.3832998031496062
11
1.7962523228346456
21
1.3852156692913387
0
LINE
8
BLACK
6
CONTINUOUS
10
1.7962523228346456
20
1.3852156692913387
11
1.7981681889763779
21
1.3864958267716536
0
LINE
8
BLACK
6
CONTINUOUS
10
1.7981681889763779
20
1.3864958267716536
11
1.8004281496062993
21
1.3869453543307086
0
LINE
8
BLACK
6
CONTINUOUS
10
1.8004281496062993
20
1.3869453543307086
11
1.8122391732283465
21
1.3869453543307086
0
LINE
8
BLACK
6
CONTINUOUS
10
1.8122391732283465
20
1.3869453543307086
11
1.8144991338582677
21
1.3864958267716536
0
LINE
8
BLACK
6
CONTINUOUS
10
0.6310106692913385
20
1.0277940944881889
11
0.6342038188976378
21
1.0256605118110236
0
LINE
8
BLACK
6
CONTINUOUS
10
0.6342038188976378
20
1.0256605118110236
11
0.6363374015748031
21
1.0224673622047245
0
LINE
8
BLACK
6
CONTINUOUS
10
0.6363374015748031
20
1.0224673622047245
11
0.6370866141732283
21
1.0187007874015748
0
LINE
8
BLACK
6
CONTINUOUS
10
0.6370866141732283
20
1.0187007874015748
11
0.6370866141732283
21
1.0088582677165354
0
LINE
8
BLACK
6
CONTINUOUS
10
0.6370866141732283
20
1.0088582677165354
11
0.8686460236220472
21
1.0088582677165354
0
LINE
8
BLACK
6
CONTINUOUS
10
0.8686460236220472
20
1.0088582677165354
11
0.8703237401574803
21
1.0113691732283465
0
LINE
8
BLACK
6
CONTINUOUS
10
0.8703237401574803
20
1.0113691732283465
11
0.8735168897637795
21
1.0135027559055119
0
LINE
8
BLACK
6
CONTINUOUS
10
0.8735168897637795
20
1.0135027559055119
11
0.8772834645669291
21
1.0142519685039371
0
LINE
8
BLACK
6
CONTINUOUS
10
0.8772834645669291
20
1.0142519685039371
11
0.9127165354330709
21
1.0142519685039371
0
LINE
8
BLACK
6
CONTINUOUS
10
0.9127165354330709
20
1.0142519685039371
11
0.9164831102362204
21
1.0135027559055119
0
LINE
8
BLACK
6
CONTINUOUS
10
0.9164831102362204
20
1.0135027559055119
11
0.9196762598425197
21
1.0113691732283465
0
LINE
8
BLACK
6
CONTINUOUS
10
0.9196762598425197
20
1.0113691732283465
11
0.921809842519685
21
1.0081760236220472
0
LINE
8
BLACK
6
CONTINUOUS
10
0.921809842519685
20
1.0081760236220472
11
0.9225590551181102
21
1.0044094488188977
0
LINE
8
BLACK
6
CONTINUOUS
10
0.9225590551181102
20
1.0044094488188977
11
0.9225590551181102
21
1.001259842519685
0
LINE
8
BLACK
6
CONTINUOUS
10
0.9225590551181102
20
1.001259842519685
11
0.9460462992125984
21
1.001259842519685
0
LINE
8
BLACK
6
CONTINUOUS
10
0.9460462992125984
20
1.001259842519685
11
0.9468635433070866
21
1.0024829133858268
0
LINE
8
BLACK
6
CONTINUOUS
10
0.9468635433070866
20
1.0024829133858268
11
0.9487794094488189
21
1.0037630708661418
0
LINE
8
BLACK
6
CONTINUOUS
10
0.9487794094488189
20
1.0037630708661418
11
0.9510393700787402
21
1.0042125984251968
0
LINE
8
BLACK
6
CONTINUOUS
10
0.9510393700787402
20
1.0042125984251968
11
0.9913937007874015
21
1.0042125984251968
0
LINE
8
BLACK
6
CONTINUOUS
10
0.9913937007874015
20
1.0042125984251968
11
0.9936536614173228
21
1.0037630708661418
0
LINE
8
BLACK
6
CONTINUOUS
10
0.9936536614173228
20
1.0037630708661418
11
0.9955695275590551
21
1.0024829133858268
0
LINE
8
BLACK
6
CONTINUOUS
10
0.9955695275590551
20
1.0024829133858268
11
0.9968496850393701
21
1.0005670472440944
0
LINE
8
BLACK
6
CONTINUOUS
10
0.9968496850393701
20
1.0005670472440944
11
0.9972992125984251
21
0.9983070866141732
0
LINE
8
BLACK
6
CONTINUOUS
10
0.9972992125984251
20
0.9983070866141732
11
0.9972992125984251
21
0.986496062992126
0
LINE
8
BLACK
6
CONTINUOUS
10
0.9972992125984251
20
0.986496062992126
11
0.9968496850393701
21
0.9842361023622047
0
LINE
8
BLACK
6
CONTINUOUS
10
0.9968496850393701
20
0.9842361023622047
11
0.9955695275590551
21
0.9823202362204724
0
LINE
8
BLACK
6
CONTINUOUS
10
0.9955695275590551
20
0.9823202362204724
11
0.9936536614173228
21
0.9810400787401574
0
LINE
8
BLACK
6
CONTINUOUS
10
0.9936536614173228
20
0.9810400787401574
11
0.9913937007874015
21
0.9805905511811024
0
LINE
8
BLACK
6
CONTINUOUS
10
0.9913937007874015
20
0.9805905511811024
11
0.9510393700787402
21
0.9805905511811024
0
LINE
8
BLACK
6
CONTINUOUS
10
0.9510393700787402
20
0.9805905511811024
11
0.9487794094488189
21
0.9810400787401574
0
LINE
8
BLACK
6
CONTINUOUS
10
0.9487794094488189
20
0.9810400787401574
11
0.9468635433070866
21
0.9823202362204724
0
LINE
8
BLACK
6
CONTINUOUS
10
0.9468635433070866
20
0.9823202362204724
11
0.9460462992125984
21
0.9835433070866142
0
LINE
8
BLACK
6
CONTINUOUS
10
0.9460462992125984
20
0.9835433070866142
11
0.9225198818897637
21
0.9835433070866142
0
LINE
8
BLACK
6
CONTINUOUS
10
0.9225198818897637
20
0.9835433070866142
11
0.921809842519685
21
0.9799735826771653
0
LINE
8
BLACK
6
CONTINUOUS
10
0.921809842519685
20
0.9799735826771653
11
0.9196762598425197
21
0.9767804330708661
0
LINE
8
BLACK
6
CONTINUOUS
10
0.9196762598425197
20
0.9767804330708661
11
0.9164831102362204
21
0.9746468503937008
0
LINE
8
BLACK
6
CONTINUOUS
10
0.9164831102362204
20
0.9746468503937008
11
0.9127165354330709
21
0.9738976377952756
0
LINE
8
BLACK
6
CONTINUOUS
10
0.9127165354330709
20
0.9738976377952756
11
0.9038582677165354
21
0.9738976377952756
0
LINE
8
BLACK
6
CONTINUOUS
10
0.9038582677165354
20
0.9738976377952756
11
0.9038582677165354
21
0.8588582677165354
0
LINE
8
BLACK
6
CONTINUOUS
10
0.9038582677165354
20
0.8588582677165354
11
0.9354330708661417
21
0.8588582677165354
0
LINE
8
BLACK
6
CONTINUOUS
10
0.9354330708661417
20
0.8588582677165354
11
0.9391996456692914
21
0.8581090551181102
0
LINE
8
BLACK
6
CONTINUOUS
10
0.9391996456692914
20
0.8581090551181102
11
0.9423927952755905
21
0.8559754724409449
0
LINE
8
BLACK
6
CONTINUOUS
10
0.9423927952755905
20
0.8559754724409449
11
0.9445263779527558
21
0.8527823228346456
0
LINE
8
BLACK
6
CONTINUOUS
10
0.9445263779527558
20
0.8527823228346456
11
0.945275590551181
21
0.849015748031496
0
LINE
8
BLACK
6
CONTINUOUS
10
0.945275590551181
20
0.849015748031496
11
0.945275590551181
21
0.7702755905511811
0
LINE
8
BLACK
6
CONTINUOUS
10
0.945275590551181
20
0.7702755905511811
11
0.9445263779527558
21
0.7665090157480314
0
LINE
8
BLACK
6
CONTINUOUS
10
0.9445263779527558
20
0.7665090157480314
11
0.9423927952755905
21
0.7633158661417323
0
LINE
8
BLACK
6
CONTINUOUS
10
0.9423927952755905
20
0.7633158661417323
11
0.9391996456692914
21
0.761182283464567
0
LINE
8
BLACK
6
CONTINUOUS
10
0.9391996456692914
20
0.761182283464567
11
0.9354330708661417
21
0.7604330708661418
0
LINE
8
BLACK
6
CONTINUOUS
10
0.9354330708661417
20
0.7604330708661418
11
0.8645669291338582
21
0.7604330708661418
0
LINE
8
BLACK
6
CONTINUOUS
10
0.8645669291338582
20
0.7604330708661418
11
0.8608003543307087
21
0.761182283464567
0
LINE
8
BLACK
6
CONTINUOUS
10
0.8608003543307087
20
0.761182283464567
11
0.8576072047244094
21
0.7633158661417323
0
LINE
8
BLACK
6
CONTINUOUS
10
0.8576072047244094
20
0.7633158661417323
11
0.8554736220472441
21
0.7665090157480314
0
LINE
8
BLACK
6
CONTINUOUS
10
0.8554736220472441
20
0.7665090157480314
11
0.8547244094488189
21
0.7702755905511811
0
LINE
8
BLACK
6
CONTINUOUS
10
0.8547244094488189
20
0.7702755905511811
11
0.8547244094488189
21
0.849015748031496
0
LINE
8
BLACK
6
CONTINUOUS
10
0.8547244094488189
20
0.849015748031496
11
0.8554736220472441
21
0.8527823228346456
0
LINE
8
BLACK
6
CONTINUOUS
10
0.8554736220472441
20
0.8527823228346456
11
0.8576072047244094
21
0.8559754724409449
0
LINE
8
BLACK
6
CONTINUOUS
10
0.8576072047244094
20
0.8559754724409449
11
0.8608003543307087
21
0.8581090551181102
0
LINE
8
BLACK
6
CONTINUOUS
10
0.8608003543307087
20
0.8581090551181102
11
0.8645669291338582
21
0.8588582677165354
0
LINE
8
BLACK
6
CONTINUOUS
10
0.8645669291338582
20
0.8588582677165354
11
0.8861417322834646
21
0.8588582677165354
0
LINE
8
BLACK
6
CONTINUOUS
10
0.8861417322834646
20
0.8588582677165354
11
0.8861417322834646
21
0.9738976377952756
0
LINE
8
BLACK
6
CONTINUOUS
10
0.8861417322834646
20
0.9738976377952756
11
0.8772834645669291
21
0.9738976377952756
0
LINE
8
BLACK
6
CONTINUOUS
10
0.8772834645669291
20
0.9738976377952756
11
0.8735168897637795
21
0.9746468503937008
0
LINE
8
BLACK
6
CONTINUOUS
10
0.8735168897637795
20
0.9746468503937008
11
0.8703237401574803
21
0.9767804330708661
0
LINE
8
BLACK
6
CONTINUOUS
10
0.8703237401574803
20
0.9767804330708661
11
0.8681901574803149
21
0.9799735826771653
0
LINE
8
BLACK
6
CONTINUOUS
10
0.8681901574803149
20
0.9799735826771653
11
0.8674409448818897
21
0.983740157480315
0
LINE
8
BLACK
6
CONTINUOUS
10
0.8674409448818897
20
0.983740157480315
11
0.8674409448818897
21
0.9911417322834646
0
LINE
8
BLACK
6
CONTINUOUS
10
0.8674409448818897
20
0.9911417322834646
11
0.6370866141732283
21
0.9911417322834646
0
LINE
8
BLACK
6
CONTINUOUS
10
0.6370866141732283
20
0.9911417322834646
11
0.6370866141732283
21
0.9812992125984251
0
LINE
8
BLACK
6
CONTINUOUS
10
0.6370866141732283
20
0.9812992125984251
11
0.6363374015748031
21
0.9775326377952755
0
LINE
8
BLACK
6
CONTINUOUS
10
0.6363374015748031
20
0.9775326377952755
11
0.6342038188976378
21
0.9743394881889763
0
LINE
8
BLACK
6
CONTINUOUS
10
0.6342038188976378
20
0.9743394881889763
11
0.6310106692913385
21
0.972205905511811
0
LINE
8
BLACK
6
CONTINUOUS
10
0.6310106692913385
20
0.972205905511811
11
0.627244094488189
21
0.9714566929133858
0
LINE
8
BLACK
6
CONTINUOUS
10
0.627244094488189
20
0.9714566929133858
11
0.6075590551181103
21
0.9714566929133858
0
LINE
8
BLACK
6
CONTINUOUS
10
0.6075590551181103
20
0.9714566929133858
11
0.6037924803149606
21
0.972205905511811
0
LINE
8
BLACK
6
CONTINUOUS
10
0.6037924803149606
20
0.972205905511811
11
0.6005993307086614
21
0.9743394881889763
0
LINE
8
BLACK
6
CONTINUOUS
10
0.6005993307086614
20
0.9743394881889763
11
0.5984657480314961
21
0.9775326377952755
0
LINE
8
BLACK
6
CONTINUOUS
10
0.5984657480314961
20
0.9775326377952755
11
0.5977165354330709
21
0.9812992125984251
0
LINE
8
BLACK
6
CONTINUOUS
10
0.5977165354330709
20
0.9812992125984251
11
0.5977165354330709
21
1.0187007874015748
0
LINE
8
BLACK
6
CONTINUOUS
10
0.5977165354330709
20
1.0187007874015748
11
0.5984657480314961
21
1.0224673622047245
0
LINE
8
BLACK
6
CONTINUOUS
10
0.5984657480314961
20
1.0224673622047245
11
0.6005993307086614
21
1.0256605118110236
0
LINE
8
BLACK
6
CONTINUOUS
10
0.6005993307086614
20
1.0256605118110236
11
0.6037924803149606
21
1.0277940944881889
0
LINE
8
BLACK
6
CONTINUOUS
10
0.6037924803149606
20
1.0277940944881889
11
0.6075590551181103
21
1.0285433070866141
0
LINE
8
BLACK
6
CONTINUOUS
10
0.6075590551181103
20
1.0285433070866141
11
0.627244094488189
21
1.0285433070866141
0
LINE
8
BLACK
6
CONTINUOUS
10
0.627244094488189
20
1.0285433070866141
11
0.6310106692913385
21
1.0277940944881889
0
LINE
8
BLACK
6
CONTINUOUS
10
2.078906968503937
20
0.962473031496063
11
2.0807083464566927
21
0.9603941338582677
0
LINE
8
BLACK
6
CONTINUOUS
10
2.0807083464566927
20
0.9603941338582677
11
2.0810187795275592
21
0.9592315354330708
0
LINE
8
BLACK
6
CONTINUOUS
10
2.0810187795275592
20
0.9592315354330708
11
2.0810529133858267
21
0.9592389763779527
0
LINE
8
BLACK
6
CONTINUOUS
10
2.0810529133858267
20
0.9592389763779527
11
2.0811162598425197
21
0.9589487795275591
0
LINE
8
BLACK
6
CONTINUOUS
10
2.0811162598425197
20
0.9589487795275591
11
2.0826770472440943
21
0.9544884251968504
0
LINE
8
BLACK
6
CONTINUOUS
10
2.0826770472440943
20
0.9544884251968504
11
2.0828821653543308
21
0.953902283464567
0
LINE
8
BLACK
6
CONTINUOUS
10
2.0828821653543308
20
0.953902283464567
11
2.086057086614173
21
0.9496003937007874
0
LINE
8
BLACK
6
CONTINUOUS
10
2.086057086614173
20
0.9496003937007874
11
2.0903589763779529
21
0.9464254724409449
0
LINE
8
BLACK
6
CONTINUOUS
10
2.0903589763779529
20
0.9464254724409449
11
2.0920411417322833
21
0.9458368503937008
0
LINE
8
BLACK
6
CONTINUOUS
10
2.0920411417322833
20
0.9458368503937008
11
2.095405472440945
21
0.9446596062992125
0
LINE
8
BLACK
6
CONTINUOUS
10
2.095405472440945
20
0.9446596062992125
11
2.0966035433070864
21
0.9445472440944882
0
LINE
8
BLACK
6
CONTINUOUS
10
2.0966035433070864
20
0.9445472440944882
11
2.0966037007874014
21
0.9445472440944882
0
LINE
8
BLACK
6
CONTINUOUS
10
2.0966037007874014
20
0.9445472440944882
11
2.1040516535433071
21
0.9445472440944882
0
LINE
8
BLACK
6
CONTINUOUS
10
2.1040516535433071
20
0.9445472440944882
11
2.1066909842519683
21
0.9437722440944881
0
LINE
8
BLACK
6
CONTINUOUS
10
2.1066909842519683
20
0.9437722440944881
11
2.1084923622047245
21
0.9416933464566929
0
LINE
8
BLACK
6
CONTINUOUS
10
2.1084923622047245
20
0.9416933464566929
11
2.1088838582677165
21
0.938970590551181
0
LINE
8
BLACK
6
CONTINUOUS
10
2.1088838582677165
20
0.938970590551181
11
2.1077411417322836
21
0.9364683858267716
0
LINE
8
BLACK
6
CONTINUOUS
10
2.1077411417322836
20
0.9364683858267716
11
2.1075036614173226
21
0.9362133464566929
0
LINE
8
BLACK
6
CONTINUOUS
10
2.1075036614173226
20
0.9362133464566929
11
2.1063195669291339
21
0.9350292913385827
0
LINE
8
BLACK
6
CONTINUOUS
10
2.1063195669291339
20
0.9350292913385827
11
2.1063194094488189
21
0.9350290551181102
0
LINE
8
BLACK
6
CONTINUOUS
10
2.1063194094488189
20
0.9350290551181102
11
2.1041140944881889
21
0.9312093700787402
0
LINE
8
BLACK
6
CONTINUOUS
10
2.1041140944881889
20
0.9312093700787402
11
2.1041140551181101
21
0.9312092519685039
0
LINE
8
BLACK
6
CONTINUOUS
10
2.1041140551181101
20
0.9312092519685039
11
2.1029724409448818
21
0.9269486614173228
0
LINE
8
BLACK
6
CONTINUOUS
10
2.1029724409448818
20
0.9269486614173228
11
2.1029724409448818
21
0.8650794488188976
0
LINE
8
BLACK
6
CONTINUOUS
10
2.1029724409448818
20
0.8650794488188976
11
2.1029724409448818
21
0.8606685826771653
0
LINE
8
BLACK
6
CONTINUOUS
10
2.1029724409448818
20
0.8606685826771653
11
2.1036561417322832
21
0.8581170472440944
0
LINE
8
BLACK
6
CONTINUOUS
10
2.1036561417322832
20
0.8581170472440944
11
2.1041140551181101
21
0.8564080314960629
0
LINE
8
BLACK
6
CONTINUOUS
10
2.1041140551181101
20
0.8564080314960629
11
2.1041140944881889
21
0.8564079133858268
0
LINE
8
BLACK
6
CONTINUOUS
10
2.1041140944881889
20
0.8564079133858268
11
2.1044808661417322
21
0.8557726771653543
0
LINE
8
BLACK
6
CONTINUOUS
10
2.1044808661417322
20
0.8557726771653543
11
2.1063194881889764
21
0.8525880708661417
0
LINE
8
BLACK
6
CONTINUOUS
10
2.1063194881889764
20
0.8525880708661417
11
2.1063195669291339
21
0.8525879921259842
0
LINE
8
BLACK
6
CONTINUOUS
10
2.1063195669291339
20
0.8525879921259842
11
2.1271331102362203
21
0.8317744488188976
0
LINE
8
BLACK
6
CONTINUOUS
10
2.1271331102362203
20
0.8317744488188976
11
2.1284514173228346
21
0.829360157480315
0
LINE
8
BLACK
6
CONTINUOUS
10
2.1284514173228346
20
0.829360157480315
11
2.1285629921259841
21
0.8283224409448818
0
LINE
8
BLACK
6
CONTINUOUS
10
2.1285629921259841
20
0.8283224409448818
11
2.1285629921259841
21
0.8056193307086614
0
LINE
8
BLACK
6
CONTINUOUS
10
2.1285629921259841
20
0.8056193307086614
11
2.1286753149606299
21
0.8044212992125984
0
LINE
8
BLACK
6
CONTINUOUS
10
2.1286753149606299
20
0.8044212992125984
11
2.1286753149606299
21
0.8044212204724409
0
LINE
8
BLACK
6
CONTINUOUS
10
2.1286753149606299
20
0.8044212204724409
11
2.1304411811023622
21
0.7993748031496063
0
LINE
8
BLACK
6
CONTINUOUS
10
2.1304411811023622
20
0.7993748031496063
11
2.130441220472441
21
0.7993747244094488
0
LINE
8
BLACK
6
CONTINUOUS
10
2.130441220472441
20
0.7993747244094488
11
2.1336161417322832
21
0.7950728346456692
0
LINE
8
BLACK
6
CONTINUOUS
10
2.1336161417322832
20
0.7950728346456692
11
2.1379180314960631
21
0.7918979133858267
0
LINE
8
BLACK
6
CONTINUOUS
10
2.1379180314960631
20
0.7918979133858267
11
2.1379181889763781
21
0.791897874015748
0
LINE
8
BLACK
6
CONTINUOUS
10
2.1379181889763781
20
0.791897874015748
11
2.1380726771653542
21
0.7918162204724409
0
LINE
8
BLACK
6
CONTINUOUS
10
2.1380726771653542
20
0.7918162204724409
11
2.1382105905511812
21
0.7916820078740158
0
LINE
8
BLACK
6
CONTINUOUS
10
2.1382105905511812
20
0.7916820078740158
11
2.138212401574803
21
0.7916806692913385
0
LINE
8
BLACK
6
CONTINUOUS
10
2.138212401574803
20
0.7916806692913385
11
2.1382122047244092
21
0.7916804330708661
0
LINE
8
BLACK
6
CONTINUOUS
10
2.1382122047244092
20
0.7916804330708661
11
2.1400440944881889
21
0.7898977952755906
0
LINE
8
BLACK
6
CONTINUOUS
10
2.1400440944881889
20
0.7898977952755906
11
2.1406653543307086
21
0.7872181102362205
0
LINE
8
BLACK
6
CONTINUOUS
10
2.1406653543307086
20
0.7872181102362205
11
2.1397392519685039
21
0.7846279133858267
0
LINE
8
BLACK
6
CONTINUOUS
10
2.1397392519685039
20
0.7846279133858267
11
2.1380726771653542
21
0.783183779527559
0
LINE
8
BLACK
6
CONTINUOUS
10
2.1380726771653542
20
0.783183779527559
11
2.1379178740157481
21
0.7831020078740157
0
LINE
8
BLACK
6
CONTINUOUS
10
2.1379178740157481
20
0.7831020078740157
11
2.1336160629921261
21
0.779927125984252
0
LINE
8
BLACK
6
CONTINUOUS
10
2.1336160629921261
20
0.779927125984252
11
2.1308185039370078
21
0.7761364960629921
0
LINE
8
BLACK
6
CONTINUOUS
10
2.1308185039370078
20
0.7761364960629921
11
2.1286276771653543
21
0.7744730708661417
0
LINE
8
BLACK
6
CONTINUOUS
10
2.1286276771653543
20
0.7744730708661417
11
2.1268905511811025
21
0.7741535433070866
0
LINE
8
BLACK
6
CONTINUOUS
10
2.1268905511811025
20
0.7741535433070866
11
2.0129724409448819
21
0.7741535433070866
0
LINE
8
BLACK
6
CONTINUOUS
10
2.0129724409448819
20
0.7741535433070866
11
2.0103331102362203
21
0.7749285433070866
0
LINE
8
BLACK
6
CONTINUOUS
10
2.0103331102362203
20
0.7749285433070866
11
2.0085317322834646
21
0.7770074409448818
0
LINE
8
BLACK
6
CONTINUOUS
10
2.0085317322834646
20
0.7770074409448818
11
2.0080905511811022
21
0.7790354330708661
0
LINE
8
BLACK
6
CONTINUOUS
10
2.0080905511811022
20
0.7790354330708661
11
2.0080905511811022
21
0.7825196850393701
0
LINE
8
BLACK
6
CONTINUOUS
10
2.0080905511811022
20
0.7825196850393701
11
2.0088655511811022
21
0.7851590157480315
0
LINE
8
BLACK
6
CONTINUOUS
10
2.0088655511811022
20
0.7851590157480315
11
2.0109444488188974
21
0.7869603937007874
0
LINE
8
BLACK
6
CONTINUOUS
10
2.0109444488188974
20
0.7869603937007874
11
2.0129724409448819
21
0.7874015748031495
0
LINE
8
BLACK
6
CONTINUOUS
10
2.0129724409448819
20
0.7874015748031495
11
2.0161417322834647
21
0.7874015748031495
0
LINE
8
BLACK
6
CONTINUOUS
10
2.0161417322834647
20
0.7874015748031495
11
2.0161417322834647
21
0.8070866141732284
0
LINE
8
BLACK
6
CONTINUOUS
10
2.0161417322834647
20
0.8070866141732284
11
2.0062992125984254
21
0.8070866141732284
0
LINE
8
BLACK
6
CONTINUOUS
10
2.0062992125984254
20
0.8070866141732284
11
2.0062992125984254
21
0.9566929133858267
0
LINE
8
BLACK
6
CONTINUOUS
10
2.0062992125984254
20
0.9566929133858267
11
2.0456692913385828
21
0.9566929133858267
0
LINE
8
BLACK
6
CONTINUOUS
10
2.0456692913385828
20
0.9566929133858267
11
2.0456692913385828
21
0.8917322834645669
0
LINE
8
BLACK
6
CONTINUOUS
10
2.0456692913385828
20
0.8917322834645669
11
2.0653543307086615
21
0.8917322834645669
0
LINE
8
BLACK
6
CONTINUOUS
10
2.0653543307086615
20
0.8917322834645669
11
2.0653543307086615
21
0.9583661417322834
0
LINE
8
BLACK
6
CONTINUOUS
10
2.0653543307086615
20
0.9583661417322834
11
2.0661293307086614
21
0.9610054724409448
0
LINE
8
BLACK
6
CONTINUOUS
10
2.0661293307086614
20
0.9610054724409448
11
2.0682082283464567
21
0.9628068503937007
0
LINE
8
BLACK
6
CONTINUOUS
10
2.0682082283464567
20
0.9628068503937007
11
2.0702362204724407
21
0.963248031496063
0
LINE
8
BLACK
6
CONTINUOUS
10
2.0702362204724407
20
0.963248031496063
11
2.0762676377952753
21
0.963248031496063
0
LINE
8
BLACK
6
CONTINUOUS
10
2.0762676377952753
20
0.963248031496063
11
2.078906968503937
21
0.962473031496063
0
LINE
8
BLACK
6
CONTINUOUS
10
2.047552283464567
20
0.7874015748031495
11
2.0475529133858266
21
0.7874016141732283
0
LINE
8
BLACK
6
CONTINUOUS
10
2.0475529133858266
20
0.7874016141732283
11
2.0498965354330707
21
0.7876536220472441
0
LINE
8
BLACK
6
CONTINUOUS
10
2.0498965354330707
20
0.7876536220472441
11
2.049896811023622
21
0.7876537007874016
0
LINE
8
BLACK
6
CONTINUOUS
10
2.049896811023622
20
0.7876537007874016
11
2.0552002362204722
21
0.7896317322834645
0
LINE
8
BLACK
6
CONTINUOUS
10
2.0552002362204722
20
0.7896317322834645
11
2.0552005118110235
21
0.7896318897637795
0
LINE
8
BLACK
6
CONTINUOUS
10
2.0552005118110235
20
0.7896318897637795
11
2.059731771653543
21
0.7930240157480315
0
LINE
8
BLACK
6
CONTINUOUS
10
2.059731771653543
20
0.7930240157480315
11
2.0597318897637793
21
0.7930241338582676
0
LINE
8
BLACK
6
CONTINUOUS
10
2.0597318897637793
20
0.7930241338582676
11
2.0631240157480315
21
0.7975553937007874
0
LINE
8
BLACK
6
CONTINUOUS
10
2.0631240157480315
20
0.7975553937007874
11
2.0631241732283465
21
0.7975556692913386
0
LINE
8
BLACK
6
CONTINUOUS
10
2.0631241732283465
20
0.7975556692913386
11
2.0651022047244094
21
0.8028590944881889
0
LINE
8
BLACK
6
CONTINUOUS
10
2.0651022047244094
20
0.8028590944881889
11
2.0651022834645669
21
0.8028593700787401
0
LINE
8
BLACK
6
CONTINUOUS
10
2.0651022834645669
20
0.8028593700787401
11
2.0653542913385827
21
0.8052029921259842
0
LINE
8
BLACK
6
CONTINUOUS
10
2.0653542913385827
20
0.8052029921259842
11
2.0653543307086615
21
0.8052036614173228
0
LINE
8
BLACK
6
CONTINUOUS
10
2.0653543307086615
20
0.8052036614173228
11
2.0653543307086615
21
0.8720472440944882
0
LINE
8
BLACK
6
CONTINUOUS
10
2.0653543307086615
20
0.8720472440944882
11
2.0456692913385828
21
0.8720472440944882
0
LINE
8
BLACK
6
CONTINUOUS
10
2.0456692913385828
20
0.8720472440944882
11
2.0456692913385828
21
0.8070866141732284
0
LINE
8
BLACK
6
CONTINUOUS
10
2.0456692913385828
20
0.8070866141732284
11
2.0358267716535434
21
0.8070866141732284
0
LINE
8
BLACK
6
CONTINUOUS
10
2.0358267716535434
20
0.8070866141732284
11
2.0358267716535434
21
0.7874015748031495
0
LINE
8
BLACK
6
CONTINUOUS
10
2.0358267716535434
20
0.7874015748031495
11
2.047552283464567
21
0.7874015748031495
0
LINE
8
BLACK
6
CONTINUOUS
10
1.5716923228346455
20
1.0872574409448819
11
1.5728099212598425
21
1.0865107086614172
0
LINE
8
BLACK
6
CONTINUOUS
10
1.5728099212598425
20
1.0865107086614172
11
1.573556653543307
21
1.0853931102362204
0
LINE
8
BLACK
6
CONTINUOUS
10
1.573556653543307
20
1.0853931102362204
11
1.5738188976377951
21
1.0840748031496064
0
LINE
8
BLACK
6
CONTINUOUS
10
1.5738188976377951
20
1.0840748031496064
11
1.5738188976377951
21
1.0771850393700788
0
LINE
8
BLACK
6
CONTINUOUS
10
1.5738188976377951
20
1.0771850393700788
11
1.573556653543307
21
1.0758667322834645
0
LINE
8
BLACK
6
CONTINUOUS
10
1.573556653543307
20
1.0758667322834645
11
1.5728099212598425
21
1.0747491338582678
0
LINE
8
BLACK
6
CONTINUOUS
10
1.5728099212598425
20
1.0747491338582678
11
1.5716923228346455
21
1.0740024015748031
0
LINE
8
BLACK
6
CONTINUOUS
10
1.5716923228346455
20
1.0740024015748031
11
1.5703740157480315
21
1.0737401574803149
0
LINE
8
BLACK
6
CONTINUOUS
10
1.5703740157480315
20
1.0737401574803149
11
1.5457677165354331
21
1.0737401574803149
0
LINE
8
BLACK
6
CONTINUOUS
10
1.5457677165354331
20
1.0737401574803149
11
1.5457677165354331
21
1.0646038582677164
0
LINE
8
BLACK
6
CONTINUOUS
10
1.5457677165354331
20
1.0646038582677164
11
1.5467520866141733
21
1.0641961023622046
0
LINE
8
BLACK
6
CONTINUOUS
10
1.5467520866141733
20
1.0641961023622046
11
1.5491961023622047
21
1.0617520866141732
0
LINE
8
BLACK
6
CONTINUOUS
10
1.5491961023622047
20
1.0617520866141732
11
1.550518779527559
21
1.0585588582677166
0
LINE
8
BLACK
6
CONTINUOUS
10
1.550518779527559
20
1.0585588582677166
11
1.5506889763779528
21
1.0568307086614173
0
LINE
8
BLACK
6
CONTINUOUS
10
1.5506889763779528
20
1.0568307086614173
11
1.5506889763779528
21
0.9718385039370079
0
LINE
8
BLACK
6
CONTINUOUS
10
1.5506889763779528
20
0.9718385039370079
11
1.6236692125984251
21
0.8988582677165354
0
LINE
8
BLACK
6
CONTINUOUS
10
1.6236692125984251
20
0.8988582677165354
11
1.8943307874015747
21
0.8988582677165354
0
LINE
8
BLACK
6
CONTINUOUS
10
1.8943307874015747
20
0.8988582677165354
11
1.9817362598425197
21
0.9862637401574803
0
LINE
8
BLACK
6
CONTINUOUS
10
1.9817362598425197
20
0.9862637401574803
11
1.9830785826771653
21
0.9873653937007874
0
LINE
8
BLACK
6
CONTINUOUS
10
1.9830785826771653
20
0.9873653937007874
11
1.9862718110236219
21
0.9886880708661417
0
LINE
8
BLACK
6
CONTINUOUS
10
1.9862718110236219
20
0.9886880708661417
11
1.9862718503937007
21
0.9886880708661417
0
LINE
8
BLACK
6
CONTINUOUS
10
1.9862718503937007
20
0.9886880708661417
11
1.988
21
0.9888582677165354
0
LINE
8
BLACK
6
CONTINUOUS
10
1.988
20
0.9888582677165354
11
2.0888976377952755
21
0.9888582677165354
0
LINE
8
BLACK
6
CONTINUOUS
10
2.0888976377952755
20
0.9888582677165354
11
2.0888976377952755
21
0.9977165354330708
0
LINE
8
BLACK
6
CONTINUOUS
10
2.0888976377952755
20
0.9977165354330708
11
2.0896468503937009
21
1.0014831102362205
0
LINE
8
BLACK
6
CONTINUOUS
10
2.0896468503937009
20
1.0014831102362205
11
2.0917804330708663
21
1.0046762598425196
0
LINE
8
BLACK
6
CONTINUOUS
10
2.0917804330708663
20
1.0046762598425196
11
2.0949735826771652
21
1.006809842519685
0
LINE
8
BLACK
6
CONTINUOUS
10
2.0949735826771652
20
1.006809842519685
11
2.0987401574803148
21
1.0075590551181102
0
LINE
8
BLACK
6
CONTINUOUS
10
2.0987401574803148
20
1.0075590551181102
11
2.1194094488188977
21
1.0075590551181102
0
LINE
8
BLACK
6
CONTINUOUS
10
2.1194094488188977
20
1.0075590551181102
11
2.1231760236220474
21
1.006809842519685
0
LINE
8
BLACK
6
CONTINUOUS
10
2.1231760236220474
20
1.006809842519685
11
2.1263691732283463
21
1.0046762598425196
0
LINE
8
BLACK
6
CONTINUOUS
10
2.1263691732283463
20
1.0046762598425196
11
2.1285027559055116
21
1.0014831102362205
0
LINE
8
BLACK
6
CONTINUOUS
10
2.1285027559055116
20
1.0014831102362205
11
2.1292519685039371
21
0.9977165354330708
0
LINE
8
BLACK
6
CONTINUOUS
10
2.1292519685039371
20
0.9977165354330708
11
2.1292519685039371
21
0.9622834645669291
0
LINE
8
BLACK
6
CONTINUOUS
10
2.1292519685039371
20
0.9622834645669291
11
2.1285027559055116
21
0.9585168897637795
0
LINE
8
BLACK
6
CONTINUOUS
10
2.1285027559055116
20
0.9585168897637795
11
2.1263691732283463
21
0.9553237401574803
0
LINE
8
BLACK
6
CONTINUOUS
10
2.1263691732283463
20
0.9553237401574803
11
2.1231760236220474
21
0.953190157480315
0
LINE
8
BLACK
6
CONTINUOUS
10
2.1231760236220474
20
0.953190157480315
11
2.1194094488188977
21
0.9524409448818898
0
LINE
8
BLACK
6
CONTINUOUS
10
2.1194094488188977
20
0.9524409448818898
11
2.0987401574803148
21
0.9524409448818898
0
LINE
8
BLACK
6
CONTINUOUS
10
2.0987401574803148
20
0.9524409448818898
11
2.0949735826771652
21
0.953190157480315
0
LINE
8
BLACK
6
CONTINUOUS
10
2.0949735826771652
20
0.953190157480315
11
2.0917804330708663
21
0.9553237401574803
0
LINE
8
BLACK
6
CONTINUOUS
10
2.0917804330708663
20
0.9553237401574803
11
2.0896468503937009
21
0.9585168897637795
0
LINE
8
BLACK
6
CONTINUOUS
10
2.0896468503937009
20
0.9585168897637795
11
2.0888976377952755
21
0.9622834645669291
0
LINE
8
BLACK
6
CONTINUOUS
10
2.0888976377952755
20
0.9622834645669291
11
2.0888976377952755
21
0.9711417322834646
0
LINE
8
BLACK
6
CONTINUOUS
10
2.0888976377952755
20
0.9711417322834646
11
1.9916692125984252
21
0.9711417322834646
0
LINE
8
BLACK
6
CONTINUOUS
10
1.9916692125984252
20
0.9711417322834646
11
1.9042637401574802
21
0.8837362598425197
0
LINE
8
BLACK
6
CONTINUOUS
10
1.9042637401574802
20
0.8837362598425197
11
1.9029214173228346
21
0.8826346062992125
0
LINE
8
BLACK
6
CONTINUOUS
10
1.9029214173228346
20
0.8826346062992125
11
1.899728188976378
21
0.8813119291338583
0
LINE
8
BLACK
6
CONTINUOUS
10
1.899728188976378
20
0.8813119291338583
11
1.8997281496062992
21
0.8813119291338583
0
LINE
8
BLACK
6
CONTINUOUS
10
1.8997281496062992
20
0.8813119291338583
11
1.8979999999999999
21
0.8811417322834646
0
LINE
8
BLACK
6
CONTINUOUS
10
1.8979999999999999
20
0.8811417322834646
11
1.6199999999999999
21
0.8811417322834646
0
LINE
8
BLACK
6
CONTINUOUS
10
1.6199999999999999
20
0.8811417322834646
11
1.6182718503937008
21
0.8813119291338583
0
LINE
8
BLACK
6
CONTINUOUS
10
1.6182718503937008
20
0.8813119291338583
11
1.6182718110236221
21
0.8813119291338583
0
LINE
8
BLACK
6
CONTINUOUS
10
1.6182718110236221
20
0.8813119291338583
11
1.6150785826771654
21
0.8826346062992125
0
LINE
8
BLACK
6
CONTINUOUS
10
1.6150785826771654
20
0.8826346062992125
11
1.6137362598425196
21
0.8837362598425197
0
LINE
8
BLACK
6
CONTINUOUS
10
1.6137362598425196
20
0.8837362598425197
11
1.535566968503937
21
0.9619055511811023
0
LINE
8
BLACK
6
CONTINUOUS
10
1.535566968503937
20
0.9619055511811023
11
1.53446531496063
21
0.963247874015748
0
LINE
8
BLACK
6
CONTINUOUS
10
1.53446531496063
20
0.963247874015748
11
1.5331426377952755
21
0.9664411023622047
0
LINE
8
BLACK
6
CONTINUOUS
10
1.5331426377952755
20
0.9664411023622047
11
1.5331426377952755
21
0.9664411417322835
0
LINE
8
BLACK
6
CONTINUOUS
10
1.5331426377952755
20
0.9664411417322835
11
1.5329724409448819
21
0.9681692913385826
0
LINE
8
BLACK
6
CONTINUOUS
10
1.5329724409448819
20
0.9681692913385826
11
1.5329724409448819
21
1.0568307086614173
0
LINE
8
BLACK
6
CONTINUOUS
10
1.5329724409448819
20
1.0568307086614173
11
1.5331426377952755
21
1.0585588582677166
0
LINE
8
BLACK
6
CONTINUOUS
10
1.5331426377952755
20
1.0585588582677166
11
1.53446531496063
21
1.0617520866141732
0
LINE
8
BLACK
6
CONTINUOUS
10
1.53446531496063
20
1.0617520866141732
11
1.5369093307086614
21
1.0641961023622046
0
LINE
8
BLACK
6
CONTINUOUS
10
1.5369093307086614
20
1.0641961023622046
11
1.5378937007874016
21
1.0646038582677164
0
LINE
8
BLACK
6
CONTINUOUS
10
1.5378937007874016
20
1.0646038582677164
11
1.5378937007874016
21
1.0737401574803149
0
LINE
8
BLACK
6
CONTINUOUS
10
1.5378937007874016
20
1.0737401574803149
11
1.513287401574803
21
1.0737401574803149
0
LINE
8
BLACK
6
CONTINUOUS
10
1.513287401574803
20
1.0737401574803149
11
1.5119690944881889
21
1.0740024015748031
0
LINE
8
BLACK
6
CONTINUOUS
10
1.5119690944881889
20
1.0740024015748031
11
1.5108514960629922
21
1.0747491338582678
0
LINE
8
BLACK
6
CONTINUOUS
10
1.5108514960629922
20
1.0747491338582678
11
1.5101047637795275
21
1.0758667322834645
0
LINE
8
BLACK
6
CONTINUOUS
10
1.5101047637795275
20
1.0758667322834645
11
1.5098425196850394
21
1.0771850393700788
0
LINE
8
BLACK
6
CONTINUOUS
10
1.5098425196850394
20
1.0771850393700788
11
1.5098425196850394
21
1.0840748031496064
0
LINE
8
BLACK
6
CONTINUOUS
10
1.5098425196850394
20
1.0840748031496064
11
1.5101047637795275
21
1.0853931102362204
0
LINE
8
BLACK
6
CONTINUOUS
10
1.5101047637795275
20
1.0853931102362204
11
1.5108514960629922
21
1.0865107086614172
0
LINE
8
BLACK
6
CONTINUOUS
10
1.5108514960629922
20
1.0865107086614172
11
1.5119690944881889
21
1.0872574409448819
0
LINE
8
BLACK
6
CONTINUOUS
10
1.5119690944881889
20
1.0872574409448819
11
1.513287401574803
21
1.08751968503937
0
LINE
8
BLACK
6
CONTINUOUS
10
1.513287401574803
20
1.08751968503937
11
1.5703740157480315
21
1.08751968503937
0
LINE
8
BLACK
6
CONTINUOUS
10
1.5703740157480315
20
1.08751968503937
11
1.5716923228346455
21
1.0872574409448819
0
LINE
8
BLACK
6
CONTINUOUS
10
1.1160264173228347
20
1.179809842519685
11
1.1192195669291338
21
1.1776762598425197
0
LINE
8
BLACK
6
CONTINUOUS
10
1.1192195669291338
20
1.1776762598425197
11
1.1213531496062992
21
1.1744831102362205
0
LINE
8
BLACK
6
CONTINUOUS
10
1.1213531496062992
20
1.1744831102362205
11
1.1221023622047244
21
1.1707165354330709
0
LINE
8
BLACK
6
CONTINUOUS
10
1.1221023622047244
20
1.1707165354330709
11
1.1221023622047244
21
1.1352834645669292
0
LINE
8
BLACK
6
CONTINUOUS
10
1.1221023622047244
20
1.1352834645669292
11
1.1213531496062992
21
1.1315168897637795
0
LINE
8
BLACK
6
CONTINUOUS
10
1.1213531496062992
20
1.1315168897637795
11
1.1192195669291338
21
1.1283237401574804
0
LINE
8
BLACK
6
CONTINUOUS
10
1.1192195669291338
20
1.1283237401574804
11
1.1160264173228347
21
1.126190157480315
0
LINE
8
BLACK
6
CONTINUOUS
10
1.1160264173228347
20
1.126190157480315
11
1.112259842519685
21
1.1254409448818898
0
LINE
8
BLACK
6
CONTINUOUS
10
1.112259842519685
20
1.1254409448818898
11
1.112259842519685
21
1.0995433070866141
0
LINE
8
BLACK
6
CONTINUOUS
10
1.112259842519685
20
1.0995433070866141
11
1.113244094488189
21
1.0995433070866141
0
LINE
8
BLACK
6
CONTINUOUS
10
1.113244094488189
20
1.0995433070866141
11
1.1170106692913386
21
1.0987940944881889
0
LINE
8
BLACK
6
CONTINUOUS
10
1.1170106692913386
20
1.0987940944881889
11
1.1202038188976378
21
1.0966605118110235
0
LINE
8
BLACK
6
CONTINUOUS
10
1.1202038188976378
20
1.0966605118110235
11
1.1223374015748031
21
1.0934673622047244
0
LINE
8
BLACK
6
CONTINUOUS
10
1.1223374015748031
20
1.0934673622047244
11
1.1230866141732283
21
1.0897007874015747
0
LINE
8
BLACK
6
CONTINUOUS
10
1.1230866141732283
20
1.0897007874015747
11
1.1230866141732283
21
1.0522992125984252
0
LINE
8
BLACK
6
CONTINUOUS
10
1.1230866141732283
20
1.0522992125984252
11
1.1223374015748031
21
1.0485326377952755
0
LINE
8
BLACK
6
CONTINUOUS
10
1.1223374015748031
20
1.0485326377952755
11
1.1202038188976378
21
1.0453394881889764
0
LINE
8
BLACK
6
CONTINUOUS
10
1.1202038188976378
20
1.0453394881889764
11
1.1178582677165354
21
1.0437722834645669
0
LINE
8
BLACK
6
CONTINUOUS
10
1.1178582677165354
20
1.0437722834645669
11
1.1178582677165354
21
0.9648425196850393
0
LINE
8
BLACK
6
CONTINUOUS
10
1.1178582677165354
20
0.9648425196850393
11
1.3623150393700787
21
0.9648425196850393
0
LINE
8
BLACK
6
CONTINUOUS
10
1.3623150393700787
20
0.9648425196850393
11
1.4737362598425197
21
1.0762637401574804
0
LINE
8
BLACK
6
CONTINUOUS
10
1.4737362598425197
20
1.0762637401574804
11
1.4750785826771653
21
1.0773653937007874
0
LINE
8
BLACK
6
CONTINUOUS
10
1.4750785826771653
20
1.0773653937007874
11
1.4776003149606298
21
1.0784099606299213
0
LINE
8
BLACK
6
CONTINUOUS
10
1.4776003149606298
20
1.0784099606299213
11
1.5029852362204723
21
1.1037948818897638
0
LINE
8
BLACK
6
CONTINUOUS
10
1.5029852362204723
20
1.1037948818897638
11
1.5037309842519684
21
1.1044068897637795
0
LINE
8
BLACK
6
CONTINUOUS
10
1.5037309842519684
20
1.1044068897637795
11
1.5055049606299211
21
1.1051416929133857
0
LINE
8
BLACK
6
CONTINUOUS
10
1.5055049606299211
20
1.1051416929133857
11
1.5055049999999999
21
1.1051416929133857
0
LINE
8
BLACK
6
CONTINUOUS
10
1.5055049999999999
20
1.1051416929133857
11
1.5064650787401574
21
1.1052362598425196
0
LINE
8
BLACK
6
CONTINUOUS
10
1.5064650787401574
20
1.1052362598425196
11
1.5102103937007874
21
1.1052362598425196
0
LINE
8
BLACK
6
CONTINUOUS
10
1.5102103937007874
20
1.1052362598425196
11
1.5108514960629922
21
1.1061957480314961
0
LINE
8
BLACK
6
CONTINUOUS
10
1.5108514960629922
20
1.1061957480314961
11
1.5119690944881889
21
1.1069424803149606
0
LINE
8
BLACK
6
CONTINUOUS
10
1.5119690944881889
20
1.1069424803149606
11
1.513287401574803
21
1.1072047244094487
0
LINE
8
BLACK
6
CONTINUOUS
10
1.513287401574803
20
1.1072047244094487
11
1.5703740157480315
21
1.1072047244094487
0
LINE
8
BLACK
6
CONTINUOUS
10
1.5703740157480315
20
1.1072047244094487
11
1.5716923228346455
21
1.1069424803149606
0
LINE
8
BLACK
6
CONTINUOUS
10
1.5716923228346455
20
1.1069424803149606
11
1.5728099212598425
21
1.1061957480314961
0
LINE
8
BLACK
6
CONTINUOUS
10
1.5728099212598425
20
1.1061957480314961
11
1.573556653543307
21
1.1050781496062991
0
LINE
8
BLACK
6
CONTINUOUS
10
1.573556653543307
20
1.1050781496062991
11
1.5738188976377951
21
1.1037598425196851
0
LINE
8
BLACK
6
CONTINUOUS
10
1.5738188976377951
20
1.1037598425196851
11
1.5738188976377951
21
1.0968700787401575
0
LINE
8
BLACK
6
CONTINUOUS
10
1.5738188976377951
20
1.0968700787401575
11
1.573556653543307
21
1.0955517716535432
0
LINE
8
BLACK
6
CONTINUOUS
10
1.573556653543307
20
1.0955517716535432
11
1.5728099212598425
21
1.0944341732283465
0
LINE
8
BLACK
6
CONTINUOUS
10
1.5728099212598425
20
1.0944341732283465
11
1.5716923228346455
21
1.0936874409448818
0
LINE
8
BLACK
6
CONTINUOUS
10
1.5716923228346455
20
1.0936874409448818
11
1.5703740157480315
21
1.0934251968503936
0
LINE
8
BLACK
6
CONTINUOUS
10
1.5703740157480315
20
1.0934251968503936
11
1.513287401574803
21
1.0934251968503936
0
LINE
8
BLACK
6
CONTINUOUS
10
1.513287401574803
20
1.0934251968503936
11
1.5119690944881889
21
1.0936874409448818
0
LINE
8
BLACK
6
CONTINUOUS
10
1.5119690944881889
20
1.0936874409448818
11
1.5108514960629922
21
1.0944341732283465
0
LINE
8
BLACK
6
CONTINUOUS
10
1.5108514960629922
20
1.0944341732283465
11
1.5102103543307086
21
1.0953937401574803
0
LINE
8
BLACK
6
CONTINUOUS
10
1.5102103543307086
20
1.0953937401574803
11
1.5085035433070866
21
1.0953937401574803
0
LINE
8
BLACK
6
CONTINUOUS
10
1.5085035433070866
20
1.0953937401574803
11
1.4875603937007873
21
1.0744506692913385
0
LINE
8
BLACK
6
CONTINUOUS
10
1.4875603937007873
20
1.0744506692913385
11
1.4886880708661416
21
1.0717281889763779
0
LINE
8
BLACK
6
CONTINUOUS
10
1.4886880708661416
20
1.0717281889763779
11
1.4886880708661416
21
1.068271811023622
0
LINE
8
BLACK
6
CONTINUOUS
10
1.4886880708661416
20
1.068271811023622
11
1.4873653937007874
21
1.0650785826771654
0
LINE
8
BLACK
6
CONTINUOUS
10
1.4873653937007874
20
1.0650785826771654
11
1.4862637401574803
21
1.0637362598425197
0
LINE
8
BLACK
6
CONTINUOUS
10
1.4862637401574803
20
1.0637362598425197
11
1.3712637401574803
21
0.9487362598425196
0
LINE
8
BLACK
6
CONTINUOUS
10
1.3712637401574803
20
0.9487362598425196
11
1.3699214173228347
21
0.9476346062992126
0
LINE
8
BLACK
6
CONTINUOUS
10
1.3699214173228347
20
0.9476346062992126
11
1.3667281889763778
21
0.9463119291338582
0
LINE
8
BLACK
6
CONTINUOUS
10
1.3667281889763778
20
0.9463119291338582
11
1.3632718110236219
21
0.9463119291338582
0
LINE
8
BLACK
6
CONTINUOUS
10
1.3632718110236219
20
0.9463119291338582
11
1.3613064960629921
21
0.9471259842519685
0
LINE
8
BLACK
6
CONTINUOUS
10
1.3613064960629921
20
0.9471259842519685
11
1.109
21
0.9471259842519685
0
LINE
8
BLACK
6
CONTINUOUS
10
1.109
20
0.9471259842519685
11
1.0445775590551181
21
0.9471259842519685
0
LINE
8
BLACK
6
CONTINUOUS
10
1.0445775590551181
20
0.9471259842519685
11
1.0087862598425197
21
0.9113346850393701
0
LINE
8
BLACK
6
CONTINUOUS
10
1.0087862598425197
20
0.9113346850393701
11
1.007443937007874
21
0.9102330314960629
0
LINE
8
BLACK
6
CONTINUOUS
10
1.007443937007874
20
0.9102330314960629
11
1.0042507086614172
21
0.9089103543307087
0
LINE
8
BLACK
6
CONTINUOUS
10
1.0042507086614172
20
0.9089103543307087
11
1.0042506692913387
21
0.9089103543307087
0
LINE
8
BLACK
6
CONTINUOUS
10
1.0042506692913387
20
0.9089103543307087
11
1.0025225196850394
21
0.9087401574803149
0
LINE
8
BLACK
6
CONTINUOUS
10
1.0025225196850394
20
0.9087401574803149
11
0.9963867716535433
21
0.9087401574803149
0
LINE
8
BLACK
6
CONTINUOUS
10
0.9963867716535433
20
0.9087401574803149
11
0.9955695275590551
21
0.9075170866141732
0
LINE
8
BLACK
6
CONTINUOUS
10
0.9955695275590551
20
0.9075170866141732
11
0.9936536614173228
21
0.9062369291338582
0
LINE
8
BLACK
6
CONTINUOUS
10
0.9936536614173228
20
0.9062369291338582
11
0.9913937007874015
21
0.9057874015748031
0
LINE
8
BLACK
6
CONTINUOUS
10
0.9913937007874015
20
0.9057874015748031
11
0.9510393700787402
21
0.9057874015748031
0
LINE
8
BLACK
6
CONTINUOUS
10
0.9510393700787402
20
0.9057874015748031
11
0.9487794094488189
21
0.9062369291338582
0
LINE
8
BLACK
6
CONTINUOUS
10
0.9487794094488189
20
0.9062369291338582
11
0.9468635433070866
21
0.9075170866141732
0
LINE
8
BLACK
6
CONTINUOUS
10
0.9468635433070866
20
0.9075170866141732
11
0.9455833858267716
21
0.9094329527559055
0
LINE
8
BLACK
6
CONTINUOUS
10
0.9455833858267716
20
0.9094329527559055
11
0.9451338582677166
21
0.9116929133858267
0
LINE
8
BLACK
6
CONTINUOUS
10
0.9451338582677166
20
0.9116929133858267
11
0.9451338582677166
21
0.923503937007874
0
LINE
8
BLACK
6
CONTINUOUS
10
0.9451338582677166
20
0.923503937007874
11
0.9455833858267716
21
0.9257638976377952
0
LINE
8
BLACK
6
CONTINUOUS
10
0.9455833858267716
20
0.9257638976377952
11
0.9468635433070866
21
0.9276797637795275
0
LINE
8
BLACK
6
CONTINUOUS
10
0.9468635433070866
20
0.9276797637795275
11
0.9487794094488189
21
0.9289599212598425
0
LINE
8
BLACK
6
CONTINUOUS
10
0.9487794094488189
20
0.9289599212598425
11
0.9510393700787402
21
0.9294094488188976
0
LINE
8
BLACK
6
CONTINUOUS
10
0.9510393700787402
20
0.9294094488188976
11
0.9913937007874015
21
0.9294094488188976
0
LINE
8
BLACK
6
CONTINUOUS
10
0.9913937007874015
20
0.9294094488188976
11
0.9936536614173228
21
0.9289599212598425
0
LINE
8
BLACK
6
CONTINUOUS
10
0.9936536614173228
20
0.9289599212598425
11
0.9955695275590551
21
0.9276797637795275
0
LINE
8
BLACK
6
CONTINUOUS
10
0.9955695275590551
20
0.9276797637795275
11
0.9963867716535433
21
0.9264566929133858
0
LINE
8
BLACK
6
CONTINUOUS
10
0.9963867716535433
20
0.9264566929133858
11
0.9988533070866141
21
0.9264566929133858
0
LINE
8
BLACK
6
CONTINUOUS
10
0.9988533070866141
20
0.9264566929133858
11
1.0346446062992125
21
0.9622479921259842
0
LINE
8
BLACK
6
CONTINUOUS
10
1.0346446062992125
20
0.9622479921259842
11
1.0359869291338581
21
0.9633496062992126
0
LINE
8
BLACK
6
CONTINUOUS
10
1.0359869291338581
20
0.9633496062992126
11
1.0359869685039369
21
0.9633496456692913
0
LINE
8
BLACK
6
CONTINUOUS
10
1.0359869685039369
20
0.9633496456692913
11
1.0389049212598425
21
0.9645583070866142
0
LINE
8
BLACK
6
CONTINUOUS
10
1.0389049212598425
20
0.9645583070866142
11
1.039180157480315
21
0.9646723228346457
0
LINE
8
BLACK
6
CONTINUOUS
10
1.039180157480315
20
0.9646723228346457
11
1.0391801968503938
21
0.9646723228346457
0
LINE
8
BLACK
6
CONTINUOUS
10
1.0391801968503938
20
0.9646723228346457
11
1.0409083464566928
21
0.9648425196850393
0
LINE
8
BLACK
6
CONTINUOUS
10
1.0409083464566928
20
0.9648425196850393
11
1.1001417322834646
21
0.9648425196850393
0
LINE
8
BLACK
6
CONTINUOUS
10
1.1001417322834646
20
0.9648425196850393
11
1.1001417322834646
21
1.0424566929133858
0
LINE
8
BLACK
6
CONTINUOUS
10
1.1001417322834646
20
1.0424566929133858
11
1.0935590551181102
21
1.0424566929133858
0
LINE
8
BLACK
6
CONTINUOUS
10
1.0935590551181102
20
1.0424566929133858
11
1.0897924803149606
21
1.043205905511811
0
LINE
8
BLACK
6
CONTINUOUS
10
1.0897924803149606
20
1.043205905511811
11
1.0865993307086614
21
1.0453394881889764
0
LINE
8
BLACK
6
CONTINUOUS
10
1.0865993307086614
20
1.0453394881889764
11
1.0844657480314961
21
1.0485326377952755
0
LINE
8
BLACK
6
CONTINUOUS
10
1.0844657480314961
20
1.0485326377952755
11
1.0837165354330709
21
1.0522992125984252
0
LINE
8
BLACK
6
CONTINUOUS
10
1.0837165354330709
20
1.0522992125984252
11
1.0837165354330709
21
1.0897007874015747
0
LINE
8
BLACK
6
CONTINUOUS
10
1.0837165354330709
20
1.0897007874015747
11
1.0844657480314961
21
1.0934673622047244
0
LINE
8
BLACK
6
CONTINUOUS
10
1.0844657480314961
20
1.0934673622047244
11
1.0865993307086614
21
1.0966605118110235
0
LINE
8
BLACK
6
CONTINUOUS
10
1.0865993307086614
20
1.0966605118110235
11
1.0897924803149606
21
1.0987940944881889
0
LINE
8
BLACK
6
CONTINUOUS
10
1.0897924803149606
20
1.0987940944881889
11
1.0935590551181102
21
1.0995433070866141
0
LINE
8
BLACK
6
CONTINUOUS
10
1.0935590551181102
20
1.0995433070866141
11
1.0945433070866142
21
1.0995433070866141
0
LINE
8
BLACK
6
CONTINUOUS
10
1.0945433070866142
20
1.0995433070866141
11
1.0945433070866142
21
1.1254409448818898
0
LINE
8
BLACK
6
CONTINUOUS
10
1.0945433070866142
20
1.1254409448818898
11
1.0915905511811024
21
1.1254409448818898
0
LINE
8
BLACK
6
CONTINUOUS
10
1.0915905511811024
20
1.1254409448818898
11
1.0878239763779527
21
1.126190157480315
0
LINE
8
BLACK
6
CONTINUOUS
10
1.0878239763779527
20
1.126190157480315
11
1.0846308267716536
21
1.1283237401574804
0
LINE
8
BLACK
6
CONTINUOUS
10
1.0846308267716536
20
1.1283237401574804
11
1.0824972440944882
21
1.1315168897637795
0
LINE
8
BLACK
6
CONTINUOUS
10
1.0824972440944882
20
1.1315168897637795
11
1.081748031496063
21
1.1352834645669292
0
LINE
8
BLACK
6
CONTINUOUS
10
1.081748031496063
20
1.1352834645669292
11
1.081748031496063
21
1.1707165354330709
0
LINE
8
BLACK
6
CONTINUOUS
10
1.081748031496063
20
1.1707165354330709
11
1.0824972440944882
21
1.1744831102362205
0
LINE
8
BLACK
6
CONTINUOUS
10
1.0824972440944882
20
1.1744831102362205
11
1.0846308267716536
21
1.1776762598425197
0
LINE
8
BLACK
6
CONTINUOUS
10
1.0846308267716536
20
1.1776762598425197
11
1.0878239763779527
21
1.179809842519685
0
LINE
8
BLACK
6
CONTINUOUS
10
1.0878239763779527
20
1.179809842519685
11
1.0915905511811024
21
1.1805590551181102
0
LINE
8
BLACK
6
CONTINUOUS
10
1.0915905511811024
20
1.1805590551181102
11
1.112259842519685
21
1.1805590551181102
0
LINE
8
BLACK
6
CONTINUOUS
10
1.112259842519685
20
1.1805590551181102
11
1.1160264173228347
21
1.179809842519685
0
LINE
8
BLACK
6
CONTINUOUS
10
2.2899999606299213
20
1.0688582677165355
11
2.3300000393700788
21
1.0688582677165355
0
LINE
8
BLACK
6
CONTINUOUS
10
2.3300000393700788
20
1.0688582677165355
11
2.3300000393700788
21
1.0900000000000001
0
LINE
8
BLACK
6
CONTINUOUS
10
2.3300000393700788
20
1.0900000000000001
11
2.3900000393700789
21
1.0900000000000001
0
LINE
8
BLACK
6
CONTINUOUS
10
2.3900000393700789
20
1.0900000000000001
11
2.3900000393700789
21
1.03
0
LINE
8
BLACK
6
CONTINUOUS
10
2.3900000393700789
20
1.03
11
2.3300000393700788
21
1.03
0
LINE
8
BLACK
6
CONTINUOUS
10
2.3300000393700788
20
1.03
11
2.3300000393700788
21
1.0511417322834646
0
LINE
8
BLACK
6
CONTINUOUS
10
2.3300000393700788
20
1.0511417322834646
11
2.2899999606299213
21
1.0511417322834646
0
LINE
8
BLACK
6
CONTINUOUS
10
2.2899999606299213
20
1.0511417322834646
11
2.2899999606299213
21
1.03
0
LINE
8
BLACK
6
CONTINUOUS
10
2.2899999606299213
20
1.03
11
2.2425274409448819
21
1.03
0
LINE
8
BLACK
6
CONTINUOUS
10
2.2425274409448819
20
1.03
11
2.2011023622047245
21
0.9885749212598425
0
LINE
8
BLACK
6
CONTINUOUS
10
2.2011023622047245
20
0.9885749212598425
11
2.2011023622047245
21
0.9622834645669291
0
LINE
8
BLACK
6
CONTINUOUS
10
2.2011023622047245
20
0.9622834645669291
11
2.2003531496062991
21
0.9585168897637795
0
LINE
8
BLACK
6
CONTINUOUS
10
2.2003531496062991
20
0.9585168897637795
11
2.1982195669291338
21
0.9553237401574803
0
LINE
8
BLACK
6
CONTINUOUS
10
2.1982195669291338
20
0.9553237401574803
11
2.1950264173228344
21
0.953190157480315
0
LINE
8
BLACK
6
CONTINUOUS
10
2.1950264173228344
20
0.953190157480315
11
2.1912598425196852
21
0.9524409448818898
0
LINE
8
BLACK
6
CONTINUOUS
10
2.1912598425196852
20
0.9524409448818898
11
2.1705905511811023
21
0.9524409448818898
0
LINE
8
BLACK
6
CONTINUOUS
10
2.1705905511811023
20
0.9524409448818898
11
2.1668239763779527
21
0.953190157480315
0
LINE
8
BLACK
6
CONTINUOUS
10
2.1668239763779527
20
0.953190157480315
11
2.1636308267716533
21
0.9553237401574803
0
LINE
8
BLACK
6
CONTINUOUS
10
2.1636308267716533
20
0.9553237401574803
11
2.161497244094488
21
0.9585168897637795
0
LINE
8
BLACK
6
CONTINUOUS
10
2.161497244094488
20
0.9585168897637795
11
2.160748031496063
21
0.9622834645669291
0
LINE
8
BLACK
6
CONTINUOUS
10
2.160748031496063
20
0.9622834645669291
11
2.160748031496063
21
0.9977165354330708
0
LINE
8
BLACK
6
CONTINUOUS
10
2.160748031496063
20
0.9977165354330708
11
2.161497244094488
21
1.0014831102362205
0
LINE
8
BLACK
6
CONTINUOUS
10
2.161497244094488
20
1.0014831102362205
11
2.1636308267716533
21
1.0046762598425196
0
LINE
8
BLACK
6
CONTINUOUS
10
2.1636308267716533
20
1.0046762598425196
11
2.1668239763779527
21
1.006809842519685
0
LINE
8
BLACK
6
CONTINUOUS
10
2.1668239763779527
20
1.006809842519685
11
2.1705905511811023
21
1.0075590551181102
0
LINE
8
BLACK
6
CONTINUOUS
10
2.1705905511811023
20
1.0075590551181102
11
2.1912598425196852
21
1.0075590551181102
0
LINE
8
BLACK
6
CONTINUOUS
10
2.1912598425196852
20
1.0075590551181102
11
2.194405748031496
21
1.0069333070866142
0
LINE
8
BLACK
6
CONTINUOUS
10
2.194405748031496
20
1.0069333070866142
11
2.2299999606299212
21
1.0425274803149607
0
LINE
8
BLACK
6
CONTINUOUS
10
2.2299999606299212
20
1.0425274803149607
11
2.2299999606299212
21
1.0900000000000001
0
LINE
8
BLACK
6
CONTINUOUS
10
2.2299999606299212
20
1.0900000000000001
11
2.2899999606299213
21
1.0900000000000001
0
LINE
8
BLACK
6
CONTINUOUS
10
2.2899999606299213
20
1.0900000000000001
11
2.2899999606299213
21
1.0688582677165355
0
LINE
8
BLACK
6
CONTINUOUS
10
1.6499999999999999
20
1.22
11
1.6388582677165353
21
1.22
0
LINE
8
BLACK
6
CONTINUOUS
10
1.6388582677165353
20
1.22
11
1.6388582677165353
21
1.1136692125984251
0
LINE
8
BLACK
6
CONTINUOUS
10
1.6388582677165353
20
1.1136692125984251
11
1.6577637401574803
21
1.0947637401574803
0
LINE
8
BLACK
6
CONTINUOUS
10
1.6577637401574803
20
1.0947637401574803
11
1.6588653937007873
21
1.0934214173228347
0
LINE
8
BLACK
6
CONTINUOUS
10
1.6588653937007873
20
1.0934214173228347
11
1.6601880708661416
21
1.0902281889763779
0
LINE
8
BLACK
6
CONTINUOUS
10
1.6601880708661416
20
1.0902281889763779
11
1.6601880708661416
21
1.086771811023622
0
LINE
8
BLACK
6
CONTINUOUS
10
1.6601880708661416
20
1.086771811023622
11
1.6601879921259841
21
1.0867716929133857
0
LINE
8
BLACK
6
CONTINUOUS
10
1.6601879921259841
20
1.0867716929133857
11
1.6614085433070866
21
1.0855511811023622
0
LINE
8
BLACK
6
CONTINUOUS
10
1.6614085433070866
20
1.0855511811023622
11
1.6765489763779526
21
1.0855511811023622
0
LINE
8
BLACK
6
CONTINUOUS
10
1.6765489763779526
20
1.0855511811023622
11
1.6771900787401575
21
1.0865107086614172
0
LINE
8
BLACK
6
CONTINUOUS
10
1.6771900787401575
20
1.0865107086614172
11
1.6783076771653542
21
1.0872574409448819
0
LINE
8
BLACK
6
CONTINUOUS
10
1.6783076771653542
20
1.0872574409448819
11
1.6796259842519685
21
1.08751968503937
0
LINE
8
BLACK
6
CONTINUOUS
10
1.6796259842519685
20
1.08751968503937
11
1.7367125984251968
21
1.08751968503937
0
LINE
8
BLACK
6
CONTINUOUS
10
1.7367125984251968
20
1.08751968503937
11
1.7380309055118111
21
1.0872574409448819
0
LINE
8
BLACK
6
CONTINUOUS
10
1.7380309055118111
20
1.0872574409448819
11
1.7391485039370078
21
1.0865107086614172
0
LINE
8
BLACK
6
CONTINUOUS
10
1.7391485039370078
20
1.0865107086614172
11
1.7398952362204725
21
1.0853931102362204
0
LINE
8
BLACK
6
CONTINUOUS
10
1.7398952362204725
20
1.0853931102362204
11
1.7401574803149606
21
1.0840748031496064
0
LINE
8
BLACK
6
CONTINUOUS
10
1.7401574803149606
20
1.0840748031496064
11
1.7401574803149606
21
1.0771850393700788
0
LINE
8
BLACK
6
CONTINUOUS
10
1.7401574803149606
20
1.0771850393700788
11
1.7398952362204725
21
1.0758667322834645
0
LINE
8
BLACK
6
CONTINUOUS
10
1.7398952362204725
20
1.0758667322834645
11
1.7391485039370078
21
1.0747491338582678
0
LINE
8
BLACK
6
CONTINUOUS
10
1.7391485039370078
20
1.0747491338582678
11
1.7380309055118111
21
1.0740024015748031
0
LINE
8
BLACK
6
CONTINUOUS
10
1.7380309055118111
20
1.0740024015748031
11
1.7367125984251968
21
1.0737401574803149
0
LINE
8
BLACK
6
CONTINUOUS
10
1.7367125984251968
20
1.0737401574803149
11
1.7129212598425196
21
1.0737401574803149
0
LINE
8
BLACK
6
CONTINUOUS
10
1.7129212598425196
20
1.0737401574803149
11
1.7129212598425196
21
1.0345433070866141
0
LINE
8
BLACK
6
CONTINUOUS
10
1.7129212598425196
20
1.0345433070866141
11
1.7182440944881889
21
1.0345433070866141
0
LINE
8
BLACK
6
CONTINUOUS
10
1.7182440944881889
20
1.0345433070866141
11
1.7220106692913386
21
1.0337940944881889
0
LINE
8
BLACK
6
CONTINUOUS
10
1.7220106692913386
20
1.0337940944881889
11
1.7252038188976377
21
1.0316605118110236
0
LINE
8
BLACK
6
CONTINUOUS
10
1.7252038188976377
20
1.0316605118110236
11
1.7273374015748031
21
1.0284673622047245
0
LINE
8
BLACK
6
CONTINUOUS
10
1.7273374015748031
20
1.0284673622047245
11
1.7280866141732283
21
1.0247007874015748
0
LINE
8
BLACK
6
CONTINUOUS
10
1.7280866141732283
20
1.0247007874015748
11
1.7280866141732283
21
0.9872992125984251
0
LINE
8
BLACK
6
CONTINUOUS
10
1.7280866141732283
20
0.9872992125984251
11
1.7273374015748031
21
0.9835326377952756
0
LINE
8
BLACK
6
CONTINUOUS
10
1.7273374015748031
20
0.9835326377952756
11
1.7252038188976377
21
0.9803394881889763
0
LINE
8
BLACK
6
CONTINUOUS
10
1.7252038188976377
20
0.9803394881889763
11
1.7220106692913386
21
0.978205905511811
0
LINE
8
BLACK
6
CONTINUOUS
10
1.7220106692913386
20
0.978205905511811
11
1.7182440944881889
21
0.9774566929133858
0
LINE
8
BLACK
6
CONTINUOUS
10
1.7182440944881889
20
0.9774566929133858
11
1.6985590551181102
21
0.9774566929133858
0
LINE
8
BLACK
6
CONTINUOUS
10
1.6985590551181102
20
0.9774566929133858
11
1.6947924803149605
21
0.978205905511811
0
LINE
8
BLACK
6
CONTINUOUS
10
1.6947924803149605
20
0.978205905511811
11
1.6915993307086614
21
0.9803394881889763
0
LINE
8
BLACK
6
CONTINUOUS
10
1.6915993307086614
20
0.9803394881889763
11
1.6894657480314961
21
0.9835326377952756
0
LINE
8
BLACK
6
CONTINUOUS
10
1.6894657480314961
20
0.9835326377952756
11
1.6887165354330709
21
0.9872992125984251
0
LINE
8
BLACK
6
CONTINUOUS
10
1.6887165354330709
20
0.9872992125984251
11
1.6887165354330709
21
1.0247007874015748
0
LINE
8
BLACK
6
CONTINUOUS
10
1.6887165354330709
20
1.0247007874015748
11
1.6894657480314961
21
1.0284673622047245
0
LINE
8
BLACK
6
CONTINUOUS
10
1.6894657480314961
20
1.0284673622047245
11
1.6915993307086614
21
1.0316605118110236
0
LINE
8
BLACK
6
CONTINUOUS
10
1.6915993307086614
20
1.0316605118110236
11
1.6947924803149605
21
1.0337940944881889
0
LINE
8
BLACK
6
CONTINUOUS
10
1.6947924803149605
20
1.0337940944881889
11
1.6985590551181102
21
1.0345433070866141
0
LINE
8
BLACK
6
CONTINUOUS
10
1.6985590551181102
20
1.0345433070866141
11
1.7030787401574803
21
1.0345433070866141
0
LINE
8
BLACK
6
CONTINUOUS
10
1.7030787401574803
20
1.0345433070866141
11
1.7030787401574803
21
1.0737401574803149
0
LINE
8
BLACK
6
CONTINUOUS
10
1.7030787401574803
20
1.0737401574803149
11
1.6796259842519685
21
1.0737401574803149
0
LINE
8
BLACK
6
CONTINUOUS
10
1.6796259842519685
20
1.0737401574803149
11
1.6783076771653542
21
1.0740024015748031
0
LINE
8
BLACK
6
CONTINUOUS
10
1.6783076771653542
20
1.0740024015748031
11
1.6771900787401575
21
1.0747491338582678
0
LINE
8
BLACK
6
CONTINUOUS
10
1.6771900787401575
20
1.0747491338582678
11
1.6765489763779526
21
1.0757086614173228
0
LINE
8
BLACK
6
CONTINUOUS
10
1.6765489763779526
20
1.0757086614173228
11
1.6593700787401575
21
1.0757086614173228
0
LINE
8
BLACK
6
CONTINUOUS
10
1.6593700787401575
20
1.0757086614173228
11
1.6584099999999999
21
1.0758032283464567
0
LINE
8
BLACK
6
CONTINUOUS
10
1.6584099999999999
20
1.0758032283464567
11
1.6584099606299212
21
1.0758032283464567
0
LINE
8
BLACK
6
CONTINUOUS
10
1.6584099606299212
20
1.0758032283464567
11
1.657675157480315
21
1.0761076377952756
0
LINE
8
BLACK
6
CONTINUOUS
10
1.657675157480315
20
1.0761076377952756
11
1.6566359842519685
21
1.0765380314960629
0
LINE
8
BLACK
6
CONTINUOUS
10
1.6566359842519685
20
1.0765380314960629
11
1.6566359448818897
21
1.0765380708661416
0
LINE
8
BLACK
6
CONTINUOUS
10
1.6566359448818897
20
1.0765380708661416
11
1.6558901968503936
21
1.0771500787401576
0
LINE
8
BLACK
6
CONTINUOUS
10
1.6558901968503936
20
1.0771500787401576
11
1.6532283070866141
21
1.0798120078740157
0
LINE
8
BLACK
6
CONTINUOUS
10
1.6532283070866141
20
1.0798120078740157
11
1.653228188976378
21
1.0798119291338582
0
LINE
8
BLACK
6
CONTINUOUS
10
1.653228188976378
20
1.0798119291338582
11
1.6497718110236219
21
1.0798119291338582
0
LINE
8
BLACK
6
CONTINUOUS
10
1.6497718110236219
20
1.0798119291338582
11
1.6465785826771653
21
1.0811346062992127
0
LINE
8
BLACK
6
CONTINUOUS
10
1.6465785826771653
20
1.0811346062992127
11
1.6452362598425196
21
1.0822362598425197
0
LINE
8
BLACK
6
CONTINUOUS
10
1.6452362598425196
20
1.0822362598425197
11
1.6237362598425196
21
1.1037362598425196
0
LINE
8
BLACK
6
CONTINUOUS
10
1.6237362598425196
20
1.1037362598425196
11
1.6226346062992125
21
1.1050785826771654
0
LINE
8
BLACK
6
CONTINUOUS
10
1.6226346062992125
20
1.1050785826771654
11
1.6213119291338582
21
1.108271811023622
0
LINE
8
BLACK
6
CONTINUOUS
10
1.6213119291338582
20
1.108271811023622
11
1.6213119291338582
21
1.1082718503937008
0
LINE
8
BLACK
6
CONTINUOUS
10
1.6213119291338582
20
1.1082718503937008
11
1.6211417322834645
21
1.1099999999999999
0
LINE
8
BLACK
6
CONTINUOUS
10
1.6211417322834645
20
1.1099999999999999
11
1.6211417322834645
21
1.22
0
LINE
8
BLACK
6
CONTINUOUS
10
1.6211417322834645
20
1.22
11
1.5899999999999999
21
1.22
0
LINE
8
BLACK
6
CONTINUOUS
10
1.5899999999999999
20
1.22
11
1.5899999999999999
21
1.28
0
LINE
8
BLACK
6
CONTINUOUS
10
1.5899999999999999
20
1.28
11
1.6499999999999999
21
1.28
0
LINE
8
BLACK
6
CONTINUOUS
10
1.6499999999999999
20
1.28
11
1.6499999999999999
21
1.22
0
LINE
8
BLACK
6
CONTINUOUS
10
1.0504831102362204
20
1.2445027559055117
11
1.0536762598425196
21
1.2423691732283464
0
LINE
8
BLACK
6
CONTINUOUS
10
1.0536762598425196
20
1.2423691732283464
11
1.0558098425196849
21
1.2391760236220473
0
LINE
8
BLACK
6
CONTINUOUS
10
1.0558098425196849
20
1.2391760236220473
11
1.0565590551181101
21
1.2354094488188976
0
LINE
8
BLACK
6
CONTINUOUS
10
1.0565590551181101
20
1.2354094488188976
11
1.0565590551181101
21
1.2147401574803149
0
LINE
8
BLACK
6
CONTINUOUS
10
1.0565590551181101
20
1.2147401574803149
11
1.0558098425196849
21
1.2109735826771653
0
LINE
8
BLACK
6
CONTINUOUS
10
1.0558098425196849
20
1.2109735826771653
11
1.0536762598425196
21
1.2077804330708661
0
LINE
8
BLACK
6
CONTINUOUS
10
1.0536762598425196
20
1.2077804330708661
11
1.0504831102362204
21
1.2056468503937008
0
LINE
8
BLACK
6
CONTINUOUS
10
1.0504831102362204
20
1.2056468503937008
11
1.0467165354330707
21
1.2048976377952756
0
LINE
8
BLACK
6
CONTINUOUS
10
1.0467165354330707
20
1.2048976377952756
11
1.0378582677165353
21
1.2048976377952756
0
LINE
8
BLACK
6
CONTINUOUS
10
1.0378582677165353
20
1.2048976377952756
11
1.0378582677165353
21
1.1805590551181102
0
LINE
8
BLACK
6
CONTINUOUS
10
1.0378582677165353
20
1.1805590551181102
11
1.0404094488188975
21
1.1805590551181102
0
LINE
8
BLACK
6
CONTINUOUS
10
1.0404094488188975
20
1.1805590551181102
11
1.0441760236220472
21
1.179809842519685
0
LINE
8
BLACK
6
CONTINUOUS
10
1.0441760236220472
20
1.179809842519685
11
1.0473691732283463
21
1.1776762598425197
0
LINE
8
BLACK
6
CONTINUOUS
10
1.0473691732283463
20
1.1776762598425197
11
1.0495027559055119
21
1.1744831102362205
0
LINE
8
BLACK
6
CONTINUOUS
10
1.0495027559055119
20
1.1744831102362205
11
1.0502519685039371
21
1.1707165354330709
0
LINE
8
BLACK
6
CONTINUOUS
10
1.0502519685039371
20
1.1707165354330709
11
1.0502519685039371
21
1.1352834645669292
0
LINE
8
BLACK
6
CONTINUOUS
10
1.0502519685039371
20
1.1352834645669292
11
1.0495027559055119
21
1.1315168897637795
0
LINE
8
BLACK
6
CONTINUOUS
10
1.0495027559055119
20
1.1315168897637795
11
1.0473691732283463
21
1.1283237401574804
0
LINE
8
BLACK
6
CONTINUOUS
10
1.0473691732283463
20
1.1283237401574804
11
1.0441760236220472
21
1.126190157480315
0
LINE
8
BLACK
6
CONTINUOUS
10
1.0441760236220472
20
1.126190157480315
11
1.0404094488188975
21
1.1254409448818898
0
LINE
8
BLACK
6
CONTINUOUS
10
1.0404094488188975
20
1.1254409448818898
11
1.0389330708661417
21
1.1254409448818898
0
LINE
8
BLACK
6
CONTINUOUS
10
1.0389330708661417
20
1.1254409448818898
11
1.0389330708661417
21
1.0994454330708661
0
LINE
8
BLACK
6
CONTINUOUS
10
1.0389330708661417
20
1.0994454330708661
11
1.0422075196850393
21
1.0987940944881889
0
LINE
8
BLACK
6
CONTINUOUS
10
1.0422075196850393
20
1.0987940944881889
11
1.0454006692913385
21
1.0966605118110235
0
LINE
8
BLACK
6
CONTINUOUS
10
1.0454006692913385
20
1.0966605118110235
11
1.0475342519685038
21
1.0934673622047244
0
LINE
8
BLACK
6
CONTINUOUS
10
1.0475342519685038
20
1.0934673622047244
11
1.048283464566929
21
1.0897007874015747
0
LINE
8
BLACK
6
CONTINUOUS
10
1.048283464566929
20
1.0897007874015747
11
1.048283464566929
21
1.0638424409448819
0
LINE
8
BLACK
6
CONTINUOUS
10
1.048283464566929
20
1.0638424409448819
11
1.0670472047244095
21
1.0450787007874016
0
LINE
8
BLACK
6
CONTINUOUS
10
1.0670472047244095
20
1.0450787007874016
11
1.0681488582677165
21
1.0437363385826772
0
LINE
8
BLACK
6
CONTINUOUS
10
1.0681488582677165
20
1.0437363385826772
11
1.0694715354330708
21
1.0405431102362204
0
LINE
8
BLACK
6
CONTINUOUS
10
1.0694715354330708
20
1.0405431102362204
11
1.0696417322834646
21
1.0388149606299213
0
LINE
8
BLACK
6
CONTINUOUS
10
1.0696417322834646
20
1.0388149606299213
11
1.0696417322834646
21
1.0042125984251968
0
LINE
8
BLACK
6
CONTINUOUS
10
1.0696417322834646
20
1.0042125984251968
11
1.0809606299212597
21
1.0042125984251968
0
LINE
8
BLACK
6
CONTINUOUS
10
1.0809606299212597
20
1.0042125984251968
11
1.0832205905511811
21
1.0037630708661418
0
LINE
8
BLACK
6
CONTINUOUS
10
1.0832205905511811
20
1.0037630708661418
11
1.0851364566929134
21
1.0024829133858268
0
LINE
8
BLACK
6
CONTINUOUS
10
1.0851364566929134
20
1.0024829133858268
11
1.0864166141732283
21
1.0005670472440944
0
LINE
8
BLACK
6
CONTINUOUS
10
1.0864166141732283
20
1.0005670472440944
11
1.0868661417322834
21
0.9983070866141732
0
LINE
8
BLACK
6
CONTINUOUS
10
1.0868661417322834
20
0.9983070866141732
11
1.0868661417322834
21
0.986496062992126
0
LINE
8
BLACK
6
CONTINUOUS
10
1.0868661417322834
20
0.986496062992126
11
1.0864166141732283
21
0.9842361023622047
0
LINE
8
BLACK
6
CONTINUOUS
10
1.0864166141732283
20
0.9842361023622047
11
1.0851364566929134
21
0.9823202362204724
0
LINE
8
BLACK
6
CONTINUOUS
10
1.0851364566929134
20
0.9823202362204724
11
1.0832205905511811
21
0.9810400787401574
0
LINE
8
BLACK
6
CONTINUOUS
10
1.0832205905511811
20
0.9810400787401574
11
1.0809606299212597
21
0.9805905511811024
0
LINE
8
BLACK
6
CONTINUOUS
10
1.0809606299212597
20
0.9805905511811024
11
1.0406062992125984
21
0.9805905511811024
0
LINE
8
BLACK
6
CONTINUOUS
10
1.0406062992125984
20
0.9805905511811024
11
1.0383463385826772
21
0.9810400787401574
0
LINE
8
BLACK
6
CONTINUOUS
10
1.0383463385826772
20
0.9810400787401574
11
1.0364304724409448
21
0.9823202362204724
0
LINE
8
BLACK
6
CONTINUOUS
10
1.0364304724409448
20
0.9823202362204724
11
1.0351503149606298
21
0.9842361023622047
0
LINE
8
BLACK
6
CONTINUOUS
10
1.0351503149606298
20
0.9842361023622047
11
1.0347007874015748
21
0.986496062992126
0
LINE
8
BLACK
6
CONTINUOUS
10
1.0347007874015748
20
0.986496062992126
11
1.0347007874015748
21
0.9983070866141732
0
LINE
8
BLACK
6
CONTINUOUS
10
1.0347007874015748
20
0.9983070866141732
11
1.0351503149606298
21
1.0005670472440944
0
LINE
8
BLACK
6
CONTINUOUS
10
1.0351503149606298
20
1.0005670472440944
11
1.0364304724409448
21
1.0024829133858268
0
LINE
8
BLACK
6
CONTINUOUS
10
1.0364304724409448
20
1.0024829133858268
11
1.0383463385826772
21
1.0037630708661418
0
LINE
8
BLACK
6
CONTINUOUS
10
1.0383463385826772
20
1.0037630708661418
11
1.0406062992125984
21
1.0042125984251968
0
LINE
8
BLACK
6
CONTINUOUS
10
1.0406062992125984
20
1.0042125984251968
11
1.0519251968503938
21
1.0042125984251968
0
LINE
8
BLACK
6
CONTINUOUS
10
1.0519251968503938
20
1.0042125984251968
11
1.0519251968503938
21
1.0351457480314961
0
LINE
8
BLACK
6
CONTINUOUS
10
1.0519251968503938
20
1.0351457480314961
11
1.0432011023622048
21
1.0438698425196851
0
LINE
8
BLACK
6
CONTINUOUS
10
1.0432011023622048
20
1.0438698425196851
11
1.0422075196850393
21
1.043205905511811
0
LINE
8
BLACK
6
CONTINUOUS
10
1.0422075196850393
20
1.043205905511811
11
1.0384409448818896
21
1.0424566929133858
0
LINE
8
BLACK
6
CONTINUOUS
10
1.0384409448818896
20
1.0424566929133858
11
1.0187559055118109
21
1.0424566929133858
0
LINE
8
BLACK
6
CONTINUOUS
10
1.0187559055118109
20
1.0424566929133858
11
1.0149893307086615
21
1.043205905511811
0
LINE
8
BLACK
6
CONTINUOUS
10
1.0149893307086615
20
1.043205905511811
11
1.0117961811023621
21
1.0453394881889764
0
LINE
8
BLACK
6
CONTINUOUS
10
1.0117961811023621
20
1.0453394881889764
11
1.0096625984251968
21
1.0485326377952755
0
LINE
8
BLACK
6
CONTINUOUS
10
1.0096625984251968
20
1.0485326377952755
11
1.0089133858267716
21
1.0522992125984252
0
LINE
8
BLACK
6
CONTINUOUS
10
1.0089133858267716
20
1.0522992125984252
11
1.0089133858267716
21
1.0897007874015747
0
LINE
8
BLACK
6
CONTINUOUS
10
1.0089133858267716
20
1.0897007874015747
11
1.0096625984251968
21
1.0934673622047244
0
LINE
8
BLACK
6
CONTINUOUS
10
1.0096625984251968
20
1.0934673622047244
11
1.0117961811023621
21
1.0966605118110235
0
LINE
8
BLACK
6
CONTINUOUS
10
1.0117961811023621
20
1.0966605118110235
11
1.0149893307086615
21
1.0987940944881889
0
LINE
8
BLACK
6
CONTINUOUS
10
1.0149893307086615
20
1.0987940944881889
11
1.0187559055118109
21
1.0995433070866141
0
LINE
8
BLACK
6
CONTINUOUS
10
1.0187559055118109
20
1.0995433070866141
11
1.0212165354330709
21
1.0995433070866141
0
LINE
8
BLACK
6
CONTINUOUS
10
1.0212165354330709
20
1.0995433070866141
11
1.0212165354330709
21
1.1254409448818898
0
LINE
8
BLACK
6
CONTINUOUS
10
1.0212165354330709
20
1.1254409448818898
11
1.0197401574803149
21
1.1254409448818898
0
LINE
8
BLACK
6
CONTINUOUS
10
1.0197401574803149
20
1.1254409448818898
11
1.0159735826771654
21
1.126190157480315
0
LINE
8
BLACK
6
CONTINUOUS
10
1.0159735826771654
20
1.126190157480315
11
1.0127804330708661
21
1.1283237401574804
0
LINE
8
BLACK
6
CONTINUOUS
10
1.0127804330708661
20
1.1283237401574804
11
1.0106468503937007
21
1.1315168897637795
0
LINE
8
BLACK
6
CONTINUOUS
10
1.0106468503937007
20
1.1315168897637795
11
1.0098976377952755
21
1.1352834645669292
0
LINE
8
BLACK
6
CONTINUOUS
10
1.0098976377952755
20
1.1352834645669292
11
1.0098976377952755
21
1.1707165354330709
0
LINE
8
BLACK
6
CONTINUOUS
10
1.0098976377952755
20
1.1707165354330709
11
1.0106468503937007
21
1.1744831102362205
0
LINE
8
BLACK
6
CONTINUOUS
10
1.0106468503937007
20
1.1744831102362205
11
1.0127804330708661
21
1.1776762598425197
0
LINE
8
BLACK
6
CONTINUOUS
10
1.0127804330708661
20
1.1776762598425197
11
1.0159735826771654
21
1.179809842519685
0
LINE
8
BLACK
6
CONTINUOUS
10
1.0159735826771654
20
1.179809842519685
11
1.0197401574803149
21
1.1805590551181102
0
LINE
8
BLACK
6
CONTINUOUS
10
1.0197401574803149
20
1.1805590551181102
11
1.0201417322834645
21
1.1805590551181102
0
LINE
8
BLACK
6
CONTINUOUS
10
1.0201417322834645
20
1.1805590551181102
11
1.0201417322834645
21
1.2048976377952756
0
LINE
8
BLACK
6
CONTINUOUS
10
1.0201417322834645
20
1.2048976377952756
11
1.0112834645669291
21
1.2048976377952756
0
LINE
8
BLACK
6
CONTINUOUS
10
1.0112834645669291
20
1.2048976377952756
11
1.0075168897637794
21
1.2056468503937008
0
LINE
8
BLACK
6
CONTINUOUS
10
1.0075168897637794
20
1.2056468503937008
11
1.0043237401574803
21
1.2077804330708661
0
LINE
8
BLACK
6
CONTINUOUS
10
1.0043237401574803
20
1.2077804330708661
11
1.0021901574803149
21
1.2109735826771653
0
LINE
8
BLACK
6
CONTINUOUS
10
1.0021901574803149
20
1.2109735826771653
11
1.0014409448818897
21
1.2147401574803149
0
LINE
8
BLACK
6
CONTINUOUS
10
1.0014409448818897
20
1.2147401574803149
11
1.0014409448818897
21
1.2354094488188976
0
LINE
8
BLACK
6
CONTINUOUS
10
1.0014409448818897
20
1.2354094488188976
11
1.0021901574803149
21
1.2391760236220473
0
LINE
8
BLACK
6
CONTINUOUS
10
1.0021901574803149
20
1.2391760236220473
11
1.0043237401574803
21
1.2423691732283464
0
LINE
8
BLACK
6
CONTINUOUS
10
1.0043237401574803
20
1.2423691732283464
11
1.0075168897637794
21
1.2445027559055117
0
LINE
8
BLACK
6
CONTINUOUS
10
1.0075168897637794
20
1.2445027559055117
11
1.0112834645669291
21
1.2452519685039369
0
LINE
8
BLACK
6
CONTINUOUS
10
1.0112834645669291
20
1.2452519685039369
11
1.0467165354330707
21
1.2452519685039369
0
LINE
8
BLACK
6
CONTINUOUS
10
1.0467165354330707
20
1.2452519685039369
11
1.0504831102362204
21
1.2445027559055117
0
LINE
8
BLACK
6
CONTINUOUS
10
1.8474673622047244
20
1.0365342519685039
11
1.8506605118110235
21
1.0344006692913386
0
LINE
8
BLACK
6
CONTINUOUS
10
1.8506605118110235
20
1.0344006692913386
11
1.8527940944881889
21
1.0312075196850394
0
LINE
8
BLACK
6
CONTINUOUS
10
1.8527940944881889
20
1.0312075196850394
11
1.8535433070866141
21
1.0274409448818898
0
LINE
8
BLACK
6
CONTINUOUS
10
1.8535433070866141
20
1.0274409448818898
11
1.8535433070866141
21
1.0271401968503937
0
LINE
8
BLACK
6
CONTINUOUS
10
1.8535433070866141
20
1.0271401968503937
11
1.8551583070866142
21
1.0266659448818898
0
LINE
8
BLACK
6
CONTINUOUS
10
1.8551583070866142
20
1.0266659448818898
11
1.8558997637795276
21
1.0260808661417322
0
LINE
8
BLACK
6
CONTINUOUS
10
1.8558997637795276
20
1.0260808661417322
11
1.8571452755905511
21
1.0248851574803148
0
LINE
8
BLACK
6
CONTINUOUS
10
1.8571452755905511
20
1.0248851574803148
11
1.8578996456692913
21
1.0242448425196851
0
LINE
8
BLACK
6
CONTINUOUS
10
1.8578996456692913
20
1.0242448425196851
11
1.8611899606299211
21
1.0227825196850393
0
LINE
8
BLACK
6
CONTINUOUS
10
1.8611899606299211
20
1.0227825196850393
11
1.863272559055118
21
1.0223737795275589
0
LINE
8
BLACK
6
CONTINUOUS
10
1.863272559055118
20
1.0223737795275589
11
1.8648621259842519
21
1.0215474409448819
0
LINE
8
BLACK
6
CONTINUOUS
10
1.8648621259842519
20
1.0215474409448819
11
1.8669236614173228
21
1.0224385039370079
0
LINE
8
BLACK
6
CONTINUOUS
10
1.8669236614173228
20
1.0224385039370079
11
1.8684288582677164
21
1.0226705511811023
0
LINE
8
BLACK
6
CONTINUOUS
10
1.8684288582677164
20
1.0226705511811023
11
1.870986062992126
21
1.0236842125984251
0
LINE
8
BLACK
6
CONTINUOUS
10
1.870986062992126
20
1.0236842125984251
11
1.8718820472440945
21
1.024104527559055
0
LINE
8
BLACK
6
CONTINUOUS
10
1.8718820472440945
20
1.024104527559055
11
1.8735403149606298
21
1.0255712598425197
0
LINE
8
BLACK
6
CONTINUOUS
10
1.8735403149606298
20
1.0255712598425197
11
1.8742690157480315
21
1.0262157874015747
0
LINE
8
BLACK
6
CONTINUOUS
10
1.8742690157480315
20
1.0262157874015747
11
1.8764566929133857
21
1.0272419291338581
0
LINE
8
BLACK
6
CONTINUOUS
10
1.8764566929133857
20
1.0272419291338581
11
1.8764566929133857
21
1.0274409448818898
0
LINE
8
BLACK
6
CONTINUOUS
10
1.8764566929133857
20
1.0274409448818898
11
1.8772059055118109
21
1.0312075196850394
0
LINE
8
BLACK
6
CONTINUOUS
10
1.8772059055118109
20
1.0312075196850394
11
1.8793394881889762
21
1.0344006692913386
0
LINE
8
BLACK
6
CONTINUOUS
10
1.8793394881889762
20
1.0344006692913386
11
1.8825326377952756
21
1.0365342519685039
0
LINE
8
BLACK
6
CONTINUOUS
10
1.8825326377952756
20
1.0365342519685039
11
1.8862992125984253
21
1.0372834645669291
0
LINE
8
BLACK
6
CONTINUOUS
10
1.8862992125984253
20
1.0372834645669291
11
1.9237007874015748
21
1.0372834645669291
0
LINE
8
BLACK
6
CONTINUOUS
10
1.9237007874015748
20
1.0372834645669291
11
1.9274673622047243
21
1.0365342519685039
0
LINE
8
BLACK
6
CONTINUOUS
10
1.9274673622047243
20
1.0365342519685039
11
1.9306605118110236
21
1.0344006692913386
0
LINE
8
BLACK
6
CONTINUOUS
10
1.9306605118110236
20
1.0344006692913386
11
1.932794094488189
21
1.0312075196850394
0
LINE
8
BLACK
6
CONTINUOUS
10
1.932794094488189
20
1.0312075196850394
11
1.9335433070866141
21
1.0274409448818898
0
LINE
8
BLACK
6
CONTINUOUS
10
1.9335433070866141
20
1.0274409448818898
11
1.9335433070866141
21
1.007755905511811
0
LINE
8
BLACK
6
CONTINUOUS
10
1.9335433070866141
20
1.007755905511811
11
1.932794094488189
21
1.0039893307086614
0
LINE
8
BLACK
6
CONTINUOUS
10
1.932794094488189
20
1.0039893307086614
11
1.9306605118110236
21
1.0007961811023622
0
LINE
8
BLACK
6
CONTINUOUS
10
1.9306605118110236
20
1.0007961811023622
11
1.9274673622047243
21
0.9986625984251968
0
LINE
8
BLACK
6
CONTINUOUS
10
1.9274673622047243
20
0.9986625984251968
11
1.9237007874015748
21
0.9979133858267716
0
LINE
8
BLACK
6
CONTINUOUS
10
1.9237007874015748
20
0.9979133858267716
11
1.8862992125984253
21
0.9979133858267716
0
LINE
8
BLACK
6
CONTINUOUS
10
1.8862992125984253
20
0.9979133858267716
11
1.8825326377952756
21
0.9986625984251968
0
LINE
8
BLACK
6
CONTINUOUS
10
1.8825326377952756
20
0.9986625984251968
11
1.8793394881889762
21
1.0007961811023622
0
LINE
8
BLACK
6
CONTINUOUS
10
1.8793394881889762
20
1.0007961811023622
11
1.8772059055118109
21
1.0039893307086614
0
LINE
8
BLACK
6
CONTINUOUS
10
1.8772059055118109
20
1.0039893307086614
11
1.8764566929133857
21
1.007755905511811
0
LINE
8
BLACK
6
CONTINUOUS
10
1.8764566929133857
20
1.007755905511811
11
1.8764566929133857
21
1.0080567322834646
0
LINE
8
BLACK
6
CONTINUOUS
10
1.8764566929133857
20
1.0080567322834646
11
1.8748417716535433
21
1.008530905511811
0
LINE
8
BLACK
6
CONTINUOUS
10
1.8748417716535433
20
1.008530905511811
11
1.8741001968503936
21
1.0091161023622046
0
LINE
8
BLACK
6
CONTINUOUS
10
1.8741001968503936
20
1.0091161023622046
11
1.8728552362204725
21
1.0103112992125984
0
LINE
8
BLACK
6
CONTINUOUS
10
1.8728552362204725
20
1.0103112992125984
11
1.8728546062992126
21
1.0103118503937007
0
LINE
8
BLACK
6
CONTINUOUS
10
1.8728546062992126
20
1.0103118503937007
11
1.8728277559055118
21
1.0103346456692912
0
LINE
8
BLACK
6
CONTINUOUS
10
1.8728277559055118
20
1.0103346456692912
11
1.8721002362204724
21
1.0109522047244095
0
LINE
8
BLACK
6
CONTINUOUS
10
1.8721002362204724
20
1.0109522047244095
11
1.8721000393700786
21
1.010952283464567
0
LINE
8
BLACK
6
CONTINUOUS
10
1.8721000393700786
20
1.010952283464567
11
1.8720999999999999
21
1.0109523228346458
0
LINE
8
BLACK
6
CONTINUOUS
10
1.8720999999999999
20
1.0109523228346458
11
1.8688098818897638
21
1.0124144488188975
0
LINE
8
BLACK
6
CONTINUOUS
10
1.8688098818897638
20
1.0124144488188975
11
1.8667275196850392
21
1.0128231496062992
0
LINE
8
BLACK
6
CONTINUOUS
10
1.8667275196850392
20
1.0128231496062992
11
1.8651378346456693
21
1.0136495669291339
0
LINE
8
BLACK
6
CONTINUOUS
10
1.8651378346456693
20
1.0136495669291339
11
1.8630762992125984
21
1.0127584645669292
0
LINE
8
BLACK
6
CONTINUOUS
10
1.8630762992125984
20
1.0127584645669292
11
1.8615711417322833
21
1.0125263779527558
0
LINE
8
BLACK
6
CONTINUOUS
10
1.8615711417322833
20
1.0125263779527558
11
1.8590138976377952
21
1.0115126771653542
0
LINE
8
BLACK
6
CONTINUOUS
10
1.8590138976377952
20
1.0115126771653542
11
1.8581176377952755
21
1.0110922440944881
0
LINE
8
BLACK
6
CONTINUOUS
10
1.8581176377952755
20
1.0110922440944881
11
1.8557310236220472
21
1.0089811417322834
0
LINE
8
BLACK
6
CONTINUOUS
10
1.8557310236220472
20
1.0089811417322834
11
1.8535433070866141
21
1.0079549606299212
0
LINE
8
BLACK
6
CONTINUOUS
10
1.8535433070866141
20
1.0079549606299212
11
1.8535433070866141
21
1.007755905511811
0
LINE
8
BLACK
6
CONTINUOUS
10
1.8535433070866141
20
1.007755905511811
11
1.8527940944881889
21
1.0039893307086614
0
LINE
8
BLACK
6
CONTINUOUS
10
1.8527940944881889
20
1.0039893307086614
11
1.8506605118110235
21
1.0007961811023622
0
LINE
8
BLACK
6
CONTINUOUS
10
1.8506605118110235
20
1.0007961811023622
11
1.8474673622047244
21
0.9986625984251968
0
LINE
8
BLACK
6
CONTINUOUS
10
1.8474673622047244
20
0.9986625984251968
11
1.8437007874015747
21
0.9979133858267716
0
LINE
8
BLACK
6
CONTINUOUS
10
1.8437007874015747
20
0.9979133858267716
11
1.8062992125984252
21
0.9979133858267716
0
LINE
8
BLACK
6
CONTINUOUS
10
1.8062992125984252
20
0.9979133858267716
11
1.8025326377952755
21
0.9986625984251968
0
LINE
8
BLACK
6
CONTINUOUS
10
1.8025326377952755
20
0.9986625984251968
11
1.7993394881889764
21
1.0007961811023622
0
LINE
8
BLACK
6
CONTINUOUS
10
1.7993394881889764
20
1.0007961811023622
11
1.797205905511811
21
1.0039893307086614
0
LINE
8
BLACK
6
CONTINUOUS
10
1.797205905511811
20
1.0039893307086614
11
1.7964566929133858
21
1.007755905511811
0
LINE
8
BLACK
6
CONTINUOUS
10
1.7964566929133858
20
1.007755905511811
11
1.7964566929133858
21
1.0274409448818898
0
LINE
8
BLACK
6
CONTINUOUS
10
1.7964566929133858
20
1.0274409448818898
11
1.797205905511811
21
1.0312075196850394
0
LINE
8
BLACK
6
CONTINUOUS
10
1.797205905511811
20
1.0312075196850394
11
1.7993394881889764
21
1.0344006692913386
0
LINE
8
BLACK
6
CONTINUOUS
10
1.7993394881889764
20
1.0344006692913386
11
1.8025326377952755
21
1.0365342519685039
0
LINE
8
BLACK
6
CONTINUOUS
10
1.8025326377952755
20
1.0365342519685039
11
1.8062992125984252
21
1.0372834645669291
0
LINE
8
BLACK
6
CONTINUOUS
10
1.8062992125984252
20
1.0372834645669291
11
1.8437007874015747
21
1.0372834645669291
0
LINE
8
BLACK
6
CONTINUOUS
10
1.8437007874015747
20
1.0372834645669291
11
1.8474673622047244
21
1.0365342519685039
0
LINE
8
BLACK
6
CONTINUOUS
10
1.0504831102362204
20
1.3163531496062992
11
1.0536762598425196
21
1.3142195669291339
0
LINE
8
BLACK
6
CONTINUOUS
10
1.0536762598425196
20
1.3142195669291339
11
1.0558098425196849
21
1.3110264173228345
0
LINE
8
BLACK
6
CONTINUOUS
10
1.0558098425196849
20
1.3110264173228345
11
1.0565590551181101
21
1.3072598425196851
0
LINE
8
BLACK
6
CONTINUOUS
10
1.0565590551181101
20
1.3072598425196851
11
1.0565590551181101
21
1.3057834645669291
0
LINE
8
BLACK
6
CONTINUOUS
10
1.0565590551181101
20
1.3057834645669291
11
1.0740748031496063
21
1.3057834645669291
0
LINE
8
BLACK
6
CONTINUOUS
10
1.0740748031496063
20
1.3057834645669291
11
1.0758029527559054
21
1.3056132677165353
0
LINE
8
BLACK
6
CONTINUOUS
10
1.0758029527559054
20
1.3056132677165353
11
1.0758029921259842
21
1.3056132677165353
0
LINE
8
BLACK
6
CONTINUOUS
10
1.0758029921259842
20
1.3056132677165353
11
1.0789962204724408
21
1.304290590551181
0
LINE
8
BLACK
6
CONTINUOUS
10
1.0789962204724408
20
1.304290590551181
11
1.0803385433070867
21
1.303188937007874
0
LINE
8
BLACK
6
CONTINUOUS
10
1.0803385433070867
20
1.303188937007874
11
1.1562531496062991
21
1.2272743307086613
0
LINE
8
BLACK
6
CONTINUOUS
10
1.1562531496062991
20
1.2272743307086613
11
1.1562992125984253
21
1.227283464566929
0
LINE
8
BLACK
6
CONTINUOUS
10
1.1562992125984253
20
1.227283464566929
11
1.1937007874015748
21
1.227283464566929
0
LINE
8
BLACK
6
CONTINUOUS
10
1.1937007874015748
20
1.227283464566929
11
1.1974673622047243
21
1.2265342519685039
0
LINE
8
BLACK
6
CONTINUOUS
10
1.1974673622047243
20
1.2265342519685039
11
1.2006605118110236
21
1.2244006692913385
0
LINE
8
BLACK
6
CONTINUOUS
10
1.2006605118110236
20
1.2244006692913385
11
1.202794094488189
21
1.2212075196850394
0
LINE
8
BLACK
6
CONTINUOUS
10
1.202794094488189
20
1.2212075196850394
11
1.2035433070866142
21
1.2174409448818897
0
LINE
8
BLACK
6
CONTINUOUS
10
1.2035433070866142
20
1.2174409448818897
11
1.2035433070866142
21
1.197755905511811
0
LINE
8
BLACK
6
CONTINUOUS
10
1.2035433070866142
20
1.197755905511811
11
1.202794094488189
21
1.1939893307086613
0
LINE
8
BLACK
6
CONTINUOUS
10
1.202794094488189
20
1.1939893307086613
11
1.2006605118110236
21
1.1907961811023622
0
LINE
8
BLACK
6
CONTINUOUS
10
1.2006605118110236
20
1.1907961811023622
11
1.1974673622047243
21
1.1886625984251968
0
LINE
8
BLACK
6
CONTINUOUS
10
1.1974673622047243
20
1.1886625984251968
11
1.1937007874015748
21
1.1879133858267716
0
LINE
8
BLACK
6
CONTINUOUS
10
1.1937007874015748
20
1.1879133858267716
11
1.1838582677165355
21
1.1879133858267716
0
LINE
8
BLACK
6
CONTINUOUS
10
1.1838582677165355
20
1.1879133858267716
11
1.1838582677165355
21
1.1686692125984253
0
LINE
8
BLACK
6
CONTINUOUS
10
1.1838582677165355
20
1.1686692125984253
11
1.2310707874015747
21
1.1214566929133858
0
LINE
8
BLACK
6
CONTINUOUS
10
1.2310707874015747
20
1.1214566929133858
11
1.3087864566929133
21
1.1214566929133858
0
LINE
8
BLACK
6
CONTINUOUS
10
1.3087864566929133
20
1.1214566929133858
11
1.3096037007874015
21
1.1226797637795276
0
LINE
8
BLACK
6
CONTINUOUS
10
1.3096037007874015
20
1.1226797637795276
11
1.3115195669291337
21
1.1239599212598426
0
LINE
8
BLACK
6
CONTINUOUS
10
1.3115195669291337
20
1.1239599212598426
11
1.3137795275590551
21
1.1244094488188976
0
LINE
8
BLACK
6
CONTINUOUS
10
1.3137795275590551
20
1.1244094488188976
11
1.3600393700787401
21
1.1244094488188976
0
LINE
8
BLACK
6
CONTINUOUS
10
1.3600393700787401
20
1.1244094488188976
11
1.3622993307086615
21
1.1239599212598426
0
LINE
8
BLACK
6
CONTINUOUS
10
1.3622993307086615
20
1.1239599212598426
11
1.3642151968503937
21
1.1226797637795276
0
LINE
8
BLACK
6
CONTINUOUS
10
1.3642151968503937
20
1.1226797637795276
11
1.3654953543307087
21
1.1207638976377952
0
LINE
8
BLACK
6
CONTINUOUS
10
1.3654953543307087
20
1.1207638976377952
11
1.3659448818897637
21
1.118503937007874
0
LINE
8
BLACK
6
CONTINUOUS
10
1.3659448818897637
20
1.118503937007874
11
1.3659448818897637
21
1.1114566929133858
0
LINE
8
BLACK
6
CONTINUOUS
10
1.3659448818897637
20
1.1114566929133858
11
1.4064566929133857
21
1.1114566929133858
0
LINE
8
BLACK
6
CONTINUOUS
10
1.4064566929133857
20
1.1114566929133858
11
1.4064566929133857
21
1.1124409448818897
0
LINE
8
BLACK
6
CONTINUOUS
10
1.4064566929133857
20
1.1124409448818897
11
1.4072059055118109
21
1.1162075196850394
0
LINE
8
BLACK
6
CONTINUOUS
10
1.4072059055118109
20
1.1162075196850394
11
1.4093394881889763
21
1.1194006692913385
0
LINE
8
BLACK
6
CONTINUOUS
10
1.4093394881889763
20
1.1194006692913385
11
1.4125326377952756
21
1.1215342519685039
0
LINE
8
BLACK
6
CONTINUOUS
10
1.4125326377952756
20
1.1215342519685039
11
1.4162992125984251
21
1.1222834645669291
0
LINE
8
BLACK
6
CONTINUOUS
10
1.4162992125984251
20
1.1222834645669291
11
1.4537007874015748
21
1.1222834645669291
0
LINE
8
BLACK
6
CONTINUOUS
10
1.4537007874015748
20
1.1222834645669291
11
1.4574673622047243
21
1.1215342519685039
0
LINE
8
BLACK
6
CONTINUOUS
10
1.4574673622047243
20
1.1215342519685039
11
1.4606605118110236
21
1.1194006692913385
0
LINE
8
BLACK
6
CONTINUOUS
10
1.4606605118110236
20
1.1194006692913385
11
1.462794094488189
21
1.1162075196850394
0
LINE
8
BLACK
6
CONTINUOUS
10
1.462794094488189
20
1.1162075196850394
11
1.4635433070866142
21
1.1124409448818897
0
LINE
8
BLACK
6
CONTINUOUS
10
1.4635433070866142
20
1.1124409448818897
11
1.4635433070866142
21
1.10751968503937
0
LINE
8
BLACK
6
CONTINUOUS
10
1.4635433070866142
20
1.10751968503937
11
1.47556
21
1.10751968503937
0
LINE
8
BLACK
6
CONTINUOUS
10
1.47556
20
1.10751968503937
11
1.4915201181102362
21
1.123479842519685
0
LINE
8
BLACK
6
CONTINUOUS
10
1.4915201181102362
20
1.123479842519685
11
1.4922658661417323
21
1.1240918503937007
0
LINE
8
BLACK
6
CONTINUOUS
10
1.4922658661417323
20
1.1240918503937007
11
1.492265905511811
21
1.1240918897637795
0
LINE
8
BLACK
6
CONTINUOUS
10
1.492265905511811
20
1.1240918897637795
11
1.4934337007874015
21
1.1245755905511812
0
LINE
8
BLACK
6
CONTINUOUS
10
1.4934337007874015
20
1.1245755905511812
11
1.4940398818897638
21
1.1248266929133859
0
LINE
8
BLACK
6
CONTINUOUS
10
1.4940398818897638
20
1.1248266929133859
11
1.4940399212598425
21
1.1248266929133859
0
LINE
8
BLACK
6
CONTINUOUS
10
1.4940399212598425
20
1.1248266929133859
11
1.4949999999999999
21
1.1249212598425196
0
LINE
8
BLACK
6
CONTINUOUS
10
1.4949999999999999
20
1.1249212598425196
11
1.5102103937007874
21
1.1249212598425196
0
LINE
8
BLACK
6
CONTINUOUS
10
1.5102103937007874
20
1.1249212598425196
11
1.5108514960629922
21
1.1258807874015748
0
LINE
8
BLACK
6
CONTINUOUS
10
1.5108514960629922
20
1.1258807874015748
11
1.5119690944881889
21
1.1266275196850393
0
LINE
8
BLACK
6
CONTINUOUS
10
1.5119690944881889
20
1.1266275196850393
11
1.513287401574803
21
1.1268897637795274
0
LINE
8
BLACK
6
CONTINUOUS
10
1.513287401574803
20
1.1268897637795274
11
1.5703740157480315
21
1.1268897637795274
0
LINE
8
BLACK
6
CONTINUOUS
10
1.5703740157480315
20
1.1268897637795274
11
1.5716923228346455
21
1.1266275196850393
0
LINE
8
BLACK
6
CONTINUOUS
10
1.5716923228346455
20
1.1266275196850393
11
1.5728099212598425
21
1.1258807874015748
0
LINE
8
BLACK
6
CONTINUOUS
10
1.5728099212598425
20
1.1258807874015748
11
1.573556653543307
21
1.1247631889763778
0
LINE
8
BLACK
6
CONTINUOUS
10
1.573556653543307
20
1.1247631889763778
11
1.5738188976377951
21
1.1234448818897638
0
LINE
8
BLACK
6
CONTINUOUS
10
1.5738188976377951
20
1.1234448818897638
11
1.5738188976377951
21
1.1165551181102362
0
LINE
8
BLACK
6
CONTINUOUS
10
1.5738188976377951
20
1.1165551181102362
11
1.573556653543307
21
1.1152368110236219
0
LINE
8
BLACK
6
CONTINUOUS
10
1.573556653543307
20
1.1152368110236219
11
1.5728099212598425
21
1.1141192125984252
0
LINE
8
BLACK
6
CONTINUOUS
10
1.5728099212598425
20
1.1141192125984252
11
1.5716923228346455
21
1.1133724803149605
0
LINE
8
BLACK
6
CONTINUOUS
10
1.5716923228346455
20
1.1133724803149605
11
1.5703740157480315
21
1.1131102362204723
0
LINE
8
BLACK
6
CONTINUOUS
10
1.5703740157480315
20
1.1131102362204723
11
1.513287401574803
21
1.1131102362204723
0
LINE
8
BLACK
6
CONTINUOUS
10
1.513287401574803
20
1.1131102362204723
11
1.5119690944881889
21
1.1133724803149605
0
LINE
8
BLACK
6
CONTINUOUS
10
1.5119690944881889
20
1.1133724803149605
11
1.5108514960629922
21
1.1141192125984252
0
LINE
8
BLACK
6
CONTINUOUS
10
1.5108514960629922
20
1.1141192125984252
11
1.5102103937007874
21
1.1150787401574802
0
LINE
8
BLACK
6
CONTINUOUS
10
1.5102103937007874
20
1.1150787401574802
11
1.497038464566929
21
1.1150787401574802
0
LINE
8
BLACK
6
CONTINUOUS
10
1.497038464566929
20
1.1150787401574802
11
1.4810782677165355
21
1.0991185826771652
0
LINE
8
BLACK
6
CONTINUOUS
10
1.4810782677165355
20
1.0991185826771652
11
1.480332716535433
21
1.0985067716535433
0
LINE
8
BLACK
6
CONTINUOUS
10
1.480332716535433
20
1.0985067716535433
11
1.4803325196850394
21
1.0985065354330708
0
LINE
8
BLACK
6
CONTINUOUS
10
1.4803325196850394
20
1.0985065354330708
11
1.4793074015748031
21
1.0980819291338582
0
LINE
8
BLACK
6
CONTINUOUS
10
1.4793074015748031
20
1.0980819291338582
11
1.4785585433070865
21
1.0977717322834646
0
LINE
8
BLACK
6
CONTINUOUS
10
1.4785585433070865
20
1.0977717322834646
11
1.4785585039370079
21
1.0977717322834646
0
LINE
8
BLACK
6
CONTINUOUS
10
1.4785585039370079
20
1.0977717322834646
11
1.4775984251968504
21
1.0976771653543307
0
LINE
8
BLACK
6
CONTINUOUS
10
1.4775984251968504
20
1.0976771653543307
11
1.4635433070866142
21
1.0976771653543307
0
LINE
8
BLACK
6
CONTINUOUS
10
1.4635433070866142
20
1.0976771653543307
11
1.4635433070866142
21
1.092755905511811
0
LINE
8
BLACK
6
CONTINUOUS
10
1.4635433070866142
20
1.092755905511811
11
1.462794094488189
21
1.0889893307086613
0
LINE
8
BLACK
6
CONTINUOUS
10
1.462794094488189
20
1.0889893307086613
11
1.4606605118110236
21
1.0857961811023622
0
LINE
8
BLACK
6
CONTINUOUS
10
1.4606605118110236
20
1.0857961811023622
11
1.4574673622047243
21
1.0836625984251969
0
LINE
8
BLACK
6
CONTINUOUS
10
1.4574673622047243
20
1.0836625984251969
11
1.4537007874015748
21
1.0829133858267717
0
LINE
8
BLACK
6
CONTINUOUS
10
1.4537007874015748
20
1.0829133858267717
11
1.4162992125984251
21
1.0829133858267717
0
LINE
8
BLACK
6
CONTINUOUS
10
1.4162992125984251
20
1.0829133858267717
11
1.4125326377952756
21
1.0836625984251969
0
LINE
8
BLACK
6
CONTINUOUS
10
1.4125326377952756
20
1.0836625984251969
11
1.4093394881889763
21
1.0857961811023622
0
LINE
8
BLACK
6
CONTINUOUS
10
1.4093394881889763
20
1.0857961811023622
11
1.4072059055118109
21
1.0889893307086613
0
LINE
8
BLACK
6
CONTINUOUS
10
1.4072059055118109
20
1.0889893307086613
11
1.4064566929133857
21
1.092755905511811
0
LINE
8
BLACK
6
CONTINUOUS
10
1.4064566929133857
20
1.092755905511811
11
1.4064566929133857
21
1.0937401574803149
0
LINE
8
BLACK
6
CONTINUOUS
10
1.4064566929133857
20
1.0937401574803149
11
1.3469094488188975
21
1.0937401574803149
0
LINE
8
BLACK
6
CONTINUOUS
10
1.3469094488188975
20
1.0937401574803149
11
1.3451812992125984
21
1.0939103543307087
0
LINE
8
BLACK
6
CONTINUOUS
10
1.3451812992125984
20
1.0939103543307087
11
1.3451812598425197
21
1.0939103543307087
0
LINE
8
BLACK
6
CONTINUOUS
10
1.3451812598425197
20
1.0939103543307087
11
1.3438585826771654
21
1.0944582677165353
0
LINE
8
BLACK
6
CONTINUOUS
10
1.3438585826771654
20
1.0944582677165353
11
1.3419880708661418
21
1.095233031496063
0
LINE
8
BLACK
6
CONTINUOUS
10
1.3419880708661418
20
1.095233031496063
11
1.341988031496063
21
1.0952330708661417
0
LINE
8
BLACK
6
CONTINUOUS
10
1.341988031496063
20
1.0952330708661417
11
1.3406457086614172
21
1.09633468503937
0
LINE
8
BLACK
6
CONTINUOUS
10
1.3406457086614172
20
1.09633468503937
11
1.3361929921259843
21
1.1007874015748031
0
LINE
8
BLACK
6
CONTINUOUS
10
1.3361929921259843
20
1.1007874015748031
11
1.3137795275590551
21
1.1007874015748031
0
LINE
8
BLACK
6
CONTINUOUS
10
1.3137795275590551
20
1.1007874015748031
11
1.3115195669291337
21
1.1012369291338582
0
LINE
8
BLACK
6
CONTINUOUS
10
1.3115195669291337
20
1.1012369291338582
11
1.3096037007874015
21
1.1025170866141731
0
LINE
8
BLACK
6
CONTINUOUS
10
1.3096037007874015
20
1.1025170866141731
11
1.3087864566929133
21
1.103740157480315
0
LINE
8
BLACK
6
CONTINUOUS
10
1.3087864566929133
20
1.103740157480315
11
1.2274015748031495
21
1.103740157480315
0
LINE
8
BLACK
6
CONTINUOUS
10
1.2274015748031495
20
1.103740157480315
11
1.2256734251968504
21
1.1039103543307087
0
LINE
8
BLACK
6
CONTINUOUS
10
1.2256734251968504
20
1.1039103543307087
11
1.2256733858267717
21
1.1039103543307087
0
LINE
8
BLACK
6
CONTINUOUS
10
1.2256733858267717
20
1.1039103543307087
11
1.2243507086614174
21
1.1044582677165353
0
LINE
8
BLACK
6
CONTINUOUS
10
1.2243507086614174
20
1.1044582677165353
11
1.2224801968503938
21
1.105233031496063
0
LINE
8
BLACK
6
CONTINUOUS
10
1.2224801968503938
20
1.105233031496063
11
1.222480157480315
21
1.1052330708661418
0
LINE
8
BLACK
6
CONTINUOUS
10
1.222480157480315
20
1.1052330708661418
11
1.2211378346456692
21
1.10633468503937
0
LINE
8
BLACK
6
CONTINUOUS
10
1.2211378346456692
20
1.10633468503937
11
1.1687362598425197
21
1.1587362598425197
0
LINE
8
BLACK
6
CONTINUOUS
10
1.1687362598425197
20
1.1587362598425197
11
1.1676346062992127
21
1.1600785826771653
0
LINE
8
BLACK
6
CONTINUOUS
10
1.1676346062992127
20
1.1600785826771653
11
1.1663119291338582
21
1.163271811023622
0
LINE
8
BLACK
6
CONTINUOUS
10
1.1663119291338582
20
1.163271811023622
11
1.1663119291338582
21
1.1632718503937007
0
LINE
8
BLACK
6
CONTINUOUS
10
1.1663119291338582
20
1.1632718503937007
11
1.1661417322834646
21
1.165
0
LINE
8
BLACK
6
CONTINUOUS
10
1.1661417322834646
20
1.165
11
1.1661417322834646
21
1.1879133858267716
0
LINE
8
BLACK
6
CONTINUOUS
10
1.1661417322834646
20
1.1879133858267716
11
1.1562992125984253
21
1.1879133858267716
0
LINE
8
BLACK
6
CONTINUOUS
10
1.1562992125984253
20
1.1879133858267716
11
1.1525326377952756
21
1.1886625984251968
0
LINE
8
BLACK
6
CONTINUOUS
10
1.1525326377952756
20
1.1886625984251968
11
1.1493394881889762
21
1.1907961811023622
0
LINE
8
BLACK
6
CONTINUOUS
10
1.1493394881889762
20
1.1907961811023622
11
1.1472059055118109
21
1.1939893307086613
0
LINE
8
BLACK
6
CONTINUOUS
10
1.1472059055118109
20
1.1939893307086613
11
1.1464566929133857
21
1.197755905511811
0
LINE
8
BLACK
6
CONTINUOUS
10
1.1464566929133857
20
1.197755905511811
11
1.1464566929133857
21
1.2120158267716534
0
LINE
8
BLACK
6
CONTINUOUS
10
1.1464566929133857
20
1.2120158267716534
11
1.0704055905511811
21
1.2880669291338582
0
LINE
8
BLACK
6
CONTINUOUS
10
1.0704055905511811
20
1.2880669291338582
11
1.0565590551181101
21
1.2880669291338582
0
LINE
8
BLACK
6
CONTINUOUS
10
1.0565590551181101
20
1.2880669291338582
11
1.0565590551181101
21
1.2865905511811024
0
LINE
8
BLACK
6
CONTINUOUS
10
1.0565590551181101
20
1.2865905511811024
11
1.0558098425196849
21
1.2828239763779528
0
LINE
8
BLACK
6
CONTINUOUS
10
1.0558098425196849
20
1.2828239763779528
11
1.0536762598425196
21
1.2796308267716534
0
LINE
8
BLACK
6
CONTINUOUS
10
1.0536762598425196
20
1.2796308267716534
11
1.0504831102362204
21
1.2774972440944881
0
LINE
8
BLACK
6
CONTINUOUS
10
1.0504831102362204
20
1.2774972440944881
11
1.0467165354330707
21
1.2767480314960629
0
LINE
8
BLACK
6
CONTINUOUS
10
1.0467165354330707
20
1.2767480314960629
11
1.0112834645669291
21
1.2767480314960629
0
LINE
8
BLACK
6
CONTINUOUS
10
1.0112834645669291
20
1.2767480314960629
11
1.0075168897637794
21
1.2774972440944881
0
LINE
8
BLACK
6
CONTINUOUS
10
1.0075168897637794
20
1.2774972440944881
11
1.0043237401574803
21
1.2796308267716534
0
LINE
8
BLACK
6
CONTINUOUS
10
1.0043237401574803
20
1.2796308267716534
11
1.0021901574803149
21
1.2828239763779528
0
LINE
8
BLACK
6
CONTINUOUS
10
1.0021901574803149
20
1.2828239763779528
11
1.0014409448818897
21
1.2865905511811024
0
LINE
8
BLACK
6
CONTINUOUS
10
1.0014409448818897
20
1.2865905511811024
11
1.0014409448818897
21
1.2880669291338582
0
LINE
8
BLACK
6
CONTINUOUS
10
1.0014409448818897
20
1.2880669291338582
11
0.9895944094488188
21
1.2880669291338582
0
LINE
8
BLACK
6
CONTINUOUS
10
0.9895944094488188
20
1.2880669291338582
11
0.9038582677165354
21
1.2023307874015747
0
LINE
8
BLACK
6
CONTINUOUS
10
0.9038582677165354
20
1.2023307874015747
11
0.9038582677165354
21
1.0861023622047243
0
LINE
8
BLACK
6
CONTINUOUS
10
0.9038582677165354
20
1.0861023622047243
11
0.9127165354330709
21
1.0861023622047243
0
LINE
8
BLACK
6
CONTINUOUS
10
0.9127165354330709
20
1.0861023622047243
11
0.9164831102362204
21
1.0853531496062991
0
LINE
8
BLACK
6
CONTINUOUS
10
0.9164831102362204
20
1.0853531496062991
11
0.9196762598425197
21
1.0832195669291338
0
LINE
8
BLACK
6
CONTINUOUS
10
0.9196762598425197
20
1.0832195669291338
11
0.921809842519685
21
1.0800264173228347
0
LINE
8
BLACK
6
CONTINUOUS
10
0.921809842519685
20
1.0800264173228347
11
0.9225590551181102
21
1.076259842519685
0
LINE
8
BLACK
6
CONTINUOUS
10
0.9225590551181102
20
1.076259842519685
11
0.9225590551181102
21
1.0555905511811023
0
LINE
8
BLACK
6
CONTINUOUS
10
0.9225590551181102
20
1.0555905511811023
11
0.921809842519685
21
1.0518239763779527
0
LINE
8
BLACK
6
CONTINUOUS
10
0.921809842519685
20
1.0518239763779527
11
0.9196762598425197
21
1.0486308267716535
0
LINE
8
BLACK
6
CONTINUOUS
10
0.9196762598425197
20
1.0486308267716535
11
0.9164831102362204
21
1.0464972440944882
0
LINE
8
BLACK
6
CONTINUOUS
10
0.9164831102362204
20
1.0464972440944882
11
0.9127165354330709
21
1.045748031496063
0
LINE
8
BLACK
6
CONTINUOUS
10
0.9127165354330709
20
1.045748031496063
11
0.8772834645669291
21
1.045748031496063
0
LINE
8
BLACK
6
CONTINUOUS
10
0.8772834645669291
20
1.045748031496063
11
0.8735168897637795
21
1.0464972440944882
0
LINE
8
BLACK
6
CONTINUOUS
10
0.8735168897637795
20
1.0464972440944882
11
0.8703237401574803
21
1.0486308267716535
0
LINE
8
BLACK
6
CONTINUOUS
10
0.8703237401574803
20
1.0486308267716535
11
0.8681901574803149
21
1.0518239763779527
0
LINE
8
BLACK
6
CONTINUOUS
10
0.8681901574803149
20
1.0518239763779527
11
0.8674409448818897
21
1.0555905511811023
0
LINE
8
BLACK
6
CONTINUOUS
10
0.8674409448818897
20
1.0555905511811023
11
0.8674409448818897
21
1.076259842519685
0
LINE
8
BLACK
6
CONTINUOUS
10
0.8674409448818897
20
1.076259842519685
11
0.8681901574803149
21
1.0800264173228347
0
LINE
8
BLACK
6
CONTINUOUS
10
0.8681901574803149
20
1.0800264173228347
11
0.8703237401574803
21
1.0832195669291338
0
LINE
8
BLACK
6
CONTINUOUS
10
0.8703237401574803
20
1.0832195669291338
11
0.8735168897637795
21
1.0853531496062991
0
LINE
8
BLACK
6
CONTINUOUS
10
0.8735168897637795
20
1.0853531496062991
11
0.8772834645669291
21
1.0861023622047243
0
LINE
8
BLACK
6
CONTINUOUS
10
0.8772834645669291
20
1.0861023622047243
11
0.8861417322834646
21
1.0861023622047243
0
LINE
8
BLACK
6
CONTINUOUS
10
0.8861417322834646
20
1.0861023622047243
11
0.8861417322834646
21
1.206
0
LINE
8
BLACK
6
CONTINUOUS
10
0.8861417322834646
20
1.206
11
0.8863119291338583
21
1.2077281496062993
0
LINE
8
BLACK
6
CONTINUOUS
10
0.8863119291338583
20
1.2077281496062993
11
0.8864383070866142
21
1.2080332283464568
0
LINE
8
BLACK
6
CONTINUOUS
10
0.8864383070866142
20
1.2080332283464568
11
0.8876346062992125
21
1.2109214173228346
0
LINE
8
BLACK
6
CONTINUOUS
10
0.8876346062992125
20
1.2109214173228346
11
0.8887362598425197
21
1.2122637401574803
0
LINE
8
BLACK
6
CONTINUOUS
10
0.8887362598425197
20
1.2122637401574803
11
0.9796614566929134
21
1.303188937007874
0
LINE
8
BLACK
6
CONTINUOUS
10
0.9796614566929134
20
1.303188937007874
11
0.981003779527559
21
1.3042905511811023
0
LINE
8
BLACK
6
CONTINUOUS
10
0.981003779527559
20
1.3042905511811023
11
0.9810038188976378
21
1.304290590551181
0
LINE
8
BLACK
6
CONTINUOUS
10
0.9810038188976378
20
1.304290590551181
11
0.9828743307086614
21
1.3050653937007874
0
LINE
8
BLACK
6
CONTINUOUS
10
0.9828743307086614
20
1.3050653937007874
11
0.9841970078740158
21
1.3056132677165353
0
LINE
8
BLACK
6
CONTINUOUS
10
0.9841970078740158
20
1.3056132677165353
11
0.9841970472440945
21
1.3056132677165353
0
LINE
8
BLACK
6
CONTINUOUS
10
0.9841970472440945
20
1.3056132677165353
11
0.9859251968503937
21
1.3057834645669291
0
LINE
8
BLACK
6
CONTINUOUS
10
0.9859251968503937
20
1.3057834645669291
11
1.0014409448818897
21
1.3057834645669291
0
LINE
8
BLACK
6
CONTINUOUS
10
1.0014409448818897
20
1.3057834645669291
11
1.0014409448818897
21
1.3072598425196851
0
LINE
8
BLACK
6
CONTINUOUS
10
1.0014409448818897
20
1.3072598425196851
11
1.0021901574803149
21
1.3110264173228345
0
LINE
8
BLACK
6
CONTINUOUS
10
1.0021901574803149
20
1.3110264173228345
11
1.0043237401574803
21
1.3142195669291339
0
LINE
8
BLACK
6
CONTINUOUS
10
1.0043237401574803
20
1.3142195669291339
11
1.0075168897637794
21
1.3163531496062992
0
LINE
8
BLACK
6
CONTINUOUS
10
1.0075168897637794
20
1.3163531496062992
11
1.0112834645669291
21
1.3171023622047244
0
LINE
8
BLACK
6
CONTINUOUS
10
1.0112834645669291
20
1.3171023622047244
11
1.0467165354330707
21
1.3171023622047244
0
LINE
8
BLACK
6
CONTINUOUS
10
1.0467165354330707
20
1.3171023622047244
11
1.0504831102362204
21
1.3163531496062992
0
LINE
8
BLACK
6
CONTINUOUS
10
2.066157283464567
20
1.2183337401574803
11
2.0661573228346457
21
1.2183337401574803
0
LINE
8
BLACK
6
CONTINUOUS
10
2.0661573228346457
20
1.2183337401574803
11
2.0693505511811021
21
1.217011062992126
0
LINE
8
BLACK
6
CONTINUOUS
10
2.0693505511811021
20
1.217011062992126
11
2.070692874015748
21
1.215909409448819
0
LINE
8
BLACK
6
CONTINUOUS
10
2.070692874015748
20
1.215909409448819
11
2.0998649606299211
21
1.1867373228346456
0
LINE
8
BLACK
6
CONTINUOUS
10
2.0998649606299211
20
1.1867373228346456
11
2.0999735826771655
21
1.1868098425196849
0
LINE
8
BLACK
6
CONTINUOUS
10
2.0999735826771655
20
1.1868098425196849
11
2.1037401574803147
21
1.1875590551181101
0
LINE
8
BLACK
6
CONTINUOUS
10
2.1037401574803147
20
1.1875590551181101
11
2.1244094488188976
21
1.1875590551181101
0
LINE
8
BLACK
6
CONTINUOUS
10
2.1244094488188976
20
1.1875590551181101
11
2.1281760236220473
21
1.1868098425196849
0
LINE
8
BLACK
6
CONTINUOUS
10
2.1281760236220473
20
1.1868098425196849
11
2.1313691732283466
21
1.1846762598425196
0
LINE
8
BLACK
6
CONTINUOUS
10
2.1313691732283466
20
1.1846762598425196
11
2.133502755905512
21
1.1814831102362204
0
LINE
8
BLACK
6
CONTINUOUS
10
2.133502755905512
20
1.1814831102362204
11
2.1342519685039369
21
1.1777165354330708
0
LINE
8
BLACK
6
CONTINUOUS
10
2.1342519685039369
20
1.1777165354330708
11
2.1342519685039369
21
1.1422834645669291
0
LINE
8
BLACK
6
CONTINUOUS
10
2.1342519685039369
20
1.1422834645669291
11
2.133502755905512
21
1.1385168897637794
0
LINE
8
BLACK
6
CONTINUOUS
10
2.133502755905512
20
1.1385168897637794
11
2.1313691732283466
21
1.1353237401574803
0
LINE
8
BLACK
6
CONTINUOUS
10
2.1313691732283466
20
1.1353237401574803
11
2.1281760236220473
21
1.1331901574803149
0
LINE
8
BLACK
6
CONTINUOUS
10
2.1281760236220473
20
1.1331901574803149
11
2.1244094488188976
21
1.1324409448818897
0
LINE
8
BLACK
6
CONTINUOUS
10
2.1244094488188976
20
1.1324409448818897
11
2.1037401574803147
21
1.1324409448818897
0
LINE
8
BLACK
6
CONTINUOUS
10
2.1037401574803147
20
1.1324409448818897
11
2.0999735826771655
21
1.1331901574803149
0
LINE
8
BLACK
6
CONTINUOUS
10
2.0999735826771655
20
1.1331901574803149
11
2.0967804330708661
21
1.1353237401574803
0
LINE
8
BLACK
6
CONTINUOUS
10
2.0967804330708661
20
1.1353237401574803
11
2.0946468503937008
21
1.1385168897637794
0
LINE
8
BLACK
6
CONTINUOUS
10
2.0946468503937008
20
1.1385168897637794
11
2.0938976377952754
21
1.1422834645669291
0
LINE
8
BLACK
6
CONTINUOUS
10
2.0938976377952754
20
1.1422834645669291
11
2.0938976377952754
21
1.1676496850393701
0
LINE
8
BLACK
6
CONTINUOUS
10
2.0938976377952754
20
1.1676496850393701
11
2.0607599212598426
21
1.200787401574803
0
LINE
8
BLACK
6
CONTINUOUS
10
2.0607599212598426
20
1.200787401574803
11
1.9695053543307086
21
1.200787401574803
0
LINE
8
BLACK
6
CONTINUOUS
10
1.9695053543307086
20
1.200787401574803
11
1.8968589763779526
21
1.1281410236220473
0
LINE
8
BLACK
6
CONTINUOUS
10
1.8968589763779526
20
1.1281410236220473
11
1.895516653543307
21
1.1270393700787402
0
LINE
8
BLACK
6
CONTINUOUS
10
1.895516653543307
20
1.1270393700787402
11
1.8923234251968504
21
1.1257166929133857
0
LINE
8
BLACK
6
CONTINUOUS
10
1.8923234251968504
20
1.1257166929133857
11
1.8923233858267716
21
1.1257166929133857
0
LINE
8
BLACK
6
CONTINUOUS
10
1.8923233858267716
20
1.1257166929133857
11
1.8905952362204723
21
1.1255464960629922
0
LINE
8
BLACK
6
CONTINUOUS
10
1.8905952362204723
20
1.1255464960629922
11
1.8050739763779526
21
1.1255464960629922
0
LINE
8
BLACK
6
CONTINUOUS
10
1.8050739763779526
20
1.1255464960629922
11
1.7972637401574802
21
1.1177362598425196
0
LINE
8
BLACK
6
CONTINUOUS
10
1.7972637401574802
20
1.1177362598425196
11
1.7959214173228346
21
1.1166346062992125
0
LINE
8
BLACK
6
CONTINUOUS
10
1.7959214173228346
20
1.1166346062992125
11
1.792728188976378
21
1.1153119291338582
0
LINE
8
BLACK
6
CONTINUOUS
10
1.792728188976378
20
1.1153119291338582
11
1.7892718110236221
21
1.1153119291338582
0
LINE
8
BLACK
6
CONTINUOUS
10
1.7892718110236221
20
1.1153119291338582
11
1.7892716535433071
21
1.1153120078740157
0
LINE
8
BLACK
6
CONTINUOUS
10
1.7892716535433071
20
1.1153120078740157
11
1.7885959842519685
21
1.1146362992125984
0
LINE
8
BLACK
6
CONTINUOUS
10
1.7885959842519685
20
1.1146362992125984
11
1.787850433070866
21
1.1140244881889763
0
LINE
8
BLACK
6
CONTINUOUS
10
1.787850433070866
20
1.1140244881889763
11
1.7878502362204725
21
1.114024251968504
0
LINE
8
BLACK
6
CONTINUOUS
10
1.7878502362204725
20
1.114024251968504
11
1.7865958267716535
21
1.1135046850393699
0
LINE
8
BLACK
6
CONTINUOUS
10
1.7865958267716535
20
1.1135046850393699
11
1.7860762598425197
21
1.1132894488188976
0
LINE
8
BLACK
6
CONTINUOUS
10
1.7860762598425197
20
1.1132894488188976
11
1.786076220472441
21
1.1132894488188976
0
LINE
8
BLACK
6
CONTINUOUS
10
1.786076220472441
20
1.1132894488188976
11
1.7851161417322834
21
1.1131948818897637
0
LINE
8
BLACK
6
CONTINUOUS
10
1.7851161417322834
20
1.1131948818897637
11
1.7528838582677164
21
1.1131948818897637
0
LINE
8
BLACK
6
CONTINUOUS
10
1.7528838582677164
20
1.1131948818897637
11
1.7519237795275591
21
1.1132894488188976
0
LINE
8
BLACK
6
CONTINUOUS
10
1.7519237795275591
20
1.1132894488188976
11
1.7519237401574803
21
1.1132894488188976
0
LINE
8
BLACK
6
CONTINUOUS
10
1.7519237401574803
20
1.1132894488188976
11
1.7514041338582678
21
1.1135046850393699
0
LINE
8
BLACK
6
CONTINUOUS
10
1.7514041338582678
20
1.1135046850393699
11
1.7501497637795276
21
1.114024251968504
0
LINE
8
BLACK
6
CONTINUOUS
10
1.7501497637795276
20
1.114024251968504
11
1.7501495275590551
21
1.1140244881889763
0
LINE
8
BLACK
6
CONTINUOUS
10
1.7501495275590551
20
1.1140244881889763
11
1.7494040157480315
21
1.1146362992125984
0
LINE
8
BLACK
6
CONTINUOUS
10
1.7494040157480315
20
1.1146362992125984
11
1.7489615748031495
21
1.1150787401574802
0
LINE
8
BLACK
6
CONTINUOUS
10
1.7489615748031495
20
1.1150787401574802
11
1.7397896062992126
21
1.1150787401574802
0
LINE
8
BLACK
6
CONTINUOUS
10
1.7397896062992126
20
1.1150787401574802
11
1.7391485039370078
21
1.1141192125984252
0
LINE
8
BLACK
6
CONTINUOUS
10
1.7391485039370078
20
1.1141192125984252
11
1.7380309055118111
21
1.1133724803149605
0
LINE
8
BLACK
6
CONTINUOUS
10
1.7380309055118111
20
1.1133724803149605
11
1.7367125984251968
21
1.1131102362204723
0
LINE
8
BLACK
6
CONTINUOUS
10
1.7367125984251968
20
1.1131102362204723
11
1.6796259842519685
21
1.1131102362204723
0
LINE
8
BLACK
6
CONTINUOUS
10
1.6796259842519685
20
1.1131102362204723
11
1.6783076771653542
21
1.1133724803149605
0
LINE
8
BLACK
6
CONTINUOUS
10
1.6783076771653542
20
1.1133724803149605
11
1.6771900787401575
21
1.1141192125984252
0
LINE
8
BLACK
6
CONTINUOUS
10
1.6771900787401575
20
1.1141192125984252
11
1.6764433464566928
21
1.1152368110236219
0
LINE
8
BLACK
6
CONTINUOUS
10
1.6764433464566928
20
1.1152368110236219
11
1.6761811023622046
21
1.1165551181102362
0
LINE
8
BLACK
6
CONTINUOUS
10
1.6761811023622046
20
1.1165551181102362
11
1.6761811023622046
21
1.1234448818897638
0
LINE
8
BLACK
6
CONTINUOUS
10
1.6761811023622046
20
1.1234448818897638
11
1.6764433464566928
21
1.1247631889763778
0
LINE
8
BLACK
6
CONTINUOUS
10
1.6764433464566928
20
1.1247631889763778
11
1.6771900787401575
21
1.1258807874015748
0
LINE
8
BLACK
6
CONTINUOUS
10
1.6771900787401575
20
1.1258807874015748
11
1.6783076771653542
21
1.1266275196850393
0
LINE
8
BLACK
6
CONTINUOUS
10
1.6783076771653542
20
1.1266275196850393
11
1.6796259842519685
21
1.1268897637795274
0
LINE
8
BLACK
6
CONTINUOUS
10
1.6796259842519685
20
1.1268897637795274
11
1.7367125984251968
21
1.1268897637795274
0
LINE
8
BLACK
6
CONTINUOUS
10
1.7367125984251968
20
1.1268897637795274
11
1.7380309055118111
21
1.1266275196850393
0
LINE
8
BLACK
6
CONTINUOUS
10
1.7380309055118111
20
1.1266275196850393
11
1.7391485039370078
21
1.1258807874015748
0
LINE
8
BLACK
6
CONTINUOUS
10
1.7391485039370078
20
1.1258807874015748
11
1.7397896062992126
21
1.1249212598425196
0
LINE
8
BLACK
6
CONTINUOUS
10
1.7397896062992126
20
1.1249212598425196
11
1.7509999999999999
21
1.1249212598425196
0
LINE
8
BLACK
6
CONTINUOUS
10
1.7509999999999999
20
1.1249212598425196
11
1.7519600787401575
21
1.1248266929133859
0
LINE
8
BLACK
6
CONTINUOUS
10
1.7519600787401575
20
1.1248266929133859
11
1.7519601181102362
21
1.1248266929133859
0
LINE
8
BLACK
6
CONTINUOUS
10
1.7519601181102362
20
1.1248266929133859
11
1.752363464566929
21
1.1246596062992125
0
LINE
8
BLACK
6
CONTINUOUS
10
1.752363464566929
20
1.1246596062992125
11
1.753734094488189
21
1.1240918897637795
0
LINE
8
BLACK
6
CONTINUOUS
10
1.753734094488189
20
1.1240918897637795
11
1.7537342913385827
21
1.1240916929133857
0
LINE
8
BLACK
6
CONTINUOUS
10
1.7537342913385827
20
1.1240916929133857
11
1.754479842519685
21
1.123479842519685
0
LINE
8
BLACK
6
CONTINUOUS
10
1.754479842519685
20
1.123479842519685
11
1.7549222834645668
21
1.123037401574803
0
LINE
8
BLACK
6
CONTINUOUS
10
1.7549222834645668
20
1.123037401574803
11
1.7823119291338583
21
1.123037401574803
0
LINE
8
BLACK
6
CONTINUOUS
10
1.7823119291338583
20
1.123037401574803
11
1.7823119291338583
21
1.1257281889763779
0
LINE
8
BLACK
6
CONTINUOUS
10
1.7823119291338583
20
1.1257281889763779
11
1.7836346062992126
21
1.1289214173228346
0
LINE
8
BLACK
6
CONTINUOUS
10
1.7836346062992126
20
1.1289214173228346
11
1.7847362598425196
21
1.1302637401574802
0
LINE
8
BLACK
6
CONTINUOUS
10
1.7847362598425196
20
1.1302637401574802
11
1.7951410236220473
21
1.1406685039370079
0
LINE
8
BLACK
6
CONTINUOUS
10
1.7951410236220473
20
1.1406685039370079
11
1.7964833464566929
21
1.141770157480315
0
LINE
8
BLACK
6
CONTINUOUS
10
1.7964833464566929
20
1.141770157480315
11
1.7996765748031496
21
1.1430928346456692
0
LINE
8
BLACK
6
CONTINUOUS
10
1.7996765748031496
20
1.1430928346456692
11
1.7996766141732283
21
1.1430928346456692
0
LINE
8
BLACK
6
CONTINUOUS
10
1.7996766141732283
20
1.1430928346456692
11
1.8014047637795274
21
1.143263031496063
0
LINE
8
BLACK
6
CONTINUOUS
10
1.8014047637795274
20
1.143263031496063
11
1.8869260236220473
21
1.143263031496063
0
LINE
8
BLACK
6
CONTINUOUS
10
1.8869260236220473
20
1.143263031496063
11
1.9595724015748031
21
1.215909409448819
0
LINE
8
BLACK
6
CONTINUOUS
10
1.9595724015748031
20
1.215909409448819
11
1.9609147244094487
21
1.2170110236220473
0
LINE
8
BLACK
6
CONTINUOUS
10
1.9609147244094487
20
1.2170110236220473
11
1.9609147637795274
21
1.217011062992126
0
LINE
8
BLACK
6
CONTINUOUS
10
1.9609147637795274
20
1.217011062992126
11
1.9641079921259843
21
1.2183337401574803
0
LINE
8
BLACK
6
CONTINUOUS
10
1.9641079921259843
20
1.2183337401574803
11
1.9658361417322834
21
1.2185039370078741
0
LINE
8
BLACK
6
CONTINUOUS
10
1.9658361417322834
20
1.2185039370078741
11
2.0644291338582677
21
1.2185039370078741
0
LINE
8
BLACK
6
CONTINUOUS
10
2.0644291338582677
20
1.2185039370078741
11
2.066157283464567
21
1.2183337401574803
0
LINE
8
BLACK
6
CONTINUOUS
10
2.1281760236220473
20
1.2818098425196851
11
2.1313691732283466
21
1.2796762598425198
0
LINE
8
BLACK
6
CONTINUOUS
10
2.1313691732283466
20
1.2796762598425198
11
2.133502755905512
21
1.2764831102362204
0
LINE
8
BLACK
6
CONTINUOUS
10
2.133502755905512
20
1.2764831102362204
11
2.1342519685039369
21
1.2727165354330707
0
LINE
8
BLACK
6
CONTINUOUS
10
2.1342519685039369
20
1.2727165354330707
11
2.1342519685039369
21
1.2372834645669291
0
LINE
8
BLACK
6
CONTINUOUS
10
2.1342519685039369
20
1.2372834645669291
11
2.133502755905512
21
1.2335168897637796
0
LINE
8
BLACK
6
CONTINUOUS
10
2.133502755905512
20
1.2335168897637796
11
2.1313691732283466
21
1.2303237401574803
0
LINE
8
BLACK
6
CONTINUOUS
10
2.1313691732283466
20
1.2303237401574803
11
2.1281760236220473
21
1.2281901574803149
0
LINE
8
BLACK
6
CONTINUOUS
10
2.1281760236220473
20
1.2281901574803149
11
2.1244094488188976
21
1.2274409448818897
0
LINE
8
BLACK
6
CONTINUOUS
10
2.1244094488188976
20
1.2274409448818897
11
2.1037401574803147
21
1.2274409448818897
0
LINE
8
BLACK
6
CONTINUOUS
10
2.1037401574803147
20
1.2274409448818897
11
2.0999735826771655
21
1.2281901574803149
0
LINE
8
BLACK
6
CONTINUOUS
10
2.0999735826771655
20
1.2281901574803149
11
2.0967804330708661
21
1.2303237401574803
0
LINE
8
BLACK
6
CONTINUOUS
10
2.0967804330708661
20
1.2303237401574803
11
2.0946468503937008
21
1.2335168897637796
0
LINE
8
BLACK
6
CONTINUOUS
10
2.0946468503937008
20
1.2335168897637796
11
2.0938976377952754
21
1.2372834645669291
0
LINE
8
BLACK
6
CONTINUOUS
10
2.0938976377952754
20
1.2372834645669291
11
2.0938976377952754
21
1.2461417322834645
0
LINE
8
BLACK
6
CONTINUOUS
10
2.0938976377952754
20
1.2461417322834645
11
1.9786692125984251
21
1.2461417322834645
0
LINE
8
BLACK
6
CONTINUOUS
10
1.9786692125984251
20
1.2461417322834645
11
1.9012637401574803
21
1.1687362598425197
0
LINE
8
BLACK
6
CONTINUOUS
10
1.9012637401574803
20
1.1687362598425197
11
1.8999214173228347
21
1.1676346062992127
0
LINE
8
BLACK
6
CONTINUOUS
10
1.8999214173228347
20
1.1676346062992127
11
1.8967281889763778
21
1.1663119291338582
0
LINE
8
BLACK
6
CONTINUOUS
10
1.8967281889763778
20
1.1663119291338582
11
1.8967281496062991
21
1.1663119291338582
0
LINE
8
BLACK
6
CONTINUOUS
10
1.8967281496062991
20
1.1663119291338582
11
1.895
21
1.1661417322834646
0
LINE
8
BLACK
6
CONTINUOUS
10
1.895
20
1.1661417322834646
11
1.7986692125984252
21
1.1661417322834646
0
LINE
8
BLACK
6
CONTINUOUS
10
1.7986692125984252
20
1.1661417322834646
11
1.7662637401574803
21
1.1337362598425196
0
LINE
8
BLACK
6
CONTINUOUS
10
1.7662637401574803
20
1.1337362598425196
11
1.7649214173228347
21
1.1326346062992125
0
LINE
8
BLACK
6
CONTINUOUS
10
1.7649214173228347
20
1.1326346062992125
11
1.7617281889763778
21
1.1313119291338583
0
LINE
8
BLACK
6
CONTINUOUS
10
1.7617281889763778
20
1.1313119291338583
11
1.758271811023622
21
1.1313119291338583
0
LINE
8
BLACK
6
CONTINUOUS
10
1.758271811023622
20
1.1313119291338583
11
1.7550785826771653
21
1.1326346062992125
0
LINE
8
BLACK
6
CONTINUOUS
10
1.7550785826771653
20
1.1326346062992125
11
1.7529494488188977
21
1.1347637401574804
0
LINE
8
BLACK
6
CONTINUOUS
10
1.7529494488188977
20
1.1347637401574804
11
1.7397896062992126
21
1.1347637401574804
0
LINE
8
BLACK
6
CONTINUOUS
10
1.7397896062992126
20
1.1347637401574804
11
1.7391485039370078
21
1.1338042519685039
0
LINE
8
BLACK
6
CONTINUOUS
10
1.7391485039370078
20
1.1338042519685039
11
1.7380309055118111
21
1.1330575196850394
0
LINE
8
BLACK
6
CONTINUOUS
10
1.7380309055118111
20
1.1330575196850394
11
1.7367125984251968
21
1.1327952755905513
0
LINE
8
BLACK
6
CONTINUOUS
10
1.7367125984251968
20
1.1327952755905513
11
1.6796259842519685
21
1.1327952755905513
0
LINE
8
BLACK
6
CONTINUOUS
10
1.6796259842519685
20
1.1327952755905513
11
1.6783076771653542
21
1.1330575196850394
0
LINE
8
BLACK
6
CONTINUOUS
10
1.6783076771653542
20
1.1330575196850394
11
1.6771900787401575
21
1.1338042519685039
0
LINE
8
BLACK
6
CONTINUOUS
10
1.6771900787401575
20
1.1338042519685039
11
1.6764433464566928
21
1.1349218503937009
0
LINE
8
BLACK
6
CONTINUOUS
10
1.6764433464566928
20
1.1349218503937009
11
1.6761811023622046
21
1.1362401574803149
0
LINE
8
BLACK
6
CONTINUOUS
10
1.6761811023622046
20
1.1362401574803149
11
1.6761811023622046
21
1.1431299212598425
0
LINE
8
BLACK
6
CONTINUOUS
10
1.6761811023622046
20
1.1431299212598425
11
1.6764433464566928
21
1.1444482283464568
0
LINE
8
BLACK
6
CONTINUOUS
10
1.6764433464566928
20
1.1444482283464568
11
1.6771900787401575
21
1.1455658267716535
0
LINE
8
BLACK
6
CONTINUOUS
10
1.6771900787401575
20
1.1455658267716535
11
1.6783076771653542
21
1.146312559055118
0
LINE
8
BLACK
6
CONTINUOUS
10
1.6783076771653542
20
1.146312559055118
11
1.6796259842519685
21
1.1465748031496064
0
LINE
8
BLACK
6
CONTINUOUS
10
1.6796259842519685
20
1.1465748031496064
11
1.7367125984251968
21
1.1465748031496064
0
LINE
8
BLACK
6
CONTINUOUS
10
1.7367125984251968
20
1.1465748031496064
11
1.7380309055118111
21
1.146312559055118
0
LINE
8
BLACK
6
CONTINUOUS
10
1.7380309055118111
20
1.146312559055118
11
1.7391485039370078
21
1.1455658267716535
0
LINE
8
BLACK
6
CONTINUOUS
10
1.7391485039370078
20
1.1455658267716535
11
1.7397896456692914
21
1.1446062598425197
0
LINE
8
BLACK
6
CONTINUOUS
10
1.7397896456692914
20
1.1446062598425197
11
1.7525040551181101
21
1.1446062598425197
0
LINE
8
BLACK
6
CONTINUOUS
10
1.7525040551181101
20
1.1446062598425197
11
1.7526346062992126
21
1.1449214173228346
0
LINE
8
BLACK
6
CONTINUOUS
10
1.7526346062992126
20
1.1449214173228346
11
1.7537362598425197
21
1.1462637401574802
0
LINE
8
BLACK
6
CONTINUOUS
10
1.7537362598425197
20
1.1462637401574802
11
1.7887362598425196
21
1.1812637401574804
0
LINE
8
BLACK
6
CONTINUOUS
10
1.7887362598425196
20
1.1812637401574804
11
1.7900785826771652
21
1.1823653937007874
0
LINE
8
BLACK
6
CONTINUOUS
10
1.7900785826771652
20
1.1823653937007874
11
1.7932718110236221
21
1.1836880708661417
0
LINE
8
BLACK
6
CONTINUOUS
10
1.7932718110236221
20
1.1836880708661417
11
1.7932718503937009
21
1.1836880708661417
0
LINE
8
BLACK
6
CONTINUOUS
10
1.7932718503937009
20
1.1836880708661417
11
1.7949999999999999
21
1.1838582677165355
0
LINE
8
BLACK
6
CONTINUOUS
10
1.7949999999999999
20
1.1838582677165355
11
1.8913307874015748
21
1.1838582677165355
0
LINE
8
BLACK
6
CONTINUOUS
10
1.8913307874015748
20
1.1838582677165355
11
1.9687362598425195
21
1.2612637401574802
0
LINE
8
BLACK
6
CONTINUOUS
10
1.9687362598425195
20
1.2612637401574802
11
1.9700785826771654
21
1.2623653937007873
0
LINE
8
BLACK
6
CONTINUOUS
10
1.9700785826771654
20
1.2623653937007873
11
1.973271811023622
21
1.2636880708661418
0
LINE
8
BLACK
6
CONTINUOUS
10
1.973271811023622
20
1.2636880708661418
11
1.9732718503937008
21
1.2636880708661418
0
LINE
8
BLACK
6
CONTINUOUS
10
1.9732718503937008
20
1.2636880708661418
11
1.9749999999999999
21
1.2638582677165353
0
LINE
8
BLACK
6
CONTINUOUS
10
1.9749999999999999
20
1.2638582677165353
11
2.0938976377952754
21
1.2638582677165353
0
LINE
8
BLACK
6
CONTINUOUS
10
2.0938976377952754
20
1.2638582677165353
11
2.0938976377952754
21
1.2727165354330707
0
LINE
8
BLACK
6
CONTINUOUS
10
2.0938976377952754
20
1.2727165354330707
11
2.0946468503937008
21
1.2764831102362204
0
LINE
8
BLACK
6
CONTINUOUS
10
2.0946468503937008
20
1.2764831102362204
11
2.0967804330708661
21
1.2796762598425198
0
LINE
8
BLACK
6
CONTINUOUS
10
2.0967804330708661
20
1.2796762598425198
11
2.0999735826771655
21
1.2818098425196851
0
LINE
8
BLACK
6
CONTINUOUS
10
2.0999735826771655
20
1.2818098425196851
11
2.1037401574803147
21
1.2825590551181103
0
LINE
8
BLACK
6
CONTINUOUS
10
2.1037401574803147
20
1.2825590551181103
11
2.1244094488188976
21
1.2825590551181103
0
LINE
8
BLACK
6
CONTINUOUS
10
2.1244094488188976
20
1.2825590551181103
11
2.1281760236220473
21
1.2818098425196851
0
LINE
8
BLACK
6
CONTINUOUS
10
2.0641297244094488
20
1.4545542125984252
11
2.0641297637795275
21
1.4545542125984252
0
LINE
8
BLACK
6
CONTINUOUS
10
2.0641297637795275
20
1.4545542125984252
11
2.0673229921259844
21
1.4532315354330709
0
LINE
8
BLACK
6
CONTINUOUS
10
2.0673229921259844
20
1.4532315354330709
11
2.0686653149606298
21
1.4521298818897637
0
LINE
8
BLACK
6
CONTINUOUS
10
2.0686653149606298
20
1.4521298818897637
11
2.1203385433070867
21
1.400456653543307
0
LINE
8
BLACK
6
CONTINUOUS
10
2.1203385433070867
20
1.400456653543307
11
2.1214401574803148
21
1.3991143307086613
0
LINE
8
BLACK
6
CONTINUOUS
10
2.1214401574803148
20
1.3991143307086613
11
2.1214401968503935
21
1.3991142913385826
0
LINE
8
BLACK
6
CONTINUOUS
10
2.1214401968503935
20
1.3991142913385826
11
2.1217736614173228
21
1.3983092125984251
0
LINE
8
BLACK
6
CONTINUOUS
10
2.1217736614173228
20
1.3983092125984251
11
2.1225912992125986
21
1.3963352362204724
0
LINE
8
BLACK
6
CONTINUOUS
10
2.1225912992125986
20
1.3963352362204724
11
2.122762874015748
21
1.3959210629921259
0
LINE
8
BLACK
6
CONTINUOUS
10
2.122762874015748
20
1.3959210629921259
11
2.1229330708661416
21
1.3941929133858268
0
LINE
8
BLACK
6
CONTINUOUS
10
2.1229330708661416
20
1.3941929133858268
11
2.1229330708661416
21
1.3875590551181103
0
LINE
8
BLACK
6
CONTINUOUS
10
2.1229330708661416
20
1.3875590551181103
11
2.1244094488188976
21
1.3875590551181103
0
LINE
8
BLACK
6
CONTINUOUS
10
2.1244094488188976
20
1.3875590551181103
11
2.1281760236220473
21
1.3868098425196851
0
LINE
8
BLACK
6
CONTINUOUS
10
2.1281760236220473
20
1.3868098425196851
11
2.1313691732283466
21
1.3846762598425197
0
LINE
8
BLACK
6
CONTINUOUS
10
2.1313691732283466
20
1.3846762598425197
11
2.133502755905512
21
1.3814831102362204
0
LINE
8
BLACK
6
CONTINUOUS
10
2.133502755905512
20
1.3814831102362204
11
2.1342519685039369
21
1.3777165354330709
0
LINE
8
BLACK
6
CONTINUOUS
10
2.1342519685039369
20
1.3777165354330709
11
2.1342519685039369
21
1.342283464566929
0
LINE
8
BLACK
6
CONTINUOUS
10
2.1342519685039369
20
1.342283464566929
11
2.133502755905512
21
1.3385168897637796
0
LINE
8
BLACK
6
CONTINUOUS
10
2.133502755905512
20
1.3385168897637796
11
2.1313691732283466
21
1.3353237401574802
0
LINE
8
BLACK
6
CONTINUOUS
10
2.1313691732283466
20
1.3353237401574802
11
2.1281760236220473
21
1.3331901574803149
0
LINE
8
BLACK
6
CONTINUOUS
10
2.1281760236220473
20
1.3331901574803149
11
2.1244094488188976
21
1.3324409448818897
0
LINE
8
BLACK
6
CONTINUOUS
10
2.1244094488188976
20
1.3324409448818897
11
2.1037401574803147
21
1.3324409448818897
0
LINE
8
BLACK
6
CONTINUOUS
10
2.1037401574803147
20
1.3324409448818897
11
2.0999735826771655
21
1.3331901574803149
0
LINE
8
BLACK
6
CONTINUOUS
10
2.0999735826771655
20
1.3331901574803149
11
2.0967804330708661
21
1.3353237401574802
0
LINE
8
BLACK
6
CONTINUOUS
10
2.0967804330708661
20
1.3353237401574802
11
2.0946468503937008
21
1.3385168897637796
0
LINE
8
BLACK
6
CONTINUOUS
10
2.0946468503937008
20
1.3385168897637796
11
2.0938976377952754
21
1.342283464566929
0
LINE
8
BLACK
6
CONTINUOUS
10
2.0938976377952754
20
1.342283464566929
11
2.0938976377952754
21
1.3777165354330709
0
LINE
8
BLACK
6
CONTINUOUS
10
2.0938976377952754
20
1.3777165354330709
11
2.0946468503937008
21
1.3814831102362204
0
LINE
8
BLACK
6
CONTINUOUS
10
2.0946468503937008
20
1.3814831102362204
11
2.0967804330708661
21
1.3846762598425197
0
LINE
8
BLACK
6
CONTINUOUS
10
2.0967804330708661
20
1.3846762598425197
11
2.0999735826771655
21
1.3868098425196851
0
LINE
8
BLACK
6
CONTINUOUS
10
2.0999735826771655
20
1.3868098425196851
11
2.1037401574803147
21
1.3875590551181103
0
LINE
8
BLACK
6
CONTINUOUS
10
2.1037401574803147
20
1.3875590551181103
11
2.1052165354330707
21
1.3875590551181103
0
LINE
8
BLACK
6
CONTINUOUS
10
2.1052165354330707
20
1.3875590551181103
11
2.1052165354330707
21
1.3905237007874016
0
LINE
8
BLACK
6
CONTINUOUS
10
2.1052165354330707
20
1.3905237007874016
11
2.0587323622047244
21
1.4370078740157479
0
LINE
8
BLACK
6
CONTINUOUS
10
2.0587323622047244
20
1.4370078740157479
11
1.9895353543307086
21
1.4370078740157479
0
LINE
8
BLACK
6
CONTINUOUS
10
1.9895353543307086
20
1.4370078740157479
11
1.9638582677165355
21
1.4113307874015748
0
LINE
8
BLACK
6
CONTINUOUS
10
1.9638582677165355
20
1.4113307874015748
11
1.9638582677165355
21
1.2849999999999999
0
LINE
8
BLACK
6
CONTINUOUS
10
1.9638582677165355
20
1.2849999999999999
11
1.9636880708661417
21
1.2832718503937008
0
LINE
8
BLACK
6
CONTINUOUS
10
1.9636880708661417
20
1.2832718503937008
11
1.9636880708661417
21
1.2832718110236221
0
LINE
8
BLACK
6
CONTINUOUS
10
1.9636880708661417
20
1.2832718110236221
11
1.9623653937007874
21
1.2800785826771652
0
LINE
8
BLACK
6
CONTINUOUS
10
1.9623653937007874
20
1.2800785826771652
11
1.9612637401574802
21
1.2787362598425196
0
LINE
8
BLACK
6
CONTINUOUS
10
1.9612637401574802
20
1.2787362598425196
11
1.8912637401574803
21
1.2087362598425198
0
LINE
8
BLACK
6
CONTINUOUS
10
1.8912637401574803
20
1.2087362598425198
11
1.8899214173228347
21
1.2076346062992125
0
LINE
8
BLACK
6
CONTINUOUS
10
1.8899214173228347
20
1.2076346062992125
11
1.8867281889763778
21
1.2063119291338582
0
LINE
8
BLACK
6
CONTINUOUS
10
1.8867281889763778
20
1.2063119291338582
11
1.8867281496062991
21
1.2063119291338582
0
LINE
8
BLACK
6
CONTINUOUS
10
1.8867281496062991
20
1.2063119291338582
11
1.885
21
1.2061417322834644
0
LINE
8
BLACK
6
CONTINUOUS
10
1.885
20
1.2061417322834644
11
1.7986692125984252
21
1.2061417322834644
0
LINE
8
BLACK
6
CONTINUOUS
10
1.7986692125984252
20
1.2061417322834644
11
1.7622637401574803
21
1.1697362598425196
0
LINE
8
BLACK
6
CONTINUOUS
10
1.7622637401574803
20
1.1697362598425196
11
1.7609214173228347
21
1.1686346062992126
0
LINE
8
BLACK
6
CONTINUOUS
10
1.7609214173228347
20
1.1686346062992126
11
1.7577281889763778
21
1.1673119291338583
0
LINE
8
BLACK
6
CONTINUOUS
10
1.7577281889763778
20
1.1673119291338583
11
1.754271811023622
21
1.1673119291338583
0
LINE
8
BLACK
6
CONTINUOUS
10
1.754271811023622
20
1.1673119291338583
11
1.7542716535433069
21
1.1673120078740158
0
LINE
8
BLACK
6
CONTINUOUS
10
1.7542716535433069
20
1.1673120078740158
11
1.7428499212598425
21
1.1558902362204724
0
LINE
8
BLACK
6
CONTINUOUS
10
1.7428499212598425
20
1.1558902362204724
11
1.7421043700787402
21
1.1552784251968504
0
LINE
8
BLACK
6
CONTINUOUS
10
1.7421043700787402
20
1.1552784251968504
11
1.7421041732283464
21
1.1552781889763779
0
LINE
8
BLACK
6
CONTINUOUS
10
1.7421041732283464
20
1.1552781889763779
11
1.7408497637795275
21
1.1547586220472441
0
LINE
8
BLACK
6
CONTINUOUS
10
1.7408497637795275
20
1.1547586220472441
11
1.7403301968503937
21
1.1545433858267715
0
LINE
8
BLACK
6
CONTINUOUS
10
1.7403301968503937
20
1.1545433858267715
11
1.7403301574803149
21
1.1545433858267715
0
LINE
8
BLACK
6
CONTINUOUS
10
1.7403301574803149
20
1.1545433858267715
11
1.7398191732283463
21
1.1544930708661416
0
LINE
8
BLACK
6
CONTINUOUS
10
1.7398191732283463
20
1.1544930708661416
11
1.7391485039370078
21
1.1534892913385826
0
LINE
8
BLACK
6
CONTINUOUS
10
1.7391485039370078
20
1.1534892913385826
11
1.7380309055118111
21
1.1527425590551181
0
LINE
8
BLACK
6
CONTINUOUS
10
1.7380309055118111
20
1.1527425590551181
11
1.7367125984251968
21
1.15248031496063
0
LINE
8
BLACK
6
CONTINUOUS
10
1.7367125984251968
20
1.15248031496063
11
1.6796259842519685
21
1.15248031496063
0
LINE
8
BLACK
6
CONTINUOUS
10
1.6796259842519685
20
1.15248031496063
11
1.6783076771653542
21
1.1527425590551181
0
LINE
8
BLACK
6
CONTINUOUS
10
1.6783076771653542
20
1.1527425590551181
11
1.6771900787401575
21
1.1534892913385826
0
LINE
8
BLACK
6
CONTINUOUS
10
1.6771900787401575
20
1.1534892913385826
11
1.6764433464566928
21
1.1546068897637796
0
LINE
8
BLACK
6
CONTINUOUS
10
1.6764433464566928
20
1.1546068897637796
11
1.6761811023622046
21
1.1559251968503936
0
LINE
8
BLACK
6
CONTINUOUS
10
1.6761811023622046
20
1.1559251968503936
11
1.6761811023622046
21
1.1628149606299212
0
LINE
8
BLACK
6
CONTINUOUS
10
1.6761811023622046
20
1.1628149606299212
11
1.6764433464566928
21
1.1641332677165355
0
LINE
8
BLACK
6
CONTINUOUS
10
1.6764433464566928
20
1.1641332677165355
11
1.6771900787401575
21
1.1652508661417322
0
LINE
8
BLACK
6
CONTINUOUS
10
1.6771900787401575
20
1.1652508661417322
11
1.6783076771653542
21
1.1659975984251969
0
LINE
8
BLACK
6
CONTINUOUS
10
1.6783076771653542
20
1.1659975984251969
11
1.6796259842519685
21
1.1662598425196851
0
LINE
8
BLACK
6
CONTINUOUS
10
1.6796259842519685
20
1.1662598425196851
11
1.7367125984251968
21
1.1662598425196851
0
LINE
8
BLACK
6
CONTINUOUS
10
1.7367125984251968
20
1.1662598425196851
11
1.7380309055118111
21
1.1659975984251969
0
LINE
8
BLACK
6
CONTINUOUS
10
1.7380309055118111
20
1.1659975984251969
11
1.7386345669291339
21
1.1655942913385826
0
LINE
8
BLACK
6
CONTINUOUS
10
1.7386345669291339
20
1.1655942913385826
11
1.7473119685039369
21
1.1742716929133858
0
LINE
8
BLACK
6
CONTINUOUS
10
1.7473119685039369
20
1.1742716929133858
11
1.7473119291338581
21
1.1742718110236221
0
LINE
8
BLACK
6
CONTINUOUS
10
1.7473119291338581
20
1.1742718110236221
11
1.7473119291338581
21
1.177728188976378
0
LINE
8
BLACK
6
CONTINUOUS
10
1.7473119291338581
20
1.177728188976378
11
1.7486346062992126
21
1.1809214173228346
0
LINE
8
BLACK
6
CONTINUOUS
10
1.7486346062992126
20
1.1809214173228346
11
1.7497362598425197
21
1.1822637401574803
0
LINE
8
BLACK
6
CONTINUOUS
10
1.7497362598425197
20
1.1822637401574803
11
1.7887362598425196
21
1.2212637401574802
0
LINE
8
BLACK
6
CONTINUOUS
10
1.7887362598425196
20
1.2212637401574802
11
1.7900785826771652
21
1.2223653937007875
0
LINE
8
BLACK
6
CONTINUOUS
10
1.7900785826771652
20
1.2223653937007875
11
1.7932718110236221
21
1.2236880708661417
0
LINE
8
BLACK
6
CONTINUOUS
10
1.7932718110236221
20
1.2236880708661417
11
1.7932718503937009
21
1.2236880708661417
0
LINE
8
BLACK
6
CONTINUOUS
10
1.7932718503937009
20
1.2236880708661417
11
1.7949999999999999
21
1.2238582677165355
0
LINE
8
BLACK
6
CONTINUOUS
10
1.7949999999999999
20
1.2238582677165355
11
1.8813307874015748
21
1.2238582677165355
0
LINE
8
BLACK
6
CONTINUOUS
10
1.8813307874015748
20
1.2238582677165355
11
1.9461417322834644
21
1.2886692125984252
0
LINE
8
BLACK
6
CONTINUOUS
10
1.9461417322834644
20
1.2886692125984252
11
1.9461417322834644
21
1.415
0
LINE
8
BLACK
6
CONTINUOUS
10
1.9461417322834644
20
1.415
11
1.9463119291338582
21
1.4167281496062991
0
LINE
8
BLACK
6
CONTINUOUS
10
1.9463119291338582
20
1.4167281496062991
11
1.9465096456692912
21
1.4172054330708661
0
LINE
8
BLACK
6
CONTINUOUS
10
1.9465096456692912
20
1.4172054330708661
11
1.9476346062992125
21
1.4199214173228347
0
LINE
8
BLACK
6
CONTINUOUS
10
1.9476346062992125
20
1.4199214173228347
11
1.9487362598425197
21
1.4212637401574804
0
LINE
8
BLACK
6
CONTINUOUS
10
1.9487362598425197
20
1.4212637401574804
11
1.9796024015748031
21
1.4521298818897637
0
LINE
8
BLACK
6
CONTINUOUS
10
1.9796024015748031
20
1.4521298818897637
11
1.9809447244094487
21
1.4532314960629922
0
LINE
8
BLACK
6
CONTINUOUS
10
1.9809447244094487
20
1.4532314960629922
11
1.9809447637795274
21
1.4532315354330709
0
LINE
8
BLACK
6
CONTINUOUS
10
1.9809447637795274
20
1.4532315354330709
11
1.9841379921259843
21
1.4545542125984252
0
LINE
8
BLACK
6
CONTINUOUS
10
1.9841379921259843
20
1.4545542125984252
11
1.9858661417322834
21
1.4547244094488188
0
LINE
8
BLACK
6
CONTINUOUS
10
1.9858661417322834
20
1.4547244094488188
11
2.0624015748031495
21
1.4547244094488188
0
LINE
8
BLACK
6
CONTINUOUS
10
2.0624015748031495
20
1.4547244094488188
11
2.0641297244094488
21
1.4545542125984252
0
LINE
8
BLACK
6
CONTINUOUS
10
1.7396959842519684
20
1.3864958267716536
11
1.7416118503937008
21
1.3852156692913387
0
LINE
8
BLACK
6
CONTINUOUS
10
1.7416118503937008
20
1.3852156692913387
11
1.7428920078740158
21
1.3832998031496062
0
LINE
8
BLACK
6
CONTINUOUS
10
1.7428920078740158
20
1.3832998031496062
11
1.7433415354330708
21
1.381039842519685
0
LINE
8
BLACK
6
CONTINUOUS
10
1.7433415354330708
20
1.381039842519685
11
1.7433415354330708
21
1.3347800000000001
0
LINE
8
BLACK
6
CONTINUOUS
10
1.7433415354330708
20
1.3347800000000001
11
1.7428920078740158
21
1.3325200393700787
0
LINE
8
BLACK
6
CONTINUOUS
10
1.7428920078740158
20
1.3325200393700787
11
1.7416118503937008
21
1.3306041732283465
0
LINE
8
BLACK
6
CONTINUOUS
10
1.7416118503937008
20
1.3306041732283465
11
1.7396959842519684
21
1.3293240157480315
0
LINE
8
BLACK
6
CONTINUOUS
10
1.7396959842519684
20
1.3293240157480315
11
1.7374360236220472
21
1.3288744881889762
0
LINE
8
BLACK
6
CONTINUOUS
10
1.7374360236220472
20
1.3288744881889762
11
1.725625
21
1.3288744881889762
0
LINE
8
BLACK
6
CONTINUOUS
10
1.725625
20
1.3288744881889762
11
1.7233650393700788
21
1.3293240157480315
0
LINE
8
BLACK
6
CONTINUOUS
10
1.7233650393700788
20
1.3293240157480315
11
1.7214491732283463
21
1.3306041732283465
0
LINE
8
BLACK
6
CONTINUOUS
10
1.7214491732283463
20
1.3306041732283465
11
1.7201690157480314
21
1.3325200393700787
0
LINE
8
BLACK
6
CONTINUOUS
10
1.7201690157480314
20
1.3325200393700787
11
1.7197194881889764
21
1.3347800000000001
0
LINE
8
BLACK
6
CONTINUOUS
10
1.7197194881889764
20
1.3347800000000001
11
1.7197194881889764
21
1.349051653543307
0
LINE
8
BLACK
6
CONTINUOUS
10
1.7197194881889764
20
1.349051653543307
11
1.6731145669291339
21
1.349051653543307
0
LINE
8
BLACK
6
CONTINUOUS
10
1.6731145669291339
20
1.349051653543307
11
1.6677991732283464
21
1.3437362598425198
0
LINE
8
BLACK
6
CONTINUOUS
10
1.6677991732283464
20
1.3437362598425198
11
1.6664568503937007
21
1.3426346062992125
0
LINE
8
BLACK
6
CONTINUOUS
10
1.6664568503937007
20
1.3426346062992125
11
1.6632636220472441
21
1.3413119291338582
0
LINE
8
BLACK
6
CONTINUOUS
10
1.6632636220472441
20
1.3413119291338582
11
1.6632635826771653
21
1.3413119291338582
0
LINE
8
BLACK
6
CONTINUOUS
10
1.6632635826771653
20
1.3413119291338582
11
1.661535433070866
21
1.3411417322834644
0
LINE
8
BLACK
6
CONTINUOUS
10
1.661535433070866
20
1.3411417322834644
11
1.6499999999999999
21
1.3411417322834644
0
LINE
8
BLACK
6
CONTINUOUS
10
1.6499999999999999
20
1.3411417322834644
11
1.6499999999999999
21
1.3200000000000001
0
LINE
8
BLACK
6
CONTINUOUS
10
1.6499999999999999
20
1.3200000000000001
11
1.5899999999999999
21
1.3200000000000001
0
LINE
8
BLACK
6
CONTINUOUS
10
1.5899999999999999
20
1.3200000000000001
11
1.5899999999999999
21
1.3799999999999999
0
LINE
8
BLACK
6
CONTINUOUS
10
1.5899999999999999
20
1.3799999999999999
11
1.6499999999999999
21
1.3799999999999999
0
LINE
8
BLACK
6
CONTINUOUS
10
1.6499999999999999
20
1.3799999999999999
11
1.6499999999999999
21
1.3588582677165355
0
LINE
8
BLACK
6
CONTINUOUS
10
1.6499999999999999
20
1.3588582677165355
11
1.6578662204724408
21
1.3588582677165355
0
LINE
8
BLACK
6
CONTINUOUS
10
1.6578662204724408
20
1.3588582677165355
11
1.6631816141732283
21
1.3641736614173228
0
LINE
8
BLACK
6
CONTINUOUS
10
1.6631816141732283
20
1.3641736614173228
11
1.6645239370078739
21
1.3652752755905511
0
LINE
8
BLACK
6
CONTINUOUS
10
1.6645239370078739
20
1.3652752755905511
11
1.6645239763779527
21
1.3652753149606298
0
LINE
8
BLACK
6
CONTINUOUS
10
1.6645239763779527
20
1.3652753149606298
11
1.6677172047244093
21
1.3665979921259843
0
LINE
8
BLACK
6
CONTINUOUS
10
1.6677172047244093
20
1.3665979921259843
11
1.6694453543307086
21
1.3667681889763779
0
LINE
8
BLACK
6
CONTINUOUS
10
1.6694453543307086
20
1.3667681889763779
11
1.7197194881889764
21
1.3667681889763779
0
LINE
8
BLACK
6
CONTINUOUS
10
1.7197194881889764
20
1.3667681889763779
11
1.7197194881889764
21
1.381039842519685
0
LINE
8
BLACK
6
CONTINUOUS
10
1.7197194881889764
20
1.381039842519685
11
1.7201690157480314
21
1.3832998031496062
0
LINE
8
BLACK
6
CONTINUOUS
10
1.7201690157480314
20
1.3832998031496062
11
1.7214491732283463
21
1.3852156692913387
0
LINE
8
BLACK
6
CONTINUOUS
10
1.7214491732283463
20
1.3852156692913387
11
1.7233650393700788
21
1.3864958267716536
0
LINE
8
BLACK
6
CONTINUOUS
10
1.7233650393700788
20
1.3864958267716536
11
1.725625
21
1.3869453543307086
0
LINE
8
BLACK
6
CONTINUOUS
10
1.725625
20
1.3869453543307086
11
1.7374360236220472
21
1.3869453543307086
0
LINE
8
BLACK
6
CONTINUOUS
10
1.7374360236220472
20
1.3869453543307086
11
1.7396959842519684
21
1.3864958267716536
0
LINE
8
BLACK
6
CONTINUOUS
10
0.4468727559055118
20
1.0395789370078741
11
0.4544429527559055
21
1.037282559055118
0
LINE
8
BLACK
6
CONTINUOUS
10
0.4544429527559055
20
1.037282559055118
11
0.4614196456692913
21
1.0335533858267716
0
LINE
8
BLACK
6
CONTINUOUS
10
0.4614196456692913
20
1.0335533858267716
11
0.4675348031496063
21
1.0285348031496062
0
LINE
8
BLACK
6
CONTINUOUS
10
0.4675348031496063
20
1.0285348031496062
11
0.4725533858267716
21
1.0224196456692913
0
LINE
8
BLACK
6
CONTINUOUS
10
0.4725533858267716
20
1.0224196456692913
11
0.4762825590551181
21
1.0154429527559055
0
LINE
8
BLACK
6
CONTINUOUS
10
0.4762825590551181
20
1.0154429527559055
11
0.47828
21
1.0088582677165354
0
LINE
8
BLACK
6
CONTINUOUS
10
0.47828
20
1.0088582677165354
11
0.5229133858267716
21
1.0088582677165354
0
LINE
8
BLACK
6
CONTINUOUS
10
0.5229133858267716
20
1.0088582677165354
11
0.5229133858267716
21
1.0187007874015748
0
LINE
8
BLACK
6
CONTINUOUS
10
0.5229133858267716
20
1.0187007874015748
11
0.5236625984251968
21
1.0224673622047245
0
LINE
8
BLACK
6
CONTINUOUS
10
0.5236625984251968
20
1.0224673622047245
11
0.5257961811023621
21
1.0256605118110236
0
LINE
8
BLACK
6
CONTINUOUS
10
0.5257961811023621
20
1.0256605118110236
11
0.5289893307086614
21
1.0277940944881889
0
LINE
8
BLACK
6
CONTINUOUS
10
0.5289893307086614
20
1.0277940944881889
11
0.532755905511811
21
1.0285433070866141
0
LINE
8
BLACK
6
CONTINUOUS
10
0.532755905511811
20
1.0285433070866141
11
0.5524409448818898
21
1.0285433070866141
0
LINE
8
BLACK
6
CONTINUOUS
10
0.5524409448818898
20
1.0285433070866141
11
0.5562075196850393
21
1.0277940944881889
0
LINE
8
BLACK
6
CONTINUOUS
10
0.5562075196850393
20
1.0277940944881889
11
0.5594006692913386
21
1.0256605118110236
0
LINE
8
BLACK
6
CONTINUOUS
10
0.5594006692913386
20
1.0256605118110236
11
0.5615342519685039
21
1.0224673622047245
0
LINE
8
BLACK
6
CONTINUOUS
10
0.5615342519685039
20
1.0224673622047245
11
0.5622834645669291
21
1.0187007874015748
0
LINE
8
BLACK
6
CONTINUOUS
10
0.5622834645669291
20
1.0187007874015748
11
0.5622834645669291
21
0.9812992125984251
0
LINE
8
BLACK
6
CONTINUOUS
10
0.5622834645669291
20
0.9812992125984251
11
0.5615342519685039
21
0.9775326377952755
0
LINE
8
BLACK
6
CONTINUOUS
10
0.5615342519685039
20
0.9775326377952755
11
0.5594006692913386
21
0.9743394881889763
0
LINE
8
BLACK
6
CONTINUOUS
10
0.5594006692913386
20
0.9743394881889763
11
0.5562075196850393
21
0.972205905511811
0
LINE
8
BLACK
6
CONTINUOUS
10
0.5562075196850393
20
0.972205905511811
11
0.5524409448818898
21
0.9714566929133858
0
LINE
8
BLACK
6
CONTINUOUS
10
0.5524409448818898
20
0.9714566929133858
11
0.532755905511811
21
0.9714566929133858
0
LINE
8
BLACK
6
CONTINUOUS
10
0.532755905511811
20
0.9714566929133858
11
0.5289893307086614
21
0.972205905511811
0
LINE
8
BLACK
6
CONTINUOUS
10
0.5289893307086614
20
0.972205905511811
11
0.5257961811023621
21
0.9743394881889763
0
LINE
8
BLACK
6
CONTINUOUS
10
0.5257961811023621
20
0.9743394881889763
11
0.5236625984251968
21
0.9775326377952755
0
LINE
8
BLACK
6
CONTINUOUS
10
0.5236625984251968
20
0.9775326377952755
11
0.5229133858267716
21
0.9812992125984251
0
LINE
8
BLACK
6
CONTINUOUS
10
0.5229133858267716
20
0.9812992125984251
11
0.5229133858267716
21
0.9911417322834646
0
LINE
8
BLACK
6
CONTINUOUS
10
0.5229133858267716
20
0.9911417322834646
11
0.47828
21
0.9911417322834646
0
LINE
8
BLACK
6
CONTINUOUS
10
0.47828
20
0.9911417322834646
11
0.4762825590551181
21
0.9845570472440944
0
LINE
8
BLACK
6
CONTINUOUS
10
0.4762825590551181
20
0.9845570472440944
11
0.4725533858267716
21
0.9775803543307087
0
LINE
8
BLACK
6
CONTINUOUS
10
0.4725533858267716
20
0.9775803543307087
11
0.4675348031496063
21
0.9714651968503937
0
LINE
8
BLACK
6
CONTINUOUS
10
0.4675348031496063
20
0.9714651968503937
11
0.4614196456692913
21
0.9664466141732283
0
LINE
8
BLACK
6
CONTINUOUS
10
0.4614196456692913
20
0.9664466141732283
11
0.4544429527559055
21
0.9627174409448819
0
LINE
8
BLACK
6
CONTINUOUS
10
0.4544429527559055
20
0.9627174409448819
11
0.4468727559055118
21
0.9604210629921259
0
LINE
8
BLACK
6
CONTINUOUS
10
0.4468727559055118
20
0.9604210629921259
11
0.439
21
0.9596456692913385
0
LINE
8
BLACK
6
CONTINUOUS
10
0.439
20
0.9596456692913385
11
0.4311272440944882
21
0.9604210629921259
0
LINE
8
BLACK
6
CONTINUOUS
10
0.4311272440944882
20
0.9604210629921259
11
0.4235570472440945
21
0.9627174409448819
0
LINE
8
BLACK
6
CONTINUOUS
10
0.4235570472440945
20
0.9627174409448819
11
0.4165803543307087
21
0.9664466141732283
0
LINE
8
BLACK
6
CONTINUOUS
10
0.4165803543307087
20
0.9664466141732283
11
0.4104651968503937
21
0.9714651968503937
0
LINE
8
BLACK
6
CONTINUOUS
10
0.4104651968503937
20
0.9714651968503937
11
0.4054466141732284
21
0.9775803543307087
0
LINE
8
BLACK
6
CONTINUOUS
10
0.4054466141732284
20
0.9775803543307087
11
0.4017174409448819
21
0.9845570472440944
0
LINE
8
BLACK
6
CONTINUOUS
10
0.4017174409448819
20
0.9845570472440944
11
0.399421062992126
21
0.9921272440944882
0
LINE
8
BLACK
6
CONTINUOUS
10
0.399421062992126
20
0.9921272440944882
11
0.3986456692913386
21
1.
0
LINE
8
BLACK
6
CONTINUOUS
10
0.3986456692913386
20
1.
11
0.399421062992126
21
1.0078727559055118
0
LINE
8
BLACK
6
CONTINUOUS
10
0.399421062992126
20
1.0078727559055118
11
0.4017174409448819
21
1.0154429527559055
0
LINE
8
BLACK
6
CONTINUOUS
10
0.4017174409448819
20
1.0154429527559055
11
0.4054466141732284
21
1.0224196456692913
0
LINE
8
BLACK
6
CONTINUOUS
10
0.4054466141732284
20
1.0224196456692913
11
0.4104651968503937
21
1.0285348031496062
0
LINE
8
BLACK
6
CONTINUOUS
10
0.4104651968503937
20
1.0285348031496062
11
0.4165803543307087
21
1.0335533858267716
0
LINE
8
BLACK
6
CONTINUOUS
10
0.4165803543307087
20
1.0335533858267716
11
0.4235570472440945
21
1.037282559055118
0
LINE
8
BLACK
6
CONTINUOUS
10
0.4235570472440945
20
1.037282559055118
11
0.4311272440944882
21
1.0395789370078741
0
LINE
8
BLACK
6
CONTINUOUS
10
0.4311272440944882
20
1.0395789370078741
11
0.439
21
1.0403543307086613
0
LINE
8
BLACK
6
CONTINUOUS
10
0.439
20
1.0403543307086613
11
0.4468727559055118
21
1.0395789370078741
0
LINE
8
BLACK
6
CONTINUOUS
10
2.2899999606299213
20
1.1688582677165353
11
2.3300000393700788
21
1.1688582677165353
0
LINE
8
BLACK
6
CONTINUOUS
10
2.3300000393700788
20
1.1688582677165353
11
2.3300000393700788
21
1.1899999999999999
0
LINE
8
BLACK
6
CONTINUOUS
10
2.3300000393700788
20
1.1899999999999999
11
2.3900000393700789
21
1.1899999999999999
0
LINE
8
BLACK
6
CONTINUOUS
10
2.3900000393700789
20
1.1899999999999999
11
2.3900000393700789
21
1.1299999999999999
0
LINE
8
BLACK
6
CONTINUOUS
10
2.3900000393700789
20
1.1299999999999999
11
2.3300000393700788
21
1.1299999999999999
0
LINE
8
BLACK
6
CONTINUOUS
10
2.3300000393700788
20
1.1299999999999999
11
2.3300000393700788
21
1.1511417322834645
0
LINE
8
BLACK
6
CONTINUOUS
10
2.3300000393700788
20
1.1511417322834645
11
2.2899999606299213
21
1.1511417322834645
0
LINE
8
BLACK
6
CONTINUOUS
10
2.2899999606299213
20
1.1511417322834645
11
2.2899999606299213
21
1.1299999999999999
0
LINE
8
BLACK
6
CONTINUOUS
10
2.2899999606299213
20
1.1299999999999999
11
2.2299999606299212
21
1.1299999999999999
0
LINE
8
BLACK
6
CONTINUOUS
10
2.2299999606299212
20
1.1299999999999999
11
2.2299999606299212
21
1.1511417322834645
0
LINE
8
BLACK
6
CONTINUOUS
10
2.2299999606299212
20
1.1511417322834645
11
2.2061023622047244
21
1.1511417322834645
0
LINE
8
BLACK
6
CONTINUOUS
10
2.2061023622047244
20
1.1511417322834645
11
2.2061023622047244
21
1.1422834645669291
0
LINE
8
BLACK
6
CONTINUOUS
10
2.2061023622047244
20
1.1422834645669291
11
2.205353149606299
21
1.1385168897637794
0
LINE
8
BLACK
6
CONTINUOUS
10
2.205353149606299
20
1.1385168897637794
11
2.2032195669291337
21
1.1353237401574803
0
LINE
8
BLACK
6
CONTINUOUS
10
2.2032195669291337
20
1.1353237401574803
11
2.2000264173228348
21
1.1331901574803149
0
LINE
8
BLACK
6
CONTINUOUS
10
2.2000264173228348
20
1.1331901574803149
11
2.1962598425196851
21
1.1324409448818897
0
LINE
8
BLACK
6
CONTINUOUS
10
2.1962598425196851
20
1.1324409448818897
11
2.1755905511811022
21
1.1324409448818897
0
LINE
8
BLACK
6
CONTINUOUS
10
2.1755905511811022
20
1.1324409448818897
11
2.1718239763779525
21
1.1331901574803149
0
LINE
8
BLACK
6
CONTINUOUS
10
2.1718239763779525
20
1.1331901574803149
11
2.1686308267716536
21
1.1353237401574803
0
LINE
8
BLACK
6
CONTINUOUS
10
2.1686308267716536
20
1.1353237401574803
11
2.1664972440944883
21
1.1385168897637794
0
LINE
8
BLACK
6
CONTINUOUS
10
2.1664972440944883
20
1.1385168897637794
11
2.1657480314960629
21
1.1422834645669291
0
LINE
8
BLACK
6
CONTINUOUS
10
2.1657480314960629
20
1.1422834645669291
11
2.1657480314960629
21
1.1777165354330708
0
LINE
8
BLACK
6
CONTINUOUS
10
2.1657480314960629
20
1.1777165354330708
11
2.1664972440944883
21
1.1814831102362204
0
LINE
8
BLACK
6
CONTINUOUS
10
2.1664972440944883
20
1.1814831102362204
11
2.1686308267716536
21
1.1846762598425196
0
LINE
8
BLACK
6
CONTINUOUS
10
2.1686308267716536
20
1.1846762598425196
11
2.1718239763779525
21
1.1868098425196849
0
LINE
8
BLACK
6
CONTINUOUS
10
2.1718239763779525
20
1.1868098425196849
11
2.1755905511811022
21
1.1875590551181101
0
LINE
8
BLACK
6
CONTINUOUS
10
2.1755905511811022
20
1.1875590551181101
11
2.1962598425196851
21
1.1875590551181101
0
LINE
8
BLACK
6
CONTINUOUS
10
2.1962598425196851
20
1.1875590551181101
11
2.2000264173228348
21
1.1868098425196849
0
LINE
8
BLACK
6
CONTINUOUS
10
2.2000264173228348
20
1.1868098425196849
11
2.2032195669291337
21
1.1846762598425196
0
LINE
8
BLACK
6
CONTINUOUS
10
2.2032195669291337
20
1.1846762598425196
11
2.205353149606299
21
1.1814831102362204
0
LINE
8
BLACK
6
CONTINUOUS
10
2.205353149606299
20
1.1814831102362204
11
2.2061023622047244
21
1.1777165354330708
0
LINE
8
BLACK
6
CONTINUOUS
10
2.2061023622047244
20
1.1777165354330708
11
2.2061023622047244
21
1.1688582677165353
0
LINE
8
BLACK
6
CONTINUOUS
10
2.2061023622047244
20
1.1688582677165353
11
2.2299999606299212
21
1.1688582677165353
0
LINE
8
BLACK
6
CONTINUOUS
10
2.2299999606299212
20
1.1688582677165353
11
2.2299999606299212
21
1.1899999999999999
0
LINE
8
BLACK
6
CONTINUOUS
10
2.2299999606299212
20
1.1899999999999999
11
2.2899999606299213
21
1.1899999999999999
0
LINE
8
BLACK
6
CONTINUOUS
10
2.2899999606299213
20
1.1899999999999999
11
2.2899999606299213
21
1.1688582677165353
0
LINE
8
BLACK
6
CONTINUOUS
10
1.5423419291338583
20
1.2003771259842519
11
1.5434223228346455
21
1.2002348818897637
0
LINE
8
BLACK
6
CONTINUOUS
10
1.5434223228346455
20
1.2002348818897637
11
1.5436859055118111
21
1.2001642913385826
0
LINE
8
BLACK
6
CONTINUOUS
10
1.5436859055118111
20
1.2001642913385826
11
1.5448664173228346
21
1.199977283464567
0
LINE
8
BLACK
6
CONTINUOUS
10
1.5448664173228346
20
1.199977283464567
11
1.5465504330708661
21
1.1991192519685039
0
LINE
8
BLACK
6
CONTINUOUS
10
1.5465504330708661
20
1.1991192519685039
11
1.5472489763779527
21
1.1988298818897638
0
LINE
8
BLACK
6
CONTINUOUS
10
1.5472489763779527
20
1.1988298818897638
11
1.5482303543307085
21
1.1982632677165355
0
LINE
8
BLACK
6
CONTINUOUS
10
1.5482303543307085
20
1.1982632677165355
11
1.5492564566929135
21
1.1977404330708661
0
LINE
8
BLACK
6
CONTINUOUS
10
1.5492564566929135
20
1.1977404330708661
11
1.5502935433070866
21
1.196703346456693
0
LINE
8
BLACK
6
CONTINUOUS
10
1.5502935433070866
20
1.196703346456693
11
1.550581220472441
21
1.1964825984251968
0
LINE
8
BLACK
6
CONTINUOUS
10
1.550581220472441
20
1.1964825984251968
11
1.5514823622047245
21
1.195581496062992
0
LINE
8
BLACK
6
CONTINUOUS
10
1.5514823622047245
20
1.195581496062992
11
1.5517031889763779
21
1.1952937007874016
0
LINE
8
BLACK
6
CONTINUOUS
10
1.5517031889763779
20
1.1952937007874016
11
1.5527404330708661
21
1.1942564566929132
0
LINE
8
BLACK
6
CONTINUOUS
10
1.5527404330708661
20
1.1942564566929132
11
1.554977283464567
21
1.1898664173228346
0
LINE
8
BLACK
6
CONTINUOUS
10
1.554977283464567
20
1.1898664173228346
11
1.555748031496063
21
1.1850000000000001
0
LINE
8
BLACK
6
CONTINUOUS
10
1.555748031496063
20
1.1850000000000001
11
1.554977283464567
21
1.1801335826771653
0
LINE
8
BLACK
6
CONTINUOUS
10
1.554977283464567
20
1.1801335826771653
11
1.5527404330708661
21
1.1757435433070866
0
LINE
8
BLACK
6
CONTINUOUS
10
1.5527404330708661
20
1.1757435433070866
11
1.5492564566929135
21
1.1722595669291338
0
LINE
8
BLACK
6
CONTINUOUS
10
1.5492564566929135
20
1.1722595669291338
11
1.5487204724409449
21
1.171986496062992
0
LINE
8
BLACK
6
CONTINUOUS
10
1.5487204724409449
20
1.171986496062992
11
1.5487204724409449
21
1.1662598425196851
0
LINE
8
BLACK
6
CONTINUOUS
10
1.5487204724409449
20
1.1662598425196851
11
1.5703740157480315
21
1.1662598425196851
0
LINE
8
BLACK
6
CONTINUOUS
10
1.5703740157480315
20
1.1662598425196851
11
1.5716923228346455
21
1.1659975984251969
0
LINE
8
BLACK
6
CONTINUOUS
10
1.5716923228346455
20
1.1659975984251969
11
1.5728099212598425
21
1.1652508661417322
0
LINE
8
BLACK
6
CONTINUOUS
10
1.5728099212598425
20
1.1652508661417322
11
1.573556653543307
21
1.1641332677165355
0
LINE
8
BLACK
6
CONTINUOUS
10
1.573556653543307
20
1.1641332677165355
11
1.5738188976377951
21
1.1628149606299212
0
LINE
8
BLACK
6
CONTINUOUS
10
1.5738188976377951
20
1.1628149606299212
11
1.5738188976377951
21
1.1559251968503936
0
LINE
8
BLACK
6
CONTINUOUS
10
1.5738188976377951
20
1.1559251968503936
11
1.573556653543307
21
1.1546068897637796
0
LINE
8
BLACK
6
CONTINUOUS
10
1.573556653543307
20
1.1546068897637796
11
1.5728099212598425
21
1.1534892913385826
0
LINE
8
BLACK
6
CONTINUOUS
10
1.5728099212598425
20
1.1534892913385826
11
1.5716923228346455
21
1.1527425590551181
0
LINE
8
BLACK
6
CONTINUOUS
10
1.5716923228346455
20
1.1527425590551181
11
1.5703740157480315
21
1.15248031496063
0
LINE
8
BLACK
6
CONTINUOUS
10
1.5703740157480315
20
1.15248031496063
11
1.513287401574803
21
1.15248031496063
0
LINE
8
BLACK
6
CONTINUOUS
10
1.513287401574803
20
1.15248031496063
11
1.5119690944881889
21
1.1527425590551181
0
LINE
8
BLACK
6
CONTINUOUS
10
1.5119690944881889
20
1.1527425590551181
11
1.5108514960629922
21
1.1534892913385826
0
LINE
8
BLACK
6
CONTINUOUS
10
1.5108514960629922
20
1.1534892913385826
11
1.5101047637795275
21
1.1546068897637796
0
LINE
8
BLACK
6
CONTINUOUS
10
1.5101047637795275
20
1.1546068897637796
11
1.5098425196850394
21
1.1559251968503936
0
LINE
8
BLACK
6
CONTINUOUS
10
1.5098425196850394
20
1.1559251968503936
11
1.5098425196850394
21
1.1628149606299212
0
LINE
8
BLACK
6
CONTINUOUS
10
1.5098425196850394
20
1.1628149606299212
11
1.5101047637795275
21
1.1641332677165355
0
LINE
8
BLACK
6
CONTINUOUS
10
1.5101047637795275
20
1.1641332677165355
11
1.5108514960629922
21
1.1652508661417322
0
LINE
8
BLACK
6
CONTINUOUS
10
1.5108514960629922
20
1.1652508661417322
11
1.5119690944881889
21
1.1659975984251969
0
LINE
8
BLACK
6
CONTINUOUS
10
1.5119690944881889
20
1.1659975984251969
11
1.513287401574803
21
1.1662598425196851
0
LINE
8
BLACK
6
CONTINUOUS
10
1.513287401574803
20
1.1662598425196851
11
1.5349409448818898
21
1.1662598425196851
0
LINE
8
BLACK
6
CONTINUOUS
10
1.5349409448818898
20
1.1662598425196851
11
1.5349409448818898
21
1.1701209055118109
0
LINE
8
BLACK
6
CONTINUOUS
10
1.5349409448818898
20
1.1701209055118109
11
1.5307435433070866
21
1.1722595669291338
0
LINE
8
BLACK
6
CONTINUOUS
10
1.5307435433070866
20
1.1722595669291338
11
1.5272595669291338
21
1.1757435433070866
0
LINE
8
BLACK
6
CONTINUOUS
10
1.5272595669291338
20
1.1757435433070866
11
1.5250227165354331
21
1.1801335826771653
0
LINE
8
BLACK
6
CONTINUOUS
10
1.5250227165354331
20
1.1801335826771653
11
1.5242519685039371
21
1.1850000000000001
0
LINE
8
BLACK
6
CONTINUOUS
10
1.5242519685039371
20
1.1850000000000001
11
1.5250227165354331
21
1.1898664173228346
0
LINE
8
BLACK
6
CONTINUOUS
10
1.5250227165354331
20
1.1898664173228346
11
1.5272595669291338
21
1.1942564566929132
0
LINE
8
BLACK
6
CONTINUOUS
10
1.5272595669291338
20
1.1942564566929132
11
1.5282963779527559
21
1.1952933070866141
0
LINE
8
BLACK
6
CONTINUOUS
10
1.5282963779527559
20
1.1952933070866141
11
1.5285176377952756
21
1.1955816141732283
0
LINE
8
BLACK
6
CONTINUOUS
10
1.5285176377952756
20
1.1955816141732283
11
1.5294183858267716
21
1.1964823622047245
0
LINE
8
BLACK
6
CONTINUOUS
10
1.5294183858267716
20
1.1964823622047245
11
1.5297066929133858
21
1.196703622047244
0
LINE
8
BLACK
6
CONTINUOUS
10
1.5297066929133858
20
1.196703622047244
11
1.5307435433070866
21
1.1977404330708661
0
LINE
8
BLACK
6
CONTINUOUS
10
1.5307435433070866
20
1.1977404330708661
11
1.5317680314960629
21
1.1982624803149606
0
LINE
8
BLACK
6
CONTINUOUS
10
1.5317680314960629
20
1.1982624803149606
11
1.5327509842519684
21
1.1988299606299213
0
LINE
8
BLACK
6
CONTINUOUS
10
1.5327509842519684
20
1.1988299606299213
11
1.5334505118110235
21
1.1991197244094487
0
LINE
8
BLACK
6
CONTINUOUS
10
1.5334505118110235
20
1.1991197244094487
11
1.5351335826771653
21
1.199977283464567
0
LINE
8
BLACK
6
CONTINUOUS
10
1.5351335826771653
20
1.199977283464567
11
1.5363134645669292
21
1.2001641732283463
0
LINE
8
BLACK
6
CONTINUOUS
10
1.5363134645669292
20
1.2001641732283463
11
1.5365774409448818
21
1.2002348818897637
0
LINE
8
BLACK
6
CONTINUOUS
10
1.5365774409448818
20
1.2002348818897637
11
1.5376588976377952
21
1.200377283464567
0
LINE
8
BLACK
6
CONTINUOUS
10
1.5376588976377952
20
1.200377283464567
11
1.54
21
1.200748031496063
0
LINE
8
BLACK
6
CONTINUOUS
10
1.54
20
1.200748031496063
11
1.5423419291338583
21
1.2003771259842519
0
LINE
8
BLACK
6
CONTINUOUS
10
2.2899999606299213
20
1.2688582677165354
11
2.3300000393700788
21
1.2688582677165354
0
LINE
8
BLACK
6
CONTINUOUS
10
2.3300000393700788
20
1.2688582677165354
11
2.3300000393700788
21
1.29
0
LINE
8
BLACK
6
CONTINUOUS
10
2.3300000393700788
20
1.29
11
2.3900000393700789
21
1.29
0
LINE
8
BLACK
6
CONTINUOUS
10
2.3900000393700789
20
1.29
11
2.3900000393700789
21
1.23
0
LINE
8
BLACK
6
CONTINUOUS
10
2.3900000393700789
20
1.23
11
2.3300000393700788
21
1.23
0
LINE
8
BLACK
6
CONTINUOUS
10
2.3300000393700788
20
1.23
11
2.3300000393700788
21
1.2511417322834646
0
LINE
8
BLACK
6
CONTINUOUS
10
2.3300000393700788
20
1.2511417322834646
11
2.2899999606299213
21
1.2511417322834646
0
LINE
8
BLACK
6
CONTINUOUS
10
2.2899999606299213
20
1.2511417322834646
11
2.2899999606299213
21
1.23
0
LINE
8
BLACK
6
CONTINUOUS
10
2.2899999606299213
20
1.23
11
2.2299999606299212
21
1.23
0
LINE
8
BLACK
6
CONTINUOUS
10
2.2299999606299212
20
1.23
11
2.2299999606299212
21
1.2511417322834646
0
LINE
8
BLACK
6
CONTINUOUS
10
2.2299999606299212
20
1.2511417322834646
11
2.2061023622047244
21
1.2511417322834646
0
LINE
8
BLACK
6
CONTINUOUS
10
2.2061023622047244
20
1.2511417322834646
11
2.2061023622047244
21
1.2372834645669291
0
LINE
8
BLACK
6
CONTINUOUS
10
2.2061023622047244
20
1.2372834645669291
11
2.205353149606299
21
1.2335168897637796
0
LINE
8
BLACK
6
CONTINUOUS
10
2.205353149606299
20
1.2335168897637796
11
2.2032195669291337
21
1.2303237401574803
0
LINE
8
BLACK
6
CONTINUOUS
10
2.2032195669291337
20
1.2303237401574803
11
2.2000264173228348
21
1.2281901574803149
0
LINE
8
BLACK
6
CONTINUOUS
10
2.2000264173228348
20
1.2281901574803149
11
2.1962598425196851
21
1.2274409448818897
0
LINE
8
BLACK
6
CONTINUOUS
10
2.1962598425196851
20
1.2274409448818897
11
2.1755905511811022
21
1.2274409448818897
0
LINE
8
BLACK
6
CONTINUOUS
10
2.1755905511811022
20
1.2274409448818897
11
2.1718239763779525
21
1.2281901574803149
0
LINE
8
BLACK
6
CONTINUOUS
10
2.1718239763779525
20
1.2281901574803149
11
2.1686308267716536
21
1.2303237401574803
0
LINE
8
BLACK
6
CONTINUOUS
10
2.1686308267716536
20
1.2303237401574803
11
2.1664972440944883
21
1.2335168897637796
0
LINE
8
BLACK
6
CONTINUOUS
10
2.1664972440944883
20
1.2335168897637796
11
2.1657480314960629
21
1.2372834645669291
0
LINE
8
BLACK
6
CONTINUOUS
10
2.1657480314960629
20
1.2372834645669291
11
2.1657480314960629
21
1.2727165354330707
0
LINE
8
BLACK
6
CONTINUOUS
10
2.1657480314960629
20
1.2727165354330707
11
2.1664972440944883
21
1.2764831102362204
0
LINE
8
BLACK
6
CONTINUOUS
10
2.1664972440944883
20
1.2764831102362204
11
2.1686308267716536
21
1.2796762598425198
0
LINE
8
BLACK
6
CONTINUOUS
10
2.1686308267716536
20
1.2796762598425198
11
2.1718239763779525
21
1.2818098425196851
0
LINE
8
BLACK
6
CONTINUOUS
10
2.1718239763779525
20
1.2818098425196851
11
2.1755905511811022
21
1.2825590551181103
0
LINE
8
BLACK
6
CONTINUOUS
10
2.1755905511811022
20
1.2825590551181103
11
2.1962598425196851
21
1.2825590551181103
0
LINE
8
BLACK
6
CONTINUOUS
10
2.1962598425196851
20
1.2825590551181103
11
2.2000264173228348
21
1.2818098425196851
0
LINE
8
BLACK
6
CONTINUOUS
10
2.2000264173228348
20
1.2818098425196851
11
2.2032195669291337
21
1.2796762598425198
0
LINE
8
BLACK
6
CONTINUOUS
10
2.2032195669291337
20
1.2796762598425198
11
2.205353149606299
21
1.2764831102362204
0
LINE
8
BLACK
6
CONTINUOUS
10
2.205353149606299
20
1.2764831102362204
11
2.2061023622047244
21
1.2727165354330707
0
LINE
8
BLACK
6
CONTINUOUS
10
2.2061023622047244
20
1.2727165354330707
11
2.2061023622047244
21
1.2688582677165354
0
LINE
8
BLACK
6
CONTINUOUS
10
2.2061023622047244
20
1.2688582677165354
11
2.2299999606299212
21
1.2688582677165354
0
LINE
8
BLACK
6
CONTINUOUS
10
2.2299999606299212
20
1.2688582677165354
11
2.2299999606299212
21
1.29
0
LINE
8
BLACK
6
CONTINUOUS
10
2.2299999606299212
20
1.29
11
2.2899999606299213
21
1.29
0
LINE
8
BLACK
6
CONTINUOUS
10
2.2899999606299213
20
1.29
11
2.2899999606299213
21
1.2688582677165354
0
LINE
8
BLACK
6
CONTINUOUS
10
2.2899999606299213
20
1.3688582677165353
11
2.3300000393700788
21
1.3688582677165353
0
LINE
8
BLACK
6
CONTINUOUS
10
2.3300000393700788
20
1.3688582677165353
11
2.3300000393700788
21
1.3899999999999999
0
LINE
8
BLACK
6
CONTINUOUS
10
2.3300000393700788
20
1.3899999999999999
11
2.3900000393700789
21
1.3899999999999999
0
LINE
8
BLACK
6
CONTINUOUS
10
2.3900000393700789
20
1.3899999999999999
11
2.3900000393700789
21
1.3300000000000001
0
LINE
8
BLACK
6
CONTINUOUS
10
2.3900000393700789
20
1.3300000000000001
11
2.3300000393700788
21
1.3300000000000001
0
LINE
8
BLACK
6
CONTINUOUS
10
2.3300000393700788
20
1.3300000000000001
11
2.3300000393700788
21
1.3511417322834645
0
LINE
8
BLACK
6
CONTINUOUS
10
2.3300000393700788
20
1.3511417322834645
11
2.2899999606299213
21
1.3511417322834645
0
LINE
8
BLACK
6
CONTINUOUS
10
2.2899999606299213
20
1.3511417322834645
11
2.2899999606299213
21
1.3300000000000001
0
LINE
8
BLACK
6
CONTINUOUS
10
2.2899999606299213
20
1.3300000000000001
11
2.2299999606299212
21
1.3300000000000001
0
LINE
8
BLACK
6
CONTINUOUS
10
2.2299999606299212
20
1.3300000000000001
11
2.2299999606299212
21
1.3511417322834645
0
LINE
8
BLACK
6
CONTINUOUS
10
2.2299999606299212
20
1.3511417322834645
11
2.2061023622047244
21
1.3511417322834645
0
LINE
8
BLACK
6
CONTINUOUS
10
2.2061023622047244
20
1.3511417322834645
11
2.2061023622047244
21
1.342283464566929
0
LINE
8
BLACK
6
CONTINUOUS
10
2.2061023622047244
20
1.342283464566929
11
2.205353149606299
21
1.3385168897637796
0
LINE
8
BLACK
6
CONTINUOUS
10
2.205353149606299
20
1.3385168897637796
11
2.2032195669291337
21
1.3353237401574802
0
LINE
8
BLACK
6
CONTINUOUS
10
2.2032195669291337
20
1.3353237401574802
11
2.2000264173228348
21
1.3331901574803149
0
LINE
8
BLACK
6
CONTINUOUS
10
2.2000264173228348
20
1.3331901574803149
11
2.1962598425196851
21
1.3324409448818897
0
LINE
8
BLACK
6
CONTINUOUS
10
2.1962598425196851
20
1.3324409448818897
11
2.1755905511811022
21
1.3324409448818897
0
LINE
8
BLACK
6
CONTINUOUS
10
2.1755905511811022
20
1.3324409448818897
11
2.1718239763779525
21
1.3331901574803149
0
LINE
8
BLACK
6
CONTINUOUS
10
2.1718239763779525
20
1.3331901574803149
11
2.1686308267716536
21
1.3353237401574802
0
LINE
8
BLACK
6
CONTINUOUS
10
2.1686308267716536
20
1.3353237401574802
11
2.1664972440944883
21
1.3385168897637796
0
LINE
8
BLACK
6
CONTINUOUS
10
2.1664972440944883
20
1.3385168897637796
11
2.1657480314960629
21
1.342283464566929
0
LINE
8
BLACK
6
CONTINUOUS
10
2.1657480314960629
20
1.342283464566929
11
2.1657480314960629
21
1.3777165354330709
0
LINE
8
BLACK
6
CONTINUOUS
10
2.1657480314960629
20
1.3777165354330709
11
2.1664972440944883
21
1.3814831102362204
0
LINE
8
BLACK
6
CONTINUOUS
10
2.1664972440944883
20
1.3814831102362204
11
2.1686308267716536
21
1.3846762598425197
0
LINE
8
BLACK
6
CONTINUOUS
10
2.1686308267716536
20
1.3846762598425197
11
2.1718239763779525
21
1.3868098425196851
0
LINE
8
BLACK
6
CONTINUOUS
10
2.1718239763779525
20
1.3868098425196851
11
2.1755905511811022
21
1.3875590551181103
0
LINE
8
BLACK
6
CONTINUOUS
10
2.1755905511811022
20
1.3875590551181103
11
2.1962598425196851
21
1.3875590551181103
0
LINE
8
BLACK
6
CONTINUOUS
10
2.1962598425196851
20
1.3875590551181103
11
2.2000264173228348
21
1.3868098425196851
0
LINE
8
BLACK
6
CONTINUOUS
10
2.2000264173228348
20
1.3868098425196851
11
2.2032195669291337
21
1.3846762598425197
0
LINE
8
BLACK
6
CONTINUOUS
10
2.2032195669291337
20
1.3846762598425197
11
2.205353149606299
21
1.3814831102362204
0
LINE
8
BLACK
6
CONTINUOUS
10
2.205353149606299
20
1.3814831102362204
11
2.2061023622047244
21
1.3777165354330709
0
LINE
8
BLACK
6
CONTINUOUS
10
2.2061023622047244
20
1.3777165354330709
11
2.2061023622047244
21
1.3688582677165353
0
LINE
8
BLACK
6
CONTINUOUS
10
2.2061023622047244
20
1.3688582677165353
11
2.2299999606299212
21
1.3688582677165353
0
LINE
8
BLACK
6
CONTINUOUS
10
2.2299999606299212
20
1.3688582677165353
11
2.2299999606299212
21
1.3899999999999999
0
LINE
8
BLACK
6
CONTINUOUS
10
2.2299999606299212
20
1.3899999999999999
11
2.2899999606299213
21
1.3899999999999999
0
LINE
8
BLACK
6
CONTINUOUS
10
2.2899999606299213
20
1.3899999999999999
11
2.2899999606299213
21
1.3688582677165353
0
LINE
8
BLACK
6
CONTINUOUS
10
2.1681774803149607
20
1.6979061417322834
11
2.1728909448818898
21
1.6948769685039369
0
LINE
8
BLACK
6
CONTINUOUS
10
2.1728909448818898
20
1.6948769685039369
11
2.1765601181102361
21
1.6906425196850394
0
LINE
8
BLACK
6
CONTINUOUS
10
2.1765601181102361
20
1.6906425196850394
11
2.1788876377952757
21
1.6855459055118109
0
LINE
8
BLACK
6
CONTINUOUS
10
2.1788876377952757
20
1.6855459055118109
11
2.1796850393700788
21
1.6799999999999999
0
LINE
8
BLACK
6
CONTINUOUS
10
2.1796850393700788
20
1.6799999999999999
11
2.1788876377952757
21
1.6744540944881889
0
LINE
8
BLACK
6
CONTINUOUS
10
2.1788876377952757
20
1.6744540944881889
11
2.1765601181102361
21
1.6693574803149607
0
LINE
8
BLACK
6
CONTINUOUS
10
2.1765601181102361
20
1.6693574803149607
11
2.1728909448818898
21
1.665123031496063
0
LINE
8
BLACK
6
CONTINUOUS
10
2.1728909448818898
20
1.665123031496063
11
2.1681774803149607
21
1.6620938582677165
0
LINE
8
BLACK
6
CONTINUOUS
10
2.1681774803149607
20
1.6620938582677165
11
2.1628014566929132
21
1.66051531496063
0
LINE
8
BLACK
6
CONTINUOUS
10
2.1628014566929132
20
1.66051531496063
11
2.1571985433070866
21
1.66051531496063
0
LINE
8
BLACK
6
CONTINUOUS
10
2.1571985433070866
20
1.66051531496063
11
2.1518225196850391
21
1.6620938582677165
0
LINE
8
BLACK
6
CONTINUOUS
10
2.1518225196850391
20
1.6620938582677165
11
2.14710905511811
21
1.665123031496063
0
LINE
8
BLACK
6
CONTINUOUS
10
2.14710905511811
20
1.665123031496063
11
2.1434398818897638
21
1.6693574803149607
0
LINE
8
BLACK
6
CONTINUOUS
10
2.1434398818897638
20
1.6693574803149607
11
2.1411123622047246
21
1.6744540944881889
0
LINE
8
BLACK
6
CONTINUOUS
10
2.1411123622047246
20
1.6744540944881889
11
2.140314960629921
21
1.6799999999999999
0
LINE
8
BLACK
6
CONTINUOUS
10
2.140314960629921
20
1.6799999999999999
11
2.1411123622047246
21
1.6855459055118109
0
LINE
8
BLACK
6
CONTINUOUS
10
2.1411123622047246
20
1.6855459055118109
11
2.1434398818897638
21
1.6906425196850394
0
LINE
8
BLACK
6
CONTINUOUS
10
2.1434398818897638
20
1.6906425196850394
11
2.14710905511811
21
1.6948769685039369
0
LINE
8
BLACK
6
CONTINUOUS
10
2.14710905511811
20
1.6948769685039369
11
2.1518225196850391
21
1.6979061417322834
0
LINE
8
BLACK
6
CONTINUOUS
10
2.1518225196850391
20
1.6979061417322834
11
2.1571985433070866
21
1.6994846850393701
0
LINE
8
BLACK
6
CONTINUOUS
10
2.1571985433070866
20
1.6994846850393701
11
2.1628014566929132
21
1.6994846850393701
0
LINE
8
BLACK
6
CONTINUOUS
10
2.1628014566929132
20
1.6994846850393701
11
2.1681774803149607
21
1.6979061417322834
0
LINE
8
BLACK
6
CONTINUOUS
10
2.5877574409448818
20
1.7892250000000001
11
2.5895588188976379
21
1.7871461023622046
0
LINE
8
BLACK
6
CONTINUOUS
10
2.5895588188976379
20
1.7871461023622046
11
2.5899999999999999
21
1.7851181102362204
0
LINE
8
BLACK
6
CONTINUOUS
10
2.5899999999999999
20
1.7851181102362204
11
2.5899999999999999
21
0.2148818897637795
0
LINE
8
BLACK
6
CONTINUOUS
10
2.5899999999999999
20
0.2148818897637795
11
2.5892249999999999
21
0.2122425590551181
0
LINE
8
BLACK
6
CONTINUOUS
10
2.5892249999999999
20
0.2122425590551181
11
2.5871461023622047
21
0.2104411811023622
0
LINE
8
BLACK
6
CONTINUOUS
10
2.5871461023622047
20
0.2104411811023622
11
2.5851181102362206
21
0.21
0
LINE
8
BLACK
6
CONTINUOUS
10
2.5851181102362206
20
0.21
11
0.2148818897637795
21
0.21
0
LINE
8
BLACK
6
CONTINUOUS
10
0.2148818897637795
20
0.21
11
0.2122425590551181
21
0.210775
0
LINE
8
BLACK
6
CONTINUOUS
10
0.2122425590551181
20
0.210775
11
0.2104411811023622
21
0.2128538976377953
0
LINE
8
BLACK
6
CONTINUOUS
10
0.2104411811023622
20
0.2128538976377953
11
0.21
21
0.2148818897637795
0
LINE
8
BLACK
6
CONTINUOUS
10
0.21
20
0.2148818897637795
11
0.21
21
0.2396711417322835
0
LINE
8
BLACK
6
CONTINUOUS
10
0.21
20
0.2396711417322835
11
0.21
21
0.3524470866141732
0
LINE
8
BLACK
6
CONTINUOUS
10
0.21
20
0.3524470866141732
11
0.21
21
0.3838582677165354
0
LINE
8
BLACK
6
CONTINUOUS
10
0.21
20
0.3838582677165354
11
0.21
21
0.4861356299212598
0
LINE
8
BLACK
6
CONTINUOUS
10
0.21
20
0.4861356299212598
11
0.21
21
0.5689825196850393
0
LINE
8
BLACK
6
CONTINUOUS
10
0.21
20
0.5689825196850393
11
0.21
21
0.66
0
LINE
8
BLACK
6
CONTINUOUS
10
0.21
20
0.66
11
0.21
21
0.7223561023622047
0
LINE
8
BLACK
6
CONTINUOUS
10
0.21
20
0.7223561023622047
11
0.21
21
0.8052029921259842
0
LINE
8
BLACK
6
CONTINUOUS
10
0.21
20
0.8052029921259842
11
0.21
21
0.9
0
LINE
8
BLACK
6
CONTINUOUS
10
0.21
20
0.9
11
0.21
21
1.0000000787401575
0
LINE
8
BLACK
6
CONTINUOUS
10
0.21
20
1.0000000787401575
11
0.21
21
1.0999999999999999
0
LINE
8
BLACK
6
CONTINUOUS
10
0.21
20
1.0999999999999999
11
0.21
21
1.1947970472440945
0
LINE
8
BLACK
6
CONTINUOUS
10
0.21
20
1.1947970472440945
11
0.21
21
1.277643937007874
0
LINE
8
BLACK
6
CONTINUOUS
10
0.21
20
1.277643937007874
11
0.21
21
1.4310175196850394
0
LINE
8
BLACK
6
CONTINUOUS
10
0.21
20
1.4310175196850394
11
0.21
21
1.5138644094488189
0
LINE
8
BLACK
6
CONTINUOUS
10
0.21
20
1.5138644094488189
11
0.21
21
1.5708661417322833
0
LINE
8
BLACK
6
CONTINUOUS
10
0.21
20
1.5708661417322833
11
0.21
21
1.6475529527559054
0
LINE
8
BLACK
6
CONTINUOUS
10
0.21
20
1.6475529527559054
11
0.21
21
1.6799999999999999
0
LINE
8
BLACK
6
CONTINUOUS
10
0.21
20
1.6799999999999999
11
0.21
21
1.7851181102362204
0
LINE
8
BLACK
6
CONTINUOUS
10
0.21
20
1.7851181102362204
11
0.210775
21
1.7877574409448818
0
LINE
8
BLACK
6
CONTINUOUS
10
0.210775
20
1.7877574409448818
11
0.2128538976377953
21
1.7895588188976377
0
LINE
8
BLACK
6
CONTINUOUS
10
0.2128538976377953
20
1.7895588188976377
11
0.2148818897637795
21
1.79
0
LINE
8
BLACK
6
CONTINUOUS
10
0.2148818897637795
20
1.79
11
2.5851181102362206
21
1.79
0
LINE
8
BLACK
6
CONTINUOUS
10
2.5851181102362206
20
1.79
11
2.5877574409448818
21
1.7892250000000001
0
LINE
8
BLACK
6
CONTINUOUS
10
1.8200278346456693
20
0.3106885826771654
11
1.8194430708661418
21
0.3106885826771654
0
LINE
8
BLACK
6
CONTINUOUS
10
1.8194430708661418
20
0.3106885826771654
11
1.8189084645669291
21
0.3104671653543307
0
LINE
8
BLACK
6
CONTINUOUS
10
1.8189084645669291
20
0.3104671653543307
11
1.8183409842519684
21
0.3103548818897638
0
LINE
8
BLACK
6
CONTINUOUS
10
1.8183409842519684
20
0.3103548818897638
11
1.8178544488188977
21
0.3100305511811023
0
LINE
8
BLACK
6
CONTINUOUS
10
1.8178544488188977
20
0.3100305511811023
11
1.8173142519685039
21
0.3098067716535433
0
LINE
8
BLACK
6
CONTINUOUS
10
1.8173142519685039
20
0.3098067716535433
11
1.8169051181102363
21
0.3093976771653543
0
LINE
8
BLACK
6
CONTINUOUS
10
1.8169051181102363
20
0.3093976771653543
11
1.8164237401574803
21
0.3090767322834646
0
LINE
8
BLACK
6
CONTINUOUS
10
1.8164237401574803
20
0.3090767322834646
11
1.8160983858267716
21
0.3085909448818898
0
LINE
8
BLACK
6
CONTINUOUS
10
1.8160983858267716
20
0.3085909448818898
11
1.8156849606299212
21
0.3081774803149606
0
LINE
8
BLACK
6
CONTINUOUS
10
1.8156849606299212
20
0.3081774803149606
11
1.8154635039370077
21
0.3076429527559055
0
LINE
8
BLACK
6
CONTINUOUS
10
1.8154635039370077
20
0.3076429527559055
11
1.8151415748031496
21
0.3071621653543307
0
LINE
8
BLACK
6
CONTINUOUS
10
1.8151415748031496
20
0.3071621653543307
11
1.8150268897637796
21
0.3065888582677165
0
LINE
8
BLACK
6
CONTINUOUS
10
1.8150268897637796
20
0.3065888582677165
11
1.8148031496062991
21
0.3060486614173228
0
LINE
8
BLACK
6
CONTINUOUS
10
1.8148031496062991
20
0.3060486614173228
11
1.8146908661417323
21
0.3049088188976378
0
LINE
8
BLACK
6
CONTINUOUS
10
1.8146908661417323
20
0.3049088188976378
11
1.8146896850393701
21
0.3049027559055118
0
LINE
8
BLACK
6
CONTINUOUS
10
1.8146896850393701
20
0.3049027559055118
11
1.8146900787401574
21
0.3049007086614173
0
LINE
8
BLACK
6
CONTINUOUS
10
1.8146900787401574
20
0.3049007086614173
11
1.8146896850393701
21
0.3048965354330709
0
LINE
8
BLACK
6
CONTINUOUS
10
1.8146896850393701
20
0.3048965354330709
11
1.8146896850393701
21
0.2517469291338583
0
LINE
8
BLACK
6
CONTINUOUS
10
1.8146896850393701
20
0.2517469291338583
11
1.803722283464567
21
0.2517469291338583
0
LINE
8
BLACK
6
CONTINUOUS
10
1.803722283464567
20
0.2517469291338583
11
1.802570157480315
21
0.2516334645669291
0
LINE
8
BLACK
6
CONTINUOUS
10
1.802570157480315
20
0.2516334645669291
11
1.8004413385826772
21
0.2507516535433071
0
LINE
8
BLACK
6
CONTINUOUS
10
1.8004413385826772
20
0.2507516535433071
11
1.7988120472440945
21
0.2491223622047244
0
LINE
8
BLACK
6
CONTINUOUS
10
1.7988120472440945
20
0.2491223622047244
11
1.7979302362204723
21
0.2469935433070866
0
LINE
8
BLACK
6
CONTINUOUS
10
1.7979302362204723
20
0.2469935433070866
11
1.7979302362204723
21
0.2446892913385827
0
LINE
8
BLACK
6
CONTINUOUS
10
1.7979302362204723
20
0.2446892913385827
11
1.7988120472440945
21
0.2425604724409449
0
LINE
8
BLACK
6
CONTINUOUS
10
1.7988120472440945
20
0.2425604724409449
11
1.8004413385826772
21
0.2409311811023622
0
LINE
8
BLACK
6
CONTINUOUS
10
1.8004413385826772
20
0.2409311811023622
11
1.802570157480315
21
0.2400493700787402
0
LINE
8
BLACK
6
CONTINUOUS
10
1.802570157480315
20
0.2400493700787402
11
1.803722283464567
21
0.239935905511811
0
LINE
8
BLACK
6
CONTINUOUS
10
1.803722283464567
20
0.239935905511811
11
1.8374680708661417
21
0.239935905511811
0
LINE
8
BLACK
6
CONTINUOUS
10
1.8374680708661417
20
0.239935905511811
11
1.8386201968503937
21
0.2400493700787402
0
LINE
8
BLACK
6
CONTINUOUS
10
1.8386201968503937
20
0.2400493700787402
11
1.8407490157480315
21
0.2409311811023622
0
LINE
8
BLACK
6
CONTINUOUS
10
1.8407490157480315
20
0.2409311811023622
11
1.8423783070866142
21
0.2425604724409449
0
LINE
8
BLACK
6
CONTINUOUS
10
1.8423783070866142
20
0.2425604724409449
11
1.8432601181102362
21
0.2446892913385827
0
LINE
8
BLACK
6
CONTINUOUS
10
1.8432601181102362
20
0.2446892913385827
11
1.8432601181102362
21
0.2469935433070866
0
LINE
8
BLACK
6
CONTINUOUS
10
1.8432601181102362
20
0.2469935433070866
11
1.8423783070866142
21
0.2491223622047244
0
LINE
8
BLACK
6
CONTINUOUS
10
1.8423783070866142
20
0.2491223622047244
11
1.8407490157480315
21
0.2507516535433071
0
LINE
8
BLACK
6
CONTINUOUS
10
1.8407490157480315
20
0.2507516535433071
11
1.8386201968503937
21
0.2516334645669291
0
LINE
8
BLACK
6
CONTINUOUS
10
1.8386201968503937
20
0.2516334645669291
11
1.8374680708661417
21
0.2517469291338583
0
LINE
8
BLACK
6
CONTINUOUS
10
1.8374680708661417
20
0.2517469291338583
11
1.8265007086614173
21
0.2517469291338583
0
LINE
8
BLACK
6
CONTINUOUS
10
1.8265007086614173
20
0.2517469291338583
11
1.8265007086614173
21
0.2878272047244094
0
LINE
8
BLACK
6
CONTINUOUS
10
1.8265007086614173
20
0.2878272047244094
11
1.8276679527559054
21
0.2866599606299213
0
LINE
8
BLACK
6
CONTINUOUS
10
1.8276679527559054
20
0.2866599606299213
11
1.8281207874015748
21
0.2862883070866142
0
LINE
8
BLACK
6
CONTINUOUS
10
1.8281207874015748
20
0.2862883070866142
11
1.8282229921259843
21
0.2861704724409449
0
LINE
8
BLACK
6
CONTINUOUS
10
1.8282229921259843
20
0.2861704724409449
11
1.8284005118110236
21
0.2860587401574803
0
LINE
8
BLACK
6
CONTINUOUS
10
1.8284005118110236
20
0.2860587401574803
11
1.8285628346456693
21
0.2859255118110236
0
LINE
8
BLACK
6
CONTINUOUS
10
1.8285628346456693
20
0.2859255118110236
11
1.8287070078740157
21
0.2858658267716536
0
LINE
8
BLACK
6
CONTINUOUS
10
1.8287070078740157
20
0.2858658267716536
11
1.8292027559055117
21
0.2855537401574803
0
LINE
8
BLACK
6
CONTINUOUS
10
1.8292027559055117
20
0.2855537401574803
11
1.8348270078740156
21
0.2827415748031496
0
LINE
8
BLACK
6
CONTINUOUS
10
1.8348270078740156
20
0.2827415748031496
11
1.8359082677165355
21
0.2823278346456693
0
LINE
8
BLACK
6
CONTINUOUS
10
1.8359082677165355
20
0.2823278346456693
11
1.8382066929133858
21
0.2821644881889764
0
LINE
8
BLACK
6
CONTINUOUS
10
1.8382066929133858
20
0.2821644881889764
11
1.8403925984251968
21
0.2828931102362205
0
LINE
8
BLACK
6
CONTINUOUS
10
1.8403925984251968
20
0.2828931102362205
11
1.8421333858267717
21
0.2844028346456693
0
LINE
8
BLACK
6
CONTINUOUS
10
1.8421333858267717
20
0.2844028346456693
11
1.8431638582677166
21
0.2864638188976378
0
LINE
8
BLACK
6
CONTINUOUS
10
1.8431638582677166
20
0.2864638188976378
11
1.8433272047244094
21
0.2887622440944882
0
LINE
8
BLACK
6
CONTINUOUS
10
1.8433272047244094
20
0.2887622440944882
11
1.8425985433070866
21
0.2909481889763779
0
LINE
8
BLACK
6
CONTINUOUS
10
1.8425985433070866
20
0.2909481889763779
11
1.8410888582677165
21
0.292688937007874
0
LINE
8
BLACK
6
CONTINUOUS
10
1.8410888582677165
20
0.292688937007874
11
1.840109094488189
21
0.2933056692913386
0
LINE
8
BLACK
6
CONTINUOUS
10
1.840109094488189
20
0.2933056692913386
11
1.8353419685039369
21
0.2956892519685039
0
LINE
8
BLACK
6
CONTINUOUS
10
1.8353419685039369
20
0.2956892519685039
11
1.8308088582677164
21
0.3002223622047244
0
LINE
8
BLACK
6
CONTINUOUS
10
1.8308088582677164
20
0.3002223622047244
11
1.8255088976377953
21
0.3081723228346457
0
LINE
8
BLACK
6
CONTINUOUS
10
1.8255088976377953
20
0.3081723228346457
11
1.8255061811023621
21
0.3081756299212599
0
LINE
8
BLACK
6
CONTINUOUS
10
1.8255061811023621
20
0.3081756299212599
11
1.825505433070866
21
0.3081774803149606
0
LINE
8
BLACK
6
CONTINUOUS
10
1.825505433070866
20
0.3081774803149606
11
1.825501220472441
21
0.3081816929133858
0
LINE
8
BLACK
6
CONTINUOUS
10
1.825501220472441
20
0.3081816929133858
11
1.8247753937007873
21
0.3090679921259842
0
LINE
8
BLACK
6
CONTINUOUS
10
1.8247753937007873
20
0.3090679921259842
11
1.8242895669291339
21
0.3093933464566929
0
LINE
8
BLACK
6
CONTINUOUS
10
1.8242895669291339
20
0.3093933464566929
11
1.8238761417322835
21
0.3098067716535433
0
LINE
8
BLACK
6
CONTINUOUS
10
1.8238761417322835
20
0.3098067716535433
11
1.8233415748031496
21
0.3100282283464567
0
LINE
8
BLACK
6
CONTINUOUS
10
1.8233415748031496
20
0.3100282283464567
11
1.8228608267716535
21
0.310350157480315
0
LINE
8
BLACK
6
CONTINUOUS
10
1.8228608267716535
20
0.310350157480315
11
1.8222874803149607
21
0.310464842519685
0
LINE
8
BLACK
6
CONTINUOUS
10
1.8222874803149607
20
0.310464842519685
11
1.8217473228346457
21
0.3106885826771654
0
LINE
8
BLACK
6
CONTINUOUS
10
1.8217473228346457
20
0.3106885826771654
11
1.8211687401574803
21
0.3106885826771654
0
LINE
8
BLACK
6
CONTINUOUS
10
1.8211687401574803
20
0.3106885826771654
11
1.8206014173228346
21
0.3108020472440945
0
LINE
8
BLACK
6
CONTINUOUS
10
1.8206014173228346
20
0.3108020472440945
11
1.8200278346456693
21
0.3106885826771654
0
LINE
8
BLACK
6
CONTINUOUS
10
1.8728738582677165
20
0.3106885826771654
11
1.8726777559055117
21
0.3106073622047244
0
LINE
8
BLACK
6
CONTINUOUS
10
1.8726777559055117
20
0.3106073622047244
11
1.8724661811023622
21
0.3105923228346457
0
LINE
8
BLACK
6
CONTINUOUS
10
1.8724661811023622
20
0.3105923228346457
11
1.8713849212598426
21
0.3101785826771654
0
LINE
8
BLACK
6
CONTINUOUS
10
1.8713849212598426
20
0.3101785826771654
11
1.8657606692913384
21
0.3073664173228347
0
LINE
8
BLACK
6
CONTINUOUS
10
1.8657606692913384
20
0.3073664173228347
11
1.8652649212598424
21
0.3070543700787401
0
LINE
8
BLACK
6
CONTINUOUS
10
1.8652649212598424
20
0.3070543700787401
11
1.865120748031496
21
0.3069946456692914
0
LINE
8
BLACK
6
CONTINUOUS
10
1.865120748031496
20
0.3069946456692914
11
1.8649584251968503
21
0.3068614566929134
0
LINE
8
BLACK
6
CONTINUOUS
10
1.8649584251968503
20
0.3068614566929134
11
1.864780905511811
21
0.3067496850393701
0
LINE
8
BLACK
6
CONTINUOUS
10
1.864780905511811
20
0.3067496850393701
11
1.8646787007874015
21
0.3066318897637795
0
LINE
8
BLACK
6
CONTINUOUS
10
1.8646787007874015
20
0.3066318897637795
11
1.8642258661417321
21
0.3062601968503937
0
LINE
8
BLACK
6
CONTINUOUS
10
1.8642258661417321
20
0.3062601968503937
11
1.8614137401574802
21
0.3034480708661417
0
LINE
8
BLACK
6
CONTINUOUS
10
1.8614137401574802
20
0.3034480708661417
11
1.8610420866141733
21
0.3029952755905512
0
LINE
8
BLACK
6
CONTINUOUS
10
1.8610420866141733
20
0.3029952755905512
11
1.8609242519685039
21
0.302893031496063
0
LINE
8
BLACK
6
CONTINUOUS
10
1.8609242519685039
20
0.302893031496063
11
1.8608124015748031
21
0.3027153543307087
0
LINE
8
BLACK
6
CONTINUOUS
10
1.8608124015748031
20
0.3027153543307087
11
1.8606792913385826
21
0.3025531496062992
0
LINE
8
BLACK
6
CONTINUOUS
10
1.8606792913385826
20
0.3025531496062992
11
1.8606196062992126
21
0.302409094488189
0
LINE
8
BLACK
6
CONTINUOUS
10
1.8606196062992126
20
0.302409094488189
11
1.8603075196850394
21
0.3019132677165354
0
LINE
8
BLACK
6
CONTINUOUS
10
1.8603075196850394
20
0.3019132677165354
11
1.8574953543307087
21
0.2962889763779528
0
LINE
8
BLACK
6
CONTINUOUS
10
1.8574953543307087
20
0.2962889763779528
11
1.8574630708661417
21
0.2962047244094488
0
LINE
8
BLACK
6
CONTINUOUS
10
1.8574630708661417
20
0.2962047244094488
11
1.857437716535433
21
0.2961704330708662
0
LINE
8
BLACK
6
CONTINUOUS
10
1.857437716535433
20
0.2961704330708662
11
1.8572649999999999
21
0.2956870866141732
0
LINE
8
BLACK
6
CONTINUOUS
10
1.8572649999999999
20
0.2956870866141732
11
1.8570816141732283
21
0.2952077559055118
0
LINE
8
BLACK
6
CONTINUOUS
10
1.8570816141732283
20
0.2952077559055118
11
1.8570785826771654
21
0.2951652362204724
0
LINE
8
BLACK
6
CONTINUOUS
10
1.8570785826771654
20
0.2951652362204724
11
1.8570482283464567
21
0.2950802362204724
0
LINE
8
BLACK
6
CONTINUOUS
10
1.8570482283464567
20
0.2950802362204724
11
1.854236062992126
21
0.2838316141732283
0
LINE
8
BLACK
6
CONTINUOUS
10
1.854236062992126
20
0.2838316141732283
11
1.8542065354330708
21
0.283631968503937
0
LINE
8
BLACK
6
CONTINUOUS
10
1.8542065354330708
20
0.283631968503937
11
1.854173188976378
21
0.2835514566929134
0
LINE
8
BLACK
6
CONTINUOUS
10
1.854173188976378
20
0.2835514566929134
11
1.8541304330708661
21
0.2831175196850393
0
LINE
8
BLACK
6
CONTINUOUS
10
1.8541304330708661
20
0.2831175196850393
11
1.8540666929133858
21
0.2826863779527559
0
LINE
8
BLACK
6
CONTINUOUS
10
1.8540666929133858
20
0.2826863779527559
11
1.8540794881889764
21
0.2826002755905512
0
LINE
8
BLACK
6
CONTINUOUS
10
1.8540794881889764
20
0.2826002755905512
11
1.8540597244094488
21
0.2823993307086614
0
LINE
8
BLACK
6
CONTINUOUS
10
1.8540597244094488
20
0.2823993307086614
11
1.8540597244094488
21
0.2683385826771654
0
LINE
8
BLACK
6
CONTINUOUS
10
1.8540597244094488
20
0.2683385826771654
11
1.8540794881889764
21
0.2681376771653543
0
LINE
8
BLACK
6
CONTINUOUS
10
1.8540794881889764
20
0.2681376771653543
11
1.8540666929133858
21
0.2680515354330709
0
LINE
8
BLACK
6
CONTINUOUS
10
1.8540666929133858
20
0.2680515354330709
11
1.8541304330708661
21
0.2676203937007874
0
LINE
8
BLACK
6
CONTINUOUS
10
1.8541304330708661
20
0.2676203937007874
11
1.854173188976378
21
0.2671864566929134
0
LINE
8
BLACK
6
CONTINUOUS
10
1.854173188976378
20
0.2671864566929134
11
1.854206496062992
21
0.2671059842519685
0
LINE
8
BLACK
6
CONTINUOUS
10
1.854206496062992
20
0.2671059842519685
11
1.854236062992126
21
0.2669062598425197
0
LINE
8
BLACK
6
CONTINUOUS
10
1.854236062992126
20
0.2669062598425197
11
1.8570482283464567
21
0.2556577165354331
0
LINE
8
BLACK
6
CONTINUOUS
10
1.8570482283464567
20
0.2556577165354331
11
1.8570785826771654
21
0.2555727559055118
0
LINE
8
BLACK
6
CONTINUOUS
10
1.8570785826771654
20
0.2555727559055118
11
1.8570816141732283
21
0.2555301968503937
0
LINE
8
BLACK
6
CONTINUOUS
10
1.8570816141732283
20
0.2555301968503937
11
1.8572649999999999
21
0.255050905511811
0
LINE
8
BLACK
6
CONTINUOUS
10
1.8572649999999999
20
0.255050905511811
11
1.857437716535433
21
0.2545675196850394
0
LINE
8
BLACK
6
CONTINUOUS
10
1.857437716535433
20
0.2545675196850394
11
1.8574630708661417
21
0.2545332677165354
0
LINE
8
BLACK
6
CONTINUOUS
10
1.8574630708661417
20
0.2545332677165354
11
1.8574953543307087
21
0.2544489763779528
0
LINE
8
BLACK
6
CONTINUOUS
10
1.8574953543307087
20
0.2544489763779528
11
1.8603075196850394
21
0.2488246850393701
0
LINE
8
BLACK
6
CONTINUOUS
10
1.8603075196850394
20
0.2488246850393701
11
1.8606196456692914
21
0.2483288188976378
0
LINE
8
BLACK
6
CONTINUOUS
10
1.8606196456692914
20
0.2483288188976378
11
1.8606792913385826
21
0.248184842519685
0
LINE
8
BLACK
6
CONTINUOUS
10
1.8606792913385826
20
0.248184842519685
11
1.8608123228346456
21
0.2480227559055118
0
LINE
8
BLACK
6
CONTINUOUS
10
1.8608123228346456
20
0.2480227559055118
11
1.8609242519685039
21
0.2478449212598425
0
LINE
8
BLACK
6
CONTINUOUS
10
1.8609242519685039
20
0.2478449212598425
11
1.861042125984252
21
0.2477426771653543
0
LINE
8
BLACK
6
CONTINUOUS
10
1.861042125984252
20
0.2477426771653543
11
1.8614137007874014
21
0.2472899212598425
0
LINE
8
BLACK
6
CONTINUOUS
10
1.8614137007874014
20
0.2472899212598425
11
1.8642258267716536
21
0.2444777559055118
0
LINE
8
BLACK
6
CONTINUOUS
10
1.8642258267716536
20
0.2444777559055118
11
1.864678779527559
21
0.2441060236220473
0
LINE
8
BLACK
6
CONTINUOUS
10
1.864678779527559
20
0.2441060236220473
11
1.8647809448818897
21
0.2439882283464567
0
LINE
8
BLACK
6
CONTINUOUS
10
1.8647809448818897
20
0.2439882283464567
11
1.8649585039370078
21
0.2438764566929134
0
LINE
8
BLACK
6
CONTINUOUS
10
1.8649585039370078
20
0.2438764566929134
11
1.865120748031496
21
0.2437433070866142
0
LINE
8
BLACK
6
CONTINUOUS
10
1.865120748031496
20
0.2437433070866142
11
1.8652648031496062
21
0.2436836614173228
0
LINE
8
BLACK
6
CONTINUOUS
10
1.8652648031496062
20
0.2436836614173228
11
1.8657606692913384
21
0.2433714960629921
0
LINE
8
BLACK
6
CONTINUOUS
10
1.8657606692913384
20
0.2433714960629921
11
1.8713849999999999
21
0.2405593700787401
0
LINE
8
BLACK
6
CONTINUOUS
10
1.8713849999999999
20
0.2405593700787401
11
1.8724662204724409
21
0.2401455905511811
0
LINE
8
BLACK
6
CONTINUOUS
10
1.8724662204724409
20
0.2401455905511811
11
1.8726778346456692
21
0.2401305905511811
0
LINE
8
BLACK
6
CONTINUOUS
10
1.8726778346456692
20
0.2401305905511811
11
1.8728738582677165
21
0.2400493700787402
0
LINE
8
BLACK
6
CONTINUOUS
10
1.8728738582677165
20
0.2400493700787402
11
1.8740259842519684
21
0.239935905511811
0
LINE
8
BLACK
6
CONTINUOUS
10
1.8740259842519684
20
0.239935905511811
11
1.8796502755905511
21
0.239935905511811
0
LINE
8
BLACK
6
CONTINUOUS
10
1.8796502755905511
20
0.239935905511811
11
1.8808024015748031
21
0.2400493700787402
0
LINE
8
BLACK
6
CONTINUOUS
10
1.8808024015748031
20
0.2400493700787402
11
1.8809983858267716
21
0.2401305905511811
0
LINE
8
BLACK
6
CONTINUOUS
10
1.8809983858267716
20
0.2401305905511811
11
1.8812100393700788
21
0.2401455905511811
0
LINE
8
BLACK
6
CONTINUOUS
10
1.8812100393700788
20
0.2401455905511811
11
1.8822912598425197
21
0.2405593700787401
0
LINE
8
BLACK
6
CONTINUOUS
10
1.8822912598425197
20
0.2405593700787401
11
1.8879156299212598
21
0.2433714960629921
0
LINE
8
BLACK
6
CONTINUOUS
10
1.8879156299212598
20
0.2433714960629921
11
1.8884114566929133
21
0.2436836614173228
0
LINE
8
BLACK
6
CONTINUOUS
10
1.8884114566929133
20
0.2436836614173228
11
1.8885555511811023
21
0.2437433070866142
0
LINE
8
BLACK
6
CONTINUOUS
10
1.8885555511811023
20
0.2437433070866142
11
1.8887177559055117
21
0.2438764566929134
0
LINE
8
BLACK
6
CONTINUOUS
10
1.8887177559055117
20
0.2438764566929134
11
1.8888953543307085
21
0.2439882283464567
0
LINE
8
BLACK
6
CONTINUOUS
10
1.8888953543307085
20
0.2439882283464567
11
1.8889974803149605
21
0.2441060236220473
0
LINE
8
BLACK
6
CONTINUOUS
10
1.8889974803149605
20
0.2441060236220473
11
1.8894504724409449
21
0.2444777559055118
0
LINE
8
BLACK
6
CONTINUOUS
10
1.8894504724409449
20
0.2444777559055118
11
1.8922625984251968
21
0.2472899212598425
0
LINE
8
BLACK
6
CONTINUOUS
10
1.8922625984251968
20
0.2472899212598425
11
1.8926341732283465
21
0.2477427165354331
0
LINE
8
BLACK
6
CONTINUOUS
10
1.8926341732283465
20
0.2477427165354331
11
1.8927520472440944
21
0.2478449212598425
0
LINE
8
BLACK
6
CONTINUOUS
10
1.8927520472440944
20
0.2478449212598425
11
1.8928638582677164
21
0.2480225984251968
0
LINE
8
BLACK
6
CONTINUOUS
10
1.8928638582677164
20
0.2480225984251968
11
1.8929970078740157
21
0.2481848031496063
0
LINE
8
BLACK
6
CONTINUOUS
10
1.8929970078740157
20
0.2481848031496063
11
1.8930566535433071
21
0.2483288976377953
0
LINE
8
BLACK
6
CONTINUOUS
10
1.8930566535433071
20
0.2483288976377953
11
1.8933687795275591
21
0.2488246850393701
0
LINE
8
BLACK
6
CONTINUOUS
10
1.8933687795275591
20
0.2488246850393701
11
1.8961809448818898
21
0.254448937007874
0
LINE
8
BLACK
6
CONTINUOUS
10
1.8961809448818898
20
0.254448937007874
11
1.8962131889763778
21
0.2545333070866141
0
LINE
8
BLACK
6
CONTINUOUS
10
1.8962131889763778
20
0.2545333070866141
11
1.8962385826771653
21
0.2545675196850394
0
LINE
8
BLACK
6
CONTINUOUS
10
1.8962385826771653
20
0.2545675196850394
11
1.8964111811023621
21
0.2550506692913386
0
LINE
8
BLACK
6
CONTINUOUS
10
1.8964111811023621
20
0.2550506692913386
11
1.89659468503937
21
0.2555301968503937
0
LINE
8
BLACK
6
CONTINUOUS
10
1.89659468503937
20
0.2555301968503937
11
1.8965976771653543
21
0.2555727559055118
0
LINE
8
BLACK
6
CONTINUOUS
10
1.8965976771653543
20
0.2555727559055118
11
1.8966280708661416
21
0.2556577165354331
0
LINE
8
BLACK
6
CONTINUOUS
10
1.8966280708661416
20
0.2556577165354331
11
1.8994401968503936
21
0.2669062992125984
0
LINE
8
BLACK
6
CONTINUOUS
10
1.8994401968503936
20
0.2669062992125984
11
1.89946968503937
21
0.2671059842519685
0
LINE
8
BLACK
6
CONTINUOUS
10
1.89946968503937
20
0.2671059842519685
11
1.8995030708661418
21
0.2671864566929134
0
LINE
8
BLACK
6
CONTINUOUS
10
1.8995030708661418
20
0.2671864566929134
11
1.8995457874015749
21
0.2676204330708661
0
LINE
8
BLACK
6
CONTINUOUS
10
1.8995457874015749
20
0.2676204330708661
11
1.8996095669291337
21
0.2680515354330709
0
LINE
8
BLACK
6
CONTINUOUS
10
1.8996095669291337
20
0.2680515354330709
11
1.8995967322834646
21
0.2681376771653543
0
LINE
8
BLACK
6
CONTINUOUS
10
1.8995967322834646
20
0.2681376771653543
11
1.8996165354330707
21
0.2683385826771654
0
LINE
8
BLACK
6
CONTINUOUS
10
1.8996165354330707
20
0.2683385826771654
11
1.8996165354330707
21
0.2823993307086614
0
LINE
8
BLACK
6
CONTINUOUS
10
1.8996165354330707
20
0.2823993307086614
11
1.8995967322834646
21
0.2826002755905512
0
LINE
8
BLACK
6
CONTINUOUS
10
1.8995967322834646
20
0.2826002755905512
11
1.8996095669291337
21
0.2826863779527559
0
LINE
8
BLACK
6
CONTINUOUS
10
1.8996095669291337
20
0.2826863779527559
11
1.8995457874015749
21
0.2831175196850393
0
LINE
8
BLACK
6
CONTINUOUS
10
1.8995457874015749
20
0.2831175196850393
11
1.8995030708661418
21
0.2835514566929134
0
LINE
8
BLACK
6
CONTINUOUS
10
1.8995030708661418
20
0.2835514566929134
11
1.89946968503937
21
0.283631968503937
0
LINE
8
BLACK
6
CONTINUOUS
10
1.89946968503937
20
0.283631968503937
11
1.8994401968503936
21
0.2838316141732283
0
LINE
8
BLACK
6
CONTINUOUS
10
1.8994401968503936
20
0.2838316141732283
11
1.8966280708661416
21
0.2950802362204724
0
LINE
8
BLACK
6
CONTINUOUS
10
1.8966280708661416
20
0.2950802362204724
11
1.8965976771653543
21
0.2951652362204724
0
LINE
8
BLACK
6
CONTINUOUS
10
1.8965976771653543
20
0.2951652362204724
11
1.89659468503937
21
0.2952077559055118
0
LINE
8
BLACK
6
CONTINUOUS
10
1.89659468503937
20
0.2952077559055118
11
1.8964111811023621
21
0.2956873228346457
0
LINE
8
BLACK
6
CONTINUOUS
10
1.8964111811023621
20
0.2956873228346457
11
1.8962385826771653
21
0.2961704330708662
0
LINE
8
BLACK
6
CONTINUOUS
10
1.8962385826771653
20
0.2961704330708662
11
1.8962131889763778
21
0.2962046850393701
0
LINE
8
BLACK
6
CONTINUOUS
10
1.8962131889763778
20
0.2962046850393701
11
1.8961809448818898
21
0.2962890157480315
0
LINE
8
BLACK
6
CONTINUOUS
10
1.8961809448818898
20
0.2962890157480315
11
1.8933687795275591
21
0.3019132677165354
0
LINE
8
BLACK
6
CONTINUOUS
10
1.8933687795275591
20
0.3019132677165354
11
1.8930566929133859
21
0.3024090157480315
0
LINE
8
BLACK
6
CONTINUOUS
10
1.8930566929133859
20
0.3024090157480315
11
1.8929970078740157
21
0.302553188976378
0
LINE
8
BLACK
6
CONTINUOUS
10
1.8929970078740157
20
0.302553188976378
11
1.8928637795275589
21
0.3027155118110236
0
LINE
8
BLACK
6
CONTINUOUS
10
1.8928637795275589
20
0.3027155118110236
11
1.8927520472440944
21
0.302893031496063
0
LINE
8
BLACK
6
CONTINUOUS
10
1.8927520472440944
20
0.302893031496063
11
1.8926342125984252
21
0.3029952362204724
0
LINE
8
BLACK
6
CONTINUOUS
10
1.8926342125984252
20
0.3029952362204724
11
1.8922625590551181
21
0.3034480708661417
0
LINE
8
BLACK
6
CONTINUOUS
10
1.8922625590551181
20
0.3034480708661417
11
1.8894504330708661
21
0.3062601968503937
0
LINE
8
BLACK
6
CONTINUOUS
10
1.8894504330708661
20
0.3062601968503937
11
1.8889975984251968
21
0.3066318503937008
0
LINE
8
BLACK
6
CONTINUOUS
10
1.8889975984251968
20
0.3066318503937008
11
1.8888953937007873
21
0.3067496850393701
0
LINE
8
BLACK
6
CONTINUOUS
10
1.8888953937007873
20
0.3067496850393701
11
1.8887176771653542
21
0.3068615354330709
0
LINE
8
BLACK
6
CONTINUOUS
10
1.8887176771653542
20
0.3068615354330709
11
1.8885555118110235
21
0.3069946456692914
0
LINE
8
BLACK
6
CONTINUOUS
10
1.8885555118110235
20
0.3069946456692914
11
1.8884114173228346
21
0.3070543307086614
0
LINE
8
BLACK
6
CONTINUOUS
10
1.8884114173228346
20
0.3070543307086614
11
1.8879156299212598
21
0.3073664173228347
0
LINE
8
BLACK
6
CONTINUOUS
10
1.8879156299212598
20
0.3073664173228347
11
1.8822912992125984
21
0.3101785826771654
0
LINE
8
BLACK
6
CONTINUOUS
10
1.8822912992125984
20
0.3101785826771654
11
1.8812100787401573
21
0.3105923622047244
0
LINE
8
BLACK
6
CONTINUOUS
10
1.8812100787401573
20
0.3105923622047244
11
1.8809983464566928
21
0.3106074409448819
0
LINE
8
BLACK
6
CONTINUOUS
10
1.8809983464566928
20
0.3106074409448819
11
1.8808024015748031
21
0.3106885826771654
0
LINE
8
BLACK
6
CONTINUOUS
10
1.8808024015748031
20
0.3106885826771654
11
1.8796502755905511
21
0.3108020472440945
0
LINE
8
BLACK
6
CONTINUOUS
10
1.8796502755905511
20
0.3108020472440945
11
1.8740259842519684
21
0.3108020472440945
0
LINE
8
BLACK
6
CONTINUOUS
10
1.8740259842519684
20
0.3108020472440945
11
1.8728738582677165
21
0.3106885826771654
0
LINE
8
BLACK
6
CONTINUOUS
10
1.9268736614173227
20
0.3107446456692913
11
1.9267181889763778
21
0.3107556692913386
0
LINE
8
BLACK
6
CONTINUOUS
10
1.9267181889763778
20
0.3107556692913386
11
1.9265136614173228
21
0.3107091732283465
0
LINE
8
BLACK
6
CONTINUOUS
10
1.9265136614173228
20
0.3107091732283465
11
1.9263046850393701
21
0.3106885826771654
0
LINE
8
BLACK
6
CONTINUOUS
10
1.9263046850393701
20
0.3106885826771654
11
1.9261605118110237
21
0.3106288976377953
0
LINE
8
BLACK
6
CONTINUOUS
10
1.9261605118110237
20
0.3106288976377953
11
1.9255892913385826
21
0.3104989763779528
0
LINE
8
BLACK
6
CONTINUOUS
10
1.9255892913385826
20
0.3104989763779528
11
1.917152874015748
21
0.3076868110236221
0
LINE
8
BLACK
6
CONTINUOUS
10
1.917152874015748
20
0.3076868110236221
11
1.916095748031496
21
0.307214842519685
0
LINE
8
BLACK
6
CONTINUOUS
10
1.916095748031496
20
0.307214842519685
11
1.9159354724409448
21
0.307075905511811
0
LINE
8
BLACK
6
CONTINUOUS
10
1.9159354724409448
20
0.307075905511811
11
1.9157394094488189
21
0.3069946456692914
0
LINE
8
BLACK
6
CONTINUOUS
10
1.9157394094488189
20
0.3069946456692914
11
1.9148445275590551
21
0.3062601968503937
0
LINE
8
BLACK
6
CONTINUOUS
10
1.9148445275590551
20
0.3062601968503937
11
1.9120324015748031
21
0.3034480708661417
0
LINE
8
BLACK
6
CONTINUOUS
10
1.9120324015748031
20
0.3034480708661417
11
1.9112979527559055
21
0.3025531496062992
0
LINE
8
BLACK
6
CONTINUOUS
10
1.9112979527559055
20
0.3025531496062992
11
1.9104161811023621
21
0.3004243307086614
0
LINE
8
BLACK
6
CONTINUOUS
10
1.9104161811023621
20
0.3004243307086614
11
1.9104161811023621
21
0.298120157480315
0
LINE
8
BLACK
6
CONTINUOUS
10
1.9104161811023621
20
0.298120157480315
11
1.9112979527559055
21
0.2959913385826772
0
LINE
8
BLACK
6
CONTINUOUS
10
1.9112979527559055
20
0.2959913385826772
11
1.9129273228346457
21
0.294361968503937
0
LINE
8
BLACK
6
CONTINUOUS
10
1.9129273228346457
20
0.294361968503937
11
1.9150561417322833
21
0.2934801968503937
0
LINE
8
BLACK
6
CONTINUOUS
10
1.9150561417322833
20
0.2934801968503937
11
1.91736031496063
21
0.2934801968503937
0
LINE
8
BLACK
6
CONTINUOUS
10
1.91736031496063
20
0.2934801968503937
11
1.9194891338582676
21
0.294361968503937
0
LINE
8
BLACK
6
CONTINUOUS
10
1.9194891338582676
20
0.294361968503937
11
1.9203840551181102
21
0.2950964173228346
0
LINE
8
BLACK
6
CONTINUOUS
10
1.9203840551181102
20
0.2950964173228346
11
1.9222103937007873
21
0.2969227952755906
0
LINE
8
BLACK
6
CONTINUOUS
10
1.9222103937007873
20
0.2969227952755906
11
1.9284151968503938
21
0.2989910236220472
0
LINE
8
BLACK
6
CONTINUOUS
10
1.9284151968503938
20
0.2989910236220472
11
1.9321228346456691
21
0.2989910236220472
0
LINE
8
BLACK
6
CONTINUOUS
10
1.9321228346456691
20
0.2989910236220472
11
1.9383274803149606
21
0.2969227952755906
0
LINE
8
BLACK
6
CONTINUOUS
10
1.9383274803149606
20
0.2969227952755906
11
1.9422883858267717
21
0.2929618897637795
0
LINE
8
BLACK
6
CONTINUOUS
10
1.9422883858267717
20
0.2929618897637795
11
1.9443820472440945
21
0.2887745275590551
0
LINE
8
BLACK
6
CONTINUOUS
10
1.9443820472440945
20
0.2887745275590551
11
1.9468606299212599
21
0.2788603149606299
0
LINE
8
BLACK
6
CONTINUOUS
10
1.9468606299212599
20
0.2788603149606299
11
1.9468606299212599
21
0.2718776771653543
0
LINE
8
BLACK
6
CONTINUOUS
10
1.9468606299212599
20
0.2718776771653543
11
1.9443820472440945
21
0.2619634645669291
0
LINE
8
BLACK
6
CONTINUOUS
10
1.9443820472440945
20
0.2619634645669291
11
1.9422883858267717
21
0.257776062992126
0
LINE
8
BLACK
6
CONTINUOUS
10
1.9422883858267717
20
0.257776062992126
11
1.9383275196850394
21
0.2538151968503937
0
LINE
8
BLACK
6
CONTINUOUS
10
1.9383275196850394
20
0.2538151968503937
11
1.9321227165354331
21
0.2517469291338583
0
LINE
8
BLACK
6
CONTINUOUS
10
1.9321227165354331
20
0.2517469291338583
11
1.9284151968503938
21
0.2517469291338583
0
LINE
8
BLACK
6
CONTINUOUS
10
1.9284151968503938
20
0.2517469291338583
11
1.9222103543307085
21
0.2538151968503937
0
LINE
8
BLACK
6
CONTINUOUS
10
1.9222103543307085
20
0.2538151968503937
11
1.9203840944881889
21
0.2556414960629921
0
LINE
8
BLACK
6
CONTINUOUS
10
1.9203840944881889
20
0.2556414960629921
11
1.9194891732283463
21
0.2563759448818898
0
LINE
8
BLACK
6
CONTINUOUS
10
1.9194891732283463
20
0.2563759448818898
11
1.9173603543307087
21
0.2572577559055118
0
LINE
8
BLACK
6
CONTINUOUS
10
1.9173603543307087
20
0.2572577559055118
11
1.9150561811023621
21
0.2572577559055118
0
LINE
8
BLACK
6
CONTINUOUS
10
1.9150561811023621
20
0.2572577559055118
11
1.9129273622047243
21
0.2563759842519685
0
LINE
8
BLACK
6
CONTINUOUS
10
1.9129273622047243
20
0.2563759842519685
11
1.9112979921259843
21
0.2547466535433071
0
LINE
8
BLACK
6
CONTINUOUS
10
1.9112979921259843
20
0.2547466535433071
11
1.9104161811023621
21
0.2526178346456693
0
LINE
8
BLACK
6
CONTINUOUS
10
1.9104161811023621
20
0.2526178346456693
11
1.9104161811023621
21
0.2503136614173228
0
LINE
8
BLACK
6
CONTINUOUS
10
1.9104161811023621
20
0.2503136614173228
11
1.9112979527559055
21
0.248184842519685
0
LINE
8
BLACK
6
CONTINUOUS
10
1.9112979527559055
20
0.248184842519685
11
1.9120323622047244
21
0.2472899212598425
0
LINE
8
BLACK
6
CONTINUOUS
10
1.9120323622047244
20
0.2472899212598425
11
1.9148444881889763
21
0.2444777559055118
0
LINE
8
BLACK
6
CONTINUOUS
10
1.9148444881889763
20
0.2444777559055118
11
1.9157394094488189
21
0.2437433070866142
0
LINE
8
BLACK
6
CONTINUOUS
10
1.9157394094488189
20
0.2437433070866142
11
1.91593531496063
21
0.2436621653543307
0
LINE
8
BLACK
6
CONTINUOUS
10
1.91593531496063
20
0.2436621653543307
11
1.916095748031496
21
0.243523031496063
0
LINE
8
BLACK
6
CONTINUOUS
10
1.916095748031496
20
0.243523031496063
11
1.917152874015748
21
0.243051062992126
0
LINE
8
BLACK
6
CONTINUOUS
10
1.917152874015748
20
0.243051062992126
11
1.9255893307086613
21
0.240238937007874
0
LINE
8
BLACK
6
CONTINUOUS
10
1.9255893307086613
20
0.240238937007874
11
1.9261606692913384
21
0.2401090551181102
0
LINE
8
BLACK
6
CONTINUOUS
10
1.9261606692913384
20
0.2401090551181102
11
1.9263046850393701
21
0.2400493700787402
0
LINE
8
BLACK
6
CONTINUOUS
10
1.9263046850393701
20
0.2400493700787402
11
1.9265134251968503
21
0.2400288188976378
0
LINE
8
BLACK
6
CONTINUOUS
10
1.9265134251968503
20
0.2400288188976378
11
1.9267182283464566
21
0.2399822440944882
0
LINE
8
BLACK
6
CONTINUOUS
10
1.9267182283464566
20
0.2399822440944882
11
1.9268738976377953
21
0.2399933464566929
0
LINE
8
BLACK
6
CONTINUOUS
10
1.9268738976377953
20
0.2399933464566929
11
1.9274568110236221
21
0.239935905511811
0
LINE
8
BLACK
6
CONTINUOUS
10
1.9274568110236221
20
0.239935905511811
11
1.9330811023622048
21
0.239935905511811
0
LINE
8
BLACK
6
CONTINUOUS
10
1.9330811023622048
20
0.239935905511811
11
1.9336639763779526
21
0.2399933464566929
0
LINE
8
BLACK
6
CONTINUOUS
10
1.9336639763779526
20
0.2399933464566929
11
1.9338196850393701
21
0.2399822440944882
0
LINE
8
BLACK
6
CONTINUOUS
10
1.9338196850393701
20
0.2399822440944882
11
1.9340244488188976
21
0.2400288188976378
0
LINE
8
BLACK
6
CONTINUOUS
10
1.9340244488188976
20
0.2400288188976378
11
1.9342332283464567
21
0.2400493700787402
0
LINE
8
BLACK
6
CONTINUOUS
10
1.9342332283464567
20
0.2400493700787402
11
1.9343772047244094
21
0.2401090551181102
0
LINE
8
BLACK
6
CONTINUOUS
10
1.9343772047244094
20
0.2401090551181102
11
1.9349485826771653
21
0.240238937007874
0
LINE
8
BLACK
6
CONTINUOUS
10
1.9349485826771653
20
0.240238937007874
11
1.9433850393700787
21
0.243051062992126
0
LINE
8
BLACK
6
CONTINUOUS
10
1.9433850393700787
20
0.243051062992126
11
1.9444421653543307
21
0.243523031496063
0
LINE
8
BLACK
6
CONTINUOUS
10
1.9444421653543307
20
0.243523031496063
11
1.9446024409448819
21
0.2436620866141732
0
LINE
8
BLACK
6
CONTINUOUS
10
1.9446024409448819
20
0.2436620866141732
11
1.9447985039370079
21
0.2437432677165354
0
LINE
8
BLACK
6
CONTINUOUS
10
1.9447985039370079
20
0.2437432677165354
11
1.9456933858267715
21
0.2444777165354331
0
LINE
8
BLACK
6
CONTINUOUS
10
1.9456933858267715
20
0.2444777165354331
11
1.9513176771653542
21
0.2501020472440945
0
LINE
8
BLACK
6
CONTINUOUS
10
1.9513176771653542
20
0.2501020472440945
11
1.9516892519685038
21
0.2505548818897638
0
LINE
8
BLACK
6
CONTINUOUS
10
1.9516892519685038
20
0.2505548818897638
11
1.9518071653543307
21
0.2506570866141732
0
LINE
8
BLACK
6
CONTINUOUS
10
1.9518071653543307
20
0.2506570866141732
11
1.9519189763779528
21
0.2508348031496063
0
LINE
8
BLACK
6
CONTINUOUS
10
1.9519189763779528
20
0.2508348031496063
11
1.9520521259842518
21
0.250996968503937
0
LINE
8
BLACK
6
CONTINUOUS
10
1.9520521259842518
20
0.250996968503937
11
1.9521117716535432
21
0.251141062992126
0
LINE
8
BLACK
6
CONTINUOUS
10
1.9521117716535432
20
0.251141062992126
11
1.9524238976377952
21
0.2516368503937008
0
LINE
8
BLACK
6
CONTINUOUS
10
1.9524238976377952
20
0.2516368503937008
11
1.9552360629921259
21
0.2572611023622047
0
LINE
8
BLACK
6
CONTINUOUS
10
1.9552360629921259
20
0.2572611023622047
11
1.9552683070866141
21
0.2573454724409449
0
LINE
8
BLACK
6
CONTINUOUS
10
1.9552683070866141
20
0.2573454724409449
11
1.9552937007874016
21
0.2573796850393701
0
LINE
8
BLACK
6
CONTINUOUS
10
1.9552937007874016
20
0.2573796850393701
11
1.9554662992125984
21
0.2578628346456693
0
LINE
8
BLACK
6
CONTINUOUS
10
1.9554662992125984
20
0.2578628346456693
11
1.9556498031496063
21
0.2583423622047244
0
LINE
8
BLACK
6
CONTINUOUS
10
1.9556498031496063
20
0.2583423622047244
11
1.9556527952755904
21
0.2583849212598425
0
LINE
8
BLACK
6
CONTINUOUS
10
1.9556527952755904
20
0.2583849212598425
11
1.9556831889763779
21
0.2584698818897638
0
LINE
8
BLACK
6
CONTINUOUS
10
1.9556831889763779
20
0.2584698818897638
11
1.9584953149606299
21
0.2697184645669291
0
LINE
8
BLACK
6
CONTINUOUS
10
1.9584953149606299
20
0.2697184645669291
11
1.9585248031496063
21
0.2699181496062992
0
LINE
8
BLACK
6
CONTINUOUS
10
1.9585248031496063
20
0.2699181496062992
11
1.9585581889763779
21
0.2699986220472441
0
LINE
8
BLACK
6
CONTINUOUS
10
1.9585581889763779
20
0.2699986220472441
11
1.958600905511811
21
0.2704325984251968
0
LINE
8
BLACK
6
CONTINUOUS
10
1.958600905511811
20
0.2704325984251968
11
1.9586646850393701
21
0.2708637007874016
0
LINE
8
BLACK
6
CONTINUOUS
10
1.9586646850393701
20
0.2708637007874016
11
1.9586518503937007
21
0.270949842519685
0
LINE
8
BLACK
6
CONTINUOUS
10
1.9586518503937007
20
0.270949842519685
11
1.9586716535433071
21
0.2711507480314961
0
LINE
8
BLACK
6
CONTINUOUS
10
1.9586716535433071
20
0.2711507480314961
11
1.9586716535433071
21
0.2795872047244095
0
LINE
8
BLACK
6
CONTINUOUS
10
1.9586716535433071
20
0.2795872047244095
11
1.9586518503937007
21
0.2797881496062992
0
LINE
8
BLACK
6
CONTINUOUS
10
1.9586518503937007
20
0.2797881496062992
11
1.9586646850393701
21
0.2798742519685039
0
LINE
8
BLACK
6
CONTINUOUS
10
1.9586646850393701
20
0.2798742519685039
11
1.958600905511811
21
0.2803053937007874
0
LINE
8
BLACK
6
CONTINUOUS
10
1.958600905511811
20
0.2803053937007874
11
1.9585581889763779
21
0.2807393307086614
0
LINE
8
BLACK
6
CONTINUOUS
10
1.9585581889763779
20
0.2807393307086614
11
1.9585248031496063
21
0.2808198425196851
0
LINE
8
BLACK
6
CONTINUOUS
10
1.9585248031496063
20
0.2808198425196851
11
1.9584953149606299
21
0.2810194881889764
0
LINE
8
BLACK
6
CONTINUOUS
10
1.9584953149606299
20
0.2810194881889764
11
1.9556831889763779
21
0.2922680708661417
0
LINE
8
BLACK
6
CONTINUOUS
10
1.9556831889763779
20
0.2922680708661417
11
1.9556527952755904
21
0.2923530708661417
0
LINE
8
BLACK
6
CONTINUOUS
10
1.9556527952755904
20
0.2923530708661417
11
1.9556498031496063
21
0.2923955905511811
0
LINE
8
BLACK
6
CONTINUOUS
10
1.9556498031496063
20
0.2923955905511811
11
1.9554662992125984
21
0.292875157480315
0
LINE
8
BLACK
6
CONTINUOUS
10
1.9554662992125984
20
0.292875157480315
11
1.9552937007874016
21
0.2933582677165354
0
LINE
8
BLACK
6
CONTINUOUS
10
1.9552937007874016
20
0.2933582677165354
11
1.9552683070866141
21
0.2933925196850394
0
LINE
8
BLACK
6
CONTINUOUS
10
1.9552683070866141
20
0.2933925196850394
11
1.9552360629921259
21
0.2934768503937008
0
LINE
8
BLACK
6
CONTINUOUS
10
1.9552360629921259
20
0.2934768503937008
11
1.9524238976377952
21
0.2991011023622047
0
LINE
8
BLACK
6
CONTINUOUS
10
1.9524238976377952
20
0.2991011023622047
11
1.952111811023622
21
0.2995968503937008
0
LINE
8
BLACK
6
CONTINUOUS
10
1.952111811023622
20
0.2995968503937008
11
1.9520521259842518
21
0.2997410236220472
0
LINE
8
BLACK
6
CONTINUOUS
10
1.9520521259842518
20
0.2997410236220472
11
1.9519188976377952
21
0.2999033464566929
0
LINE
8
BLACK
6
CONTINUOUS
10
1.9519188976377952
20
0.2999033464566929
11
1.9518071653543307
21
0.3000808661417323
0
LINE
8
BLACK
6
CONTINUOUS
10
1.9518071653543307
20
0.3000808661417323
11
1.9516893307086614
21
0.3001830708661417
0
LINE
8
BLACK
6
CONTINUOUS
10
1.9516893307086614
20
0.3001830708661417
11
1.9513176771653542
21
0.300635905511811
0
LINE
8
BLACK
6
CONTINUOUS
10
1.9513176771653542
20
0.300635905511811
11
1.9456933858267715
21
0.3062601968503937
0
LINE
8
BLACK
6
CONTINUOUS
10
1.9456933858267715
20
0.3062601968503937
11
1.9447984645669292
21
0.3069946456692914
0
LINE
8
BLACK
6
CONTINUOUS
10
1.9447984645669292
20
0.3069946456692914
11
1.9446024015748031
21
0.3070758661417323
0
LINE
8
BLACK
6
CONTINUOUS
10
1.9446024015748031
20
0.3070758661417323
11
1.9444421653543307
21
0.307214842519685
0
LINE
8
BLACK
6
CONTINUOUS
10
1.9444421653543307
20
0.307214842519685
11
1.9433850393700787
21
0.3076868503937008
0
LINE
8
BLACK
6
CONTINUOUS
10
1.9433850393700787
20
0.3076868503937008
11
1.9349485826771653
21
0.3104989763779528
0
LINE
8
BLACK
6
CONTINUOUS
10
1.9349485826771653
20
0.3104989763779528
11
1.9343774015748032
21
0.3106288582677165
0
LINE
8
BLACK
6
CONTINUOUS
10
1.9343774015748032
20
0.3106288582677165
11
1.9342332283464567
21
0.3106885826771654
0
LINE
8
BLACK
6
CONTINUOUS
10
1.9342332283464567
20
0.3106885826771654
11
1.9340242125984251
21
0.3107091732283465
0
LINE
8
BLACK
6
CONTINUOUS
10
1.9340242125984251
20
0.3107091732283465
11
1.9338197244094488
21
0.3107556692913386
0
LINE
8
BLACK
6
CONTINUOUS
10
1.9338197244094488
20
0.3107556692913386
11
1.9336642125984251
21
0.3107446456692913
0
LINE
8
BLACK
6
CONTINUOUS
10
1.9336642125984251
20
0.3107446456692913
11
1.9330811023622048
21
0.3108020472440945
0
LINE
8
BLACK
6
CONTINUOUS
10
1.9330811023622048
20
0.3108020472440945
11
1.9274568110236221
21
0.3108020472440945
0
LINE
8
BLACK
6
CONTINUOUS
10
1.9274568110236221
20
0.3108020472440945
11
1.9268736614173227
21
0.3107446456692913
0
LINE
8
BLACK
6
CONTINUOUS
10
1.9943652362204725
20
0.3107446456692913
11
1.9942097637795275
21
0.3107556692913386
0
LINE
8
BLACK
6
CONTINUOUS
10
1.9942097637795275
20
0.3107556692913386
11
1.9940052362204723
21
0.3107091732283465
0
LINE
8
BLACK
6
CONTINUOUS
10
1.9940052362204723
20
0.3107091732283465
11
1.9937962598425196
21
0.3106885826771654
0
LINE
8
BLACK
6
CONTINUOUS
10
1.9937962598425196
20
0.3106885826771654
11
1.9936520866141731
21
0.3106288976377953
0
LINE
8
BLACK
6
CONTINUOUS
10
1.9936520866141731
20
0.3106288976377953
11
1.9930808661417323
21
0.3104989763779528
0
LINE
8
BLACK
6
CONTINUOUS
10
1.9930808661417323
20
0.3104989763779528
11
1.9846444488188977
21
0.3076868110236221
0
LINE
8
BLACK
6
CONTINUOUS
10
1.9846444488188977
20
0.3076868110236221
11
1.9835873228346457
21
0.307214842519685
0
LINE
8
BLACK
6
CONTINUOUS
10
1.9835873228346457
20
0.307214842519685
11
1.9834270866141732
21
0.307075905511811
0
LINE
8
BLACK
6
CONTINUOUS
10
1.9834270866141732
20
0.307075905511811
11
1.9832309842519684
21
0.3069946456692914
0
LINE
8
BLACK
6
CONTINUOUS
10
1.9832309842519684
20
0.3069946456692914
11
1.9823361023622046
21
0.3062601968503937
0
LINE
8
BLACK
6
CONTINUOUS
10
1.9823361023622046
20
0.3062601968503937
11
1.9767118110236219
21
0.300635905511811
0
LINE
8
BLACK
6
CONTINUOUS
10
1.9767118110236219
20
0.300635905511811
11
1.976340157480315
21
0.3001831102362205
0
LINE
8
BLACK
6
CONTINUOUS
10
1.976340157480315
20
0.3001831102362205
11
1.9762223228346456
21
0.3000808661417323
0
LINE
8
BLACK
6
CONTINUOUS
10
1.9762223228346456
20
0.3000808661417323
11
1.9761104724409448
21
0.299903188976378
0
LINE
8
BLACK
6
CONTINUOUS
10
1.9761104724409448
20
0.299903188976378
11
1.9759773622047243
21
0.2997409842519685
0
LINE
8
BLACK
6
CONTINUOUS
10
1.9759773622047243
20
0.2997409842519685
11
1.9759176771653544
21
0.2995969291338583
0
LINE
8
BLACK
6
CONTINUOUS
10
1.9759176771653544
20
0.2995969291338583
11
1.9756055905511811
21
0.2991011023622047
0
LINE
8
BLACK
6
CONTINUOUS
10
1.9756055905511811
20
0.2991011023622047
11
1.9727934251968504
21
0.2934768110236221
0
LINE
8
BLACK
6
CONTINUOUS
10
1.9727934251968504
20
0.2934768110236221
11
1.9727611417322835
21
0.2933925590551181
0
LINE
8
BLACK
6
CONTINUOUS
10
1.9727611417322835
20
0.2933925590551181
11
1.9727357874015747
21
0.2933582677165354
0
LINE
8
BLACK
6
CONTINUOUS
10
1.9727357874015747
20
0.2933582677165354
11
1.9725630708661417
21
0.2928749212598425
0
LINE
8
BLACK
6
CONTINUOUS
10
1.9725630708661417
20
0.2928749212598425
11
1.97237968503937
21
0.2923955905511811
0
LINE
8
BLACK
6
CONTINUOUS
10
1.97237968503937
20
0.2923955905511811
11
1.9723766535433069
21
0.2923530708661417
0
LINE
8
BLACK
6
CONTINUOUS
10
1.9723766535433069
20
0.2923530708661417
11
1.9723462992125984
21
0.2922680708661417
0
LINE
8
BLACK
6
CONTINUOUS
10
1.9723462992125984
20
0.2922680708661417
11
1.9695341732283465
21
0.2810194881889764
0
LINE
8
BLACK
6
CONTINUOUS
10
1.9695341732283465
20
0.2810194881889764
11
1.9695046456692913
21
0.2808198425196851
0
LINE
8
BLACK
6
CONTINUOUS
10
1.9695046456692913
20
0.2808198425196851
11
1.9694712992125984
21
0.2807393307086614
0
LINE
8
BLACK
6
CONTINUOUS
10
1.9694712992125984
20
0.2807393307086614
11
1.9694285433070866
21
0.2803053937007874
0
LINE
8
BLACK
6
CONTINUOUS
10
1.9694285433070866
20
0.2803053937007874
11
1.9693648031496063
21
0.2798742519685039
0
LINE
8
BLACK
6
CONTINUOUS
10
1.9693648031496063
20
0.2798742519685039
11
1.9693775984251969
21
0.2797881496062992
0
LINE
8
BLACK
6
CONTINUOUS
10
1.9693775984251969
20
0.2797881496062992
11
1.9693578346456693
21
0.2795872047244095
0
LINE
8
BLACK
6
CONTINUOUS
10
1.9693578346456693
20
0.2795872047244095
11
1.9693578346456693
21
0.2711507480314961
0
LINE
8
BLACK
6
CONTINUOUS
10
1.9693578346456693
20
0.2711507480314961
11
1.9693775984251969
21
0.270949842519685
0
LINE
8
BLACK
6
CONTINUOUS
10
1.9693775984251969
20
0.270949842519685
11
1.9693648031496063
21
0.2708637007874016
0
LINE
8
BLACK
6
CONTINUOUS
10
1.9693648031496063
20
0.2708637007874016
11
1.9694285433070866
21
0.2704325984251968
0
LINE
8
BLACK
6
CONTINUOUS
10
1.9694285433070866
20
0.2704325984251968
11
1.9694712992125984
21
0.2699986220472441
0
LINE
8
BLACK
6
CONTINUOUS
10
1.9694712992125984
20
0.2699986220472441
11
1.9695046456692913
21
0.2699181496062992
0
LINE
8
BLACK
6
CONTINUOUS
10
1.9695046456692913
20
0.2699181496062992
11
1.9695341732283465
21
0.2697184645669291
0
LINE
8
BLACK
6
CONTINUOUS
10
1.9695341732283465
20
0.2697184645669291
11
1.9723462992125984
21
0.2584698818897638
0
LINE
8
BLACK
6
CONTINUOUS
10
1.9723462992125984
20
0.2584698818897638
11
1.9723766535433069
21
0.2583849212598425
0
LINE
8
BLACK
6
CONTINUOUS
10
1.9723766535433069
20
0.2583849212598425
11
1.97237968503937
21
0.2583423622047244
0
LINE
8
BLACK
6
CONTINUOUS
10
1.97237968503937
20
0.2583423622047244
11
1.9725630708661417
21
0.2578630708661417
0
LINE
8
BLACK
6
CONTINUOUS
10
1.9725630708661417
20
0.2578630708661417
11
1.9727357874015747
21
0.2573796850393701
0
LINE
8
BLACK
6
CONTINUOUS
10
1.9727357874015747
20
0.2573796850393701
11
1.9727611417322835
21
0.2573454330708662
0
LINE
8
BLACK
6
CONTINUOUS
10
1.9727611417322835
20
0.2573454330708662
11
1.9727934251968504
21
0.2572611417322835
0
LINE
8
BLACK
6
CONTINUOUS
10
1.9727934251968504
20
0.2572611417322835
11
1.9756055905511811
21
0.2516368503937008
0
LINE
8
BLACK
6
CONTINUOUS
10
1.9756055905511811
20
0.2516368503937008
11
1.9759176771653544
21
0.251141062992126
0
LINE
8
BLACK
6
CONTINUOUS
10
1.9759176771653544
20
0.251141062992126
11
1.9759773622047243
21
0.250996968503937
0
LINE
8
BLACK
6
CONTINUOUS
10
1.9759773622047243
20
0.250996968503937
11
1.9761104724409448
21
0.2508348031496063
0
LINE
8
BLACK
6
CONTINUOUS
10
1.9761104724409448
20
0.2508348031496063
11
1.9762223228346456
21
0.2506570866141732
0
LINE
8
BLACK
6
CONTINUOUS
10
1.9762223228346456
20
0.2506570866141732
11
1.976340157480315
21
0.2505548818897638
0
LINE
8
BLACK
6
CONTINUOUS
10
1.976340157480315
20
0.2505548818897638
11
1.9767118110236219
21
0.2501020472440945
0
LINE
8
BLACK
6
CONTINUOUS
10
1.9767118110236219
20
0.2501020472440945
11
1.9823361023622046
21
0.2444777165354331
0
LINE
8
BLACK
6
CONTINUOUS
10
1.9823361023622046
20
0.2444777165354331
11
1.9832309842519684
21
0.2437432677165354
0
LINE
8
BLACK
6
CONTINUOUS
10
1.9832309842519684
20
0.2437432677165354
11
1.9834270078740157
21
0.2436620866141732
0
LINE
8
BLACK
6
CONTINUOUS
10
1.9834270078740157
20
0.2436620866141732
11
1.9835873228346457
21
0.243523031496063
0
LINE
8
BLACK
6
CONTINUOUS
10
1.9835873228346457
20
0.243523031496063
11
1.9846444488188977
21
0.243051062992126
0
LINE
8
BLACK
6
CONTINUOUS
10
1.9846444488188977
20
0.243051062992126
11
1.9930809055118111
21
0.240238937007874
0
LINE
8
BLACK
6
CONTINUOUS
10
1.9930809055118111
20
0.240238937007874
11
1.9936522440944882
21
0.2401090551181102
0
LINE
8
BLACK
6
CONTINUOUS
10
1.9936522440944882
20
0.2401090551181102
11
1.9937962598425196
21
0.2400493700787402
0
LINE
8
BLACK
6
CONTINUOUS
10
1.9937962598425196
20
0.2400493700787402
11
1.994005
21
0.2400288188976378
0
LINE
8
BLACK
6
CONTINUOUS
10
1.994005
20
0.2400288188976378
11
1.9942098031496063
21
0.2399822440944882
0
LINE
8
BLACK
6
CONTINUOUS
10
1.9942098031496063
20
0.2399822440944882
11
1.9943654724409448
21
0.2399933464566929
0
LINE
8
BLACK
6
CONTINUOUS
10
1.9943654724409448
20
0.2399933464566929
11
1.9949483858267716
21
0.239935905511811
0
LINE
8
BLACK
6
CONTINUOUS
10
1.9949483858267716
20
0.239935905511811
11
2.0090091338582678
21
0.239935905511811
0
LINE
8
BLACK
6
CONTINUOUS
10
2.0090091338582678
20
0.239935905511811
11
2.0101612598425196
21
0.2400493700787402
0
LINE
8
BLACK
6
CONTINUOUS
10
2.0101612598425196
20
0.2400493700787402
11
2.0122900787401576
21
0.2409311811023622
0
LINE
8
BLACK
6
CONTINUOUS
10
2.0122900787401576
20
0.2409311811023622
11
2.0139193700787401
21
0.2425604724409449
0
LINE
8
BLACK
6
CONTINUOUS
10
2.0139193700787401
20
0.2425604724409449
11
2.0148011811023623
21
0.2446892913385827
0
LINE
8
BLACK
6
CONTINUOUS
10
2.0148011811023623
20
0.2446892913385827
11
2.0149146456692915
21
0.2458414173228346
0
LINE
8
BLACK
6
CONTINUOUS
10
2.0149146456692915
20
0.2458414173228346
11
2.0149146456692915
21
0.3048965354330709
0
LINE
8
BLACK
6
CONTINUOUS
10
2.0149146456692915
20
0.3048965354330709
11
2.0148011811023623
21
0.3060486614173228
0
LINE
8
BLACK
6
CONTINUOUS
10
2.0148011811023623
20
0.3060486614173228
11
2.0139193700787401
21
0.3081774803149606
0
LINE
8
BLACK
6
CONTINUOUS
10
2.0139193700787401
20
0.3081774803149606
11
2.0122900787401576
21
0.3098067716535433
0
LINE
8
BLACK
6
CONTINUOUS
10
2.0122900787401576
20
0.3098067716535433
11
2.0101612598425196
21
0.3106885826771654
0
LINE
8
BLACK
6
CONTINUOUS
10
2.0101612598425196
20
0.3106885826771654
11
2.0090091338582678
21
0.3108020472440945
0
LINE
8
BLACK
6
CONTINUOUS
10
2.0090091338582678
20
0.3108020472440945
11
1.9949483858267716
21
0.3108020472440945
0
LINE
8
BLACK
6
CONTINUOUS
10
1.9949483858267716
20
0.3108020472440945
11
1.9943652362204725
21
0.3107446456692913
0
LINE
8
BLACK
6
CONTINUOUS
10
2.2018952362204725
20
0.3106885826771654
11
2.1997664173228344
21
0.3098067716535433
0
LINE
8
BLACK
6
CONTINUOUS
10
2.1997664173228344
20
0.3098067716535433
11
2.1981371259842519
21
0.3081774803149606
0
LINE
8
BLACK
6
CONTINUOUS
10
2.1981371259842519
20
0.3081774803149606
11
2.1972553149606298
21
0.3060486614173228
0
LINE
8
BLACK
6
CONTINUOUS
10
2.1972553149606298
20
0.3060486614173228
11
2.1972553149606298
21
0.3037444094488189
0
LINE
8
BLACK
6
CONTINUOUS
10
2.1972553149606298
20
0.3037444094488189
11
2.1981371259842519
21
0.3016155905511811
0
LINE
8
BLACK
6
CONTINUOUS
10
2.1981371259842519
20
0.3016155905511811
11
2.1997664173228344
21
0.2999862992125984
0
LINE
8
BLACK
6
CONTINUOUS
10
2.1997664173228344
20
0.2999862992125984
11
2.2018952362204725
21
0.2991044881889764
0
LINE
8
BLACK
6
CONTINUOUS
10
2.2018952362204725
20
0.2991044881889764
11
2.2030473622047242
21
0.2989910236220472
0
LINE
8
BLACK
6
CONTINUOUS
10
2.2030473622047242
20
0.2989910236220472
11
2.2252633464566927
21
0.2989910236220472
0
LINE
8
BLACK
6
CONTINUOUS
10
2.2252633464566927
20
0.2989910236220472
11
2.2252633464566927
21
0.2826805511811024
0
LINE
8
BLACK
6
CONTINUOUS
10
2.2252633464566927
20
0.2826805511811024
11
2.2114838188976376
21
0.2826805511811024
0
LINE
8
BLACK
6
CONTINUOUS
10
2.2114838188976376
20
0.2826805511811024
11
2.2103316929133858
21
0.2825670866141732
0
LINE
8
BLACK
6
CONTINUOUS
10
2.2103316929133858
20
0.2825670866141732
11
2.2082028740157478
21
0.2816852755905512
0
LINE
8
BLACK
6
CONTINUOUS
10
2.2082028740157478
20
0.2816852755905512
11
2.2065735826771653
21
0.2800559842519685
0
LINE
8
BLACK
6
CONTINUOUS
10
2.2065735826771653
20
0.2800559842519685
11
2.2056917716535431
21
0.2779271653543307
0
LINE
8
BLACK
6
CONTINUOUS
10
2.2056917716535431
20
0.2779271653543307
11
2.2056917716535431
21
0.2756229133858268
0
LINE
8
BLACK
6
CONTINUOUS
10
2.2056917716535431
20
0.2756229133858268
11
2.2065735826771653
21
0.273494094488189
0
LINE
8
BLACK
6
CONTINUOUS
10
2.2065735826771653
20
0.273494094488189
11
2.2082028740157478
21
0.2718648031496063
0
LINE
8
BLACK
6
CONTINUOUS
10
2.2082028740157478
20
0.2718648031496063
11
2.2103316929133858
21
0.2709829921259843
0
LINE
8
BLACK
6
CONTINUOUS
10
2.2103316929133858
20
0.2709829921259843
11
2.2114838188976376
21
0.2708695275590551
0
LINE
8
BLACK
6
CONTINUOUS
10
2.2114838188976376
20
0.2708695275590551
11
2.2252633464566927
21
0.2708695275590551
0
LINE
8
BLACK
6
CONTINUOUS
10
2.2252633464566927
20
0.2708695275590551
11
2.2252633464566927
21
0.2517469291338583
0
LINE
8
BLACK
6
CONTINUOUS
10
2.2252633464566927
20
0.2517469291338583
11
2.2030473622047242
21
0.2517469291338583
0
LINE
8
BLACK
6
CONTINUOUS
10
2.2030473622047242
20
0.2517469291338583
11
2.2018952362204725
21
0.2516334645669291
0
LINE
8
BLACK
6
CONTINUOUS
10
2.2018952362204725
20
0.2516334645669291
11
2.1997664173228344
21
0.2507516535433071
0
LINE
8
BLACK
6
CONTINUOUS
10
2.1997664173228344
20
0.2507516535433071
11
2.1981371259842519
21
0.2491223622047244
0
LINE
8
BLACK
6
CONTINUOUS
10
2.1981371259842519
20
0.2491223622047244
11
2.1972553149606298
21
0.2469935433070866
0
LINE
8
BLACK
6
CONTINUOUS
10
2.1972553149606298
20
0.2469935433070866
11
2.1972553149606298
21
0.2446892913385827
0
LINE
8
BLACK
6
CONTINUOUS
10
2.1972553149606298
20
0.2446892913385827
11
2.1981371259842519
21
0.2425604724409449
0
LINE
8
BLACK
6
CONTINUOUS
10
2.1981371259842519
20
0.2425604724409449
11
2.1997664173228344
21
0.2409311811023622
0
LINE
8
BLACK
6
CONTINUOUS
10
2.1997664173228344
20
0.2409311811023622
11
2.2018952362204725
21
0.2400493700787402
0
LINE
8
BLACK
6
CONTINUOUS
10
2.2018952362204725
20
0.2400493700787402
11
2.2030473622047242
21
0.239935905511811
0
LINE
8
BLACK
6
CONTINUOUS
10
2.2030473622047242
20
0.239935905511811
11
2.2311688582677163
21
0.239935905511811
0
LINE
8
BLACK
6
CONTINUOUS
10
2.2311688582677163
20
0.239935905511811
11
2.2323209842519685
21
0.2400493700787402
0
LINE
8
BLACK
6
CONTINUOUS
10
2.2323209842519685
20
0.2400493700787402
11
2.2344498031496061
21
0.2409311811023622
0
LINE
8
BLACK
6
CONTINUOUS
10
2.2344498031496061
20
0.2409311811023622
11
2.236079094488189
21
0.2425604724409449
0
LINE
8
BLACK
6
CONTINUOUS
10
2.236079094488189
20
0.2425604724409449
11
2.2369609055118111
21
0.2446892913385827
0
LINE
8
BLACK
6
CONTINUOUS
10
2.2369609055118111
20
0.2446892913385827
11
2.2370743700787403
21
0.2458414173228346
0
LINE
8
BLACK
6
CONTINUOUS
10
2.2370743700787403
20
0.2458414173228346
11
2.2370743700787403
21
0.3048965354330709
0
LINE
8
BLACK
6
CONTINUOUS
10
2.2370743700787403
20
0.3048965354330709
11
2.2369609055118111
21
0.3060486614173228
0
LINE
8
BLACK
6
CONTINUOUS
10
2.2369609055118111
20
0.3060486614173228
11
2.236079094488189
21
0.3081774803149606
0
LINE
8
BLACK
6
CONTINUOUS
10
2.236079094488189
20
0.3081774803149606
11
2.2344498031496061
21
0.3098067716535433
0
LINE
8
BLACK
6
CONTINUOUS
10
2.2344498031496061
20
0.3098067716535433
11
2.2323209842519685
21
0.3106885826771654
0
LINE
8
BLACK
6
CONTINUOUS
10
2.2323209842519685
20
0.3106885826771654
11
2.2311688582677163
21
0.3108020472440945
0
LINE
8
BLACK
6
CONTINUOUS
10
2.2311688582677163
20
0.3108020472440945
11
2.2030473622047242
21
0.3108020472440945
0
LINE
8
BLACK
6
CONTINUOUS
10
2.2030473622047242
20
0.3108020472440945
11
2.2018952362204725
21
0.3106885826771654
0
LINE
8
BLACK
6
CONTINUOUS
10
1.7671641732283465
20
0.3107032283464567
11
1.766425748031496
21
0.3107556692913386
0
LINE
8
BLACK
6
CONTINUOUS
10
1.766425748031496
20
0.3107556692913386
11
1.766025433070866
21
0.3106222440944882
0
LINE
8
BLACK
6
CONTINUOUS
10
1.766025433070866
20
0.3106222440944882
11
1.7656045669291338
21
0.3105923228346457
0
LINE
8
BLACK
6
CONTINUOUS
10
1.7656045669291338
20
0.3105923228346457
11
1.7649422047244094
21
0.3102611811023622
0
LINE
8
BLACK
6
CONTINUOUS
10
1.7649422047244094
20
0.3102611811023622
11
1.7642397637795275
21
0.3100270078740157
0
LINE
8
BLACK
6
CONTINUOUS
10
1.7642397637795275
20
0.3100270078740157
11
1.763921062992126
21
0.3097506299212598
0
LINE
8
BLACK
6
CONTINUOUS
10
1.763921062992126
20
0.3097506299212598
11
1.763543622047244
21
0.3095618897637795
0
LINE
8
BLACK
6
CONTINUOUS
10
1.763543622047244
20
0.3095618897637795
11
1.7630583464566929
21
0.3090024015748031
0
LINE
8
BLACK
6
CONTINUOUS
10
1.7630583464566929
20
0.3090024015748031
11
1.7624990551181101
21
0.3085172834645669
0
LINE
8
BLACK
6
CONTINUOUS
10
1.7624990551181101
20
0.3085172834645669
11
1.7623103543307086
21
0.3081399606299213
0
LINE
8
BLACK
6
CONTINUOUS
10
1.7623103543307086
20
0.3081399606299213
11
1.7620338976377952
21
0.3078211417322835
0
LINE
8
BLACK
6
CONTINUOUS
10
1.7620338976377952
20
0.3078211417322835
11
1.7615619291338582
21
0.3067640157480315
0
LINE
8
BLACK
6
CONTINUOUS
10
1.7615619291338582
20
0.3067640157480315
11
1.7418768897637795
21
0.2477088976377953
0
LINE
8
BLACK
6
CONTINUOUS
10
1.7418768897637795
20
0.2477088976377953
11
1.7416201968503937
21
0.2465800393700787
0
LINE
8
BLACK
6
CONTINUOUS
10
1.7416201968503937
20
0.2465800393700787
11
1.7417835433070865
21
0.2442815748031496
0
LINE
8
BLACK
6
CONTINUOUS
10
1.7417835433070865
20
0.2442815748031496
11
1.7428140157480314
21
0.2422206692913386
0
LINE
8
BLACK
6
CONTINUOUS
10
1.7428140157480314
20
0.2422206692913386
11
1.7445547244094488
21
0.2407109448818898
0
LINE
8
BLACK
6
CONTINUOUS
10
1.7445547244094488
20
0.2407109448818898
11
1.7467407086614173
21
0.2399822834645669
0
LINE
8
BLACK
6
CONTINUOUS
10
1.7467407086614173
20
0.2399822834645669
11
1.7490391732283463
21
0.2401456299212598
0
LINE
8
BLACK
6
CONTINUOUS
10
1.7490391732283463
20
0.2401456299212598
11
1.7511000787401574
21
0.2411761023622047
0
LINE
8
BLACK
6
CONTINUOUS
10
1.7511000787401574
20
0.2411761023622047
11
1.7526098031496062
21
0.242916811023622
0
LINE
8
BLACK
6
CONTINUOUS
10
1.7526098031496062
20
0.242916811023622
11
1.7530817716535432
21
0.243973937007874
0
LINE
8
BLACK
6
CONTINUOUS
10
1.7530817716535432
20
0.243973937007874
11
1.7573600787401575
21
0.256808779527559
0
LINE
8
BLACK
6
CONTINUOUS
10
1.7573600787401575
20
0.256808779527559
11
1.7769687007874015
21
0.256808779527559
0
LINE
8
BLACK
6
CONTINUOUS
10
1.7769687007874015
20
0.256808779527559
11
1.7812469685039369
21
0.243973937007874
0
LINE
8
BLACK
6
CONTINUOUS
10
1.7812469685039369
20
0.243973937007874
11
1.7817189370078739
21
0.242916811023622
0
LINE
8
BLACK
6
CONTINUOUS
10
1.7817189370078739
20
0.242916811023622
11
1.7832286614173227
21
0.241176062992126
0
LINE
8
BLACK
6
CONTINUOUS
10
1.7832286614173227
20
0.241176062992126
11
1.7852896062992125
21
0.2401456299212598
0
LINE
8
BLACK
6
CONTINUOUS
10
1.7852896062992125
20
0.2401456299212598
11
1.787588031496063
21
0.2399822440944882
0
LINE
8
BLACK
6
CONTINUOUS
10
1.787588031496063
20
0.2399822440944882
11
1.7897740157480315
21
0.2407109448818898
0
LINE
8
BLACK
6
CONTINUOUS
10
1.7897740157480315
20
0.2407109448818898
11
1.7915147244094487
21
0.2422206692913386
0
LINE
8
BLACK
6
CONTINUOUS
10
1.7915147244094487
20
0.2422206692913386
11
1.7925451968503936
21
0.2442815748031496
0
LINE
8
BLACK
6
CONTINUOUS
10
1.7925451968503936
20
0.2442815748031496
11
1.7927085826771654
21
0.24658
0
LINE
8
BLACK
6
CONTINUOUS
10
1.7927085826771654
20
0.24658
11
1.7924518897637796
21
0.2477088976377953
0
LINE
8
BLACK
6
CONTINUOUS
10
1.7924518897637796
20
0.2477088976377953
11
1.7727668110236221
21
0.3067640157480315
0
LINE
8
BLACK
6
CONTINUOUS
10
1.7727668110236221
20
0.3067640157480315
11
1.7722948425196849
21
0.3078211417322835
0
LINE
8
BLACK
6
CONTINUOUS
10
1.7722948425196849
20
0.3078211417322835
11
1.772018346456693
21
0.3081399212598425
0
LINE
8
BLACK
6
CONTINUOUS
10
1.772018346456693
20
0.3081399212598425
11
1.77182968503937
21
0.3085172834645669
0
LINE
8
BLACK
6
CONTINUOUS
10
1.77182968503937
20
0.3085172834645669
11
1.7712702755905512
21
0.3090024803149606
0
LINE
8
BLACK
6
CONTINUOUS
10
1.7712702755905512
20
0.3090024803149606
11
1.7707851181102361
21
0.3095618503937008
0
LINE
8
BLACK
6
CONTINUOUS
10
1.7707851181102361
20
0.3095618503937008
11
1.7704077165354331
21
0.3097505511811023
0
LINE
8
BLACK
6
CONTINUOUS
10
1.7704077165354331
20
0.3097505511811023
11
1.7700889763779528
21
0.3100270078740157
0
LINE
8
BLACK
6
CONTINUOUS
10
1.7700889763779528
20
0.3100270078740157
11
1.7693864566929134
21
0.3102612204724409
0
LINE
8
BLACK
6
CONTINUOUS
10
1.7693864566929134
20
0.3102612204724409
11
1.768724212598425
21
0.3105923228346457
0
LINE
8
BLACK
6
CONTINUOUS
10
1.768724212598425
20
0.3105923228346457
11
1.7683033858267716
21
0.3106222440944882
0
LINE
8
BLACK
6
CONTINUOUS
10
1.7683033858267716
20
0.3106222440944882
11
1.7679029921259841
21
0.3107557086614173
0
LINE
8
BLACK
6
CONTINUOUS
10
1.7679029921259841
20
0.3107557086614173
11
1.7671641732283465
21
0.3107032283464567
0
LINE
8
BLACK
6
CONTINUOUS
10
2.0483789763779527
20
0.3107032283464567
11
2.0476405511811024
21
0.3107556692913386
0
LINE
8
BLACK
6
CONTINUOUS
10
2.0476405511811024
20
0.3107556692913386
11
2.0472402362204725
21
0.3106222440944882
0
LINE
8
BLACK
6
CONTINUOUS
10
2.0472402362204725
20
0.3106222440944882
11
2.0468193700787403
21
0.3105923228346457
0
LINE
8
BLACK
6
CONTINUOUS
10
2.0468193700787403
20
0.3105923228346457
11
2.0461570078740157
21
0.3102611811023622
0
LINE
8
BLACK
6
CONTINUOUS
10
2.0461570078740157
20
0.3102611811023622
11
2.0454545669291337
21
0.3100270078740157
0
LINE
8
BLACK
6
CONTINUOUS
10
2.0454545669291337
20
0.3100270078740157
11
2.0451358661417323
21
0.3097506299212598
0
LINE
8
BLACK
6
CONTINUOUS
10
2.0451358661417323
20
0.3097506299212598
11
2.0447584251968505
21
0.3095618897637795
0
LINE
8
BLACK
6
CONTINUOUS
10
2.0447584251968505
20
0.3095618897637795
11
2.0442731496062994
21
0.3090024015748031
0
LINE
8
BLACK
6
CONTINUOUS
10
2.0442731496062994
20
0.3090024015748031
11
2.0437138582677163
21
0.3085172834645669
0
LINE
8
BLACK
6
CONTINUOUS
10
2.0437138582677163
20
0.3085172834645669
11
2.0435251574803148
21
0.3081399606299213
0
LINE
8
BLACK
6
CONTINUOUS
10
2.0435251574803148
20
0.3081399606299213
11
2.0432487007874016
21
0.3078211417322835
0
LINE
8
BLACK
6
CONTINUOUS
10
2.0432487007874016
20
0.3078211417322835
11
2.0427767322834645
21
0.3067640157480315
0
LINE
8
BLACK
6
CONTINUOUS
10
2.0427767322834645
20
0.3067640157480315
11
2.0230916929133858
21
0.2477088976377953
0
LINE
8
BLACK
6
CONTINUOUS
10
2.0230916929133858
20
0.2477088976377953
11
2.0228350000000002
21
0.2465800393700787
0
LINE
8
BLACK
6
CONTINUOUS
10
2.0228350000000002
20
0.2465800393700787
11
2.022998346456693
21
0.2442815748031496
0
LINE
8
BLACK
6
CONTINUOUS
10
2.022998346456693
20
0.2442815748031496
11
2.0240288188976376
21
0.2422206692913386
0
LINE
8
BLACK
6
CONTINUOUS
10
2.0240288188976376
20
0.2422206692913386
11
2.025769527559055
21
0.2407109448818898
0
LINE
8
BLACK
6
CONTINUOUS
10
2.025769527559055
20
0.2407109448818898
11
2.0279555118110237
21
0.2399822834645669
0
LINE
8
BLACK
6
CONTINUOUS
10
2.0279555118110237
20
0.2399822834645669
11
2.0302539763779528
21
0.2401456299212598
0
LINE
8
BLACK
6
CONTINUOUS
10
2.0302539763779528
20
0.2401456299212598
11
2.0323148818897638
21
0.2411761023622047
0
LINE
8
BLACK
6
CONTINUOUS
10
2.0323148818897638
20
0.2411761023622047
11
2.0338246062992127
21
0.242916811023622
0
LINE
8
BLACK
6
CONTINUOUS
10
2.0338246062992127
20
0.242916811023622
11
2.0342965748031494
21
0.243973937007874
0
LINE
8
BLACK
6
CONTINUOUS
10
2.0342965748031494
20
0.243973937007874
11
2.0385748818897635
21
0.256808779527559
0
LINE
8
BLACK
6
CONTINUOUS
10
2.0385748818897635
20
0.256808779527559
11
2.0581835039370078
21
0.256808779527559
0
LINE
8
BLACK
6
CONTINUOUS
10
2.0581835039370078
20
0.256808779527559
11
2.0624617716535432
21
0.243973937007874
0
LINE
8
BLACK
6
CONTINUOUS
10
2.0624617716535432
20
0.243973937007874
11
2.0629337401574803
21
0.242916811023622
0
LINE
8
BLACK
6
CONTINUOUS
10
2.0629337401574803
20
0.242916811023622
11
2.0644434645669292
21
0.241176062992126
0
LINE
8
BLACK
6
CONTINUOUS
10
2.0644434645669292
20
0.241176062992126
11
2.066504409448819
21
0.2401456299212598
0
LINE
8
BLACK
6
CONTINUOUS
10
2.066504409448819
20
0.2401456299212598
11
2.0688028346456693
21
0.2399822440944882
0
LINE
8
BLACK
6
CONTINUOUS
10
2.0688028346456693
20
0.2399822440944882
11
2.0709888188976375
21
0.2407109448818898
0
LINE
8
BLACK
6
CONTINUOUS
10
2.0709888188976375
20
0.2407109448818898
11
2.0727295275590549
21
0.2422206692913386
0
LINE
8
BLACK
6
CONTINUOUS
10
2.0727295275590549
20
0.2422206692913386
11
2.07376
21
0.2442815748031496
0
LINE
8
BLACK
6
CONTINUOUS
10
2.07376
20
0.2442815748031496
11
2.0739233858267716
21
0.24658
0
LINE
8
BLACK
6
CONTINUOUS
10
2.0739233858267716
20
0.24658
11
2.0736666929133856
21
0.2477088976377953
0
LINE
8
BLACK
6
CONTINUOUS
10
2.0736666929133856
20
0.2477088976377953
11
2.0539816141732281
21
0.3067640157480315
0
LINE
8
BLACK
6
CONTINUOUS
10
2.0539816141732281
20
0.3067640157480315
11
2.0535096456692914
21
0.3078211417322835
0
LINE
8
BLACK
6
CONTINUOUS
10
2.0535096456692914
20
0.3078211417322835
11
2.053233149606299
21
0.3081399212598425
0
LINE
8
BLACK
6
CONTINUOUS
10
2.053233149606299
20
0.3081399212598425
11
2.0530444881889762
21
0.3085172834645669
0
LINE
8
BLACK
6
CONTINUOUS
10
2.0530444881889762
20
0.3085172834645669
11
2.0524850787401574
21
0.3090024803149606
0
LINE
8
BLACK
6
CONTINUOUS
10
2.0524850787401574
20
0.3090024803149606
11
2.0519999212598425
21
0.3095618503937008
0
LINE
8
BLACK
6
CONTINUOUS
10
2.0519999212598425
20
0.3095618503937008
11
2.0516225196850395
21
0.3097505511811023
0
LINE
8
BLACK
6
CONTINUOUS
10
2.0516225196850395
20
0.3097505511811023
11
2.0513037795275588
21
0.3100270078740157
0
LINE
8
BLACK
6
CONTINUOUS
10
2.0513037795275588
20
0.3100270078740157
11
2.0506012598425198
21
0.3102612204724409
0
LINE
8
BLACK
6
CONTINUOUS
10
2.0506012598425198
20
0.3102612204724409
11
2.0499390157480315
21
0.3105923228346457
0
LINE
8
BLACK
6
CONTINUOUS
10
2.0499390157480315
20
0.3105923228346457
11
2.0495181889763781
21
0.3106222440944882
0
LINE
8
BLACK
6
CONTINUOUS
10
2.0495181889763781
20
0.3106222440944882
11
2.0491177952755906
21
0.3107557086614173
0
LINE
8
BLACK
6
CONTINUOUS
10
2.0491177952755906
20
0.3107557086614173
11
2.0483789763779527
21
0.3107032283464567
0
LINE
8
BLACK
6
CONTINUOUS
10
2.1260989763779525
20
0.3106885826771654
11
2.1259672440944883
21
0.3106885826771654
0
LINE
8
BLACK
6
CONTINUOUS
10
2.1259672440944883
20
0.3106885826771654
11
2.125020275590551
21
0.3102963385826771
0
LINE
8
BLACK
6
CONTINUOUS
10
2.125020275590551
20
0.3102963385826771
11
2.124057283464567
21
0.3099461417322835
0
LINE
8
BLACK
6
CONTINUOUS
10
2.124057283464567
20
0.3099461417322835
11
2.1239601181102361
21
0.3098572047244094
0
LINE
8
BLACK
6
CONTINUOUS
10
2.1239601181102361
20
0.3098572047244094
11
2.1238384251968503
21
0.3098067716535433
0
LINE
8
BLACK
6
CONTINUOUS
10
2.1238384251968503
20
0.3098067716535433
11
2.1231136614173227
21
0.3090820472440945
0
LINE
8
BLACK
6
CONTINUOUS
10
2.1231136614173227
20
0.3090820472440945
11
2.1223579527559053
21
0.3083899606299212
0
LINE
8
BLACK
6
CONTINUOUS
10
2.1223579527559053
20
0.3083899606299212
11
2.1222654330708659
21
0.3082338188976378
0
LINE
8
BLACK
6
CONTINUOUS
10
2.1222654330708659
20
0.3082338188976378
11
2.1222091338582678
21
0.3081774803149606
0
LINE
8
BLACK
6
CONTINUOUS
10
2.1222091338582678
20
0.3081774803149606
11
2.1221557480314961
21
0.3080486614173228
0
LINE
8
BLACK
6
CONTINUOUS
10
2.1221557480314961
20
0.3080486614173228
11
2.1217679133858267
21
0.3073938976377953
0
LINE
8
BLACK
6
CONTINUOUS
10
2.1217679133858267
20
0.3073938976377953
11
2.1074343307086614
21
0.2766790944881889
0
LINE
8
BLACK
6
CONTINUOUS
10
2.1074343307086614
20
0.2766790944881889
11
2.093100748031496
21
0.3073938976377953
0
LINE
8
BLACK
6
CONTINUOUS
10
2.093100748031496
20
0.3073938976377953
11
2.0927127952755904
21
0.3080488188976378
0
LINE
8
BLACK
6
CONTINUOUS
10
2.0927127952755904
20
0.3080488188976378
11
2.0926595275590549
21
0.3081774803149606
0
LINE
8
BLACK
6
CONTINUOUS
10
2.0926595275590549
20
0.3081774803149606
11
2.0926032677165356
21
0.3082337401574803
0
LINE
8
BLACK
6
CONTINUOUS
10
2.0926032677165356
20
0.3082337401574803
11
2.0925107480314962
21
0.3083899606299212
0
LINE
8
BLACK
6
CONTINUOUS
10
2.0925107480314962
20
0.3083899606299212
11
2.091754527559055
21
0.3090824803149606
0
LINE
8
BLACK
6
CONTINUOUS
10
2.091754527559055
20
0.3090824803149606
11
2.0910302362204725
21
0.3098067716535433
0
LINE
8
BLACK
6
CONTINUOUS
10
2.0910302362204725
20
0.3098067716535433
11
2.0909085433070866
21
0.3098572047244094
0
LINE
8
BLACK
6
CONTINUOUS
10
2.0909085433070866
20
0.3098572047244094
11
2.0908114173228345
21
0.3099461417322835
0
LINE
8
BLACK
6
CONTINUOUS
10
2.0908114173228345
20
0.3099461417322835
11
2.089848188976378
21
0.3102964173228346
0
LINE
8
BLACK
6
CONTINUOUS
10
2.089848188976378
20
0.3102964173228346
11
2.0889014173228344
21
0.3106885826771654
0
LINE
8
BLACK
6
CONTINUOUS
10
2.0889014173228344
20
0.3106885826771654
11
2.0887696850393702
21
0.3106885826771654
0
LINE
8
BLACK
6
CONTINUOUS
10
2.0887696850393702
20
0.3106885826771654
11
2.0886459448818897
21
0.3107335826771653
0
LINE
8
BLACK
6
CONTINUOUS
10
2.0886459448818897
20
0.3107335826771653
11
2.0876221653543308
21
0.3106885826771654
0
LINE
8
BLACK
6
CONTINUOUS
10
2.0876221653543308
20
0.3106885826771654
11
2.0865971653543305
21
0.3106885826771654
0
LINE
8
BLACK
6
CONTINUOUS
10
2.0865971653543305
20
0.3106885826771654
11
2.0864754724409447
21
0.310638188976378
0
LINE
8
BLACK
6
CONTINUOUS
10
2.0864754724409447
20
0.310638188976378
11
2.0863439763779525
21
0.3106324015748032
0
LINE
8
BLACK
6
CONTINUOUS
10
2.0863439763779525
20
0.3106324015748032
11
2.0854149999999998
21
0.310198937007874
0
LINE
8
BLACK
6
CONTINUOUS
10
2.0854149999999998
20
0.310198937007874
11
2.0844683464566929
21
0.3098067716535433
0
LINE
8
BLACK
6
CONTINUOUS
10
2.0844683464566929
20
0.3098067716535433
11
2.0843752755905509
21
0.3097137401574803
0
LINE
8
BLACK
6
CONTINUOUS
10
2.0843752755905509
20
0.3097137401574803
11
2.0842558661417323
21
0.3096579921259843
0
LINE
8
BLACK
6
CONTINUOUS
10
2.0842558661417323
20
0.3096579921259843
11
2.0835633464566929
21
0.308901811023622
0
LINE
8
BLACK
6
CONTINUOUS
10
2.0835633464566929
20
0.308901811023622
11
2.0828390551181104
21
0.3081774803149606
0
LINE
8
BLACK
6
CONTINUOUS
10
2.0828390551181104
20
0.3081774803149606
11
2.0827886220472442
21
0.3080558267716536
0
LINE
8
BLACK
6
CONTINUOUS
10
2.0827886220472442
20
0.3080558267716536
11
2.08269968503937
21
0.3079586614173228
0
LINE
8
BLACK
6
CONTINUOUS
10
2.08269968503937
20
0.3079586614173228
11
2.0823494094488186
21
0.3069954724409449
0
LINE
8
BLACK
6
CONTINUOUS
10
2.0823494094488186
20
0.3069954724409449
11
2.0819572440944882
21
0.3060486614173228
0
LINE
8
BLACK
6
CONTINUOUS
10
2.0819572440944882
20
0.3060486614173228
11
2.0819394488188978
21
0.305868031496063
0
LINE
8
BLACK
6
CONTINUOUS
10
2.0819394488188978
20
0.305868031496063
11
2.0819122440944882
21
0.305793188976378
0
LINE
8
BLACK
6
CONTINUOUS
10
2.0819122440944882
20
0.305793188976378
11
2.081918346456693
21
0.3056538976377953
0
LINE
8
BLACK
6
CONTINUOUS
10
2.081918346456693
20
0.3056538976377953
11
2.0818437795275591
21
0.3048965354330709
0
LINE
8
BLACK
6
CONTINUOUS
10
2.0818437795275591
20
0.3048965354330709
11
2.0818437795275591
21
0.2458414173228346
0
LINE
8
BLACK
6
CONTINUOUS
10
2.0818437795275591
20
0.2458414173228346
11
2.0819572440944882
21
0.2446892913385827
0
LINE
8
BLACK
6
CONTINUOUS
10
2.0819572440944882
20
0.2446892913385827
11
2.0828390551181104
21
0.2425604724409449
0
LINE
8
BLACK
6
CONTINUOUS
10
2.0828390551181104
20
0.2425604724409449
11
2.0844683464566929
21
0.2409311811023622
0
LINE
8
BLACK
6
CONTINUOUS
10
2.0844683464566929
20
0.2409311811023622
11
2.0865971653543305
21
0.2400493700787402
0
LINE
8
BLACK
6
CONTINUOUS
10
2.0865971653543305
20
0.2400493700787402
11
2.0889014173228344
21
0.2400493700787402
0
LINE
8
BLACK
6
CONTINUOUS
10
2.0889014173228344
20
0.2400493700787402
11
2.0910302362204725
21
0.2409311811023622
0
LINE
8
BLACK
6
CONTINUOUS
10
2.0910302362204725
20
0.2409311811023622
11
2.0926595275590549
21
0.2425604724409449
0
LINE
8
BLACK
6
CONTINUOUS
10
2.0926595275590549
20
0.2425604724409449
11
2.0935413385826771
21
0.2446892913385827
0
LINE
8
BLACK
6
CONTINUOUS
10
2.0935413385826771
20
0.2446892913385827
11
2.0936548031496063
21
0.2458414173228346
0
LINE
8
BLACK
6
CONTINUOUS
10
2.0936548031496063
20
0.2458414173228346
11
2.0936548031496063
21
0.278277125984252
0
LINE
8
BLACK
6
CONTINUOUS
10
2.0936548031496063
20
0.278277125984252
11
2.102082874015748
21
0.2602169291338582
0
LINE
8
BLACK
6
CONTINUOUS
10
2.102082874015748
20
0.2602169291338582
11
2.1023327165354329
21
0.259795157480315
0
LINE
8
BLACK
6
CONTINUOUS
10
2.1023327165354329
20
0.259795157480315
11
2.1023847244094487
21
0.2596521653543307
0
LINE
8
BLACK
6
CONTINUOUS
10
2.1023847244094487
20
0.2596521653543307
11
2.1024772834645669
21
0.259551062992126
0
LINE
8
BLACK
6
CONTINUOUS
10
2.1024772834645669
20
0.259551062992126
11
2.1026729133858266
21
0.2592208661417323
0
LINE
8
BLACK
6
CONTINUOUS
10
2.1026729133858266
20
0.2592208661417323
11
2.1033345275590549
21
0.2586149606299212
0
LINE
8
BLACK
6
CONTINUOUS
10
2.1033345275590549
20
0.2586149606299212
11
2.103940905511811
21
0.2579528346456693
0
LINE
8
BLACK
6
CONTINUOUS
10
2.103940905511811
20
0.2579528346456693
11
2.1041788188976378
21
0.257841811023622
0
LINE
8
BLACK
6
CONTINUOUS
10
2.1041788188976378
20
0.257841811023622
11
2.1043722440944883
21
0.2576646850393701
0
LINE
8
BLACK
6
CONTINUOUS
10
2.1043722440944883
20
0.2576646850393701
11
2.1052155511811024
21
0.257358031496063
0
LINE
8
BLACK
6
CONTINUOUS
10
2.1052155511811024
20
0.257358031496063
11
2.1060290157480313
21
0.2569784251968504
0
LINE
8
BLACK
6
CONTINUOUS
10
2.1060290157480313
20
0.2569784251968504
11
2.1062911023622046
21
0.2569669291338583
0
LINE
8
BLACK
6
CONTINUOUS
10
2.1062911023622046
20
0.2569669291338583
11
2.1065376771653543
21
0.2568772440944882
0
LINE
8
BLACK
6
CONTINUOUS
10
2.1065376771653543
20
0.2568772440944882
11
2.1074344881889764
21
0.2569166535433071
0
LINE
8
BLACK
6
CONTINUOUS
10
2.1074344881889764
20
0.2569166535433071
11
2.1083309842519684
21
0.2568772440944882
0
LINE
8
BLACK
6
CONTINUOUS
10
2.1083309842519684
20
0.2568772440944882
11
2.1085774015748031
21
0.2569668897637795
0
LINE
8
BLACK
6
CONTINUOUS
10
2.1085774015748031
20
0.2569668897637795
11
2.1088396850393702
21
0.2569783858267716
0
LINE
8
BLACK
6
CONTINUOUS
10
2.1088396850393702
20
0.2569783858267716
11
2.1096533464566929
21
0.2573581102362205
0
LINE
8
BLACK
6
CONTINUOUS
10
2.1096533464566929
20
0.2573581102362205
11
2.1104964566929132
21
0.2576646850393701
0
LINE
8
BLACK
6
CONTINUOUS
10
2.1104964566929132
20
0.2576646850393701
11
2.1106898818897637
21
0.2578418503937008
0
LINE
8
BLACK
6
CONTINUOUS
10
2.1106898818897637
20
0.2578418503937008
11
2.1109277559055117
21
0.2579528346456693
0
LINE
8
BLACK
6
CONTINUOUS
10
2.1109277559055117
20
0.2579528346456693
11
2.1115338582677166
21
0.2586147637795276
0
LINE
8
BLACK
6
CONTINUOUS
10
2.1115338582677166
20
0.2586147637795276
11
2.1121957874015749
21
0.2592208661417323
0
LINE
8
BLACK
6
CONTINUOUS
10
2.1121957874015749
20
0.2592208661417323
11
2.1123913779527559
21
0.2595511417322834
0
LINE
8
BLACK
6
CONTINUOUS
10
2.1123913779527559
20
0.2595511417322834
11
2.1124839370078741
21
0.2596521653543307
0
LINE
8
BLACK
6
CONTINUOUS
10
2.1124839370078741
20
0.2596521653543307
11
2.1125358661417324
21
0.2597950787401574
0
LINE
8
BLACK
6
CONTINUOUS
10
2.1125358661417324
20
0.2597950787401574
11
2.1127857874015747
21
0.2602169291338582
0
LINE
8
BLACK
6
CONTINUOUS
10
2.1127857874015747
20
0.2602169291338582
11
2.1212138582677165
21
0.2782770866141732
0
LINE
8
BLACK
6
CONTINUOUS
10
2.1212138582677165
20
0.2782770866141732
11
2.1212138582677165
21
0.2458414173228346
0
LINE
8
BLACK
6
CONTINUOUS
10
2.1212138582677165
20
0.2458414173228346
11
2.1213273228346456
21
0.2446892913385827
0
LINE
8
BLACK
6
CONTINUOUS
10
2.1213273228346456
20
0.2446892913385827
11
2.1222091338582678
21
0.2425604724409449
0
LINE
8
BLACK
6
CONTINUOUS
10
2.1222091338582678
20
0.2425604724409449
11
2.1238384251968503
21
0.2409311811023622
0
LINE
8
BLACK
6
CONTINUOUS
10
2.1238384251968503
20
0.2409311811023622
11
2.1259672440944883
21
0.2400493700787402
0
LINE
8
BLACK
6
CONTINUOUS
10
2.1259672440944883
20
0.2400493700787402
11
2.1282714960629923
21
0.2400493700787402
0
LINE
8
BLACK
6
CONTINUOUS
10
2.1282714960629923
20
0.2400493700787402
11
2.1304003149606299
21
0.2409311811023622
0
LINE
8
BLACK
6
CONTINUOUS
10
2.1304003149606299
20
0.2409311811023622
11
2.1320296062992123
21
0.2425604724409449
0
LINE
8
BLACK
6
CONTINUOUS
10
2.1320296062992123
20
0.2425604724409449
11
2.1329114173228345
21
0.2446892913385827
0
LINE
8
BLACK
6
CONTINUOUS
10
2.1329114173228345
20
0.2446892913385827
11
2.1330248818897637
21
0.2458414173228346
0
LINE
8
BLACK
6
CONTINUOUS
10
2.1330248818897637
20
0.2458414173228346
11
2.1330248818897637
21
0.3048965354330709
0
LINE
8
BLACK
6
CONTINUOUS
10
2.1330248818897637
20
0.3048965354330709
11
2.1329502755905509
21
0.305653937007874
0
LINE
8
BLACK
6
CONTINUOUS
10
2.1329502755905509
20
0.305653937007874
11
2.1329564173228346
21
0.3057932283464567
0
LINE
8
BLACK
6
CONTINUOUS
10
2.1329564173228346
20
0.3057932283464567
11
2.1329291732283462
21
0.3058680708661417
0
LINE
8
BLACK
6
CONTINUOUS
10
2.1329291732283462
20
0.3058680708661417
11
2.1329114173228345
21
0.3060486614173228
0
LINE
8
BLACK
6
CONTINUOUS
10
2.1329114173228345
20
0.3060486614173228
11
2.1325192519685037
21
0.3069953543307087
0
LINE
8
BLACK
6
CONTINUOUS
10
2.1325192519685037
20
0.3069953543307087
11
2.1321689763779528
21
0.3079586614173228
0
LINE
8
BLACK
6
CONTINUOUS
10
2.1321689763779528
20
0.3079586614173228
11
2.1320799999999998
21
0.3080558267716536
0
LINE
8
BLACK
6
CONTINUOUS
10
2.1320799999999998
20
0.3080558267716536
11
2.1320296062992123
21
0.3081774803149606
0
LINE
8
BLACK
6
CONTINUOUS
10
2.1320296062992123
20
0.3081774803149606
11
2.1313052755905511
21
0.308901811023622
0
LINE
8
BLACK
6
CONTINUOUS
10
2.1313052755905511
20
0.308901811023622
11
2.1306127952755904
21
0.3096579921259843
0
LINE
8
BLACK
6
CONTINUOUS
10
2.1306127952755904
20
0.3096579921259843
11
2.1304933464566931
21
0.3097137401574803
0
LINE
8
BLACK
6
CONTINUOUS
10
2.1304933464566931
20
0.3097137401574803
11
2.1304003149606299
21
0.3098067716535433
0
LINE
8
BLACK
6
CONTINUOUS
10
2.1304003149606299
20
0.3098067716535433
11
2.129454212598425
21
0.3101986614173228
0
LINE
8
BLACK
6
CONTINUOUS
10
2.129454212598425
20
0.3101986614173228
11
2.128524724409449
21
0.3106324409448819
0
LINE
8
BLACK
6
CONTINUOUS
10
2.128524724409449
20
0.3106324409448819
11
2.1283930314960631
21
0.3106382283464567
0
LINE
8
BLACK
6
CONTINUOUS
10
2.1283930314960631
20
0.3106382283464567
11
2.1282714960629923
21
0.3106885826771654
0
LINE
8
BLACK
6
CONTINUOUS
10
2.1282714960629923
20
0.3106885826771654
11
2.1272469291338583
21
0.3106885826771654
0
LINE
8
BLACK
6
CONTINUOUS
10
2.1272469291338583
20
0.3106885826771654
11
2.126222716535433
21
0.3107335826771653
0
LINE
8
BLACK
6
CONTINUOUS
10
2.126222716535433
20
0.3107335826771653
11
2.1260989763779525
21
0.3106885826771654
0
LINE
8
BLACK
6
CONTINUOUS
10
2.148464409448819
20
0.3106885826771654
11
2.1463355905511809
21
0.3098067716535433
0
LINE
8
BLACK
6
CONTINUOUS
10
2.1463355905511809
20
0.3098067716535433
11
2.1447062992125985
21
0.3081774803149606
0
LINE
8
BLACK
6
CONTINUOUS
10
2.1447062992125985
20
0.3081774803149606
11
2.1438244881889763
21
0.3060486614173228
0
LINE
8
BLACK
6
CONTINUOUS
10
2.1438244881889763
20
0.3060486614173228
11
2.1438244881889763
21
0.3037444094488189
0
LINE
8
BLACK
6
CONTINUOUS
10
2.1438244881889763
20
0.3037444094488189
11
2.1447062992125985
21
0.3016155905511811
0
LINE
8
BLACK
6
CONTINUOUS
10
2.1447062992125985
20
0.3016155905511811
11
2.1463355905511809
21
0.2999862992125984
0
LINE
8
BLACK
6
CONTINUOUS
10
2.1463355905511809
20
0.2999862992125984
11
2.148464409448819
21
0.2991044881889764
0
LINE
8
BLACK
6
CONTINUOUS
10
2.148464409448819
20
0.2991044881889764
11
2.1496165354330707
21
0.2989910236220472
0
LINE
8
BLACK
6
CONTINUOUS
10
2.1496165354330707
20
0.2989910236220472
11
2.1718325196850392
21
0.2989910236220472
0
LINE
8
BLACK
6
CONTINUOUS
10
2.1718325196850392
20
0.2989910236220472
11
2.1718325196850392
21
0.2826805511811024
0
LINE
8
BLACK
6
CONTINUOUS
10
2.1718325196850392
20
0.2826805511811024
11
2.1580529921259841
21
0.2826805511811024
0
LINE
8
BLACK
6
CONTINUOUS
10
2.1580529921259841
20
0.2826805511811024
11
2.1569008661417324
21
0.2825670866141732
0
LINE
8
BLACK
6
CONTINUOUS
10
2.1569008661417324
20
0.2825670866141732
11
2.1547720472440943
21
0.2816852755905512
0
LINE
8
BLACK
6
CONTINUOUS
10
2.1547720472440943
20
0.2816852755905512
11
2.1531427559055119
21
0.2800559842519685
0
LINE
8
BLACK
6
CONTINUOUS
10
2.1531427559055119
20
0.2800559842519685
11
2.1522609448818897
21
0.2779271653543307
0
LINE
8
BLACK
6
CONTINUOUS
10
2.1522609448818897
20
0.2779271653543307
11
2.1522609448818897
21
0.2756229133858268
0
LINE
8
BLACK
6
CONTINUOUS
10
2.1522609448818897
20
0.2756229133858268
11
2.1531427559055119
21
0.273494094488189
0
LINE
8
BLACK
6
CONTINUOUS
10
2.1531427559055119
20
0.273494094488189
11
2.1547720472440943
21
0.2718648031496063
0
LINE
8
BLACK
6
CONTINUOUS
10
2.1547720472440943
20
0.2718648031496063
11
2.1569008661417324
21
0.2709829921259843
0
LINE
8
BLACK
6
CONTINUOUS
10
2.1569008661417324
20
0.2709829921259843
11
2.1580529921259841
21
0.2708695275590551
0
LINE
8
BLACK
6
CONTINUOUS
10
2.1580529921259841
20
0.2708695275590551
11
2.1718325196850392
21
0.2708695275590551
0
LINE
8
BLACK
6
CONTINUOUS
10
2.1718325196850392
20
0.2708695275590551
11
2.1718325196850392
21
0.2458414173228346
0
LINE
8
BLACK
6
CONTINUOUS
10
2.1718325196850392
20
0.2458414173228346
11
2.1719459842519684
21
0.2446892913385827
0
LINE
8
BLACK
6
CONTINUOUS
10
2.1719459842519684
20
0.2446892913385827
11
2.1728277952755906
21
0.2425604724409449
0
LINE
8
BLACK
6
CONTINUOUS
10
2.1728277952755906
20
0.2425604724409449
11
2.174457086614173
21
0.2409311811023622
0
LINE
8
BLACK
6
CONTINUOUS
10
2.174457086614173
20
0.2409311811023622
11
2.1765859055118111
21
0.2400493700787402
0
LINE
8
BLACK
6
CONTINUOUS
10
2.1765859055118111
20
0.2400493700787402
11
2.178890157480315
21
0.2400493700787402
0
LINE
8
BLACK
6
CONTINUOUS
10
2.178890157480315
20
0.2400493700787402
11
2.1810189763779526
21
0.2409311811023622
0
LINE
8
BLACK
6
CONTINUOUS
10
2.1810189763779526
20
0.2409311811023622
11
2.1826482677165355
21
0.2425604724409449
0
LINE
8
BLACK
6
CONTINUOUS
10
2.1826482677165355
20
0.2425604724409449
11
2.1835300787401573
21
0.2446892913385827
0
LINE
8
BLACK
6
CONTINUOUS
10
2.1835300787401573
20
0.2446892913385827
11
2.1836435433070864
21
0.2458414173228346
0
LINE
8
BLACK
6
CONTINUOUS
10
2.1836435433070864
20
0.2458414173228346
11
2.1836435433070864
21
0.3048965354330709
0
LINE
8
BLACK
6
CONTINUOUS
10
2.1836435433070864
20
0.3048965354330709
11
2.1835300787401573
21
0.3060486614173228
0
LINE
8
BLACK
6
CONTINUOUS
10
2.1835300787401573
20
0.3060486614173228
11
2.1826482677165355
21
0.3081774803149606
0
LINE
8
BLACK
6
CONTINUOUS
10
2.1826482677165355
20
0.3081774803149606
11
2.1810189763779526
21
0.3098067716535433
0
LINE
8
BLACK
6
CONTINUOUS
10
2.1810189763779526
20
0.3098067716535433
11
2.178890157480315
21
0.3106885826771654
0
LINE
8
BLACK
6
CONTINUOUS
10
2.178890157480315
20
0.3106885826771654
11
2.1777380314960628
21
0.3108020472440945
0
LINE
8
BLACK
6
CONTINUOUS
10
2.1777380314960628
20
0.3108020472440945
11
2.1496165354330707
21
0.3108020472440945
0
LINE
8
BLACK
6
CONTINUOUS
10
2.1496165354330707
20
0.3108020472440945
11
2.148464409448819
21
0.3106885826771654
0
LINE
8
BLACK
6
CONTINUOUS
10
0.8842519685039369
20
0.3543307086614173
11
0.8488188976377953
21
0.3543307086614173
0
LINE
8
BLACK
6
CONTINUOUS
10
0.8488188976377953
20
0.3543307086614173
11
0.8488188976377953
21
0.3346456692913386
0
LINE
8
BLACK
6
CONTINUOUS
10
0.8488188976377953
20
0.3346456692913386
11
0.8861349606299213
21
0.3346456692913386
0
LINE
8
BLACK
6
CONTINUOUS
10
0.8861349606299213
20
0.3346456692913386
11
0.8861355905511811
21
0.3346457086614173
0
LINE
8
BLACK
6
CONTINUOUS
10
0.8861355905511811
20
0.3346457086614173
11
0.8884792125984252
21
0.334897716535433
0
LINE
8
BLACK
6
CONTINUOUS
10
0.8884792125984252
20
0.334897716535433
11
0.8884794881889764
21
0.3348977952755905
0
LINE
8
BLACK
6
CONTINUOUS
10
0.8884794881889764
20
0.3348977952755905
11
0.8937829133858267
21
0.3368758267716535
0
LINE
8
BLACK
6
CONTINUOUS
10
0.8937829133858267
20
0.3368758267716535
11
0.893783188976378
21
0.3368759842519685
0
LINE
8
BLACK
6
CONTINUOUS
10
0.893783188976378
20
0.3368759842519685
11
0.8983144488188977
21
0.3402681102362204
0
LINE
8
BLACK
6
CONTINUOUS
10
0.8983144488188977
20
0.3402681102362204
11
0.8983145669291338
21
0.3402682283464567
0
LINE
8
BLACK
6
CONTINUOUS
10
0.8983145669291338
20
0.3402682283464567
11
0.9017066929133858
21
0.3447994881889764
0
LINE
8
BLACK
6
CONTINUOUS
10
0.9017066929133858
20
0.3447994881889764
11
0.9017068503937008
21
0.3447997637795275
0
LINE
8
BLACK
6
CONTINUOUS
10
0.9017068503937008
20
0.3447997637795275
11
0.9036848818897638
21
0.3501031889763779
0
LINE
8
BLACK
6
CONTINUOUS
10
0.9036848818897638
20
0.3501031889763779
11
0.9036849606299212
21
0.3501034645669291
0
LINE
8
BLACK
6
CONTINUOUS
10
0.9036849606299212
20
0.3501034645669291
11
0.903936968503937
21
0.3524470866141732
0
LINE
8
BLACK
6
CONTINUOUS
10
0.903936968503937
20
0.3524470866141732
11
0.9039370078740158
21
0.3524477559055118
0
LINE
8
BLACK
6
CONTINUOUS
10
0.9039370078740158
20
0.3524477559055118
11
0.9039370078740158
21
0.3641732283464567
0
LINE
8
BLACK
6
CONTINUOUS
10
0.9039370078740158
20
0.3641732283464567
11
0.8842519685039369
21
0.3641732283464567
0
LINE
8
BLACK
6
CONTINUOUS
10
0.8842519685039369
20
0.3641732283464567
11
0.8842519685039369
21
0.3543307086614173
0
LINE
8
BLACK
6
CONTINUOUS
10
1.1204724409448819
20
0.3543307086614173
11
1.0555118110236221
21
0.3543307086614173
0
LINE
8
BLACK
6
CONTINUOUS
10
1.0555118110236221
20
0.3543307086614173
11
1.0555118110236221
21
0.3346456692913386
0
LINE
8
BLACK
6
CONTINUOUS
10
1.0555118110236221
20
0.3346456692913386
11
1.122355433070866
21
0.3346456692913386
0
LINE
8
BLACK
6
CONTINUOUS
10
1.122355433070866
20
0.3346456692913386
11
1.1223560629921259
21
0.3346457086614173
0
LINE
8
BLACK
6
CONTINUOUS
10
1.1223560629921259
20
0.3346457086614173
11
1.12469968503937
21
0.334897716535433
0
LINE
8
BLACK
6
CONTINUOUS
10
1.12469968503937
20
0.334897716535433
11
1.1246999606299213
21
0.3348977952755905
0
LINE
8
BLACK
6
CONTINUOUS
10
1.1246999606299213
20
0.3348977952755905
11
1.1300033858267717
21
0.3368758267716535
0
LINE
8
BLACK
6
CONTINUOUS
10
1.1300033858267717
20
0.3368758267716535
11
1.1300036614173228
21
0.3368759842519685
0
LINE
8
BLACK
6
CONTINUOUS
10
1.1300036614173228
20
0.3368759842519685
11
1.1345349212598426
21
0.3402681102362204
0
LINE
8
BLACK
6
CONTINUOUS
10
1.1345349212598426
20
0.3402681102362204
11
1.1345350393700788
21
0.3402682283464567
0
LINE
8
BLACK
6
CONTINUOUS
10
1.1345350393700788
20
0.3402682283464567
11
1.1379271653543306
21
0.3447994881889764
0
LINE
8
BLACK
6
CONTINUOUS
10
1.1379271653543306
20
0.3447994881889764
11
1.1379273228346456
21
0.3447997637795275
0
LINE
8
BLACK
6
CONTINUOUS
10
1.1379273228346456
20
0.3447997637795275
11
1.1399053543307087
21
0.3501031889763779
0
LINE
8
BLACK
6
CONTINUOUS
10
1.1399053543307087
20
0.3501031889763779
11
1.1399054330708662
21
0.3501034645669291
0
LINE
8
BLACK
6
CONTINUOUS
10
1.1399054330708662
20
0.3501034645669291
11
1.1401574409448818
21
0.3524470866141732
0
LINE
8
BLACK
6
CONTINUOUS
10
1.1401574409448818
20
0.3524470866141732
11
1.1401574803149606
21
0.3524477559055118
0
LINE
8
BLACK
6
CONTINUOUS
10
1.1401574803149606
20
0.3524477559055118
11
1.1401574803149606
21
0.3641732283464567
0
LINE
8
BLACK
6
CONTINUOUS
10
1.1401574803149606
20
0.3641732283464567
11
1.1204724409448819
21
0.3641732283464567
0
LINE
8
BLACK
6
CONTINUOUS
10
1.1204724409448819
20
0.3641732283464567
11
1.1204724409448819
21
0.3543307086614173
0
LINE
8
BLACK
6
CONTINUOUS
10
1.3566929133858268
20
0.3543307086614173
11
1.2917322834645668
21
0.3543307086614173
0
LINE
8
BLACK
6
CONTINUOUS
10
1.2917322834645668
20
0.3543307086614173
11
1.2917322834645668
21
0.3346456692913386
0
LINE
8
BLACK
6
CONTINUOUS
10
1.2917322834645668
20
0.3346456692913386
11
1.358575905511811
21
0.3346456692913386
0
LINE
8
BLACK
6
CONTINUOUS
10
1.358575905511811
20
0.3346456692913386
11
1.3585765354330708
21
0.3346457086614173
0
LINE
8
BLACK
6
CONTINUOUS
10
1.3585765354330708
20
0.3346457086614173
11
1.3609201574803149
21
0.334897716535433
0
LINE
8
BLACK
6
CONTINUOUS
10
1.3609201574803149
20
0.334897716535433
11
1.3609204330708662
21
0.3348977952755905
0
LINE
8
BLACK
6
CONTINUOUS
10
1.3609204330708662
20
0.3348977952755905
11
1.3662238582677164
21
0.3368758267716535
0
LINE
8
BLACK
6
CONTINUOUS
10
1.3662238582677164
20
0.3368758267716535
11
1.3662241338582677
21
0.3368759842519685
0
LINE
8
BLACK
6
CONTINUOUS
10
1.3662241338582677
20
0.3368759842519685
11
1.3707553937007875
21
0.3402681102362204
0
LINE
8
BLACK
6
CONTINUOUS
10
1.3707553937007875
20
0.3402681102362204
11
1.3707555118110235
21
0.3402682283464567
0
LINE
8
BLACK
6
CONTINUOUS
10
1.3707555118110235
20
0.3402682283464567
11
1.3741476377952755
21
0.3447994881889764
0
LINE
8
BLACK
6
CONTINUOUS
10
1.3741476377952755
20
0.3447994881889764
11
1.3741477952755905
21
0.3447997637795275
0
LINE
8
BLACK
6
CONTINUOUS
10
1.3741477952755905
20
0.3447997637795275
11
1.3761258267716534
21
0.3501031889763779
0
LINE
8
BLACK
6
CONTINUOUS
10
1.3761258267716534
20
0.3501031889763779
11
1.3761259055118109
21
0.3501034645669291
0
LINE
8
BLACK
6
CONTINUOUS
10
1.3761259055118109
20
0.3501034645669291
11
1.3763779133858267
21
0.3524470866141732
0
LINE
8
BLACK
6
CONTINUOUS
10
1.3763779133858267
20
0.3524470866141732
11
1.3763779527559055
21
0.3524477559055118
0
LINE
8
BLACK
6
CONTINUOUS
10
1.3763779527559055
20
0.3524477559055118
11
1.3763779527559055
21
0.3641732283464567
0
LINE
8
BLACK
6
CONTINUOUS
10
1.3763779527559055
20
0.3641732283464567
11
1.3566929133858268
21
0.3641732283464567
0
LINE
8
BLACK
6
CONTINUOUS
10
1.3566929133858268
20
0.3641732283464567
11
1.3566929133858268
21
0.3543307086614173
0
LINE
8
BLACK
6
CONTINUOUS
10
1.5929133858267717
20
0.3543307086614173
11
1.5279527559055117
21
0.3543307086614173
0
LINE
8
BLACK
6
CONTINUOUS
10
1.5279527559055117
20
0.3543307086614173
11
1.5279527559055117
21
0.3346456692913386
0
LINE
8
BLACK
6
CONTINUOUS
10
1.5279527559055117
20
0.3346456692913386
11
1.5947963779527559
21
0.3346456692913386
0
LINE
8
BLACK
6
CONTINUOUS
10
1.5947963779527559
20
0.3346456692913386
11
1.5947970078740157
21
0.3346457086614173
0
LINE
8
BLACK
6
CONTINUOUS
10
1.5947970078740157
20
0.3346457086614173
11
1.5971406299212598
21
0.334897716535433
0
LINE
8
BLACK
6
CONTINUOUS
10
1.5971406299212598
20
0.334897716535433
11
1.5971409055118111
21
0.3348977952755905
0
LINE
8
BLACK
6
CONTINUOUS
10
1.5971409055118111
20
0.3348977952755905
11
1.6024443307086613
21
0.3368758267716535
0
LINE
8
BLACK
6
CONTINUOUS
10
1.6024443307086613
20
0.3368758267716535
11
1.6024446062992126
21
0.3368759842519685
0
LINE
8
BLACK
6
CONTINUOUS
10
1.6024446062992126
20
0.3368759842519685
11
1.6069758661417322
21
0.3402681102362204
0
LINE
8
BLACK
6
CONTINUOUS
10
1.6069758661417322
20
0.3402681102362204
11
1.6069759842519684
21
0.3402682283464567
0
LINE
8
BLACK
6
CONTINUOUS
10
1.6069759842519684
20
0.3402682283464567
11
1.6103681102362204
21
0.3447994881889764
0
LINE
8
BLACK
6
CONTINUOUS
10
1.6103681102362204
20
0.3447994881889764
11
1.6103682677165354
21
0.3447997637795275
0
LINE
8
BLACK
6
CONTINUOUS
10
1.6103682677165354
20
0.3447997637795275
11
1.6123462992125983
21
0.3501031889763779
0
LINE
8
BLACK
6
CONTINUOUS
10
1.6123462992125983
20
0.3501031889763779
11
1.6123463779527558
21
0.3501034645669291
0
LINE
8
BLACK
6
CONTINUOUS
10
1.6123463779527558
20
0.3501034645669291
11
1.6125983858267716
21
0.3524470866141732
0
LINE
8
BLACK
6
CONTINUOUS
10
1.6125983858267716
20
0.3524470866141732
11
1.6125984251968504
21
0.3524477559055118
0
LINE
8
BLACK
6
CONTINUOUS
10
1.6125984251968504
20
0.3524477559055118
11
1.6125984251968504
21
0.3641732283464567
0
LINE
8
BLACK
6
CONTINUOUS
10
1.6125984251968504
20
0.3641732283464567
11
1.5929133858267717
21
0.3641732283464567
0
LINE
8
BLACK
6
CONTINUOUS
10
1.5929133858267717
20
0.3641732283464567
11
1.5929133858267717
21
0.3543307086614173
0
LINE
8
BLACK
6
CONTINUOUS
10
1.8291338582677166
20
0.3543307086614173
11
1.7641732283464566
21
0.3543307086614173
0
LINE
8
BLACK
6
CONTINUOUS
10
1.7641732283464566
20
0.3543307086614173
11
1.7641732283464566
21
0.3346456692913386
0
LINE
8
BLACK
6
CONTINUOUS
10
1.7641732283464566
20
0.3346456692913386
11
1.8310168503937008
21
0.3346456692913386
0
LINE
8
BLACK
6
CONTINUOUS
10
1.8310168503937008
20
0.3346456692913386
11
1.8310174803149606
21
0.3346457086614173
0
LINE
8
BLACK
6
CONTINUOUS
10
1.8310174803149606
20
0.3346457086614173
11
1.8333611023622047
21
0.334897716535433
0
LINE
8
BLACK
6
CONTINUOUS
10
1.8333611023622047
20
0.334897716535433
11
1.8333613779527558
21
0.3348977952755905
0
LINE
8
BLACK
6
CONTINUOUS
10
1.8333613779527558
20
0.3348977952755905
11
1.8386648031496062
21
0.3368758267716535
0
LINE
8
BLACK
6
CONTINUOUS
10
1.8386648031496062
20
0.3368758267716535
11
1.8386650787401575
21
0.3368759842519685
0
LINE
8
BLACK
6
CONTINUOUS
10
1.8386650787401575
20
0.3368759842519685
11
1.8431963385826771
21
0.3402681102362204
0
LINE
8
BLACK
6
CONTINUOUS
10
1.8431963385826771
20
0.3402681102362204
11
1.8431964566929133
21
0.3402682283464567
0
LINE
8
BLACK
6
CONTINUOUS
10
1.8431964566929133
20
0.3402682283464567
11
1.8465885826771653
21
0.3447994881889764
0
LINE
8
BLACK
6
CONTINUOUS
10
1.8465885826771653
20
0.3447994881889764
11
1.8465887401574803
21
0.3447997637795275
0
LINE
8
BLACK
6
CONTINUOUS
10
1.8465887401574803
20
0.3447997637795275
11
1.8485667716535432
21
0.3501031889763779
0
LINE
8
BLACK
6
CONTINUOUS
10
1.8485667716535432
20
0.3501031889763779
11
1.8485668503937007
21
0.3501034645669291
0
LINE
8
BLACK
6
CONTINUOUS
10
1.8485668503937007
20
0.3501034645669291
11
1.8488188582677165
21
0.3524470866141732
0
LINE
8
BLACK
6
CONTINUOUS
10
1.8488188582677165
20
0.3524470866141732
11
1.8488188976377953
21
0.3524477559055118
0
LINE
8
BLACK
6
CONTINUOUS
10
1.8488188976377953
20
0.3524477559055118
11
1.8488188976377953
21
0.3641732283464567
0
LINE
8
BLACK
6
CONTINUOUS
10
1.8488188976377953
20
0.3641732283464567
11
1.8291338582677166
21
0.3641732283464567
0
LINE
8
BLACK
6
CONTINUOUS
10
1.8291338582677166
20
0.3641732283464567
11
1.8291338582677166
21
0.3543307086614173
0
LINE
8
BLACK
6
CONTINUOUS
10
2.0456692913385828
20
0.3543307086614173
11
2.0358267716535434
21
0.3543307086614173
0
LINE
8
BLACK
6
CONTINUOUS
10
2.0358267716535434
20
0.3543307086614173
11
2.0358267716535434
21
0.3346456692913386
0
LINE
8
BLACK
6
CONTINUOUS
10
2.0358267716535434
20
0.3346456692913386
11
2.047552283464567
21
0.3346456692913386
0
LINE
8
BLACK
6
CONTINUOUS
10
2.047552283464567
20
0.3346456692913386
11
2.0475529133858266
21
0.3346457086614173
0
LINE
8
BLACK
6
CONTINUOUS
10
2.0475529133858266
20
0.3346457086614173
11
2.0498965354330707
21
0.334897716535433
0
LINE
8
BLACK
6
CONTINUOUS
10
2.0498965354330707
20
0.334897716535433
11
2.049896811023622
21
0.3348977952755905
0
LINE
8
BLACK
6
CONTINUOUS
10
2.049896811023622
20
0.3348977952755905
11
2.0552002362204722
21
0.3368758267716535
0
LINE
8
BLACK
6
CONTINUOUS
10
2.0552002362204722
20
0.3368758267716535
11
2.0552005118110235
21
0.3368759842519685
0
LINE
8
BLACK
6
CONTINUOUS
10
2.0552005118110235
20
0.3368759842519685
11
2.059731771653543
21
0.3402681102362204
0
LINE
8
BLACK
6
CONTINUOUS
10
2.059731771653543
20
0.3402681102362204
11
2.0597318897637793
21
0.3402682283464567
0
LINE
8
BLACK
6
CONTINUOUS
10
2.0597318897637793
20
0.3402682283464567
11
2.0631240157480315
21
0.3447994881889764
0
LINE
8
BLACK
6
CONTINUOUS
10
2.0631240157480315
20
0.3447994881889764
11
2.0631241732283465
21
0.3447997637795275
0
LINE
8
BLACK
6
CONTINUOUS
10
2.0631241732283465
20
0.3447997637795275
11
2.0651022047244094
21
0.3501031889763779
0
LINE
8
BLACK
6
CONTINUOUS
10
2.0651022047244094
20
0.3501031889763779
11
2.0651022834645669
21
0.3501034645669291
0
LINE
8
BLACK
6
CONTINUOUS
10
2.0651022834645669
20
0.3501034645669291
11
2.0653542913385827
21
0.3524470866141732
0
LINE
8
BLACK
6
CONTINUOUS
10
2.0653542913385827
20
0.3524470866141732
11
2.0653543307086615
21
0.3524477559055118
0
LINE
8
BLACK
6
CONTINUOUS
10
2.0653543307086615
20
0.3524477559055118
11
2.0653543307086615
21
0.3641732283464567
0
LINE
8
BLACK
6
CONTINUOUS
10
2.0653543307086615
20
0.3641732283464567
11
2.0456692913385828
21
0.3641732283464567
0
LINE
8
BLACK
6
CONTINUOUS
10
2.0456692913385828
20
0.3641732283464567
11
2.0456692913385828
21
0.3543307086614173
0
LINE
8
BLACK
6
CONTINUOUS
10
1.9708661417322835
20
0.3543307086614173
11
1.9708661417322835
21
0.3346456692913386
0
LINE
8
BLACK
6
CONTINUOUS
10
1.9708661417322835
20
0.3346456692913386
11
2.0161417322834647
21
0.3346456692913386
0
LINE
8
BLACK
6
CONTINUOUS
10
2.0161417322834647
20
0.3346456692913386
11
2.0161417322834647
21
0.3543307086614173
0
LINE
8
BLACK
6
CONTINUOUS
10
2.0161417322834647
20
0.3543307086614173
11
2.0062992125984254
21
0.3543307086614173
0
LINE
8
BLACK
6
CONTINUOUS
10
2.0062992125984254
20
0.3543307086614173
11
1.9708661417322835
21
0.3543307086614173
0
LINE
8
BLACK
6
CONTINUOUS
10
0.7838582677165354
20
0.3543307086614173
11
0.7838582677165354
21
0.3346456692913386
0
LINE
8
BLACK
6
CONTINUOUS
10
0.7838582677165354
20
0.3346456692913386
11
0.8291338582677165
21
0.3346456692913386
0
LINE
8
BLACK
6
CONTINUOUS
10
0.8291338582677165
20
0.3346456692913386
11
0.8291338582677165
21
0.3543307086614173
0
LINE
8
BLACK
6
CONTINUOUS
10
0.8291338582677165
20
0.3543307086614173
11
0.7937007874015748
21
0.3543307086614173
0
LINE
8
BLACK
6
CONTINUOUS
10
0.7937007874015748
20
0.3543307086614173
11
0.7838582677165354
21
0.3543307086614173
0
LINE
8
BLACK
6
CONTINUOUS
10
0.7346456692913386
20
0.3524470866141732
11
0.7348976771653544
21
0.3501034645669291
0
LINE
8
BLACK
6
CONTINUOUS
10
0.7348976771653544
20
0.3501034645669291
11
0.7348977559055118
21
0.3501031889763779
0
LINE
8
BLACK
6
CONTINUOUS
10
0.7348977559055118
20
0.3501031889763779
11
0.7368757874015748
21
0.3447997637795275
0
LINE
8
BLACK
6
CONTINUOUS
10
0.7368757874015748
20
0.3447997637795275
11
0.7368759448818898
21
0.3447994881889764
0
LINE
8
BLACK
6
CONTINUOUS
10
0.7368759448818898
20
0.3447994881889764
11
0.7402680708661418
21
0.3402682283464567
0
LINE
8
BLACK
6
CONTINUOUS
10
0.7402680708661418
20
0.3402682283464567
11
0.7402681889763779
21
0.3402681102362204
0
LINE
8
BLACK
6
CONTINUOUS
10
0.7402681889763779
20
0.3402681102362204
11
0.7447994488188976
21
0.3368759842519685
0
LINE
8
BLACK
6
CONTINUOUS
10
0.7447994488188976
20
0.3368759842519685
11
0.7447997244094487
21
0.3368758267716535
0
LINE
8
BLACK
6
CONTINUOUS
10
0.7447997244094487
20
0.3368758267716535
11
0.7501031496062992
21
0.3348977952755905
0
LINE
8
BLACK
6
CONTINUOUS
10
0.7501031496062992
20
0.3348977952755905
11
0.7501034251968504
21
0.334897716535433
0
LINE
8
BLACK
6
CONTINUOUS
10
0.7501034251968504
20
0.334897716535433
11
0.7524470472440945
21
0.3346457086614173
0
LINE
8
BLACK
6
CONTINUOUS
10
0.7524470472440945
20
0.3346457086614173
11
0.7524477165354331
21
0.3346456692913386
0
LINE
8
BLACK
6
CONTINUOUS
10
0.7524477165354331
20
0.3346456692913386
11
0.7641732283464566
21
0.3346456692913386
0
LINE
8
BLACK
6
CONTINUOUS
10
0.7641732283464566
20
0.3346456692913386
11
0.7641732283464566
21
0.3543307086614173
0
LINE
8
BLACK
6
CONTINUOUS
10
0.7641732283464566
20
0.3543307086614173
11
0.7543307086614173
21
0.3543307086614173
0
LINE
8
BLACK
6
CONTINUOUS
10
0.7543307086614173
20
0.3543307086614173
11
0.7543307086614173
21
0.3641732283464567
0
LINE
8
BLACK
6
CONTINUOUS
10
0.7543307086614173
20
0.3641732283464567
11
0.7346456692913386
21
0.3641732283464567
0
LINE
8
BLACK
6
CONTINUOUS
10
0.7346456692913386
20
0.3641732283464567
11
0.7346456692913386
21
0.3524470866141732
0
LINE
8
BLACK
6
CONTINUOUS
10
0.7346456692913386
20
0.3838582677165354
11
0.7543307086614173
21
0.3838582677165354
0
LINE
8
BLACK
6
CONTINUOUS
10
0.7543307086614173
20
0.3838582677165354
11
0.7543307086614173
21
0.3937007874015748
0
LINE
8
BLACK
6
CONTINUOUS
10
0.7543307086614173
20
0.3937007874015748
11
0.7543307086614173
21
0.4291338582677166
0
LINE
8
BLACK
6
CONTINUOUS
10
0.7543307086614173
20
0.4291338582677166
11
0.7346456692913386
21
0.4291338582677166
0
LINE
8
BLACK
6
CONTINUOUS
10
0.7346456692913386
20
0.4291338582677166
11
0.7346456692913386
21
0.3838582677165354
0
LINE
8
BLACK
6
CONTINUOUS
10
2.0456692913385828
20
0.3937007874015748
11
2.0456692913385828
21
0.3838582677165354
0
LINE
8
BLACK
6
CONTINUOUS
10
2.0456692913385828
20
0.3838582677165354
11
2.0653543307086615
21
0.3838582677165354
0
LINE
8
BLACK
6
CONTINUOUS
10
2.0653543307086615
20
0.3838582677165354
11
2.0653543307086615
21
0.4291338582677166
0
LINE
8
BLACK
6
CONTINUOUS
10
2.0653543307086615
20
0.4291338582677166
11
2.0456692913385828
21
0.4291338582677166
0
LINE
8
BLACK
6
CONTINUOUS
10
2.0456692913385828
20
0.4291338582677166
11
2.0456692913385828
21
0.3937007874015748
0
LINE
8
BLACK
6
CONTINUOUS
10
2.0358267716535434
20
0.484251968503937
11
2.0456692913385828
21
0.484251968503937
0
LINE
8
BLACK
6
CONTINUOUS
10
2.0456692913385828
20
0.484251968503937
11
2.0456692913385828
21
0.4488188976377953
0
LINE
8
BLACK
6
CONTINUOUS
10
2.0456692913385828
20
0.4488188976377953
11
2.0653543307086615
21
0.4488188976377953
0
LINE
8
BLACK
6
CONTINUOUS
10
2.0653543307086615
20
0.4488188976377953
11
2.0653543307086615
21
0.4861349606299212
0
LINE
8
BLACK
6
CONTINUOUS
10
2.0653543307086615
20
0.4861349606299212
11
2.0653542913385827
21
0.4861356299212598
0
LINE
8
BLACK
6
CONTINUOUS
10
2.0653542913385827
20
0.4861356299212598
11
2.0651022834645669
21
0.4884792519685039
0
LINE
8
BLACK
6
CONTINUOUS
10
2.0651022834645669
20
0.4884792519685039
11
2.0651022047244094
21
0.4884795275590551
0
LINE
8
BLACK
6
CONTINUOUS
10
2.0651022047244094
20
0.4884795275590551
11
2.0631241732283465
21
0.4937829527559055
0
LINE
8
BLACK
6
CONTINUOUS
10
2.0631241732283465
20
0.4937829527559055
11
2.0631240157480315
21
0.4937832283464567
0
LINE
8
BLACK
6
CONTINUOUS
10
2.0631240157480315
20
0.4937832283464567
11
2.0597318897637793
21
0.4983144881889764
0
LINE
8
BLACK
6
CONTINUOUS
10
2.0597318897637793
20
0.4983144881889764
11
2.059731771653543
21
0.4983146062992126
0
LINE
8
BLACK
6
CONTINUOUS
10
2.059731771653543
20
0.4983146062992126
11
2.0552005118110235
21
0.5017067322834645
0
LINE
8
BLACK
6
CONTINUOUS
10
2.0552005118110235
20
0.5017067322834645
11
2.0552002362204722
21
0.5017068897637795
0
LINE
8
BLACK
6
CONTINUOUS
10
2.0552002362204722
20
0.5017068897637795
11
2.049896811023622
21
0.5036849212598425
0
LINE
8
BLACK
6
CONTINUOUS
10
2.049896811023622
20
0.5036849212598425
11
2.0498965354330707
21
0.5036849999999999
0
LINE
8
BLACK
6
CONTINUOUS
10
2.0498965354330707
20
0.5036849999999999
11
2.0475529133858266
21
0.5039370078740157
0
LINE
8
BLACK
6
CONTINUOUS
10
2.0475529133858266
20
0.5039370078740157
11
2.0358267716535434
21
0.5039370078740157
0
LINE
8
BLACK
6
CONTINUOUS
10
2.0358267716535434
20
0.5039370078740157
11
2.0358267716535434
21
0.484251968503937
0
LINE
8
BLACK
6
CONTINUOUS
10
0.7501034251968504
20
0.5036849999999999
11
0.7501031496062992
21
0.5036849212598425
0
LINE
8
BLACK
6
CONTINUOUS
10
0.7501031496062992
20
0.5036849212598425
11
0.7447997244094487
21
0.5017068897637795
0
LINE
8
BLACK
6
CONTINUOUS
10
0.7447997244094487
20
0.5017068897637795
11
0.7447994488188976
21
0.5017067322834645
0
LINE
8
BLACK
6
CONTINUOUS
10
0.7447994488188976
20
0.5017067322834645
11
0.7402681889763779
21
0.4983146062992126
0
LINE
8
BLACK
6
CONTINUOUS
10
0.7402681889763779
20
0.4983146062992126
11
0.7402680708661418
21
0.4983144881889764
0
LINE
8
BLACK
6
CONTINUOUS
10
0.7402680708661418
20
0.4983144881889764
11
0.7368759448818898
21
0.4937832283464567
0
LINE
8
BLACK
6
CONTINUOUS
10
0.7368759448818898
20
0.4937832283464567
11
0.7368757874015748
21
0.4937829527559055
0
LINE
8
BLACK
6
CONTINUOUS
10
0.7368757874015748
20
0.4937829527559055
11
0.7348977559055118
21
0.4884795275590551
0
LINE
8
BLACK
6
CONTINUOUS
10
0.7348977559055118
20
0.4884795275590551
11
0.7348976771653544
21
0.4884792519685039
0
LINE
8
BLACK
6
CONTINUOUS
10
0.7348976771653544
20
0.4884792519685039
11
0.7346456692913386
21
0.4861356299212598
0
LINE
8
BLACK
6
CONTINUOUS
10
0.7346456692913386
20
0.4861356299212598
11
0.7346456692913386
21
0.4488188976377953
0
LINE
8
BLACK
6
CONTINUOUS
10
0.7346456692913386
20
0.4488188976377953
11
0.7543307086614173
21
0.4488188976377953
0
LINE
8
BLACK
6
CONTINUOUS
10
0.7543307086614173
20
0.4488188976377953
11
0.7543307086614173
21
0.484251968503937
0
LINE
8
BLACK
6
CONTINUOUS
10
0.7543307086614173
20
0.484251968503937
11
0.7641732283464566
21
0.484251968503937
0
LINE
8
BLACK
6
CONTINUOUS
10
0.7641732283464566
20
0.484251968503937
11
0.7641732283464566
21
0.5039370078740157
0
LINE
8
BLACK
6
CONTINUOUS
10
0.7641732283464566
20
0.5039370078740157
11
0.7524470472440945
21
0.5039370078740157
0
LINE
8
BLACK
6
CONTINUOUS
10
0.7524470472440945
20
0.5039370078740157
11
0.7501034251968504
21
0.5036849999999999
0
LINE
8
BLACK
6
CONTINUOUS
10
0.945275590551181
20
0.6009842519685039
11
0.9445263779527558
21
0.5972176771653543
0
LINE
8
BLACK
6
CONTINUOUS
10
0.9445263779527558
20
0.5972176771653543
11
0.9423927952755905
21
0.5940245275590551
0
LINE
8
BLACK
6
CONTINUOUS
10
0.9423927952755905
20
0.5940245275590551
11
0.9391996456692914
21
0.5918909448818898
0
LINE
8
BLACK
6
CONTINUOUS
10
0.9391996456692914
20
0.5918909448818898
11
0.9354330708661417
21
0.5911417322834646
0
LINE
8
BLACK
6
CONTINUOUS
10
0.9354330708661417
20
0.5911417322834646
11
0.9098425196850394
21
0.5911417322834646
0
LINE
8
BLACK
6
CONTINUOUS
10
0.9098425196850394
20
0.5911417322834646
11
0.9098425196850394
21
0.5714567322834646
0
LINE
8
BLACK
6
CONTINUOUS
10
0.9098425196850394
20
0.5714567322834646
11
0.9374004724409448
21
0.5714567322834646
0
LINE
8
BLACK
6
CONTINUOUS
10
0.9374004724409448
20
0.5714567322834646
11
0.9374010236220472
21
0.5714567716535432
0
LINE
8
BLACK
6
CONTINUOUS
10
0.9374010236220472
20
0.5714567716535432
11
0.9414447637795276
21
0.5718698818897637
0
LINE
8
BLACK
6
CONTINUOUS
10
0.9414447637795276
20
0.5718698818897637
11
0.947996811023622
21
0.5740410236220472
0
LINE
8
BLACK
6
CONTINUOUS
10
0.947996811023622
20
0.5740410236220472
11
0.9479970078740158
21
0.5740411023622047
0
LINE
8
BLACK
6
CONTINUOUS
10
0.9479970078740158
20
0.5740411023622047
11
0.9538718503937008
21
0.5776647637795276
0
LINE
8
BLACK
6
CONTINUOUS
10
0.9538718503937008
20
0.5776647637795276
11
0.9587525590551181
21
0.5825454724409449
0
LINE
8
BLACK
6
CONTINUOUS
10
0.9587525590551181
20
0.5825454724409449
11
0.9623762204724409
21
0.5884203149606299
0
LINE
8
BLACK
6
CONTINUOUS
10
0.9623762204724409
20
0.5884203149606299
11
0.9623762992125984
21
0.5884205118110236
0
LINE
8
BLACK
6
CONTINUOUS
10
0.9623762992125984
20
0.5884205118110236
11
0.9645474409448819
21
0.5949725590551181
0
LINE
8
BLACK
6
CONTINUOUS
10
0.9645474409448819
20
0.5949725590551181
11
0.9645474803149606
21
0.5949728346456693
0
LINE
8
BLACK
6
CONTINUOUS
10
0.9645474803149606
20
0.5949728346456693
11
0.9649605905511811
21
0.5990162992125984
0
LINE
8
BLACK
6
CONTINUOUS
10
0.9649605905511811
20
0.5990162992125984
11
0.9649606299212599
21
0.599016811023622
0
LINE
8
BLACK
6
CONTINUOUS
10
0.9649606299212599
20
0.599016811023622
11
0.9649606299212599
21
0.6305118110236221
0
LINE
8
BLACK
6
CONTINUOUS
10
0.9649606299212599
20
0.6305118110236221
11
0.945275590551181
21
0.6305118110236221
0
LINE
8
BLACK
6
CONTINUOUS
10
0.945275590551181
20
0.6305118110236221
11
0.945275590551181
21
0.6009842519685039
0
LINE
8
BLACK
6
CONTINUOUS
10
2.2183464566929132
20
0.6801574803149606
11
2.2183464566929132
21
0.6776377952755905
0
LINE
8
BLACK
6
CONTINUOUS
10
2.2183464566929132
20
0.6776377952755905
11
2.2175714566929132
21
0.6749984645669291
0
LINE
8
BLACK
6
CONTINUOUS
10
2.2175714566929132
20
0.6749984645669291
11
2.215492559055118
21
0.6731970866141732
0
LINE
8
BLACK
6
CONTINUOUS
10
2.215492559055118
20
0.6731970866141732
11
2.213464566929134
21
0.672755905511811
0
LINE
8
BLACK
6
CONTINUOUS
10
2.213464566929134
20
0.672755905511811
11
2.1935433070866139
21
0.672755905511811
0
LINE
8
BLACK
6
CONTINUOUS
10
2.1935433070866139
20
0.672755905511811
11
2.192794094488189
21
0.6689893307086614
0
LINE
8
BLACK
6
CONTINUOUS
10
2.192794094488189
20
0.6689893307086614
11
2.1906605118110236
21
0.6657961811023622
0
LINE
8
BLACK
6
CONTINUOUS
10
2.1906605118110236
20
0.6657961811023622
11
2.1874673622047243
21
0.6636625984251968
0
LINE
8
BLACK
6
CONTINUOUS
10
2.1874673622047243
20
0.6636625984251968
11
2.1837007874015746
21
0.6629133858267716
0
LINE
8
BLACK
6
CONTINUOUS
10
2.1837007874015746
20
0.6629133858267716
11
2.1748425196850394
21
0.6629133858267716
0
LINE
8
BLACK
6
CONTINUOUS
10
2.1748425196850394
20
0.6629133858267716
11
2.1748425196850394
21
0.6432283858267717
0
LINE
8
BLACK
6
CONTINUOUS
10
2.1748425196850394
20
0.6432283858267717
11
2.1856681889763778
21
0.6432283858267717
0
LINE
8
BLACK
6
CONTINUOUS
10
2.1856681889763778
20
0.6432283858267717
11
2.1856687401574804
21
0.6432284251968504
0
LINE
8
BLACK
6
CONTINUOUS
10
2.1856687401574804
20
0.6432284251968504
11
2.1897124803149608
21
0.6436415354330709
0
LINE
8
BLACK
6
CONTINUOUS
10
2.1897124803149608
20
0.6436415354330709
11
2.1962645275590549
21
0.6458126771653543
0
LINE
8
BLACK
6
CONTINUOUS
10
2.1962645275590549
20
0.6458126771653543
11
2.1962647244094486
21
0.6458127559055118
0
LINE
8
BLACK
6
CONTINUOUS
10
2.1962647244094486
20
0.6458127559055118
11
2.2021394488188974
21
0.6494363385826771
0
LINE
8
BLACK
6
CONTINUOUS
10
2.2021394488188974
20
0.6494363385826771
11
2.2046274015748031
21
0.6519242913385827
0
LINE
8
BLACK
6
CONTINUOUS
10
2.2046274015748031
20
0.6519242913385827
11
2.2070416929133856
21
0.6532425984251968
0
LINE
8
BLACK
6
CONTINUOUS
10
2.2070416929133856
20
0.6532425984251968
11
2.2097854724409447
21
0.6530463779527559
0
LINE
8
BLACK
6
CONTINUOUS
10
2.2097854724409447
20
0.6530463779527559
11
2.2119875984251967
21
0.6513979133858268
0
LINE
8
BLACK
6
CONTINUOUS
10
2.2119875984251967
20
0.6513979133858268
11
2.2123389763779526
21
0.6507542913385826
0
LINE
8
BLACK
6
CONTINUOUS
10
2.2123389763779526
20
0.6507542913385826
11
2.2123777952755903
21
0.6507754330708662
0
LINE
8
BLACK
6
CONTINUOUS
10
2.2123777952755903
20
0.6507754330708662
11
2.2125452362204725
21
0.650468779527559
0
LINE
8
BLACK
6
CONTINUOUS
10
2.2125452362204725
20
0.650468779527559
11
2.2159373622047243
21
0.6459375196850393
0
LINE
8
BLACK
6
CONTINUOUS
10
2.2159373622047243
20
0.6459375196850393
11
2.2159374803149605
21
0.6459374015748032
0
LINE
8
BLACK
6
CONTINUOUS
10
2.2159374803149605
20
0.6459374015748032
11
2.2204687401574801
21
0.6425452755905512
0
LINE
8
BLACK
6
CONTINUOUS
10
2.2204687401574801
20
0.6425452755905512
11
2.2204690157480313
21
0.6425451181102362
0
LINE
8
BLACK
6
CONTINUOUS
10
2.2204690157480313
20
0.6425451181102362
11
2.225772440944882
21
0.6405670866141732
0
LINE
8
BLACK
6
CONTINUOUS
10
2.225772440944882
20
0.6405670866141732
11
2.2257727165354328
21
0.6405670078740158
0
LINE
8
BLACK
6
CONTINUOUS
10
2.2257727165354328
20
0.6405670078740158
11
2.228116338582677
21
0.640315
0
LINE
8
BLACK
6
CONTINUOUS
10
2.228116338582677
20
0.640315
11
2.2281170078740158
21
0.6403149606299212
0
LINE
8
BLACK
6
CONTINUOUS
10
2.2281170078740158
20
0.6403149606299212
11
2.2501574803149604
21
0.6403149606299212
0
LINE
8
BLACK
6
CONTINUOUS
10
2.2501574803149604
20
0.6403149606299212
11
2.2501574803149604
21
0.66
0
LINE
8
BLACK
6
CONTINUOUS
10
2.2501574803149604
20
0.66
11
2.23
21
0.66
0
LINE
8
BLACK
6
CONTINUOUS
10
2.23
20
0.66
11
2.23
21
0.6801574803149606
0
LINE
8
BLACK
6
CONTINUOUS
10
2.23
20
0.6801574803149606
11
2.2183464566929132
21
0.6801574803149606
0
LINE
8
BLACK
6
CONTINUOUS
10
2.29
20
0.6801574803149606
11
2.29
21
0.66
0
LINE
8
BLACK
6
CONTINUOUS
10
2.29
20
0.66
11
2.2698425196850391
21
0.66
0
LINE
8
BLACK
6
CONTINUOUS
10
2.2698425196850391
20
0.66
11
2.2698425196850391
21
0.6403149606299212
0
LINE
8
BLACK
6
CONTINUOUS
10
2.2698425196850391
20
0.6403149606299212
11
2.2918829921259842
21
0.6403149606299212
0
LINE
8
BLACK
6
CONTINUOUS
10
2.2918829921259842
20
0.6403149606299212
11
2.2918836220472438
21
0.640315
0
LINE
8
BLACK
6
CONTINUOUS
10
2.2918836220472438
20
0.640315
11
2.294227244094488
21
0.6405670078740158
0
LINE
8
BLACK
6
CONTINUOUS
10
2.294227244094488
20
0.6405670078740158
11
2.2942275196850392
21
0.6405670866141732
0
LINE
8
BLACK
6
CONTINUOUS
10
2.2942275196850392
20
0.6405670866141732
11
2.2995309448818899
21
0.6425451181102362
0
LINE
8
BLACK
6
CONTINUOUS
10
2.2995309448818899
20
0.6425451181102362
11
2.2995312204724407
21
0.6425452755905512
0
LINE
8
BLACK
6
CONTINUOUS
10
2.2995312204724407
20
0.6425452755905512
11
2.304062440944882
21
0.6459373622047244
0
LINE
8
BLACK
6
CONTINUOUS
10
2.304062440944882
20
0.6459373622047244
11
2.3060918503937007
21
0.6486482677165354
0
LINE
8
BLACK
6
CONTINUOUS
10
2.3060918503937007
20
0.6486482677165354
11
2.3082939763779526
21
0.6502967322834645
0
LINE
8
BLACK
6
CONTINUOUS
10
2.3082939763779526
20
0.6502967322834645
11
2.3110377559055117
21
0.6504929527559055
0
LINE
8
BLACK
6
CONTINUOUS
10
2.3110377559055117
20
0.6504929527559055
11
2.3134520472440943
21
0.6491746456692913
0
LINE
8
BLACK
6
CONTINUOUS
10
2.3134520472440943
20
0.6491746456692913
11
2.313908149606299
21
0.6486482677165354
0
LINE
8
BLACK
6
CONTINUOUS
10
2.313908149606299
20
0.6486482677165354
11
2.3159375196850394
21
0.6459373622047244
0
LINE
8
BLACK
6
CONTINUOUS
10
2.3159375196850394
20
0.6459373622047244
11
2.3204687401574802
21
0.6425452755905512
0
LINE
8
BLACK
6
CONTINUOUS
10
2.3204687401574802
20
0.6425452755905512
11
2.3204690157480314
21
0.6425451181102362
0
LINE
8
BLACK
6
CONTINUOUS
10
2.3204690157480314
20
0.6425451181102362
11
2.3257724409448817
21
0.6405670866141732
0
LINE
8
BLACK
6
CONTINUOUS
10
2.3257724409448817
20
0.6405670866141732
11
2.3257727165354329
21
0.6405670078740158
0
LINE
8
BLACK
6
CONTINUOUS
10
2.3257727165354329
20
0.6405670078740158
11
2.3281163385826771
21
0.640315
0
LINE
8
BLACK
6
CONTINUOUS
10
2.3281163385826771
20
0.640315
11
2.3281170078740159
21
0.6403149606299212
0
LINE
8
BLACK
6
CONTINUOUS
10
2.3281170078740159
20
0.6403149606299212
11
2.3501574803149605
21
0.6403149606299212
0
LINE
8
BLACK
6
CONTINUOUS
10
2.3501574803149605
20
0.6403149606299212
11
2.3501574803149605
21
0.66
0
LINE
8
BLACK
6
CONTINUOUS
10
2.3501574803149605
20
0.66
11
2.3300000000000001
21
0.66
0
LINE
8
BLACK
6
CONTINUOUS
10
2.3300000000000001
20
0.66
11
2.3300000000000001
21
0.6801574803149606
0
LINE
8
BLACK
6
CONTINUOUS
10
2.3300000000000001
20
0.6801574803149606
11
2.29
21
0.6801574803149606
0
LINE
8
BLACK
6
CONTINUOUS
10
2.3900000000000001
20
0.66
11
2.3698425196850392
21
0.66
0
LINE
8
BLACK
6
CONTINUOUS
10
2.3698425196850392
20
0.66
11
2.3698425196850392
21
0.6403149606299212
0
LINE
8
BLACK
6
CONTINUOUS
10
2.3698425196850392
20
0.6403149606299212
11
2.3918829921259843
21
0.6403149606299212
0
LINE
8
BLACK
6
CONTINUOUS
10
2.3918829921259843
20
0.6403149606299212
11
2.3918836220472439
21
0.640315
0
LINE
8
BLACK
6
CONTINUOUS
10
2.3918836220472439
20
0.640315
11
2.3942272440944881
21
0.6405670078740158
0
LINE
8
BLACK
6
CONTINUOUS
10
2.3942272440944881
20
0.6405670078740158
11
2.3942275196850393
21
0.6405670866141732
0
LINE
8
BLACK
6
CONTINUOUS
10
2.3942275196850393
20
0.6405670866141732
11
2.3995309448818896
21
0.6425451181102362
0
LINE
8
BLACK
6
CONTINUOUS
10
2.3995309448818896
20
0.6425451181102362
11
2.3995312204724408
21
0.6425452755905512
0
LINE
8
BLACK
6
CONTINUOUS
10
2.3995312204724408
20
0.6425452755905512
11
2.4040624803149604
21
0.6459374015748032
0
LINE
8
BLACK
6
CONTINUOUS
10
2.4040624803149604
20
0.6459374015748032
11
2.4040625984251967
21
0.6459375196850393
0
LINE
8
BLACK
6
CONTINUOUS
10
2.4040625984251967
20
0.6459375196850393
11
2.4074547244094489
21
0.650468779527559
0
LINE
8
BLACK
6
CONTINUOUS
10
2.4074547244094489
20
0.650468779527559
11
2.4074548818897639
21
0.6504690551181103
0
LINE
8
BLACK
6
CONTINUOUS
10
2.4074548818897639
20
0.6504690551181103
11
2.4094329133858268
21
0.6557724803149606
0
LINE
8
BLACK
6
CONTINUOUS
10
2.4094329133858268
20
0.6557724803149606
11
2.4094329921259843
21
0.6557727559055118
0
LINE
8
BLACK
6
CONTINUOUS
10
2.4094329921259843
20
0.6557727559055118
11
2.4096850000000001
21
0.6581163779527559
0
LINE
8
BLACK
6
CONTINUOUS
10
2.4096850000000001
20
0.6581163779527559
11
2.4096850393700788
21
0.6581170472440945
0
LINE
8
BLACK
6
CONTINUOUS
10
2.4096850393700788
20
0.6581170472440945
11
2.4096850393700788
21
0.6801574803149606
0
LINE
8
BLACK
6
CONTINUOUS
10
2.4096850393700788
20
0.6801574803149606
11
2.3900000000000001
21
0.6801574803149606
0
LINE
8
BLACK
6
CONTINUOUS
10
2.3900000000000001
20
0.6801574803149606
11
2.3900000000000001
21
0.66
0
LINE
8
BLACK
6
CONTINUOUS
10
0.2711801181102362
20
0.6522783858267717
11
0.2711801574803149
21
0.6522782677165354
0
LINE
8
BLACK
6
CONTINUOUS
10
0.2711801574803149
20
0.6522782677165354
11
0.2731849606299213
21
0.6456692913385826
0
LINE
8
BLACK
6
CONTINUOUS
10
0.2731849606299213
20
0.6456692913385826
11
0.2734325984251968
21
0.644853031496063
0
LINE
8
BLACK
6
CONTINUOUS
10
0.2734325984251968
20
0.644853031496063
11
0.27709
21
0.6380105511811024
0
LINE
8
BLACK
6
CONTINUOUS
10
0.27709
20
0.6380105511811024
11
0.277090157480315
21
0.6380102755905511
0
LINE
8
BLACK
6
CONTINUOUS
10
0.277090157480315
20
0.6380102755905511
11
0.2820124409448819
21
0.6320124803149606
0
LINE
8
BLACK
6
CONTINUOUS
10
0.2820124409448819
20
0.6320124803149606
11
0.2880102362204724
21
0.6270901968503937
0
LINE
8
BLACK
6
CONTINUOUS
10
0.2880102362204724
20
0.6270901968503937
11
0.2880105118110236
21
0.6270900393700787
0
LINE
8
BLACK
6
CONTINUOUS
10
0.2880105118110236
20
0.6270900393700787
11
0.2948529921259843
21
0.6234326377952756
0
LINE
8
BLACK
6
CONTINUOUS
10
0.2948529921259843
20
0.6234326377952756
11
0.2948531102362205
21
0.6234326377952756
0
LINE
8
BLACK
6
CONTINUOUS
10
0.2948531102362205
20
0.6234326377952756
11
0.2948532677165354
21
0.6234325196850393
0
LINE
8
BLACK
6
CONTINUOUS
10
0.2948532677165354
20
0.6234325196850393
11
0.3022782677165354
21
0.621180157480315
0
LINE
8
BLACK
6
CONTINUOUS
10
0.3022782677165354
20
0.621180157480315
11
0.31
21
0.6204196456692913
0
LINE
8
BLACK
6
CONTINUOUS
10
0.31
20
0.6204196456692913
11
0.3177217322834646
21
0.621180157480315
0
LINE
8
BLACK
6
CONTINUOUS
10
0.3177217322834646
20
0.621180157480315
11
0.3251467322834646
21
0.6234325196850393
0
LINE
8
BLACK
6
CONTINUOUS
10
0.3251467322834646
20
0.6234325196850393
11
0.3319896850393701
21
0.6270901574803149
0
LINE
8
BLACK
6
CONTINUOUS
10
0.3319896850393701
20
0.6270901574803149
11
0.3379875196850394
21
0.6320124803149606
0
LINE
8
BLACK
6
CONTINUOUS
10
0.3379875196850394
20
0.6320124803149606
11
0.342909842519685
21
0.6380103149606299
0
LINE
8
BLACK
6
CONTINUOUS
10
0.342909842519685
20
0.6380103149606299
11
0.3465674803149606
21
0.6448532677165354
0
LINE
8
BLACK
6
CONTINUOUS
10
0.3465674803149606
20
0.6448532677165354
11
0.348819842519685
21
0.6522782677165354
0
LINE
8
BLACK
6
CONTINUOUS
10
0.348819842519685
20
0.6522782677165354
11
0.3495803543307087
21
0.66
0
LINE
8
BLACK
6
CONTINUOUS
10
0.3495803543307087
20
0.66
11
0.348819842519685
21
0.6677217322834645
0
LINE
8
BLACK
6
CONTINUOUS
10
0.348819842519685
20
0.6677217322834645
11
0.3465674803149606
21
0.6751467322834646
0
LINE
8
BLACK
6
CONTINUOUS
10
0.3465674803149606
20
0.6751467322834646
11
0.3465673622047244
21
0.6751468897637796
0
LINE
8
BLACK
6
CONTINUOUS
10
0.3465673622047244
20
0.6751468897637796
11
0.3465673622047244
21
0.6751470078740157
0
LINE
8
BLACK
6
CONTINUOUS
10
0.3465673622047244
20
0.6751470078740157
11
0.3429099606299212
21
0.6819894881889763
0
LINE
8
BLACK
6
CONTINUOUS
10
0.3429099606299212
20
0.6819894881889763
11
0.3429098031496063
21
0.6819897637795276
0
LINE
8
BLACK
6
CONTINUOUS
10
0.3429098031496063
20
0.6819897637795276
11
0.3379875196850394
21
0.6879875590551181
0
LINE
8
BLACK
6
CONTINUOUS
10
0.3379875196850394
20
0.6879875590551181
11
0.3319897244094488
21
0.692909842519685
0
LINE
8
BLACK
6
CONTINUOUS
10
0.3319897244094488
20
0.692909842519685
11
0.3319894488188976
21
0.69291
0
LINE
8
BLACK
6
CONTINUOUS
10
0.3319894488188976
20
0.69291
11
0.325146968503937
21
0.6965674015748031
0
LINE
8
BLACK
6
CONTINUOUS
10
0.325146968503937
20
0.6965674015748031
11
0.3251467322834646
21
0.6965674803149606
0
LINE
8
BLACK
6
CONTINUOUS
10
0.3251467322834646
20
0.6965674803149606
11
0.3177217322834646
21
0.698819842519685
0
LINE
8
BLACK
6
CONTINUOUS
10
0.3177217322834646
20
0.698819842519685
11
0.3177216141732284
21
0.6988198818897637
0
LINE
8
BLACK
6
CONTINUOUS
10
0.3177216141732284
20
0.6988198818897637
11
0.31
21
0.6995803543307086
0
LINE
8
BLACK
6
CONTINUOUS
10
0.31
20
0.6995803543307086
11
0.3022783464566929
21
0.6988198818897637
0
LINE
8
BLACK
6
CONTINUOUS
10
0.3022783464566929
20
0.6988198818897637
11
0.2948529921259843
21
0.6965674015748031
0
LINE
8
BLACK
6
CONTINUOUS
10
0.2948529921259843
20
0.6965674015748031
11
0.2880105118110236
21
0.69291
0
LINE
8
BLACK
6
CONTINUOUS
10
0.2880105118110236
20
0.69291
11
0.2880102362204724
21
0.692909842519685
0
LINE
8
BLACK
6
CONTINUOUS
10
0.2880102362204724
20
0.692909842519685
11
0.2820124409448819
21
0.6879875590551181
0
LINE
8
BLACK
6
CONTINUOUS
10
0.2820124409448819
20
0.6879875590551181
11
0.277090157480315
21
0.6819897637795276
0
LINE
8
BLACK
6
CONTINUOUS
10
0.277090157480315
20
0.6819897637795276
11
0.27709
21
0.6819894881889763
0
LINE
8
BLACK
6
CONTINUOUS
10
0.27709
20
0.6819894881889763
11
0.2734325984251968
21
0.6751470078740157
0
LINE
8
BLACK
6
CONTINUOUS
10
0.2734325984251968
20
0.6751470078740157
11
0.2711801181102362
21
0.667721653543307
0
LINE
8
BLACK
6
CONTINUOUS
10
0.2711801181102362
20
0.667721653543307
11
0.2704196456692913
21
0.66
0
LINE
8
BLACK
6
CONTINUOUS
10
0.2704196456692913
20
0.66
11
0.2711801181102362
21
0.6522783858267717
0
LINE
8
BLACK
6
CONTINUOUS
10
0.9098425196850394
20
0.6895669291338582
11
0.9354330708661417
21
0.6895669291338582
0
LINE
8
BLACK
6
CONTINUOUS
10
0.9354330708661417
20
0.6895669291338582
11
0.9391996456692914
21
0.688817716535433
0
LINE
8
BLACK
6
CONTINUOUS
10
0.9391996456692914
20
0.688817716535433
11
0.9423927952755905
21
0.6866841338582677
0
LINE
8
BLACK
6
CONTINUOUS
10
0.9423927952755905
20
0.6866841338582677
11
0.9445263779527558
21
0.6834909842519685
0
LINE
8
BLACK
6
CONTINUOUS
10
0.9445263779527558
20
0.6834909842519685
11
0.945275590551181
21
0.6797244094488188
0
LINE
8
BLACK
6
CONTINUOUS
10
0.945275590551181
20
0.6797244094488188
11
0.945275590551181
21
0.6501968503937008
0
LINE
8
BLACK
6
CONTINUOUS
10
0.945275590551181
20
0.6501968503937008
11
0.9649605905511811
21
0.6501968503937008
0
LINE
8
BLACK
6
CONTINUOUS
10
0.9649605905511811
20
0.6501968503937008
11
0.9649605905511811
21
0.6816918110236221
0
LINE
8
BLACK
6
CONTINUOUS
10
0.9649605905511811
20
0.6816918110236221
11
0.9649605511811024
21
0.6816924015748032
0
LINE
8
BLACK
6
CONTINUOUS
10
0.9649605511811024
20
0.6816924015748032
11
0.9645474409448819
21
0.6857361417322835
0
LINE
8
BLACK
6
CONTINUOUS
10
0.9645474409448819
20
0.6857361417322835
11
0.9623762992125984
21
0.6922881889763779
0
LINE
8
BLACK
6
CONTINUOUS
10
0.9623762992125984
20
0.6922881889763779
11
0.9623762204724409
21
0.6922883858267717
0
LINE
8
BLACK
6
CONTINUOUS
10
0.9623762204724409
20
0.6922883858267717
11
0.9587525590551181
21
0.6981632283464567
0
LINE
8
BLACK
6
CONTINUOUS
10
0.9587525590551181
20
0.6981632283464567
11
0.9538718503937008
21
0.703043937007874
0
LINE
8
BLACK
6
CONTINUOUS
10
0.9538718503937008
20
0.703043937007874
11
0.9479970078740158
21
0.7066675984251969
0
LINE
8
BLACK
6
CONTINUOUS
10
0.9479970078740158
20
0.7066675984251969
11
0.947996811023622
21
0.7066676771653543
0
LINE
8
BLACK
6
CONTINUOUS
10
0.947996811023622
20
0.7066676771653543
11
0.9414447637795276
21
0.7088388188976378
0
LINE
8
BLACK
6
CONTINUOUS
10
0.9414447637795276
20
0.7088388188976378
11
0.9414444881889763
21
0.7088388582677165
0
LINE
8
BLACK
6
CONTINUOUS
10
0.9414444881889763
20
0.7088388582677165
11
0.9374010236220472
21
0.709251968503937
0
LINE
8
BLACK
6
CONTINUOUS
10
0.9374010236220472
20
0.709251968503937
11
0.9098425196850394
21
0.709251968503937
0
LINE
8
BLACK
6
CONTINUOUS
10
0.9098425196850394
20
0.709251968503937
11
0.9098425196850394
21
0.6895669291338582
0
LINE
8
BLACK
6
CONTINUOUS
10
0.7501034251968504
20
0.7399054724409448
11
0.7501031496062992
21
0.7399053937007873
0
LINE
8
BLACK
6
CONTINUOUS
10
0.7501031496062992
20
0.7399053937007873
11
0.7447997244094487
21
0.7379273622047244
0
LINE
8
BLACK
6
CONTINUOUS
10
0.7447997244094487
20
0.7379273622047244
11
0.7447994488188976
21
0.7379272047244094
0
LINE
8
BLACK
6
CONTINUOUS
10
0.7447994488188976
20
0.7379272047244094
11
0.7402681889763779
21
0.7345350787401574
0
LINE
8
BLACK
6
CONTINUOUS
10
0.7402681889763779
20
0.7345350787401574
11
0.7402680708661418
21
0.7345349606299213
0
LINE
8
BLACK
6
CONTINUOUS
10
0.7402680708661418
20
0.7345349606299213
11
0.7368759448818898
21
0.7300037007874015
0
LINE
8
BLACK
6
CONTINUOUS
10
0.7368759448818898
20
0.7300037007874015
11
0.7368757874015748
21
0.7300034251968504
0
LINE
8
BLACK
6
CONTINUOUS
10
0.7368757874015748
20
0.7300034251968504
11
0.7348977559055118
21
0.7247
0
LINE
8
BLACK
6
CONTINUOUS
10
0.7348977559055118
20
0.7247
11
0.7348976771653544
21
0.7246997244094489
0
LINE
8
BLACK
6
CONTINUOUS
10
0.7348976771653544
20
0.7246997244094489
11
0.7346456692913386
21
0.7223561023622047
0
LINE
8
BLACK
6
CONTINUOUS
10
0.7346456692913386
20
0.7223561023622047
11
0.7346456692913386
21
0.655511811023622
0
LINE
8
BLACK
6
CONTINUOUS
10
0.7346456692913386
20
0.655511811023622
11
0.7543307086614173
21
0.655511811023622
0
LINE
8
BLACK
6
CONTINUOUS
10
0.7543307086614173
20
0.655511811023622
11
0.7543307086614173
21
0.7204724409448818
0
LINE
8
BLACK
6
CONTINUOUS
10
0.7543307086614173
20
0.7204724409448818
11
0.7641732283464566
21
0.7204724409448818
0
LINE
8
BLACK
6
CONTINUOUS
10
0.7641732283464566
20
0.7204724409448818
11
0.7641732283464566
21
0.7401574803149606
0
LINE
8
BLACK
6
CONTINUOUS
10
0.7641732283464566
20
0.7401574803149606
11
0.7524470472440945
21
0.7401574803149606
0
LINE
8
BLACK
6
CONTINUOUS
10
0.7524470472440945
20
0.7401574803149606
11
0.7501034251968504
21
0.7399054724409448
0
LINE
8
BLACK
6
CONTINUOUS
10
2.3698425196850392
20
0.72
11
2.3900000000000001
21
0.72
0
LINE
8
BLACK
6
CONTINUOUS
10
2.3900000000000001
20
0.72
11
2.3900000000000001
21
0.6998425196850393
0
LINE
8
BLACK
6
CONTINUOUS
10
2.3900000000000001
20
0.6998425196850393
11
2.4096850393700788
21
0.6998425196850393
0
LINE
8
BLACK
6
CONTINUOUS
10
2.4096850393700788
20
0.6998425196850393
11
2.4096850393700788
21
0.7218829921259843
0
LINE
8
BLACK
6
CONTINUOUS
10
2.4096850393700788
20
0.7218829921259843
11
2.4096850000000001
21
0.7218836614173229
0
LINE
8
BLACK
6
CONTINUOUS
10
2.4096850000000001
20
0.7218836614173229
11
2.4094329921259843
21
0.7242272834645669
0
LINE
8
BLACK
6
CONTINUOUS
10
2.4094329921259843
20
0.7242272834645669
11
2.4094329133858268
21
0.724227559055118
0
LINE
8
BLACK
6
CONTINUOUS
10
2.4094329133858268
20
0.724227559055118
11
2.4074548818897639
21
0.7295309842519685
0
LINE
8
BLACK
6
CONTINUOUS
10
2.4074548818897639
20
0.7295309842519685
11
2.4074547244094489
21
0.7295312598425197
0
LINE
8
BLACK
6
CONTINUOUS
10
2.4074547244094489
20
0.7295312598425197
11
2.4040625984251967
21
0.7340625196850393
0
LINE
8
BLACK
6
CONTINUOUS
10
2.4040625984251967
20
0.7340625196850393
11
2.4040624803149604
21
0.7340626377952756
0
LINE
8
BLACK
6
CONTINUOUS
10
2.4040624803149604
20
0.7340626377952756
11
2.3995312204724408
21
0.7374547637795276
0
LINE
8
BLACK
6
CONTINUOUS
10
2.3995312204724408
20
0.7374547637795276
11
2.3995309448818896
21
0.7374549212598425
0
LINE
8
BLACK
6
CONTINUOUS
10
2.3995309448818896
20
0.7374549212598425
11
2.3942275196850393
21
0.7394329527559055
0
LINE
8
BLACK
6
CONTINUOUS
10
2.3942275196850393
20
0.7394329527559055
11
2.3942272440944881
21
0.739433031496063
0
LINE
8
BLACK
6
CONTINUOUS
10
2.3942272440944881
20
0.739433031496063
11
2.3918836220472439
21
0.7396850393700787
0
LINE
8
BLACK
6
CONTINUOUS
10
2.3918836220472439
20
0.7396850393700787
11
2.3698425196850392
21
0.7396850393700787
0
LINE
8
BLACK
6
CONTINUOUS
10
2.3698425196850392
20
0.7396850393700787
11
2.3698425196850392
21
0.72
0
LINE
8
BLACK
6
CONTINUOUS
10
2.2698425196850391
20
0.72
11
2.29
21
0.72
0
LINE
8
BLACK
6
CONTINUOUS
10
2.29
20
0.72
11
2.29
21
0.6998425196850393
0
LINE
8
BLACK
6
CONTINUOUS
10
2.29
20
0.6998425196850393
11
2.3300000000000001
21
0.6998425196850393
0
LINE
8
BLACK
6
CONTINUOUS
10
2.3300000000000001
20
0.6998425196850393
11
2.3300000000000001
21
0.72
0
LINE
8
BLACK
6
CONTINUOUS
10
2.3300000000000001
20
0.72
11
2.3501574803149605
21
0.72
0
LINE
8
BLACK
6
CONTINUOUS
10
2.3501574803149605
20
0.72
11
2.3501574803149605
21
0.7396850393700787
0
LINE
8
BLACK
6
CONTINUOUS
10
2.3501574803149605
20
0.7396850393700787
11
2.3281163385826771
21
0.7396850393700787
0
LINE
8
BLACK
6
CONTINUOUS
10
2.3281163385826771
20
0.7396850393700787
11
2.3257727165354329
21
0.739433031496063
0
LINE
8
BLACK
6
CONTINUOUS
10
2.3257727165354329
20
0.739433031496063
11
2.3257724409448817
21
0.7394329527559055
0
LINE
8
BLACK
6
CONTINUOUS
10
2.3257724409448817
20
0.7394329527559055
11
2.3204690157480314
21
0.7374549212598425
0
LINE
8
BLACK
6
CONTINUOUS
10
2.3204690157480314
20
0.7374549212598425
11
2.3204687401574802
21
0.7374547637795276
0
LINE
8
BLACK
6
CONTINUOUS
10
2.3204687401574802
20
0.7374547637795276
11
2.3159374803149606
21
0.7340626377952756
0
LINE
8
BLACK
6
CONTINUOUS
10
2.3159374803149606
20
0.7340626377952756
11
2.3139081102362202
21
0.7313517322834645
0
LINE
8
BLACK
6
CONTINUOUS
10
2.3139081102362202
20
0.7313517322834645
11
2.3117059842519683
21
0.7297033070866141
0
LINE
8
BLACK
6
CONTINUOUS
10
2.3117059842519683
20
0.7297033070866141
11
2.3089622440944879
21
0.7295070866141732
0
LINE
8
BLACK
6
CONTINUOUS
10
2.3089622440944879
20
0.7295070866141732
11
2.3065479527559054
21
0.7308254330708661
0
LINE
8
BLACK
6
CONTINUOUS
10
2.3065479527559054
20
0.7308254330708661
11
2.3060918897637794
21
0.7313517322834645
0
LINE
8
BLACK
6
CONTINUOUS
10
2.3060918897637794
20
0.7313517322834645
11
2.3040624803149607
21
0.7340626377952756
0
LINE
8
BLACK
6
CONTINUOUS
10
2.3040624803149607
20
0.7340626377952756
11
2.2995312204724407
21
0.7374547637795276
0
LINE
8
BLACK
6
CONTINUOUS
10
2.2995312204724407
20
0.7374547637795276
11
2.2995309448818899
21
0.7374549212598425
0
LINE
8
BLACK
6
CONTINUOUS
10
2.2995309448818899
20
0.7374549212598425
11
2.2942275196850392
21
0.7394329527559055
0
LINE
8
BLACK
6
CONTINUOUS
10
2.2942275196850392
20
0.7394329527559055
11
2.294227244094488
21
0.739433031496063
0
LINE
8
BLACK
6
CONTINUOUS
10
2.294227244094488
20
0.739433031496063
11
2.2918836220472438
21
0.7396850393700787
0
LINE
8
BLACK
6
CONTINUOUS
10
2.2918836220472438
20
0.7396850393700787
11
2.2698425196850391
21
0.7396850393700787
0
LINE
8
BLACK
6
CONTINUOUS
10
2.2698425196850391
20
0.7396850393700787
11
2.2698425196850391
21
0.72
0
LINE
8
BLACK
6
CONTINUOUS
10
0.5898228346456693
20
0.9791626377952756
11
0.589935157480315
21
0.9779646062992126
0
LINE
8
BLACK
6
CONTINUOUS
10
0.589935157480315
20
0.9779646062992126
11
0.589935157480315
21
0.9779645275590551
0
LINE
8
BLACK
6
CONTINUOUS
10
0.589935157480315
20
0.9779645275590551
11
0.5913465748031496
21
0.973931062992126
0
LINE
8
BLACK
6
CONTINUOUS
10
0.5913465748031496
20
0.973931062992126
11
0.591701062992126
21
0.9729180314960629
0
LINE
8
BLACK
6
CONTINUOUS
10
0.591701062992126
20
0.9729180314960629
11
0.5948759842519685
21
0.9686161417322835
0
LINE
8
BLACK
6
CONTINUOUS
10
0.5948759842519685
20
0.9686161417322835
11
0.5991778740157481
21
0.965441220472441
0
LINE
8
BLACK
6
CONTINUOUS
10
0.5991778740157481
20
0.965441220472441
11
0.6008600393700787
21
0.9648525984251969
0
LINE
8
BLACK
6
CONTINUOUS
10
0.6008600393700787
20
0.9648525984251969
11
0.6042243700787402
21
0.9636753543307086
0
LINE
8
BLACK
6
CONTINUOUS
10
0.6042243700787402
20
0.9636753543307086
11
0.6054224409448818
21
0.9635629921259842
0
LINE
8
BLACK
6
CONTINUOUS
10
0.6054224409448818
20
0.9635629921259842
11
0.6054225984251969
21
0.9635629921259842
0
LINE
8
BLACK
6
CONTINUOUS
10
0.6054225984251969
20
0.9635629921259842
11
0.6293807086614173
21
0.9635629921259842
0
LINE
8
BLACK
6
CONTINUOUS
10
0.6293807086614173
20
0.9635629921259842
11
0.6305787007874015
21
0.9636753543307086
0
LINE
8
BLACK
6
CONTINUOUS
10
0.6305787007874015
20
0.9636753543307086
11
0.630578779527559
21
0.9636753543307086
0
LINE
8
BLACK
6
CONTINUOUS
10
0.630578779527559
20
0.9636753543307086
11
0.633101968503937
21
0.9645583070866142
0
LINE
8
BLACK
6
CONTINUOUS
10
0.633101968503937
20
0.9645583070866142
11
0.6356252755905512
21
0.965441220472441
0
LINE
8
BLACK
6
CONTINUOUS
10
0.6356252755905512
20
0.965441220472441
11
0.6399271653543307
21
0.9686161417322835
0
LINE
8
BLACK
6
CONTINUOUS
10
0.6399271653543307
20
0.9686161417322835
11
0.6431020866141732
21
0.9729180314960629
0
LINE
8
BLACK
6
CONTINUOUS
10
0.6431020866141732
20
0.9729180314960629
11
0.6447653543307087
21
0.9776713779527559
0
LINE
8
BLACK
6
CONTINUOUS
10
0.6447653543307087
20
0.9776713779527559
11
0.6448679527559055
21
0.9779645275590551
0
LINE
8
BLACK
6
CONTINUOUS
10
0.6448679527559055
20
0.9779645275590551
11
0.6448679527559055
21
0.9779646062992126
0
LINE
8
BLACK
6
CONTINUOUS
10
0.6448679527559055
20
0.9779646062992126
11
0.6449483858267716
21
0.9788220078740157
0
LINE
8
BLACK
6
CONTINUOUS
10
0.6449483858267716
20
0.9788220078740157
11
0.6459664173228347
21
0.9813774409448819
0
LINE
8
BLACK
6
CONTINUOUS
10
0.6459664173228347
20
0.9813774409448819
11
0.6482044488188976
21
0.9829768503937008
0
LINE
8
BLACK
6
CONTINUOUS
10
0.6482044488188976
20
0.9829768503937008
11
0.649808937007874
21
0.983248031496063
0
LINE
8
BLACK
6
CONTINUOUS
10
0.649808937007874
20
0.983248031496063
11
0.7423384645669291
21
0.983248031496063
0
LINE
8
BLACK
6
CONTINUOUS
10
0.7423384645669291
20
0.983248031496063
11
0.7449777952755905
21
0.982473031496063
0
LINE
8
BLACK
6
CONTINUOUS
10
0.7449777952755905
20
0.982473031496063
11
0.7467791732283464
21
0.9803941338582677
0
LINE
8
BLACK
6
CONTINUOUS
10
0.7467791732283464
20
0.9803941338582677
11
0.7471706692913386
21
0.9776713779527559
0
LINE
8
BLACK
6
CONTINUOUS
10
0.7471706692913386
20
0.9776713779527559
11
0.7460279527559055
21
0.9751691732283464
0
LINE
8
BLACK
6
CONTINUOUS
10
0.7460279527559055
20
0.9751691732283464
11
0.745056968503937
21
0.9743866929133858
0
LINE
8
BLACK
6
CONTINUOUS
10
0.745056968503937
20
0.9743866929133858
11
0.7450791732283465
21
0.9743570472440944
0
LINE
8
BLACK
6
CONTINUOUS
10
0.7450791732283465
20
0.9743570472440944
11
0.7402681889763779
21
0.9707555511811023
0
LINE
8
BLACK
6
CONTINUOUS
10
0.7402681889763779
20
0.9707555511811023
11
0.7402680708661418
21
0.9707554330708661
0
LINE
8
BLACK
6
CONTINUOUS
10
0.7402680708661418
20
0.9707554330708661
11
0.7368759448818898
21
0.9662241732283464
0
LINE
8
BLACK
6
CONTINUOUS
10
0.7368759448818898
20
0.9662241732283464
11
0.7368757874015748
21
0.9662238976377953
0
LINE
8
BLACK
6
CONTINUOUS
10
0.7368757874015748
20
0.9662238976377953
11
0.7348977559055118
21
0.9609204724409448
0
LINE
8
BLACK
6
CONTINUOUS
10
0.7348977559055118
20
0.9609204724409448
11
0.7348976771653544
21
0.9609201968503936
0
LINE
8
BLACK
6
CONTINUOUS
10
0.7348976771653544
20
0.9609201968503936
11
0.7346456692913386
21
0.9585765748031496
0
LINE
8
BLACK
6
CONTINUOUS
10
0.7346456692913386
20
0.9585765748031496
11
0.7346456692913386
21
0.8917322834645669
0
LINE
8
BLACK
6
CONTINUOUS
10
0.7346456692913386
20
0.8917322834645669
11
0.7543307086614173
21
0.8917322834645669
0
LINE
8
BLACK
6
CONTINUOUS
10
0.7543307086614173
20
0.8917322834645669
11
0.7543307086614173
21
0.9566929133858267
0
LINE
8
BLACK
6
CONTINUOUS
10
0.7543307086614173
20
0.9566929133858267
11
0.7937007874015748
21
0.9566929133858267
0
LINE
8
BLACK
6
CONTINUOUS
10
0.7937007874015748
20
0.9566929133858267
11
0.7937007874015748
21
0.8070866141732284
0
LINE
8
BLACK
6
CONTINUOUS
10
0.7937007874015748
20
0.8070866141732284
11
0.7838582677165354
21
0.8070866141732284
0
LINE
8
BLACK
6
CONTINUOUS
10
0.7838582677165354
20
0.8070866141732284
11
0.7838582677165354
21
0.7874015748031495
0
LINE
8
BLACK
6
CONTINUOUS
10
0.7838582677165354
20
0.7874015748031495
11
0.7870275590551181
21
0.7874015748031495
0
LINE
8
BLACK
6
CONTINUOUS
10
0.7870275590551181
20
0.7874015748031495
11
0.7896668897637795
21
0.7866265748031496
0
LINE
8
BLACK
6
CONTINUOUS
10
0.7896668897637795
20
0.7866265748031496
11
0.7914682677165354
21
0.7845476771653543
0
LINE
8
BLACK
6
CONTINUOUS
10
0.7914682677165354
20
0.7845476771653543
11
0.7919094488188976
21
0.7825196850393701
0
LINE
8
BLACK
6
CONTINUOUS
10
0.7919094488188976
20
0.7825196850393701
11
0.7919094488188976
21
0.7450393700787401
0
LINE
8
BLACK
6
CONTINUOUS
10
0.7919094488188976
20
0.7450393700787401
11
0.7911344488188976
21
0.7424000393700787
0
LINE
8
BLACK
6
CONTINUOUS
10
0.7911344488188976
20
0.7424000393700787
11
0.7890555511811024
21
0.7405986614173228
0
LINE
8
BLACK
6
CONTINUOUS
10
0.7890555511811024
20
0.7405986614173228
11
0.7870275590551181
21
0.7401574803149606
0
LINE
8
BLACK
6
CONTINUOUS
10
0.7870275590551181
20
0.7401574803149606
11
0.7838582677165354
21
0.7401574803149606
0
LINE
8
BLACK
6
CONTINUOUS
10
0.7838582677165354
20
0.7401574803149606
11
0.7838582677165354
21
0.7204724409448818
0
LINE
8
BLACK
6
CONTINUOUS
10
0.7838582677165354
20
0.7204724409448818
11
0.7937007874015748
21
0.7204724409448818
0
LINE
8
BLACK
6
CONTINUOUS
10
0.7937007874015748
20
0.7204724409448818
11
0.7937007874015748
21
0.5708661417322834
0
LINE
8
BLACK
6
CONTINUOUS
10
0.7937007874015748
20
0.5708661417322834
11
0.7838582677165354
21
0.5708661417322834
0
LINE
8
BLACK
6
CONTINUOUS
10
0.7838582677165354
20
0.5708661417322834
11
0.7838582677165354
21
0.5511811023622047
0
LINE
8
BLACK
6
CONTINUOUS
10
0.7838582677165354
20
0.5511811023622047
11
0.7870275590551181
21
0.5511811023622047
0
LINE
8
BLACK
6
CONTINUOUS
10
0.7870275590551181
20
0.5511811023622047
11
0.7896668897637795
21
0.5504061023622047
0
LINE
8
BLACK
6
CONTINUOUS
10
0.7896668897637795
20
0.5504061023622047
11
0.7914682677165354
21
0.5483272047244094
0
LINE
8
BLACK
6
CONTINUOUS
10
0.7914682677165354
20
0.5483272047244094
11
0.7919094488188976
21
0.5462992125984252
0
LINE
8
BLACK
6
CONTINUOUS
10
0.7919094488188976
20
0.5462992125984252
11
0.7919094488188976
21
0.5088188976377953
0
LINE
8
BLACK
6
CONTINUOUS
10
0.7919094488188976
20
0.5088188976377953
11
0.7911344488188976
21
0.5061795669291338
0
LINE
8
BLACK
6
CONTINUOUS
10
0.7911344488188976
20
0.5061795669291338
11
0.7890555511811024
21
0.504378188976378
0
LINE
8
BLACK
6
CONTINUOUS
10
0.7890555511811024
20
0.504378188976378
11
0.7870275590551181
21
0.5039370078740157
0
LINE
8
BLACK
6
CONTINUOUS
10
0.7870275590551181
20
0.5039370078740157
11
0.7838582677165354
21
0.5039370078740157
0
LINE
8
BLACK
6
CONTINUOUS
10
0.7838582677165354
20
0.5039370078740157
11
0.7838582677165354
21
0.484251968503937
0
LINE
8
BLACK
6
CONTINUOUS
10
0.7838582677165354
20
0.484251968503937
11
0.7937007874015748
21
0.484251968503937
0
LINE
8
BLACK
6
CONTINUOUS
10
0.7937007874015748
20
0.484251968503937
11
0.7937007874015748
21
0.3937007874015748
0
LINE
8
BLACK
6
CONTINUOUS
10
0.7937007874015748
20
0.3937007874015748
11
0.8842519685039369
21
0.3937007874015748
0
LINE
8
BLACK
6
CONTINUOUS
10
0.8842519685039369
20
0.3937007874015748
11
0.8842519685039369
21
0.3838582677165354
0
LINE
8
BLACK
6
CONTINUOUS
10
0.8842519685039369
20
0.3838582677165354
11
0.9039370078740158
21
0.3838582677165354
0
LINE
8
BLACK
6
CONTINUOUS
10
0.9039370078740158
20
0.3838582677165354
11
0.9039370078740158
21
0.3870275590551181
0
LINE
8
BLACK
6
CONTINUOUS
10
0.9039370078740158
20
0.3870275590551181
11
0.9047120078740157
21
0.3896668897637795
0
LINE
8
BLACK
6
CONTINUOUS
10
0.9047120078740157
20
0.3896668897637795
11
0.906790905511811
21
0.3914682677165354
0
LINE
8
BLACK
6
CONTINUOUS
10
0.906790905511811
20
0.3914682677165354
11
0.9088188976377952
21
0.3919094488188976
0
LINE
8
BLACK
6
CONTINUOUS
10
0.9088188976377952
20
0.3919094488188976
11
0.9462992125984252
21
0.3919094488188976
0
LINE
8
BLACK
6
CONTINUOUS
10
0.9462992125984252
20
0.3919094488188976
11
0.9489385433070866
21
0.3911344488188976
0
LINE
8
BLACK
6
CONTINUOUS
10
0.9489385433070866
20
0.3911344488188976
11
0.9507399212598425
21
0.3890555511811024
0
LINE
8
BLACK
6
CONTINUOUS
10
0.9507399212598425
20
0.3890555511811024
11
0.9511811023622047
21
0.3870275590551181
0
LINE
8
BLACK
6
CONTINUOUS
10
0.9511811023622047
20
0.3870275590551181
11
0.9511811023622047
21
0.3838582677165354
0
LINE
8
BLACK
6
CONTINUOUS
10
0.9511811023622047
20
0.3838582677165354
11
0.9708661417322835
21
0.3838582677165354
0
LINE
8
BLACK
6
CONTINUOUS
10
0.9708661417322835
20
0.3838582677165354
11
0.9708661417322835
21
0.3937007874015748
0
LINE
8
BLACK
6
CONTINUOUS
10
0.9708661417322835
20
0.3937007874015748
11
1.1204724409448819
21
0.3937007874015748
0
LINE
8
BLACK
6
CONTINUOUS
10
1.1204724409448819
20
0.3937007874015748
11
1.1204724409448819
21
0.3838582677165354
0
LINE
8
BLACK
6
CONTINUOUS
10
1.1204724409448819
20
0.3838582677165354
11
1.1401574803149606
21
0.3838582677165354
0
LINE
8
BLACK
6
CONTINUOUS
10
1.1401574803149606
20
0.3838582677165354
11
1.1401574803149606
21
0.3870275590551181
0
LINE
8
BLACK
6
CONTINUOUS
10
1.1401574803149606
20
0.3870275590551181
11
1.1409324803149605
21
0.3896668897637795
0
LINE
8
BLACK
6
CONTINUOUS
10
1.1409324803149605
20
0.3896668897637795
11
1.143011377952756
21
0.3914682677165354
0
LINE
8
BLACK
6
CONTINUOUS
10
1.143011377952756
20
0.3914682677165354
11
1.1450393700787402
21
0.3919094488188976
0
LINE
8
BLACK
6
CONTINUOUS
10
1.1450393700787402
20
0.3919094488188976
11
1.18251968503937
21
0.3919094488188976
0
LINE
8
BLACK
6
CONTINUOUS
10
1.18251968503937
20
0.3919094488188976
11
1.1851590157480314
21
0.3911344488188976
0
LINE
8
BLACK
6
CONTINUOUS
10
1.1851590157480314
20
0.3911344488188976
11
1.1869603937007873
21
0.3890555511811024
0
LINE
8
BLACK
6
CONTINUOUS
10
1.1869603937007873
20
0.3890555511811024
11
1.1874015748031497
21
0.3870275590551181
0
LINE
8
BLACK
6
CONTINUOUS
10
1.1874015748031497
20
0.3870275590551181
11
1.1874015748031497
21
0.3838582677165354
0
LINE
8
BLACK
6
CONTINUOUS
10
1.1874015748031497
20
0.3838582677165354
11
1.2070866141732284
21
0.3838582677165354
0
LINE
8
BLACK
6
CONTINUOUS
10
1.2070866141732284
20
0.3838582677165354
11
1.2070866141732284
21
0.3937007874015748
0
LINE
8
BLACK
6
CONTINUOUS
10
1.2070866141732284
20
0.3937007874015748
11
1.3566929133858268
21
0.3937007874015748
0
LINE
8
BLACK
6
CONTINUOUS
10
1.3566929133858268
20
0.3937007874015748
11
1.3566929133858268
21
0.3838582677165354
0
LINE
8
BLACK
6
CONTINUOUS
10
1.3566929133858268
20
0.3838582677165354
11
1.3763779527559055
21
0.3838582677165354
0
LINE
8
BLACK
6
CONTINUOUS
10
1.3763779527559055
20
0.3838582677165354
11
1.3763779527559055
21
0.3870275590551181
0
LINE
8
BLACK
6
CONTINUOUS
10
1.3763779527559055
20
0.3870275590551181
11
1.3771529527559054
21
0.3896668897637795
0
LINE
8
BLACK
6
CONTINUOUS
10
1.3771529527559054
20
0.3896668897637795
11
1.3792318503937007
21
0.3914682677165354
0
LINE
8
BLACK
6
CONTINUOUS
10
1.3792318503937007
20
0.3914682677165354
11
1.3812598425196849
21
0.3919094488188976
0
LINE
8
BLACK
6
CONTINUOUS
10
1.3812598425196849
20
0.3919094488188976
11
1.4187401574803149
21
0.3919094488188976
0
LINE
8
BLACK
6
CONTINUOUS
10
1.4187401574803149
20
0.3919094488188976
11
1.4213794881889763
21
0.3911344488188976
0
LINE
8
BLACK
6
CONTINUOUS
10
1.4213794881889763
20
0.3911344488188976
11
1.4231808661417322
21
0.3890555511811024
0
LINE
8
BLACK
6
CONTINUOUS
10
1.4231808661417322
20
0.3890555511811024
11
1.4236220472440944
21
0.3870275590551181
0
LINE
8
BLACK
6
CONTINUOUS
10
1.4236220472440944
20
0.3870275590551181
11
1.4236220472440944
21
0.3838582677165354
0
LINE
8
BLACK
6
CONTINUOUS
10
1.4236220472440944
20
0.3838582677165354
11
1.4433070866141733
21
0.3838582677165354
0
LINE
8
BLACK
6
CONTINUOUS
10
1.4433070866141733
20
0.3838582677165354
11
1.4433070866141733
21
0.3937007874015748
0
LINE
8
BLACK
6
CONTINUOUS
10
1.4433070866141733
20
0.3937007874015748
11
1.5929133858267717
21
0.3937007874015748
0
LINE
8
BLACK
6
CONTINUOUS
10
1.5929133858267717
20
0.3937007874015748
11
1.5929133858267717
21
0.3838582677165354
0
LINE
8
BLACK
6
CONTINUOUS
10
1.5929133858267717
20
0.3838582677165354
11
1.6125984251968504
21
0.3838582677165354
0
LINE
8
BLACK
6
CONTINUOUS
10
1.6125984251968504
20
0.3838582677165354
11
1.6125984251968504
21
0.3870275590551181
0
LINE
8
BLACK
6
CONTINUOUS
10
1.6125984251968504
20
0.3870275590551181
11
1.6133734251968503
21
0.3896668897637795
0
LINE
8
BLACK
6
CONTINUOUS
10
1.6133734251968503
20
0.3896668897637795
11
1.6154523228346456
21
0.3914682677165354
0
LINE
8
BLACK
6
CONTINUOUS
10
1.6154523228346456
20
0.3914682677165354
11
1.6174803149606298
21
0.3919094488188976
0
LINE
8
BLACK
6
CONTINUOUS
10
1.6174803149606298
20
0.3919094488188976
11
1.6549606299212598
21
0.3919094488188976
0
LINE
8
BLACK
6
CONTINUOUS
10
1.6549606299212598
20
0.3919094488188976
11
1.6575999606299212
21
0.3911344488188976
0
LINE
8
BLACK
6
CONTINUOUS
10
1.6575999606299212
20
0.3911344488188976
11
1.6594013385826771
21
0.3890555511811024
0
LINE
8
BLACK
6
CONTINUOUS
10
1.6594013385826771
20
0.3890555511811024
11
1.6598425196850393
21
0.3870275590551181
0
LINE
8
BLACK
6
CONTINUOUS
10
1.6598425196850393
20
0.3870275590551181
11
1.6598425196850393
21
0.3838582677165354
0
LINE
8
BLACK
6
CONTINUOUS
10
1.6598425196850393
20
0.3838582677165354
11
1.679527559055118
21
0.3838582677165354
0
LINE
8
BLACK
6
CONTINUOUS
10
1.679527559055118
20
0.3838582677165354
11
1.679527559055118
21
0.3937007874015748
0
LINE
8
BLACK
6
CONTINUOUS
10
1.679527559055118
20
0.3937007874015748
11
1.8291338582677166
21
0.3937007874015748
0
LINE
8
BLACK
6
CONTINUOUS
10
1.8291338582677166
20
0.3937007874015748
11
1.8291338582677166
21
0.3838582677165354
0
LINE
8
BLACK
6
CONTINUOUS
10
1.8291338582677166
20
0.3838582677165354
11
1.8488188976377953
21
0.3838582677165354
0
LINE
8
BLACK
6
CONTINUOUS
10
1.8488188976377953
20
0.3838582677165354
11
1.8488188976377953
21
0.3870275590551181
0
LINE
8
BLACK
6
CONTINUOUS
10
1.8488188976377953
20
0.3870275590551181
11
1.8495938976377952
21
0.3896668897637795
0
LINE
8
BLACK
6
CONTINUOUS
10
1.8495938976377952
20
0.3896668897637795
11
1.8516727952755905
21
0.3914682677165354
0
LINE
8
BLACK
6
CONTINUOUS
10
1.8516727952755905
20
0.3914682677165354
11
1.8537007874015747
21
0.3919094488188976
0
LINE
8
BLACK
6
CONTINUOUS
10
1.8537007874015747
20
0.3919094488188976
11
1.8911811023622047
21
0.3919094488188976
0
LINE
8
BLACK
6
CONTINUOUS
10
1.8911811023622047
20
0.3919094488188976
11
1.8938204330708661
21
0.3911344488188976
0
LINE
8
BLACK
6
CONTINUOUS
10
1.8938204330708661
20
0.3911344488188976
11
1.895621811023622
21
0.3890555511811024
0
LINE
8
BLACK
6
CONTINUOUS
10
1.895621811023622
20
0.3890555511811024
11
1.8960629921259842
21
0.3870275590551181
0
LINE
8
BLACK
6
CONTINUOUS
10
1.8960629921259842
20
0.3870275590551181
11
1.8960629921259842
21
0.3838582677165354
0
LINE
8
BLACK
6
CONTINUOUS
10
1.8960629921259842
20
0.3838582677165354
11
1.9157480314960629
21
0.3838582677165354
0
LINE
8
BLACK
6
CONTINUOUS
10
1.9157480314960629
20
0.3838582677165354
11
1.9157480314960629
21
0.3937007874015748
0
LINE
8
BLACK
6
CONTINUOUS
10
1.9157480314960629
20
0.3937007874015748
11
2.0062992125984254
21
0.3937007874015748
0
LINE
8
BLACK
6
CONTINUOUS
10
2.0062992125984254
20
0.3937007874015748
11
2.0062992125984254
21
0.484251968503937
0
LINE
8
BLACK
6
CONTINUOUS
10
2.0062992125984254
20
0.484251968503937
11
2.0161417322834647
21
0.484251968503937
0
LINE
8
BLACK
6
CONTINUOUS
10
2.0161417322834647
20
0.484251968503937
11
2.0161417322834647
21
0.5039370078740157
0
LINE
8
BLACK
6
CONTINUOUS
10
2.0161417322834647
20
0.5039370078740157
11
2.0129724409448819
21
0.5039370078740157
0
LINE
8
BLACK
6
CONTINUOUS
10
2.0129724409448819
20
0.5039370078740157
11
2.0103331102362203
21
0.5047120078740157
0
LINE
8
BLACK
6
CONTINUOUS
10
2.0103331102362203
20
0.5047120078740157
11
2.0085317322834646
21
0.5067909055118111
0
LINE
8
BLACK
6
CONTINUOUS
10
2.0085317322834646
20
0.5067909055118111
11
2.0080905511811022
21
0.5088188976377953
0
LINE
8
BLACK
6
CONTINUOUS
10
2.0080905511811022
20
0.5088188976377953
11
2.0080905511811022
21
0.5462992125984252
0
LINE
8
BLACK
6
CONTINUOUS
10
2.0080905511811022
20
0.5462992125984252
11
2.0088655511811022
21
0.5489385433070866
0
LINE
8
BLACK
6
CONTINUOUS
10
2.0088655511811022
20
0.5489385433070866
11
2.0109444488188974
21
0.5507399212598425
0
LINE
8
BLACK
6
CONTINUOUS
10
2.0109444488188974
20
0.5507399212598425
11
2.0129724409448819
21
0.5511811023622047
0
LINE
8
BLACK
6
CONTINUOUS
10
2.0129724409448819
20
0.5511811023622047
11
2.0161417322834647
21
0.5511811023622047
0
LINE
8
BLACK
6
CONTINUOUS
10
2.0161417322834647
20
0.5511811023622047
11
2.0161417322834647
21
0.5708661417322834
0
LINE
8
BLACK
6
CONTINUOUS
10
2.0161417322834647
20
0.5708661417322834
11
2.0062992125984254
21
0.5708661417322834
0
LINE
8
BLACK
6
CONTINUOUS
10
2.0062992125984254
20
0.5708661417322834
11
2.0062992125984254
21
0.7204724409448818
0
LINE
8
BLACK
6
CONTINUOUS
10
2.0062992125984254
20
0.7204724409448818
11
2.0456692913385828
21
0.7204724409448818
0
LINE
8
BLACK
6
CONTINUOUS
10
2.0456692913385828
20
0.7204724409448818
11
2.0456692913385828
21
0.655511811023622
0
LINE
8
BLACK
6
CONTINUOUS
10
2.0456692913385828
20
0.655511811023622
11
2.0653543307086615
21
0.655511811023622
0
LINE
8
BLACK
6
CONTINUOUS
10
2.0653543307086615
20
0.655511811023622
11
2.0653543307086615
21
0.6707879527559055
0
LINE
8
BLACK
6
CONTINUOUS
10
2.0653543307086615
20
0.6707879527559055
11
2.0653543307086615
21
0.7223554330708661
0
LINE
8
BLACK
6
CONTINUOUS
10
2.0653543307086615
20
0.7223554330708661
11
2.0653542913385827
21
0.7223561023622047
0
LINE
8
BLACK
6
CONTINUOUS
10
2.0653542913385827
20
0.7223561023622047
11
2.0651022834645669
21
0.7246997244094489
0
LINE
8
BLACK
6
CONTINUOUS
10
2.0651022834645669
20
0.7246997244094489
11
2.0651022047244094
21
0.7247
0
LINE
8
BLACK
6
CONTINUOUS
10
2.0651022047244094
20
0.7247
11
2.0631241732283465
21
0.7300034251968504
0
LINE
8
BLACK
6
CONTINUOUS
10
2.0631241732283465
20
0.7300034251968504
11
2.063124094488189
21
0.7300035433070866
0
LINE
8
BLACK
6
CONTINUOUS
10
2.063124094488189
20
0.7300035433070866
11
2.0609991732283466
21
0.7328420472440945
0
LINE
8
BLACK
6
CONTINUOUS
10
2.0609991732283466
20
0.7328420472440945
11
2.0600378346456694
21
0.7354193700787401
0
LINE
8
BLACK
6
CONTINUOUS
10
2.0600378346456694
20
0.7354193700787401
11
2.0606225196850394
21
0.7381072834645669
0
LINE
8
BLACK
6
CONTINUOUS
10
2.0606225196850394
20
0.7381072834645669
11
2.062567598425197
21
0.7400524015748031
0
LINE
8
BLACK
6
CONTINUOUS
10
2.062567598425197
20
0.7400524015748031
11
2.0649072834645668
21
0.7406496062992126
0
LINE
8
BLACK
6
CONTINUOUS
10
2.0649072834645668
20
0.7406496062992126
11
2.1268905511811025
21
0.7406496062992126
0
LINE
8
BLACK
6
CONTINUOUS
10
2.1268905511811025
20
0.7406496062992126
11
2.1295298818897637
21
0.7398746062992125
0
LINE
8
BLACK
6
CONTINUOUS
10
2.1295298818897637
20
0.7398746062992125
11
2.1308185039370078
21
0.7386666535433071
0
LINE
8
BLACK
6
CONTINUOUS
10
2.1308185039370078
20
0.7386666535433071
11
2.1336160629921261
21
0.7348760629921259
0
LINE
8
BLACK
6
CONTINUOUS
10
2.1336160629921261
20
0.7348760629921259
11
2.1336161023622049
21
0.7348760629921259
0
LINE
8
BLACK
6
CONTINUOUS
10
2.1336161023622049
20
0.7348760629921259
11
2.1336161417322832
21
0.7348759842519685
0
LINE
8
BLACK
6
CONTINUOUS
10
2.1336161417322832
20
0.7348759842519685
11
2.1379180314960631
21
0.731701062992126
0
LINE
8
BLACK
6
CONTINUOUS
10
2.1379180314960631
20
0.731701062992126
11
2.14043437007874
21
0.7308205511811023
0
LINE
8
BLACK
6
CONTINUOUS
10
2.14043437007874
20
0.7308205511811023
11
2.142669566929134
21
0.7292174015748031
0
LINE
8
BLACK
6
CONTINUOUS
10
2.142669566929134
20
0.7292174015748031
11
2.1436832677165354
21
0.7266602362204724
0
LINE
8
BLACK
6
CONTINUOUS
10
2.1436832677165354
20
0.7266602362204724
11
2.143153503937008
21
0.7239609448818898
0
LINE
8
BLACK
6
CONTINUOUS
10
2.143153503937008
20
0.7239609448818898
11
2.1412485039370077
21
0.7219765748031496
0
LINE
8
BLACK
6
CONTINUOUS
10
2.1412485039370077
20
0.7219765748031496
11
2.140357559055118
21
0.7215785826771653
0
LINE
8
BLACK
6
CONTINUOUS
10
2.140357559055118
20
0.7215785826771653
11
2.1337353543307085
21
0.7193841732283465
0
LINE
8
BLACK
6
CONTINUOUS
10
2.1337353543307085
20
0.7193841732283465
11
2.1337352362204722
21
0.7193841338582677
0
LINE
8
BLACK
6
CONTINUOUS
10
2.1337352362204722
20
0.7193841338582677
11
2.1278603937007872
21
0.7157604724409449
0
LINE
8
BLACK
6
CONTINUOUS
10
2.1278603937007872
20
0.7157604724409449
11
2.1229796850393701
21
0.7108797637795276
0
LINE
8
BLACK
6
CONTINUOUS
10
2.1229796850393701
20
0.7108797637795276
11
2.1193560236220472
21
0.7050049212598425
0
LINE
8
BLACK
6
CONTINUOUS
10
2.1193560236220472
20
0.7050049212598425
11
2.1193559448818897
21
0.7050047244094488
0
LINE
8
BLACK
6
CONTINUOUS
10
2.1193559448818897
20
0.7050047244094488
11
2.1171848031496063
21
0.6984526771653543
0
LINE
8
BLACK
6
CONTINUOUS
10
2.1171848031496063
20
0.6984526771653543
11
2.1171847637795276
21
0.6984524015748032
0
LINE
8
BLACK
6
CONTINUOUS
10
2.1171847637795276
20
0.6984524015748032
11
2.116771653543307
21
0.694408937007874
0
LINE
8
BLACK
6
CONTINUOUS
10
2.116771653543307
20
0.694408937007874
11
2.116771653543307
21
0.6924409448818898
0
LINE
8
BLACK
6
CONTINUOUS
10
2.116771653543307
20
0.6924409448818898
11
2.1364566929133857
21
0.6924409448818898
0
LINE
8
BLACK
6
CONTINUOUS
10
2.1364566929133857
20
0.6924409448818898
11
2.1372059055118111
21
0.6962075196850394
0
LINE
8
BLACK
6
CONTINUOUS
10
2.1372059055118111
20
0.6962075196850394
11
2.1393394881889765
21
0.6994006692913386
0
LINE
8
BLACK
6
CONTINUOUS
10
2.1393394881889765
20
0.6994006692913386
11
2.1425326377952754
21
0.7015342519685039
0
LINE
8
BLACK
6
CONTINUOUS
10
2.1425326377952754
20
0.7015342519685039
11
2.146299212598425
21
0.7022834645669291
0
LINE
8
BLACK
6
CONTINUOUS
10
2.146299212598425
20
0.7022834645669291
11
2.1837007874015746
21
0.7022834645669291
0
LINE
8
BLACK
6
CONTINUOUS
10
2.1837007874015746
20
0.7022834645669291
11
2.1874673622047243
21
0.7015342519685039
0
LINE
8
BLACK
6
CONTINUOUS
10
2.1874673622047243
20
0.7015342519685039
11
2.1906605118110236
21
0.6994006692913386
0
LINE
8
BLACK
6
CONTINUOUS
10
2.1906605118110236
20
0.6994006692913386
11
2.192794094488189
21
0.6962075196850394
0
LINE
8
BLACK
6
CONTINUOUS
10
2.192794094488189
20
0.6962075196850394
11
2.1935433070866139
21
0.6924409448818898
0
LINE
8
BLACK
6
CONTINUOUS
10
2.1935433070866139
20
0.6924409448818898
11
2.2051968503937007
21
0.6924409448818898
0
LINE
8
BLACK
6
CONTINUOUS
10
2.2051968503937007
20
0.6924409448818898
11
2.2051968503937007
21
0.6949606299212598
0
LINE
8
BLACK
6
CONTINUOUS
10
2.2051968503937007
20
0.6949606299212598
11
2.2059718503937007
21
0.6975999606299212
0
LINE
8
BLACK
6
CONTINUOUS
10
2.2059718503937007
20
0.6975999606299212
11
2.2080507480314959
21
0.6994013385826772
0
LINE
8
BLACK
6
CONTINUOUS
10
2.2080507480314959
20
0.6994013385826772
11
2.2100787401574804
21
0.6998425196850393
0
LINE
8
BLACK
6
CONTINUOUS
10
2.2100787401574804
20
0.6998425196850393
11
2.23
21
0.6998425196850393
0
LINE
8
BLACK
6
CONTINUOUS
10
2.23
20
0.6998425196850393
11
2.23
21
0.72
0
LINE
8
BLACK
6
CONTINUOUS
10
2.23
20
0.72
11
2.2501574803149604
21
0.72
0
LINE
8
BLACK
6
CONTINUOUS
10
2.2501574803149604
20
0.72
11
2.2501574803149604
21
0.7396850393700787
0
LINE
8
BLACK
6
CONTINUOUS
10
2.2501574803149604
20
0.7396850393700787
11
2.245161811023622
21
0.7396850393700787
0
LINE
8
BLACK
6
CONTINUOUS
10
2.245161811023622
20
0.7396850393700787
11
2.2425224803149604
21
0.7404600393700788
0
LINE
8
BLACK
6
CONTINUOUS
10
2.2425224803149604
20
0.7404600393700788
11
2.2407211023622047
21
0.742538937007874
0
LINE
8
BLACK
6
CONTINUOUS
10
2.2407211023622047
20
0.742538937007874
11
2.2403296062992126
21
0.7452616929133858
0
LINE
8
BLACK
6
CONTINUOUS
10
2.2403296062992126
20
0.7452616929133858
11
2.2414723228346456
21
0.7477638976377953
0
LINE
8
BLACK
6
CONTINUOUS
10
2.2414723228346456
20
0.7477638976377953
11
2.2417098031496061
21
0.748018937007874
0
LINE
8
BLACK
6
CONTINUOUS
10
2.2417098031496061
20
0.748018937007874
11
2.2443672834645669
21
0.7506764173228346
0
LINE
8
BLACK
6
CONTINUOUS
10
2.2443672834645669
20
0.7506764173228346
11
2.2467815748031494
21
0.7519947244094488
0
LINE
8
BLACK
6
CONTINUOUS
10
2.2467815748031494
20
0.7519947244094488
11
2.2478192913385828
21
0.7521062992125984
0
LINE
8
BLACK
6
CONTINUOUS
10
2.2478192913385828
20
0.7521062992125984
11
2.290777559055118
21
0.7521062992125984
0
LINE
8
BLACK
6
CONTINUOUS
10
2.290777559055118
20
0.7521062992125984
11
2.2907775984251968
21
0.7521063385826772
0
LINE
8
BLACK
6
CONTINUOUS
10
2.2907775984251968
20
0.7521063385826772
11
2.2913609448818897
21
0.7522223622047244
0
LINE
8
BLACK
6
CONTINUOUS
10
2.2913609448818897
20
0.7522223622047244
11
2.2930798818897635
21
0.752564251968504
0
LINE
8
BLACK
6
CONTINUOUS
10
2.2930798818897635
20
0.752564251968504
11
2.2930798818897635
21
0.7525642913385827
0
LINE
8
BLACK
6
CONTINUOUS
10
2.2930798818897635
20
0.7525642913385827
11
2.293079960629921
21
0.7525642913385827
0
LINE
8
BLACK
6
CONTINUOUS
10
2.293079960629921
20
0.7525642913385827
11
2.2956910236220471
21
0.7543089763779527
0
LINE
8
BLACK
6
CONTINUOUS
10
2.2956910236220471
20
0.7543089763779527
11
2.2974357086614172
21
0.7569200393700787
0
LINE
8
BLACK
6
CONTINUOUS
10
2.2974357086614172
20
0.7569200393700787
11
2.2974357086614172
21
0.7569201181102362
0
LINE
8
BLACK
6
CONTINUOUS
10
2.2974357086614172
20
0.7569201181102362
11
2.297435748031496
21
0.7569201181102362
0
LINE
8
BLACK
6
CONTINUOUS
10
2.297435748031496
20
0.7569201181102362
11
2.2978936614173229
21
0.7592223622047244
0
LINE
8
BLACK
6
CONTINUOUS
10
2.2978936614173229
20
0.7592223622047244
11
2.2978937007874016
21
0.7592224409448819
0
LINE
8
BLACK
6
CONTINUOUS
10
2.2978937007874016
20
0.7592224409448819
11
2.2978937007874016
21
0.7683661417322835
0
LINE
8
BLACK
6
CONTINUOUS
10
2.2978937007874016
20
0.7683661417322835
11
2.2986687007874016
21
0.7710054724409449
0
LINE
8
BLACK
6
CONTINUOUS
10
2.2986687007874016
20
0.7710054724409449
11
2.3007475984251968
21
0.7728068503937008
0
LINE
8
BLACK
6
CONTINUOUS
10
2.3007475984251968
20
0.7728068503937008
11
2.3027755905511809
21
0.773248031496063
0
LINE
8
BLACK
6
CONTINUOUS
10
2.3027755905511809
20
0.773248031496063
11
2.3172244094488188
21
0.773248031496063
0
LINE
8
BLACK
6
CONTINUOUS
10
2.3172244094488188
20
0.773248031496063
11
2.3198637401574804
21
0.7724730314960629
0
LINE
8
BLACK
6
CONTINUOUS
10
2.3198637401574804
20
0.7724730314960629
11
2.3216651181102361
21
0.7703941338582677
0
LINE
8
BLACK
6
CONTINUOUS
10
2.3216651181102361
20
0.7703941338582677
11
2.3221062992125985
21
0.7683661417322835
0
LINE
8
BLACK
6
CONTINUOUS
10
2.3221062992125985
20
0.7683661417322835
11
2.3221062992125985
21
0.7592223622047244
0
LINE
8
BLACK
6
CONTINUOUS
10
2.3221062992125985
20
0.7592223622047244
11
2.3225642125984249
21
0.7569201181102362
0
LINE
8
BLACK
6
CONTINUOUS
10
2.3225642125984249
20
0.7569201181102362
11
2.3225642519685037
21
0.7569200787401574
0
LINE
8
BLACK
6
CONTINUOUS
10
2.3225642519685037
20
0.7569200787401574
11
2.3243089370078738
21
0.7543089763779527
0
LINE
8
BLACK
6
CONTINUOUS
10
2.3243089370078738
20
0.7543089763779527
11
2.3269200393700786
21
0.7525642913385827
0
LINE
8
BLACK
6
CONTINUOUS
10
2.3269200393700786
20
0.7525642913385827
11
2.3269200787401574
21
0.752564251968504
0
LINE
8
BLACK
6
CONTINUOUS
10
2.3269200787401574
20
0.752564251968504
11
2.3292223228346458
21
0.7521063385826772
0
LINE
8
BLACK
6
CONTINUOUS
10
2.3292223228346458
20
0.7521063385826772
11
2.3292224409448816
21
0.7521062992125984
0
LINE
8
BLACK
6
CONTINUOUS
10
2.3292224409448816
20
0.7521062992125984
11
2.3292225196850391
21
0.7521062992125984
0
LINE
8
BLACK
6
CONTINUOUS
10
2.3292225196850391
20
0.7521062992125984
11
2.3907775590551181
21
0.7521062992125984
0
LINE
8
BLACK
6
CONTINUOUS
10
2.3907775590551181
20
0.7521062992125984
11
2.3907775984251969
21
0.7521063385826772
0
LINE
8
BLACK
6
CONTINUOUS
10
2.3907775984251969
20
0.7521063385826772
11
2.3913609448818898
21
0.7522223622047244
0
LINE
8
BLACK
6
CONTINUOUS
10
2.3913609448818898
20
0.7522223622047244
11
2.3930798818897636
21
0.752564251968504
0
LINE
8
BLACK
6
CONTINUOUS
10
2.3930798818897636
20
0.752564251968504
11
2.3930798818897636
21
0.7525642913385827
0
LINE
8
BLACK
6
CONTINUOUS
10
2.3930798818897636
20
0.7525642913385827
11
2.3930799606299211
21
0.7525642913385827
0
LINE
8
BLACK
6
CONTINUOUS
10
2.3930799606299211
20
0.7525642913385827
11
2.3956910236220472
21
0.7543089763779527
0
LINE
8
BLACK
6
CONTINUOUS
10
2.3956910236220472
20
0.7543089763779527
11
2.3974357086614173
21
0.7569200393700787
0
LINE
8
BLACK
6
CONTINUOUS
10
2.3974357086614173
20
0.7569200393700787
11
2.3974357086614173
21
0.7569201181102362
0
LINE
8
BLACK
6
CONTINUOUS
10
2.3974357086614173
20
0.7569201181102362
11
2.3974357480314961
21
0.7569201181102362
0
LINE
8
BLACK
6
CONTINUOUS
10
2.3974357480314961
20
0.7569201181102362
11
2.397893661417323
21
0.7592223622047244
0
LINE
8
BLACK
6
CONTINUOUS
10
2.397893661417323
20
0.7592223622047244
11
2.3978937007874017
21
0.7592224409448819
0
LINE
8
BLACK
6
CONTINUOUS
10
2.3978937007874017
20
0.7592224409448819
11
2.3978937007874017
21
0.7683661417322835
0
LINE
8
BLACK
6
CONTINUOUS
10
2.3978937007874017
20
0.7683661417322835
11
2.3986687007874017
21
0.7710054724409449
0
LINE
8
BLACK
6
CONTINUOUS
10
2.3986687007874017
20
0.7710054724409449
11
2.4007475984251969
21
0.7728068503937008
0
LINE
8
BLACK
6
CONTINUOUS
10
2.4007475984251969
20
0.7728068503937008
11
2.402775590551181
21
0.773248031496063
0
LINE
8
BLACK
6
CONTINUOUS
10
2.402775590551181
20
0.773248031496063
11
2.4278183070866142
21
0.773248031496063
0
LINE
8
BLACK
6
CONTINUOUS
10
2.4278183070866142
20
0.773248031496063
11
2.4304576377952753
21
0.7724730314960629
0
LINE
8
BLACK
6
CONTINUOUS
10
2.4304576377952753
20
0.7724730314960629
11
2.4322590157480315
21
0.7703941338582677
0
LINE
8
BLACK
6
CONTINUOUS
10
2.4322590157480315
20
0.7703941338582677
11
2.4326788582677166
21
0.7688218897637795
0
LINE
8
BLACK
6
CONTINUOUS
10
2.4326788582677166
20
0.7688218897637795
11
2.4327540551181102
21
0.7680197637795275
0
LINE
8
BLACK
6
CONTINUOUS
10
2.4327540551181102
20
0.7680197637795275
11
2.4327540551181102
21
0.7680196456692914
0
LINE
8
BLACK
6
CONTINUOUS
10
2.4327540551181102
20
0.7680196456692914
11
2.4345199212598425
21
0.7629732283464566
0
LINE
8
BLACK
6
CONTINUOUS
10
2.4345199212598425
20
0.7629732283464566
11
2.4345199606299213
21
0.7629731496062993
0
LINE
8
BLACK
6
CONTINUOUS
10
2.4345199606299213
20
0.7629731496062993
11
2.4376948818897639
21
0.7586712598425197
0
LINE
8
BLACK
6
CONTINUOUS
10
2.4376948818897639
20
0.7586712598425197
11
2.4419967716535433
21
0.7554963385826772
0
LINE
8
BLACK
6
CONTINUOUS
10
2.4419967716535433
20
0.7554963385826772
11
2.4436789370078738
21
0.7549077165354331
0
LINE
8
BLACK
6
CONTINUOUS
10
2.4436789370078738
20
0.7549077165354331
11
2.4470432677165355
21
0.7537304724409448
0
LINE
8
BLACK
6
CONTINUOUS
10
2.4470432677165355
20
0.7537304724409448
11
2.4482413385826769
21
0.7536181102362205
0
LINE
8
BLACK
6
CONTINUOUS
10
2.4482413385826769
20
0.7536181102362205
11
2.4482414960629919
21
0.7536181102362205
0
LINE
8
BLACK
6
CONTINUOUS
10
2.4482414960629919
20
0.7536181102362205
11
2.4997586614173226
21
0.7536181102362205
0
LINE
8
BLACK
6
CONTINUOUS
10
2.4997586614173226
20
0.7536181102362205
11
2.500956653543307
21
0.7537304724409448
0
LINE
8
BLACK
6
CONTINUOUS
10
2.500956653543307
20
0.7537304724409448
11
2.5009567322834645
21
0.7537304724409448
0
LINE
8
BLACK
6
CONTINUOUS
10
2.5009567322834645
20
0.7537304724409448
11
2.5034799212598426
21
0.7546134251968504
0
LINE
8
BLACK
6
CONTINUOUS
10
2.5034799212598426
20
0.7546134251968504
11
2.5060032283464566
21
0.7554963385826772
0
LINE
8
BLACK
6
CONTINUOUS
10
2.5060032283464566
20
0.7554963385826772
11
2.510305118110236
21
0.7586712598425197
0
LINE
8
BLACK
6
CONTINUOUS
10
2.510305118110236
20
0.7586712598425197
11
2.5134800393700787
21
0.7629731496062993
0
LINE
8
BLACK
6
CONTINUOUS
10
2.5134800393700787
20
0.7629731496062993
11
2.5143629527559055
21
0.7654964566929133
0
LINE
8
BLACK
6
CONTINUOUS
10
2.5143629527559055
20
0.7654964566929133
11
2.515245905511811
21
0.7680196456692914
0
LINE
8
BLACK
6
CONTINUOUS
10
2.515245905511811
20
0.7680196456692914
11
2.515245905511811
21
0.7680197244094488
0
LINE
8
BLACK
6
CONTINUOUS
10
2.515245905511811
20
0.7680197244094488
11
2.5153582677165356
21
0.7692177559055118
0
LINE
8
BLACK
6
CONTINUOUS
10
2.5153582677165356
20
0.7692177559055118
11
2.5153582677165356
21
0.8049870078740158
0
LINE
8
BLACK
6
CONTINUOUS
10
2.5153582677165356
20
0.8049870078740158
11
2.515245905511811
21
0.8061850393700787
0
LINE
8
BLACK
6
CONTINUOUS
10
2.515245905511811
20
0.8061850393700787
11
2.515245905511811
21
0.8061851181102362
0
LINE
8
BLACK
6
CONTINUOUS
10
2.515245905511811
20
0.8061851181102362
11
2.5134800393700787
21
0.8112315354330708
0
LINE
8
BLACK
6
CONTINUOUS
10
2.5134800393700787
20
0.8112315354330708
11
2.5134799999999999
21
0.8112316141732283
0
LINE
8
BLACK
6
CONTINUOUS
10
2.5134799999999999
20
0.8112316141732283
11
2.510305118110236
21
0.8155334645669291
0
LINE
8
BLACK
6
CONTINUOUS
10
2.510305118110236
20
0.8155334645669291
11
2.5060032283464566
21
0.8187083858267716
0
LINE
8
BLACK
6
CONTINUOUS
10
2.5060032283464566
20
0.8187083858267716
11
2.5060031496062991
21
0.8187084251968504
0
LINE
8
BLACK
6
CONTINUOUS
10
2.5060031496062991
20
0.8187084251968504
11
2.5009566929133857
21
0.8204742913385826
0
LINE
8
BLACK
6
CONTINUOUS
10
2.5009566929133857
20
0.8204742913385826
11
2.4997586614173226
21
0.8205866141732283
0
LINE
8
BLACK
6
CONTINUOUS
10
2.4997586614173226
20
0.8205866141732283
11
2.4997585039370076
21
0.8205866141732283
0
LINE
8
BLACK
6
CONTINUOUS
10
2.4997585039370076
20
0.8205866141732283
11
2.4482414960629919
21
0.8205866141732283
0
LINE
8
BLACK
6
CONTINUOUS
10
2.4482414960629919
20
0.8205866141732283
11
2.4482413385826769
21
0.8205866141732283
0
LINE
8
BLACK
6
CONTINUOUS
10
2.4482413385826769
20
0.8205866141732283
11
2.4470433070866142
21
0.8204742913385826
0
LINE
8
BLACK
6
CONTINUOUS
10
2.4470433070866142
20
0.8204742913385826
11
2.4470432283464567
21
0.8204742913385826
0
LINE
8
BLACK
6
CONTINUOUS
10
2.4470432283464567
20
0.8204742913385826
11
2.4419968110236221
21
0.8187084251968504
0
LINE
8
BLACK
6
CONTINUOUS
10
2.4419968110236221
20
0.8187084251968504
11
2.4419967322834646
21
0.8187083858267716
0
LINE
8
BLACK
6
CONTINUOUS
10
2.4419967322834646
20
0.8187083858267716
11
2.4376948818897639
21
0.8155334645669291
0
LINE
8
BLACK
6
CONTINUOUS
10
2.4376948818897639
20
0.8155334645669291
11
2.4345199212598425
21
0.8112315748031496
0
LINE
8
BLACK
6
CONTINUOUS
10
2.4345199212598425
20
0.8112315748031496
11
2.4340964960629923
21
0.8100214173228346
0
LINE
8
BLACK
6
CONTINUOUS
10
2.4340964960629923
20
0.8100214173228346
11
2.4324932677165352
21
0.8077861417322835
0
LINE
8
BLACK
6
CONTINUOUS
10
2.4324932677165352
20
0.8077861417322835
11
2.4299360629921258
21
0.8067725196850394
0
LINE
8
BLACK
6
CONTINUOUS
10
2.4299360629921258
20
0.8067725196850394
11
2.4294885826771653
21
0.806751968503937
0
LINE
8
BLACK
6
CONTINUOUS
10
2.4294885826771653
20
0.806751968503937
11
2.402775590551181
21
0.806751968503937
0
LINE
8
BLACK
6
CONTINUOUS
10
2.402775590551181
20
0.806751968503937
11
2.4001362598425198
21
0.807526968503937
0
LINE
8
BLACK
6
CONTINUOUS
10
2.4001362598425198
20
0.807526968503937
11
2.3983348818897636
21
0.8096058661417322
0
LINE
8
BLACK
6
CONTINUOUS
10
2.3983348818897636
20
0.8096058661417322
11
2.3978937007874017
21
0.8116338582677165
0
LINE
8
BLACK
6
CONTINUOUS
10
2.3978937007874017
20
0.8116338582677165
11
2.3978937007874017
21
0.8207775984251968
0
LINE
8
BLACK
6
CONTINUOUS
10
2.3978937007874017
20
0.8207775984251968
11
2.397893661417323
21
0.8207776771653543
0
LINE
8
BLACK
6
CONTINUOUS
10
2.397893661417323
20
0.8207776771653543
11
2.3974357480314961
21
0.8230799212598425
0
LINE
8
BLACK
6
CONTINUOUS
10
2.3974357480314961
20
0.8230799212598425
11
2.3974357086614173
21
0.8230799606299213
0
LINE
8
BLACK
6
CONTINUOUS
10
2.3974357086614173
20
0.8230799606299213
11
2.3956910236220472
21
0.8256910629921259
0
LINE
8
BLACK
6
CONTINUOUS
10
2.3956910236220472
20
0.8256910629921259
11
2.3930799212598424
21
0.827435748031496
0
LINE
8
BLACK
6
CONTINUOUS
10
2.3930799212598424
20
0.827435748031496
11
2.3930798818897636
21
0.8274357874015748
0
LINE
8
BLACK
6
CONTINUOUS
10
2.3930798818897636
20
0.8274357874015748
11
2.3907776377952756
21
0.8278937007874015
0
LINE
8
BLACK
6
CONTINUOUS
10
2.3907776377952756
20
0.8278937007874015
11
2.3907774803149606
21
0.8278937007874015
0
LINE
8
BLACK
6
CONTINUOUS
10
2.3907774803149606
20
0.8278937007874015
11
2.3292225196850391
21
0.8278937007874015
0
LINE
8
BLACK
6
CONTINUOUS
10
2.3292225196850391
20
0.8278937007874015
11
2.3292223228346458
21
0.8278937007874015
0
LINE
8
BLACK
6
CONTINUOUS
10
2.3292223228346458
20
0.8278937007874015
11
2.3269200787401574
21
0.8274357874015748
0
LINE
8
BLACK
6
CONTINUOUS
10
2.3269200787401574
20
0.8274357874015748
11
2.3269200393700786
21
0.827435748031496
0
LINE
8
BLACK
6
CONTINUOUS
10
2.3269200393700786
20
0.827435748031496
11
2.3243089370078738
21
0.8256910629921259
0
LINE
8
BLACK
6
CONTINUOUS
10
2.3243089370078738
20
0.8256910629921259
11
2.3225642519685037
21
0.8230799606299213
0
LINE
8
BLACK
6
CONTINUOUS
10
2.3225642519685037
20
0.8230799606299213
11
2.3225642125984249
21
0.8230799212598425
0
LINE
8
BLACK
6
CONTINUOUS
10
2.3225642125984249
20
0.8230799212598425
11
2.3221062992125985
21
0.8207776771653543
0
LINE
8
BLACK
6
CONTINUOUS
10
2.3221062992125985
20
0.8207776771653543
11
2.3221062992125985
21
0.8116338582677165
0
LINE
8
BLACK
6
CONTINUOUS
10
2.3221062992125985
20
0.8116338582677165
11
2.3213312992125985
21
0.8089945275590551
0
LINE
8
BLACK
6
CONTINUOUS
10
2.3213312992125985
20
0.8089945275590551
11
2.3192524015748033
21
0.8071931496062992
0
LINE
8
BLACK
6
CONTINUOUS
10
2.3192524015748033
20
0.8071931496062992
11
2.3172244094488188
21
0.806751968503937
0
LINE
8
BLACK
6
CONTINUOUS
10
2.3172244094488188
20
0.806751968503937
11
2.3027755905511809
21
0.806751968503937
0
LINE
8
BLACK
6
CONTINUOUS
10
2.3027755905511809
20
0.806751968503937
11
2.3001362598425197
21
0.807526968503937
0
LINE
8
BLACK
6
CONTINUOUS
10
2.3001362598425197
20
0.807526968503937
11
2.2983348818897635
21
0.8096058661417322
0
LINE
8
BLACK
6
CONTINUOUS
10
2.2983348818897635
20
0.8096058661417322
11
2.2978937007874016
21
0.8116338582677165
0
LINE
8
BLACK
6
CONTINUOUS
10
2.2978937007874016
20
0.8116338582677165
11
2.2978937007874016
21
0.8207775984251968
0
LINE
8
BLACK
6
CONTINUOUS
10
2.2978937007874016
20
0.8207775984251968
11
2.2978936614173229
21
0.8207776771653543
0
LINE
8
BLACK
6
CONTINUOUS
10
2.2978936614173229
20
0.8207776771653543
11
2.297435748031496
21
0.8230799212598425
0
LINE
8
BLACK
6
CONTINUOUS
10
2.297435748031496
20
0.8230799212598425
11
2.2974357086614172
21
0.8230799606299213
0
LINE
8
BLACK
6
CONTINUOUS
10
2.2974357086614172
20
0.8230799606299213
11
2.2956910236220471
21
0.8256910629921259
0
LINE
8
BLACK
6
CONTINUOUS
10
2.2956910236220471
20
0.8256910629921259
11
2.2930799212598423
21
0.827435748031496
0
LINE
8
BLACK
6
CONTINUOUS
10
2.2930799212598423
20
0.827435748031496
11
2.2930798818897635
21
0.8274357874015748
0
LINE
8
BLACK
6
CONTINUOUS
10
2.2930798818897635
20
0.8274357874015748
11
2.2907776377952755
21
0.8278937007874015
0
LINE
8
BLACK
6
CONTINUOUS
10
2.2907776377952755
20
0.8278937007874015
11
2.2907774803149605
21
0.8278937007874015
0
LINE
8
BLACK
6
CONTINUOUS
10
2.2907774803149605
20
0.8278937007874015
11
2.2292225196850395
21
0.8278937007874015
0
LINE
8
BLACK
6
CONTINUOUS
10
2.2292225196850395
20
0.8278937007874015
11
2.2292223228346457
21
0.8278937007874015
0
LINE
8
BLACK
6
CONTINUOUS
10
2.2292223228346457
20
0.8278937007874015
11
2.2269200787401573
21
0.8274357874015748
0
LINE
8
BLACK
6
CONTINUOUS
10
2.2269200787401573
20
0.8274357874015748
11
2.2269200393700785
21
0.827435748031496
0
LINE
8
BLACK
6
CONTINUOUS
10
2.2269200393700785
20
0.827435748031496
11
2.2243089370078741
21
0.8256910629921259
0
LINE
8
BLACK
6
CONTINUOUS
10
2.2243089370078741
20
0.8256910629921259
11
2.222564251968504
21
0.8230799606299213
0
LINE
8
BLACK
6
CONTINUOUS
10
2.222564251968504
20
0.8230799606299213
11
2.2225642125984253
21
0.8230799212598425
0
LINE
8
BLACK
6
CONTINUOUS
10
2.2225642125984253
20
0.8230799212598425
11
2.2221062992125984
21
0.8207776771653543
0
LINE
8
BLACK
6
CONTINUOUS
10
2.2221062992125984
20
0.8207776771653543
11
2.2221062992125984
21
0.7790354330708661
0
LINE
8
BLACK
6
CONTINUOUS
10
2.2221062992125984
20
0.7790354330708661
11
2.2213312992125984
21
0.7763961023622047
0
LINE
8
BLACK
6
CONTINUOUS
10
2.2213312992125984
20
0.7763961023622047
11
2.2192524015748032
21
0.7745947244094488
0
LINE
8
BLACK
6
CONTINUOUS
10
2.2192524015748032
20
0.7745947244094488
11
2.2172244094488187
21
0.7741535433070866
0
LINE
8
BLACK
6
CONTINUOUS
10
2.2172244094488187
20
0.7741535433070866
11
2.2031094488188976
21
0.7741535433070866
0
LINE
8
BLACK
6
CONTINUOUS
10
2.2031094488188976
20
0.7741535433070866
11
2.200470118110236
21
0.7749285433070866
0
LINE
8
BLACK
6
CONTINUOUS
10
2.200470118110236
20
0.7749285433070866
11
2.1991814960629923
21
0.7761364960629921
0
LINE
8
BLACK
6
CONTINUOUS
10
2.1991814960629923
20
0.7761364960629921
11
2.1963838976377952
21
0.779927125984252
0
LINE
8
BLACK
6
CONTINUOUS
10
2.1963838976377952
20
0.779927125984252
11
2.192082125984252
21
0.783101968503937
0
LINE
8
BLACK
6
CONTINUOUS
10
2.192082125984252
20
0.783101968503937
11
2.192081968503937
21
0.7831020866141732
0
LINE
8
BLACK
6
CONTINUOUS
10
2.192081968503937
20
0.7831020866141732
11
2.1920817716535432
21
0.7831021653543306
0
LINE
8
BLACK
6
CONTINUOUS
10
2.1920817716535432
20
0.7831021653543306
11
2.1919274409448817
21
0.7831837007874015
0
LINE
8
BLACK
6
CONTINUOUS
10
2.1919274409448817
20
0.7831837007874015
11
2.1917894488188976
21
0.7833179527559055
0
LINE
8
BLACK
6
CONTINUOUS
10
2.1917894488188976
20
0.7833179527559055
11
2.1917875984251967
21
0.7833193307086614
0
LINE
8
BLACK
6
CONTINUOUS
10
2.1917875984251967
20
0.7833193307086614
11
2.1917877559055117
21
0.7833196062992126
0
LINE
8
BLACK
6
CONTINUOUS
10
2.1917877559055117
20
0.7833196062992126
11
2.1899559448818895
21
0.7851020472440945
0
LINE
8
BLACK
6
CONTINUOUS
10
2.1899559448818895
20
0.7851020472440945
11
2.1893346062992127
21
0.7877817322834646
0
LINE
8
BLACK
6
CONTINUOUS
10
2.1893346062992127
20
0.7877817322834646
11
2.1902605905511812
21
0.790371968503937
0
LINE
8
BLACK
6
CONTINUOUS
10
2.1902605905511812
20
0.790371968503937
11
2.1919274409448817
21
0.7918162992125984
0
LINE
8
BLACK
6
CONTINUOUS
10
2.1919274409448817
20
0.7918162992125984
11
2.1920815354330707
21
0.7918977952755906
0
LINE
8
BLACK
6
CONTINUOUS
10
2.1920815354330707
20
0.7918977952755906
11
2.192081968503937
21
0.7918979133858267
0
LINE
8
BLACK
6
CONTINUOUS
10
2.192081968503937
20
0.7918979133858267
11
2.1963838582677164
21
0.7950728346456692
0
LINE
8
BLACK
6
CONTINUOUS
10
2.1963838582677164
20
0.7950728346456692
11
2.1995587795275591
21
0.7993747244094488
0
LINE
8
BLACK
6
CONTINUOUS
10
2.1995587795275591
20
0.7993747244094488
11
2.2004416929133859
21
0.801898031496063
0
LINE
8
BLACK
6
CONTINUOUS
10
2.2004416929133859
20
0.801898031496063
11
2.2013246456692914
21
0.8044212204724409
0
LINE
8
BLACK
6
CONTINUOUS
10
2.2013246456692914
20
0.8044212204724409
11
2.2013246456692914
21
0.8044212992125984
0
LINE
8
BLACK
6
CONTINUOUS
10
2.2013246456692914
20
0.8044212992125984
11
2.2014370078740155
21
0.8056193307086614
0
LINE
8
BLACK
6
CONTINUOUS
10
2.2014370078740155
20
0.8056193307086614
11
2.2014370078740155
21
0.8295775590551181
0
LINE
8
BLACK
6
CONTINUOUS
10
2.2014370078740155
20
0.8295775590551181
11
2.2013246456692914
21
0.8307755905511811
0
LINE
8
BLACK
6
CONTINUOUS
10
2.2013246456692914
20
0.8307755905511811
11
2.2013246456692914
21
0.8307756692913386
0
LINE
8
BLACK
6
CONTINUOUS
10
2.2013246456692914
20
0.8307756692913386
11
2.1995587795275591
21
0.8358220866141732
0
LINE
8
BLACK
6
CONTINUOUS
10
2.1995587795275591
20
0.8358220866141732
11
2.1995587401574803
21
0.8358221653543307
0
LINE
8
BLACK
6
CONTINUOUS
10
2.1995587401574803
20
0.8358221653543307
11
2.1963838582677164
21
0.8401240157480315
0
LINE
8
BLACK
6
CONTINUOUS
10
2.1963838582677164
20
0.8401240157480315
11
2.192081968503937
21
0.8432989370078739
0
LINE
8
BLACK
6
CONTINUOUS
10
2.192081968503937
20
0.8432989370078739
11
2.1920818897637795
21
0.8432989763779527
0
LINE
8
BLACK
6
CONTINUOUS
10
2.1920818897637795
20
0.8432989763779527
11
2.1895656299212596
21
0.8441794488188976
0
LINE
8
BLACK
6
CONTINUOUS
10
2.1895656299212596
20
0.8441794488188976
11
2.1873303543307085
21
0.8457826771653543
0
LINE
8
BLACK
6
CONTINUOUS
10
2.1873303543307085
20
0.8457826771653543
11
2.1863166929133859
21
0.848339842519685
0
LINE
8
BLACK
6
CONTINUOUS
10
2.1863166929133859
20
0.848339842519685
11
2.1868464960629921
21
0.8510391338582677
0
LINE
8
BLACK
6
CONTINUOUS
10
2.1868464960629921
20
0.8510391338582677
11
2.1887514960629919
21
0.8530235039370079
0
LINE
8
BLACK
6
CONTINUOUS
10
2.1887514960629919
20
0.8530235039370079
11
2.189642440944882
21
0.8534214566929134
0
LINE
8
BLACK
6
CONTINUOUS
10
2.189642440944882
20
0.8534214566929134
11
2.1962645275590549
21
0.8556158267716535
0
LINE
8
BLACK
6
CONTINUOUS
10
2.1962645275590549
20
0.8556158267716535
11
2.1962647244094486
21
0.855615905511811
0
LINE
8
BLACK
6
CONTINUOUS
10
2.1962647244094486
20
0.855615905511811
11
2.2021393700787399
21
0.8592394488188976
0
LINE
8
BLACK
6
CONTINUOUS
10
2.2021393700787399
20
0.8592394488188976
11
2.2021968897637794
21
0.8592969291338582
0
LINE
8
BLACK
6
CONTINUOUS
10
2.2021968897637794
20
0.8592969291338582
11
2.2022462598425196
21
0.859323937007874
0
LINE
8
BLACK
6
CONTINUOUS
10
2.2022462598425196
20
0.859323937007874
11
2.2023624803149606
21
0.8594157874015748
0
LINE
8
BLACK
6
CONTINUOUS
10
2.2023624803149606
20
0.8594157874015748
11
2.2023781496062993
21
0.8593959448818898
0
LINE
8
BLACK
6
CONTINUOUS
10
2.2023781496062993
20
0.8593959448818898
11
2.2046111023622048
21
0.8606153937007874
0
LINE
8
BLACK
6
CONTINUOUS
10
2.2046111023622048
20
0.8606153937007874
11
2.2073548818897639
21
0.8604193700787401
0
LINE
8
BLACK
6
CONTINUOUS
10
2.2073548818897639
20
0.8604193700787401
11
2.2095570866141734
21
0.8587710629921259
0
LINE
8
BLACK
6
CONTINUOUS
10
2.2095570866141734
20
0.8587710629921259
11
2.2105030708661415
21
0.8563671653543307
0
LINE
8
BLACK
6
CONTINUOUS
10
2.2105030708661415
20
0.8563671653543307
11
2.2105669685039371
21
0.8557726771653543
0
LINE
8
BLACK
6
CONTINUOUS
10
2.2105669685039371
20
0.8557726771653543
11
2.2105670472440946
21
0.8557724803149606
0
LINE
8
BLACK
6
CONTINUOUS
10
2.2105670472440946
20
0.8557724803149606
11
2.2125450787401575
21
0.8504690551181102
0
LINE
8
BLACK
6
CONTINUOUS
10
2.2125450787401575
20
0.8504690551181102
11
2.2125452362204725
21
0.8504687795275591
0
LINE
8
BLACK
6
CONTINUOUS
10
2.2125452362204725
20
0.8504687795275591
11
2.2159373622047243
21
0.8459375196850394
0
LINE
8
BLACK
6
CONTINUOUS
10
2.2159373622047243
20
0.8459375196850394
11
2.2159374803149605
21
0.8459374015748031
0
LINE
8
BLACK
6
CONTINUOUS
10
2.2159374803149605
20
0.8459374015748031
11
2.2204687401574801
21
0.8425452755905511
0
LINE
8
BLACK
6
CONTINUOUS
10
2.2204687401574801
20
0.8425452755905511
11
2.2204690157480313
21
0.8425451181102362
0
LINE
8
BLACK
6
CONTINUOUS
10
2.2204690157480313
20
0.8425451181102362
11
2.225772440944882
21
0.8405670866141732
0
LINE
8
BLACK
6
CONTINUOUS
10
2.225772440944882
20
0.8405670866141732
11
2.2257727165354328
21
0.8405670078740157
0
LINE
8
BLACK
6
CONTINUOUS
10
2.2257727165354328
20
0.8405670078740157
11
2.228116338582677
21
0.840315
0
LINE
8
BLACK
6
CONTINUOUS
10
2.228116338582677
20
0.840315
11
2.2281170078740158
21
0.8403149606299213
0
LINE
8
BLACK
6
CONTINUOUS
10
2.2281170078740158
20
0.8403149606299213
11
2.2501574803149604
21
0.8403149606299213
0
LINE
8
BLACK
6
CONTINUOUS
10
2.2501574803149604
20
0.8403149606299213
11
2.2501574803149604
21
0.86
0
LINE
8
BLACK
6
CONTINUOUS
10
2.2501574803149604
20
0.86
11
2.23
21
0.86
0
LINE
8
BLACK
6
CONTINUOUS
10
2.23
20
0.86
11
2.23
21
0.8801574803149607
0
LINE
8
BLACK
6
CONTINUOUS
10
2.23
20
0.8801574803149607
11
2.2096205511811022
21
0.8801574803149607
0
LINE
8
BLACK
6
CONTINUOUS
10
2.2096205511811022
20
0.8801574803149607
11
2.2069812204724411
21
0.8809324803149606
0
LINE
8
BLACK
6
CONTINUOUS
10
2.2069812204724411
20
0.8809324803149606
11
2.2061685433070868
21
0.8815873622047243
0
LINE
8
BLACK
6
CONTINUOUS
10
2.2061685433070868
20
0.8815873622047243
11
2.2051968503937007
21
0.8825590551181102
0
LINE
8
BLACK
6
CONTINUOUS
10
2.2051968503937007
20
0.8825590551181102
11
2.1935433070866139
21
0.8825590551181102
0
LINE
8
BLACK
6
CONTINUOUS
10
2.1935433070866139
20
0.8825590551181102
11
2.192794094488189
21
0.8787924803149606
0
LINE
8
BLACK
6
CONTINUOUS
10
2.192794094488189
20
0.8787924803149606
11
2.1906605118110236
21
0.8755993307086614
0
LINE
8
BLACK
6
CONTINUOUS
10
2.1906605118110236
20
0.8755993307086614
11
2.1874673622047243
21
0.873465748031496
0
LINE
8
BLACK
6
CONTINUOUS
10
2.1874673622047243
20
0.873465748031496
11
2.1837007874015746
21
0.8727165354330708
0
LINE
8
BLACK
6
CONTINUOUS
10
2.1837007874015746
20
0.8727165354330708
11
2.146299212598425
21
0.8727165354330708
0
LINE
8
BLACK
6
CONTINUOUS
10
2.146299212598425
20
0.8727165354330708
11
2.1425326377952754
21
0.873465748031496
0
LINE
8
BLACK
6
CONTINUOUS
10
2.1425326377952754
20
0.873465748031496
11
2.1393394881889765
21
0.8755993307086614
0
LINE
8
BLACK
6
CONTINUOUS
10
2.1393394881889765
20
0.8755993307086614
11
2.1372059055118111
21
0.8787924803149606
0
LINE
8
BLACK
6
CONTINUOUS
10
2.1372059055118111
20
0.8787924803149606
11
2.1364566929133857
21
0.8825590551181102
0
LINE
8
BLACK
6
CONTINUOUS
10
2.1364566929133857
20
0.8825590551181102
11
2.1364566929133857
21
0.902244094488189
0
LINE
8
BLACK
6
CONTINUOUS
10
2.1364566929133857
20
0.902244094488189
11
2.1372059055118111
21
0.9060106692913386
0
LINE
8
BLACK
6
CONTINUOUS
10
2.1372059055118111
20
0.9060106692913386
11
2.1393394881889765
21
0.9092038188976378
0
LINE
8
BLACK
6
CONTINUOUS
10
2.1393394881889765
20
0.9092038188976378
11
2.1425326377952754
21
0.9113374015748031
0
LINE
8
BLACK
6
CONTINUOUS
10
2.1425326377952754
20
0.9113374015748031
11
2.146299212598425
21
0.9120866141732283
0
LINE
8
BLACK
6
CONTINUOUS
10
2.146299212598425
20
0.9120866141732283
11
2.1551574803149607
21
0.9120866141732283
0
LINE
8
BLACK
6
CONTINUOUS
10
2.1551574803149607
20
0.9120866141732283
11
2.1551574803149607
21
0.9326821259842519
0
LINE
8
BLACK
6
CONTINUOUS
10
2.1551574803149607
20
0.9326821259842519
11
2.1549342913385825
21
0.9330908267716536
0
LINE
8
BLACK
6
CONTINUOUS
10
2.1549342913385825
20
0.9330908267716536
11
2.1551305118110236
21
0.9358346062992126
0
LINE
8
BLACK
6
CONTINUOUS
10
2.1551305118110236
20
0.9358346062992126
11
2.1562525196850393
21
0.9375805118110236
0
LINE
8
BLACK
6
CONTINUOUS
10
2.1562525196850393
20
0.9375805118110236
11
2.1593891338582676
21
0.9407170866141732
0
LINE
8
BLACK
6
CONTINUOUS
10
2.1593891338582676
20
0.9407170866141732
11
2.1604840944881891
21
0.9426136614173228
0
LINE
8
BLACK
6
CONTINUOUS
10
2.1604840944881891
20
0.9426136614173228
11
2.160582559055118
21
0.9427842125984252
0
LINE
8
BLACK
6
CONTINUOUS
10
2.160582559055118
20
0.9427842125984252
11
2.1625732677165352
21
0.9446824015748031
0
LINE
8
BLACK
6
CONTINUOUS
10
2.1625732677165352
20
0.9446824015748031
11
2.1652743307086615
21
0.945203031496063
0
LINE
8
BLACK
6
CONTINUOUS
10
2.1652743307086615
20
0.945203031496063
11
2.1664226771653543
21
0.9449511811023622
0
LINE
8
BLACK
6
CONTINUOUS
10
2.1664226771653543
20
0.9449511811023622
11
2.1672559448818896
21
0.9446596062992125
0
LINE
8
BLACK
6
CONTINUOUS
10
2.1672559448818896
20
0.9446596062992125
11
2.1674955511811023
21
0.9446371653543307
0
LINE
8
BLACK
6
CONTINUOUS
10
2.1674955511811023
20
0.9446371653543307
11
2.1684539370078739
21
0.9445472440944882
0
LINE
8
BLACK
6
CONTINUOUS
10
2.1684539370078739
20
0.9445472440944882
11
2.1684540944881889
21
0.9445472440944882
0
LINE
8
BLACK
6
CONTINUOUS
10
2.1684540944881889
20
0.9445472440944882
11
2.1933964566929132
21
0.9445472440944882
0
LINE
8
BLACK
6
CONTINUOUS
10
2.1933964566929132
20
0.9445472440944882
11
2.1945944488188975
21
0.9446596062992125
0
LINE
8
BLACK
6
CONTINUOUS
10
2.1945944488188975
20
0.9446596062992125
11
2.194594527559055
21
0.9446596062992125
0
LINE
8
BLACK
6
CONTINUOUS
10
2.194594527559055
20
0.9446596062992125
11
2.1971177165354332
21
0.9455425590551181
0
LINE
8
BLACK
6
CONTINUOUS
10
2.1971177165354332
20
0.9455425590551181
11
2.1996410236220472
21
0.9464254724409449
0
LINE
8
BLACK
6
CONTINUOUS
10
2.1996410236220472
20
0.9464254724409449
11
2.2039429133858266
21
0.9496003937007874
0
LINE
8
BLACK
6
CONTINUOUS
10
2.2039429133858266
20
0.9496003937007874
11
2.2071178346456692
21
0.953902283464567
0
LINE
8
BLACK
6
CONTINUOUS
10
2.2071178346456692
20
0.953902283464567
11
2.2086798031496064
21
0.9583661417322834
0
LINE
8
BLACK
6
CONTINUOUS
10
2.2086798031496064
20
0.9583661417322834
11
2.2088837007874016
21
0.9589487795275591
0
LINE
8
BLACK
6
CONTINUOUS
10
2.2088837007874016
20
0.9589487795275591
11
2.2088837007874016
21
0.9589488582677165
0
LINE
8
BLACK
6
CONTINUOUS
10
2.2088837007874016
20
0.9589488582677165
11
2.2089960629921261
21
0.9601468897637795
0
LINE
8
BLACK
6
CONTINUOUS
10
2.2089960629921261
20
0.9601468897637795
11
2.2089960629921261
21
0.9832831102362205
0
LINE
8
BLACK
6
CONTINUOUS
10
2.2089960629921261
20
0.9832831102362205
11
2.2097710629921261
21
0.9859224409448819
0
LINE
8
BLACK
6
CONTINUOUS
10
2.2097710629921261
20
0.9859224409448819
11
2.2104259448818899
21
0.9867351181102362
0
LINE
8
BLACK
6
CONTINUOUS
10
2.2104259448818899
20
0.9867351181102362
11
2.2443672440944882
21
1.0206764173228347
0
LINE
8
BLACK
6
CONTINUOUS
10
2.2443672440944882
20
1.0206764173228347
11
2.2467815354330707
21
1.0219947244094487
0
LINE
8
BLACK
6
CONTINUOUS
10
2.2467815354330707
20
1.0219947244094487
11
2.2478192519685041
21
1.0221062992125984
0
LINE
8
BLACK
6
CONTINUOUS
10
2.2478192519685041
20
1.0221062992125984
11
2.2907775196850393
21
1.0221062992125984
0
LINE
8
BLACK
6
CONTINUOUS
10
2.2907775196850393
20
1.0221062992125984
11
2.290777559055118
21
1.0221063385826772
0
LINE
8
BLACK
6
CONTINUOUS
10
2.290777559055118
20
1.0221063385826772
11
2.2915135433070866
21
1.0222527165354331
0
LINE
8
BLACK
6
CONTINUOUS
10
2.2915135433070866
20
1.0222527165354331
11
2.2930798425196848
21
1.0225642519685039
0
LINE
8
BLACK
6
CONTINUOUS
10
2.2930798425196848
20
1.0225642519685039
11
2.2930798425196848
21
1.0225642913385826
0
LINE
8
BLACK
6
CONTINUOUS
10
2.2930798425196848
20
1.0225642913385826
11
2.2930799212598423
21
1.0225642913385826
0
LINE
8
BLACK
6
CONTINUOUS
10
2.2930799212598423
20
1.0225642913385826
11
2.2956909842519684
21
1.0243089763779527
0
LINE
8
BLACK
6
CONTINUOUS
10
2.2956909842519684
20
1.0243089763779527
11
2.2974356692913385
21
1.0269200393700788
0
LINE
8
BLACK
6
CONTINUOUS
10
2.2974356692913385
20
1.0269200393700788
11
2.2974356692913385
21
1.0269201181102361
0
LINE
8
BLACK
6
CONTINUOUS
10
2.2974356692913385
20
1.0269201181102361
11
2.2974357086614172
21
1.0269201181102361
0
LINE
8
BLACK
6
CONTINUOUS
10
2.2974357086614172
20
1.0269201181102361
11
2.2978936220472441
21
1.0292223622047243
0
LINE
8
BLACK
6
CONTINUOUS
10
2.2978936220472441
20
1.0292223622047243
11
2.2978936614173229
21
1.0292224409448818
0
LINE
8
BLACK
6
CONTINUOUS
10
2.2978936614173229
20
1.0292224409448818
11
2.2978936614173229
21
1.0383661417322834
0
LINE
8
BLACK
6
CONTINUOUS
10
2.2978936614173229
20
1.0383661417322834
11
2.2986686614173228
21
1.0410054724409448
0
LINE
8
BLACK
6
CONTINUOUS
10
2.2986686614173228
20
1.0410054724409448
11
2.3007475590551181
21
1.0428068503937007
0
LINE
8
BLACK
6
CONTINUOUS
10
2.3007475590551181
20
1.0428068503937007
11
2.3027755511811021
21
1.043248031496063
0
LINE
8
BLACK
6
CONTINUOUS
10
2.3027755511811021
20
1.043248031496063
11
2.3172244488188976
21
1.043248031496063
0
LINE
8
BLACK
6
CONTINUOUS
10
2.3172244488188976
20
1.043248031496063
11
2.3198637795275592
21
1.0424730314960631
0
LINE
8
BLACK
6
CONTINUOUS
10
2.3198637795275592
20
1.0424730314960631
11
2.3216651574803149
21
1.0403941338582676
0
LINE
8
BLACK
6
CONTINUOUS
10
2.3216651574803149
20
1.0403941338582676
11
2.3221063385826772
21
1.0383661417322834
0
LINE
8
BLACK
6
CONTINUOUS
10
2.3221063385826772
20
1.0383661417322834
11
2.3221063385826772
21
1.0292223622047243
0
LINE
8
BLACK
6
CONTINUOUS
10
2.3221063385826772
20
1.0292223622047243
11
2.3225642519685037
21
1.0269201181102361
0
LINE
8
BLACK
6
CONTINUOUS
10
2.3225642519685037
20
1.0269201181102361
11
2.3225642913385824
21
1.0269200787401576
0
LINE
8
BLACK
6
CONTINUOUS
10
2.3225642913385824
20
1.0269200787401576
11
2.3243089763779525
21
1.0243089763779527
0
LINE
8
BLACK
6
CONTINUOUS
10
2.3243089763779525
20
1.0243089763779527
11
2.3269200787401574
21
1.0225642913385826
0
LINE
8
BLACK
6
CONTINUOUS
10
2.3269200787401574
20
1.0225642913385826
11
2.3269201181102361
21
1.0225642519685039
0
LINE
8
BLACK
6
CONTINUOUS
10
2.3269201181102361
20
1.0225642519685039
11
2.3292223622047246
21
1.0221063385826772
0
LINE
8
BLACK
6
CONTINUOUS
10
2.3292223622047246
20
1.0221063385826772
11
2.3292224803149604
21
1.0221062992125984
0
LINE
8
BLACK
6
CONTINUOUS
10
2.3292224803149604
20
1.0221062992125984
11
2.3292225590551179
21
1.0221062992125984
0
LINE
8
BLACK
6
CONTINUOUS
10
2.3292225590551179
20
1.0221062992125984
11
2.3907775984251969
21
1.0221062992125984
0
LINE
8
BLACK
6
CONTINUOUS
10
2.3907775984251969
20
1.0221062992125984
11
2.3907776377952756
21
1.0221063385826772
0
LINE
8
BLACK
6
CONTINUOUS
10
2.3907776377952756
20
1.0221063385826772
11
2.3915136220472442
21
1.0222527165354331
0
LINE
8
BLACK
6
CONTINUOUS
10
2.3915136220472442
20
1.0222527165354331
11
2.3930799212598424
21
1.0225642519685039
0
LINE
8
BLACK
6
CONTINUOUS
10
2.3930799212598424
20
1.0225642519685039
11
2.3930799212598424
21
1.0225642913385826
0
LINE
8
BLACK
6
CONTINUOUS
10
2.3930799212598424
20
1.0225642913385826
11
2.3930799999999999
21
1.0225642913385826
0
LINE
8
BLACK
6
CONTINUOUS
10
2.3930799999999999
20
1.0225642913385826
11
2.395691062992126
21
1.0243089763779527
0
LINE
8
BLACK
6
CONTINUOUS
10
2.395691062992126
20
1.0243089763779527
11
2.3974357480314961
21
1.0269200393700788
0
LINE
8
BLACK
6
CONTINUOUS
10
2.3974357480314961
20
1.0269200393700788
11
2.3974357480314961
21
1.0269201181102361
0
LINE
8
BLACK
6
CONTINUOUS
10
2.3974357480314961
20
1.0269201181102361
11
2.3974357874015748
21
1.0269201181102361
0
LINE
8
BLACK
6
CONTINUOUS
10
2.3974357874015748
20
1.0269201181102361
11
2.3978937007874017
21
1.0292223622047243
0
LINE
8
BLACK
6
CONTINUOUS
10
2.3978937007874017
20
1.0292223622047243
11
2.3978937401574805
21
1.0292224409448818
0
LINE
8
BLACK
6
CONTINUOUS
10
2.3978937401574805
20
1.0292224409448818
11
2.3978937401574805
21
1.0907775984251968
0
LINE
8
BLACK
6
CONTINUOUS
10
2.3978937401574805
20
1.0907775984251968
11
2.3978937007874017
21
1.0907776771653543
0
LINE
8
BLACK
6
CONTINUOUS
10
2.3978937007874017
20
1.0907776771653543
11
2.3974357874015748
21
1.0930799212598425
0
LINE
8
BLACK
6
CONTINUOUS
10
2.3974357874015748
20
1.0930799212598425
11
2.3974357480314961
21
1.0930799606299213
0
LINE
8
BLACK
6
CONTINUOUS
10
2.3974357480314961
20
1.0930799606299213
11
2.395691062992126
21
1.0956910629921259
0
LINE
8
BLACK
6
CONTINUOUS
10
2.395691062992126
20
1.0956910629921259
11
2.3930799606299211
21
1.097435748031496
0
LINE
8
BLACK
6
CONTINUOUS
10
2.3930799606299211
20
1.097435748031496
11
2.3930799212598424
21
1.0974357874015748
0
LINE
8
BLACK
6
CONTINUOUS
10
2.3930799212598424
20
1.0974357874015748
11
2.3907776771653544
21
1.0978937007874014
0
LINE
8
BLACK
6
CONTINUOUS
10
2.3907776771653544
20
1.0978937007874014
11
2.3907775196850394
21
1.0978937007874014
0
LINE
8
BLACK
6
CONTINUOUS
10
2.3907775196850394
20
1.0978937007874014
11
2.3292225590551179
21
1.0978937007874014
0
LINE
8
BLACK
6
CONTINUOUS
10
2.3292225590551179
20
1.0978937007874014
11
2.3292223622047246
21
1.0978937007874014
0
LINE
8
BLACK
6
CONTINUOUS
10
2.3292223622047246
20
1.0978937007874014
11
2.3269201181102361
21
1.0974357874015748
0
LINE
8
BLACK
6
CONTINUOUS
10
2.3269201181102361
20
1.0974357874015748
11
2.3269200787401574
21
1.097435748031496
0
LINE
8
BLACK
6
CONTINUOUS
10
2.3269200787401574
20
1.097435748031496
11
2.3243089763779525
21
1.0956910629921259
0
LINE
8
BLACK
6
CONTINUOUS
10
2.3243089763779525
20
1.0956910629921259
11
2.3225642913385824
21
1.0930799606299213
0
LINE
8
BLACK
6
CONTINUOUS
10
2.3225642913385824
20
1.0930799606299213
11
2.3225642519685037
21
1.0930799212598425
0
LINE
8
BLACK
6
CONTINUOUS
10
2.3225642519685037
20
1.0930799212598425
11
2.3221063385826772
21
1.0907776771653543
0
LINE
8
BLACK
6
CONTINUOUS
10
2.3221063385826772
20
1.0907776771653543
11
2.3221063385826772
21
1.0816338582677165
0
LINE
8
BLACK
6
CONTINUOUS
10
2.3221063385826772
20
1.0816338582677165
11
2.3213313385826773
21
1.0789945275590551
0
LINE
8
BLACK
6
CONTINUOUS
10
2.3213313385826773
20
1.0789945275590551
11
2.319252440944882
21
1.0771931496062992
0
LINE
8
BLACK
6
CONTINUOUS
10
2.319252440944882
20
1.0771931496062992
11
2.3172244488188976
21
1.0767519685039371
0
LINE
8
BLACK
6
CONTINUOUS
10
2.3172244488188976
20
1.0767519685039371
11
2.3027755511811021
21
1.0767519685039371
0
LINE
8
BLACK
6
CONTINUOUS
10
2.3027755511811021
20
1.0767519685039371
11
2.3001362204724409
21
1.077526968503937
0
LINE
8
BLACK
6
CONTINUOUS
10
2.3001362204724409
20
1.077526968503937
11
2.2983348425196848
21
1.0796058661417323
0
LINE
8
BLACK
6
CONTINUOUS
10
2.2983348425196848
20
1.0796058661417323
11
2.2978936614173229
21
1.0816338582677165
0
LINE
8
BLACK
6
CONTINUOUS
10
2.2978936614173229
20
1.0816338582677165
11
2.2978936614173229
21
1.0907775984251968
0
LINE
8
BLACK
6
CONTINUOUS
10
2.2978936614173229
20
1.0907775984251968
11
2.2978936220472441
21
1.0907776771653543
0
LINE
8
BLACK
6
CONTINUOUS
10
2.2978936220472441
20
1.0907776771653543
11
2.2974357086614172
21
1.0930799212598425
0
LINE
8
BLACK
6
CONTINUOUS
10
2.2974357086614172
20
1.0930799212598425
11
2.2974356692913385
21
1.0930799606299213
0
LINE
8
BLACK
6
CONTINUOUS
10
2.2974356692913385
20
1.0930799606299213
11
2.2956909842519684
21
1.0956910629921259
0
LINE
8
BLACK
6
CONTINUOUS
10
2.2956909842519684
20
1.0956910629921259
11
2.2930798818897635
21
1.097435748031496
0
LINE
8
BLACK
6
CONTINUOUS
10
2.2930798818897635
20
1.097435748031496
11
2.2930798425196848
21
1.0974357874015748
0
LINE
8
BLACK
6
CONTINUOUS
10
2.2930798425196848
20
1.0974357874015748
11
2.2907775984251968
21
1.0978937007874014
0
LINE
8
BLACK
6
CONTINUOUS
10
2.2907775984251968
20
1.0978937007874014
11
2.2907774409448818
21
1.0978937007874014
0
LINE
8
BLACK
6
CONTINUOUS
10
2.2907774409448818
20
1.0978937007874014
11
2.2292224803149607
21
1.0978937007874014
0
LINE
8
BLACK
6
CONTINUOUS
10
2.2292224803149607
20
1.0978937007874014
11
2.229222283464567
21
1.0978937007874014
0
LINE
8
BLACK
6
CONTINUOUS
10
2.229222283464567
20
1.0978937007874014
11
2.2269200393700785
21
1.0974357874015748
0
LINE
8
BLACK
6
CONTINUOUS
10
2.2269200393700785
20
1.0974357874015748
11
2.2269199999999998
21
1.097435748031496
0
LINE
8
BLACK
6
CONTINUOUS
10
2.2269199999999998
20
1.097435748031496
11
2.2243088976377954
21
1.0956910629921259
0
LINE
8
BLACK
6
CONTINUOUS
10
2.2243088976377954
20
1.0956910629921259
11
2.2225642125984253
21
1.0930799606299213
0
LINE
8
BLACK
6
CONTINUOUS
10
2.2225642125984253
20
1.0930799606299213
11
2.2225641732283465
21
1.0930799212598425
0
LINE
8
BLACK
6
CONTINUOUS
10
2.2225641732283465
20
1.0930799212598425
11
2.2221062598425196
21
1.0907776771653543
0
LINE
8
BLACK
6
CONTINUOUS
10
2.2221062598425196
20
1.0907776771653543
11
2.2221062598425196
21
1.0478192913385826
0
LINE
8
BLACK
6
CONTINUOUS
10
2.2221062598425196
20
1.0478192913385826
11
2.2213312598425197
21
1.0451799606299212
0
LINE
8
BLACK
6
CONTINUOUS
10
2.2213312598425197
20
1.0451799606299212
11
2.2206763779527559
21
1.044367283464567
0
LINE
8
BLACK
6
CONTINUOUS
10
2.2206763779527559
20
1.044367283464567
11
2.1931917322834646
21
1.0168826377952755
0
LINE
8
BLACK
6
CONTINUOUS
10
2.1931917322834646
20
1.0168826377952755
11
2.1907774409448817
21
1.0155643307086615
0
LINE
8
BLACK
6
CONTINUOUS
10
2.1907774409448817
20
1.0155643307086615
11
2.1897397244094488
21
1.0154527559055118
0
LINE
8
BLACK
6
CONTINUOUS
10
2.1897397244094488
20
1.0154527559055118
11
2.1684539370078739
21
1.0154527559055118
0
LINE
8
BLACK
6
CONTINUOUS
10
2.1684539370078739
20
1.0154527559055118
11
2.1672559055118108
21
1.0153404330708662
0
LINE
8
BLACK
6
CONTINUOUS
10
2.1672559055118108
20
1.0153404330708662
11
2.167255866141732
21
1.0153404330708662
0
LINE
8
BLACK
6
CONTINUOUS
10
2.167255866141732
20
1.0153404330708662
11
2.1664226771653543
21
1.0150488582677164
0
LINE
8
BLACK
6
CONTINUOUS
10
2.1664226771653543
20
1.0150488582677164
11
2.163675472440945
21
1.0149086614173228
0
LINE
8
BLACK
6
CONTINUOUS
10
2.163675472440945
20
1.0149086614173228
11
2.1612885826771655
21
1.0162759842519684
0
LINE
8
BLACK
6
CONTINUOUS
10
2.1612885826771655
20
1.0162759842519684
11
2.1605825984251967
21
1.0172157480314961
0
LINE
8
BLACK
6
CONTINUOUS
10
2.1605825984251967
20
1.0172157480314961
11
2.1593891338582676
21
1.019282874015748
0
LINE
8
BLACK
6
CONTINUOUS
10
2.1593891338582676
20
1.019282874015748
11
2.1386923228346455
21
1.0399797244094489
0
LINE
8
BLACK
6
CONTINUOUS
10
2.1386923228346455
20
1.0399797244094489
11
2.1352907480314962
21
1.041943622047244
0
LINE
8
BLACK
6
CONTINUOUS
10
2.1352907480314962
20
1.041943622047244
11
2.1348724803149608
21
1.0421851181102362
0
LINE
8
BLACK
6
CONTINUOUS
10
2.1348724803149608
20
1.0421851181102362
11
2.134872440944882
21
1.0421851574803149
0
LINE
8
BLACK
6
CONTINUOUS
10
2.134872440944882
20
1.0421851574803149
11
2.1348724015748033
21
1.0421851574803149
0
LINE
8
BLACK
6
CONTINUOUS
10
2.1348724015748033
20
1.0421851574803149
11
2.1306118110236221
21
1.0433267716535433
0
LINE
8
BLACK
6
CONTINUOUS
10
2.1306118110236221
20
1.0433267716535433
11
2.1306117716535433
21
1.0433267716535433
0
LINE
8
BLACK
6
CONTINUOUS
10
2.1306117716535433
20
1.0433267716535433
11
2.0702362204724407
21
1.0433267716535433
0
LINE
8
BLACK
6
CONTINUOUS
10
2.0702362204724407
20
1.0433267716535433
11
2.0675968897637795
21
1.0441017716535432
0
LINE
8
BLACK
6
CONTINUOUS
10
2.0675968897637795
20
1.0441017716535432
11
2.0657955118110234
21
1.0461806692913385
0
LINE
8
BLACK
6
CONTINUOUS
10
2.0657955118110234
20
1.0461806692913385
11
2.0653543307086615
21
1.0482086614173227
0
LINE
8
BLACK
6
CONTINUOUS
10
2.0653543307086615
20
1.0482086614173227
11
2.0653543307086615
21
1.1082677165354331
0
LINE
8
BLACK
6
CONTINUOUS
10
2.0653543307086615
20
1.1082677165354331
11
2.0456692913385828
21
1.1082677165354331
0
LINE
8
BLACK
6
CONTINUOUS
10
2.0456692913385828
20
1.1082677165354331
11
2.0456692913385828
21
1.0433070866141732
0
LINE
8
BLACK
6
CONTINUOUS
10
2.0456692913385828
20
1.0433070866141732
11
2.0062992125984254
21
1.0433070866141732
0
LINE
8
BLACK
6
CONTINUOUS
10
2.0062992125984254
20
1.0433070866141732
11
2.0062992125984254
21
1.1929133858267715
0
LINE
8
BLACK
6
CONTINUOUS
10
2.0062992125984254
20
1.1929133858267715
11
2.0456692913385828
21
1.1929133858267715
0
LINE
8
BLACK
6
CONTINUOUS
10
2.0456692913385828
20
1.1929133858267715
11
2.0456692913385828
21
1.1279527559055118
0
LINE
8
BLACK
6
CONTINUOUS
10
2.0456692913385828
20
1.1279527559055118
11
2.0653543307086615
21
1.1279527559055118
0
LINE
8
BLACK
6
CONTINUOUS
10
2.0653543307086615
20
1.1279527559055118
11
2.0653543307086615
21
1.1732437401574802
0
LINE
8
BLACK
6
CONTINUOUS
10
2.0653543307086615
20
1.1732437401574802
11
2.0661293307086614
21
1.1758830708661416
0
LINE
8
BLACK
6
CONTINUOUS
10
2.0661293307086614
20
1.1758830708661416
11
2.0682082283464567
21
1.1776844488188976
0
LINE
8
BLACK
6
CONTINUOUS
10
2.0682082283464567
20
1.1776844488188976
11
2.0709309842519685
21
1.1780759448818898
0
LINE
8
BLACK
6
CONTINUOUS
10
2.0709309842519685
20
1.1780759448818898
11
2.0734331889763777
21
1.1769332283464566
0
LINE
8
BLACK
6
CONTINUOUS
10
2.0734331889763777
20
1.1769332283464566
11
2.0736882283464566
21
1.1766957480314961
0
LINE
8
BLACK
6
CONTINUOUS
10
2.0736882283464566
20
1.1766957480314961
11
2.08457405511811
21
1.1658099212598425
0
LINE
8
BLACK
6
CONTINUOUS
10
2.08457405511811
20
1.1658099212598425
11
2.0858923622047243
21
1.1633956299212598
0
LINE
8
BLACK
6
CONTINUOUS
10
2.0858923622047243
20
1.1633956299212598
11
2.0860039370078738
21
1.1623579133858268
0
LINE
8
BLACK
6
CONTINUOUS
10
2.0860039370078738
20
1.1623579133858268
11
2.0860039370078738
21
1.1401468897637794
0
LINE
8
BLACK
6
CONTINUOUS
10
2.0860039370078738
20
1.1401468897637794
11
2.0861162598425196
21
1.1389488582677165
0
LINE
8
BLACK
6
CONTINUOUS
10
2.0861162598425196
20
1.1389488582677165
11
2.0861162598425196
21
1.138948779527559
0
LINE
8
BLACK
6
CONTINUOUS
10
2.0861162598425196
20
1.138948779527559
11
2.0877033070866142
21
1.1344133858267715
0
LINE
8
BLACK
6
CONTINUOUS
10
2.0877033070866142
20
1.1344133858267715
11
2.0878821653543307
21
1.1339022834645669
0
LINE
8
BLACK
6
CONTINUOUS
10
2.0878821653543307
20
1.1339022834645669
11
2.0910570866141733
21
1.1296003937007875
0
LINE
8
BLACK
6
CONTINUOUS
10
2.0910570866141733
20
1.1296003937007875
11
2.0953589763779528
21
1.1264254724409448
0
LINE
8
BLACK
6
CONTINUOUS
10
2.0953589763779528
20
1.1264254724409448
11
2.0965931496062993
21
1.125993622047244
0
LINE
8
BLACK
6
CONTINUOUS
10
2.0965931496062993
20
1.125993622047244
11
2.1004054724409449
21
1.1246596062992125
0
LINE
8
BLACK
6
CONTINUOUS
10
2.1004054724409449
20
1.1246596062992125
11
2.1016035433070868
21
1.1245472440944881
0
LINE
8
BLACK
6
CONTINUOUS
10
2.1016035433070868
20
1.1245472440944881
11
2.1016037007874013
21
1.1245472440944881
0
LINE
8
BLACK
6
CONTINUOUS
10
2.1016037007874013
20
1.1245472440944881
11
2.126546062992126
21
1.1245472440944881
0
LINE
8
BLACK
6
CONTINUOUS
10
2.126546062992126
20
1.1245472440944881
11
2.1277440551181104
21
1.1246596062992125
0
LINE
8
BLACK
6
CONTINUOUS
10
2.1277440551181104
20
1.1246596062992125
11
2.1277441338582679
21
1.1246596062992125
0
LINE
8
BLACK
6
CONTINUOUS
10
2.1277441338582679
20
1.1246596062992125
11
2.1302673228346456
21
1.125542559055118
0
LINE
8
BLACK
6
CONTINUOUS
10
2.1302673228346456
20
1.125542559055118
11
2.13279062992126
21
1.1264254724409448
0
LINE
8
BLACK
6
CONTINUOUS
10
2.13279062992126
20
1.1264254724409448
11
2.1370925196850394
21
1.1296003937007875
0
LINE
8
BLACK
6
CONTINUOUS
10
2.1370925196850394
20
1.1296003937007875
11
2.1402674409448816
21
1.1339022834645669
0
LINE
8
BLACK
6
CONTINUOUS
10
2.1402674409448816
20
1.1339022834645669
11
2.1415603937007872
21
1.1375973622047244
0
LINE
8
BLACK
6
CONTINUOUS
10
2.1415603937007872
20
1.1375973622047244
11
2.142033307086614
21
1.138948779527559
0
LINE
8
BLACK
6
CONTINUOUS
10
2.142033307086614
20
1.138948779527559
11
2.142033307086614
21
1.1389488582677165
0
LINE
8
BLACK
6
CONTINUOUS
10
2.142033307086614
20
1.1389488582677165
11
2.1421456692913385
21
1.1401468897637794
0
LINE
8
BLACK
6
CONTINUOUS
10
2.1421456692913385
20
1.1401468897637794
11
2.1421456692913385
21
1.1798531496062992
0
LINE
8
BLACK
6
CONTINUOUS
10
2.1421456692913385
20
1.1798531496062992
11
2.142033307086614
21
1.1810511811023621
0
LINE
8
BLACK
6
CONTINUOUS
10
2.142033307086614
20
1.1810511811023621
11
2.142033307086614
21
1.1810512598425196
0
LINE
8
BLACK
6
CONTINUOUS
10
2.142033307086614
20
1.1810512598425196
11
2.1402674409448816
21
1.1860976771653544
0
LINE
8
BLACK
6
CONTINUOUS
10
2.1402674409448816
20
1.1860976771653544
11
2.1402674015748029
21
1.1860977559055117
0
LINE
8
BLACK
6
CONTINUOUS
10
2.1402674015748029
20
1.1860977559055117
11
2.1388547637795274
21
1.188011811023622
0
LINE
8
BLACK
6
CONTINUOUS
10
2.1388547637795274
20
1.188011811023622
11
2.1370925196850394
21
1.1903996062992126
0
LINE
8
BLACK
6
CONTINUOUS
10
2.1370925196850394
20
1.1903996062992126
11
2.13279062992126
21
1.193574527559055
0
LINE
8
BLACK
6
CONTINUOUS
10
2.13279062992126
20
1.193574527559055
11
2.1327905511811025
21
1.1935745669291338
0
LINE
8
BLACK
6
CONTINUOUS
10
2.1327905511811025
20
1.1935745669291338
11
2.1277440944881891
21
1.1953404330708661
0
LINE
8
BLACK
6
CONTINUOUS
10
2.1277440944881891
20
1.1953404330708661
11
2.126546062992126
21
1.1954527559055117
0
LINE
8
BLACK
6
CONTINUOUS
10
2.126546062992126
20
1.1954527559055117
11
2.126545905511811
21
1.1954527559055117
0
LINE
8
BLACK
6
CONTINUOUS
10
2.126545905511811
20
1.1954527559055117
11
2.1043349999999998
21
1.1954527559055117
0
LINE
8
BLACK
6
CONTINUOUS
10
2.1043349999999998
20
1.1954527559055117
11
2.1016956692913387
21
1.1962277559055119
0
LINE
8
BLACK
6
CONTINUOUS
10
2.1016956692913387
20
1.1962277559055119
11
2.1008829921259844
21
1.1968826377952755
0
LINE
8
BLACK
6
CONTINUOUS
10
2.1008829921259844
20
1.1968826377952755
11
2.0747151574803149
21
1.2230505118110235
0
LINE
8
BLACK
6
CONTINUOUS
10
2.0747151574803149
20
1.2230505118110235
11
2.0747151181102361
21
1.2230505511811023
0
LINE
8
BLACK
6
CONTINUOUS
10
2.0747151181102361
20
1.2230505511811023
11
2.0747150787401574
21
1.223050590551181
0
LINE
8
BLACK
6
CONTINUOUS
10
2.0747150787401574
20
1.223050590551181
11
2.0708951574803147
21
1.2252560236220471
0
LINE
8
BLACK
6
CONTINUOUS
10
2.0708951574803147
20
1.2252560236220471
11
2.0666345669291339
21
1.2263976377952757
0
LINE
8
BLACK
6
CONTINUOUS
10
2.0666345669291339
20
1.2263976377952757
11
2.0666345275590552
21
1.2263976377952757
0
LINE
8
BLACK
6
CONTINUOUS
10
2.0666345275590552
20
1.2263976377952757
11
2.0129724409448819
21
1.2263976377952757
0
LINE
8
BLACK
6
CONTINUOUS
10
2.0129724409448819
20
1.2263976377952757
11
2.0103331102362203
21
1.2271726377952756
0
LINE
8
BLACK
6
CONTINUOUS
10
2.0103331102362203
20
1.2271726377952756
11
2.0085317322834646
21
1.2292515354330709
0
LINE
8
BLACK
6
CONTINUOUS
10
2.0085317322834646
20
1.2292515354330709
11
2.0080905511811022
21
1.2312795275590551
0
LINE
8
BLACK
6
CONTINUOUS
10
2.0080905511811022
20
1.2312795275590551
11
2.0080905511811022
21
1.2333661417322834
0
LINE
8
BLACK
6
CONTINUOUS
10
2.0080905511811022
20
1.2333661417322834
11
2.0088655511811022
21
1.2360054724409448
0
LINE
8
BLACK
6
CONTINUOUS
10
2.0088655511811022
20
1.2360054724409448
11
2.0109444488188974
21
1.2378068503937008
0
LINE
8
BLACK
6
CONTINUOUS
10
2.0109444488188974
20
1.2378068503937008
11
2.0129724409448819
21
1.2382480314960629
0
LINE
8
BLACK
6
CONTINUOUS
10
2.0129724409448819
20
1.2382480314960629
11
2.0812676377952757
21
1.2382480314960629
0
LINE
8
BLACK
6
CONTINUOUS
10
2.0812676377952757
20
1.2382480314960629
11
2.0839069685039369
21
1.2374730314960629
0
LINE
8
BLACK
6
CONTINUOUS
10
2.0839069685039369
20
1.2374730314960629
11
2.085708346456693
21
1.2353941338582677
0
LINE
8
BLACK
6
CONTINUOUS
10
2.085708346456693
20
1.2353941338582677
11
2.0860187795275591
21
1.2342315354330708
0
LINE
8
BLACK
6
CONTINUOUS
10
2.0860187795275591
20
1.2342315354330708
11
2.0860529133858265
21
1.2342389763779527
0
LINE
8
BLACK
6
CONTINUOUS
10
2.0860529133858265
20
1.2342389763779527
11
2.0861162598425196
21
1.233948779527559
0
LINE
8
BLACK
6
CONTINUOUS
10
2.0861162598425196
20
1.233948779527559
11
2.0878821259842519
21
1.2289023622047244
0
LINE
8
BLACK
6
CONTINUOUS
10
2.0878821259842519
20
1.2289023622047244
11
2.0878821653543307
21
1.2289022834645669
0
LINE
8
BLACK
6
CONTINUOUS
10
2.0878821653543307
20
1.2289022834645669
11
2.0910570866141733
21
1.2246003937007874
0
LINE
8
BLACK
6
CONTINUOUS
10
2.0910570866141733
20
1.2246003937007874
11
2.0953589763779528
21
1.2214254724409448
0
LINE
8
BLACK
6
CONTINUOUS
10
2.0953589763779528
20
1.2214254724409448
11
2.0970411417322836
21
1.2208368503937008
0
LINE
8
BLACK
6
CONTINUOUS
10
2.0970411417322836
20
1.2208368503937008
11
2.1004054724409449
21
1.2196596062992127
0
LINE
8
BLACK
6
CONTINUOUS
10
2.1004054724409449
20
1.2196596062992127
11
2.1016035433070868
21
1.2195472440944881
0
LINE
8
BLACK
6
CONTINUOUS
10
2.1016035433070868
20
1.2195472440944881
11
2.1016037007874013
21
1.2195472440944881
0
LINE
8
BLACK
6
CONTINUOUS
10
2.1016037007874013
20
1.2195472440944881
11
2.126546062992126
21
1.2195472440944881
0
LINE
8
BLACK
6
CONTINUOUS
10
2.126546062992126
20
1.2195472440944881
11
2.1277440551181104
21
1.2196596062992127
0
LINE
8
BLACK
6
CONTINUOUS
10
2.1277440551181104
20
1.2196596062992127
11
2.1277441338582679
21
1.2196596062992127
0
LINE
8
BLACK
6
CONTINUOUS
10
2.1277441338582679
20
1.2196596062992127
11
2.1302673228346456
21
1.220542559055118
0
LINE
8
BLACK
6
CONTINUOUS
10
2.1302673228346456
20
1.220542559055118
11
2.13279062992126
21
1.2214254724409448
0
LINE
8
BLACK
6
CONTINUOUS
10
2.13279062992126
20
1.2214254724409448
11
2.1370925196850394
21
1.2246003937007874
0
LINE
8
BLACK
6
CONTINUOUS
10
2.1370925196850394
20
1.2246003937007874
11
2.1402674409448816
21
1.2289022834645669
0
LINE
8
BLACK
6
CONTINUOUS
10
2.1402674409448816
20
1.2289022834645669
11
2.1414136220472439
21
1.2321778740157481
0
LINE
8
BLACK
6
CONTINUOUS
10
2.1414136220472439
20
1.2321778740157481
11
2.142033307086614
21
1.233948779527559
0
LINE
8
BLACK
6
CONTINUOUS
10
2.142033307086614
20
1.233948779527559
11
2.142033307086614
21
1.2339488582677165
0
LINE
8
BLACK
6
CONTINUOUS
10
2.142033307086614
20
1.2339488582677165
11
2.1421456692913385
21
1.2351468897637794
0
LINE
8
BLACK
6
CONTINUOUS
10
2.1421456692913385
20
1.2351468897637794
11
2.1421456692913385
21
1.2748531496062991
0
LINE
8
BLACK
6
CONTINUOUS
10
2.1421456692913385
20
1.2748531496062991
11
2.142033307086614
21
1.2760511811023623
0
LINE
8
BLACK
6
CONTINUOUS
10
2.142033307086614
20
1.2760511811023623
11
2.142033307086614
21
1.2760512598425195
0
LINE
8
BLACK
6
CONTINUOUS
10
2.142033307086614
20
1.2760512598425195
11
2.1403585826771652
21
1.2808372440944882
0
LINE
8
BLACK
6
CONTINUOUS
10
2.1403585826771652
20
1.2808372440944882
11
2.1402674409448816
21
1.2810977165354331
0
LINE
8
BLACK
6
CONTINUOUS
10
2.1402674409448816
20
1.2810977165354331
11
2.1370925196850394
21
1.2853996062992126
0
LINE
8
BLACK
6
CONTINUOUS
10
2.1370925196850394
20
1.2853996062992126
11
2.13279062992126
21
1.288574527559055
0
LINE
8
BLACK
6
CONTINUOUS
10
2.13279062992126
20
1.288574527559055
11
2.1327905511811025
21
1.2885745669291337
0
LINE
8
BLACK
6
CONTINUOUS
10
2.1327905511811025
20
1.2885745669291337
11
2.1277440944881891
21
1.2903404330708661
0
LINE
8
BLACK
6
CONTINUOUS
10
2.1277440944881891
20
1.2903404330708661
11
2.126546062992126
21
1.2904527559055117
0
LINE
8
BLACK
6
CONTINUOUS
10
2.126546062992126
20
1.2904527559055117
11
2.126545905511811
21
1.2904527559055117
0
LINE
8
BLACK
6
CONTINUOUS
10
2.126545905511811
20
1.2904527559055117
11
2.1016037007874013
21
1.2904527559055117
0
LINE
8
BLACK
6
CONTINUOUS
10
2.1016037007874013
20
1.2904527559055117
11
2.1016035433070868
21
1.2904527559055117
0
LINE
8
BLACK
6
CONTINUOUS
10
2.1016035433070868
20
1.2904527559055117
11
2.1004055118110236
21
1.2903404330708661
0
LINE
8
BLACK
6
CONTINUOUS
10
2.1004055118110236
20
1.2903404330708661
11
2.1004054330708661
21
1.2903404330708661
0
LINE
8
BLACK
6
CONTINUOUS
10
2.1004054330708661
20
1.2903404330708661
11
2.0953590157480315
21
1.2885745669291337
0
LINE
8
BLACK
6
CONTINUOUS
10
2.0953590157480315
20
1.2885745669291337
11
2.095358937007874
21
1.288574527559055
0
LINE
8
BLACK
6
CONTINUOUS
10
2.095358937007874
20
1.288574527559055
11
2.0910570866141733
21
1.2853996062992126
0
LINE
8
BLACK
6
CONTINUOUS
10
2.0910570866141733
20
1.2853996062992126
11
2.0878821653543307
21
1.2810977559055119
0
LINE
8
BLACK
6
CONTINUOUS
10
2.0878821653543307
20
1.2810977559055119
11
2.0878821259842519
21
1.2810976771653544
0
LINE
8
BLACK
6
CONTINUOUS
10
2.0878821259842519
20
1.2810976771653544
11
2.0861162598425196
21
1.2760512598425195
0
LINE
8
BLACK
6
CONTINUOUS
10
2.0861162598425196
20
1.2760512598425195
11
2.0860529133858265
21
1.2757610236220471
0
LINE
8
BLACK
6
CONTINUOUS
10
2.0860529133858265
20
1.2757610236220471
11
2.0859692913385826
21
1.2757792913385826
0
LINE
8
BLACK
6
CONTINUOUS
10
2.0859692913385826
20
1.2757792913385826
11
2.0851103149606298
21
1.2736227559055118
0
LINE
8
BLACK
6
CONTINUOUS
10
2.0851103149606298
20
1.2736227559055118
11
2.0828724015748032
21
1.2720232677165355
0
LINE
8
BLACK
6
CONTINUOUS
10
2.0828724015748032
20
1.2720232677165355
11
2.0812676377952757
21
1.2717519685039369
0
LINE
8
BLACK
6
CONTINUOUS
10
2.0812676377952757
20
1.2717519685039369
11
2.0701557086614173
21
1.2717519685039369
0
LINE
8
BLACK
6
CONTINUOUS
10
2.0701557086614173
20
1.2717519685039369
11
2.0675163779527557
21
1.2725269685039369
0
LINE
8
BLACK
6
CONTINUOUS
10
2.0675163779527557
20
1.2725269685039369
11
2.065715
21
1.2746058661417323
0
LINE
8
BLACK
6
CONTINUOUS
10
2.065715
20
1.2746058661417323
11
2.0653018110236219
21
1.2771557086614174
0
LINE
8
BLACK
6
CONTINUOUS
10
2.0653018110236219
20
1.2771557086614174
11
2.065354251968504
21
1.2776438582677165
0
LINE
8
BLACK
6
CONTINUOUS
10
2.065354251968504
20
1.2776438582677165
11
2.0653543307086615
21
1.2776446062992126
0
LINE
8
BLACK
6
CONTINUOUS
10
2.0653543307086615
20
1.2776446062992126
11
2.0653543307086615
21
1.344488188976378
0
LINE
8
BLACK
6
CONTINUOUS
10
2.0653543307086615
20
1.344488188976378
11
2.0456692913385828
21
1.344488188976378
0
LINE
8
BLACK
6
CONTINUOUS
10
2.0456692913385828
20
1.344488188976378
11
2.0456692913385828
21
1.2795275590551181
0
LINE
8
BLACK
6
CONTINUOUS
10
2.0456692913385828
20
1.2795275590551181
11
2.0062992125984254
21
1.2795275590551181
0
LINE
8
BLACK
6
CONTINUOUS
10
2.0062992125984254
20
1.2795275590551181
11
2.0062992125984254
21
1.4291338582677164
0
LINE
8
BLACK
6
CONTINUOUS
10
2.0062992125984254
20
1.4291338582677164
11
2.0456692913385828
21
1.4291338582677164
0
LINE
8
BLACK
6
CONTINUOUS
10
2.0456692913385828
20
1.4291338582677164
11
2.0456692913385828
21
1.3641732283464567
0
LINE
8
BLACK
6
CONTINUOUS
10
2.0456692913385828
20
1.3641732283464567
11
2.0653543307086615
21
1.3641732283464567
0
LINE
8
BLACK
6
CONTINUOUS
10
2.0653543307086615
20
1.3641732283464567
11
2.0653543307086615
21
1.4074366535433072
0
LINE
8
BLACK
6
CONTINUOUS
10
2.0653543307086615
20
1.4074366535433072
11
2.0661293307086614
21
1.4100759842519686
0
LINE
8
BLACK
6
CONTINUOUS
10
2.0661293307086614
20
1.4100759842519686
11
2.0682082283464567
21
1.4118773622047245
0
LINE
8
BLACK
6
CONTINUOUS
10
2.0682082283464567
20
1.4118773622047245
11
2.0709309842519685
21
1.4122688582677165
0
LINE
8
BLACK
6
CONTINUOUS
10
2.0709309842519685
20
1.4122688582677165
11
2.0734331889763777
21
1.4111261417322833
0
LINE
8
BLACK
6
CONTINUOUS
10
2.0734331889763777
20
1.4111261417322833
11
2.0736879133858266
21
1.4108889370078739
0
LINE
8
BLACK
6
CONTINUOUS
10
2.0736879133858266
20
1.4108889370078739
11
2.0745009055118109
21
1.4100759842519686
0
LINE
8
BLACK
6
CONTINUOUS
10
2.0745009055118109
20
1.4100759842519686
11
2.0894113385826771
21
1.3951655511811023
0
LINE
8
BLACK
6
CONTINUOUS
10
2.0894113385826771
20
1.3951655511811023
11
2.0907296456692914
21
1.3927512598425196
0
LINE
8
BLACK
6
CONTINUOUS
10
2.0907296456692914
20
1.3927512598425196
11
2.0905334251968504
21
1.3900074803149607
0
LINE
8
BLACK
6
CONTINUOUS
10
2.0905334251968504
20
1.3900074803149607
11
2.089887283464567
21
1.3888146062992126
0
LINE
8
BLACK
6
CONTINUOUS
10
2.089887283464567
20
1.3888146062992126
11
2.0878822440944882
21
1.3860979133858267
0
LINE
8
BLACK
6
CONTINUOUS
10
2.0878822440944882
20
1.3860979133858267
11
2.0878821259842519
21
1.3860976771653544
0
LINE
8
BLACK
6
CONTINUOUS
10
2.0878821259842519
20
1.3860976771653544
11
2.0861162598425196
21
1.3810512598425198
0
LINE
8
BLACK
6
CONTINUOUS
10
2.0861162598425196
20
1.3810512598425198
11
2.0861162598425196
21
1.3810511811023622
0
LINE
8
BLACK
6
CONTINUOUS
10
2.0861162598425196
20
1.3810511811023622
11
2.0860039370078738
21
1.3798531496062991
0
LINE
8
BLACK
6
CONTINUOUS
10
2.0860039370078738
20
1.3798531496062991
11
2.0860039370078738
21
1.3401468897637796
0
LINE
8
BLACK
6
CONTINUOUS
10
2.0860039370078738
20
1.3401468897637796
11
2.0861162598425196
21
1.3389488582677165
0
LINE
8
BLACK
6
CONTINUOUS
10
2.0861162598425196
20
1.3389488582677165
11
2.0861162598425196
21
1.338948779527559
0
LINE
8
BLACK
6
CONTINUOUS
10
2.0861162598425196
20
1.338948779527559
11
2.0878821259842519
21
1.3339023622047244
0
LINE
8
BLACK
6
CONTINUOUS
10
2.0878821259842519
20
1.3339023622047244
11
2.0878821653543307
21
1.3339022834645669
0
LINE
8
BLACK
6
CONTINUOUS
10
2.0878821653543307
20
1.3339022834645669
11
2.0910570866141733
21
1.3296003937007874
0
LINE
8
BLACK
6
CONTINUOUS
10
2.0910570866141733
20
1.3296003937007874
11
2.0953589763779528
21
1.3264254724409448
0
LINE
8
BLACK
6
CONTINUOUS
10
2.0953589763779528
20
1.3264254724409448
11
2.0970411417322836
21
1.3258368503937008
0
LINE
8
BLACK
6
CONTINUOUS
10
2.0970411417322836
20
1.3258368503937008
11
2.1004054724409449
21
1.3246596062992126
0
LINE
8
BLACK
6
CONTINUOUS
10
2.1004054724409449
20
1.3246596062992126
11
2.1016035433070868
21
1.3245472440944881
0
LINE
8
BLACK
6
CONTINUOUS
10
2.1016035433070868
20
1.3245472440944881
11
2.1016037007874013
21
1.3245472440944881
0
LINE
8
BLACK
6
CONTINUOUS
10
2.1016037007874013
20
1.3245472440944881
11
2.126546062992126
21
1.3245472440944881
0
LINE
8
BLACK
6
CONTINUOUS
10
2.126546062992126
20
1.3245472440944881
11
2.1277440551181104
21
1.3246596062992126
0
LINE
8
BLACK
6
CONTINUOUS
10
2.1277440551181104
20
1.3246596062992126
11
2.1277441338582679
21
1.3246596062992126
0
LINE
8
BLACK
6
CONTINUOUS
10
2.1277441338582679
20
1.3246596062992126
11
2.1302673228346456
21
1.325542559055118
0
LINE
8
BLACK
6
CONTINUOUS
10
2.1302673228346456
20
1.325542559055118
11
2.13279062992126
21
1.3264254724409448
0
LINE
8
BLACK
6
CONTINUOUS
10
2.13279062992126
20
1.3264254724409448
11
2.1370925196850394
21
1.3296003937007874
0
LINE
8
BLACK
6
CONTINUOUS
10
2.1370925196850394
20
1.3296003937007874
11
2.1402674409448816
21
1.3339022834645669
0
LINE
8
BLACK
6
CONTINUOUS
10
2.1402674409448816
20
1.3339022834645669
11
2.1418294094488188
21
1.3383661417322834
0
LINE
8
BLACK
6
CONTINUOUS
10
2.1418294094488188
20
1.3383661417322834
11
2.142033307086614
21
1.338948779527559
0
LINE
8
BLACK
6
CONTINUOUS
10
2.142033307086614
20
1.338948779527559
11
2.142033307086614
21
1.3389488582677165
0
LINE
8
BLACK
6
CONTINUOUS
10
2.142033307086614
20
1.3389488582677165
11
2.1421456692913385
21
1.3401468897637796
0
LINE
8
BLACK
6
CONTINUOUS
10
2.1421456692913385
20
1.3401468897637796
11
2.1421456692913385
21
1.3798531496062991
0
LINE
8
BLACK
6
CONTINUOUS
10
2.1421456692913385
20
1.3798531496062991
11
2.142033307086614
21
1.3810511811023622
0
LINE
8
BLACK
6
CONTINUOUS
10
2.142033307086614
20
1.3810511811023622
11
2.142033307086614
21
1.3810512598425198
0
LINE
8
BLACK
6
CONTINUOUS
10
2.142033307086614
20
1.3810512598425198
11
2.1405153937007872
21
1.3853891338582678
0
LINE
8
BLACK
6
CONTINUOUS
10
2.1405153937007872
20
1.3853891338582678
11
2.1402674409448816
21
1.3860977165354331
0
LINE
8
BLACK
6
CONTINUOUS
10
2.1402674409448816
20
1.3860977165354331
11
2.1370925196850394
21
1.3903996062992126
0
LINE
8
BLACK
6
CONTINUOUS
10
2.1370925196850394
20
1.3903996062992126
11
2.13279062992126
21
1.393574527559055
0
LINE
8
BLACK
6
CONTINUOUS
10
2.13279062992126
20
1.393574527559055
11
2.1327905905511813
21
1.3935745669291337
0
LINE
8
BLACK
6
CONTINUOUS
10
2.1327905905511813
20
1.3935745669291337
11
2.1326602362204725
21
1.393670748031496
0
LINE
8
BLACK
6
CONTINUOUS
10
2.1326602362204725
20
1.393670748031496
11
2.1309968503937009
21
1.3958615748031495
0
LINE
8
BLACK
6
CONTINUOUS
10
2.1309968503937009
20
1.3958615748031495
11
2.1308436614173227
21
1.3963352362204724
0
LINE
8
BLACK
6
CONTINUOUS
10
2.1308436614173227
20
1.3963352362204724
11
2.1308267716535432
21
1.3963983070866142
0
LINE
8
BLACK
6
CONTINUOUS
10
2.1308267716535432
20
1.3963983070866142
11
2.1308267716535432
21
1.3963983464566929
0
LINE
8
BLACK
6
CONTINUOUS
10
2.1308267716535432
20
1.3963983464566929
11
2.1305487795275591
21
1.3974357874015748
0
LINE
8
BLACK
6
CONTINUOUS
10
2.1305487795275591
20
1.3974357874015748
11
2.1303147637795274
21
1.3983092125984251
0
LINE
8
BLACK
6
CONTINUOUS
10
2.1303147637795274
20
1.3983092125984251
11
2.1296851968503936
21
1.4006588976377952
0
LINE
8
BLACK
6
CONTINUOUS
10
2.1296851968503936
20
1.4006588976377952
11
2.1284538188976376
21
1.4027916535433071
0
LINE
8
BLACK
6
CONTINUOUS
10
2.1284538188976376
20
1.4027916535433071
11
2.1284538188976376
21
1.4027916929133859
0
LINE
8
BLACK
6
CONTINUOUS
10
2.1284538188976376
20
1.4027916929133859
11
2.1274798031496061
21
1.4044787401574803
0
LINE
8
BLACK
6
CONTINUOUS
10
2.1274798031496061
20
1.4044787401574803
11
2.1274797637795273
21
1.4044787795275591
0
LINE
8
BLACK
6
CONTINUOUS
10
2.1274797637795273
20
1.4044787795275591
11
2.127479724409449
21
1.4044788582677166
0
LINE
8
BLACK
6
CONTINUOUS
10
2.127479724409449
20
1.4044788582677166
11
2.1243607480314961
21
1.4075978346456692
0
LINE
8
BLACK
6
CONTINUOUS
10
2.1243607480314961
20
1.4075978346456692
11
2.1243607086614174
21
1.407597874015748
0
LINE
8
BLACK
6
CONTINUOUS
10
2.1243607086614174
20
1.407597874015748
11
2.1241902362204725
21
1.4077683464566928
0
LINE
8
BLACK
6
CONTINUOUS
10
2.1241902362204725
20
1.4077683464566928
11
2.1241898031496063
21
1.4077687401574803
0
LINE
8
BLACK
6
CONTINUOUS
10
2.1241898031496063
20
1.4077687401574803
11
2.0726875984251967
21
1.4592709842519684
0
LINE
8
BLACK
6
CONTINUOUS
10
2.0726875984251967
20
1.4592709842519684
11
2.0726875590551179
21
1.4592710236220472
0
LINE
8
BLACK
6
CONTINUOUS
10
2.0726875590551179
20
1.4592710236220472
11
2.0726875196850392
21
1.4592710629921259
0
LINE
8
BLACK
6
CONTINUOUS
10
2.0726875196850392
20
1.4592710629921259
11
2.068867598425197
21
1.461476496062992
0
LINE
8
BLACK
6
CONTINUOUS
10
2.068867598425197
20
1.461476496062992
11
2.0646070078740157
21
1.4626181102362203
0
LINE
8
BLACK
6
CONTINUOUS
10
2.0646070078740157
20
1.4626181102362203
11
2.064606968503937
21
1.4626181102362203
0
LINE
8
BLACK
6
CONTINUOUS
10
2.064606968503937
20
1.4626181102362203
11
2.0129724409448819
21
1.4626181102362203
0
LINE
8
BLACK
6
CONTINUOUS
10
2.0129724409448819
20
1.4626181102362203
11
2.0103331102362203
21
1.4633931102362205
0
LINE
8
BLACK
6
CONTINUOUS
10
2.0103331102362203
20
1.4633931102362205
11
2.0085317322834646
21
1.4654720078740158
0
LINE
8
BLACK
6
CONTINUOUS
10
2.0085317322834646
20
1.4654720078740158
11
2.0080905511811022
21
1.4675
0
LINE
8
BLACK
6
CONTINUOUS
10
2.0080905511811022
20
1.4675
11
2.0080905511811022
21
1.4691574803149605
0
LINE
8
BLACK
6
CONTINUOUS
10
2.0080905511811022
20
1.4691574803149605
11
2.
21
1.4691574803149605
0
LINE
8
BLACK
6
CONTINUOUS
10
2.
20
1.4691574803149605
11
2.
21
1.4675
0
LINE
8
BLACK
6
CONTINUOUS
10
2.
20
1.4675
11
1.999225
21
1.4648606692913386
0
LINE
8
BLACK
6
CONTINUOUS
10
1.999225
20
1.4648606692913386
11
1.9971461023622046
21
1.4630592913385827
0
LINE
8
BLACK
6
CONTINUOUS
10
1.9971461023622046
20
1.4630592913385827
11
1.9951181102362203
21
1.4626181102362203
0
LINE
8
BLACK
6
CONTINUOUS
10
1.9951181102362203
20
1.4626181102362203
11
1.983660590551181
21
1.4626181102362203
0
LINE
8
BLACK
6
CONTINUOUS
10
1.983660590551181
20
1.4626181102362203
11
1.9822794881889763
21
1.4622480708661416
0
LINE
8
BLACK
6
CONTINUOUS
10
1.9822794881889763
20
1.4622480708661416
11
1.982279527559055
21
1.4622480314960629
0
LINE
8
BLACK
6
CONTINUOUS
10
1.982279527559055
20
1.4622480314960629
11
1.9794000393700788
21
1.461476496062992
0
LINE
8
BLACK
6
CONTINUOUS
10
1.9794000393700788
20
1.461476496062992
11
1.9794
21
1.4614764566929133
0
LINE
8
BLACK
6
CONTINUOUS
10
1.9794
20
1.4614764566929133
11
1.9755803149606299
21
1.4592711417322834
0
LINE
8
BLACK
6
CONTINUOUS
10
1.9755803149606299
20
1.4592711417322834
11
1.9755800787401574
21
1.4592709842519684
0
LINE
8
BLACK
6
CONTINUOUS
10
1.9755800787401574
20
1.4592709842519684
11
1.941595157480315
21
1.425286062992126
0
LINE
8
BLACK
6
CONTINUOUS
10
1.941595157480315
20
1.425286062992126
11
1.941595
21
1.4252858267716535
0
LINE
8
BLACK
6
CONTINUOUS
10
1.941595
20
1.4252858267716535
11
1.9393896850393699
21
1.4214661417322834
0
LINE
8
BLACK
6
CONTINUOUS
10
1.9393896850393699
20
1.4214661417322834
11
1.9393896456692914
21
1.4214660236220471
0
LINE
8
BLACK
6
CONTINUOUS
10
1.9393896456692914
20
1.4214660236220471
11
1.9382480314960628
21
1.4172054330708661
0
LINE
8
BLACK
6
CONTINUOUS
10
1.9382480314960628
20
1.4172054330708661
11
1.9382480314960628
21
1.2939610236220471
0
LINE
8
BLACK
6
CONTINUOUS
10
1.9382480314960628
20
1.2939610236220471
11
1.9374730314960629
21
1.2913216929133857
0
LINE
8
BLACK
6
CONTINUOUS
10
1.9374730314960629
20
1.2913216929133857
11
1.9368181496062993
21
1.2905090157480315
0
LINE
8
BLACK
6
CONTINUOUS
10
1.9368181496062993
20
1.2905090157480315
11
1.8794909842519685
21
1.2331818503937007
0
LINE
8
BLACK
6
CONTINUOUS
10
1.8794909842519685
20
1.2331818503937007
11
1.8770766929133857
21
1.2318635433070866
0
LINE
8
BLACK
6
CONTINUOUS
10
1.8770766929133857
20
1.2318635433070866
11
1.8760389763779528
21
1.2317519685039371
0
LINE
8
BLACK
6
CONTINUOUS
10
1.8760389763779528
20
1.2317519685039371
11
1.7927945669291339
21
1.2317519685039371
0
LINE
8
BLACK
6
CONTINUOUS
10
1.7927945669291339
20
1.2317519685039371
11
1.7885339763779526
21
1.2306103543307085
0
LINE
8
BLACK
6
CONTINUOUS
10
1.7885339763779526
20
1.2306103543307085
11
1.7885338582677166
21
1.23061031496063
0
LINE
8
BLACK
6
CONTINUOUS
10
1.7885338582677166
20
1.23061031496063
11
1.7847141732283465
21
1.228405
0
LINE
8
BLACK
6
CONTINUOUS
10
1.7847141732283465
20
1.228405
11
1.784713937007874
21
1.228404842519685
0
LINE
8
BLACK
6
CONTINUOUS
10
1.784713937007874
20
1.228404842519685
11
1.7425951574803149
21
1.1862860629921259
0
LINE
8
BLACK
6
CONTINUOUS
10
1.7425951574803149
20
1.1862860629921259
11
1.7425949999999999
21
1.1862858267716536
0
LINE
8
BLACK
6
CONTINUOUS
10
1.7425949999999999
20
1.1862858267716536
11
1.7403896850393701
21
1.1824661417322835
0
LINE
8
BLACK
6
CONTINUOUS
10
1.7403896850393701
20
1.1824661417322835
11
1.7403896456692913
21
1.1824661023622047
0
LINE
8
BLACK
6
CONTINUOUS
10
1.7403896456692913
20
1.1824661023622047
11
1.7392812204724408
21
1.1783292913385826
0
LINE
8
BLACK
6
CONTINUOUS
10
1.7392812204724408
20
1.1783292913385826
11
1.7380176771653544
21
1.1761408267716535
0
LINE
8
BLACK
6
CONTINUOUS
10
1.7380176771653544
20
1.1761408267716535
11
1.7374602755905511
21
1.1755834251968504
0
LINE
8
BLACK
6
CONTINUOUS
10
1.7374602755905511
20
1.1755834251968504
11
1.7350459842519685
21
1.1742651181102362
0
LINE
8
BLACK
6
CONTINUOUS
10
1.7350459842519685
20
1.1742651181102362
11
1.7340082677165354
21
1.1741535433070867
0
LINE
8
BLACK
6
CONTINUOUS
10
1.7340082677165354
20
1.1741535433070867
11
1.6896302362204725
21
1.1741535433070867
0
LINE
8
BLACK
6
CONTINUOUS
10
1.6896302362204725
20
1.1741535433070867
11
1.6869909055118111
21
1.1749285433070866
0
LINE
8
BLACK
6
CONTINUOUS
10
1.6869909055118111
20
1.1749285433070866
11
1.6851895275590552
21
1.1770074409448819
0
LINE
8
BLACK
6
CONTINUOUS
10
1.6851895275590552
20
1.1770074409448819
11
1.6847980314960629
21
1.1797301968503937
0
LINE
8
BLACK
6
CONTINUOUS
10
1.6847980314960629
20
1.1797301968503937
11
1.6859407480314961
21
1.1822324015748031
0
LINE
8
BLACK
6
CONTINUOUS
10
1.6859407480314961
20
1.1822324015748031
11
1.6861768503937007
21
1.1824860629921259
0
LINE
8
BLACK
6
CONTINUOUS
10
1.6861768503937007
20
1.1824860629921259
11
1.6934048818897638
21
1.1897140157480315
0
LINE
8
BLACK
6
CONTINUOUS
10
1.6934048818897638
20
1.1897140157480315
11
1.6937351181102362
21
1.1902859448818897
0
LINE
8
BLACK
6
CONTINUOUS
10
1.6937351181102362
20
1.1902859448818897
11
1.6956103543307086
21
1.1935339763779527
0
LINE
8
BLACK
6
CONTINUOUS
10
1.6956103543307086
20
1.1935339763779527
11
1.6956524409448819
21
1.193691062992126
0
LINE
8
BLACK
6
CONTINUOUS
10
1.6956524409448819
20
1.193691062992126
11
1.6960032283464566
21
1.1950000393700788
0
LINE
8
BLACK
6
CONTINUOUS
10
1.6960032283464566
20
1.1950000393700788
11
1.6965183858267716
21
1.1969228346456693
0
LINE
8
BLACK
6
CONTINUOUS
10
1.6965183858267716
20
1.1969228346456693
11
1.6967519685039369
21
1.1977945275590551
0
LINE
8
BLACK
6
CONTINUOUS
10
1.6967519685039369
20
1.1977945275590551
11
1.6967519685039369
21
1.202205433070866
0
LINE
8
BLACK
6
CONTINUOUS
10
1.6967519685039369
20
1.202205433070866
11
1.6967519685039369
21
1.2768307086614172
0
LINE
8
BLACK
6
CONTINUOUS
10
1.6967519685039369
20
1.2768307086614172
11
1.6975269685039369
21
1.2794700393700786
0
LINE
8
BLACK
6
CONTINUOUS
10
1.6975269685039369
20
1.2794700393700786
11
1.6996058661417321
21
1.2812714173228346
0
LINE
8
BLACK
6
CONTINUOUS
10
1.6996058661417321
20
1.2812714173228346
11
1.7016338582677164
21
1.2817125984251969
0
LINE
8
BLACK
6
CONTINUOUS
10
1.7016338582677164
20
1.2817125984251969
11
1.7656699212598426
21
1.2817125984251969
0
LINE
8
BLACK
6
CONTINUOUS
10
1.7656699212598426
20
1.2817125984251969
11
1.7656699999999999
21
1.2817125984251969
0
LINE
8
BLACK
6
CONTINUOUS
10
1.7656699999999999
20
1.2817125984251969
11
1.7699305905511811
21
1.2828542125984252
0
LINE
8
BLACK
6
CONTINUOUS
10
1.7699305905511811
20
1.2828542125984252
11
1.7737505118110235
21
1.2850596456692913
0
LINE
8
BLACK
6
CONTINUOUS
10
1.7737505118110235
20
1.2850596456692913
11
1.8082417716535433
21
1.3195509055118111
0
LINE
8
BLACK
6
CONTINUOUS
10
1.8082417716535433
20
1.3195509055118111
11
1.810656062992126
21
1.3208692125984252
0
LINE
8
BLACK
6
CONTINUOUS
10
1.810656062992126
20
1.3208692125984252
11
1.8116937795275589
21
1.3209807874015749
0
LINE
8
BLACK
6
CONTINUOUS
10
1.8116937795275589
20
1.3209807874015749
11
1.8135486614173228
21
1.3209807874015749
0
LINE
8
BLACK
6
CONTINUOUS
10
1.8135486614173228
20
1.3209807874015749
11
1.8146148818897638
21
1.3211361417322833
0
LINE
8
BLACK
6
CONTINUOUS
10
1.8146148818897638
20
1.3211361417322833
11
1.8162310236220471
21
1.3213716141732283
0
LINE
8
BLACK
6
CONTINUOUS
10
1.8162310236220471
20
1.3213716141732283
11
1.8203684251968504
21
1.3233942519685038
0
LINE
8
BLACK
6
CONTINUOUS
10
1.8203684251968504
20
1.3233942519685038
11
1.8236249212598425
21
1.326650748031496
0
LINE
8
BLACK
6
CONTINUOUS
10
1.8236249212598425
20
1.326650748031496
11
1.825647559055118
21
1.3307881496062992
0
LINE
8
BLACK
6
CONTINUOUS
10
1.825647559055118
20
1.3307881496062992
11
1.8260383858267717
21
1.3334705511811022
0
LINE
8
BLACK
6
CONTINUOUS
10
1.8260383858267717
20
1.3334705511811022
11
1.8260383858267717
21
1.336276062992126
0
LINE
8
BLACK
6
CONTINUOUS
10
1.8260383858267717
20
1.336276062992126
11
1.8268133858267717
21
1.3389153937007874
0
LINE
8
BLACK
6
CONTINUOUS
10
1.8268133858267717
20
1.3389153937007874
11
1.8288922834645669
21
1.3407167716535433
0
LINE
8
BLACK
6
CONTINUOUS
10
1.8288922834645669
20
1.3407167716535433
11
1.8309202755905511
21
1.3411579527559054
0
LINE
8
BLACK
6
CONTINUOUS
10
1.8309202755905511
20
1.3411579527559054
11
1.8416606692913386
21
1.3411579527559054
0
LINE
8
BLACK
6
CONTINUOUS
10
1.8416606692913386
20
1.3411579527559054
11
1.8443000000000001
21
1.3403829527559055
0
LINE
8
BLACK
6
CONTINUOUS
10
1.8443000000000001
20
1.3403829527559055
11
1.8455886220472439
21
1.339175
0
LINE
8
BLACK
6
CONTINUOUS
10
1.8455886220472439
20
1.339175
11
1.848616062992126
21
1.3350729133858268
0
LINE
8
BLACK
6
CONTINUOUS
10
1.848616062992126
20
1.3350729133858268
11
1.8486161023622047
21
1.3350729133858268
0
LINE
8
BLACK
6
CONTINUOUS
10
1.8486161023622047
20
1.3350729133858268
11
1.8486161417322835
21
1.3350728346456693
0
LINE
8
BLACK
6
CONTINUOUS
10
1.8486161417322835
20
1.3350728346456693
11
1.8529180314960629
21
1.3318979133858266
0
LINE
8
BLACK
6
CONTINUOUS
10
1.8529180314960629
20
1.3318979133858266
11
1.8546001968503936
21
1.3313092913385827
0
LINE
8
BLACK
6
CONTINUOUS
10
1.8546001968503936
20
1.3313092913385827
11
1.8579645275590551
21
1.3301320472440945
0
LINE
8
BLACK
6
CONTINUOUS
10
1.8579645275590551
20
1.3301320472440945
11
1.8591625984251967
21
1.33001968503937
0
LINE
8
BLACK
6
CONTINUOUS
10
1.8591625984251967
20
1.33001968503937
11
1.8591627559055117
21
1.33001968503937
0
LINE
8
BLACK
6
CONTINUOUS
10
1.8591627559055117
20
1.33001968503937
11
1.9008374015748031
21
1.33001968503937
0
LINE
8
BLACK
6
CONTINUOUS
10
1.9008374015748031
20
1.33001968503937
11
1.9020353937007874
21
1.3301320472440945
0
LINE
8
BLACK
6
CONTINUOUS
10
1.9020353937007874
20
1.3301320472440945
11
1.9020354724409447
21
1.3301320472440945
0
LINE
8
BLACK
6
CONTINUOUS
10
1.9020354724409447
20
1.3301320472440945
11
1.9045586614173229
21
1.3310150000000001
0
LINE
8
BLACK
6
CONTINUOUS
10
1.9045586614173229
20
1.3310150000000001
11
1.9070819685039371
21
1.3318979133858266
0
LINE
8
BLACK
6
CONTINUOUS
10
1.9070819685039371
20
1.3318979133858266
11
1.9113838582677165
21
1.3350728346456693
0
LINE
8
BLACK
6
CONTINUOUS
10
1.9113838582677165
20
1.3350728346456693
11
1.9145587795275589
21
1.3393747244094487
0
LINE
8
BLACK
6
CONTINUOUS
10
1.9145587795275589
20
1.3393747244094487
11
1.9154416929133857
21
1.3418980314960629
0
LINE
8
BLACK
6
CONTINUOUS
10
1.9154416929133857
20
1.3418980314960629
11
1.9163246456692913
21
1.3444212204724408
0
LINE
8
BLACK
6
CONTINUOUS
10
1.9163246456692913
20
1.3444212204724408
11
1.9163246456692913
21
1.3444212992125983
0
LINE
8
BLACK
6
CONTINUOUS
10
1.9163246456692913
20
1.3444212992125983
11
1.9164370078740156
21
1.3456193307086615
0
LINE
8
BLACK
6
CONTINUOUS
10
1.9164370078740156
20
1.3456193307086615
11
1.9164370078740156
21
1.369577559055118
0
LINE
8
BLACK
6
CONTINUOUS
10
1.9164370078740156
20
1.369577559055118
11
1.9163246456692913
21
1.3707755905511811
0
LINE
8
BLACK
6
CONTINUOUS
10
1.9163246456692913
20
1.3707755905511811
11
1.9163246456692913
21
1.3707756692913386
0
LINE
8
BLACK
6
CONTINUOUS
10
1.9163246456692913
20
1.3707756692913386
11
1.9145587795275589
21
1.3758220866141733
0
LINE
8
BLACK
6
CONTINUOUS
10
1.9145587795275589
20
1.3758220866141733
11
1.9145587401574802
21
1.3758221653543308
0
LINE
8
BLACK
6
CONTINUOUS
10
1.9145587401574802
20
1.3758221653543308
11
1.9139516141732282
21
1.3766448031496064
0
LINE
8
BLACK
6
CONTINUOUS
10
1.9139516141732282
20
1.3766448031496064
11
1.9113838582677165
21
1.3801240157480315
0
LINE
8
BLACK
6
CONTINUOUS
10
1.9113838582677165
20
1.3801240157480315
11
1.9070819685039371
21
1.3832989370078739
0
LINE
8
BLACK
6
CONTINUOUS
10
1.9070819685039371
20
1.3832989370078739
11
1.9070818897637796
21
1.3832989763779526
0
LINE
8
BLACK
6
CONTINUOUS
10
1.9070818897637796
20
1.3832989763779526
11
1.9045656299212599
21
1.3841794488188977
0
LINE
8
BLACK
6
CONTINUOUS
10
1.9045656299212599
20
1.3841794488188977
11
1.9023303543307086
21
1.3857826771653543
0
LINE
8
BLACK
6
CONTINUOUS
10
1.9023303543307086
20
1.3857826771653543
11
1.9013166929133858
21
1.3883398425196849
0
LINE
8
BLACK
6
CONTINUOUS
10
1.9013166929133858
20
1.3883398425196849
11
1.9018464960629922
21
1.3910391338582677
0
LINE
8
BLACK
6
CONTINUOUS
10
1.9018464960629922
20
1.3910391338582677
11
1.903751496062992
21
1.3930235039370078
0
LINE
8
BLACK
6
CONTINUOUS
10
1.903751496062992
20
1.3930235039370078
11
1.9046424409448819
21
1.3934214566929133
0
LINE
8
BLACK
6
CONTINUOUS
10
1.9046424409448819
20
1.3934214566929133
11
1.9112645275590552
21
1.3956158267716534
0
LINE
8
BLACK
6
CONTINUOUS
10
1.9112645275590552
20
1.3956158267716534
11
1.9112647244094487
21
1.3956159055118109
0
LINE
8
BLACK
6
CONTINUOUS
10
1.9112647244094487
20
1.3956159055118109
11
1.9171395669291338
21
1.3992395669291338
0
LINE
8
BLACK
6
CONTINUOUS
10
1.9171395669291338
20
1.3992395669291338
11
1.9220202755905511
21
1.4041202755905511
0
LINE
8
BLACK
6
CONTINUOUS
10
1.9220202755905511
20
1.4041202755905511
11
1.925643937007874
21
1.4099951181102361
0
LINE
8
BLACK
6
CONTINUOUS
10
1.925643937007874
20
1.4099951181102361
11
1.9256440157480315
21
1.4099953149606299
0
LINE
8
BLACK
6
CONTINUOUS
10
1.9256440157480315
20
1.4099953149606299
11
1.9278151574803148
21
1.4165473622047244
0
LINE
8
BLACK
6
CONTINUOUS
10
1.9278151574803148
20
1.4165473622047244
11
1.9278151968503936
21
1.4165476377952755
0
LINE
8
BLACK
6
CONTINUOUS
10
1.9278151968503936
20
1.4165476377952755
11
1.9282283070866142
21
1.4205911023622046
0
LINE
8
BLACK
6
CONTINUOUS
10
1.9282283070866142
20
1.4205911023622046
11
1.9282283464566929
21
1.4205916141732282
0
LINE
8
BLACK
6
CONTINUOUS
10
1.9282283464566929
20
1.4205916141732282
11
1.9282283464566929
21
1.4225590551181102
0
LINE
8
BLACK
6
CONTINUOUS
10
1.9282283464566929
20
1.4225590551181102
11
1.9085433070866142
21
1.4225590551181102
0
LINE
8
BLACK
6
CONTINUOUS
10
1.9085433070866142
20
1.4225590551181102
11
1.907794094488189
21
1.4187924803149605
0
LINE
8
BLACK
6
CONTINUOUS
10
1.907794094488189
20
1.4187924803149605
11
1.9056605118110235
21
1.4155993307086614
0
LINE
8
BLACK
6
CONTINUOUS
10
1.9056605118110235
20
1.4155993307086614
11
1.9024673622047243
21
1.413465748031496
0
LINE
8
BLACK
6
CONTINUOUS
10
1.9024673622047243
20
1.413465748031496
11
1.8987007874015747
21
1.4127165354330709
0
LINE
8
BLACK
6
CONTINUOUS
10
1.8987007874015747
20
1.4127165354330709
11
1.8612992125984251
21
1.4127165354330709
0
LINE
8
BLACK
6
CONTINUOUS
10
1.8612992125984251
20
1.4127165354330709
11
1.8575326377952754
21
1.413465748031496
0
LINE
8
BLACK
6
CONTINUOUS
10
1.8575326377952754
20
1.413465748031496
11
1.8543394881889763
21
1.4155993307086614
0
LINE
8
BLACK
6
CONTINUOUS
10
1.8543394881889763
20
1.4155993307086614
11
1.852205905511811
21
1.4187924803149605
0
LINE
8
BLACK
6
CONTINUOUS
10
1.852205905511811
20
1.4187924803149605
11
1.8514566929133858
21
1.4225590551181102
0
LINE
8
BLACK
6
CONTINUOUS
10
1.8514566929133858
20
1.4225590551181102
11
1.8317716929133858
21
1.4225590551181102
0
LINE
8
BLACK
6
CONTINUOUS
10
1.8317716929133858
20
1.4225590551181102
11
1.8317716929133858
21
1.4205911023622046
0
LINE
8
BLACK
6
CONTINUOUS
10
1.8317716929133858
20
1.4205911023622046
11
1.8321848031496062
21
1.4165473622047244
0
LINE
8
BLACK
6
CONTINUOUS
10
1.8321848031496062
20
1.4165473622047244
11
1.8343559448818898
21
1.4099953149606299
0
LINE
8
BLACK
6
CONTINUOUS
10
1.8343559448818898
20
1.4099953149606299
11
1.8343560236220473
21
1.4099951181102361
0
LINE
8
BLACK
6
CONTINUOUS
10
1.8343560236220473
20
1.4099951181102361
11
1.8379796850393699
21
1.4041202755905511
0
LINE
8
BLACK
6
CONTINUOUS
10
1.8379796850393699
20
1.4041202755905511
11
1.8428603937007875
21
1.3992395669291338
0
LINE
8
BLACK
6
CONTINUOUS
10
1.8428603937007875
20
1.3992395669291338
11
1.8487352362204723
21
1.3956159055118109
0
LINE
8
BLACK
6
CONTINUOUS
10
1.8487352362204723
20
1.3956159055118109
11
1.8487355118110236
21
1.3956157874015749
0
LINE
8
BLACK
6
CONTINUOUS
10
1.8487355118110236
20
1.3956157874015749
11
1.8553575196850394
21
1.393421496062992
0
LINE
8
BLACK
6
CONTINUOUS
10
1.8553575196850394
20
1.393421496062992
11
1.8576191338582677
21
1.3918556692913386
0
LINE
8
BLACK
6
CONTINUOUS
10
1.8576191338582677
20
1.3918556692913386
11
1.8586751968503936
21
1.3893156692913387
0
LINE
8
BLACK
6
CONTINUOUS
10
1.8586751968503936
20
1.3893156692913387
11
1.8581903543307086
21
1.3866079527559054
0
LINE
8
BLACK
6
CONTINUOUS
10
1.8581903543307086
20
1.3866079527559054
11
1.8563186220472441
21
1.3845922047244095
0
LINE
8
BLACK
6
CONTINUOUS
10
1.8563186220472441
20
1.3845922047244095
11
1.8554344488188976
21
1.3841794881889764
0
LINE
8
BLACK
6
CONTINUOUS
10
1.8554344488188976
20
1.3841794881889764
11
1.8540815354330709
21
1.3837060629921261
0
LINE
8
BLACK
6
CONTINUOUS
10
1.8540815354330709
20
1.3837060629921261
11
1.8529180314960629
21
1.3832989370078739
0
LINE
8
BLACK
6
CONTINUOUS
10
1.8529180314960629
20
1.3832989370078739
11
1.8529179921259842
21
1.3832989370078739
0
LINE
8
BLACK
6
CONTINUOUS
10
1.8529179921259842
20
1.3832989370078739
11
1.8529179527559054
21
1.3832988976377953
0
LINE
8
BLACK
6
CONTINUOUS
10
1.8529179527559054
20
1.3832988976377953
11
1.8486161417322835
21
1.3801240157480315
0
LINE
8
BLACK
6
CONTINUOUS
10
1.8486161417322835
20
1.3801240157480315
11
1.8460483858267716
21
1.3766448031496064
0
LINE
8
BLACK
6
CONTINUOUS
10
1.8460483858267716
20
1.3766448031496064
11
1.8438575590551181
21
1.3749814173228345
0
LINE
8
BLACK
6
CONTINUOUS
10
1.8438575590551181
20
1.3749814173228345
11
1.842120433070866
21
1.3746618897637795
0
LINE
8
BLACK
6
CONTINUOUS
10
1.842120433070866
20
1.3746618897637795
11
1.8309202755905511
21
1.3746618897637795
0
LINE
8
BLACK
6
CONTINUOUS
10
1.8309202755905511
20
1.3746618897637795
11
1.8282809448818897
21
1.3754368897637794
0
LINE
8
BLACK
6
CONTINUOUS
10
1.8282809448818897
20
1.3754368897637794
11
1.8264795669291338
21
1.3775157874015749
0
LINE
8
BLACK
6
CONTINUOUS
10
1.8264795669291338
20
1.3775157874015749
11
1.8260383858267717
21
1.3795437795275591
0
LINE
8
BLACK
6
CONTINUOUS
10
1.8260383858267717
20
1.3795437795275591
11
1.8260383858267717
21
1.3823493307086614
0
LINE
8
BLACK
6
CONTINUOUS
10
1.8260383858267717
20
1.3823493307086614
11
1.825647559055118
21
1.3850316535433072
0
LINE
8
BLACK
6
CONTINUOUS
10
1.825647559055118
20
1.3850316535433072
11
1.825647559055118
21
1.3850316929133859
0
LINE
8
BLACK
6
CONTINUOUS
10
1.825647559055118
20
1.3850316929133859
11
1.8236249212598425
21
1.3891690944881889
0
LINE
8
BLACK
6
CONTINUOUS
10
1.8236249212598425
20
1.3891690944881889
11
1.823624842519685
21
1.3891691732283464
0
LINE
8
BLACK
6
CONTINUOUS
10
1.823624842519685
20
1.3891691732283464
11
1.823624842519685
21
1.3891692125984252
0
LINE
8
BLACK
6
CONTINUOUS
10
1.823624842519685
20
1.3891692125984252
11
1.8203685039370079
21
1.3924255511811023
0
LINE
8
BLACK
6
CONTINUOUS
10
1.8203685039370079
20
1.3924255511811023
11
1.8162309448818896
21
1.3944482677165353
0
LINE
8
BLACK
6
CONTINUOUS
10
1.8162309448818896
20
1.3944482677165353
11
1.8135486614173228
21
1.3948390551181102
0
LINE
8
BLACK
6
CONTINUOUS
10
1.8135486614173228
20
1.3948390551181102
11
1.8135486220472441
21
1.3948390551181102
0
LINE
8
BLACK
6
CONTINUOUS
10
1.8135486220472441
20
1.3948390551181102
11
1.8039907480314961
21
1.3948390551181102
0
LINE
8
BLACK
6
CONTINUOUS
10
1.8039907480314961
20
1.3948390551181102
11
1.8013514173228347
21
1.3956140551181102
0
LINE
8
BLACK
6
CONTINUOUS
10
1.8013514173228347
20
1.3956140551181102
11
1.7995500393700787
21
1.3976929527559054
0
LINE
8
BLACK
6
CONTINUOUS
10
1.7995500393700787
20
1.3976929527559054
11
1.7991585433070865
21
1.4004157086614173
0
LINE
8
BLACK
6
CONTINUOUS
10
1.7991585433070865
20
1.4004157086614173
11
1.7993027165354329
21
1.4010829527559054
0
LINE
8
BLACK
6
CONTINUOUS
10
1.7993027165354329
20
1.4010829527559054
11
1.800313937007874
21
1.4045636614173227
0
LINE
8
BLACK
6
CONTINUOUS
10
1.800313937007874
20
1.4045636614173227
11
1.8003139763779528
21
1.4045638976377952
0
LINE
8
BLACK
6
CONTINUOUS
10
1.8003139763779528
20
1.4045638976377952
11
1.8004281102362205
21
1.4060142913385827
0
LINE
8
BLACK
6
CONTINUOUS
10
1.8004281102362205
20
1.4060142913385827
11
1.8004281496062993
21
1.4060148818897638
0
LINE
8
BLACK
6
CONTINUOUS
10
1.8004281496062993
20
1.4060148818897638
11
1.8004281496062993
21
1.4218862992125985
0
LINE
8
BLACK
6
CONTINUOUS
10
1.8004281496062993
20
1.4218862992125985
11
1.7807431102362203
21
1.4218862992125985
0
LINE
8
BLACK
6
CONTINUOUS
10
1.7807431102362203
20
1.4218862992125985
11
1.7807431102362203
21
1.4085988976377952
0
LINE
8
BLACK
6
CONTINUOUS
10
1.7807431102362203
20
1.4085988976377952
11
1.7802935826771653
21
1.406338937007874
0
LINE
8
BLACK
6
CONTINUOUS
10
1.7802935826771653
20
1.406338937007874
11
1.7790134251968504
21
1.4044230708661416
0
LINE
8
BLACK
6
CONTINUOUS
10
1.7790134251968504
20
1.4044230708661416
11
1.7787746062992125
21
1.4042635039370079
0
LINE
8
BLACK
6
CONTINUOUS
10
1.7787746062992125
20
1.4042635039370079
11
1.7787746062992125
21
1.3831148425196851
0
LINE
8
BLACK
6
CONTINUOUS
10
1.7787746062992125
20
1.3831148425196851
11
1.7787746456692912
21
1.3831148425196851
0
LINE
8
BLACK
6
CONTINUOUS
10
1.7787746456692912
20
1.3831148425196851
11
1.7788724803149605
21
1.3831225196850394
0
LINE
8
BLACK
6
CONTINUOUS
10
1.7788724803149605
20
1.3831225196850394
11
1.7803850393700786
21
1.3835619291338583
0
LINE
8
BLACK
6
CONTINUOUS
10
1.7803850393700786
20
1.3835619291338583
11
1.7831358267716535
21
1.3835540551181102
0
LINE
8
BLACK
6
CONTINUOUS
10
1.7831358267716535
20
1.3835540551181102
11
1.7854456692913385
21
1.3820602362204724
0
LINE
8
BLACK
6
CONTINUOUS
10
1.7854456692913385
20
1.3820602362204724
11
1.7865812204724409
21
1.3795548031496063
0
LINE
8
BLACK
6
CONTINUOUS
10
1.7865812204724409
20
1.3795548031496063
11
1.7866289370078741
21
1.3788738582677165
0
LINE
8
BLACK
6
CONTINUOUS
10
1.7866289370078741
20
1.3788738582677165
11
1.7866289370078741
21
1.3473419291338582
0
LINE
8
BLACK
6
CONTINUOUS
10
1.7866289370078741
20
1.3473419291338582
11
1.7858539370078739
21
1.3447025984251968
0
LINE
8
BLACK
6
CONTINUOUS
10
1.7858539370078739
20
1.3447025984251968
11
1.7851990551181103
21
1.3438899212598425
0
LINE
8
BLACK
6
CONTINUOUS
10
1.7851990551181103
20
1.3438899212598425
11
1.7579555511811022
21
1.3166464173228347
0
LINE
8
BLACK
6
CONTINUOUS
10
1.7579555511811022
20
1.3166464173228347
11
1.7555412598425197
21
1.3153281102362204
0
LINE
8
BLACK
6
CONTINUOUS
10
1.7555412598425197
20
1.3153281102362204
11
1.7545035433070866
21
1.3152165354330709
0
LINE
8
BLACK
6
CONTINUOUS
10
1.7545035433070866
20
1.3152165354330709
11
1.7491735039370078
21
1.3152165354330709
0
LINE
8
BLACK
6
CONTINUOUS
10
1.7491735039370078
20
1.3152165354330709
11
1.7465341732283464
21
1.3159915354330709
0
LINE
8
BLACK
6
CONTINUOUS
10
1.7465341732283464
20
1.3159915354330709
11
1.7447327952755904
21
1.3180704330708661
0
LINE
8
BLACK
6
CONTINUOUS
10
1.7447327952755904
20
1.3180704330708661
11
1.7443412992125984
21
1.320793188976378
0
LINE
8
BLACK
6
CONTINUOUS
10
1.7443412992125984
20
1.320793188976378
11
1.7454840157480314
21
1.3232953937007874
0
LINE
8
BLACK
6
CONTINUOUS
10
1.7454840157480314
20
1.3232953937007874
11
1.7457214960629921
21
1.3235504330708661
0
LINE
8
BLACK
6
CONTINUOUS
10
1.7457214960629921
20
1.3235504330708661
11
1.7488216929133857
21
1.3266506692913385
0
LINE
8
BLACK
6
CONTINUOUS
10
1.7488216929133857
20
1.3266506692913385
11
1.7488217716535432
21
1.326650748031496
0
LINE
8
BLACK
6
CONTINUOUS
10
1.7488217716535432
20
1.326650748031496
11
1.7508444094488189
21
1.3307881496062992
0
LINE
8
BLACK
6
CONTINUOUS
10
1.7508444094488189
20
1.3307881496062992
11
1.7512352362204724
21
1.3334705511811022
0
LINE
8
BLACK
6
CONTINUOUS
10
1.7512352362204724
20
1.3334705511811022
11
1.7512352362204724
21
1.3788738582677165
0
LINE
8
BLACK
6
CONTINUOUS
10
1.7512352362204724
20
1.3788738582677165
11
1.7520102362204724
21
1.3815131889763779
0
LINE
8
BLACK
6
CONTINUOUS
10
1.7520102362204724
20
1.3815131889763779
11
1.7540891338582676
21
1.3833145669291338
0
LINE
8
BLACK
6
CONTINUOUS
10
1.7540891338582676
20
1.3833145669291338
11
1.7568118897637794
21
1.3837060629921261
0
LINE
8
BLACK
6
CONTINUOUS
10
1.7568118897637794
20
1.3837060629921261
11
1.7574791338582676
21
1.3835619291338583
0
LINE
8
BLACK
6
CONTINUOUS
10
1.7574791338582676
20
1.3835619291338583
11
1.7589916929133858
21
1.3831225196850394
0
LINE
8
BLACK
6
CONTINUOUS
10
1.7589916929133858
20
1.3831225196850394
11
1.7589915748031495
21
1.3831225196850394
0
LINE
8
BLACK
6
CONTINUOUS
10
1.7589915748031495
20
1.3831225196850394
11
1.7590894881889763
21
1.3831148425196851
0
LINE
8
BLACK
6
CONTINUOUS
10
1.7590894881889763
20
1.3831148425196851
11
1.7590895669291338
21
1.3831148425196851
0
LINE
8
BLACK
6
CONTINUOUS
10
1.7590895669291338
20
1.3831148425196851
11
1.7590895669291338
21
1.4042635039370079
0
LINE
8
BLACK
6
CONTINUOUS
10
1.7590895669291338
20
1.4042635039370079
11
1.7588507480314961
21
1.4044230708661416
0
LINE
8
BLACK
6
CONTINUOUS
10
1.7588507480314961
20
1.4044230708661416
11
1.7575705905511811
21
1.406338937007874
0
LINE
8
BLACK
6
CONTINUOUS
10
1.7575705905511811
20
1.406338937007874
11
1.7571210629921259
21
1.4085988976377952
0
LINE
8
BLACK
6
CONTINUOUS
10
1.7571210629921259
20
1.4085988976377952
11
1.7571210629921259
21
1.4218862992125985
0
LINE
8
BLACK
6
CONTINUOUS
10
1.7571210629921259
20
1.4218862992125985
11
1.7374360236220472
21
1.4218862992125985
0
LINE
8
BLACK
6
CONTINUOUS
10
1.7374360236220472
20
1.4218862992125985
11
1.7374360236220472
21
1.4060142913385827
0
LINE
8
BLACK
6
CONTINUOUS
10
1.7374360236220472
20
1.4060142913385827
11
1.7375501574803149
21
1.4045638976377952
0
LINE
8
BLACK
6
CONTINUOUS
10
1.7375501574803149
20
1.4045638976377952
11
1.7375501968503937
21
1.4045636614173227
0
LINE
8
BLACK
6
CONTINUOUS
10
1.7375501968503937
20
1.4045636614173227
11
1.7385614566929133
21
1.4010829527559054
0
LINE
8
BLACK
6
CONTINUOUS
10
1.7385614566929133
20
1.4010829527559054
11
1.738553622047244
21
1.3983321653543306
0
LINE
8
BLACK
6
CONTINUOUS
10
1.738553622047244
20
1.3983321653543306
11
1.737059842519685
21
1.3960223228346456
0
LINE
8
BLACK
6
CONTINUOUS
10
1.737059842519685
20
1.3960223228346456
11
1.73455437007874
21
1.3948867716535434
0
LINE
8
BLACK
6
CONTINUOUS
10
1.73455437007874
20
1.3948867716535434
11
1.7338734251968504
21
1.3948390551181102
0
LINE
8
BLACK
6
CONTINUOUS
10
1.7338734251968504
20
1.3948390551181102
11
1.7243155118110236
21
1.3948390551181102
0
LINE
8
BLACK
6
CONTINUOUS
10
1.7243155118110236
20
1.3948390551181102
11
1.7216331889763778
21
1.3944482677165353
0
LINE
8
BLACK
6
CONTINUOUS
10
1.7216331889763778
20
1.3944482677165353
11
1.7174956299212598
21
1.3924255511811023
0
LINE
8
BLACK
6
CONTINUOUS
10
1.7174956299212598
20
1.3924255511811023
11
1.7142392913385827
21
1.3891692125984252
0
LINE
8
BLACK
6
CONTINUOUS
10
1.7142392913385827
20
1.3891692125984252
11
1.7122165748031495
21
1.3850316535433072
0
LINE
8
BLACK
6
CONTINUOUS
10
1.7122165748031495
20
1.3850316535433072
11
1.7118257874015748
21
1.3823493307086614
0
LINE
8
BLACK
6
CONTINUOUS
10
1.7118257874015748
20
1.3823493307086614
11
1.7118257874015748
21
1.3795437795275591
0
LINE
8
BLACK
6
CONTINUOUS
10
1.7118257874015748
20
1.3795437795275591
11
1.7110507874015748
21
1.3769044488188975
0
LINE
8
BLACK
6
CONTINUOUS
10
1.7110507874015748
20
1.3769044488188975
11
1.7089718897637796
21
1.3751030708661418
0
LINE
8
BLACK
6
CONTINUOUS
10
1.7089718897637796
20
1.3751030708661418
11
1.7069438976377953
21
1.3746618897637795
0
LINE
8
BLACK
6
CONTINUOUS
10
1.7069438976377953
20
1.3746618897637795
11
1.6672398818897638
21
1.3746618897637795
0
LINE
8
BLACK
6
CONTINUOUS
10
1.6672398818897638
20
1.3746618897637795
11
1.6640390944881889
21
1.3738042519685039
0
LINE
8
BLACK
6
CONTINUOUS
10
1.6640390944881889
20
1.3738042519685039
11
1.6612890944881888
21
1.3738697244094489
0
LINE
8
BLACK
6
CONTINUOUS
10
1.6612890944881888
20
1.3738697244094489
11
1.659011062992126
21
1.3754115748031497
0
LINE
8
BLACK
6
CONTINUOUS
10
1.659011062992126
20
1.3754115748031497
11
1.6579282283464567
21
1.3779402755905512
0
LINE
8
BLACK
6
CONTINUOUS
10
1.6579282283464567
20
1.3779402755905512
11
1.6578937007874015
21
1.3785198031496062
0
LINE
8
BLACK
6
CONTINUOUS
10
1.6578937007874015
20
1.3785198031496062
11
1.6578937007874015
21
1.3807775984251969
0
LINE
8
BLACK
6
CONTINUOUS
10
1.6578937007874015
20
1.3807775984251969
11
1.6578936614173228
21
1.3807776771653544
0
LINE
8
BLACK
6
CONTINUOUS
10
1.6578936614173228
20
1.3807776771653544
11
1.6574357480314961
21
1.3830799212598426
0
LINE
8
BLACK
6
CONTINUOUS
10
1.6574357480314961
20
1.3830799212598426
11
1.6574357086614173
21
1.3830799606299213
0
LINE
8
BLACK
6
CONTINUOUS
10
1.6574357086614173
20
1.3830799606299213
11
1.6556910236220472
21
1.385691062992126
0
LINE
8
BLACK
6
CONTINUOUS
10
1.6556910236220472
20
1.385691062992126
11
1.6530799212598424
21
1.3874357480314961
0
LINE
8
BLACK
6
CONTINUOUS
10
1.6530799212598424
20
1.3874357480314961
11
1.6530798818897638
21
1.3874357874015748
0
LINE
8
BLACK
6
CONTINUOUS
10
1.6530798818897638
20
1.3874357874015748
11
1.6507776377952756
21
1.3878937007874015
0
LINE
8
BLACK
6
CONTINUOUS
10
1.6507776377952756
20
1.3878937007874015
11
1.6507774803149606
21
1.3878937007874015
0
LINE
8
BLACK
6
CONTINUOUS
10
1.6507774803149606
20
1.3878937007874015
11
1.5892225196850394
21
1.3878937007874015
0
LINE
8
BLACK
6
CONTINUOUS
10
1.5892225196850394
20
1.3878937007874015
11
1.5892223228346456
21
1.3878937007874015
0
LINE
8
BLACK
6
CONTINUOUS
10
1.5892223228346456
20
1.3878937007874015
11
1.5869200787401574
21
1.3874357874015748
0
LINE
8
BLACK
6
CONTINUOUS
10
1.5869200787401574
20
1.3874357874015748
11
1.5869200393700786
21
1.3874357480314961
0
LINE
8
BLACK
6
CONTINUOUS
10
1.5869200393700786
20
1.3874357480314961
11
1.584308937007874
21
1.385691062992126
0
LINE
8
BLACK
6
CONTINUOUS
10
1.584308937007874
20
1.385691062992126
11
1.5825642519685039
21
1.3830799606299213
0
LINE
8
BLACK
6
CONTINUOUS
10
1.5825642519685039
20
1.3830799606299213
11
1.5825642125984252
21
1.3830799212598426
0
LINE
8
BLACK
6
CONTINUOUS
10
1.5825642125984252
20
1.3830799212598426
11
1.5821062992125985
21
1.3807776771653544
0
LINE
8
BLACK
6
CONTINUOUS
10
1.5821062992125985
20
1.3807776771653544
11
1.5821062992125985
21
1.3200984251968504
0
LINE
8
BLACK
6
CONTINUOUS
10
1.5821062992125985
20
1.3200984251968504
11
1.5813312992125983
21
1.317459094488189
0
LINE
8
BLACK
6
CONTINUOUS
10
1.5813312992125983
20
1.317459094488189
11
1.5792524015748031
21
1.3156577165354331
0
LINE
8
BLACK
6
CONTINUOUS
10
1.5792524015748031
20
1.3156577165354331
11
1.5772244094488188
21
1.3152165354330709
0
LINE
8
BLACK
6
CONTINUOUS
10
1.5772244094488188
20
1.3152165354330709
11
1.3736607086614172
21
1.3152165354330709
0
LINE
8
BLACK
6
CONTINUOUS
10
1.3736607086614172
20
1.3152165354330709
11
1.3694001181102362
21
1.3140749212598426
0
LINE
8
BLACK
6
CONTINUOUS
10
1.3694001181102362
20
1.3140749212598426
11
1.3694
21
1.3140748818897638
0
LINE
8
BLACK
6
CONTINUOUS
10
1.3694
20
1.3140748818897638
11
1.3655801181102363
21
1.3118694488188976
0
LINE
8
BLACK
6
CONTINUOUS
10
1.3655801181102363
20
1.3118694488188976
11
1.351577559055118
21
1.2978668897637795
0
LINE
8
BLACK
6
CONTINUOUS
10
1.351577559055118
20
1.2978668897637795
11
1.3491632677165355
21
1.2965485826771652
0
LINE
8
BLACK
6
CONTINUOUS
10
1.3491632677165355
20
1.2965485826771652
11
1.3481255511811023
21
1.2964370078740157
0
LINE
8
BLACK
6
CONTINUOUS
10
1.3481255511811023
20
1.2964370078740157
11
1.3254224409448818
21
1.2964370078740157
0
LINE
8
BLACK
6
CONTINUOUS
10
1.3254224409448818
20
1.2964370078740157
11
1.3242244094488189
21
1.2963246850393702
0
LINE
8
BLACK
6
CONTINUOUS
10
1.3242244094488189
20
1.2963246850393702
11
1.3242243307086614
21
1.2963246850393702
0
LINE
8
BLACK
6
CONTINUOUS
10
1.3242243307086614
20
1.2963246850393702
11
1.3191779133858268
21
1.2945588188976378
0
LINE
8
BLACK
6
CONTINUOUS
10
1.3191779133858268
20
1.2945588188976378
11
1.3191778346456693
21
1.294558779527559
0
LINE
8
BLACK
6
CONTINUOUS
10
1.3191778346456693
20
1.294558779527559
11
1.3148759842519684
21
1.2913838582677164
0
LINE
8
BLACK
6
CONTINUOUS
10
1.3148759842519684
20
1.2913838582677164
11
1.311701062992126
21
1.2870820078740157
0
LINE
8
BLACK
6
CONTINUOUS
10
1.311701062992126
20
1.2870820078740157
11
1.3108205511811024
21
1.2845656299212598
0
LINE
8
BLACK
6
CONTINUOUS
10
1.3108205511811024
20
1.2845656299212598
11
1.3092173228346455
21
1.2823303937007873
0
LINE
8
BLACK
6
CONTINUOUS
10
1.3092173228346455
20
1.2823303937007873
11
1.3066601181102362
21
1.2813167322834644
0
LINE
8
BLACK
6
CONTINUOUS
10
1.3066601181102362
20
1.2813167322834644
11
1.3039608267716536
21
1.2818465354330708
0
LINE
8
BLACK
6
CONTINUOUS
10
1.3039608267716536
20
1.2818465354330708
11
1.301976496062992
21
1.2837515354330709
0
LINE
8
BLACK
6
CONTINUOUS
10
1.301976496062992
20
1.2837515354330709
11
1.3015785433070866
21
1.2846424803149605
0
LINE
8
BLACK
6
CONTINUOUS
10
1.3015785433070866
20
1.2846424803149605
11
1.2993841732283464
21
1.2912645669291338
0
LINE
8
BLACK
6
CONTINUOUS
10
1.2993841732283464
20
1.2912645669291338
11
1.2993840944881889
21
1.2912647637795276
0
LINE
8
BLACK
6
CONTINUOUS
10
1.2993840944881889
20
1.2912647637795276
11
1.2957604330708661
21
1.2971396062992127
0
LINE
8
BLACK
6
CONTINUOUS
10
1.2957604330708661
20
1.2971396062992127
11
1.2908797244094488
21
1.30202031496063
0
LINE
8
BLACK
6
CONTINUOUS
10
1.2908797244094488
20
1.30202031496063
11
1.2850048818897637
21
1.3056439763779528
0
LINE
8
BLACK
6
CONTINUOUS
10
1.2850048818897637
20
1.3056439763779528
11
1.2850046850393702
21
1.3056440551181101
0
LINE
8
BLACK
6
CONTINUOUS
10
1.2850046850393702
20
1.3056440551181101
11
1.2784526377952756
21
1.3078151968503937
0
LINE
8
BLACK
6
CONTINUOUS
10
1.2784526377952756
20
1.3078151968503937
11
1.2784523622047244
21
1.3078152362204725
0
LINE
8
BLACK
6
CONTINUOUS
10
1.2784523622047244
20
1.3078152362204725
11
1.2744088976377952
21
1.3082283464566928
0
LINE
8
BLACK
6
CONTINUOUS
10
1.2744088976377952
20
1.3082283464566928
11
1.2724409448818896
21
1.3082283464566928
0
LINE
8
BLACK
6
CONTINUOUS
10
1.2724409448818896
20
1.3082283464566928
11
1.2724409448818896
21
1.2885433070866141
0
LINE
8
BLACK
6
CONTINUOUS
10
1.2724409448818896
20
1.2885433070866141
11
1.2762075196850393
21
1.2877940944881889
0
LINE
8
BLACK
6
CONTINUOUS
10
1.2762075196850393
20
1.2877940944881889
11
1.2794006692913384
21
1.2856605118110236
0
LINE
8
BLACK
6
CONTINUOUS
10
1.2794006692913384
20
1.2856605118110236
11
1.281534251968504
21
1.2824673622047245
0
LINE
8
BLACK
6
CONTINUOUS
10
1.281534251968504
20
1.2824673622047245
11
1.2822834645669292
21
1.2787007874015748
0
LINE
8
BLACK
6
CONTINUOUS
10
1.2822834645669292
20
1.2787007874015748
11
1.2822834645669292
21
1.2412992125984252
0
LINE
8
BLACK
6
CONTINUOUS
10
1.2822834645669292
20
1.2412992125984252
11
1.281534251968504
21
1.2375326377952756
0
LINE
8
BLACK
6
CONTINUOUS
10
1.281534251968504
20
1.2375326377952756
11
1.2794006692913384
21
1.2343394881889764
0
LINE
8
BLACK
6
CONTINUOUS
10
1.2794006692913384
20
1.2343394881889764
11
1.2762075196850393
21
1.2322059055118111
0
LINE
8
BLACK
6
CONTINUOUS
10
1.2762075196850393
20
1.2322059055118111
11
1.2724409448818896
21
1.2314566929133859
0
LINE
8
BLACK
6
CONTINUOUS
10
1.2724409448818896
20
1.2314566929133859
11
1.2724409448818896
21
1.2117716929133857
0
LINE
8
BLACK
6
CONTINUOUS
10
1.2724409448818896
20
1.2117716929133857
11
1.2744083464566929
21
1.2117716929133857
0
LINE
8
BLACK
6
CONTINUOUS
10
1.2744083464566929
20
1.2117716929133857
11
1.2744088976377952
21
1.2117717322834645
0
LINE
8
BLACK
6
CONTINUOUS
10
1.2744088976377952
20
1.2117717322834645
11
1.2784526377952756
21
1.2121848425196851
0
LINE
8
BLACK
6
CONTINUOUS
10
1.2784526377952756
20
1.2121848425196851
11
1.2850046850393702
21
1.2143559842519684
0
LINE
8
BLACK
6
CONTINUOUS
10
1.2850046850393702
20
1.2143559842519684
11
1.2850048818897637
21
1.214356062992126
0
LINE
8
BLACK
6
CONTINUOUS
10
1.2850048818897637
20
1.214356062992126
11
1.2908797244094488
21
1.2179797244094488
0
LINE
8
BLACK
6
CONTINUOUS
10
1.2908797244094488
20
1.2179797244094488
11
1.2957604330708661
21
1.2228604330708661
0
LINE
8
BLACK
6
CONTINUOUS
10
1.2957604330708661
20
1.2228604330708661
11
1.2993840944881889
21
1.2287352755905512
0
LINE
8
BLACK
6
CONTINUOUS
10
1.2993840944881889
20
1.2287352755905512
11
1.2993842125984252
21
1.2287355511811022
0
LINE
8
BLACK
6
CONTINUOUS
10
1.2993842125984252
20
1.2287355511811022
11
1.3015785039370078
21
1.235357559055118
0
LINE
8
BLACK
6
CONTINUOUS
10
1.3015785039370078
20
1.235357559055118
11
1.3031443307086614
21
1.2376191732283464
0
LINE
8
BLACK
6
CONTINUOUS
10
1.3031443307086614
20
1.2376191732283464
11
1.3056843307086614
21
1.2386752362204725
0
LINE
8
BLACK
6
CONTINUOUS
10
1.3056843307086614
20
1.2386752362204725
11
1.3083920472440944
21
1.2381903937007874
0
LINE
8
BLACK
6
CONTINUOUS
10
1.3083920472440944
20
1.2381903937007874
11
1.3104077952755906
21
1.2363186614173227
0
LINE
8
BLACK
6
CONTINUOUS
10
1.3104077952755906
20
1.2363186614173227
11
1.3108205118110237
21
1.2354344488188975
0
LINE
8
BLACK
6
CONTINUOUS
10
1.3108205118110237
20
1.2354344488188975
11
1.311701062992126
21
1.232918031496063
0
LINE
8
BLACK
6
CONTINUOUS
10
1.311701062992126
20
1.232918031496063
11
1.3147880314960629
21
1.2287352755905512
0
LINE
8
BLACK
6
CONTINUOUS
10
1.3147880314960629
20
1.2287352755905512
11
1.3148759842519684
21
1.2286161417322834
0
LINE
8
BLACK
6
CONTINUOUS
10
1.3148759842519684
20
1.2286161417322834
11
1.3181746062992126
21
1.226181653543307
0
LINE
8
BLACK
6
CONTINUOUS
10
1.3181746062992126
20
1.226181653543307
11
1.3198379527559054
21
1.223990905511811
0
LINE
8
BLACK
6
CONTINUOUS
10
1.3198379527559054
20
1.223990905511811
11
1.3201574803149605
21
1.222253779527559
0
LINE
8
BLACK
6
CONTINUOUS
10
1.3201574803149605
20
1.222253779527559
11
1.3201574803149605
21
1.2119881889763779
0
LINE
8
BLACK
6
CONTINUOUS
10
1.3201574803149605
20
1.2119881889763779
11
1.3193824803149605
21
1.2093488582677165
0
LINE
8
BLACK
6
CONTINUOUS
10
1.3193824803149605
20
1.2093488582677165
11
1.3173035826771653
21
1.2075474803149606
0
LINE
8
BLACK
6
CONTINUOUS
10
1.3173035826771653
20
1.2075474803149606
11
1.315275590551181
21
1.2071062992125985
0
LINE
8
BLACK
6
CONTINUOUS
10
1.315275590551181
20
1.2071062992125985
11
1.3124700393700788
21
1.2071062992125985
0
LINE
8
BLACK
6
CONTINUOUS
10
1.3124700393700788
20
1.2071062992125985
11
1.309787716535433
21
1.2067155118110235
0
LINE
8
BLACK
6
CONTINUOUS
10
1.309787716535433
20
1.2067155118110235
11
1.305650157480315
21
1.2046927952755906
0
LINE
8
BLACK
6
CONTINUOUS
10
1.305650157480315
20
1.2046927952755906
11
1.3023938188976378
21
1.2014364566929134
0
LINE
8
BLACK
6
CONTINUOUS
10
1.3023938188976378
20
1.2014364566929134
11
1.3003711023622047
21
1.1972988976377952
0
LINE
8
BLACK
6
CONTINUOUS
10
1.3003711023622047
20
1.1972988976377952
11
1.2999803149606299
21
1.1946165748031496
0
LINE
8
BLACK
6
CONTINUOUS
10
1.2999803149606299
20
1.1946165748031496
11
1.2999803149606299
21
1.1850586614173229
0
LINE
8
BLACK
6
CONTINUOUS
10
1.2999803149606299
20
1.1850586614173229
11
1.29920531496063
21
1.1824193307086615
0
LINE
8
BLACK
6
CONTINUOUS
10
1.29920531496063
20
1.1824193307086615
11
1.2971264173228345
21
1.1806179527559055
0
LINE
8
BLACK
6
CONTINUOUS
10
1.2971264173228345
20
1.1806179527559055
11
1.2944036614173229
21
1.1802264566929133
0
LINE
8
BLACK
6
CONTINUOUS
10
1.2944036614173229
20
1.1802264566929133
11
1.2937364173228345
21
1.1803706299212597
0
LINE
8
BLACK
6
CONTINUOUS
10
1.2937364173228345
20
1.1803706299212597
11
1.2902557086614173
21
1.1813818897637796
0
LINE
8
BLACK
6
CONTINUOUS
10
1.2902557086614173
20
1.1813818897637796
11
1.290255472440945
21
1.1813819291338583
0
LINE
8
BLACK
6
CONTINUOUS
10
1.290255472440945
20
1.1813819291338583
11
1.2888050787401575
21
1.1814960629921261
0
LINE
8
BLACK
6
CONTINUOUS
10
1.2888050787401575
20
1.1814960629921261
11
1.2729330708661417
21
1.1814960629921261
0
LINE
8
BLACK
6
CONTINUOUS
10
1.2729330708661417
20
1.1814960629921261
11
1.2729330708661417
21
1.1618110236220471
0
LINE
8
BLACK
6
CONTINUOUS
10
1.2729330708661417
20
1.1618110236220471
11
1.286220472440945
21
1.1618110236220471
0
LINE
8
BLACK
6
CONTINUOUS
10
1.286220472440945
20
1.1618110236220471
11
1.2884804330708661
21
1.1613614960629921
0
LINE
8
BLACK
6
CONTINUOUS
10
1.2884804330708661
20
1.1613614960629921
11
1.2903962992125984
21
1.1600813385826771
0
LINE
8
BLACK
6
CONTINUOUS
10
1.2903962992125984
20
1.1600813385826771
11
1.2905558661417322
21
1.1598425196850393
0
LINE
8
BLACK
6
CONTINUOUS
10
1.2905558661417322
20
1.1598425196850393
11
1.3117045275590551
21
1.1598425196850393
0
LINE
8
BLACK
6
CONTINUOUS
10
1.3117045275590551
20
1.1598425196850393
11
1.3117045275590551
21
1.1598425984251968
0
LINE
8
BLACK
6
CONTINUOUS
10
1.3117045275590551
20
1.1598425984251968
11
1.3116968503937008
21
1.159940433070866
0
LINE
8
BLACK
6
CONTINUOUS
10
1.3116968503937008
20
1.159940433070866
11
1.3112574409448818
21
1.1614529527559054
0
LINE
8
BLACK
6
CONTINUOUS
10
1.3112574409448818
20
1.1614529527559054
11
1.3112653149606299
21
1.1642037401574803
0
LINE
8
BLACK
6
CONTINUOUS
10
1.3112653149606299
20
1.1642037401574803
11
1.3127591338582676
21
1.1665135826771653
0
LINE
8
BLACK
6
CONTINUOUS
10
1.3127591338582676
20
1.1665135826771653
11
1.3152645669291338
21
1.1676491338582677
0
LINE
8
BLACK
6
CONTINUOUS
10
1.3152645669291338
20
1.1676491338582677
11
1.3159455118110235
21
1.1676968503937009
0
LINE
8
BLACK
6
CONTINUOUS
10
1.3159455118110235
20
1.1676968503937009
11
1.3613488582677165
21
1.1676968503937009
0
LINE
8
BLACK
6
CONTINUOUS
10
1.3613488582677165
20
1.1676968503937009
11
1.3622429527559055
21
1.1678271259842519
0
LINE
8
BLACK
6
CONTINUOUS
10
1.3622429527559055
20
1.1678271259842519
11
1.364031220472441
21
1.1680876771653543
0
LINE
8
BLACK
6
CONTINUOUS
10
1.364031220472441
20
1.1680876771653543
11
1.368168622047244
21
1.17011031496063
0
LINE
8
BLACK
6
CONTINUOUS
10
1.368168622047244
20
1.17011031496063
11
1.3714251181102362
21
1.1733668110236219
0
LINE
8
BLACK
6
CONTINUOUS
10
1.3714251181102362
20
1.1733668110236219
11
1.3734477559055118
21
1.1775042125984252
0
LINE
8
BLACK
6
CONTINUOUS
10
1.3734477559055118
20
1.1775042125984252
11
1.3738385826771653
21
1.1801866141732282
0
LINE
8
BLACK
6
CONTINUOUS
10
1.3738385826771653
20
1.1801866141732282
11
1.3738385826771653
21
1.1892120866141731
0
LINE
8
BLACK
6
CONTINUOUS
10
1.3738385826771653
20
1.1892120866141731
11
1.3738385826771653
21
1.1946165354330709
0
LINE
8
BLACK
6
CONTINUOUS
10
1.3738385826771653
20
1.1946165354330709
11
1.3734477559055118
21
1.1972989370078739
0
LINE
8
BLACK
6
CONTINUOUS
10
1.3734477559055118
20
1.1972989370078739
11
1.3714251181102362
21
1.2014363385826772
0
LINE
8
BLACK
6
CONTINUOUS
10
1.3714251181102362
20
1.2014363385826772
11
1.3714250393700786
21
1.2014364173228347
0
LINE
8
BLACK
6
CONTINUOUS
10
1.3714250393700786
20
1.2014364173228347
11
1.3714250393700786
21
1.2014364566929134
0
LINE
8
BLACK
6
CONTINUOUS
10
1.3714250393700786
20
1.2014364566929134
11
1.3681687007874015
21
1.2046927952755906
0
LINE
8
BLACK
6
CONTINUOUS
10
1.3681687007874015
20
1.2046927952755906
11
1.3640311417322835
21
1.2067155118110235
0
LINE
8
BLACK
6
CONTINUOUS
10
1.3640311417322835
20
1.2067155118110235
11
1.3613488582677165
21
1.2071062992125985
0
LINE
8
BLACK
6
CONTINUOUS
10
1.3613488582677165
20
1.2071062992125985
11
1.3613488188976377
21
1.2071062992125985
0
LINE
8
BLACK
6
CONTINUOUS
10
1.3613488188976377
20
1.2071062992125985
11
1.3585433070866142
21
1.2071062992125985
0
LINE
8
BLACK
6
CONTINUOUS
10
1.3585433070866142
20
1.2071062992125985
11
1.3559039763779528
21
1.2078812992125985
0
LINE
8
BLACK
6
CONTINUOUS
10
1.3559039763779528
20
1.2078812992125985
11
1.3541025984251969
21
1.2099601968503937
0
LINE
8
BLACK
6
CONTINUOUS
10
1.3541025984251969
20
1.2099601968503937
11
1.3536614173228345
21
1.2119881889763779
0
LINE
8
BLACK
6
CONTINUOUS
10
1.3536614173228345
20
1.2119881889763779
11
1.3536614173228345
21
1.2215273622047245
0
LINE
8
BLACK
6
CONTINUOUS
10
1.3536614173228345
20
1.2215273622047245
11
1.3544364173228347
21
1.2241666929133859
0
LINE
8
BLACK
6
CONTINUOUS
10
1.3544364173228347
20
1.2241666929133859
11
1.3556443700787402
21
1.22545531496063
0
LINE
8
BLACK
6
CONTINUOUS
10
1.3556443700787402
20
1.22545531496063
11
1.3561413779527558
21
1.2258221259842519
0
LINE
8
BLACK
6
CONTINUOUS
10
1.3561413779527558
20
1.2258221259842519
11
1.3599271653543308
21
1.2286161417322834
0
LINE
8
BLACK
6
CONTINUOUS
10
1.3599271653543308
20
1.2286161417322834
11
1.3631020866141732
21
1.232918031496063
0
LINE
8
BLACK
6
CONTINUOUS
10
1.3631020866141732
20
1.232918031496063
11
1.363985
21
1.2354413385826772
0
LINE
8
BLACK
6
CONTINUOUS
10
1.363985
20
1.2354413385826772
11
1.3648679527559056
21
1.2379645275590552
0
LINE
8
BLACK
6
CONTINUOUS
10
1.3648679527559056
20
1.2379645275590552
11
1.3648679527559056
21
1.2379646062992127
0
LINE
8
BLACK
6
CONTINUOUS
10
1.3648679527559056
20
1.2379646062992127
11
1.3649803149606299
21
1.2391626377952756
0
LINE
8
BLACK
6
CONTINUOUS
10
1.3649803149606299
20
1.2391626377952756
11
1.3649803149606299
21
1.2618657480314961
0
LINE
8
BLACK
6
CONTINUOUS
10
1.3649803149606299
20
1.2618657480314961
11
1.3657553149606299
21
1.2645050787401575
0
LINE
8
BLACK
6
CONTINUOUS
10
1.3657553149606299
20
1.2645050787401575
11
1.3664101968503937
21
1.2653177559055118
0
LINE
8
BLACK
6
CONTINUOUS
10
1.3664101968503937
20
1.2653177559055118
11
1.381375157480315
21
1.2802827165354331
0
LINE
8
BLACK
6
CONTINUOUS
10
1.381375157480315
20
1.2802827165354331
11
1.3837894488188975
21
1.2816010236220472
0
LINE
8
BLACK
6
CONTINUOUS
10
1.3837894488188975
20
1.2816010236220472
11
1.3848271653543307
21
1.2817125984251969
0
LINE
8
BLACK
6
CONTINUOUS
10
1.3848271653543307
20
1.2817125984251969
11
1.5772244094488188
21
1.2817125984251969
0
LINE
8
BLACK
6
CONTINUOUS
10
1.5772244094488188
20
1.2817125984251969
11
1.5798637401574802
21
1.2809375984251967
0
LINE
8
BLACK
6
CONTINUOUS
10
1.5798637401574802
20
1.2809375984251967
11
1.5816651181102361
21
1.2788587007874015
0
LINE
8
BLACK
6
CONTINUOUS
10
1.5816651181102361
20
1.2788587007874015
11
1.5821062992125985
21
1.2768307086614172
0
LINE
8
BLACK
6
CONTINUOUS
10
1.5821062992125985
20
1.2768307086614172
11
1.5821062992125985
21
1.2192223622047245
0
LINE
8
BLACK
6
CONTINUOUS
10
1.5821062992125985
20
1.2192223622047245
11
1.5825642125984252
21
1.2169201181102363
0
LINE
8
BLACK
6
CONTINUOUS
10
1.5825642125984252
20
1.2169201181102363
11
1.5825642519685039
21
1.2169200787401575
0
LINE
8
BLACK
6
CONTINUOUS
10
1.5825642519685039
20
1.2169200787401575
11
1.584308937007874
21
1.2143089763779527
0
LINE
8
BLACK
6
CONTINUOUS
10
1.584308937007874
20
1.2143089763779527
11
1.5869200393700786
21
1.2125642913385826
0
LINE
8
BLACK
6
CONTINUOUS
10
1.5869200393700786
20
1.2125642913385826
11
1.5869200787401574
21
1.2125642519685038
0
LINE
8
BLACK
6
CONTINUOUS
10
1.5869200787401574
20
1.2125642519685038
11
1.5892223228346456
21
1.2121063385826771
0
LINE
8
BLACK
6
CONTINUOUS
10
1.5892223228346456
20
1.2121063385826771
11
1.5892224409448819
21
1.2121062992125984
0
LINE
8
BLACK
6
CONTINUOUS
10
1.5892224409448819
20
1.2121062992125984
11
1.5892225196850394
21
1.2121062992125984
0
LINE
8
BLACK
6
CONTINUOUS
10
1.5892225196850394
20
1.2121062992125984
11
1.6083661417322834
21
1.2121062992125984
0
LINE
8
BLACK
6
CONTINUOUS
10
1.6083661417322834
20
1.2121062992125984
11
1.6110054724409448
21
1.2113312992125984
0
LINE
8
BLACK
6
CONTINUOUS
10
1.6110054724409448
20
1.2113312992125984
11
1.6128068503937008
21
1.2092524015748032
0
LINE
8
BLACK
6
CONTINUOUS
10
1.6128068503937008
20
1.2092524015748032
11
1.6132480314960629
21
1.2072244094488189
0
LINE
8
BLACK
6
CONTINUOUS
10
1.6132480314960629
20
1.2072244094488189
11
1.6132480314960629
21
1.1122054330708662
0
LINE
8
BLACK
6
CONTINUOUS
10
1.6132480314960629
20
1.1122054330708662
11
1.6132480314960629
21
1.1077945669291338
0
LINE
8
BLACK
6
CONTINUOUS
10
1.6132480314960629
20
1.1077945669291338
11
1.6143896456692912
21
1.1035339763779528
0
LINE
8
BLACK
6
CONTINUOUS
10
1.6143896456692912
20
1.1035339763779528
11
1.6165950787401575
21
1.0997140551181102
0
LINE
8
BLACK
6
CONTINUOUS
10
1.6165950787401575
20
1.0997140551181102
11
1.6412140551181102
21
1.0750950787401574
0
LINE
8
BLACK
6
CONTINUOUS
10
1.6412140551181102
20
1.0750950787401574
11
1.6450339763779527
21
1.0728896456692913
0
LINE
8
BLACK
6
CONTINUOUS
10
1.6450339763779527
20
1.0728896456692913
11
1.6491707480314961
21
1.0717812204724408
0
LINE
8
BLACK
6
CONTINUOUS
10
1.6491707480314961
20
1.0717812204724408
11
1.6513591732283464
21
1.0705177165354332
0
LINE
8
BLACK
6
CONTINUOUS
10
1.6513591732283464
20
1.0705177165354332
11
1.6515014960629921
21
1.0703753937007874
0
LINE
8
BLACK
6
CONTINUOUS
10
1.6515014960629921
20
1.0703753937007874
11
1.6515015748031496
21
1.0703753543307086
0
LINE
8
BLACK
6
CONTINUOUS
10
1.6515015748031496
20
1.0703753543307086
11
1.6515017322834644
21
1.0703752362204724
0
LINE
8
BLACK
6
CONTINUOUS
10
1.6515017322834644
20
1.0703752362204724
11
1.653651220472441
21
1.0691342519685039
0
LINE
8
BLACK
6
CONTINUOUS
10
1.653651220472441
20
1.0691342519685039
11
1.6544237007874016
21
1.0686882677165355
0
LINE
8
BLACK
6
CONTINUOUS
10
1.6544237007874016
20
1.0686882677165355
11
1.6576829527559054
21
1.0678149606299212
0
LINE
8
BLACK
6
CONTINUOUS
10
1.6576829527559054
20
1.0678149606299212
11
1.6717460629921259
21
1.0678149606299212
0
LINE
8
BLACK
6
CONTINUOUS
10
1.6717460629921259
20
1.0678149606299212
11
1.6737179527559054
21
1.0673990157480315
0
LINE
8
BLACK
6
CONTINUOUS
10
1.6737179527559054
20
1.0673990157480315
11
1.6769850393700787
21
1.0659564173228346
0
LINE
8
BLACK
6
CONTINUOUS
10
1.6769850393700787
20
1.0659564173228346
11
1.677932874015748
21
1.0658464566929133
0
LINE
8
BLACK
6
CONTINUOUS
10
1.677932874015748
20
1.0658464566929133
11
1.6903031496062992
21
1.0658464960629921
0
LINE
8
BLACK
6
CONTINUOUS
10
1.6903031496062992
20
1.0658464960629921
11
1.6929424803149606
21
1.0650715354330709
0
LINE
8
BLACK
6
CONTINUOUS
10
1.6929424803149606
20
1.0650715354330709
11
1.6947438582677166
21
1.0629926377952756
0
LINE
8
BLACK
6
CONTINUOUS
10
1.6947438582677166
20
1.0629926377952756
11
1.6951850393700787
21
1.0609646062992126
0
LINE
8
BLACK
6
CONTINUOUS
10
1.6951850393700787
20
1.0609646062992126
11
1.6951850393700787
21
1.0457747637795276
0
LINE
8
BLACK
6
CONTINUOUS
10
1.6951850393700787
20
1.0457747637795276
11
1.6944100393700787
21
1.0431354330708662
0
LINE
8
BLACK
6
CONTINUOUS
10
1.6944100393700787
20
1.0431354330708662
11
1.6923311417322835
21
1.0413340551181103
0
LINE
8
BLACK
6
CONTINUOUS
10
1.6923311417322835
20
1.0413340551181103
11
1.6919155905511811
21
1.0411668503937008
0
LINE
8
BLACK
6
CONTINUOUS
10
1.6919155905511811
20
1.0411668503937008
11
1.690177874015748
21
1.040558779527559
0
LINE
8
BLACK
6
CONTINUOUS
10
1.690177874015748
20
1.040558779527559
11
1.6858759842519684
21
1.0373838582677166
0
LINE
8
BLACK
6
CONTINUOUS
10
1.6858759842519684
20
1.0373838582677166
11
1.682701062992126
21
1.0330820078740157
0
LINE
8
BLACK
6
CONTINUOUS
10
1.682701062992126
20
1.0330820078740157
11
1.6818205511811024
21
1.0305656299212598
0
LINE
8
BLACK
6
CONTINUOUS
10
1.6818205511811024
20
1.0305656299212598
11
1.6802173228346455
21
1.0283303937007873
0
LINE
8
BLACK
6
CONTINUOUS
10
1.6802173228346455
20
1.0283303937007873
11
1.6776601181102362
21
1.0273167322834647
0
LINE
8
BLACK
6
CONTINUOUS
10
1.6776601181102362
20
1.0273167322834647
11
1.6749608267716536
21
1.0278465354330708
0
LINE
8
BLACK
6
CONTINUOUS
10
1.6749608267716536
20
1.0278465354330708
11
1.672976496062992
21
1.0297515354330709
0
LINE
8
BLACK
6
CONTINUOUS
10
1.672976496062992
20
1.0297515354330709
11
1.6725785433070866
21
1.0306424803149605
0
LINE
8
BLACK
6
CONTINUOUS
10
1.6725785433070866
20
1.0306424803149605
11
1.6703841732283464
21
1.0372645669291338
0
LINE
8
BLACK
6
CONTINUOUS
10
1.6703841732283464
20
1.0372645669291338
11
1.6703840944881889
21
1.0372647637795276
0
LINE
8
BLACK
6
CONTINUOUS
10
1.6703840944881889
20
1.0372647637795276
11
1.6667604330708661
21
1.0431396062992127
0
LINE
8
BLACK
6
CONTINUOUS
10
1.6667604330708661
20
1.0431396062992127
11
1.6618797244094488
21
1.04802031496063
0
LINE
8
BLACK
6
CONTINUOUS
10
1.6618797244094488
20
1.04802031496063
11
1.6560048818897637
21
1.0516439763779528
0
LINE
8
BLACK
6
CONTINUOUS
10
1.6560048818897637
20
1.0516439763779528
11
1.6560046850393702
21
1.0516440551181103
0
LINE
8
BLACK
6
CONTINUOUS
10
1.6560046850393702
20
1.0516440551181103
11
1.6494526377952756
21
1.0538151968503937
0
LINE
8
BLACK
6
CONTINUOUS
10
1.6494526377952756
20
1.0538151968503937
11
1.6494523622047244
21
1.0538152362204725
0
LINE
8
BLACK
6
CONTINUOUS
10
1.6494523622047244
20
1.0538152362204725
11
1.6454088976377952
21
1.0542283464566928
0
LINE
8
BLACK
6
CONTINUOUS
10
1.6454088976377952
20
1.0542283464566928
11
1.6434409448818896
21
1.0542283464566928
0
LINE
8
BLACK
6
CONTINUOUS
10
1.6434409448818896
20
1.0542283464566928
11
1.6434409448818896
21
1.0345433070866141
0
LINE
8
BLACK
6
CONTINUOUS
10
1.6434409448818896
20
1.0345433070866141
11
1.6472075196850393
21
1.0337940944881889
0
LINE
8
BLACK
6
CONTINUOUS
10
1.6472075196850393
20
1.0337940944881889
11
1.6504006692913384
21
1.0316605118110236
0
LINE
8
BLACK
6
CONTINUOUS
10
1.6504006692913384
20
1.0316605118110236
11
1.652534251968504
21
1.0284673622047245
0
LINE
8
BLACK
6
CONTINUOUS
10
1.652534251968504
20
1.0284673622047245
11
1.6532834645669292
21
1.0247007874015748
0
LINE
8
BLACK
6
CONTINUOUS
10
1.6532834645669292
20
1.0247007874015748
11
1.6532834645669292
21
0.9872992125984251
0
LINE
8
BLACK
6
CONTINUOUS
10
1.6532834645669292
20
0.9872992125984251
11
1.652534251968504
21
0.9835326377952756
0
LINE
8
BLACK
6
CONTINUOUS
10
1.652534251968504
20
0.9835326377952756
11
1.6504006692913384
21
0.9803394881889763
0
LINE
8
BLACK
6
CONTINUOUS
10
1.6504006692913384
20
0.9803394881889763
11
1.6472075196850393
21
0.978205905511811
0
LINE
8
BLACK
6
CONTINUOUS
10
1.6472075196850393
20
0.978205905511811
11
1.6434409448818896
21
0.9774566929133858
0
LINE
8
BLACK
6
CONTINUOUS
10
1.6434409448818896
20
0.9774566929133858
11
1.6434409448818896
21
0.9577716929133858
0
LINE
8
BLACK
6
CONTINUOUS
10
1.6434409448818896
20
0.9577716929133858
11
1.6454083464566929
21
0.9577716929133858
0
LINE
8
BLACK
6
CONTINUOUS
10
1.6454083464566929
20
0.9577716929133858
11
1.6454088976377952
21
0.9577717322834646
0
LINE
8
BLACK
6
CONTINUOUS
10
1.6454088976377952
20
0.9577717322834646
11
1.6494526377952756
21
0.9581848425196851
0
LINE
8
BLACK
6
CONTINUOUS
10
1.6494526377952756
20
0.9581848425196851
11
1.6560046850393702
21
0.9603559842519684
0
LINE
8
BLACK
6
CONTINUOUS
10
1.6560046850393702
20
0.9603559842519684
11
1.6560048818897637
21
0.9603560629921259
0
LINE
8
BLACK
6
CONTINUOUS
10
1.6560048818897637
20
0.9603560629921259
11
1.6618797244094488
21
0.9639797244094488
0
LINE
8
BLACK
6
CONTINUOUS
10
1.6618797244094488
20
0.9639797244094488
11
1.6667604330708661
21
0.9688604330708661
0
LINE
8
BLACK
6
CONTINUOUS
10
1.6667604330708661
20
0.9688604330708661
11
1.6703840944881889
21
0.9747352755905512
0
LINE
8
BLACK
6
CONTINUOUS
10
1.6703840944881889
20
0.9747352755905512
11
1.6703842125984252
21
0.9747355511811023
0
LINE
8
BLACK
6
CONTINUOUS
10
1.6703842125984252
20
0.9747355511811023
11
1.6725785039370078
21
0.9813575590551181
0
LINE
8
BLACK
6
CONTINUOUS
10
1.6725785039370078
20
0.9813575590551181
11
1.6741443307086614
21
0.9836191732283465
0
LINE
8
BLACK
6
CONTINUOUS
10
1.6741443307086614
20
0.9836191732283465
11
1.6766843307086614
21
0.9846752362204724
0
LINE
8
BLACK
6
CONTINUOUS
10
1.6766843307086614
20
0.9846752362204724
11
1.6793920472440944
21
0.9841903937007874
0
LINE
8
BLACK
6
CONTINUOUS
10
1.6793920472440944
20
0.9841903937007874
11
1.6814077952755906
21
0.9823186614173228
0
LINE
8
BLACK
6
CONTINUOUS
10
1.6814077952755906
20
0.9823186614173228
11
1.6818205118110237
21
0.9814344488188976
0
LINE
8
BLACK
6
CONTINUOUS
10
1.6818205118110237
20
0.9814344488188976
11
1.6823299606299211
21
0.9799785826771653
0
LINE
8
BLACK
6
CONTINUOUS
10
1.6823299606299211
20
0.9799785826771653
11
1.682701062992126
21
0.9789180314960629
0
LINE
8
BLACK
6
CONTINUOUS
10
1.682701062992126
20
0.9789180314960629
11
1.6858759842519684
21
0.9746161417322834
0
LINE
8
BLACK
6
CONTINUOUS
10
1.6858759842519684
20
0.9746161417322834
11
1.690177874015748
21
0.971441220472441
0
LINE
8
BLACK
6
CONTINUOUS
10
1.690177874015748
20
0.971441220472441
11
1.6912756692913384
21
0.9710570866141732
0
LINE
8
BLACK
6
CONTINUOUS
10
1.6912756692913384
20
0.9710570866141732
11
1.6952243700787402
21
0.9696753543307086
0
LINE
8
BLACK
6
CONTINUOUS
10
1.6952243700787402
20
0.9696753543307086
11
1.6964224409448818
21
0.9695629921259842
0
LINE
8
BLACK
6
CONTINUOUS
10
1.6964224409448818
20
0.9695629921259842
11
1.6964225984251968
21
0.9695629921259842
0
LINE
8
BLACK
6
CONTINUOUS
10
1.6964225984251968
20
0.9695629921259842
11
1.7203807086614173
21
0.9695629921259842
0
LINE
8
BLACK
6
CONTINUOUS
10
1.7203807086614173
20
0.9695629921259842
11
1.7215787007874015
21
0.9696753543307086
0
LINE
8
BLACK
6
CONTINUOUS
10
1.7215787007874015
20
0.9696753543307086
11
1.721578779527559
21
0.9696753543307086
0
LINE
8
BLACK
6
CONTINUOUS
10
1.721578779527559
20
0.9696753543307086
11
1.7241019685039369
21
0.9705583070866142
0
LINE
8
BLACK
6
CONTINUOUS
10
1.7241019685039369
20
0.9705583070866142
11
1.7266252755905511
21
0.971441220472441
0
LINE
8
BLACK
6
CONTINUOUS
10
1.7266252755905511
20
0.971441220472441
11
1.7309271653543308
21
0.9746161417322834
0
LINE
8
BLACK
6
CONTINUOUS
10
1.7309271653543308
20
0.9746161417322834
11
1.7341020866141732
21
0.9789180314960629
0
LINE
8
BLACK
6
CONTINUOUS
10
1.7341020866141732
20
0.9789180314960629
11
1.7353460236220473
21
0.982473031496063
0
LINE
8
BLACK
6
CONTINUOUS
10
1.7353460236220473
20
0.982473031496063
11
1.7358679527559056
21
0.9839645275590551
0
LINE
8
BLACK
6
CONTINUOUS
10
1.7358679527559056
20
0.9839645275590551
11
1.7358679527559056
21
0.9839646062992126
0
LINE
8
BLACK
6
CONTINUOUS
10
1.7358679527559056
20
0.9839646062992126
11
1.7359803149606299
21
0.9851626377952756
0
LINE
8
BLACK
6
CONTINUOUS
10
1.7359803149606299
20
0.9851626377952756
11
1.7359803149606299
21
1.0268374015748032
0
LINE
8
BLACK
6
CONTINUOUS
10
1.7359803149606299
20
1.0268374015748032
11
1.7358679527559056
21
1.0280354330708661
0
LINE
8
BLACK
6
CONTINUOUS
10
1.7358679527559056
20
1.0280354330708661
11
1.7358679527559056
21
1.0280355118110236
0
LINE
8
BLACK
6
CONTINUOUS
10
1.7358679527559056
20
1.0280355118110236
11
1.7342614173228346
21
1.0326265748031496
0
LINE
8
BLACK
6
CONTINUOUS
10
1.7342614173228346
20
1.0326265748031496
11
1.7341020866141732
21
1.033081968503937
0
LINE
8
BLACK
6
CONTINUOUS
10
1.7341020866141732
20
1.033081968503937
11
1.7309271653543308
21
1.0373838582677166
0
LINE
8
BLACK
6
CONTINUOUS
10
1.7309271653543308
20
1.0373838582677166
11
1.7266252755905511
21
1.040558779527559
0
LINE
8
BLACK
6
CONTINUOUS
10
1.7266252755905511
20
1.040558779527559
11
1.7248875196850393
21
1.0411668503937008
0
LINE
8
BLACK
6
CONTINUOUS
10
1.7248875196850393
20
1.0411668503937008
11
1.7240844094488188
21
1.041447874015748
0
LINE
8
BLACK
6
CONTINUOUS
10
1.7240844094488188
20
1.041447874015748
11
1.7218491732283465
21
1.0430511023622047
0
LINE
8
BLACK
6
CONTINUOUS
10
1.7218491732283465
20
1.0430511023622047
11
1.7208355118110237
21
1.0456083070866142
0
LINE
8
BLACK
6
CONTINUOUS
10
1.7208355118110237
20
1.0456083070866142
11
1.7208149606299212
21
1.0460557874015748
0
LINE
8
BLACK
6
CONTINUOUS
10
1.7208149606299212
20
1.0460557874015748
11
1.7208149606299212
21
1.0609646062992126
0
LINE
8
BLACK
6
CONTINUOUS
10
1.7208149606299212
20
1.0609646062992126
11
1.7215899606299212
21
1.063603937007874
0
LINE
8
BLACK
6
CONTINUOUS
10
1.7215899606299212
20
1.063603937007874
11
1.7236688582677164
21
1.06540531496063
0
LINE
8
BLACK
6
CONTINUOUS
10
1.7236688582677164
20
1.06540531496063
11
1.7256968503937007
21
1.0658464960629921
0
LINE
8
BLACK
6
CONTINUOUS
10
1.7256968503937007
20
1.0658464960629921
11
1.7384053543307085
21
1.0658464960629921
0
LINE
8
BLACK
6
CONTINUOUS
10
1.7384053543307085
20
1.0658464960629921
11
1.7384056692913386
21
1.0658464960629921
0
LINE
8
BLACK
6
CONTINUOUS
10
1.7384056692913386
20
1.0658464960629921
11
1.7393535433070866
21
1.0659564173228346
0
LINE
8
BLACK
6
CONTINUOUS
10
1.7393535433070866
20
1.0659564173228346
11
1.7419709448818896
21
1.067112125984252
0
LINE
8
BLACK
6
CONTINUOUS
10
1.7419709448818896
20
1.067112125984252
11
1.7432312204724409
21
1.0676685826771652
0
LINE
8
BLACK
6
CONTINUOUS
10
1.7432312204724409
20
1.0676685826771652
11
1.7432312598425197
21
1.067668622047244
0
LINE
8
BLACK
6
CONTINUOUS
10
1.7432312598425197
20
1.067668622047244
11
1.7432314566929132
21
1.0676687007874015
0
LINE
8
BLACK
6
CONTINUOUS
10
1.7432314566929132
20
1.0676687007874015
11
1.7462289370078741
21
1.0706661811023621
0
LINE
8
BLACK
6
CONTINUOUS
10
1.7462289370078741
20
1.0706661811023621
11
1.7479412204724409
21
1.074544094488189
0
LINE
8
BLACK
6
CONTINUOUS
10
1.7479412204724409
20
1.074544094488189
11
1.7480511811023622
21
1.0754919291338583
0
LINE
8
BLACK
6
CONTINUOUS
10
1.7480511811023622
20
1.0754919291338583
11
1.7480511417322835
21
1.082618188976378
0
LINE
8
BLACK
6
CONTINUOUS
10
1.7480511417322835
20
1.082618188976378
11
1.7488261023622047
21
1.0852574803149606
0
LINE
8
BLACK
6
CONTINUOUS
10
1.7488261023622047
20
1.0852574803149606
11
1.7509049999999999
21
1.0870588582677165
0
LINE
8
BLACK
6
CONTINUOUS
10
1.7509049999999999
20
1.0870588582677165
11
1.7529330314960629
21
1.0875000393700787
0
LINE
8
BLACK
6
CONTINUOUS
10
1.7529330314960629
20
1.0875000393700787
11
1.7553547244094487
21
1.0875000393700787
0
LINE
8
BLACK
6
CONTINUOUS
10
1.7553547244094487
20
1.0875000393700787
11
1.7579940551181101
21
1.0867250393700787
0
LINE
8
BLACK
6
CONTINUOUS
10
1.7579940551181101
20
1.0867250393700787
11
1.7588067322834646
21
1.0860701574803149
0
LINE
8
BLACK
6
CONTINUOUS
10
1.7588067322834646
20
1.0860701574803149
11
1.7603438582677164
21
1.0845330314960631
0
LINE
8
BLACK
6
CONTINUOUS
10
1.7603438582677164
20
1.0845330314960631
11
1.7603438976377952
21
1.0845329921259843
0
LINE
8
BLACK
6
CONTINUOUS
10
1.7603438976377952
20
1.0845329921259843
11
1.7627298425196849
21
1.0821470472440944
0
LINE
8
BLACK
6
CONTINUOUS
10
1.7627298425196849
20
1.0821470472440944
11
1.7627299212598424
21
1.0821470078740156
0
LINE
8
BLACK
6
CONTINUOUS
10
1.7627299212598424
20
1.0821470078740156
11
1.7627300787401574
21
1.0821468897637796
0
LINE
8
BLACK
6
CONTINUOUS
10
1.7627300787401574
20
1.0821468897637796
11
1.7656517716535434
21
1.0804600787401575
0
LINE
8
BLACK
6
CONTINUOUS
10
1.7656517716535434
20
1.0804600787401575
11
1.7656520472440944
21
1.0804599212598425
0
LINE
8
BLACK
6
CONTINUOUS
10
1.7656520472440944
20
1.0804599212598425
11
1.7689112992125984
21
1.0795866141732284
0
LINE
8
BLACK
6
CONTINUOUS
10
1.7689112992125984
20
1.0795866141732284
11
1.7722855511811024
21
1.0795866141732284
0
LINE
8
BLACK
6
CONTINUOUS
10
1.7722855511811024
20
1.0795866141732284
11
1.7850847637795275
21
1.0795866141732284
0
LINE
8
BLACK
6
CONTINUOUS
10
1.7850847637795275
20
1.0795866141732284
11
1.7877240944881889
21
1.0788116141732282
0
LINE
8
BLACK
6
CONTINUOUS
10
1.7877240944881889
20
1.0788116141732282
11
1.7895254724409448
21
1.076732716535433
0
LINE
8
BLACK
6
CONTINUOUS
10
1.7895254724409448
20
1.076732716535433
11
1.789692401574803
21
1.0763177952755905
0
LINE
8
BLACK
6
CONTINUOUS
10
1.789692401574803
20
1.0763177952755905
11
1.7904412204724409
21
1.0741778740157479
0
LINE
8
BLACK
6
CONTINUOUS
10
1.7904412204724409
20
1.0741778740157479
11
1.7936161417322833
21
1.0698759842519685
0
LINE
8
BLACK
6
CONTINUOUS
10
1.7936161417322833
20
1.0698759842519685
11
1.797918031496063
21
1.0667010629921259
0
LINE
8
BLACK
6
CONTINUOUS
10
1.797918031496063
20
1.0667010629921259
11
1.7996001968503936
21
1.0661124409448819
0
LINE
8
BLACK
6
CONTINUOUS
10
1.7996001968503936
20
1.0661124409448819
11
1.8029645275590551
21
1.0649351968503937
0
LINE
8
BLACK
6
CONTINUOUS
10
1.8029645275590551
20
1.0649351968503937
11
1.8041625984251968
21
1.0648228346456692
0
LINE
8
BLACK
6
CONTINUOUS
10
1.8041625984251968
20
1.0648228346456692
11
1.8041627559055118
21
1.0648228346456692
0
LINE
8
BLACK
6
CONTINUOUS
10
1.8041627559055118
20
1.0648228346456692
11
1.8458374015748031
21
1.0648228346456692
0
LINE
8
BLACK
6
CONTINUOUS
10
1.8458374015748031
20
1.0648228346456692
11
1.8470353937007873
21
1.0649351968503937
0
LINE
8
BLACK
6
CONTINUOUS
10
1.8470353937007873
20
1.0649351968503937
11
1.8470354724409448
21
1.0649351968503937
0
LINE
8
BLACK
6
CONTINUOUS
10
1.8470354724409448
20
1.0649351968503937
11
1.8496398425196849
21
1.0658465354330708
0
LINE
8
BLACK
6
CONTINUOUS
10
1.8496398425196849
20
1.0658465354330708
11
1.8520819685039369
21
1.0667010629921259
0
LINE
8
BLACK
6
CONTINUOUS
10
1.8520819685039369
20
1.0667010629921259
11
1.8563838582677166
21
1.0698759842519685
0
LINE
8
BLACK
6
CONTINUOUS
10
1.8563838582677166
20
1.0698759842519685
11
1.8586080708661417
21
1.0728896850393701
0
LINE
8
BLACK
6
CONTINUOUS
10
1.8586080708661417
20
1.0728896850393701
11
1.859181496062992
21
1.073666653543307
0
LINE
8
BLACK
6
CONTINUOUS
10
1.859181496062992
20
1.073666653543307
11
1.8613723228346457
21
1.0753300787401574
0
LINE
8
BLACK
6
CONTINUOUS
10
1.8613723228346457
20
1.0753300787401574
11
1.8631094488188975
21
1.0756496062992125
0
LINE
8
BLACK
6
CONTINUOUS
10
1.8631094488188975
20
1.0756496062992125
11
1.8668905511811023
21
1.0756496062992125
0
LINE
8
BLACK
6
CONTINUOUS
10
1.8668905511811023
20
1.0756496062992125
11
1.8695298818897637
21
1.0748746062992125
0
LINE
8
BLACK
6
CONTINUOUS
10
1.8695298818897637
20
1.0748746062992125
11
1.8708185039370078
21
1.073666653543307
0
LINE
8
BLACK
6
CONTINUOUS
10
1.8708185039370078
20
1.073666653543307
11
1.8736160629921259
21
1.069876062992126
0
LINE
8
BLACK
6
CONTINUOUS
10
1.8736160629921259
20
1.069876062992126
11
1.8736161023622047
21
1.069876062992126
0
LINE
8
BLACK
6
CONTINUOUS
10
1.8736161023622047
20
1.069876062992126
11
1.8736161417322834
21
1.0698759842519685
0
LINE
8
BLACK
6
CONTINUOUS
10
1.8736161417322834
20
1.0698759842519685
11
1.8779180314960628
21
1.0667010629921259
0
LINE
8
BLACK
6
CONTINUOUS
10
1.8779180314960628
20
1.0667010629921259
11
1.8796001968503937
21
1.0661124409448819
0
LINE
8
BLACK
6
CONTINUOUS
10
1.8796001968503937
20
1.0661124409448819
11
1.882964527559055
21
1.0649351968503937
0
LINE
8
BLACK
6
CONTINUOUS
10
1.882964527559055
20
1.0649351968503937
11
1.8841625984251968
21
1.0648228346456692
0
LINE
8
BLACK
6
CONTINUOUS
10
1.8841625984251968
20
1.0648228346456692
11
1.8841627559055119
21
1.0648228346456692
0
LINE
8
BLACK
6
CONTINUOUS
10
1.8841627559055119
20
1.0648228346456692
11
1.9184641732283465
21
1.0648228346456692
0
LINE
8
BLACK
6
CONTINUOUS
10
1.9184641732283465
20
1.0648228346456692
11
1.9211035039370079
21
1.0640478346456692
0
LINE
8
BLACK
6
CONTINUOUS
10
1.9211035039370079
20
1.0640478346456692
11
1.9219161811023622
21
1.0633929527559054
0
LINE
8
BLACK
6
CONTINUOUS
10
1.9219161811023622
20
1.0633929527559054
11
1.9322298818897636
21
1.0530792519685039
0
LINE
8
BLACK
6
CONTINUOUS
10
1.9322298818897636
20
1.0530792519685039
11
1.9335481889763779
21
1.0506649606299212
0
LINE
8
BLACK
6
CONTINUOUS
10
1.9335481889763779
20
1.0506649606299212
11
1.9333519685039369
21
1.0479211811023621
0
LINE
8
BLACK
6
CONTINUOUS
10
1.9333519685039369
20
1.0479211811023621
11
1.9317034645669291
21
1.0457190944881889
0
LINE
8
BLACK
6
CONTINUOUS
10
1.9317034645669291
20
1.0457190944881889
11
1.9291261417322834
21
1.0447577952755904
0
LINE
8
BLACK
6
CONTINUOUS
10
1.9291261417322834
20
1.0447577952755904
11
1.9271655905511811
21
1.0450192913385827
0
LINE
8
BLACK
6
CONTINUOUS
10
1.9271655905511811
20
1.0450192913385827
11
1.9270355511811024
21
1.0450648031496064
0
LINE
8
BLACK
6
CONTINUOUS
10
1.9270355511811024
20
1.0450648031496064
11
1.9270353937007874
21
1.0450648425196851
0
LINE
8
BLACK
6
CONTINUOUS
10
1.9270353937007874
20
1.0450648425196851
11
1.9258374015748032
21
1.0451771653543307
0
LINE
8
BLACK
6
CONTINUOUS
10
1.9258374015748032
20
1.0451771653543307
11
1.9258372440944882
21
1.0451771653543307
0
LINE
8
BLACK
6
CONTINUOUS
10
1.9258372440944882
20
1.0451771653543307
11
1.8841627559055119
21
1.0451771653543307
0
LINE
8
BLACK
6
CONTINUOUS
10
1.8841627559055119
20
1.0451771653543307
11
1.8841625984251968
21
1.0451771653543307
0
LINE
8
BLACK
6
CONTINUOUS
10
1.8841625984251968
20
1.0451771653543307
11
1.8829645669291337
21
1.0450648425196851
0
LINE
8
BLACK
6
CONTINUOUS
10
1.8829645669291337
20
1.0450648425196851
11
1.8829644881889764
21
1.0450648425196851
0
LINE
8
BLACK
6
CONTINUOUS
10
1.8829644881889764
20
1.0450648425196851
11
1.8779180708661416
21
1.0432989763779528
0
LINE
8
BLACK
6
CONTINUOUS
10
1.8779180708661416
20
1.0432989763779528
11
1.8779179921259843
21
1.043298937007874
0
LINE
8
BLACK
6
CONTINUOUS
10
1.8779179921259843
20
1.043298937007874
11
1.8736161417322834
21
1.0401240157480314
0
LINE
8
BLACK
6
CONTINUOUS
10
1.8736161417322834
20
1.0401240157480314
11
1.870441220472441
21
1.0358221653543307
0
LINE
8
BLACK
6
CONTINUOUS
10
1.870441220472441
20
1.0358221653543307
11
1.8704411811023622
21
1.0358220866141732
0
LINE
8
BLACK
6
CONTINUOUS
10
1.8704411811023622
20
1.0358220866141732
11
1.8696079133858268
21
1.0334407086614172
0
LINE
8
BLACK
6
CONTINUOUS
10
1.8696079133858268
20
1.0334407086614172
11
1.8680046850393701
21
1.0312054330708662
0
LINE
8
BLACK
6
CONTINUOUS
10
1.8680046850393701
20
1.0312054330708662
11
1.8654474803149605
21
1.0301917716535434
0
LINE
8
BLACK
6
CONTINUOUS
10
1.8654474803149605
20
1.0301917716535434
11
1.8627482283464567
21
1.0307215748031495
0
LINE
8
BLACK
6
CONTINUOUS
10
1.8627482283464567
20
1.0307215748031495
11
1.8607638582677164
21
1.0326265748031496
0
LINE
8
BLACK
6
CONTINUOUS
10
1.8607638582677164
20
1.0326265748031496
11
1.8603920866141732
21
1.0334407086614172
0
LINE
8
BLACK
6
CONTINUOUS
10
1.8603920866141732
20
1.0334407086614172
11
1.859558779527559
21
1.0358220866141732
0
LINE
8
BLACK
6
CONTINUOUS
10
1.859558779527559
20
1.0358220866141732
11
1.8595587401574802
21
1.0358221653543307
0
LINE
8
BLACK
6
CONTINUOUS
10
1.8595587401574802
20
1.0358221653543307
11
1.8563838582677166
21
1.0401240157480314
0
LINE
8
BLACK
6
CONTINUOUS
10
1.8563838582677166
20
1.0401240157480314
11
1.8520819685039369
21
1.043298937007874
0
LINE
8
BLACK
6
CONTINUOUS
10
1.8520819685039369
20
1.043298937007874
11
1.8520818897637794
21
1.0432989763779528
0
LINE
8
BLACK
6
CONTINUOUS
10
1.8520818897637794
20
1.0432989763779528
11
1.847035433070866
21
1.0450648425196851
0
LINE
8
BLACK
6
CONTINUOUS
10
1.847035433070866
20
1.0450648425196851
11
1.8458374015748031
21
1.0451771653543307
0
LINE
8
BLACK
6
CONTINUOUS
10
1.8458374015748031
20
1.0451771653543307
11
1.8458372440944881
21
1.0451771653543307
0
LINE
8
BLACK
6
CONTINUOUS
10
1.8458372440944881
20
1.0451771653543307
11
1.8041627559055118
21
1.0451771653543307
0
LINE
8
BLACK
6
CONTINUOUS
10
1.8041627559055118
20
1.0451771653543307
11
1.8041625984251968
21
1.0451771653543307
0
LINE
8
BLACK
6
CONTINUOUS
10
1.8041625984251968
20
1.0451771653543307
11
1.8029645669291339
21
1.0450648425196851
0
LINE
8
BLACK
6
CONTINUOUS
10
1.8029645669291339
20
1.0450648425196851
11
1.8029644881889764
21
1.0450648425196851
0
LINE
8
BLACK
6
CONTINUOUS
10
1.8029644881889764
20
1.0450648425196851
11
1.7979180708661417
21
1.0432989763779528
0
LINE
8
BLACK
6
CONTINUOUS
10
1.7979180708661417
20
1.0432989763779528
11
1.7979179921259842
21
1.043298937007874
0
LINE
8
BLACK
6
CONTINUOUS
10
1.7979179921259842
20
1.043298937007874
11
1.7936161417322833
21
1.0401240157480314
0
LINE
8
BLACK
6
CONTINUOUS
10
1.7936161417322833
20
1.0401240157480314
11
1.7904412204724409
21
1.0358221653543307
0
LINE
8
BLACK
6
CONTINUOUS
10
1.7904412204724409
20
1.0358221653543307
11
1.7904411811023622
21
1.0358220866141732
0
LINE
8
BLACK
6
CONTINUOUS
10
1.7904411811023622
20
1.0358220866141732
11
1.7886753149606298
21
1.0307756692913386
0
LINE
8
BLACK
6
CONTINUOUS
10
1.7886753149606298
20
1.0307756692913386
11
1.7886753149606298
21
1.0307755905511811
0
LINE
8
BLACK
6
CONTINUOUS
10
1.7886753149606298
20
1.0307755905511811
11
1.7885629921259842
21
1.0295775590551182
0
LINE
8
BLACK
6
CONTINUOUS
10
1.7885629921259842
20
1.0295775590551182
11
1.7885629921259842
21
1.0056193307086614
0
LINE
8
BLACK
6
CONTINUOUS
10
1.7885629921259842
20
1.0056193307086614
11
1.7886753149606298
21
1.0044212992125985
0
LINE
8
BLACK
6
CONTINUOUS
10
1.7886753149606298
20
1.0044212992125985
11
1.7886753149606298
21
1.004421220472441
0
LINE
8
BLACK
6
CONTINUOUS
10
1.7886753149606298
20
1.004421220472441
11
1.7904411811023622
21
0.9993748031496063
0
LINE
8
BLACK
6
CONTINUOUS
10
1.7904411811023622
20
0.9993748031496063
11
1.7904412204724409
21
0.9993747244094487
0
LINE
8
BLACK
6
CONTINUOUS
10
1.7904412204724409
20
0.9993747244094487
11
1.7936161417322833
21
0.9950728346456693
0
LINE
8
BLACK
6
CONTINUOUS
10
1.7936161417322833
20
0.9950728346456693
11
1.797918031496063
21
0.9918979133858268
0
LINE
8
BLACK
6
CONTINUOUS
10
1.797918031496063
20
0.9918979133858268
11
1.7996001968503936
21
0.9913092913385827
0
LINE
8
BLACK
6
CONTINUOUS
10
1.7996001968503936
20
0.9913092913385827
11
1.8029645275590551
21
0.9901320472440944
0
LINE
8
BLACK
6
CONTINUOUS
10
1.8029645275590551
20
0.9901320472440944
11
1.8041625984251968
21
0.9900196850393701
0
LINE
8
BLACK
6
CONTINUOUS
10
1.8041625984251968
20
0.9900196850393701
11
1.8041627559055118
21
0.9900196850393701
0
LINE
8
BLACK
6
CONTINUOUS
10
1.8041627559055118
20
0.9900196850393701
11
1.8458374015748031
21
0.9900196850393701
0
LINE
8
BLACK
6
CONTINUOUS
10
1.8458374015748031
20
0.9900196850393701
11
1.8470353937007873
21
0.9901320472440944
0
LINE
8
BLACK
6
CONTINUOUS
10
1.8470353937007873
20
0.9901320472440944
11
1.8470354724409448
21
0.9901320472440944
0
LINE
8
BLACK
6
CONTINUOUS
10
1.8470354724409448
20
0.9901320472440944
11
1.8495586614173227
21
0.991015
0
LINE
8
BLACK
6
CONTINUOUS
10
1.8495586614173227
20
0.991015
11
1.8520819685039369
21
0.9918979133858268
0
LINE
8
BLACK
6
CONTINUOUS
10
1.8520819685039369
20
0.9918979133858268
11
1.8563838582677166
21
0.9950728346456693
0
LINE
8
BLACK
6
CONTINUOUS
10
1.8563838582677166
20
0.9950728346456693
11
1.859558779527559
21
0.9993747244094487
0
LINE
8
BLACK
6
CONTINUOUS
10
1.859558779527559
20
0.9993747244094487
11
1.8603920866141732
21
1.0017561811023621
0
LINE
8
BLACK
6
CONTINUOUS
10
1.8603920866141732
20
1.0017561811023621
11
1.8619952755905511
21
1.0039914566929133
0
LINE
8
BLACK
6
CONTINUOUS
10
1.8619952755905511
20
1.0039914566929133
11
1.8645524803149607
21
1.0050051181102362
0
LINE
8
BLACK
6
CONTINUOUS
10
1.8645524803149607
20
1.0050051181102362
11
1.8672517716535433
21
1.0044753543307086
0
LINE
8
BLACK
6
CONTINUOUS
10
1.8672517716535433
20
1.0044753543307086
11
1.8692361417322834
21
1.00257031496063
0
LINE
8
BLACK
6
CONTINUOUS
10
1.8692361417322834
20
1.00257031496063
11
1.8696079133858268
21
1.0017561811023621
0
LINE
8
BLACK
6
CONTINUOUS
10
1.8696079133858268
20
1.0017561811023621
11
1.870441220472441
21
0.9993747244094487
0
LINE
8
BLACK
6
CONTINUOUS
10
1.870441220472441
20
0.9993747244094487
11
1.8736161417322834
21
0.9950728346456693
0
LINE
8
BLACK
6
CONTINUOUS
10
1.8736161417322834
20
0.9950728346456693
11
1.8779180314960628
21
0.9918979133858268
0
LINE
8
BLACK
6
CONTINUOUS
10
1.8779180314960628
20
0.9918979133858268
11
1.8796001968503937
21
0.9913092913385827
0
LINE
8
BLACK
6
CONTINUOUS
10
1.8796001968503937
20
0.9913092913385827
11
1.882964527559055
21
0.9901320472440944
0
LINE
8
BLACK
6
CONTINUOUS
10
1.882964527559055
20
0.9901320472440944
11
1.8841625984251968
21
0.9900196850393701
0
LINE
8
BLACK
6
CONTINUOUS
10
1.8841625984251968
20
0.9900196850393701
11
1.8841627559055119
21
0.9900196850393701
0
LINE
8
BLACK
6
CONTINUOUS
10
1.8841627559055119
20
0.9900196850393701
11
1.9258374015748032
21
0.9900196850393701
0
LINE
8
BLACK
6
CONTINUOUS
10
1.9258374015748032
20
0.9900196850393701
11
1.9270353937007874
21
0.9901320472440944
0
LINE
8
BLACK
6
CONTINUOUS
10
1.9270353937007874
20
0.9901320472440944
11
1.9270354724409449
21
0.9901320472440944
0
LINE
8
BLACK
6
CONTINUOUS
10
1.9270354724409449
20
0.9901320472440944
11
1.9295586614173228
21
0.991015
0
LINE
8
BLACK
6
CONTINUOUS
10
1.9295586614173228
20
0.991015
11
1.932081968503937
21
0.9918979133858268
0
LINE
8
BLACK
6
CONTINUOUS
10
1.932081968503937
20
0.9918979133858268
11
1.9363838582677164
21
0.9950728346456693
0
LINE
8
BLACK
6
CONTINUOUS
10
1.9363838582677164
20
0.9950728346456693
11
1.9395587795275591
21
0.9993747244094487
0
LINE
8
BLACK
6
CONTINUOUS
10
1.9395587795275591
20
0.9993747244094487
11
1.9405492913385827
21
1.0022054330708661
0
LINE
8
BLACK
6
CONTINUOUS
10
1.9405492913385827
20
1.0022054330708661
11
1.9413246456692912
21
1.004421220472441
0
LINE
8
BLACK
6
CONTINUOUS
10
1.9413246456692912
20
1.004421220472441
11
1.9413246456692912
21
1.0044212992125985
0
LINE
8
BLACK
6
CONTINUOUS
10
1.9413246456692912
20
1.0044212992125985
11
1.9414370078740157
21
1.0056193307086614
0
LINE
8
BLACK
6
CONTINUOUS
10
1.9414370078740157
20
1.0056193307086614
11
1.9414370078740157
21
1.0295775590551182
0
LINE
8
BLACK
6
CONTINUOUS
10
1.9414370078740157
20
1.0295775590551182
11
1.9413305511811023
21
1.0307125196850393
0
LINE
8
BLACK
6
CONTINUOUS
10
1.9413305511811023
20
1.0307125196850393
11
1.9413246456692912
21
1.0307755511811023
0
LINE
8
BLACK
6
CONTINUOUS
10
1.9413246456692912
20
1.0307755511811023
11
1.9412791732283463
21
1.0309055118110235
0
LINE
8
BLACK
6
CONTINUOUS
10
1.9412791732283463
20
1.0309055118110235
11
1.941273937007874
21
1.0310077952755905
0
LINE
8
BLACK
6
CONTINUOUS
10
1.941273937007874
20
1.0310077952755905
11
1.9412612598425196
21
1.0310658661417322
0
LINE
8
BLACK
6
CONTINUOUS
10
1.9412612598425196
20
1.0310658661417322
11
1.9412708661417322
21
1.0310679921259842
0
LINE
8
BLACK
6
CONTINUOUS
10
1.9412708661417322
20
1.0310679921259842
11
1.9411388582677165
21
1.033652716535433
0
LINE
8
BLACK
6
CONTINUOUS
10
1.9411388582677165
20
1.033652716535433
11
1.9425060236220473
21
1.0360396456692913
0
LINE
8
BLACK
6
CONTINUOUS
10
1.9425060236220473
20
1.0360396456692913
11
1.9449466535433071
21
1.0373085433070866
0
LINE
8
BLACK
6
CONTINUOUS
10
1.9449466535433071
20
1.0373085433070866
11
1.9476858661417322
21
1.0370564566929135
0
LINE
8
BLACK
6
CONTINUOUS
10
1.9476858661417322
20
1.0370564566929135
11
1.9493390551181102
21
1.0359700787401576
0
LINE
8
BLACK
6
CONTINUOUS
10
1.9493390551181102
20
1.0359700787401576
11
1.9721392519685039
21
1.0131698818897636
0
LINE
8
BLACK
6
CONTINUOUS
10
1.9721392519685039
20
1.0131698818897636
11
1.9759591732283464
21
1.0109644488188976
0
LINE
8
BLACK
6
CONTINUOUS
10
1.9759591732283464
20
1.0109644488188976
11
1.9802197637795276
21
1.0098228346456692
0
LINE
8
BLACK
6
CONTINUOUS
10
1.9802197637795276
20
1.0098228346456692
11
1.9802198425196851
21
1.0098228346456692
0
LINE
8
BLACK
6
CONTINUOUS
10
1.9802198425196851
20
1.0098228346456692
11
1.9951181102362203
21
1.0098228346456692
0
LINE
8
BLACK
6
CONTINUOUS
10
1.9951181102362203
20
1.0098228346456692
11
1.9977574409448819
21
1.0090478346456693
0
LINE
8
BLACK
6
CONTINUOUS
10
1.9977574409448819
20
1.0090478346456693
11
1.9995588188976376
21
1.006968937007874
0
LINE
8
BLACK
6
CONTINUOUS
10
1.9995588188976376
20
1.006968937007874
11
2.
21
1.0049409448818898
0
LINE
8
BLACK
6
CONTINUOUS
10
2.
20
1.0049409448818898
11
2.
21
1.0016338582677164
0
LINE
8
BLACK
6
CONTINUOUS
10
2.
20
1.0016338582677164
11
1.999225
21
0.998994527559055
0
LINE
8
BLACK
6
CONTINUOUS
10
1.999225
20
0.998994527559055
11
1.9971461023622046
21
0.9971931496062992
0
LINE
8
BLACK
6
CONTINUOUS
10
1.9971461023622046
20
0.9971931496062992
11
1.9951181102362203
21
0.996751968503937
0
LINE
8
BLACK
6
CONTINUOUS
10
1.9951181102362203
20
0.996751968503937
11
1.9857945275590552
21
0.996751968503937
0
LINE
8
BLACK
6
CONTINUOUS
10
1.9857945275590552
20
0.996751968503937
11
1.9819209448818897
21
0.9957140551181102
0
LINE
8
BLACK
6
CONTINUOUS
10
1.9819209448818897
20
0.9957140551181102
11
1.981920905511811
21
0.9957140944881889
0
LINE
8
BLACK
6
CONTINUOUS
10
1.981920905511811
20
0.9957140944881889
11
1.9815340157480315
21
0.9956103937007874
0
LINE
8
BLACK
6
CONTINUOUS
10
1.9815340157480315
20
0.9956103937007874
11
1.9815338188976377
21
0.9956103149606299
0
LINE
8
BLACK
6
CONTINUOUS
10
1.9815338188976377
20
0.9956103149606299
11
1.9777141732283463
21
0.9934050393700787
0
LINE
8
BLACK
6
CONTINUOUS
10
1.9777141732283463
20
0.9934050393700787
11
1.977713937007874
21
0.993404842519685
0
LINE
8
BLACK
6
CONTINUOUS
10
1.977713937007874
20
0.993404842519685
11
1.8924909842519684
21
0.9081818503937008
0
LINE
8
BLACK
6
CONTINUOUS
10
1.8924909842519684
20
0.9081818503937008
11
1.8900766929133859
21
0.9068635433070866
0
LINE
8
BLACK
6
CONTINUOUS
10
1.8900766929133859
20
0.9068635433070866
11
1.8890389763779527
21
0.906751968503937
0
LINE
8
BLACK
6
CONTINUOUS
10
1.8890389763779527
20
0.906751968503937
11
1.6289610236220473
21
0.906751968503937
0
LINE
8
BLACK
6
CONTINUOUS
10
1.6289610236220473
20
0.906751968503937
11
1.6263216929133857
21
0.907526968503937
0
LINE
8
BLACK
6
CONTINUOUS
10
1.6263216929133857
20
0.907526968503937
11
1.6255090157480314
21
0.9081818503937008
0
LINE
8
BLACK
6
CONTINUOUS
10
1.6255090157480314
20
0.9081818503937008
11
1.5600125590551182
21
0.9736783070866142
0
LINE
8
BLACK
6
CONTINUOUS
10
1.5600125590551182
20
0.9736783070866142
11
1.5586942519685039
21
0.9760925984251968
0
LINE
8
BLACK
6
CONTINUOUS
10
1.5586942519685039
20
0.9760925984251968
11
1.5585826771653544
21
0.9771303149606299
0
LINE
8
BLACK
6
CONTINUOUS
10
1.5585826771653544
20
0.9771303149606299
11
1.5585826771653544
21
0.9853312598425197
0
LINE
8
BLACK
6
CONTINUOUS
10
1.5585826771653544
20
0.9853312598425197
11
1.5585826771653544
21
1.0266687795275591
0
LINE
8
BLACK
6
CONTINUOUS
10
1.5585826771653544
20
1.0266687795275591
11
1.5585826771653544
21
1.059036062992126
0
LINE
8
BLACK
6
CONTINUOUS
10
1.5585826771653544
20
1.059036062992126
11
1.5585826771653544
21
1.0590361417322833
0
LINE
8
BLACK
6
CONTINUOUS
10
1.5585826771653544
20
1.0590361417322833
11
1.5584044881889763
21
1.0597011811023622
0
LINE
8
BLACK
6
CONTINUOUS
10
1.5584044881889763
20
1.0597011811023622
11
1.5584699606299213
21
1.0624511023622047
0
LINE
8
BLACK
6
CONTINUOUS
10
1.5584699606299213
20
1.0624511023622047
11
1.5600118110236221
21
1.0647291338582676
0
LINE
8
BLACK
6
CONTINUOUS
10
1.5600118110236221
20
1.0647291338582676
11
1.5625404724409448
21
1.0658119685039369
0
LINE
8
BLACK
6
CONTINUOUS
10
1.5625404724409448
20
1.0658119685039369
11
1.5631200393700786
21
1.0658464960629921
0
LINE
8
BLACK
6
CONTINUOUS
10
1.5631200393700786
20
1.0658464960629921
11
1.5720667716535432
21
1.0658464960629921
0
LINE
8
BLACK
6
CONTINUOUS
10
1.5720667716535432
20
1.0658464960629921
11
1.5720670866141733
21
1.0658464960629921
0
LINE
8
BLACK
6
CONTINUOUS
10
1.5720670866141733
20
1.0658464960629921
11
1.5730149606299213
21
1.0659564173228346
0
LINE
8
BLACK
6
CONTINUOUS
10
1.5730149606299213
20
1.0659564173228346
11
1.5756323622047244
21
1.067112125984252
0
LINE
8
BLACK
6
CONTINUOUS
10
1.5756323622047244
20
1.067112125984252
11
1.5768926377952757
21
1.0676685826771652
0
LINE
8
BLACK
6
CONTINUOUS
10
1.5768926377952757
20
1.0676685826771652
11
1.5768926771653542
21
1.067668622047244
0
LINE
8
BLACK
6
CONTINUOUS
10
1.5768926771653542
20
1.067668622047244
11
1.576892874015748
21
1.0676687007874015
0
LINE
8
BLACK
6
CONTINUOUS
10
1.576892874015748
20
1.0676687007874015
11
1.5798903543307086
21
1.0706661811023621
0
LINE
8
BLACK
6
CONTINUOUS
10
1.5798903543307086
20
1.0706661811023621
11
1.5816026377952757
21
1.074544094488189
0
LINE
8
BLACK
6
CONTINUOUS
10
1.5816026377952757
20
1.074544094488189
11
1.5817125984251967
21
1.0754919291338583
0
LINE
8
BLACK
6
CONTINUOUS
10
1.5817125984251967
20
1.0754919291338583
11
1.581712559055118
21
1.0857678740157479
0
LINE
8
BLACK
6
CONTINUOUS
10
1.581712559055118
20
1.0857678740157479
11
1.5816026377952757
21
1.086715748031496
0
LINE
8
BLACK
6
CONTINUOUS
10
1.5816026377952757
20
1.086715748031496
11
1.580814527559055
21
1.0885005511811023
0
LINE
8
BLACK
6
CONTINUOUS
10
1.580814527559055
20
1.0885005511811023
11
1.5804574015748032
21
1.0912279921259842
0
LINE
8
BLACK
6
CONTINUOUS
10
1.5804574015748032
20
1.0912279921259842
11
1.5808146062992126
21
1.0924444094488188
0
LINE
8
BLACK
6
CONTINUOUS
10
1.5808146062992126
20
1.0924444094488188
11
1.5816025984251969
21
1.0942289763779527
0
LINE
8
BLACK
6
CONTINUOUS
10
1.5816025984251969
20
1.0942289763779527
11
1.5816025984251969
21
1.0942290157480314
0
LINE
8
BLACK
6
CONTINUOUS
10
1.5816025984251969
20
1.0942290157480314
11
1.5816025984251969
21
1.0942290551181102
0
LINE
8
BLACK
6
CONTINUOUS
10
1.5816025984251969
20
1.0942290551181102
11
1.5816026377952757
21
1.0942291338582677
0
LINE
8
BLACK
6
CONTINUOUS
10
1.5816026377952757
20
1.0942291338582677
11
1.5817125984251967
21
1.095176968503937
0
LINE
8
BLACK
6
CONTINUOUS
10
1.5817125984251967
20
1.095176968503937
11
1.581712559055118
21
1.1054529133858269
0
LINE
8
BLACK
6
CONTINUOUS
10
1.581712559055118
20
1.1054529133858269
11
1.5816026377952757
21
1.1064007874015749
0
LINE
8
BLACK
6
CONTINUOUS
10
1.5816026377952757
20
1.1064007874015749
11
1.580814527559055
21
1.108185590551181
0
LINE
8
BLACK
6
CONTINUOUS
10
1.580814527559055
20
1.108185590551181
11
1.5804574015748032
21
1.1109130314960629
0
LINE
8
BLACK
6
CONTINUOUS
10
1.5804574015748032
20
1.1109130314960629
11
1.5808146062992126
21
1.1121294488188975
0
LINE
8
BLACK
6
CONTINUOUS
10
1.5808146062992126
20
1.1121294488188975
11
1.5816025984251969
21
1.1139140157480314
0
LINE
8
BLACK
6
CONTINUOUS
10
1.5816025984251969
20
1.1139140157480314
11
1.5816990157480315
21
1.1142683858267717
0
LINE
8
BLACK
6
CONTINUOUS
10
1.5816990157480315
20
1.1142683858267717
11
1.5817722834645669
21
1.1142484645669291
0
LINE
8
BLACK
6
CONTINUOUS
10
1.5817722834645669
20
1.1142484645669291
11
1.5826661023622046
21
1.1163560629921259
0
LINE
8
BLACK
6
CONTINUOUS
10
1.5826661023622046
20
1.1163560629921259
11
1.5834695669291339
21
1.1171340551181101
0
LINE
8
BLACK
6
CONTINUOUS
10
1.5834695669291339
20
1.1171340551181101
11
1.5868704330708661
21
1.1197437007874016
0
LINE
8
BLACK
6
CONTINUOUS
10
1.5868704330708661
20
1.1197437007874016
11
1.5868704724409448
21
1.1197437401574803
0
LINE
8
BLACK
6
CONTINUOUS
10
1.5868704724409448
20
1.1197437401574803
11
1.5905779527559054
21
1.1245753543307087
0
LINE
8
BLACK
6
CONTINUOUS
10
1.5905779527559054
20
1.1245753543307087
11
1.5905780708661417
21
1.1245755905511812
0
LINE
8
BLACK
6
CONTINUOUS
10
1.5905780708661417
20
1.1245755905511812
11
1.5929085826771654
21
1.1302020472440946
0
LINE
8
BLACK
6
CONTINUOUS
10
1.5929085826771654
20
1.1302020472440946
11
1.5932500393700788
21
1.1327952755905513
0
LINE
8
BLACK
6
CONTINUOUS
10
1.5932500393700788
20
1.1327952755905513
11
1.5782985433070866
21
1.1327952755905513
0
LINE
8
BLACK
6
CONTINUOUS
10
1.5782985433070866
20
1.1327952755905513
11
1.5763266141732284
21
1.1332112598425197
0
LINE
8
BLACK
6
CONTINUOUS
10
1.5763266141732284
20
1.1332112598425197
11
1.5733051181102362
21
1.1345454330708662
0
LINE
8
BLACK
6
CONTINUOUS
10
1.5733051181102362
20
1.1345454330708662
11
1.5728099212598425
21
1.1338042519685039
0
LINE
8
BLACK
6
CONTINUOUS
10
1.5728099212598425
20
1.1338042519685039
11
1.5716923228346455
21
1.1330575196850394
0
LINE
8
BLACK
6
CONTINUOUS
10
1.5716923228346455
20
1.1330575196850394
11
1.5703740157480315
21
1.1327952755905513
0
LINE
8
BLACK
6
CONTINUOUS
10
1.5703740157480315
20
1.1327952755905513
11
1.513287401574803
21
1.1327952755905513
0
LINE
8
BLACK
6
CONTINUOUS
10
1.513287401574803
20
1.1327952755905513
11
1.5119690944881889
21
1.1330575196850394
0
LINE
8
BLACK
6
CONTINUOUS
10
1.5119690944881889
20
1.1330575196850394
11
1.5108514960629922
21
1.1338042519685039
0
LINE
8
BLACK
6
CONTINUOUS
10
1.5108514960629922
20
1.1338042519685039
11
1.5103562598425198
21
1.1345454330708662
0
LINE
8
BLACK
6
CONTINUOUS
10
1.5103562598425198
20
1.1345454330708662
11
1.5073794094488189
21
1.1332309448818898
0
LINE
8
BLACK
6
CONTINUOUS
10
1.5073794094488189
20
1.1332309448818898
11
1.5054074803149606
21
1.1328149606299212
0
LINE
8
BLACK
6
CONTINUOUS
10
1.5054074803149606
20
1.1328149606299212
11
1.4931437795275591
21
1.1328149606299212
0
LINE
8
BLACK
6
CONTINUOUS
10
1.4931437795275591
20
1.1328149606299212
11
1.4928434251968503
21
1.1327952755905513
0
LINE
8
BLACK
6
CONTINUOUS
10
1.4928434251968503
20
1.1327952755905513
11
1.4904113779527559
21
1.1327952755905513
0
LINE
8
BLACK
6
CONTINUOUS
10
1.4904113779527559
20
1.1327952755905513
11
1.4897933464566928
21
1.1320905511811024
0
LINE
8
BLACK
6
CONTINUOUS
10
1.4897933464566928
20
1.1320905511811024
11
1.4885640157480315
21
1.131081653543307
0
LINE
8
BLACK
6
CONTINUOUS
10
1.4885640157480315
20
1.131081653543307
11
1.4874977559055118
21
1.1304660236220472
0
LINE
8
BLACK
6
CONTINUOUS
10
1.4874977559055118
20
1.1304660236220472
11
1.4873197244094487
21
1.1303632677165354
0
LINE
8
BLACK
6
CONTINUOUS
10
1.4873197244094487
20
1.1303632677165354
11
1.4871312992125985
21
1.1302544881889764
0
LINE
8
BLACK
6
CONTINUOUS
10
1.4871312992125985
20
1.1302544881889764
11
1.4770267322834645
21
1.1201498818897637
0
LINE
8
BLACK
6
CONTINUOUS
10
1.4770267322834645
20
1.1201498818897637
11
1.4746124409448818
21
1.1188315748031497
0
LINE
8
BLACK
6
CONTINUOUS
10
1.4746124409448818
20
1.1188315748031497
11
1.4718686614173229
21
1.1190277952755905
0
LINE
8
BLACK
6
CONTINUOUS
10
1.4718686614173229
20
1.1190277952755905
11
1.4696665748031497
21
1.1206762992125985
0
LINE
8
BLACK
6
CONTINUOUS
10
1.4696665748031497
20
1.1206762992125985
11
1.4696467716535433
21
1.1207029133858268
0
LINE
8
BLACK
6
CONTINUOUS
10
1.4696467716535433
20
1.1207029133858268
11
1.4685727952755905
21
1.1221581102362204
0
LINE
8
BLACK
6
CONTINUOUS
10
1.4685727952755905
20
1.1221581102362204
11
1.4663838582677164
21
1.1251240157480316
0
LINE
8
BLACK
6
CONTINUOUS
10
1.4663838582677164
20
1.1251240157480316
11
1.462081968503937
21
1.128298937007874
0
LINE
8
BLACK
6
CONTINUOUS
10
1.462081968503937
20
1.128298937007874
11
1.4620818897637795
21
1.1282989763779527
0
LINE
8
BLACK
6
CONTINUOUS
10
1.4620818897637795
20
1.1282989763779527
11
1.4595656299212598
21
1.1291794488188975
0
LINE
8
BLACK
6
CONTINUOUS
10
1.4595656299212598
20
1.1291794488188975
11
1.4573303543307086
21
1.1307826771653544
0
LINE
8
BLACK
6
CONTINUOUS
10
1.4573303543307086
20
1.1307826771653544
11
1.4563166929133857
21
1.133339842519685
0
LINE
8
BLACK
6
CONTINUOUS
10
1.4563166929133857
20
1.133339842519685
11
1.4568464960629921
21
1.1360391338582676
0
LINE
8
BLACK
6
CONTINUOUS
10
1.4568464960629921
20
1.1360391338582676
11
1.4587514960629921
21
1.1380235039370079
0
LINE
8
BLACK
6
CONTINUOUS
10
1.4587514960629921
20
1.1380235039370079
11
1.4596424409448818
21
1.1384214566929134
0
LINE
8
BLACK
6
CONTINUOUS
10
1.4596424409448818
20
1.1384214566929134
11
1.4662645275590551
21
1.1406158267716535
0
LINE
8
BLACK
6
CONTINUOUS
10
1.4662645275590551
20
1.1406158267716535
11
1.4662647244094489
21
1.140615905511811
0
LINE
8
BLACK
6
CONTINUOUS
10
1.4662647244094489
20
1.140615905511811
11
1.4721395669291337
21
1.1442395669291339
0
LINE
8
BLACK
6
CONTINUOUS
10
1.4721395669291337
20
1.1442395669291339
11
1.474474842519685
21
1.1465748425196851
0
LINE
8
BLACK
6
CONTINUOUS
10
1.474474842519685
20
1.1465748425196851
11
1.477020275590551
21
1.1491202755905512
0
LINE
8
BLACK
6
CONTINUOUS
10
1.477020275590551
20
1.1491202755905512
11
1.4806439370078739
21
1.1549951181102363
0
LINE
8
BLACK
6
CONTINUOUS
10
1.4806439370078739
20
1.1549951181102363
11
1.4806440157480314
21
1.1549953149606298
0
LINE
8
BLACK
6
CONTINUOUS
10
1.4806440157480314
20
1.1549953149606298
11
1.482815157480315
21
1.1615473622047243
0
LINE
8
BLACK
6
CONTINUOUS
10
1.482815157480315
20
1.1615473622047243
11
1.4828151968503938
21
1.1615476377952756
0
LINE
8
BLACK
6
CONTINUOUS
10
1.4828151968503938
20
1.1615476377952756
11
1.4832283070866141
21
1.1655911023622048
0
LINE
8
BLACK
6
CONTINUOUS
10
1.4832283070866141
20
1.1655911023622048
11
1.4832283464566929
21
1.1655916141732283
0
LINE
8
BLACK
6
CONTINUOUS
10
1.4832283464566929
20
1.1655916141732283
11
1.4832283464566929
21
1.1675590551181103
0
LINE
8
BLACK
6
CONTINUOUS
10
1.4832283464566929
20
1.1675590551181103
11
1.4635433070866142
21
1.1675590551181103
0
LINE
8
BLACK
6
CONTINUOUS
10
1.4635433070866142
20
1.1675590551181103
11
1.462794094488189
21
1.1637924803149606
0
LINE
8
BLACK
6
CONTINUOUS
10
1.462794094488189
20
1.1637924803149606
11
1.4606605118110236
21
1.1605993307086613
0
LINE
8
BLACK
6
CONTINUOUS
10
1.4606605118110236
20
1.1605993307086613
11
1.4574673622047243
21
1.1584657480314959
0
LINE
8
BLACK
6
CONTINUOUS
10
1.4574673622047243
20
1.1584657480314959
11
1.4537007874015748
21
1.1577165354330707
0
LINE
8
BLACK
6
CONTINUOUS
10
1.4537007874015748
20
1.1577165354330707
11
1.4162992125984251
21
1.1577165354330707
0
LINE
8
BLACK
6
CONTINUOUS
10
1.4162992125984251
20
1.1577165354330707
11
1.4125326377952756
21
1.1584657480314959
0
LINE
8
BLACK
6
CONTINUOUS
10
1.4125326377952756
20
1.1584657480314959
11
1.4093394881889763
21
1.1605993307086613
0
LINE
8
BLACK
6
CONTINUOUS
10
1.4093394881889763
20
1.1605993307086613
11
1.4072059055118109
21
1.1637924803149606
0
LINE
8
BLACK
6
CONTINUOUS
10
1.4072059055118109
20
1.1637924803149606
11
1.4064566929133857
21
1.1675590551181103
0
LINE
8
BLACK
6
CONTINUOUS
10
1.4064566929133857
20
1.1675590551181103
11
1.3867716929133858
21
1.1675590551181103
0
LINE
8
BLACK
6
CONTINUOUS
10
1.3867716929133858
20
1.1675590551181103
11
1.3867716929133858
21
1.1655911023622048
0
LINE
8
BLACK
6
CONTINUOUS
10
1.3867716929133858
20
1.1655911023622048
11
1.3871848031496063
21
1.1615473622047243
0
LINE
8
BLACK
6
CONTINUOUS
10
1.3871848031496063
20
1.1615473622047243
11
1.3893559448818897
21
1.1549953149606298
0
LINE
8
BLACK
6
CONTINUOUS
10
1.3893559448818897
20
1.1549953149606298
11
1.3893560236220472
21
1.1549951181102363
0
LINE
8
BLACK
6
CONTINUOUS
10
1.3893560236220472
20
1.1549951181102363
11
1.3929796850393701
21
1.1491202755905512
0
LINE
8
BLACK
6
CONTINUOUS
10
1.3929796850393701
20
1.1491202755905512
11
1.3978603937007874
21
1.1442395669291339
0
LINE
8
BLACK
6
CONTINUOUS
10
1.3978603937007874
20
1.1442395669291339
11
1.4037352362204725
21
1.140615905511811
0
LINE
8
BLACK
6
CONTINUOUS
10
1.4037352362204725
20
1.140615905511811
11
1.4037355118110235
21
1.1406157874015748
0
LINE
8
BLACK
6
CONTINUOUS
10
1.4037355118110235
20
1.1406157874015748
11
1.4103575196850393
21
1.1384214960629921
0
LINE
8
BLACK
6
CONTINUOUS
10
1.4103575196850393
20
1.1384214960629921
11
1.4126191338582677
21
1.1368556692913385
0
LINE
8
BLACK
6
CONTINUOUS
10
1.4126191338582677
20
1.1368556692913385
11
1.4136751968503938
21
1.1343156692913385
0
LINE
8
BLACK
6
CONTINUOUS
10
1.4136751968503938
20
1.1343156692913385
11
1.4131903543307087
21
1.1316079527559055
0
LINE
8
BLACK
6
CONTINUOUS
10
1.4131903543307087
20
1.1316079527559055
11
1.411318622047244
21
1.1295922047244094
0
LINE
8
BLACK
6
CONTINUOUS
10
1.411318622047244
20
1.1295922047244094
11
1.4104344488188976
21
1.1291794881889763
0
LINE
8
BLACK
6
CONTINUOUS
10
1.4104344488188976
20
1.1291794881889763
11
1.4087961417322834
21
1.128606220472441
0
LINE
8
BLACK
6
CONTINUOUS
10
1.4087961417322834
20
1.128606220472441
11
1.4079180314960629
21
1.128298937007874
0
LINE
8
BLACK
6
CONTINUOUS
10
1.4079180314960629
20
1.128298937007874
11
1.4079179921259841
21
1.128298937007874
0
LINE
8
BLACK
6
CONTINUOUS
10
1.4079179921259841
20
1.128298937007874
11
1.4079179527559056
21
1.1282988976377952
0
LINE
8
BLACK
6
CONTINUOUS
10
1.4079179527559056
20
1.1282988976377952
11
1.4036160629921259
21
1.1251239763779528
0
LINE
8
BLACK
6
CONTINUOUS
10
1.4036160629921259
20
1.1251239763779528
11
1.4008185039370078
21
1.1213333464566928
0
LINE
8
BLACK
6
CONTINUOUS
10
1.4008185039370078
20
1.1213333464566928
11
1.3986276771653543
21
1.1196699212598424
0
LINE
8
BLACK
6
CONTINUOUS
10
1.3986276771653543
20
1.1196699212598424
11
1.3968905511811023
21
1.1193503937007874
0
LINE
8
BLACK
6
CONTINUOUS
10
1.3968905511811023
20
1.1193503937007874
11
1.3780208267716536
21
1.1193503937007874
0
LINE
8
BLACK
6
CONTINUOUS
10
1.3780208267716536
20
1.1193503937007874
11
1.3753814960629922
21
1.1201253937007873
0
LINE
8
BLACK
6
CONTINUOUS
10
1.3753814960629922
20
1.1201253937007873
11
1.3736201181102361
21
1.1221581102362204
0
LINE
8
BLACK
6
CONTINUOUS
10
1.3736201181102361
20
1.1221581102362204
11
1.373614251968504
21
1.1221551968503938
0
LINE
8
BLACK
6
CONTINUOUS
10
1.373614251968504
20
1.1221551968503938
11
1.3736033464566928
21
1.1221774803149607
0
LINE
8
BLACK
6
CONTINUOUS
10
1.3736033464566928
20
1.1221774803149607
11
1.3735801181102363
21
1.1222042913385826
0
LINE
8
BLACK
6
CONTINUOUS
10
1.3735801181102363
20
1.1222042913385826
11
1.3735442913385827
21
1.1222983070866142
0
LINE
8
BLACK
6
CONTINUOUS
10
1.3735442913385827
20
1.1222983070866142
11
1.3734477559055118
21
1.1224957874015749
0
LINE
8
BLACK
6
CONTINUOUS
10
1.3734477559055118
20
1.1224957874015749
11
1.3714251181102362
21
1.1266331889763779
0
LINE
8
BLACK
6
CONTINUOUS
10
1.3714251181102362
20
1.1266331889763779
11
1.3714250393700786
21
1.1266332677165354
0
LINE
8
BLACK
6
CONTINUOUS
10
1.3714250393700786
20
1.1266332677165354
11
1.3714250393700786
21
1.1266333070866141
0
LINE
8
BLACK
6
CONTINUOUS
10
1.3714250393700786
20
1.1266333070866141
11
1.3681687007874015
21
1.1298896456692913
0
LINE
8
BLACK
6
CONTINUOUS
10
1.3681687007874015
20
1.1298896456692913
11
1.3640311417322835
21
1.1319123622047245
0
LINE
8
BLACK
6
CONTINUOUS
10
1.3640311417322835
20
1.1319123622047245
11
1.3613488582677165
21
1.1323031496062992
0
LINE
8
BLACK
6
CONTINUOUS
10
1.3613488582677165
20
1.1323031496062992
11
1.3613488188976377
21
1.1323031496062992
0
LINE
8
BLACK
6
CONTINUOUS
10
1.3613488188976377
20
1.1323031496062992
11
1.3159455118110235
21
1.1323031496062992
0
LINE
8
BLACK
6
CONTINUOUS
10
1.3159455118110235
20
1.1323031496062992
11
1.3133061811023621
21
1.1330781496062992
0
LINE
8
BLACK
6
CONTINUOUS
10
1.3133061811023621
20
1.1330781496062992
11
1.3115048031496064
21
1.1351570472440944
0
LINE
8
BLACK
6
CONTINUOUS
10
1.3115048031496064
20
1.1351570472440944
11
1.3111133070866141
21
1.1378798031496062
0
LINE
8
BLACK
6
CONTINUOUS
10
1.3111133070866141
20
1.1378798031496062
11
1.3112574409448818
21
1.1385470472440944
0
LINE
8
BLACK
6
CONTINUOUS
10
1.3112574409448818
20
1.1385470472440944
11
1.3116968503937008
21
1.1400596062992125
0
LINE
8
BLACK
6
CONTINUOUS
10
1.3116968503937008
20
1.1400596062992125
11
1.3117045275590551
21
1.1401574409448818
0
LINE
8
BLACK
6
CONTINUOUS
10
1.3117045275590551
20
1.1401574409448818
11
1.3117045275590551
21
1.1401574803149606
0
LINE
8
BLACK
6
CONTINUOUS
10
1.3117045275590551
20
1.1401574803149606
11
1.2905558661417322
21
1.1401574803149606
0
LINE
8
BLACK
6
CONTINUOUS
10
1.2905558661417322
20
1.1401574803149606
11
1.2903962992125984
21
1.1399186614173229
0
LINE
8
BLACK
6
CONTINUOUS
10
1.2903962992125984
20
1.1399186614173229
11
1.2884804330708661
21
1.1386385039370079
0
LINE
8
BLACK
6
CONTINUOUS
10
1.2884804330708661
20
1.1386385039370079
11
1.286220472440945
21
1.1381889763779527
0
LINE
8
BLACK
6
CONTINUOUS
10
1.286220472440945
20
1.1381889763779527
11
1.2399606299212598
21
1.1381889763779527
0
LINE
8
BLACK
6
CONTINUOUS
10
1.2399606299212598
20
1.1381889763779527
11
1.2377006692913386
21
1.1386385039370079
0
LINE
8
BLACK
6
CONTINUOUS
10
1.2377006692913386
20
1.1386385039370079
11
1.2357848031496064
21
1.1399186614173229
0
LINE
8
BLACK
6
CONTINUOUS
10
1.2357848031496064
20
1.1399186614173229
11
1.2345046456692914
21
1.1418345275590551
0
LINE
8
BLACK
6
CONTINUOUS
10
1.2345046456692914
20
1.1418345275590551
11
1.2340551181102362
21
1.1440944881889763
0
LINE
8
BLACK
6
CONTINUOUS
10
1.2340551181102362
20
1.1440944881889763
11
1.2340551181102362
21
1.1559055118110235
0
LINE
8
BLACK
6
CONTINUOUS
10
1.2340551181102362
20
1.1559055118110235
11
1.2345046456692914
21
1.1581654724409449
0
LINE
8
BLACK
6
CONTINUOUS
10
1.2345046456692914
20
1.1581654724409449
11
1.2357848031496064
21
1.1600813385826771
0
LINE
8
BLACK
6
CONTINUOUS
10
1.2357848031496064
20
1.1600813385826771
11
1.2377006692913386
21
1.1613614960629921
0
LINE
8
BLACK
6
CONTINUOUS
10
1.2377006692913386
20
1.1613614960629921
11
1.2399606299212598
21
1.1618110236220471
0
LINE
8
BLACK
6
CONTINUOUS
10
1.2399606299212598
20
1.1618110236220471
11
1.253248031496063
21
1.1618110236220471
0
LINE
8
BLACK
6
CONTINUOUS
10
1.253248031496063
20
1.1618110236220471
11
1.253248031496063
21
1.1814960629921261
0
LINE
8
BLACK
6
CONTINUOUS
10
1.253248031496063
20
1.1814960629921261
11
1.2373759842519685
21
1.1814960629921261
0
LINE
8
BLACK
6
CONTINUOUS
10
1.2373759842519685
20
1.1814960629921261
11
1.235925590551181
21
1.1813819291338583
0
LINE
8
BLACK
6
CONTINUOUS
10
1.235925590551181
20
1.1813819291338583
11
1.2359253543307087
21
1.1813818897637796
0
LINE
8
BLACK
6
CONTINUOUS
10
1.2359253543307087
20
1.1813818897637796
11
1.2297167716535433
21
1.1795781102362204
0
LINE
8
BLACK
6
CONTINUOUS
10
1.2297167716535433
20
1.1795781102362204
11
1.2297166535433071
21
1.1795780708661416
0
LINE
8
BLACK
6
CONTINUOUS
10
1.2297166535433071
20
1.1795780708661416
11
1.2241514566929133
21
1.1762868503937007
0
LINE
8
BLACK
6
CONTINUOUS
10
1.2241514566929133
20
1.1762868503937007
11
1.2241511023622047
21
1.1762865748031497
0
LINE
8
BLACK
6
CONTINUOUS
10
1.2241511023622047
20
1.1762865748031497
11
1.2195795669291338
21
1.1717150393700788
0
LINE
8
BLACK
6
CONTINUOUS
10
1.2195795669291338
20
1.1717150393700788
11
1.2195792913385826
21
1.17171468503937
0
LINE
8
BLACK
6
CONTINUOUS
10
1.2195792913385826
20
1.17171468503937
11
1.2162880708661417
21
1.1661494881889765
0
LINE
8
BLACK
6
CONTINUOUS
10
1.2162880708661417
20
1.1661494881889765
11
1.2162880314960629
21
1.1661493700787402
0
LINE
8
BLACK
6
CONTINUOUS
10
1.2162880314960629
20
1.1661493700787402
11
1.2144146456692912
21
1.1597010629921261
0
LINE
8
BLACK
6
CONTINUOUS
10
1.2144146456692912
20
1.1597010629921261
11
1.2143478346456693
21
1.1597204724409449
0
LINE
8
BLACK
6
CONTINUOUS
10
1.2143478346456693
20
1.1597204724409449
11
1.2132615748031497
21
1.1575632677165355
0
LINE
8
BLACK
6
CONTINUOUS
10
1.2132615748031497
20
1.1575632677165355
11
1.2108925196850393
21
1.1561652755905512
0
LINE
8
BLACK
6
CONTINUOUS
10
1.2108925196850393
20
1.1561652755905512
11
1.2081437401574804
21
1.1562699999999999
0
LINE
8
BLACK
6
CONTINUOUS
10
1.2081437401574804
20
1.1562699999999999
11
1.2062444881889764
21
1.157446377952756
0
LINE
8
BLACK
6
CONTINUOUS
10
1.2062444881889764
20
1.157446377952756
11
1.1931818503937008
21
1.1705090157480316
0
LINE
8
BLACK
6
CONTINUOUS
10
1.1931818503937008
20
1.1705090157480316
11
1.1918635433070865
21
1.1729233070866141
0
LINE
8
BLACK
6
CONTINUOUS
10
1.1918635433070865
20
1.1729233070866141
11
1.1917519685039371
21
1.1739610236220472
0
LINE
8
BLACK
6
CONTINUOUS
10
1.1917519685039371
20
1.1739610236220472
11
1.1917519685039371
21
1.1751911023622046
0
LINE
8
BLACK
6
CONTINUOUS
10
1.1917519685039371
20
1.1751911023622046
11
1.192526968503937
21
1.1778304330708662
0
LINE
8
BLACK
6
CONTINUOUS
10
1.192526968503937
20
1.1778304330708662
11
1.1946058661417323
21
1.1796318110236219
0
LINE
8
BLACK
6
CONTINUOUS
10
1.1946058661417323
20
1.1796318110236219
11
1.1961779133858268
21
1.180051653543307
0
LINE
8
BLACK
6
CONTINUOUS
10
1.1961779133858268
20
1.180051653543307
11
1.1970353937007874
21
1.1801320472440944
0
LINE
8
BLACK
6
CONTINUOUS
10
1.1970353937007874
20
1.1801320472440944
11
1.1970354724409449
21
1.1801320866141731
0
LINE
8
BLACK
6
CONTINUOUS
10
1.1970354724409449
20
1.1801320866141731
11
1.1970355905511811
21
1.1801320866141731
0
LINE
8
BLACK
6
CONTINUOUS
10
1.1970355905511811
20
1.1801320866141731
11
1.1996453149606299
21
1.1810453149606299
0
LINE
8
BLACK
6
CONTINUOUS
10
1.1996453149606299
20
1.1810453149606299
11
1.202081968503937
21
1.1818979133858267
0
LINE
8
BLACK
6
CONTINUOUS
10
1.202081968503937
20
1.1818979133858267
11
1.2063838582677164
21
1.1850728346456694
0
LINE
8
BLACK
6
CONTINUOUS
10
1.2063838582677164
20
1.1850728346456694
11
1.2095587795275591
21
1.1893747244094488
0
LINE
8
BLACK
6
CONTINUOUS
10
1.2095587795275591
20
1.1893747244094488
11
1.210571062992126
21
1.1922676377952757
0
LINE
8
BLACK
6
CONTINUOUS
10
1.210571062992126
20
1.1922676377952757
11
1.2113246456692912
21
1.1944212204724409
0
LINE
8
BLACK
6
CONTINUOUS
10
1.2113246456692912
20
1.1944212204724409
11
1.2113246456692912
21
1.1944212992125984
0
LINE
8
BLACK
6
CONTINUOUS
10
1.2113246456692912
20
1.1944212992125984
11
1.2114370078740158
21
1.1956193307086613
0
LINE
8
BLACK
6
CONTINUOUS
10
1.2114370078740158
20
1.1956193307086613
11
1.2114370078740158
21
1.2195775590551181
0
LINE
8
BLACK
6
CONTINUOUS
10
1.2114370078740158
20
1.2195775590551181
11
1.2113246456692912
21
1.220775590551181
0
LINE
8
BLACK
6
CONTINUOUS
10
1.2113246456692912
20
1.220775590551181
11
1.2113246456692912
21
1.2207756692913385
0
LINE
8
BLACK
6
CONTINUOUS
10
1.2113246456692912
20
1.2207756692913385
11
1.2095587795275591
21
1.2258220866141731
0
LINE
8
BLACK
6
CONTINUOUS
10
1.2095587795275591
20
1.2258220866141731
11
1.2095587401574803
21
1.2258221653543306
0
LINE
8
BLACK
6
CONTINUOUS
10
1.2095587401574803
20
1.2258221653543306
11
1.2085620472440946
21
1.2271726377952756
0
LINE
8
BLACK
6
CONTINUOUS
10
1.2085620472440946
20
1.2271726377952756
11
1.2063838582677164
21
1.2301240157480315
0
LINE
8
BLACK
6
CONTINUOUS
10
1.2063838582677164
20
1.2301240157480315
11
1.202081968503937
21
1.233298937007874
0
LINE
8
BLACK
6
CONTINUOUS
10
1.202081968503937
20
1.233298937007874
11
1.2020818897637795
21
1.2332989763779527
0
LINE
8
BLACK
6
CONTINUOUS
10
1.2020818897637795
20
1.2332989763779527
11
1.1995656299212598
21
1.2341794488188975
0
LINE
8
BLACK
6
CONTINUOUS
10
1.1995656299212598
20
1.2341794488188975
11
1.1973303543307086
21
1.2357826771653544
0
LINE
8
BLACK
6
CONTINUOUS
10
1.1973303543307086
20
1.2357826771653544
11
1.1963166929133857
21
1.238339842519685
0
LINE
8
BLACK
6
CONTINUOUS
10
1.1963166929133857
20
1.238339842519685
11
1.1968464960629921
21
1.2410391338582676
0
LINE
8
BLACK
6
CONTINUOUS
10
1.1968464960629921
20
1.2410391338582676
11
1.1987514960629921
21
1.2430235039370079
0
LINE
8
BLACK
6
CONTINUOUS
10
1.1987514960629921
20
1.2430235039370079
11
1.1996424409448818
21
1.2434214566929134
0
LINE
8
BLACK
6
CONTINUOUS
10
1.1996424409448818
20
1.2434214566929134
11
1.2062645275590551
21
1.2456158267716535
0
LINE
8
BLACK
6
CONTINUOUS
10
1.2062645275590551
20
1.2456158267716535
11
1.2062647244094489
21
1.245615905511811
0
LINE
8
BLACK
6
CONTINUOUS
10
1.2062647244094489
20
1.245615905511811
11
1.2121394488188977
21
1.2492394881889763
0
LINE
8
BLACK
6
CONTINUOUS
10
1.2121394488188977
20
1.2492394881889763
11
1.2140416929133857
21
1.2511417322834646
0
LINE
8
BLACK
6
CONTINUOUS
10
1.2140416929133857
20
1.2511417322834646
11
1.1974015748031497
21
1.2511417322834646
0
LINE
8
BLACK
6
CONTINUOUS
10
1.1974015748031497
20
1.2511417322834646
11
1.1956734251968504
21
1.2513119291338581
0
LINE
8
BLACK
6
CONTINUOUS
10
1.1956734251968504
20
1.2513119291338581
11
1.1924801968503937
21
1.2526346062992126
0
LINE
8
BLACK
6
CONTINUOUS
10
1.1924801968503937
20
1.2526346062992126
11
1.1911378346456694
21
1.2537362598425197
0
LINE
8
BLACK
6
CONTINUOUS
10
1.1911378346456694
20
1.2537362598425197
11
1.1821575590551181
21
1.2627165354330709
0
LINE
8
BLACK
6
CONTINUOUS
10
1.1821575590551181
20
1.2627165354330709
11
1.1562992125984253
21
1.2627165354330709
0
LINE
8
BLACK
6
CONTINUOUS
10
1.1562992125984253
20
1.2627165354330709
11
1.1525326377952756
21
1.2634657480314961
0
LINE
8
BLACK
6
CONTINUOUS
10
1.1525326377952756
20
1.2634657480314961
11
1.1493394881889762
21
1.2655993307086615
0
LINE
8
BLACK
6
CONTINUOUS
10
1.1493394881889762
20
1.2655993307086615
11
1.1472059055118109
21
1.2687924803149606
0
LINE
8
BLACK
6
CONTINUOUS
10
1.1472059055118109
20
1.2687924803149606
11
1.1464566929133857
21
1.2725590551181103
0
LINE
8
BLACK
6
CONTINUOUS
10
1.1464566929133857
20
1.2725590551181103
11
1.1258303543307087
21
1.2725590551181103
0
LINE
8
BLACK
6
CONTINUOUS
10
1.1258303543307087
20
1.2725590551181103
11
1.1254891338582678
21
1.2723727559055118
0
LINE
8
BLACK
6
CONTINUOUS
10
1.1254891338582678
20
1.2723727559055118
11
1.1227453937007874
21
1.2725691732283464
0
LINE
8
BLACK
6
CONTINUOUS
10
1.1227453937007874
20
1.2725691732283464
11
1.1209997244094487
21
1.2736911417322834
0
LINE
8
BLACK
6
CONTINUOUS
10
1.1209997244094487
20
1.2736911417322834
11
1.100478779527559
21
1.2942120866141733
0
LINE
8
BLACK
6
CONTINUOUS
10
1.100478779527559
20
1.2942120866141733
11
1.0843608267716536
21
1.3103300393700787
0
LINE
8
BLACK
6
CONTINUOUS
10
1.0843608267716536
20
1.3103300393700787
11
1.0843607480314961
21
1.3103301181102363
0
LINE
8
BLACK
6
CONTINUOUS
10
1.0843607480314961
20
1.3103301181102363
11
1.0805408267716534
21
1.3125355511811023
0
LINE
8
BLACK
6
CONTINUOUS
10
1.0805408267716534
20
1.3125355511811023
11
1.0762802362204724
21
1.3136771653543307
0
LINE
8
BLACK
6
CONTINUOUS
10
1.0762802362204724
20
1.3136771653543307
11
1.0762801968503937
21
1.3136771653543307
0
LINE
8
BLACK
6
CONTINUOUS
10
1.0762801968503937
20
1.3136771653543307
11
1.0664884251968503
21
1.3136771653543307
0
LINE
8
BLACK
6
CONTINUOUS
10
1.0664884251968503
20
1.3136771653543307
11
1.0638490944881889
21
1.3144521653543306
0
LINE
8
BLACK
6
CONTINUOUS
10
1.0638490944881889
20
1.3144521653543306
11
1.0625604724409448
21
1.3156600787401576
0
LINE
8
BLACK
6
CONTINUOUS
10
1.0625604724409448
20
1.3156600787401576
11
1.0618325196850393
21
1.3166464173228347
0
LINE
8
BLACK
6
CONTINUOUS
10
1.0618325196850393
20
1.3166464173228347
11
1.0593996062992126
21
1.3199429133858267
0
LINE
8
BLACK
6
CONTINUOUS
10
1.0593996062992126
20
1.3199429133858267
11
1.0550977165354329
21
1.3231178346456693
0
LINE
8
BLACK
6
CONTINUOUS
10
1.0550977165354329
20
1.3231178346456693
11
1.0550976377952757
21
1.3231178740157481
0
LINE
8
BLACK
6
CONTINUOUS
10
1.0550976377952757
20
1.3231178740157481
11
1.0500511811023623
21
1.3248837401574802
0
LINE
8
BLACK
6
CONTINUOUS
10
1.0500511811023623
20
1.3248837401574802
11
1.0488531496062992
21
1.324996062992126
0
LINE
8
BLACK
6
CONTINUOUS
10
1.0488531496062992
20
1.324996062992126
11
1.0488529921259842
21
1.324996062992126
0
LINE
8
BLACK
6
CONTINUOUS
10
1.0488529921259842
20
1.324996062992126
11
1.0091470078740157
21
1.324996062992126
0
LINE
8
BLACK
6
CONTINUOUS
10
1.0091470078740157
20
1.324996062992126
11
1.0091468503937007
21
1.324996062992126
0
LINE
8
BLACK
6
CONTINUOUS
10
1.0091468503937007
20
1.324996062992126
11
1.0079488188976378
21
1.3248837401574802
0
LINE
8
BLACK
6
CONTINUOUS
10
1.0079488188976378
20
1.3248837401574802
11
1.0079487401574803
21
1.3248837401574802
0
LINE
8
BLACK
6
CONTINUOUS
10
1.0079487401574803
20
1.3248837401574802
11
1.0029023228346456
21
1.3231178740157481
0
LINE
8
BLACK
6
CONTINUOUS
10
1.0029023228346456
20
1.3231178740157481
11
1.0029022440944881
21
1.3231178346456693
0
LINE
8
BLACK
6
CONTINUOUS
10
1.0029022440944881
20
1.3231178346456693
11
0.9986003937007873
21
1.3199429133858267
0
LINE
8
BLACK
6
CONTINUOUS
10
0.9986003937007873
20
1.3199429133858267
11
0.9954395275590551
21
1.3156600787401576
0
LINE
8
BLACK
6
CONTINUOUS
10
0.9954395275590551
20
1.3156600787401576
11
0.9932486614173228
21
1.3139966929133857
0
LINE
8
BLACK
6
CONTINUOUS
10
0.9932486614173228
20
1.3139966929133857
11
0.9915115748031496
21
1.3136771653543307
0
LINE
8
BLACK
6
CONTINUOUS
10
0.9915115748031496
20
1.3136771653543307
11
0.9837197244094488
21
1.3136771653543307
0
LINE
8
BLACK
6
CONTINUOUS
10
0.9837197244094488
20
1.3136771653543307
11
0.9795664566929133
21
1.3125643307086614
0
LINE
8
BLACK
6
CONTINUOUS
10
0.9795664566929133
20
1.3125643307086614
11
0.9795664173228347
21
1.3125642913385827
0
LINE
8
BLACK
6
CONTINUOUS
10
0.9795664173228347
20
1.3125642913385827
11
0.9794949212598425
21
1.3125451574803149
0
LINE
8
BLACK
6
CONTINUOUS
10
0.9794949212598425
20
1.3125451574803149
11
0.9794591338582677
21
1.3125355511811023
0
LINE
8
BLACK
6
CONTINUOUS
10
0.9794591338582677
20
1.3125355511811023
11
0.9756393700787401
21
1.3103301968503938
0
LINE
8
BLACK
6
CONTINUOUS
10
0.9756393700787401
20
1.3103301968503938
11
0.9756391338582677
21
1.3103300393700787
0
LINE
8
BLACK
6
CONTINUOUS
10
0.9756391338582677
20
1.3103300393700787
11
0.9725201968503937
21
1.3072110629921259
0
LINE
8
BLACK
6
CONTINUOUS
10
0.9725201968503937
20
1.3072110629921259
11
0.8840274015748031
21
1.2187183070866141
0
LINE
8
BLACK
6
CONTINUOUS
10
0.8840274015748031
20
1.2187183070866141
11
0.8840273622047244
21
1.2187183070866141
0
LINE
8
BLACK
6
CONTINUOUS
10
0.8840273622047244
20
1.2187183070866141
11
0.8840274015748031
21
1.2187182677165354
0
LINE
8
BLACK
6
CONTINUOUS
10
0.8840274015748031
20
1.2187182677165354
11
0.8815950393700788
21
1.2162859055118109
0
LINE
8
BLACK
6
CONTINUOUS
10
0.8815950393700788
20
1.2162859055118109
11
0.881595
21
1.2162858267716534
0
LINE
8
BLACK
6
CONTINUOUS
10
0.881595
20
1.2162858267716534
11
0.8793896850393701
21
1.2124661417322835
0
LINE
8
BLACK
6
CONTINUOUS
10
0.8793896850393701
20
1.2124661417322835
11
0.8793896456692913
21
1.2124660236220473
0
LINE
8
BLACK
6
CONTINUOUS
10
0.8793896456692913
20
1.2124660236220473
11
0.878248031496063
21
1.208205433070866
0
LINE
8
BLACK
6
CONTINUOUS
10
0.878248031496063
20
1.208205433070866
11
0.878248031496063
21
1.0987324015748032
0
LINE
8
BLACK
6
CONTINUOUS
10
0.878248031496063
20
1.0987324015748032
11
0.8774730314960629
21
1.0960930708661416
0
LINE
8
BLACK
6
CONTINUOUS
10
0.8774730314960629
20
1.0960930708661416
11
0.8753941338582677
21
1.0942916929133859
0
LINE
8
BLACK
6
CONTINUOUS
10
0.8753941338582677
20
1.0942916929133859
11
0.8742315354330709
21
1.0939811417322833
0
LINE
8
BLACK
6
CONTINUOUS
10
0.8742315354330709
20
1.0939811417322833
11
0.8742389763779528
21
1.0939470866141732
0
LINE
8
BLACK
6
CONTINUOUS
10
0.8742389763779528
20
1.0939470866141732
11
0.8739487401574803
21
1.0938837401574804
0
LINE
8
BLACK
6
CONTINUOUS
10
0.8739487401574803
20
1.0938837401574804
11
0.8689023228346456
21
1.092117874015748
0
LINE
8
BLACK
6
CONTINUOUS
10
0.8689023228346456
20
1.092117874015748
11
0.8689022440944881
21
1.0921178346456692
0
LINE
8
BLACK
6
CONTINUOUS
10
0.8689022440944881
20
1.0921178346456692
11
0.8646003937007873
21
1.0889429133858268
0
LINE
8
BLACK
6
CONTINUOUS
10
0.8646003937007873
20
1.0889429133858268
11
0.8614254724409449
21
1.0846410629921259
0
LINE
8
BLACK
6
CONTINUOUS
10
0.8614254724409449
20
1.0846410629921259
11
0.8614254330708662
21
1.0846409842519684
0
LINE
8
BLACK
6
CONTINUOUS
10
0.8614254330708662
20
1.0846409842519684
11
0.8596595669291338
21
1.0795945669291338
0
LINE
8
BLACK
6
CONTINUOUS
10
0.8596595669291338
20
1.0795945669291338
11
0.8596595669291338
21
1.0795944881889763
0
LINE
8
BLACK
6
CONTINUOUS
10
0.8596595669291338
20
1.0795944881889763
11
0.8595472440944881
21
1.0783964566929134
0
LINE
8
BLACK
6
CONTINUOUS
10
0.8595472440944881
20
1.0783964566929134
11
0.8595472440944881
21
1.0534539763779527
0
LINE
8
BLACK
6
CONTINUOUS
10
0.8595472440944881
20
1.0534539763779527
11
0.8596595669291338
21
1.0522559448818898
0
LINE
8
BLACK
6
CONTINUOUS
10
0.8596595669291338
20
1.0522559448818898
11
0.8596595669291338
21
1.0522558661417323
0
LINE
8
BLACK
6
CONTINUOUS
10
0.8596595669291338
20
1.0522558661417323
11
0.8614254330708662
21
1.0472094488188977
0
LINE
8
BLACK
6
CONTINUOUS
10
0.8614254330708662
20
1.0472094488188977
11
0.8614254724409449
21
1.0472093700787402
0
LINE
8
BLACK
6
CONTINUOUS
10
0.8614254724409449
20
1.0472093700787402
11
0.8646003937007873
21
1.0429074803149605
0
LINE
8
BLACK
6
CONTINUOUS
10
0.8646003937007873
20
1.0429074803149605
11
0.8689022834645669
21
1.0397325590551181
0
LINE
8
BLACK
6
CONTINUOUS
10
0.8689022834645669
20
1.0397325590551181
11
0.869235
21
1.0396161417322833
0
LINE
8
BLACK
6
CONTINUOUS
10
0.869235
20
1.0396161417322833
11
0.873948779527559
21
1.0379666929133857
0
LINE
8
BLACK
6
CONTINUOUS
10
0.873948779527559
20
1.0379666929133857
11
0.8751468503937008
21
1.0378543307086614
0
LINE
8
BLACK
6
CONTINUOUS
10
0.8751468503937008
20
1.0378543307086614
11
0.8751470078740158
21
1.0378543307086614
0
LINE
8
BLACK
6
CONTINUOUS
10
0.8751470078740158
20
1.0378543307086614
11
0.9148531496062992
21
1.0378543307086614
0
LINE
8
BLACK
6
CONTINUOUS
10
0.9148531496062992
20
1.0378543307086614
11
0.9160511417322834
21
1.0379666929133857
0
LINE
8
BLACK
6
CONTINUOUS
10
0.9160511417322834
20
1.0379666929133857
11
0.9160512204724409
21
1.0379666929133857
0
LINE
8
BLACK
6
CONTINUOUS
10
0.9160512204724409
20
1.0379666929133857
11
0.9185744094488189
21
1.0388496456692913
0
LINE
8
BLACK
6
CONTINUOUS
10
0.9185744094488189
20
1.0388496456692913
11
0.921097716535433
21
1.0397325590551181
0
LINE
8
BLACK
6
CONTINUOUS
10
0.921097716535433
20
1.0397325590551181
11
0.9253996062992126
21
1.0429074803149605
0
LINE
8
BLACK
6
CONTINUOUS
10
0.9253996062992126
20
1.0429074803149605
11
0.9285745275590551
21
1.0472093700787402
0
LINE
8
BLACK
6
CONTINUOUS
10
0.9285745275590551
20
1.0472093700787402
11
0.9301262992125984
21
1.0516440551181103
0
LINE
8
BLACK
6
CONTINUOUS
10
0.9301262992125984
20
1.0516440551181103
11
0.9303403937007874
21
1.0522558661417323
0
LINE
8
BLACK
6
CONTINUOUS
10
0.9303403937007874
20
1.0522558661417323
11
0.9303403937007874
21
1.0522559448818898
0
LINE
8
BLACK
6
CONTINUOUS
10
0.9303403937007874
20
1.0522559448818898
11
0.9304527559055118
21
1.0534539763779527
0
LINE
8
BLACK
6
CONTINUOUS
10
0.9304527559055118
20
1.0534539763779527
11
0.9304527559055118
21
1.0783964566929134
0
LINE
8
BLACK
6
CONTINUOUS
10
0.9304527559055118
20
1.0783964566929134
11
0.9303403937007874
21
1.0795944881889763
0
LINE
8
BLACK
6
CONTINUOUS
10
0.9303403937007874
20
1.0795944881889763
11
0.9303403937007874
21
1.0795945669291338
0
LINE
8
BLACK
6
CONTINUOUS
10
0.9303403937007874
20
1.0795945669291338
11
0.9286123228346457
21
1.0845329921259843
0
LINE
8
BLACK
6
CONTINUOUS
10
0.9286123228346457
20
1.0845329921259843
11
0.9285745275590551
21
1.0846410236220472
0
LINE
8
BLACK
6
CONTINUOUS
10
0.9285745275590551
20
1.0846410236220472
11
0.9253996062992126
21
1.0889429133858268
0
LINE
8
BLACK
6
CONTINUOUS
10
0.9253996062992126
20
1.0889429133858268
11
0.921097716535433
21
1.0921178346456692
0
LINE
8
BLACK
6
CONTINUOUS
10
0.921097716535433
20
1.0921178346456692
11
0.9210976377952755
21
1.092117874015748
0
LINE
8
BLACK
6
CONTINUOUS
10
0.9210976377952755
20
1.092117874015748
11
0.9160512204724409
21
1.0938837401574804
0
LINE
8
BLACK
6
CONTINUOUS
10
0.9160512204724409
20
1.0938837401574804
11
0.9157610236220473
21
1.0939470866141732
0
LINE
8
BLACK
6
CONTINUOUS
10
0.9157610236220473
20
1.0939470866141732
11
0.9157792125984252
21
1.0940305511811024
0
LINE
8
BLACK
6
CONTINUOUS
10
0.9157792125984252
20
1.0940305511811024
11
0.9136218897637796
21
1.0948904330708662
0
LINE
8
BLACK
6
CONTINUOUS
10
0.9136218897637796
20
1.0948904330708662
11
0.912022874015748
21
1.0971287007874015
0
LINE
8
BLACK
6
CONTINUOUS
10
0.912022874015748
20
1.0971287007874015
11
0.911751968503937
21
1.0987324015748032
0
LINE
8
BLACK
6
CONTINUOUS
10
0.911751968503937
20
1.0987324015748032
11
0.911751968503937
21
1.1970390157480315
0
LINE
8
BLACK
6
CONTINUOUS
10
0.911751968503937
20
1.1970390157480315
11
0.912526968503937
21
1.1996783464566929
0
LINE
8
BLACK
6
CONTINUOUS
10
0.912526968503937
20
1.1996783464566929
11
0.9131818503937008
21
1.2004910236220472
0
LINE
8
BLACK
6
CONTINUOUS
10
0.9131818503937008
20
1.2004910236220472
11
0.9510306692913386
21
1.238339842519685
0
LINE
8
BLACK
6
CONTINUOUS
10
0.9510306692913386
20
1.238339842519685
11
0.9894925984251969
21
1.2768018110236221
0
LINE
8
BLACK
6
CONTINUOUS
10
0.9894925984251969
20
1.2768018110236221
11
0.991906811023622
21
1.2781200393700787
0
LINE
8
BLACK
6
CONTINUOUS
10
0.991906811023622
20
1.2781200393700787
11
0.9946505905511811
21
1.2779238188976378
0
LINE
8
BLACK
6
CONTINUOUS
10
0.9946505905511811
20
1.2779238188976378
11
0.9968526771653543
21
1.2762753149606298
0
LINE
8
BLACK
6
CONTINUOUS
10
0.9968526771653543
20
1.2762753149606298
11
0.9968724803149606
21
1.2762487007874015
0
LINE
8
BLACK
6
CONTINUOUS
10
0.9968724803149606
20
1.2762487007874015
11
0.9970720866141732
21
1.2759782677165354
0
LINE
8
BLACK
6
CONTINUOUS
10
0.9970720866141732
20
1.2759782677165354
11
0.9986003937007873
21
1.2739074803149606
0
LINE
8
BLACK
6
CONTINUOUS
10
0.9986003937007873
20
1.2739074803149606
11
1.0029022834645669
21
1.2707325590551182
0
LINE
8
BLACK
6
CONTINUOUS
10
1.0029022834645669
20
1.2707325590551182
11
1.0045844488188975
21
1.270143937007874
0
LINE
8
BLACK
6
CONTINUOUS
10
1.0045844488188975
20
1.270143937007874
11
1.007948779527559
21
1.2689666929133858
0
LINE
8
BLACK
6
CONTINUOUS
10
1.007948779527559
20
1.2689666929133858
11
1.0091468503937007
21
1.2688543307086615
0
LINE
8
BLACK
6
CONTINUOUS
10
1.0091468503937007
20
1.2688543307086615
11
1.0091470078740157
21
1.2688543307086615
0
LINE
8
BLACK
6
CONTINUOUS
10
1.0091470078740157
20
1.2688543307086615
11
1.0488531496062992
21
1.2688543307086615
0
LINE
8
BLACK
6
CONTINUOUS
10
1.0488531496062992
20
1.2688543307086615
11
1.0500511417322835
21
1.2689666929133858
0
LINE
8
BLACK
6
CONTINUOUS
10
1.0500511417322835
20
1.2689666929133858
11
1.0500512204724408
21
1.2689666929133858
0
LINE
8
BLACK
6
CONTINUOUS
10
1.0500512204724408
20
1.2689666929133858
11
1.052574409448819
21
1.2698496456692914
0
LINE
8
BLACK
6
CONTINUOUS
10
1.052574409448819
20
1.2698496456692914
11
1.0550977165354329
21
1.2707325590551182
0
LINE
8
BLACK
6
CONTINUOUS
10
1.0550977165354329
20
1.2707325590551182
11
1.0593996062992126
21
1.2739074803149606
0
LINE
8
BLACK
6
CONTINUOUS
10
1.0593996062992126
20
1.2739074803149606
11
1.0612743307086614
21
1.2764476771653543
0
LINE
8
BLACK
6
CONTINUOUS
10
1.0612743307086614
20
1.2764476771653543
11
1.0619767322834646
21
1.27739937007874
0
LINE
8
BLACK
6
CONTINUOUS
10
1.0619767322834646
20
1.27739937007874
11
1.0641675590551181
21
1.2790627952755904
0
LINE
8
BLACK
6
CONTINUOUS
10
1.0641675590551181
20
1.2790627952755904
11
1.0669099212598425
21
1.279277716535433
0
LINE
8
BLACK
6
CONTINUOUS
10
1.0669099212598425
20
1.279277716535433
11
1.0693331496062992
21
1.2779758661417322
0
LINE
8
BLACK
6
CONTINUOUS
10
1.0693331496062992
20
1.2779758661417322
11
1.0693566929133858
21
1.2779524409448819
0
LINE
8
BLACK
6
CONTINUOUS
10
1.0693566929133858
20
1.2779524409448819
11
1.1371331102362205
21
1.2101760236220471
0
LINE
8
BLACK
6
CONTINUOUS
10
1.1371331102362205
20
1.2101760236220471
11
1.1384514173228346
21
1.2077617322834646
0
LINE
8
BLACK
6
CONTINUOUS
10
1.1384514173228346
20
1.2077617322834646
11
1.1385629921259843
21
1.2067240157480315
0
LINE
8
BLACK
6
CONTINUOUS
10
1.1385629921259843
20
1.2067240157480315
11
1.1385629921259843
21
1.1956193307086613
0
LINE
8
BLACK
6
CONTINUOUS
10
1.1385629921259843
20
1.1956193307086613
11
1.1386753149606299
21
1.1944212992125984
0
LINE
8
BLACK
6
CONTINUOUS
10
1.1386753149606299
20
1.1944212992125984
11
1.1386753149606299
21
1.1944212204724409
0
LINE
8
BLACK
6
CONTINUOUS
10
1.1386753149606299
20
1.1944212204724409
11
1.1404411811023623
21
1.1893748031496063
0
LINE
8
BLACK
6
CONTINUOUS
10
1.1404411811023623
20
1.1893748031496063
11
1.140441220472441
21
1.1893747244094488
0
LINE
8
BLACK
6
CONTINUOUS
10
1.140441220472441
20
1.1893747244094488
11
1.1436161417322834
21
1.1850728346456694
0
LINE
8
BLACK
6
CONTINUOUS
10
1.1436161417322834
20
1.1850728346456694
11
1.1479180314960629
21
1.1818979133858267
0
LINE
8
BLACK
6
CONTINUOUS
10
1.1479180314960629
20
1.1818979133858267
11
1.1490664566929134
21
1.1814960629921261
0
LINE
8
BLACK
6
CONTINUOUS
10
1.1490664566929134
20
1.1814960629921261
11
1.1529643700787402
21
1.1801320866141731
0
LINE
8
BLACK
6
CONTINUOUS
10
1.1529643700787402
20
1.1801320866141731
11
1.152964527559055
21
1.1801320866141731
0
LINE
8
BLACK
6
CONTINUOUS
10
1.152964527559055
20
1.1801320866141731
11
1.1529646062992125
21
1.1801320472440944
0
LINE
8
BLACK
6
CONTINUOUS
10
1.1529646062992125
20
1.1801320472440944
11
1.153821968503937
21
1.180051653543307
0
LINE
8
BLACK
6
CONTINUOUS
10
1.153821968503937
20
1.180051653543307
11
1.1563773228346457
21
1.1790337007874014
0
LINE
8
BLACK
6
CONTINUOUS
10
1.1563773228346457
20
1.1790337007874014
11
1.1579767716535432
21
1.1767957480314961
0
LINE
8
BLACK
6
CONTINUOUS
10
1.1579767716535432
20
1.1767957480314961
11
1.158248031496063
21
1.1751911023622046
0
LINE
8
BLACK
6
CONTINUOUS
10
1.158248031496063
20
1.1751911023622046
11
1.158248031496063
21
1.1672054330708661
0
LINE
8
BLACK
6
CONTINUOUS
10
1.158248031496063
20
1.1672054330708661
11
1.158248031496063
21
1.1627945669291337
0
LINE
8
BLACK
6
CONTINUOUS
10
1.158248031496063
20
1.1627945669291337
11
1.1593896456692914
21
1.1585339763779527
0
LINE
8
BLACK
6
CONTINUOUS
10
1.1593896456692914
20
1.1585339763779527
11
1.1615950787401574
21
1.1547140551181103
0
LINE
8
BLACK
6
CONTINUOUS
10
1.1615950787401574
20
1.1547140551181103
11
1.1615951181102362
21
1.1547140157480316
0
LINE
8
BLACK
6
CONTINUOUS
10
1.1615951181102362
20
1.1547140157480316
11
1.1615951574803149
21
1.1547139763779528
0
LINE
8
BLACK
6
CONTINUOUS
10
1.1615951574803149
20
1.1547139763779528
11
1.213825748031496
21
1.1024834251968503
0
LINE
8
BLACK
6
CONTINUOUS
10
1.213825748031496
20
1.1024834251968503
11
1.2138261417322835
21
1.1024829921259842
0
LINE
8
BLACK
6
CONTINUOUS
10
1.2138261417322835
20
1.1024829921259842
11
1.2139966141732283
21
1.1023125196850394
0
LINE
8
BLACK
6
CONTINUOUS
10
1.2139966141732283
20
1.1023125196850394
11
1.2139966535433071
21
1.1023124803149607
0
LINE
8
BLACK
6
CONTINUOUS
10
1.2139966535433071
20
1.1023124803149607
11
1.2171156299212598
21
1.0991935039370078
0
LINE
8
BLACK
6
CONTINUOUS
10
1.2171156299212598
20
1.0991935039370078
11
1.2209355511811024
21
1.0969880708661417
0
LINE
8
BLACK
6
CONTINUOUS
10
1.2209355511811024
20
1.0969880708661417
11
1.2251961023622047
21
1.0958464566929134
0
LINE
8
BLACK
6
CONTINUOUS
10
1.2251961023622047
20
1.0958464566929134
11
1.2251961417322834
21
1.0958464566929134
0
LINE
8
BLACK
6
CONTINUOUS
10
1.2251961417322834
20
1.0958464566929134
11
1.3034176771653543
21
1.0958464566929134
0
LINE
8
BLACK
6
CONTINUOUS
10
1.3034176771653543
20
1.0958464566929134
11
1.3055617716535433
21
1.0953504330708661
0
LINE
8
BLACK
6
CONTINUOUS
10
1.3055617716535433
20
1.0953504330708661
11
1.3056502362204725
21
1.0953072047244095
0
LINE
8
BLACK
6
CONTINUOUS
10
1.3056502362204725
20
1.0953072047244095
11
1.3056502755905512
21
1.0953071653543307
0
LINE
8
BLACK
6
CONTINUOUS
10
1.3056502755905512
20
1.0953071653543307
11
1.3097876771653543
21
1.093284527559055
0
LINE
8
BLACK
6
CONTINUOUS
10
1.3097876771653543
20
1.093284527559055
11
1.3111288582677165
21
1.0930891338582678
0
LINE
8
BLACK
6
CONTINUOUS
10
1.3111288582677165
20
1.0930891338582678
11
1.3124700393700788
21
1.0928937007874016
0
LINE
8
BLACK
6
CONTINUOUS
10
1.3124700393700788
20
1.0928937007874016
11
1.3124700787401575
21
1.0928937007874016
0
LINE
8
BLACK
6
CONTINUOUS
10
1.3124700787401575
20
1.0928937007874016
11
1.3309011811023621
21
1.0928937007874016
0
LINE
8
BLACK
6
CONTINUOUS
10
1.3309011811023621
20
1.0928937007874016
11
1.3335405118110235
21
1.0921187007874016
0
LINE
8
BLACK
6
CONTINUOUS
10
1.3335405118110235
20
1.0921187007874016
11
1.334353188976378
21
1.0914638188976378
0
LINE
8
BLACK
6
CONTINUOUS
10
1.334353188976378
20
1.0914638188976378
11
1.3366235039370078
21
1.0891935039370078
0
LINE
8
BLACK
6
CONTINUOUS
10
1.3366235039370078
20
1.0891935039370078
11
1.3398100787401575
21
1.0873537401574802
0
LINE
8
BLACK
6
CONTINUOUS
10
1.3398100787401575
20
1.0873537401574802
11
1.3404434251968504
21
1.0869880708661417
0
LINE
8
BLACK
6
CONTINUOUS
10
1.3404434251968504
20
1.0869880708661417
11
1.3447039763779527
21
1.0858464566929134
0
LINE
8
BLACK
6
CONTINUOUS
10
1.3447039763779527
20
1.0858464566929134
11
1.3447040157480314
21
1.0858464566929134
0
LINE
8
BLACK
6
CONTINUOUS
10
1.3447040157480314
20
1.0858464566929134
11
1.3968905511811023
21
1.0858464566929134
0
LINE
8
BLACK
6
CONTINUOUS
10
1.3968905511811023
20
1.0858464566929134
11
1.3995298818897637
21
1.0850714566929134
0
LINE
8
BLACK
6
CONTINUOUS
10
1.3995298818897637
20
1.0850714566929134
11
1.4008185039370078
21
1.0838635039370079
0
LINE
8
BLACK
6
CONTINUOUS
10
1.4008185039370078
20
1.0838635039370079
11
1.4036160629921259
21
1.0800729133858267
0
LINE
8
BLACK
6
CONTINUOUS
10
1.4036160629921259
20
1.0800729133858267
11
1.4036161023622047
21
1.0800729133858267
0
LINE
8
BLACK
6
CONTINUOUS
10
1.4036161023622047
20
1.0800729133858267
11
1.4036161417322834
21
1.0800728346456692
0
LINE
8
BLACK
6
CONTINUOUS
10
1.4036161417322834
20
1.0800728346456692
11
1.4079180314960629
21
1.0768979133858267
0
LINE
8
BLACK
6
CONTINUOUS
10
1.4079180314960629
20
1.0768979133858267
11
1.4083901574803148
21
1.076732716535433
0
LINE
8
BLACK
6
CONTINUOUS
10
1.4083901574803148
20
1.076732716535433
11
1.412964527559055
21
1.0751320472440944
0
LINE
8
BLACK
6
CONTINUOUS
10
1.412964527559055
20
1.0751320472440944
11
1.4141625984251969
21
1.0750196850393701
0
LINE
8
BLACK
6
CONTINUOUS
10
1.4141625984251969
20
1.0750196850393701
11
1.4495428740157481
21
1.0750196850393701
0
LINE
8
BLACK
6
CONTINUOUS
10
1.4495428740157481
20
1.0750196850393701
11
1.4521822047244095
21
1.0742446850393701
0
LINE
8
BLACK
6
CONTINUOUS
10
1.4521822047244095
20
1.0742446850393701
11
1.4539835826771654
21
1.0721657874015749
0
LINE
8
BLACK
6
CONTINUOUS
10
1.4539835826771654
20
1.0721657874015749
11
1.4543750787401575
21
1.069443031496063
0
LINE
8
BLACK
6
CONTINUOUS
10
1.4543750787401575
20
1.069443031496063
11
1.4532323622047243
21
1.0669408267716536
0
LINE
8
BLACK
6
CONTINUOUS
10
1.4532323622047243
20
1.0669408267716536
11
1.4529948818897638
21
1.0666857874015747
0
LINE
8
BLACK
6
CONTINUOUS
10
1.4529948818897638
20
1.0666857874015747
11
1.3604752362204724
21
0.9741661023622047
0
LINE
8
BLACK
6
CONTINUOUS
10
1.3604752362204724
20
0.9741661023622047
11
1.3580609448818897
21
0.9728477952755905
0
LINE
8
BLACK
6
CONTINUOUS
10
1.3580609448818897
20
0.9728477952755905
11
1.3570232283464567
21
0.9727362204724409
0
LINE
8
BLACK
6
CONTINUOUS
10
1.3570232283464567
20
0.9727362204724409
11
1.2378318897637794
21
0.9727362204724409
0
LINE
8
BLACK
6
CONTINUOUS
10
1.2378318897637794
20
0.9727362204724409
11
1.235192559055118
21
0.9735112204724409
0
LINE
8
BLACK
6
CONTINUOUS
10
1.235192559055118
20
0.9735112204724409
11
1.2333911811023621
21
0.9755901181102362
0
LINE
8
BLACK
6
CONTINUOUS
10
1.2333911811023621
20
0.9755901181102362
11
1.2329752755905512
21
0.9781142913385826
0
LINE
8
BLACK
6
CONTINUOUS
10
1.2329752755905512
20
0.9781142913385826
11
1.2332283070866141
21
0.9805911023622047
0
LINE
8
BLACK
6
CONTINUOUS
10
1.2332283070866141
20
0.9805911023622047
11
1.2332283464566929
21
0.9805916141732284
0
LINE
8
BLACK
6
CONTINUOUS
10
1.2332283464566929
20
0.9805916141732284
11
1.2332283464566929
21
0.9825590551181103
0
LINE
8
BLACK
6
CONTINUOUS
10
1.2332283464566929
20
0.9825590551181103
11
1.2135433070866142
21
0.9825590551181103
0
LINE
8
BLACK
6
CONTINUOUS
10
1.2135433070866142
20
0.9825590551181103
11
1.212794094488189
21
0.9787924803149606
0
LINE
8
BLACK
6
CONTINUOUS
10
1.212794094488189
20
0.9787924803149606
11
1.2106605118110236
21
0.9755993307086614
0
LINE
8
BLACK
6
CONTINUOUS
10
1.2106605118110236
20
0.9755993307086614
11
1.2074673622047243
21
0.973465748031496
0
LINE
8
BLACK
6
CONTINUOUS
10
1.2074673622047243
20
0.973465748031496
11
1.2037007874015748
21
0.9727165354330708
0
LINE
8
BLACK
6
CONTINUOUS
10
1.2037007874015748
20
0.9727165354330708
11
1.1662992125984251
21
0.9727165354330708
0
LINE
8
BLACK
6
CONTINUOUS
10
1.1662992125984251
20
0.9727165354330708
11
1.1625326377952756
21
0.973465748031496
0
LINE
8
BLACK
6
CONTINUOUS
10
1.1625326377952756
20
0.973465748031496
11
1.1593394881889763
21
0.9755993307086614
0
LINE
8
BLACK
6
CONTINUOUS
10
1.1593394881889763
20
0.9755993307086614
11
1.1572059055118109
21
0.9787924803149606
0
LINE
8
BLACK
6
CONTINUOUS
10
1.1572059055118109
20
0.9787924803149606
11
1.1564566929133857
21
0.9825590551181103
0
LINE
8
BLACK
6
CONTINUOUS
10
1.1564566929133857
20
0.9825590551181103
11
1.1367716929133858
21
0.9825590551181103
0
LINE
8
BLACK
6
CONTINUOUS
10
1.1367716929133858
20
0.9825590551181103
11
1.1367716929133858
21
0.9805909842519684
0
LINE
8
BLACK
6
CONTINUOUS
10
1.1367716929133858
20
0.9805909842519684
11
1.1370247244094487
21
0.9781142125984251
0
LINE
8
BLACK
6
CONTINUOUS
10
1.1370247244094487
20
0.9781142125984251
11
1.1365219685039369
21
0.9754097637795275
0
LINE
8
BLACK
6
CONTINUOUS
10
1.1365219685039369
20
0.9754097637795275
11
1.1346368897637795
21
0.9734064566929134
0
LINE
8
BLACK
6
CONTINUOUS
10
1.1346368897637795
20
0.9734064566929134
11
1.1321681102362204
21
0.9727362204724409
0
LINE
8
BLACK
6
CONTINUOUS
10
1.1321681102362204
20
0.9727362204724409
11
1.1306338582677165
21
0.9727362204724409
0
LINE
8
BLACK
6
CONTINUOUS
10
1.1306338582677165
20
0.9727362204724409
11
1.127994527559055
21
0.9735112204724409
0
LINE
8
BLACK
6
CONTINUOUS
10
1.127994527559055
20
0.9735112204724409
11
1.1261931496062991
21
0.9755901181102362
0
LINE
8
BLACK
6
CONTINUOUS
10
1.1261931496062991
20
0.9755901181102362
11
1.125751968503937
21
0.9776181102362205
0
LINE
8
BLACK
6
CONTINUOUS
10
1.125751968503937
20
0.9776181102362205
11
1.125751968503937
21
1.0042120866141733
0
LINE
8
BLACK
6
CONTINUOUS
10
1.125751968503937
20
1.0042120866141733
11
1.125751968503937
21
1.0377723228346456
0
LINE
8
BLACK
6
CONTINUOUS
10
1.125751968503937
20
1.0377723228346456
11
1.126526968503937
21
1.040411653543307
0
LINE
8
BLACK
6
CONTINUOUS
10
1.126526968503937
20
1.040411653543307
11
1.1267059055118109
21
1.0406712598425196
0
LINE
8
BLACK
6
CONTINUOUS
10
1.1267059055118109
20
1.0406712598425196
11
1.129101968503937
21
1.043917874015748
0
LINE
8
BLACK
6
CONTINUOUS
10
1.129101968503937
20
1.043917874015748
11
1.1291019291338582
21
1.043917874015748
0
LINE
8
BLACK
6
CONTINUOUS
10
1.1291019291338582
20
1.043917874015748
11
1.1291020866141732
21
1.043918031496063
0
LINE
8
BLACK
6
CONTINUOUS
10
1.1291020866141732
20
1.043918031496063
11
1.1302537795275591
21
1.0472093700787402
0
LINE
8
BLACK
6
CONTINUOUS
10
1.1302537795275591
20
1.0472093700787402
11
1.1308679527559056
21
1.0489645275590551
0
LINE
8
BLACK
6
CONTINUOUS
10
1.1308679527559056
20
1.0489645275590551
11
1.1308679527559056
21
1.0489646062992126
0
LINE
8
BLACK
6
CONTINUOUS
10
1.1308679527559056
20
1.0489646062992126
11
1.1309803149606299
21
1.0501626377952755
0
LINE
8
BLACK
6
CONTINUOUS
10
1.1309803149606299
20
1.0501626377952755
11
1.1309803149606299
21
1.0918374015748031
0
LINE
8
BLACK
6
CONTINUOUS
10
1.1309803149606299
20
1.0918374015748031
11
1.1308679527559056
21
1.093035433070866
0
LINE
8
BLACK
6
CONTINUOUS
10
1.1308679527559056
20
1.093035433070866
11
1.1308679527559056
21
1.0930355118110235
0
LINE
8
BLACK
6
CONTINUOUS
10
1.1308679527559056
20
1.0930355118110235
11
1.1291020866141732
21
1.0980819291338582
0
LINE
8
BLACK
6
CONTINUOUS
10
1.1291020866141732
20
1.0980819291338582
11
1.1291020472440945
21
1.0980820078740157
0
LINE
8
BLACK
6
CONTINUOUS
10
1.1291020472440945
20
1.0980820078740157
11
1.1278975984251969
21
1.0997139763779527
0
LINE
8
BLACK
6
CONTINUOUS
10
1.1278975984251969
20
1.0997139763779527
11
1.1259271653543306
21
1.1023838582677166
0
LINE
8
BLACK
6
CONTINUOUS
10
1.1259271653543306
20
1.1023838582677166
11
1.1237950393700786
21
1.1039574409448818
0
LINE
8
BLACK
6
CONTINUOUS
10
1.1237950393700786
20
1.1039574409448818
11
1.1221364566929133
21
1.1051815354330707
0
LINE
8
BLACK
6
CONTINUOUS
10
1.1221364566929133
20
1.1051815354330707
11
1.1204730314960629
21
1.1073724015748032
0
LINE
8
BLACK
6
CONTINUOUS
10
1.1204730314960629
20
1.1073724015748032
11
1.1201535433070866
21
1.1091094881889763
0
LINE
8
BLACK
6
CONTINUOUS
10
1.1201535433070866
20
1.1091094881889763
11
1.1201535433070866
21
1.1166012204724409
0
LINE
8
BLACK
6
CONTINUOUS
10
1.1201535433070866
20
1.1166012204724409
11
1.1209285433070866
21
1.1192405511811023
0
LINE
8
BLACK
6
CONTINUOUS
10
1.1209285433070866
20
1.1192405511811023
11
1.122136496062992
21
1.1205291732283464
0
LINE
8
BLACK
6
CONTINUOUS
10
1.122136496062992
20
1.1205291732283464
11
1.1243698818897638
21
1.1221774803149607
0
LINE
8
BLACK
6
CONTINUOUS
10
1.1243698818897638
20
1.1221774803149607
11
1.1249429133858266
21
1.1226003937007873
0
LINE
8
BLACK
6
CONTINUOUS
10
1.1249429133858266
20
1.1226003937007873
11
1.1281178346456693
21
1.126902283464567
0
LINE
8
BLACK
6
CONTINUOUS
10
1.1281178346456693
20
1.126902283464567
11
1.1291631496062993
21
1.1298896456692913
0
LINE
8
BLACK
6
CONTINUOUS
10
1.1291631496062993
20
1.1298896456692913
11
1.1298837007874016
21
1.1319487795275591
0
LINE
8
BLACK
6
CONTINUOUS
10
1.1298837007874016
20
1.1319487795275591
11
1.1298837007874016
21
1.1319488582677164
0
LINE
8
BLACK
6
CONTINUOUS
10
1.1298837007874016
20
1.1319488582677164
11
1.129996062992126
21
1.1331468897637795
0
LINE
8
BLACK
6
CONTINUOUS
10
1.129996062992126
20
1.1331468897637795
11
1.129996062992126
21
1.1728531496062993
0
LINE
8
BLACK
6
CONTINUOUS
10
1.129996062992126
20
1.1728531496062993
11
1.1298837007874016
21
1.1740511811023622
0
LINE
8
BLACK
6
CONTINUOUS
10
1.1298837007874016
20
1.1740511811023622
11
1.1298837007874016
21
1.1740512598425197
0
LINE
8
BLACK
6
CONTINUOUS
10
1.1298837007874016
20
1.1740512598425197
11
1.1284300393700788
21
1.178205433070866
0
LINE
8
BLACK
6
CONTINUOUS
10
1.1284300393700788
20
1.178205433070866
11
1.1281178346456693
21
1.179097716535433
0
LINE
8
BLACK
6
CONTINUOUS
10
1.1281178346456693
20
1.179097716535433
11
1.1249429133858266
21
1.1833996062992125
0
LINE
8
BLACK
6
CONTINUOUS
10
1.1249429133858266
20
1.1833996062992125
11
1.1206410236220472
21
1.1865745275590551
0
LINE
8
BLACK
6
CONTINUOUS
10
1.1206410236220472
20
1.1865745275590551
11
1.1206409448818897
21
1.1865745669291339
0
LINE
8
BLACK
6
CONTINUOUS
10
1.1206409448818897
20
1.1865745669291339
11
1.1155944881889763
21
1.188340433070866
0
LINE
8
BLACK
6
CONTINUOUS
10
1.1155944881889763
20
1.188340433070866
11
1.1143964566929134
21
1.1884527559055118
0
LINE
8
BLACK
6
CONTINUOUS
10
1.1143964566929134
20
1.1884527559055118
11
1.1143962992125984
21
1.1884527559055118
0
LINE
8
BLACK
6
CONTINUOUS
10
1.1143962992125984
20
1.1884527559055118
11
1.089454094488189
21
1.1884527559055118
0
LINE
8
BLACK
6
CONTINUOUS
10
1.089454094488189
20
1.1884527559055118
11
1.089453937007874
21
1.1884527559055118
0
LINE
8
BLACK
6
CONTINUOUS
10
1.089453937007874
20
1.1884527559055118
11
1.0882559055118111
21
1.188340433070866
0
LINE
8
BLACK
6
CONTINUOUS
10
1.0882559055118111
20
1.188340433070866
11
1.0882558267716536
21
1.188340433070866
0
LINE
8
BLACK
6
CONTINUOUS
10
1.0882558267716536
20
1.188340433070866
11
1.0832094094488189
21
1.1865745669291339
0
LINE
8
BLACK
6
CONTINUOUS
10
1.0832094094488189
20
1.1865745669291339
11
1.0832093307086614
21
1.1865745275590551
0
LINE
8
BLACK
6
CONTINUOUS
10
1.0832093307086614
20
1.1865745275590551
11
1.0789074803149605
21
1.1833996062992125
0
LINE
8
BLACK
6
CONTINUOUS
10
1.0789074803149605
20
1.1833996062992125
11
1.0757325590551181
21
1.1790977559055118
0
LINE
8
BLACK
6
CONTINUOUS
10
1.0757325590551181
20
1.1790977559055118
11
1.0757325196850394
21
1.1790976771653543
0
LINE
8
BLACK
6
CONTINUOUS
10
1.0757325196850394
20
1.1790976771653543
11
1.073966653543307
21
1.1740512598425197
0
LINE
8
BLACK
6
CONTINUOUS
10
1.073966653543307
20
1.1740512598425197
11
1.073966653543307
21
1.1740511811023622
0
LINE
8
BLACK
6
CONTINUOUS
10
1.073966653543307
20
1.1740511811023622
11
1.0738543307086614
21
1.1728531496062993
0
LINE
8
BLACK
6
CONTINUOUS
10
1.0738543307086614
20
1.1728531496062993
11
1.0738543307086614
21
1.1331468897637795
0
LINE
8
BLACK
6
CONTINUOUS
10
1.0738543307086614
20
1.1331468897637795
11
1.073966653543307
21
1.1319488582677164
0
LINE
8
BLACK
6
CONTINUOUS
10
1.073966653543307
20
1.1319488582677164
11
1.073966653543307
21
1.1319487795275591
0
LINE
8
BLACK
6
CONTINUOUS
10
1.073966653543307
20
1.1319487795275591
11
1.0757325196850394
21
1.1269023622047243
0
LINE
8
BLACK
6
CONTINUOUS
10
1.0757325196850394
20
1.1269023622047243
11
1.0757325590551181
21
1.126902283464567
0
LINE
8
BLACK
6
CONTINUOUS
10
1.0757325590551181
20
1.126902283464567
11
1.0789074803149605
21
1.1226003937007873
0
LINE
8
BLACK
6
CONTINUOUS
10
1.0789074803149605
20
1.1226003937007873
11
1.0822278346456693
21
1.1201498818897637
0
LINE
8
BLACK
6
CONTINUOUS
10
1.0822278346456693
20
1.1201498818897637
11
1.0832093700787402
21
1.1194254724409449
0
LINE
8
BLACK
6
CONTINUOUS
10
1.0832093700787402
20
1.1194254724409449
11
1.0832094881889764
21
1.1194254330708662
0
LINE
8
BLACK
6
CONTINUOUS
10
1.0832094881889764
20
1.1194254330708662
11
1.08338
21
1.119365748031496
0
LINE
8
BLACK
6
CONTINUOUS
10
1.08338
20
1.119365748031496
11
1.0856153149606298
21
1.1177625984251969
0
LINE
8
BLACK
6
CONTINUOUS
10
1.0856153149606298
20
1.1177625984251969
11
1.0866290551181101
21
1.1152054330708661
0
LINE
8
BLACK
6
CONTINUOUS
10
1.0866290551181101
20
1.1152054330708661
11
1.0866496062992126
21
1.1147577952755905
0
LINE
8
BLACK
6
CONTINUOUS
10
1.0866496062992126
20
1.1147577952755905
11
1.0866496062992126
21
1.1091094881889763
0
LINE
8
BLACK
6
CONTINUOUS
10
1.0866496062992126
20
1.1091094881889763
11
1.0858746062992126
21
1.1064701574803149
0
LINE
8
BLACK
6
CONTINUOUS
10
1.0858746062992126
20
1.1064701574803149
11
1.0846666929133859
21
1.1051815354330707
0
LINE
8
BLACK
6
CONTINUOUS
10
1.0846666929133859
20
1.1051815354330707
11
1.0808759842519684
21
1.1023838582677166
0
LINE
8
BLACK
6
CONTINUOUS
10
1.0808759842519684
20
1.1023838582677166
11
1.077701062992126
21
1.0980820078740157
0
LINE
8
BLACK
6
CONTINUOUS
10
1.077701062992126
20
1.0980820078740157
11
1.0777010236220472
21
1.0980819291338582
0
LINE
8
BLACK
6
CONTINUOUS
10
1.0777010236220472
20
1.0980819291338582
11
1.0759351574803149
21
1.0930355118110235
0
LINE
8
BLACK
6
CONTINUOUS
10
1.0759351574803149
20
1.0930355118110235
11
1.0759351574803149
21
1.093035433070866
0
LINE
8
BLACK
6
CONTINUOUS
10
1.0759351574803149
20
1.093035433070866
11
1.0758228346456693
21
1.0918374015748031
0
LINE
8
BLACK
6
CONTINUOUS
10
1.0758228346456693
20
1.0918374015748031
11
1.0758228346456693
21
1.0592523622047243
0
LINE
8
BLACK
6
CONTINUOUS
10
1.0758228346456693
20
1.0592523622047243
11
1.0750478346456693
21
1.0566130314960629
0
LINE
8
BLACK
6
CONTINUOUS
10
1.0750478346456693
20
1.0566130314960629
11
1.0729689370078741
21
1.054811653543307
0
LINE
8
BLACK
6
CONTINUOUS
10
1.0729689370078741
20
1.054811653543307
11
1.0702461811023622
21
1.0544201574803149
0
LINE
8
BLACK
6
CONTINUOUS
10
1.0702461811023622
20
1.0544201574803149
11
1.0677439763779528
21
1.0555628740157481
0
LINE
8
BLACK
6
CONTINUOUS
10
1.0677439763779528
20
1.0555628740157481
11
1.067488937007874
21
1.0558003543307086
0
LINE
8
BLACK
6
CONTINUOUS
10
1.067488937007874
20
1.0558003543307086
11
1.0576070472440944
21
1.0656822440944882
0
LINE
8
BLACK
6
CONTINUOUS
10
1.0576070472440944
20
1.0656822440944882
11
1.0562887401574803
21
1.0680965354330709
0
LINE
8
BLACK
6
CONTINUOUS
10
1.0562887401574803
20
1.0680965354330709
11
1.0561771653543306
21
1.0691342519685039
0
LINE
8
BLACK
6
CONTINUOUS
10
1.0561771653543306
20
1.0691342519685039
11
1.0561771653543306
21
1.0918374015748031
0
LINE
8
BLACK
6
CONTINUOUS
10
1.0561771653543306
20
1.0918374015748031
11
1.0560648031496063
21
1.093035433070866
0
LINE
8
BLACK
6
CONTINUOUS
10
1.0560648031496063
20
1.093035433070866
11
1.0560648031496063
21
1.0930355118110235
0
LINE
8
BLACK
6
CONTINUOUS
10
1.0560648031496063
20
1.0930355118110235
11
1.0542989370078739
21
1.0980819291338582
0
LINE
8
BLACK
6
CONTINUOUS
10
1.0542989370078739
20
1.0980819291338582
11
1.0542988976377952
21
1.0980820078740157
0
LINE
8
BLACK
6
CONTINUOUS
10
1.0542988976377952
20
1.0980820078740157
11
1.0530944488188976
21
1.0997139763779527
0
LINE
8
BLACK
6
CONTINUOUS
10
1.0530944488188976
20
1.0997139763779527
11
1.0511240157480315
21
1.1023838582677166
0
LINE
8
BLACK
6
CONTINUOUS
10
1.0511240157480315
20
1.1023838582677166
11
1.0488096456692912
21
1.1040919291338582
0
LINE
8
BLACK
6
CONTINUOUS
10
1.0488096456692912
20
1.1040919291338582
11
1.0471462992125984
21
1.106282716535433
0
LINE
8
BLACK
6
CONTINUOUS
10
1.0471462992125984
20
1.106282716535433
11
1.0468267716535433
21
1.108019842519685
0
LINE
8
BLACK
6
CONTINUOUS
10
1.0468267716535433
20
1.108019842519685
11
1.0468267716535433
21
1.1155116141732284
0
LINE
8
BLACK
6
CONTINUOUS
10
1.0468267716535433
20
1.1155116141732284
11
1.0476017716535433
21
1.1181509448818898
0
LINE
8
BLACK
6
CONTINUOUS
10
1.0476017716535433
20
1.1181509448818898
11
1.0488097244094488
21
1.1194395669291339
0
LINE
8
BLACK
6
CONTINUOUS
10
1.0488097244094488
20
1.1194395669291339
11
1.0524932283464568
21
1.1221581102362204
0
LINE
8
BLACK
6
CONTINUOUS
10
1.0524932283464568
20
1.1221581102362204
11
1.0530925196850394
21
1.1226003937007873
0
LINE
8
BLACK
6
CONTINUOUS
10
1.0530925196850394
20
1.1226003937007873
11
1.0562674409448818
21
1.126902283464567
0
LINE
8
BLACK
6
CONTINUOUS
10
1.0562674409448818
20
1.126902283464567
11
1.0573127559055118
21
1.1298896456692913
0
LINE
8
BLACK
6
CONTINUOUS
10
1.0573127559055118
20
1.1298896456692913
11
1.0580333070866141
21
1.1319487795275591
0
LINE
8
BLACK
6
CONTINUOUS
10
1.0580333070866141
20
1.1319487795275591
11
1.0580333070866141
21
1.1319488582677164
0
LINE
8
BLACK
6
CONTINUOUS
10
1.0580333070866141
20
1.1319488582677164
11
1.0581456692913385
21
1.1331468897637795
0
LINE
8
BLACK
6
CONTINUOUS
10
1.0581456692913385
20
1.1331468897637795
11
1.0581456692913385
21
1.1728531496062993
0
LINE
8
BLACK
6
CONTINUOUS
10
1.0581456692913385
20
1.1728531496062993
11
1.0580333070866141
21
1.1740511811023622
0
LINE
8
BLACK
6
CONTINUOUS
10
1.0580333070866141
20
1.1740511811023622
11
1.0580333070866141
21
1.1740512598425197
0
LINE
8
BLACK
6
CONTINUOUS
10
1.0580333070866141
20
1.1740512598425197
11
1.0565796456692913
21
1.178205433070866
0
LINE
8
BLACK
6
CONTINUOUS
10
1.0565796456692913
20
1.178205433070866
11
1.0562674409448818
21
1.179097716535433
0
LINE
8
BLACK
6
CONTINUOUS
10
1.0562674409448818
20
1.179097716535433
11
1.0530925196850394
21
1.1833996062992125
0
LINE
8
BLACK
6
CONTINUOUS
10
1.0530925196850394
20
1.1833996062992125
11
1.0487906299212597
21
1.1865745275590551
0
LINE
8
BLACK
6
CONTINUOUS
10
1.0487906299212597
20
1.1865745275590551
11
1.0487905905511812
21
1.1865745669291339
0
LINE
8
BLACK
6
CONTINUOUS
10
1.0487905905511812
20
1.1865745669291339
11
1.0487905118110237
21
1.1865746062992126
0
LINE
8
BLACK
6
CONTINUOUS
10
1.0487905118110237
20
1.1865746062992126
11
1.0484672047244095
21
1.1867454724409447
0
LINE
8
BLACK
6
CONTINUOUS
10
1.0484672047244095
20
1.1867454724409447
11
1.048523031496063
21
1.1868511417322833
0
LINE
8
BLACK
6
CONTINUOUS
10
1.048523031496063
20
1.1868511417322833
11
1.0467857874015747
21
1.1880975196850394
0
LINE
8
BLACK
6
CONTINUOUS
10
1.0467857874015747
20
1.1880975196850394
11
1.0457724803149606
21
1.190654842519685
0
LINE
8
BLACK
6
CONTINUOUS
10
1.0457724803149606
20
1.190654842519685
11
1.0457519685039369
21
1.1911016929133857
0
LINE
8
BLACK
6
CONTINUOUS
10
1.0457519685039369
20
1.1911016929133857
11
1.0457519685039369
21
1.1922676377952757
0
LINE
8
BLACK
6
CONTINUOUS
10
1.0457519685039369
20
1.1922676377952757
11
1.0465269685039369
21
1.1949069685039371
0
LINE
8
BLACK
6
CONTINUOUS
10
1.0465269685039369
20
1.1949069685039371
11
1.0486058661417323
21
1.196708346456693
0
LINE
8
BLACK
6
CONTINUOUS
10
1.0486058661417323
20
1.196708346456693
11
1.0497684645669292
21
1.1970188188976378
0
LINE
8
BLACK
6
CONTINUOUS
10
1.0497684645669292
20
1.1970188188976378
11
1.0497610236220472
21
1.1970529133858268
0
LINE
8
BLACK
6
CONTINUOUS
10
1.0497610236220472
20
1.1970529133858268
11
1.0500512204724408
21
1.1971162992125983
0
LINE
8
BLACK
6
CONTINUOUS
10
1.0500512204724408
20
1.1971162992125983
11
1.052574409448819
21
1.1979992519685039
0
LINE
8
BLACK
6
CONTINUOUS
10
1.052574409448819
20
1.1979992519685039
11
1.0550977165354329
21
1.1988821653543307
0
LINE
8
BLACK
6
CONTINUOUS
10
1.0550977165354329
20
1.1988821653543307
11
1.0593996062992126
21
1.2020570866141731
0
LINE
8
BLACK
6
CONTINUOUS
10
1.0593996062992126
20
1.2020570866141731
11
1.062574527559055
21
1.2063589763779528
0
LINE
8
BLACK
6
CONTINUOUS
10
1.062574527559055
20
1.2063589763779528
11
1.0638346456692913
21
1.2099601968503937
0
LINE
8
BLACK
6
CONTINUOUS
10
1.0638346456692913
20
1.2099601968503937
11
1.0643403937007874
21
1.2114054724409449
0
LINE
8
BLACK
6
CONTINUOUS
10
1.0643403937007874
20
1.2114054724409449
11
1.0643403937007874
21
1.2114055511811024
0
LINE
8
BLACK
6
CONTINUOUS
10
1.0643403937007874
20
1.2114055511811024
11
1.0644527559055117
21
1.2126035826771653
0
LINE
8
BLACK
6
CONTINUOUS
10
1.0644527559055117
20
1.2126035826771653
11
1.0644527559055117
21
1.237546062992126
0
LINE
8
BLACK
6
CONTINUOUS
10
1.0644527559055117
20
1.237546062992126
11
1.0643403937007874
21
1.2387440944881889
0
LINE
8
BLACK
6
CONTINUOUS
10
1.0643403937007874
20
1.2387440944881889
11
1.0643403937007874
21
1.2387441732283464
0
LINE
8
BLACK
6
CONTINUOUS
10
1.0643403937007874
20
1.2387441732283464
11
1.062574527559055
21
1.243790590551181
0
LINE
8
BLACK
6
CONTINUOUS
10
1.062574527559055
20
1.243790590551181
11
1.0625744881889763
21
1.2437906692913385
0
LINE
8
BLACK
6
CONTINUOUS
10
1.0625744881889763
20
1.2437906692913385
11
1.0593996062992126
21
1.2480925196850394
0
LINE
8
BLACK
6
CONTINUOUS
10
1.0593996062992126
20
1.2480925196850394
11
1.0550977165354329
21
1.2512674409448818
0
LINE
8
BLACK
6
CONTINUOUS
10
1.0550977165354329
20
1.2512674409448818
11
1.0550976377952757
21
1.2512674803149606
0
LINE
8
BLACK
6
CONTINUOUS
10
1.0550976377952757
20
1.2512674803149606
11
1.0500511811023623
21
1.253033346456693
0
LINE
8
BLACK
6
CONTINUOUS
10
1.0500511811023623
20
1.253033346456693
11
1.0488531496062992
21
1.2531456692913385
0
LINE
8
BLACK
6
CONTINUOUS
10
1.0488531496062992
20
1.2531456692913385
11
1.0488529921259842
21
1.2531456692913385
0
LINE
8
BLACK
6
CONTINUOUS
10
1.0488529921259842
20
1.2531456692913385
11
1.0091470078740157
21
1.2531456692913385
0
LINE
8
BLACK
6
CONTINUOUS
10
1.0091470078740157
20
1.2531456692913385
11
1.0091468503937007
21
1.2531456692913385
0
LINE
8
BLACK
6
CONTINUOUS
10
1.0091468503937007
20
1.2531456692913385
11
1.0079488188976378
21
1.253033346456693
0
LINE
8
BLACK
6
CONTINUOUS
10
1.0079488188976378
20
1.253033346456693
11
1.0079487401574803
21
1.253033346456693
0
LINE
8
BLACK
6
CONTINUOUS
10
1.0079487401574803
20
1.253033346456693
11
1.0029023228346456
21
1.2512674803149606
0
LINE
8
BLACK
6
CONTINUOUS
10
1.0029023228346456
20
1.2512674803149606
11
1.0029022440944881
21
1.2512674409448818
0
LINE
8
BLACK
6
CONTINUOUS
10
1.0029022440944881
20
1.2512674409448818
11
0.9986003937007873
21
1.2480925196850394
0
LINE
8
BLACK
6
CONTINUOUS
10
0.9986003937007873
20
1.2480925196850394
11
0.9954254724409448
21
1.2437906692913385
0
LINE
8
BLACK
6
CONTINUOUS
10
0.9954254724409448
20
1.2437906692913385
11
0.9954254330708662
21
1.243790590551181
0
LINE
8
BLACK
6
CONTINUOUS
10
0.9954254330708662
20
1.243790590551181
11
0.9936595669291338
21
1.2387441732283464
0
LINE
8
BLACK
6
CONTINUOUS
10
0.9936595669291338
20
1.2387441732283464
11
0.9936595669291338
21
1.2387440944881889
0
LINE
8
BLACK
6
CONTINUOUS
10
0.9936595669291338
20
1.2387440944881889
11
0.9935472440944881
21
1.237546062992126
0
LINE
8
BLACK
6
CONTINUOUS
10
0.9935472440944881
20
1.237546062992126
11
0.9935472440944881
21
1.2126035826771653
0
LINE
8
BLACK
6
CONTINUOUS
10
0.9935472440944881
20
1.2126035826771653
11
0.9936595669291338
21
1.2114055511811024
0
LINE
8
BLACK
6
CONTINUOUS
10
0.9936595669291338
20
1.2114055511811024
11
0.9936595669291338
21
1.2114054724409449
0
LINE
8
BLACK
6
CONTINUOUS
10
0.9936595669291338
20
1.2114054724409449
11
0.9954254330708662
21
1.2063590551181103
0
LINE
8
BLACK
6
CONTINUOUS
10
0.9954254330708662
20
1.2063590551181103
11
0.9954254724409448
21
1.2063589763779528
0
LINE
8
BLACK
6
CONTINUOUS
10
0.9954254724409448
20
1.2063589763779528
11
0.9986003937007873
21
1.2020570866141731
0
LINE
8
BLACK
6
CONTINUOUS
10
0.9986003937007873
20
1.2020570866141731
11
1.0029022834645669
21
1.1988821653543307
0
LINE
8
BLACK
6
CONTINUOUS
10
1.0029022834645669
20
1.1988821653543307
11
1.0036960629921259
21
1.1986044094488189
0
LINE
8
BLACK
6
CONTINUOUS
10
1.0036960629921259
20
1.1986044094488189
11
1.0079487401574803
21
1.1971162992125983
0
LINE
8
BLACK
6
CONTINUOUS
10
1.0079487401574803
20
1.1971162992125983
11
1.0082389763779527
21
1.1970529133858268
0
LINE
8
BLACK
6
CONTINUOUS
10
1.0082389763779527
20
1.1970529133858268
11
1.0082207086614172
21
1.1969693307086613
0
LINE
8
BLACK
6
CONTINUOUS
10
1.0082207086614172
20
1.1969693307086613
11
1.0103772440944883
21
1.1961103149606298
0
LINE
8
BLACK
6
CONTINUOUS
10
1.0103772440944883
20
1.1961103149606298
11
1.0119767322834645
21
1.1938724015748032
0
LINE
8
BLACK
6
CONTINUOUS
10
1.0119767322834645
20
1.1938724015748032
11
1.0122480314960629
21
1.1922676377952757
0
LINE
8
BLACK
6
CONTINUOUS
10
1.0122480314960629
20
1.1922676377952757
11
1.0122480314960629
21
1.1896951968503937
0
LINE
8
BLACK
6
CONTINUOUS
10
1.0122480314960629
20
1.1896951968503937
11
1.0114730314960629
21
1.1870558661417323
0
LINE
8
BLACK
6
CONTINUOUS
10
1.0114730314960629
20
1.1870558661417323
11
1.0102651181102362
21
1.1857672440944882
0
LINE
8
BLACK
6
CONTINUOUS
10
1.0102651181102362
20
1.1857672440944882
11
1.0070570866141733
21
1.1833996062992125
0
LINE
8
BLACK
6
CONTINUOUS
10
1.0070570866141733
20
1.1833996062992125
11
1.0038821653543306
21
1.1790977559055118
0
LINE
8
BLACK
6
CONTINUOUS
10
1.0038821653543306
20
1.1790977559055118
11
1.0038821259842519
21
1.1790976771653543
0
LINE
8
BLACK
6
CONTINUOUS
10
1.0038821259842519
20
1.1790976771653543
11
1.0021162598425197
21
1.1740512598425197
0
LINE
8
BLACK
6
CONTINUOUS
10
1.0021162598425197
20
1.1740512598425197
11
1.0021162598425197
21
1.1740511811023622
0
LINE
8
BLACK
6
CONTINUOUS
10
1.0021162598425197
20
1.1740511811023622
11
1.0020039370078739
21
1.1728531496062993
0
LINE
8
BLACK
6
CONTINUOUS
10
1.0020039370078739
20
1.1728531496062993
11
1.0020039370078739
21
1.1331468897637795
0
LINE
8
BLACK
6
CONTINUOUS
10
1.0020039370078739
20
1.1331468897637795
11
1.0021162598425197
21
1.1319488582677164
0
LINE
8
BLACK
6
CONTINUOUS
10
1.0021162598425197
20
1.1319488582677164
11
1.0021162598425197
21
1.1319487795275591
0
LINE
8
BLACK
6
CONTINUOUS
10
1.0021162598425197
20
1.1319487795275591
11
1.0038821259842519
21
1.1269023622047243
0
LINE
8
BLACK
6
CONTINUOUS
10
1.0038821259842519
20
1.1269023622047243
11
1.0038821653543306
21
1.126902283464567
0
LINE
8
BLACK
6
CONTINUOUS
10
1.0038821653543306
20
1.126902283464567
11
1.0070570472440945
21
1.1226004330708661
0
LINE
8
BLACK
6
CONTINUOUS
10
1.0070570472440945
20
1.1226004330708661
11
1.007057125984252
21
1.1226003543307086
0
LINE
8
BLACK
6
CONTINUOUS
10
1.007057125984252
20
1.1226003543307086
11
1.0113398818897636
21
1.1194395669291339
0
LINE
8
BLACK
6
CONTINUOUS
10
1.0113398818897636
20
1.1194395669291339
11
1.0130033070866142
21
1.1172487401574802
0
LINE
8
BLACK
6
CONTINUOUS
10
1.0130033070866142
20
1.1172487401574802
11
1.0133228346456693
21
1.1155116141732284
0
LINE
8
BLACK
6
CONTINUOUS
10
1.0133228346456693
20
1.1155116141732284
11
1.0133228346456693
21
1.1100542519685039
0
LINE
8
BLACK
6
CONTINUOUS
10
1.0133228346456693
20
1.1100542519685039
11
1.0125478346456693
21
1.1074149212598425
0
LINE
8
BLACK
6
CONTINUOUS
10
1.0125478346456693
20
1.1074149212598425
11
1.0106682283464568
21
1.1057862992125984
0
LINE
8
BLACK
6
CONTINUOUS
10
1.0106682283464568
20
1.1057862992125984
11
1.0106981496062992
21
1.1057297244094488
0
LINE
8
BLACK
6
CONTINUOUS
10
1.0106981496062992
20
1.1057297244094488
11
1.0103748031496063
21
1.1055588582677165
0
LINE
8
BLACK
6
CONTINUOUS
10
1.0103748031496063
20
1.1055588582677165
11
1.0060728346456693
21
1.1023838582677166
0
LINE
8
BLACK
6
CONTINUOUS
10
1.0060728346456693
20
1.1023838582677166
11
1.0028979133858267
21
1.0980820078740157
0
LINE
8
BLACK
6
CONTINUOUS
10
1.0028979133858267
20
1.0980820078740157
11
1.0028978740157479
21
1.0980819291338582
0
LINE
8
BLACK
6
CONTINUOUS
10
1.0028978740157479
20
1.0980819291338582
11
1.0011320078740158
21
1.0930355118110235
0
LINE
8
BLACK
6
CONTINUOUS
10
1.0011320078740158
20
1.0930355118110235
11
1.0011320078740158
21
1.093035433070866
0
LINE
8
BLACK
6
CONTINUOUS
10
1.0011320078740158
20
1.093035433070866
11
1.00101968503937
21
1.0918374015748031
0
LINE
8
BLACK
6
CONTINUOUS
10
1.00101968503937
20
1.0918374015748031
11
1.00101968503937
21
1.0501626377952755
0
LINE
8
BLACK
6
CONTINUOUS
10
1.00101968503937
20
1.0501626377952755
11
1.0011320078740158
21
1.0489646062992126
0
LINE
8
BLACK
6
CONTINUOUS
10
1.0011320078740158
20
1.0489646062992126
11
1.0011320078740158
21
1.0489645275590551
0
LINE
8
BLACK
6
CONTINUOUS
10
1.0011320078740158
20
1.0489645275590551
11
1.002512559055118
21
1.0450192913385827
0
LINE
8
BLACK
6
CONTINUOUS
10
1.002512559055118
20
1.0450192913385827
11
1.0028979133858267
21
1.043918031496063
0
LINE
8
BLACK
6
CONTINUOUS
10
1.0028979133858267
20
1.043918031496063
11
1.0060728346456693
21
1.0396161417322833
0
LINE
8
BLACK
6
CONTINUOUS
10
1.0060728346456693
20
1.0396161417322833
11
1.0103747244094488
21
1.0364412204724409
0
LINE
8
BLACK
6
CONTINUOUS
10
1.0103747244094488
20
1.0364412204724409
11
1.0120568897637796
21
1.0358525984251967
0
LINE
8
BLACK
6
CONTINUOUS
10
1.0120568897637796
20
1.0358525984251967
11
1.0154212204724409
21
1.0346753543307086
0
LINE
8
BLACK
6
CONTINUOUS
10
1.0154212204724409
20
1.0346753543307086
11
1.0166192913385828
21
1.0345629921259842
0
LINE
8
BLACK
6
CONTINUOUS
10
1.0166192913385828
20
1.0345629921259842
11
1.0391496062992125
21
1.0345629921259842
0
LINE
8
BLACK
6
CONTINUOUS
10
1.0391496062992125
20
1.0345629921259842
11
1.0417889370078739
21
1.0337879921259843
0
LINE
8
BLACK
6
CONTINUOUS
10
1.0417889370078739
20
1.0337879921259843
11
1.0435903149606298
21
1.031709094488189
0
LINE
8
BLACK
6
CONTINUOUS
10
1.0435903149606298
20
1.031709094488189
11
1.0440314960629922
21
1.0296811023622048
0
LINE
8
BLACK
6
CONTINUOUS
10
1.0440314960629922
20
1.0296811023622048
11
1.0440314960629922
21
1.0169881889763779
0
LINE
8
BLACK
6
CONTINUOUS
10
1.0440314960629922
20
1.0169881889763779
11
1.0432564960629922
21
1.0143488582677165
0
LINE
8
BLACK
6
CONTINUOUS
10
1.0432564960629922
20
1.0143488582677165
11
1.0411775984251967
21
1.0125474803149606
0
LINE
8
BLACK
6
CONTINUOUS
10
1.0411775984251967
20
1.0125474803149606
11
1.039469094488189
21
1.0121758267716536
0
LINE
8
BLACK
6
CONTINUOUS
10
1.039469094488189
20
1.0121758267716536
11
1.0394732283464567
21
1.012119094488189
0
LINE
8
BLACK
6
CONTINUOUS
10
1.0394732283464567
20
1.012119094488189
11
1.0392968503937008
21
1.0121063385826772
0
LINE
8
BLACK
6
CONTINUOUS
10
1.0392968503937008
20
1.0121063385826772
11
1.0366144881889763
21
1.0117155118110237
0
LINE
8
BLACK
6
CONTINUOUS
10
1.0366144881889763
20
1.0117155118110237
11
1.0324769291338582
21
1.0096927952755905
0
LINE
8
BLACK
6
CONTINUOUS
10
1.0324769291338582
20
1.0096927952755905
11
1.0292205905511811
21
1.0064364566929134
0
LINE
8
BLACK
6
CONTINUOUS
10
1.0292205905511811
20
1.0064364566929134
11
1.0271978740157479
21
1.0022988976377953
0
LINE
8
BLACK
6
CONTINUOUS
10
1.0271978740157479
20
1.0022988976377953
11
1.0268070866141732
21
0.9996165748031496
0
LINE
8
BLACK
6
CONTINUOUS
10
1.0268070866141732
20
0.9996165748031496
11
1.0268070866141732
21
0.9851866141732283
0
LINE
8
BLACK
6
CONTINUOUS
10
1.0268070866141732
20
0.9851866141732283
11
1.0271978740157479
21
0.9825042913385826
0
LINE
8
BLACK
6
CONTINUOUS
10
1.0271978740157479
20
0.9825042913385826
11
1.0292205905511811
21
0.9783667322834645
0
LINE
8
BLACK
6
CONTINUOUS
10
1.0292205905511811
20
0.9783667322834645
11
1.0309726771653542
21
0.9766146456692913
0
LINE
8
BLACK
6
CONTINUOUS
10
1.0309726771653542
20
0.9766146456692913
11
1.0322909842519685
21
0.9742003543307086
0
LINE
8
BLACK
6
CONTINUOUS
10
1.0322909842519685
20
0.9742003543307086
11
1.0320947637795275
21
0.9714565748031496
0
LINE
8
BLACK
6
CONTINUOUS
10
1.0320947637795275
20
0.9714565748031496
11
1.0307825590551181
21
0.9696815354330709
0
LINE
8
BLACK
6
CONTINUOUS
10
1.0307825590551181
20
0.9696815354330709
11
1.0308486614173229
21
0.9696154330708662
0
LINE
8
BLACK
6
CONTINUOUS
10
1.0308486614173229
20
0.9696154330708662
11
1.0275033464566929
21
0.9662701181102362
0
LINE
8
BLACK
6
CONTINUOUS
10
1.0275033464566929
20
0.9662701181102362
11
0.9995265354330708
21
0.9382933858267717
0
LINE
8
BLACK
6
CONTINUOUS
10
0.9995265354330708
20
0.9382933858267717
11
0.9971122440944882
21
0.9369750787401575
0
LINE
8
BLACK
6
CONTINUOUS
10
0.9971122440944882
20
0.9369750787401575
11
0.9953707086614173
21
0.9369144881889764
0
LINE
8
BLACK
6
CONTINUOUS
10
0.9953707086614173
20
0.9369144881889764
11
0.9927031496062992
21
0.9373031496062992
0
LINE
8
BLACK
6
CONTINUOUS
10
0.9927031496062992
20
0.9373031496062992
11
0.9497299212598425
21
0.9373031496062992
0
LINE
8
BLACK
6
CONTINUOUS
10
0.9497299212598425
20
0.9373031496062992
11
0.9497298818897637
21
0.9373031496062992
0
LINE
8
BLACK
6
CONTINUOUS
10
0.9497298818897637
20
0.9373031496062992
11
0.9470475590551181
21
0.9369123622047244
0
LINE
8
BLACK
6
CONTINUOUS
10
0.9470475590551181
20
0.9369123622047244
11
0.94291
21
0.9348896456692913
0
LINE
8
BLACK
6
CONTINUOUS
10
0.94291
20
0.9348896456692913
11
0.9396536614173228
21
0.9316333070866142
0
LINE
8
BLACK
6
CONTINUOUS
10
0.9396536614173228
20
0.9316333070866142
11
0.9376309448818897
21
0.927495748031496
0
LINE
8
BLACK
6
CONTINUOUS
10
0.9376309448818897
20
0.927495748031496
11
0.937240157480315
21
0.9248134251968504
0
LINE
8
BLACK
6
CONTINUOUS
10
0.937240157480315
20
0.9248134251968504
11
0.937240157480315
21
0.9103834645669291
0
LINE
8
BLACK
6
CONTINUOUS
10
0.937240157480315
20
0.9103834645669291
11
0.9376309448818897
21
0.9077011417322834
0
LINE
8
BLACK
6
CONTINUOUS
10
0.9376309448818897
20
0.9077011417322834
11
0.9396536614173228
21
0.9035635826771653
0
LINE
8
BLACK
6
CONTINUOUS
10
0.9396536614173228
20
0.9035635826771653
11
0.94291
21
0.9003072440944881
0
LINE
8
BLACK
6
CONTINUOUS
10
0.94291
20
0.9003072440944881
11
0.9429100393700787
21
0.9003072440944881
0
LINE
8
BLACK
6
CONTINUOUS
10
0.9429100393700787
20
0.9003072440944881
11
0.9429101181102362
21
0.9003071653543306
0
LINE
8
BLACK
6
CONTINUOUS
10
0.9429101181102362
20
0.9003071653543306
11
0.9470475196850393
21
0.8982845275590551
0
LINE
8
BLACK
6
CONTINUOUS
10
0.9470475196850393
20
0.8982845275590551
11
0.9483887007874016
21
0.8980891338582677
0
LINE
8
BLACK
6
CONTINUOUS
10
0.9483887007874016
20
0.8980891338582677
11
0.9497298818897637
21
0.8978937007874016
0
LINE
8
BLACK
6
CONTINUOUS
10
0.9497298818897637
20
0.8978937007874016
11
0.9497299212598425
21
0.8978937007874016
0
LINE
8
BLACK
6
CONTINUOUS
10
0.9497299212598425
20
0.8978937007874016
11
0.9927031889763779
21
0.8978937007874016
0
LINE
8
BLACK
6
CONTINUOUS
10
0.9927031889763779
20
0.8978937007874016
11
0.9935972834645669
21
0.8980239763779527
0
LINE
8
BLACK
6
CONTINUOUS
10
0.9935972834645669
20
0.8980239763779527
11
0.9953855511811024
21
0.8982845275590551
0
LINE
8
BLACK
6
CONTINUOUS
10
0.9953855511811024
20
0.8982845275590551
11
0.9995229527559055
21
0.9003071653543306
0
LINE
8
BLACK
6
CONTINUOUS
10
0.9995229527559055
20
0.9003071653543306
11
0.9995229527559055
21
0.9003072047244094
0
LINE
8
BLACK
6
CONTINUOUS
10
0.9995229527559055
20
0.9003072047244094
11
0.9996114566929134
21
0.9003504330708662
0
LINE
8
BLACK
6
CONTINUOUS
10
0.9996114566929134
20
0.9003504330708662
11
1.0017555511811023
21
0.9008464566929134
0
LINE
8
BLACK
6
CONTINUOUS
10
1.0017555511811023
20
0.9008464566929134
11
1.0047278740157479
21
0.9008464566929134
0
LINE
8
BLACK
6
CONTINUOUS
10
1.0047278740157479
20
0.9008464566929134
11
1.0047279527559054
21
0.9008464566929134
0
LINE
8
BLACK
6
CONTINUOUS
10
1.0047279527559054
20
0.9008464566929134
11
1.0089885433070866
21
0.9019880708661417
0
LINE
8
BLACK
6
CONTINUOUS
10
1.0089885433070866
20
0.9019880708661417
11
1.0128084645669291
21
0.9041935039370078
0
LINE
8
BLACK
6
CONTINUOUS
10
1.0128084645669291
20
0.9041935039370078
11
1.0189340551181103
21
0.9103191338582677
0
LINE
8
BLACK
6
CONTINUOUS
10
1.0189340551181103
20
0.9103191338582677
11
1.0213482677165353
21
0.9116373622047244
0
LINE
8
BLACK
6
CONTINUOUS
10
1.0213482677165353
20
0.9116373622047244
11
1.0240920078740157
21
0.9114411417322834
0
LINE
8
BLACK
6
CONTINUOUS
10
1.0240920078740157
20
0.9114411417322834
11
1.0262941338582676
21
0.9097926771653543
0
LINE
8
BLACK
6
CONTINUOUS
10
1.0262941338582676
20
0.9097926771653543
11
1.0270207874015749
21
0.9080431496062992
0
LINE
8
BLACK
6
CONTINUOUS
10
1.0270207874015749
20
0.9080431496062992
11
1.0270859842519684
21
0.9080632677165354
0
LINE
8
BLACK
6
CONTINUOUS
10
1.0270859842519684
20
0.9080632677165354
11
1.0271978346456692
21
0.9077011811023622
0
LINE
8
BLACK
6
CONTINUOUS
10
1.0271978346456692
20
0.9077011811023622
11
1.0292205905511811
21
0.9035635826771653
0
LINE
8
BLACK
6
CONTINUOUS
10
1.0292205905511811
20
0.9035635826771653
11
1.0324769291338582
21
0.9003072440944881
0
LINE
8
BLACK
6
CONTINUOUS
10
1.0324769291338582
20
0.9003072440944881
11
1.032476968503937
21
0.9003072440944881
0
LINE
8
BLACK
6
CONTINUOUS
10
1.032476968503937
20
0.9003072440944881
11
1.0324770472440945
21
0.9003071653543306
0
LINE
8
BLACK
6
CONTINUOUS
10
1.0324770472440945
20
0.9003071653543306
11
1.0366144488188975
21
0.8982845275590551
0
LINE
8
BLACK
6
CONTINUOUS
10
1.0366144488188975
20
0.8982845275590551
11
1.0379556299212598
21
0.8980891338582677
0
LINE
8
BLACK
6
CONTINUOUS
10
1.0379556299212598
20
0.8980891338582677
11
1.039296811023622
21
0.8978937007874016
0
LINE
8
BLACK
6
CONTINUOUS
10
1.039296811023622
20
0.8978937007874016
11
1.0392968503937008
21
0.8978937007874016
0
LINE
8
BLACK
6
CONTINUOUS
10
1.0392968503937008
20
0.8978937007874016
11
1.0822701181102361
21
0.8978937007874016
0
LINE
8
BLACK
6
CONTINUOUS
10
1.0822701181102361
20
0.8978937007874016
11
1.0831642125984251
21
0.8980239763779527
0
LINE
8
BLACK
6
CONTINUOUS
10
1.0831642125984251
20
0.8980239763779527
11
1.0849524803149606
21
0.8982845275590551
0
LINE
8
BLACK
6
CONTINUOUS
10
1.0849524803149606
20
0.8982845275590551
11
1.0890898818897639
21
0.9003071653543306
0
LINE
8
BLACK
6
CONTINUOUS
10
1.0890898818897639
20
0.9003071653543306
11
1.0890898818897639
21
0.9003072047244094
0
LINE
8
BLACK
6
CONTINUOUS
10
1.0890898818897639
20
0.9003072047244094
11
1.0891783858267716
21
0.9003504330708662
0
LINE
8
BLACK
6
CONTINUOUS
10
1.0891783858267716
20
0.9003504330708662
11
1.0913224803149606
21
0.9008464566929134
0
LINE
8
BLACK
6
CONTINUOUS
10
1.0913224803149606
20
0.9008464566929134
11
1.1468905511811023
21
0.9008464566929134
0
LINE
8
BLACK
6
CONTINUOUS
10
1.1468905511811023
20
0.9008464566929134
11
1.1495298818897637
21
0.9000714566929133
0
LINE
8
BLACK
6
CONTINUOUS
10
1.1495298818897637
20
0.9000714566929133
11
1.1508185039370078
21
0.8988635039370079
0
LINE
8
BLACK
6
CONTINUOUS
10
1.1508185039370078
20
0.8988635039370079
11
1.1536160629921259
21
0.8950729133858267
0
LINE
8
BLACK
6
CONTINUOUS
10
1.1536160629921259
20
0.8950729133858267
11
1.1536161023622047
21
0.8950729133858267
0
LINE
8
BLACK
6
CONTINUOUS
10
1.1536161023622047
20
0.8950729133858267
11
1.1536161417322834
21
0.8950728346456692
0
LINE
8
BLACK
6
CONTINUOUS
10
1.1536161417322834
20
0.8950728346456692
11
1.1579180314960629
21
0.8918979133858268
0
LINE
8
BLACK
6
CONTINUOUS
10
1.1579180314960629
20
0.8918979133858268
11
1.1591363385826772
21
0.8914716141732283
0
LINE
8
BLACK
6
CONTINUOUS
10
1.1591363385826772
20
0.8914716141732283
11
1.1629643700787402
21
0.8901320866141732
0
LINE
8
BLACK
6
CONTINUOUS
10
1.1629643700787402
20
0.8901320866141732
11
1.162964527559055
21
0.8901320866141732
0
LINE
8
BLACK
6
CONTINUOUS
10
1.162964527559055
20
0.8901320866141732
11
1.1629646062992125
21
0.8901320472440944
0
LINE
8
BLACK
6
CONTINUOUS
10
1.1629646062992125
20
0.8901320472440944
11
1.163821968503937
21
0.8900516535433071
0
LINE
8
BLACK
6
CONTINUOUS
10
1.163821968503937
20
0.8900516535433071
11
1.1663773228346457
21
0.8890337007874015
0
LINE
8
BLACK
6
CONTINUOUS
10
1.1663773228346457
20
0.8890337007874015
11
1.1679767716535432
21
0.8867957480314961
0
LINE
8
BLACK
6
CONTINUOUS
10
1.1679767716535432
20
0.8867957480314961
11
1.168248031496063
21
0.8851911023622047
0
LINE
8
BLACK
6
CONTINUOUS
10
1.168248031496063
20
0.8851911023622047
11
1.168248031496063
21
0.8522054330708662
0
LINE
8
BLACK
6
CONTINUOUS
10
1.168248031496063
20
0.8522054330708662
11
1.168248031496063
21
0.8477945669291338
0
LINE
8
BLACK
6
CONTINUOUS
10
1.168248031496063
20
0.8477945669291338
11
1.1693896456692914
21
0.8435339763779527
0
LINE
8
BLACK
6
CONTINUOUS
10
1.1693896456692914
20
0.8435339763779527
11
1.1715950787401574
21
0.8397140551181103
0
LINE
8
BLACK
6
CONTINUOUS
10
1.1715950787401574
20
0.8397140551181103
11
1.1715951181102362
21
0.8397140157480315
0
LINE
8
BLACK
6
CONTINUOUS
10
1.1715951181102362
20
0.8397140157480315
11
1.171595157480315
21
0.8397139763779528
0
LINE
8
BLACK
6
CONTINUOUS
10
1.171595157480315
20
0.8397139763779528
11
1.2640225984251969
21
0.7472865748031496
0
LINE
8
BLACK
6
CONTINUOUS
10
1.2640225984251969
20
0.7472865748031496
11
1.2640229921259842
21
0.7472861417322835
0
LINE
8
BLACK
6
CONTINUOUS
10
1.2640229921259842
20
0.7472861417322835
11
1.264193464566929
21
0.7471156692913385
0
LINE
8
BLACK
6
CONTINUOUS
10
1.264193464566929
20
0.7471156692913385
11
1.2641935039370078
21
0.7471156299212598
0
LINE
8
BLACK
6
CONTINUOUS
10
1.2641935039370078
20
0.7471156299212598
11
1.2673124803149607
21
0.743996653543307
0
LINE
8
BLACK
6
CONTINUOUS
10
1.2673124803149607
20
0.743996653543307
11
1.2711324015748031
21
0.7417912204724409
0
LINE
8
BLACK
6
CONTINUOUS
10
1.2711324015748031
20
0.7417912204724409
11
1.2753929527559056
21
0.7406496062992126
0
LINE
8
BLACK
6
CONTINUOUS
10
1.2753929527559056
20
0.7406496062992126
11
1.2753929921259841
21
0.7406496062992126
0
LINE
8
BLACK
6
CONTINUOUS
10
1.2753929921259841
20
0.7406496062992126
11
1.2753930314960629
21
0.7406496062992126
0
LINE
8
BLACK
6
CONTINUOUS
10
1.2753930314960629
20
0.7406496062992126
11
1.9951181102362203
21
0.7406496062992126
0
LINE
8
BLACK
6
CONTINUOUS
10
1.9951181102362203
20
0.7406496062992126
11
1.9977574409448819
21
0.7398746062992125
0
LINE
8
BLACK
6
CONTINUOUS
10
1.9977574409448819
20
0.7398746062992125
11
1.9995588188976376
21
0.7377957086614173
0
LINE
8
BLACK
6
CONTINUOUS
10
1.9995588188976376
20
0.7377957086614173
11
2.
21
0.735767716535433
0
LINE
8
BLACK
6
CONTINUOUS
10
2.
20
0.735767716535433
11
2.
21
0.7267341732283464
0
LINE
8
BLACK
6
CONTINUOUS
10
2.
20
0.7267341732283464
11
1.999225
21
0.724094842519685
0
LINE
8
BLACK
6
CONTINUOUS
10
1.999225
20
0.724094842519685
11
1.9991772440944882
21
0.7240219291338582
0
LINE
8
BLACK
6
CONTINUOUS
10
1.9991772440944882
20
0.7240219291338582
11
1.9988635039370077
21
0.7235524015748032
0
LINE
8
BLACK
6
CONTINUOUS
10
1.9988635039370077
20
0.7235524015748032
11
1.9988634251968505
21
0.7235522440944882
0
LINE
8
BLACK
6
CONTINUOUS
10
1.9988634251968505
20
0.7235522440944882
11
1.9984055118110235
21
0.7212501181102362
0
LINE
8
BLACK
6
CONTINUOUS
10
1.9984055118110235
20
0.7212501181102362
11
1.9984055118110235
21
0.5700885039370078
0
LINE
8
BLACK
6
CONTINUOUS
10
1.9984055118110235
20
0.5700885039370078
11
1.9988634251968505
21
0.5677862598425196
0
LINE
8
BLACK
6
CONTINUOUS
10
1.9988634251968505
20
0.5677862598425196
11
1.999040433070866
21
0.5675213385826772
0
LINE
8
BLACK
6
CONTINUOUS
10
1.999040433070866
20
0.5675213385826772
11
1.9991771259842519
21
0.5673168110236221
0
LINE
8
BLACK
6
CONTINUOUS
10
1.9991771259842519
20
0.5673168110236221
11
1.9999992125984252
21
0.5646917716535433
0
LINE
8
BLACK
6
CONTINUOUS
10
1.9999992125984252
20
0.5646917716535433
11
2.
21
0.5646044488188976
0
LINE
8
BLACK
6
CONTINUOUS
10
2.
20
0.5646044488188976
11
2.
21
0.4905137007874016
0
LINE
8
BLACK
6
CONTINUOUS
10
2.
20
0.4905137007874016
11
1.999225
21
0.4878743700787401
0
LINE
8
BLACK
6
CONTINUOUS
10
1.999225
20
0.4878743700787401
11
1.9991772440944882
21
0.4878014566929134
0
LINE
8
BLACK
6
CONTINUOUS
10
1.9991772440944882
20
0.4878014566929134
11
1.9988635039370077
21
0.4873319291338583
0
LINE
8
BLACK
6
CONTINUOUS
10
1.9988635039370077
20
0.4873319291338583
11
1.9988634251968505
21
0.4873317716535433
0
LINE
8
BLACK
6
CONTINUOUS
10
1.9988634251968505
20
0.4873317716535433
11
1.9984055118110235
21
0.4850296456692914
0
LINE
8
BLACK
6
CONTINUOUS
10
1.9984055118110235
20
0.4850296456692914
11
1.9984055118110235
21
0.4064763779527559
0
LINE
8
BLACK
6
CONTINUOUS
10
1.9984055118110235
20
0.4064763779527559
11
1.9976305118110236
21
0.4038370472440945
0
LINE
8
BLACK
6
CONTINUOUS
10
1.9976305118110236
20
0.4038370472440945
11
1.9955516141732283
21
0.4020356692913385
0
LINE
8
BLACK
6
CONTINUOUS
10
1.9955516141732283
20
0.4020356692913385
11
1.9935236220472441
21
0.4015944881889764
0
LINE
8
BLACK
6
CONTINUOUS
10
1.9935236220472441
20
0.4015944881889764
11
1.9149703543307086
21
0.4015944881889764
0
LINE
8
BLACK
6
CONTINUOUS
10
1.9149703543307086
20
0.4015944881889764
11
1.9126682283464567
21
0.4011365748031496
0
LINE
8
BLACK
6
CONTINUOUS
10
1.9126682283464567
20
0.4011365748031496
11
1.9126680708661417
21
0.4011364960629921
0
LINE
8
BLACK
6
CONTINUOUS
10
1.9126680708661417
20
0.4011364960629921
11
1.9121985433070865
21
0.4008227559055118
0
LINE
8
BLACK
6
CONTINUOUS
10
1.9121985433070865
20
0.4008227559055118
11
1.9095734251968504
21
0.4000007874015748
0
LINE
8
BLACK
6
CONTINUOUS
10
1.9095734251968504
20
0.4000007874015748
11
1.9094862992125985
21
0.4
0
LINE
8
BLACK
6
CONTINUOUS
10
1.9094862992125985
20
0.4
11
1.835395590551181
21
0.4
0
LINE
8
BLACK
6
CONTINUOUS
10
1.835395590551181
20
0.4
11
1.8327562598425196
21
0.400775
0
LINE
8
BLACK
6
CONTINUOUS
10
1.8327562598425196
20
0.400775
11
1.832683346456693
21
0.4008227559055118
0
LINE
8
BLACK
6
CONTINUOUS
10
1.832683346456693
20
0.4008227559055118
11
1.8322138188976378
21
0.4011364960629921
0
LINE
8
BLACK
6
CONTINUOUS
10
1.8322138188976378
20
0.4011364960629921
11
1.8322137401574803
21
0.4011365354330709
0
LINE
8
BLACK
6
CONTINUOUS
10
1.8322137401574803
20
0.4011365354330709
11
1.832213622047244
21
0.4011365748031496
0
LINE
8
BLACK
6
CONTINUOUS
10
1.832213622047244
20
0.4011365748031496
11
1.8299114960629921
21
0.4015944881889764
0
LINE
8
BLACK
6
CONTINUOUS
10
1.8299114960629921
20
0.4015944881889764
11
1.8299113385826771
21
0.4015944881889764
0
LINE
8
BLACK
6
CONTINUOUS
10
1.8299113385826771
20
0.4015944881889764
11
1.6787500787401575
21
0.4015944881889764
0
LINE
8
BLACK
6
CONTINUOUS
10
1.6787500787401575
20
0.4015944881889764
11
1.6787498818897637
21
0.4015944881889764
0
LINE
8
BLACK
6
CONTINUOUS
10
1.6787498818897637
20
0.4015944881889764
11
1.6764477559055118
21
0.4011365748031496
0
LINE
8
BLACK
6
CONTINUOUS
10
1.6764477559055118
20
0.4011365748031496
11
1.6764475984251967
21
0.4011364960629921
0
LINE
8
BLACK
6
CONTINUOUS
10
1.6764475984251967
20
0.4011364960629921
11
1.6759780708661416
21
0.4008227559055118
0
LINE
8
BLACK
6
CONTINUOUS
10
1.6759780708661416
20
0.4008227559055118
11
1.6733529527559055
21
0.4000007874015748
0
LINE
8
BLACK
6
CONTINUOUS
10
1.6733529527559055
20
0.4000007874015748
11
1.6732658267716536
21
0.4
0
LINE
8
BLACK
6
CONTINUOUS
10
1.6732658267716536
20
0.4
11
1.5991751181102363
21
0.4
0
LINE
8
BLACK
6
CONTINUOUS
10
1.5991751181102363
20
0.4
11
1.5965357874015749
21
0.400775
0
LINE
8
BLACK
6
CONTINUOUS
10
1.5965357874015749
20
0.400775
11
1.596462874015748
21
0.4008227559055118
0
LINE
8
BLACK
6
CONTINUOUS
10
1.596462874015748
20
0.4008227559055118
11
1.5959933464566929
21
0.4011364960629921
0
LINE
8
BLACK
6
CONTINUOUS
10
1.5959933464566929
20
0.4011364960629921
11
1.5959932677165354
21
0.4011365354330709
0
LINE
8
BLACK
6
CONTINUOUS
10
1.5959932677165354
20
0.4011365354330709
11
1.5959931496062991
21
0.4011365748031496
0
LINE
8
BLACK
6
CONTINUOUS
10
1.5959931496062991
20
0.4011365748031496
11
1.5936910236220472
21
0.4015944881889764
0
LINE
8
BLACK
6
CONTINUOUS
10
1.5936910236220472
20
0.4015944881889764
11
1.5936908661417322
21
0.4015944881889764
0
LINE
8
BLACK
6
CONTINUOUS
10
1.5936908661417322
20
0.4015944881889764
11
1.4425296062992126
21
0.4015944881889764
0
LINE
8
BLACK
6
CONTINUOUS
10
1.4425296062992126
20
0.4015944881889764
11
1.4425294094488188
21
0.4015944881889764
0
LINE
8
BLACK
6
CONTINUOUS
10
1.4425294094488188
20
0.4015944881889764
11
1.4402272834645669
21
0.4011365748031496
0
LINE
8
BLACK
6
CONTINUOUS
10
1.4402272834645669
20
0.4011365748031496
11
1.4402271259842518
21
0.4011364960629921
0
LINE
8
BLACK
6
CONTINUOUS
10
1.4402271259842518
20
0.4011364960629921
11
1.4397575984251969
21
0.4008227559055118
0
LINE
8
BLACK
6
CONTINUOUS
10
1.4397575984251969
20
0.4008227559055118
11
1.4371324803149605
21
0.4000007874015748
0
LINE
8
BLACK
6
CONTINUOUS
10
1.4371324803149605
20
0.4000007874015748
11
1.4370453543307087
21
0.4
0
LINE
8
BLACK
6
CONTINUOUS
10
1.4370453543307087
20
0.4
11
1.3629546456692914
21
0.4
0
LINE
8
BLACK
6
CONTINUOUS
10
1.3629546456692914
20
0.4
11
1.36031531496063
21
0.400775
0
LINE
8
BLACK
6
CONTINUOUS
10
1.36031531496063
20
0.400775
11
1.3602424015748031
21
0.4008227559055118
0
LINE
8
BLACK
6
CONTINUOUS
10
1.3602424015748031
20
0.4008227559055118
11
1.359772874015748
21
0.4011364960629921
0
LINE
8
BLACK
6
CONTINUOUS
10
1.359772874015748
20
0.4011364960629921
11
1.3597727952755905
21
0.4011365354330709
0
LINE
8
BLACK
6
CONTINUOUS
10
1.3597727952755905
20
0.4011365354330709
11
1.3597726771653542
21
0.4011365748031496
0
LINE
8
BLACK
6
CONTINUOUS
10
1.3597726771653542
20
0.4011365748031496
11
1.3574705511811023
21
0.4015944881889764
0
LINE
8
BLACK
6
CONTINUOUS
10
1.3574705511811023
20
0.4015944881889764
11
1.3574703937007875
21
0.4015944881889764
0
LINE
8
BLACK
6
CONTINUOUS
10
1.3574703937007875
20
0.4015944881889764
11
1.2063091338582677
21
0.4015944881889764
0
LINE
8
BLACK
6
CONTINUOUS
10
1.2063091338582677
20
0.4015944881889764
11
1.2063089370078739
21
0.4015944881889764
0
LINE
8
BLACK
6
CONTINUOUS
10
1.2063089370078739
20
0.4015944881889764
11
1.2040068110236219
21
0.4011365748031496
0
LINE
8
BLACK
6
CONTINUOUS
10
1.2040068110236219
20
0.4011365748031496
11
1.2040066535433072
21
0.4011364960629921
0
LINE
8
BLACK
6
CONTINUOUS
10
1.2040066535433072
20
0.4011364960629921
11
1.203537125984252
21
0.4008227559055118
0
LINE
8
BLACK
6
CONTINUOUS
10
1.203537125984252
20
0.4008227559055118
11
1.2009120078740156
21
0.4000007874015748
0
LINE
8
BLACK
6
CONTINUOUS
10
1.2009120078740156
20
0.4000007874015748
11
1.2008248818897638
21
0.4
0
LINE
8
BLACK
6
CONTINUOUS
10
1.2008248818897638
20
0.4
11
1.1267341732283465
21
0.4
0
LINE
8
BLACK
6
CONTINUOUS
10
1.1267341732283465
20
0.4
11
1.1240948425196851
21
0.400775
0
LINE
8
BLACK
6
CONTINUOUS
10
1.1240948425196851
20
0.400775
11
1.1240219291338582
21
0.4008227559055118
0
LINE
8
BLACK
6
CONTINUOUS
10
1.1240219291338582
20
0.4008227559055118
11
1.1235524015748031
21
0.4011364960629921
0
LINE
8
BLACK
6
CONTINUOUS
10
1.1235524015748031
20
0.4011364960629921
11
1.1235523228346456
21
0.4011365354330709
0
LINE
8
BLACK
6
CONTINUOUS
10
1.1235523228346456
20
0.4011365354330709
11
1.1235522047244095
21
0.4011365748031496
0
LINE
8
BLACK
6
CONTINUOUS
10
1.1235522047244095
20
0.4011365748031496
11
1.1212500787401574
21
0.4015944881889764
0
LINE
8
BLACK
6
CONTINUOUS
10
1.1212500787401574
20
0.4015944881889764
11
1.1212499212598426
21
0.4015944881889764
0
LINE
8
BLACK
6
CONTINUOUS
10
1.1212499212598426
20
0.4015944881889764
11
0.9700886614173229
21
0.4015944881889764
0
LINE
8
BLACK
6
CONTINUOUS
10
0.9700886614173229
20
0.4015944881889764
11
0.9700884645669291
21
0.4015944881889764
0
LINE
8
BLACK
6
CONTINUOUS
10
0.9700884645669291
20
0.4015944881889764
11
0.9677863385826772
21
0.4011365748031496
0
LINE
8
BLACK
6
CONTINUOUS
10
0.9677863385826772
20
0.4011365748031496
11
0.9677861811023621
21
0.4011364960629921
0
LINE
8
BLACK
6
CONTINUOUS
10
0.9677861811023621
20
0.4011364960629921
11
0.9673166535433071
21
0.4008227559055118
0
LINE
8
BLACK
6
CONTINUOUS
10
0.9673166535433071
20
0.4008227559055118
11
0.9646915354330708
21
0.4000007874015748
0
LINE
8
BLACK
6
CONTINUOUS
10
0.9646915354330708
20
0.4000007874015748
11
0.9646044094488189
21
0.4
0
LINE
8
BLACK
6
CONTINUOUS
10
0.9646044094488189
20
0.4
11
0.8905137007874016
21
0.4
0
LINE
8
BLACK
6
CONTINUOUS
10
0.8905137007874016
20
0.4
11
0.8878743700787401
21
0.400775
0
LINE
8
BLACK
6
CONTINUOUS
10
0.8878743700787401
20
0.400775
11
0.8878014566929133
21
0.4008227559055118
0
LINE
8
BLACK
6
CONTINUOUS
10
0.8878014566929133
20
0.4008227559055118
11
0.8873319291338583
21
0.4011364960629921
0
LINE
8
BLACK
6
CONTINUOUS
10
0.8873319291338583
20
0.4011364960629921
11
0.8873318503937008
21
0.4011365354330709
0
LINE
8
BLACK
6
CONTINUOUS
10
0.8873318503937008
20
0.4011365354330709
11
0.8873317322834645
21
0.4011365748031496
0
LINE
8
BLACK
6
CONTINUOUS
10
0.8873317322834645
20
0.4011365748031496
11
0.8850296062992126
21
0.4015944881889764
0
LINE
8
BLACK
6
CONTINUOUS
10
0.8850296062992126
20
0.4015944881889764
11
0.8850294488188977
21
0.4015944881889764
0
LINE
8
BLACK
6
CONTINUOUS
10
0.8850294488188977
20
0.4015944881889764
11
0.8064763779527558
21
0.4015944881889764
0
LINE
8
BLACK
6
CONTINUOUS
10
0.8064763779527558
20
0.4015944881889764
11
0.8038370472440944
21
0.4023694881889764
0
LINE
8
BLACK
6
CONTINUOUS
10
0.8038370472440944
20
0.4023694881889764
11
0.8020356692913385
21
0.4044483858267716
0
LINE
8
BLACK
6
CONTINUOUS
10
0.8020356692913385
20
0.4044483858267716
11
0.8015944881889764
21
0.4064763779527559
0
LINE
8
BLACK
6
CONTINUOUS
10
0.8015944881889764
20
0.4064763779527559
11
0.8015944881889764
21
0.4850295669291338
0
LINE
8
BLACK
6
CONTINUOUS
10
0.8015944881889764
20
0.4850295669291338
11
0.8015944488188976
21
0.4850296456692914
0
LINE
8
BLACK
6
CONTINUOUS
10
0.8015944488188976
20
0.4850296456692914
11
0.8011365354330708
21
0.4873317716535433
0
LINE
8
BLACK
6
CONTINUOUS
10
0.8011365354330708
20
0.4873317716535433
11
0.8011364960629921
21
0.4873318110236221
0
LINE
8
BLACK
6
CONTINUOUS
10
0.8011364960629921
20
0.4873318110236221
11
0.8011364960629921
21
0.4873319291338583
0
LINE
8
BLACK
6
CONTINUOUS
10
0.8011364960629921
20
0.4873319291338583
11
0.800822716535433
21
0.4878014960629921
0
LINE
8
BLACK
6
CONTINUOUS
10
0.800822716535433
20
0.4878014960629921
11
0.8000007874015748
21
0.4904265748031496
0
LINE
8
BLACK
6
CONTINUOUS
10
0.8000007874015748
20
0.4904265748031496
11
0.7999999999999999
21
0.4905137007874016
0
LINE
8
BLACK
6
CONTINUOUS
10
0.7999999999999999
20
0.4905137007874016
11
0.7999999999999999
21
0.5646044488188976
0
LINE
8
BLACK
6
CONTINUOUS
10
0.7999999999999999
20
0.5646044488188976
11
0.800775
21
0.567243779527559
0
LINE
8
BLACK
6
CONTINUOUS
10
0.800775
20
0.567243779527559
11
0.8008218503937008
21
0.5673153149606299
0
LINE
8
BLACK
6
CONTINUOUS
10
0.8008218503937008
20
0.5673153149606299
11
0.8011364960629921
21
0.5677861811023622
0
LINE
8
BLACK
6
CONTINUOUS
10
0.8011364960629921
20
0.5677861811023622
11
0.8011364960629921
21
0.5677862598425196
0
LINE
8
BLACK
6
CONTINUOUS
10
0.8011364960629921
20
0.5677862598425196
11
0.8011365354330708
21
0.5677862598425196
0
LINE
8
BLACK
6
CONTINUOUS
10
0.8011365354330708
20
0.5677862598425196
11
0.8015944488188976
21
0.5700885039370078
0
LINE
8
BLACK
6
CONTINUOUS
10
0.8015944488188976
20
0.5700885039370078
11
0.8015944881889764
21
0.5700885826771653
0
LINE
8
BLACK
6
CONTINUOUS
10
0.8015944881889764
20
0.5700885826771653
11
0.8015944881889764
21
0.5990162992125984
0
LINE
8
BLACK
6
CONTINUOUS
10
0.8015944881889764
20
0.5990162992125984
11
0.8015944881889764
21
0.6816924015748032
0
LINE
8
BLACK
6
CONTINUOUS
10
0.8015944881889764
20
0.6816924015748032
11
0.8015944881889764
21
0.7212500393700787
0
LINE
8
BLACK
6
CONTINUOUS
10
0.8015944881889764
20
0.7212500393700787
11
0.8015944488188976
21
0.7212501181102362
0
LINE
8
BLACK
6
CONTINUOUS
10
0.8015944488188976
20
0.7212501181102362
11
0.8011365354330708
21
0.7235522440944882
0
LINE
8
BLACK
6
CONTINUOUS
10
0.8011365354330708
20
0.7235522440944882
11
0.8011364960629921
21
0.7235522834645669
0
LINE
8
BLACK
6
CONTINUOUS
10
0.8011364960629921
20
0.7235522834645669
11
0.8011364960629921
21
0.7235524015748032
0
LINE
8
BLACK
6
CONTINUOUS
10
0.8011364960629921
20
0.7235524015748032
11
0.800822716535433
21
0.724021968503937
0
LINE
8
BLACK
6
CONTINUOUS
10
0.800822716535433
20
0.724021968503937
11
0.8000007874015748
21
0.7266470472440945
0
LINE
8
BLACK
6
CONTINUOUS
10
0.8000007874015748
20
0.7266470472440945
11
0.7999999999999999
21
0.7267341732283464
0
LINE
8
BLACK
6
CONTINUOUS
10
0.7999999999999999
20
0.7267341732283464
11
0.7999999999999999
21
0.8008249212598425
0
LINE
8
BLACK
6
CONTINUOUS
10
0.7999999999999999
20
0.8008249212598425
11
0.800775
21
0.8034642519685039
0
LINE
8
BLACK
6
CONTINUOUS
10
0.800775
20
0.8034642519685039
11
0.8008218503937008
21
0.8035357874015748
0
LINE
8
BLACK
6
CONTINUOUS
10
0.8008218503937008
20
0.8035357874015748
11
0.8011364960629921
21
0.804006653543307
0
LINE
8
BLACK
6
CONTINUOUS
10
0.8011364960629921
20
0.804006653543307
11
0.8011364960629921
21
0.8040067322834645
0
LINE
8
BLACK
6
CONTINUOUS
10
0.8011364960629921
20
0.8040067322834645
11
0.8011365354330708
21
0.8040067322834645
0
LINE
8
BLACK
6
CONTINUOUS
10
0.8011365354330708
20
0.8040067322834645
11
0.8015944488188976
21
0.8063089763779527
0
LINE
8
BLACK
6
CONTINUOUS
10
0.8015944488188976
20
0.8063089763779527
11
0.8015944881889764
21
0.8063090551181102
0
LINE
8
BLACK
6
CONTINUOUS
10
0.8015944881889764
20
0.8063090551181102
11
0.8015944881889764
21
0.9574705118110236
0
LINE
8
BLACK
6
CONTINUOUS
10
0.8015944881889764
20
0.9574705118110236
11
0.8015944488188976
21
0.9574705905511811
0
LINE
8
BLACK
6
CONTINUOUS
10
0.8015944488188976
20
0.9574705905511811
11
0.8011365354330708
21
0.9597727165354331
0
LINE
8
BLACK
6
CONTINUOUS
10
0.8011365354330708
20
0.9597727165354331
11
0.8011364960629921
21
0.9597727559055118
0
LINE
8
BLACK
6
CONTINUOUS
10
0.8011364960629921
20
0.9597727559055118
11
0.8011364960629921
21
0.959772874015748
0
LINE
8
BLACK
6
CONTINUOUS
10
0.8011364960629921
20
0.959772874015748
11
0.800822716535433
21
0.9602424409448819
0
LINE
8
BLACK
6
CONTINUOUS
10
0.800822716535433
20
0.9602424409448819
11
0.8000007874015748
21
0.9628675196850394
0
LINE
8
BLACK
6
CONTINUOUS
10
0.8000007874015748
20
0.9628675196850394
11
0.7999999999999999
21
0.9629546456692913
0
LINE
8
BLACK
6
CONTINUOUS
10
0.7999999999999999
20
0.9629546456692913
11
0.7999999999999999
21
0.9783661417322834
0
LINE
8
BLACK
6
CONTINUOUS
10
0.7999999999999999
20
0.9783661417322834
11
0.800775
21
0.9810054724409448
0
LINE
8
BLACK
6
CONTINUOUS
10
0.800775
20
0.9810054724409448
11
0.8028538976377952
21
0.9828068503937007
0
LINE
8
BLACK
6
CONTINUOUS
10
0.8028538976377952
20
0.9828068503937007
11
0.8048818897637795
21
0.983248031496063
0
LINE
8
BLACK
6
CONTINUOUS
10
0.8048818897637795
20
0.983248031496063
11
0.8552010629921259
21
0.983248031496063
0
LINE
8
BLACK
6
CONTINUOUS
10
0.8552010629921259
20
0.983248031496063
11
0.8578403937007874
21
0.982473031496063
0
LINE
8
BLACK
6
CONTINUOUS
10
0.8578403937007874
20
0.982473031496063
11
0.8596417716535433
21
0.9803941338582677
0
LINE
8
BLACK
6
CONTINUOUS
10
0.8596417716535433
20
0.9803941338582677
11
0.8598089763779527
21
0.9799785826771653
0
LINE
8
BLACK
6
CONTINUOUS
10
0.8598089763779527
20
0.9799785826771653
11
0.8609861023622047
21
0.9766146456692913
0
LINE
8
BLACK
6
CONTINUOUS
10
0.8609861023622047
20
0.9766146456692913
11
0.8614254724409449
21
0.9753589763779528
0
LINE
8
BLACK
6
CONTINUOUS
10
0.8614254724409449
20
0.9753589763779528
11
0.8646003937007873
21
0.9710570866141732
0
LINE
8
BLACK
6
CONTINUOUS
10
0.8646003937007873
20
0.9710570866141732
11
0.8689022834645669
21
0.9678821653543307
0
LINE
8
BLACK
6
CONTINUOUS
10
0.8689022834645669
20
0.9678821653543307
11
0.8701638976377952
21
0.9674407086614173
0
LINE
8
BLACK
6
CONTINUOUS
10
0.8701638976377952
20
0.9674407086614173
11
0.8739487401574803
21
0.9661162992125985
0
LINE
8
BLACK
6
CONTINUOUS
10
0.8739487401574803
20
0.9661162992125985
11
0.8742389763779528
21
0.9660529133858268
0
LINE
8
BLACK
6
CONTINUOUS
10
0.8742389763779528
20
0.9660529133858268
11
0.8742207086614173
21
0.9659693307086614
0
LINE
8
BLACK
6
CONTINUOUS
10
0.8742207086614173
20
0.9659693307086614
11
0.8763772440944881
21
0.9651103149606299
0
LINE
8
BLACK
6
CONTINUOUS
10
0.8763772440944881
20
0.9651103149606299
11
0.8779767322834645
21
0.9628724015748031
0
LINE
8
BLACK
6
CONTINUOUS
10
0.8779767322834645
20
0.9628724015748031
11
0.878248031496063
21
0.9612676377952756
0
LINE
8
BLACK
6
CONTINUOUS
10
0.878248031496063
20
0.9612676377952756
11
0.878248031496063
21
0.8716338582677166
0
LINE
8
BLACK
6
CONTINUOUS
10
0.878248031496063
20
0.8716338582677166
11
0.8774730314960629
21
0.8689945275590552
0
LINE
8
BLACK
6
CONTINUOUS
10
0.8774730314960629
20
0.8689945275590552
11
0.8753941338582677
21
0.8671931496062992
0
LINE
8
BLACK
6
CONTINUOUS
10
0.8753941338582677
20
0.8671931496062992
11
0.8733661417322834
21
0.866751968503937
0
LINE
8
BLACK
6
CONTINUOUS
10
0.8733661417322834
20
0.866751968503937
11
0.8624303149606299
21
0.866751968503937
0
LINE
8
BLACK
6
CONTINUOUS
10
0.8624303149606299
20
0.866751968503937
11
0.8612322834645669
21
0.8666396456692913
0
LINE
8
BLACK
6
CONTINUOUS
10
0.8612322834645669
20
0.8666396456692913
11
0.8612322047244094
21
0.8666396456692913
0
LINE
8
BLACK
6
CONTINUOUS
10
0.8612322047244094
20
0.8666396456692913
11
0.8561857874015748
21
0.8648737795275591
0
LINE
8
BLACK
6
CONTINUOUS
10
0.8561857874015748
20
0.8648737795275591
11
0.8561857086614173
21
0.8648737401574803
0
LINE
8
BLACK
6
CONTINUOUS
10
0.8561857086614173
20
0.8648737401574803
11
0.8518838582677165
21
0.8616988188976378
0
LINE
8
BLACK
6
CONTINUOUS
10
0.8518838582677165
20
0.8616988188976378
11
0.848708937007874
21
0.857396968503937
0
LINE
8
BLACK
6
CONTINUOUS
10
0.848708937007874
20
0.857396968503937
11
0.8487088976377952
21
0.8573968897637795
0
LINE
8
BLACK
6
CONTINUOUS
10
0.8487088976377952
20
0.8573968897637795
11
0.846943031496063
21
0.8523504724409449
0
LINE
8
BLACK
6
CONTINUOUS
10
0.846943031496063
20
0.8523504724409449
11
0.846943031496063
21
0.8523503937007874
0
LINE
8
BLACK
6
CONTINUOUS
10
0.846943031496063
20
0.8523503937007874
11
0.8468307086614173
21
0.8511523622047243
0
LINE
8
BLACK
6
CONTINUOUS
10
0.8468307086614173
20
0.8511523622047243
11
0.8468307086614173
21
0.7681390157480315
0
LINE
8
BLACK
6
CONTINUOUS
10
0.8468307086614173
20
0.7681390157480315
11
0.846943031496063
21
0.7669409842519684
0
LINE
8
BLACK
6
CONTINUOUS
10
0.846943031496063
20
0.7669409842519684
11
0.846943031496063
21
0.766940905511811
0
LINE
8
BLACK
6
CONTINUOUS
10
0.846943031496063
20
0.766940905511811
11
0.8487088976377952
21
0.7618944881889763
0
LINE
8
BLACK
6
CONTINUOUS
10
0.8487088976377952
20
0.7618944881889763
11
0.848708937007874
21
0.7618944094488189
0
LINE
8
BLACK
6
CONTINUOUS
10
0.848708937007874
20
0.7618944094488189
11
0.8518838582677165
21
0.7575925196850394
0
LINE
8
BLACK
6
CONTINUOUS
10
0.8518838582677165
20
0.7575925196850394
11
0.8561857480314961
21
0.7544175984251968
0
LINE
8
BLACK
6
CONTINUOUS
10
0.8561857480314961
20
0.7544175984251968
11
0.8578679133858268
21
0.7538289763779528
0
LINE
8
BLACK
6
CONTINUOUS
10
0.8578679133858268
20
0.7538289763779528
11
0.8612322440944882
21
0.7526517322834646
0
LINE
8
BLACK
6
CONTINUOUS
10
0.8612322440944882
20
0.7526517322834646
11
0.8624303149606299
21
0.7525393700787402
0
LINE
8
BLACK
6
CONTINUOUS
10
0.8624303149606299
20
0.7525393700787402
11
0.8624304724409448
21
0.7525393700787402
0
LINE
8
BLACK
6
CONTINUOUS
10
0.8624304724409448
20
0.7525393700787402
11
0.9375696850393701
21
0.7525393700787402
0
LINE
8
BLACK
6
CONTINUOUS
10
0.9375696850393701
20
0.7525393700787402
11
0.9387676771653544
21
0.7526517322834646
0
LINE
8
BLACK
6
CONTINUOUS
10
0.9387676771653544
20
0.7526517322834646
11
0.9387677559055118
21
0.7526517322834646
0
LINE
8
BLACK
6
CONTINUOUS
10
0.9387677559055118
20
0.7526517322834646
11
0.9412909448818897
21
0.75353468503937
0
LINE
8
BLACK
6
CONTINUOUS
10
0.9412909448818897
20
0.75353468503937
11
0.9438142519685039
21
0.7544175984251968
0
LINE
8
BLACK
6
CONTINUOUS
10
0.9438142519685039
20
0.7544175984251968
11
0.9481161417322834
21
0.7575925196850394
0
LINE
8
BLACK
6
CONTINUOUS
10
0.9481161417322834
20
0.7575925196850394
11
0.951291062992126
21
0.7618944094488189
0
LINE
8
BLACK
6
CONTINUOUS
10
0.951291062992126
20
0.7618944094488189
11
0.9521739763779528
21
0.764417716535433
0
LINE
8
BLACK
6
CONTINUOUS
10
0.9521739763779528
20
0.764417716535433
11
0.9530569291338582
21
0.766940905511811
0
LINE
8
BLACK
6
CONTINUOUS
10
0.9530569291338582
20
0.766940905511811
11
0.9530569291338582
21
0.7669409842519684
0
LINE
8
BLACK
6
CONTINUOUS
10
0.9530569291338582
20
0.7669409842519684
11
0.9531692913385826
21
0.7681390157480315
0
LINE
8
BLACK
6
CONTINUOUS
10
0.9531692913385826
20
0.7681390157480315
11
0.9531692913385826
21
0.8511523622047243
0
LINE
8
BLACK
6
CONTINUOUS
10
0.9531692913385826
20
0.8511523622047243
11
0.9530569291338582
21
0.8523503937007874
0
LINE
8
BLACK
6
CONTINUOUS
10
0.9530569291338582
20
0.8523503937007874
11
0.9530569291338582
21
0.8523504724409449
0
LINE
8
BLACK
6
CONTINUOUS
10
0.9530569291338582
20
0.8523504724409449
11
0.951291062992126
21
0.8573968897637795
0
LINE
8
BLACK
6
CONTINUOUS
10
0.951291062992126
20
0.8573968897637795
11
0.9512910236220472
21
0.857396968503937
0
LINE
8
BLACK
6
CONTINUOUS
10
0.9512910236220472
20
0.857396968503937
11
0.9481161417322834
21
0.8616988188976378
0
LINE
8
BLACK
6
CONTINUOUS
10
0.9481161417322834
20
0.8616988188976378
11
0.9438142519685039
21
0.8648737401574803
0
LINE
8
BLACK
6
CONTINUOUS
10
0.9438142519685039
20
0.8648737401574803
11
0.9438141732283465
21
0.8648737795275591
0
LINE
8
BLACK
6
CONTINUOUS
10
0.9438141732283465
20
0.8648737795275591
11
0.938767716535433
21
0.8666396456692913
0
LINE
8
BLACK
6
CONTINUOUS
10
0.938767716535433
20
0.8666396456692913
11
0.9375696850393701
21
0.866751968503937
0
LINE
8
BLACK
6
CONTINUOUS
10
0.9375696850393701
20
0.866751968503937
11
0.9375695275590551
21
0.866751968503937
0
LINE
8
BLACK
6
CONTINUOUS
10
0.9375695275590551
20
0.866751968503937
11
0.9166338582677165
21
0.866751968503937
0
LINE
8
BLACK
6
CONTINUOUS
10
0.9166338582677165
20
0.866751968503937
11
0.9139945275590551
21
0.867526968503937
0
LINE
8
BLACK
6
CONTINUOUS
10
0.9139945275590551
20
0.867526968503937
11
0.9121931496062992
21
0.8696058661417323
0
LINE
8
BLACK
6
CONTINUOUS
10
0.9121931496062992
20
0.8696058661417323
11
0.911751968503937
21
0.8716338582677166
0
LINE
8
BLACK
6
CONTINUOUS
10
0.911751968503937
20
0.8716338582677166
11
0.911751968503937
21
0.9612676377952756
0
LINE
8
BLACK
6
CONTINUOUS
10
0.911751968503937
20
0.9612676377952756
11
0.912526968503937
21
0.963906968503937
0
LINE
8
BLACK
6
CONTINUOUS
10
0.912526968503937
20
0.963906968503937
11
0.9146058661417322
21
0.9657083464566929
0
LINE
8
BLACK
6
CONTINUOUS
10
0.9146058661417322
20
0.9657083464566929
11
0.9157684645669291
21
0.9660188188976377
0
LINE
8
BLACK
6
CONTINUOUS
10
0.9157684645669291
20
0.9660188188976377
11
0.9157610236220473
21
0.9660529133858268
0
LINE
8
BLACK
6
CONTINUOUS
10
0.9157610236220473
20
0.9660529133858268
11
0.9160512204724409
21
0.9661162992125985
0
LINE
8
BLACK
6
CONTINUOUS
10
0.9160512204724409
20
0.9661162992125985
11
0.9185744094488189
21
0.9669992519685039
0
LINE
8
BLACK
6
CONTINUOUS
10
0.9185744094488189
20
0.9669992519685039
11
0.921097716535433
21
0.9678821653543307
0
LINE
8
BLACK
6
CONTINUOUS
10
0.921097716535433
20
0.9678821653543307
11
0.9253996062992126
21
0.9710570866141732
0
LINE
8
BLACK
6
CONTINUOUS
10
0.9253996062992126
20
0.9710570866141732
11
0.9273255905511811
21
0.9736666929133858
0
LINE
8
BLACK
6
CONTINUOUS
10
0.9273255905511811
20
0.9736666929133858
11
0.9295164566929134
21
0.9753301181102362
0
LINE
8
BLACK
6
CONTINUOUS
10
0.9295164566929134
20
0.9753301181102362
11
0.9312535433070865
21
0.9756496062992126
0
LINE
8
BLACK
6
CONTINUOUS
10
0.9312535433070865
20
0.9756496062992126
11
0.9406775196850393
21
0.9756496062992126
0
LINE
8
BLACK
6
CONTINUOUS
10
0.9406775196850393
20
0.9756496062992126
11
0.9428216141732283
21
0.9751535826771653
0
LINE
8
BLACK
6
CONTINUOUS
10
0.9428216141732283
20
0.9751535826771653
11
0.9429100787401574
21
0.9751103543307086
0
LINE
8
BLACK
6
CONTINUOUS
10
0.9429100787401574
20
0.9751103543307086
11
0.9429101181102362
21
0.9751103149606299
0
LINE
8
BLACK
6
CONTINUOUS
10
0.9429101181102362
20
0.9751103149606299
11
0.9470475196850393
21
0.9730876771653543
0
LINE
8
BLACK
6
CONTINUOUS
10
0.9470475196850393
20
0.9730876771653543
11
0.9483887007874016
21
0.9728922834645669
0
LINE
8
BLACK
6
CONTINUOUS
10
0.9483887007874016
20
0.9728922834645669
11
0.9497298818897637
21
0.9726968503937008
0
LINE
8
BLACK
6
CONTINUOUS
10
0.9497298818897637
20
0.9726968503937008
11
0.9497299212598425
21
0.9726968503937008
0
LINE
8
BLACK
6
CONTINUOUS
10
0.9497299212598425
20
0.9726968503937008
11
0.9927031889763779
21
0.9726968503937008
0
LINE
8
BLACK
6
CONTINUOUS
10
0.9927031889763779
20
0.9726968503937008
11
0.9937391338582677
21
0.9728477952755905
0
LINE
8
BLACK
6
CONTINUOUS
10
0.9937391338582677
20
0.9728477952755905
11
0.9953855511811024
21
0.9730876771653543
0
LINE
8
BLACK
6
CONTINUOUS
10
0.9953855511811024
20
0.9730876771653543
11
0.9995229527559055
21
0.9751103149606299
0
LINE
8
BLACK
6
CONTINUOUS
10
0.9995229527559055
20
0.9751103149606299
11
1.0027794488188977
21
0.978366811023622
0
LINE
8
BLACK
6
CONTINUOUS
10
1.0027794488188977
20
0.978366811023622
11
1.0048020866141731
21
0.9825042125984251
0
LINE
8
BLACK
6
CONTINUOUS
10
1.0048020866141731
20
0.9825042125984251
11
1.0051929133858268
21
0.9851866141732283
0
LINE
8
BLACK
6
CONTINUOUS
10
1.0051929133858268
20
0.9851866141732283
11
1.0051929133858268
21
0.9996165354330708
0
LINE
8
BLACK
6
CONTINUOUS
10
1.0051929133858268
20
0.9996165354330708
11
1.0048020866141731
21
1.0022989370078741
0
LINE
8
BLACK
6
CONTINUOUS
10
1.0048020866141731
20
1.0022989370078741
11
1.0027794488188977
21
1.0064363385826771
0
LINE
8
BLACK
6
CONTINUOUS
10
1.0027794488188977
20
1.0064363385826771
11
1.0027793700787402
21
1.0064364173228346
0
LINE
8
BLACK
6
CONTINUOUS
10
1.0027793700787402
20
1.0064364173228346
11
1.0027793700787402
21
1.0064364566929134
0
LINE
8
BLACK
6
CONTINUOUS
10
1.0027793700787402
20
1.0064364566929134
11
0.9995230314960629
21
1.0096927952755905
0
LINE
8
BLACK
6
CONTINUOUS
10
0.9995230314960629
20
1.0096927952755905
11
0.9953854724409449
21
1.0117155118110237
0
LINE
8
BLACK
6
CONTINUOUS
10
0.9953854724409449
20
1.0117155118110237
11
0.9927031889763779
21
1.0121062992125984
0
LINE
8
BLACK
6
CONTINUOUS
10
0.9927031889763779
20
1.0121062992125984
11
0.9927031496062992
21
1.0121062992125984
0
LINE
8
BLACK
6
CONTINUOUS
10
0.9927031496062992
20
1.0121062992125984
11
0.9497299212598425
21
1.0121062992125984
0
LINE
8
BLACK
6
CONTINUOUS
10
0.9497299212598425
20
1.0121062992125984
11
0.9497298818897637
21
1.0121062992125984
0
LINE
8
BLACK
6
CONTINUOUS
10
0.9497298818897637
20
1.0121062992125984
11
0.9470475590551181
21
1.0117155118110237
0
LINE
8
BLACK
6
CONTINUOUS
10
0.9470475590551181
20
1.0117155118110237
11
0.9428216141732283
21
1.0096495669291339
0
LINE
8
BLACK
6
CONTINUOUS
10
0.9428216141732283
20
1.0096495669291339
11
0.9406775196850393
21
1.0091535433070866
0
LINE
8
BLACK
6
CONTINUOUS
10
0.9406775196850393
20
1.0091535433070866
11
0.933311062992126
21
1.0091535433070866
0
LINE
8
BLACK
6
CONTINUOUS
10
0.933311062992126
20
1.0091535433070866
11
0.9306717322834646
21
1.0099285433070866
0
LINE
8
BLACK
6
CONTINUOUS
10
0.9306717322834646
20
1.0099285433070866
11
0.9288703543307086
21
1.0120074409448818
0
LINE
8
BLACK
6
CONTINUOUS
10
0.9288703543307086
20
1.0120074409448818
11
0.9287031102362204
21
1.0124231102362204
0
LINE
8
BLACK
6
CONTINUOUS
10
0.9287031102362204
20
1.0124231102362204
11
0.9286596062992126
21
1.0125474803149606
0
LINE
8
BLACK
6
CONTINUOUS
10
0.9286596062992126
20
1.0125474803149606
11
0.9285745275590551
21
1.0127906299212599
0
LINE
8
BLACK
6
CONTINUOUS
10
0.9285745275590551
20
1.0127906299212599
11
0.9253996062992126
21
1.0170925196850393
0
LINE
8
BLACK
6
CONTINUOUS
10
0.9253996062992126
20
1.0170925196850393
11
0.921097716535433
21
1.020267440944882
0
LINE
8
BLACK
6
CONTINUOUS
10
0.921097716535433
20
1.020267440944882
11
0.9210976377952755
21
1.0202674803149605
0
LINE
8
BLACK
6
CONTINUOUS
10
0.9210976377952755
20
1.0202674803149605
11
0.9160511811023622
21
1.0220333464566929
0
LINE
8
BLACK
6
CONTINUOUS
10
0.9160511811023622
20
1.0220333464566929
11
0.9148531496062992
21
1.0221456692913387
0
LINE
8
BLACK
6
CONTINUOUS
10
0.9148531496062992
20
1.0221456692913387
11
0.9148529921259843
21
1.0221456692913387
0
LINE
8
BLACK
6
CONTINUOUS
10
0.9148529921259843
20
1.0221456692913387
11
0.8751470078740158
21
1.0221456692913387
0
LINE
8
BLACK
6
CONTINUOUS
10
0.8751470078740158
20
1.0221456692913387
11
0.8751468503937008
21
1.0221456692913387
0
LINE
8
BLACK
6
CONTINUOUS
10
0.8751468503937008
20
1.0221456692913387
11
0.8739488188976378
21
1.0220333464566929
0
LINE
8
BLACK
6
CONTINUOUS
10
0.8739488188976378
20
1.0220333464566929
11
0.8739487401574803
21
1.0220333464566929
0
LINE
8
BLACK
6
CONTINUOUS
10
0.8739487401574803
20
1.0220333464566929
11
0.8689023228346456
21
1.0202674803149605
0
LINE
8
BLACK
6
CONTINUOUS
10
0.8689023228346456
20
1.0202674803149605
11
0.8689022440944881
21
1.020267440944882
0
LINE
8
BLACK
6
CONTINUOUS
10
0.8689022440944881
20
1.020267440944882
11
0.8680058661417323
21
1.0196058661417322
0
LINE
8
BLACK
6
CONTINUOUS
10
0.8680058661417323
20
1.0196058661417322
11
0.8654314566929133
21
1.0177059055118109
0
LINE
8
BLACK
6
CONTINUOUS
10
0.8654314566929133
20
1.0177059055118109
11
0.862847716535433
21
1.0167621653543306
0
LINE
8
BLACK
6
CONTINUOUS
10
0.862847716535433
20
1.0167621653543306
11
0.8625325590551181
21
1.016751968503937
0
LINE
8
BLACK
6
CONTINUOUS
10
0.8625325590551181
20
1.016751968503937
11
0.8048818897637795
21
1.016751968503937
0
LINE
8
BLACK
6
CONTINUOUS
10
0.8048818897637795
20
1.016751968503937
11
0.8022425590551181
21
1.017526968503937
0
LINE
8
BLACK
6
CONTINUOUS
10
0.8022425590551181
20
1.017526968503937
11
0.8004411811023622
21
1.0196058661417322
0
LINE
8
BLACK
6
CONTINUOUS
10
0.8004411811023622
20
1.0196058661417322
11
0.7999999999999999
21
1.0216338582677165
0
LINE
8
BLACK
6
CONTINUOUS
10
0.7999999999999999
20
1.0216338582677165
11
0.7999999999999999
21
1.0370453937007873
0
LINE
8
BLACK
6
CONTINUOUS
10
0.7999999999999999
20
1.0370453937007873
11
0.800775
21
1.0396847244094487
0
LINE
8
BLACK
6
CONTINUOUS
10
0.800775
20
1.0396847244094487
11
0.8008218503937008
21
1.0397562598425196
0
LINE
8
BLACK
6
CONTINUOUS
10
0.8008218503937008
20
1.0397562598425196
11
0.8011364960629921
21
1.0402271259842519
0
LINE
8
BLACK
6
CONTINUOUS
10
0.8011364960629921
20
1.0402271259842519
11
0.8011364960629921
21
1.0402272047244094
0
LINE
8
BLACK
6
CONTINUOUS
10
0.8011364960629921
20
1.0402272047244094
11
0.8011365354330708
21
1.0402272047244094
0
LINE
8
BLACK
6
CONTINUOUS
10
0.8011365354330708
20
1.0402272047244094
11
0.8015944488188976
21
1.0425294488188976
0
LINE
8
BLACK
6
CONTINUOUS
10
0.8015944488188976
20
1.0425294488188976
11
0.8015944881889764
21
1.0425295275590551
0
LINE
8
BLACK
6
CONTINUOUS
10
0.8015944881889764
20
1.0425295275590551
11
0.8015944881889764
21
1.1936909842519685
0
LINE
8
BLACK
6
CONTINUOUS
10
0.8015944881889764
20
1.1936909842519685
11
0.8015944488188976
21
1.193691062992126
0
LINE
8
BLACK
6
CONTINUOUS
10
0.8015944488188976
20
1.193691062992126
11
0.8011365354330708
21
1.195993188976378
0
LINE
8
BLACK
6
CONTINUOUS
10
0.8011365354330708
20
1.195993188976378
11
0.8011364960629921
21
1.1959932283464567
0
LINE
8
BLACK
6
CONTINUOUS
10
0.8011364960629921
20
1.1959932283464567
11
0.8011364960629921
21
1.195993346456693
0
LINE
8
BLACK
6
CONTINUOUS
10
0.8011364960629921
20
1.195993346456693
11
0.800822716535433
21
1.1964629133858267
0
LINE
8
BLACK
6
CONTINUOUS
10
0.800822716535433
20
1.1964629133858267
11
0.8000007874015748
21
1.1990879921259843
0
LINE
8
BLACK
6
CONTINUOUS
10
0.8000007874015748
20
1.1990879921259843
11
0.7999999999999999
21
1.1991751181102361
0
LINE
8
BLACK
6
CONTINUOUS
10
0.7999999999999999
20
1.1991751181102361
11
0.7999999999999999
21
1.2732658661417322
0
LINE
8
BLACK
6
CONTINUOUS
10
0.7999999999999999
20
1.2732658661417322
11
0.800775
21
1.2759051968503936
0
LINE
8
BLACK
6
CONTINUOUS
10
0.800775
20
1.2759051968503936
11
0.8008218503937008
21
1.2759767322834645
0
LINE
8
BLACK
6
CONTINUOUS
10
0.8008218503937008
20
1.2759767322834645
11
0.8011364960629921
21
1.2764475984251968
0
LINE
8
BLACK
6
CONTINUOUS
10
0.8011364960629921
20
1.2764475984251968
11
0.8011364960629921
21
1.2764476771653543
0
LINE
8
BLACK
6
CONTINUOUS
10
0.8011364960629921
20
1.2764476771653543
11
0.8011365354330708
21
1.2764476771653543
0
LINE
8
BLACK
6
CONTINUOUS
10
0.8011365354330708
20
1.2764476771653543
11
0.8015944488188976
21
1.2787499212598425
0
LINE
8
BLACK
6
CONTINUOUS
10
0.8015944488188976
20
1.2787499212598425
11
0.8015944881889764
21
1.2787500000000001
0
LINE
8
BLACK
6
CONTINUOUS
10
0.8015944881889764
20
1.2787500000000001
11
0.8015944881889764
21
1.4299114566929134
0
LINE
8
BLACK
6
CONTINUOUS
10
0.8015944881889764
20
1.4299114566929134
11
0.8015944488188976
21
1.4299115354330709
0
LINE
8
BLACK
6
CONTINUOUS
10
0.8015944488188976
20
1.4299115354330709
11
0.8011365354330708
21
1.4322136614173229
0
LINE
8
BLACK
6
CONTINUOUS
10
0.8011365354330708
20
1.4322136614173229
11
0.8011364960629921
21
1.4322137007874016
0
LINE
8
BLACK
6
CONTINUOUS
10
0.8011364960629921
20
1.4322137007874016
11
0.8011364960629921
21
1.4322138188976377
0
LINE
8
BLACK
6
CONTINUOUS
10
0.8011364960629921
20
1.4322138188976377
11
0.800822716535433
21
1.4326833858267716
0
LINE
8
BLACK
6
CONTINUOUS
10
0.800822716535433
20
1.4326833858267716
11
0.8000007874015748
21
1.4353084645669292
0
LINE
8
BLACK
6
CONTINUOUS
10
0.8000007874015748
20
1.4353084645669292
11
0.7999999999999999
21
1.435395590551181
0
LINE
8
BLACK
6
CONTINUOUS
10
0.7999999999999999
20
1.435395590551181
11
0.7999999999999999
21
1.4574433858267717
0
LINE
8
BLACK
6
CONTINUOUS
10
0.7999999999999999
20
1.4574433858267717
11
0.7999999999999999
21
1.5094863385826771
0
LINE
8
BLACK
6
CONTINUOUS
10
0.7999999999999999
20
1.5094863385826771
11
0.800775
21
1.5121256692913385
0
LINE
8
BLACK
6
CONTINUOUS
10
0.800775
20
1.5121256692913385
11
0.8008218503937008
21
1.5121972047244094
0
LINE
8
BLACK
6
CONTINUOUS
10
0.8008218503937008
20
1.5121972047244094
11
0.8011364960629921
21
1.5126680708661417
0
LINE
8
BLACK
6
CONTINUOUS
10
0.8011364960629921
20
1.5126680708661417
11
0.8011364960629921
21
1.5126681496062993
0
LINE
8
BLACK
6
CONTINUOUS
10
0.8011364960629921
20
1.5126681496062993
11
0.8011365354330708
21
1.5126681496062993
0
LINE
8
BLACK
6
CONTINUOUS
10
0.8011365354330708
20
1.5126681496062993
11
0.8015944488188976
21
1.5149703937007875
0
LINE
8
BLACK
6
CONTINUOUS
10
0.8015944488188976
20
1.5149703937007875
11
0.8015944881889764
21
1.5149704724409447
0
LINE
8
BLACK
6
CONTINUOUS
10
0.8015944881889764
20
1.5149704724409447
11
0.8015944881889764
21
1.593523622047244
0
LINE
8
BLACK
6
CONTINUOUS
10
0.8015944881889764
20
1.593523622047244
11
0.8023694881889764
21
1.5961629527559056
0
LINE
8
BLACK
6
CONTINUOUS
10
0.8023694881889764
20
1.5961629527559056
11
0.8044483858267716
21
1.5979643307086613
0
LINE
8
BLACK
6
CONTINUOUS
10
0.8044483858267716
20
1.5979643307086613
11
0.8064763779527558
21
1.5984055118110236
0
LINE
8
BLACK
6
CONTINUOUS
10
0.8064763779527558
20
1.5984055118110236
11
0.8850295275590551
21
1.5984055118110236
0
LINE
8
BLACK
6
CONTINUOUS
10
0.8850295275590551
20
1.5984055118110236
11
0.8850295669291338
21
1.5984055511811024
0
LINE
8
BLACK
6
CONTINUOUS
10
0.8850295669291338
20
1.5984055511811024
11
0.8873319291338583
21
1.5988635039370078
0
LINE
8
BLACK
6
CONTINUOUS
10
0.8873319291338583
20
1.5988635039370078
11
0.8878014566929133
21
1.599177283464567
0
LINE
8
BLACK
6
CONTINUOUS
10
0.8878014566929133
20
1.599177283464567
11
0.8904265748031496
21
1.5999992125984253
0
LINE
8
BLACK
6
CONTINUOUS
10
0.8904265748031496
20
1.5999992125984253
11
0.8905137007874016
21
1.5999999999999999
0
LINE
8
BLACK
6
CONTINUOUS
10
0.8905137007874016
20
1.5999999999999999
11
0.9646044094488189
21
1.5999999999999999
0
LINE
8
BLACK
6
CONTINUOUS
10
0.9646044094488189
20
1.5999999999999999
11
0.9672437401574803
21
1.5992249999999999
0
LINE
8
BLACK
6
CONTINUOUS
10
0.9672437401574803
20
1.5992249999999999
11
0.9673161417322834
21
1.5991775984251968
0
LINE
8
BLACK
6
CONTINUOUS
10
0.9673161417322834
20
1.5991775984251968
11
0.9677861811023621
21
1.5988635039370078
0
LINE
8
BLACK
6
CONTINUOUS
10
0.9677861811023621
20
1.5988635039370078
11
0.9677862992125984
21
1.5988635039370078
0
LINE
8
BLACK
6
CONTINUOUS
10
0.9677862992125984
20
1.5988635039370078
11
0.9677863385826772
21
1.5988634645669291
0
LINE
8
BLACK
6
CONTINUOUS
10
0.9677863385826772
20
1.5988634645669291
11
0.9700884645669291
21
1.5984055511811024
0
LINE
8
BLACK
6
CONTINUOUS
10
0.9700884645669291
20
1.5984055511811024
11
0.9700885826771654
21
1.5984055118110236
0
LINE
8
BLACK
6
CONTINUOUS
10
0.9700885826771654
20
1.5984055118110236
11
0.9700886614173229
21
1.5984055118110236
0
LINE
8
BLACK
6
CONTINUOUS
10
0.9700886614173229
20
1.5984055118110236
11
1.1212500000000001
21
1.5984055118110236
0
LINE
8
BLACK
6
CONTINUOUS
10
1.1212500000000001
20
1.5984055118110236
11
1.1212500393700786
21
1.5984055511811024
0
LINE
8
BLACK
6
CONTINUOUS
10
1.1212500393700786
20
1.5984055511811024
11
1.1235524015748031
21
1.5988635039370078
0
LINE
8
BLACK
6
CONTINUOUS
10
1.1235524015748031
20
1.5988635039370078
11
1.1240219291338582
21
1.599177283464567
0
LINE
8
BLACK
6
CONTINUOUS
10
1.1240219291338582
20
1.599177283464567
11
1.1266470472440944
21
1.5999992125984253
0
LINE
8
BLACK
6
CONTINUOUS
10
1.1266470472440944
20
1.5999992125984253
11
1.1267341732283465
21
1.5999999999999999
0
LINE
8
BLACK
6
CONTINUOUS
10
1.1267341732283465
20
1.5999999999999999
11
1.2008248818897638
21
1.5999999999999999
0
LINE
8
BLACK
6
CONTINUOUS
10
1.2008248818897638
20
1.5999999999999999
11
1.2034642125984252
21
1.5992249999999999
0
LINE
8
BLACK
6
CONTINUOUS
10
1.2034642125984252
20
1.5992249999999999
11
1.2035366141732282
21
1.5991775984251968
0
LINE
8
BLACK
6
CONTINUOUS
10
1.2035366141732282
20
1.5991775984251968
11
1.2040066535433072
21
1.5988635039370078
0
LINE
8
BLACK
6
CONTINUOUS
10
1.2040066535433072
20
1.5988635039370078
11
1.2040067716535432
21
1.5988635039370078
0
LINE
8
BLACK
6
CONTINUOUS
10
1.2040067716535432
20
1.5988635039370078
11
1.2040068110236219
21
1.5988634645669291
0
LINE
8
BLACK
6
CONTINUOUS
10
1.2040068110236219
20
1.5988634645669291
11
1.2063089370078739
21
1.5984055511811024
0
LINE
8
BLACK
6
CONTINUOUS
10
1.2063089370078739
20
1.5984055511811024
11
1.2063090551181102
21
1.5984055118110236
0
LINE
8
BLACK
6
CONTINUOUS
10
1.2063090551181102
20
1.5984055118110236
11
1.2063091338582677
21
1.5984055118110236
0
LINE
8
BLACK
6
CONTINUOUS
10
1.2063091338582677
20
1.5984055118110236
11
1.3574704724409448
21
1.5984055118110236
0
LINE
8
BLACK
6
CONTINUOUS
10
1.3574704724409448
20
1.5984055118110236
11
1.3574705118110235
21
1.5984055511811024
0
LINE
8
BLACK
6
CONTINUOUS
10
1.3574705118110235
20
1.5984055511811024
11
1.359772874015748
21
1.5988635039370078
0
LINE
8
BLACK
6
CONTINUOUS
10
1.359772874015748
20
1.5988635039370078
11
1.3602424015748031
21
1.599177283464567
0
LINE
8
BLACK
6
CONTINUOUS
10
1.3602424015748031
20
1.599177283464567
11
1.3628675196850393
21
1.5999992125984253
0
LINE
8
BLACK
6
CONTINUOUS
10
1.3628675196850393
20
1.5999992125984253
11
1.3629546456692914
21
1.5999999999999999
0
LINE
8
BLACK
6
CONTINUOUS
10
1.3629546456692914
20
1.5999999999999999
11
1.4370453543307087
21
1.5999999999999999
0
LINE
8
BLACK
6
CONTINUOUS
10
1.4370453543307087
20
1.5999999999999999
11
1.4396846850393701
21
1.5992249999999999
0
LINE
8
BLACK
6
CONTINUOUS
10
1.4396846850393701
20
1.5992249999999999
11
1.4397570866141731
21
1.5991775984251968
0
LINE
8
BLACK
6
CONTINUOUS
10
1.4397570866141731
20
1.5991775984251968
11
1.4402271259842518
21
1.5988635039370078
0
LINE
8
BLACK
6
CONTINUOUS
10
1.4402271259842518
20
1.5988635039370078
11
1.4402272440944881
21
1.5988635039370078
0
LINE
8
BLACK
6
CONTINUOUS
10
1.4402272440944881
20
1.5988635039370078
11
1.4402272834645669
21
1.5988634645669291
0
LINE
8
BLACK
6
CONTINUOUS
10
1.4402272834645669
20
1.5988634645669291
11
1.4425294094488188
21
1.5984055511811024
0
LINE
8
BLACK
6
CONTINUOUS
10
1.4425294094488188
20
1.5984055511811024
11
1.4425295275590551
21
1.5984055118110236
0
LINE
8
BLACK
6
CONTINUOUS
10
1.4425295275590551
20
1.5984055118110236
11
1.4425296062992126
21
1.5984055118110236
0
LINE
8
BLACK
6
CONTINUOUS
10
1.4425296062992126
20
1.5984055118110236
11
1.5936909448818897
21
1.5984055118110236
0
LINE
8
BLACK
6
CONTINUOUS
10
1.5936909448818897
20
1.5984055118110236
11
1.5936909842519684
21
1.5984055511811024
0
LINE
8
BLACK
6
CONTINUOUS
10
1.5936909842519684
20
1.5984055511811024
11
1.5959933464566929
21
1.5988635039370078
0
LINE
8
BLACK
6
CONTINUOUS
10
1.5959933464566929
20
1.5988635039370078
11
1.596462874015748
21
1.599177283464567
0
LINE
8
BLACK
6
CONTINUOUS
10
1.596462874015748
20
1.599177283464567
11
1.5990879921259842
21
1.5999992125984253
0
LINE
8
BLACK
6
CONTINUOUS
10
1.5990879921259842
20
1.5999992125984253
11
1.5991751181102363
21
1.5999999999999999
0
LINE
8
BLACK
6
CONTINUOUS
10
1.5991751181102363
20
1.5999999999999999
11
1.6732658267716536
21
1.5999999999999999
0
LINE
8
BLACK
6
CONTINUOUS
10
1.6732658267716536
20
1.5999999999999999
11
1.675905157480315
21
1.5992249999999999
0
LINE
8
BLACK
6
CONTINUOUS
10
1.675905157480315
20
1.5992249999999999
11
1.675977559055118
21
1.5991775984251968
0
LINE
8
BLACK
6
CONTINUOUS
10
1.675977559055118
20
1.5991775984251968
11
1.6764475984251967
21
1.5988635039370078
0
LINE
8
BLACK
6
CONTINUOUS
10
1.6764475984251967
20
1.5988635039370078
11
1.676447716535433
21
1.5988635039370078
0
LINE
8
BLACK
6
CONTINUOUS
10
1.676447716535433
20
1.5988635039370078
11
1.6764477559055118
21
1.5988634645669291
0
LINE
8
BLACK
6
CONTINUOUS
10
1.6764477559055118
20
1.5988634645669291
11
1.6787498818897637
21
1.5984055511811024
0
LINE
8
BLACK
6
CONTINUOUS
10
1.6787498818897637
20
1.5984055511811024
11
1.67875
21
1.5984055118110236
0
LINE
8
BLACK
6
CONTINUOUS
10
1.67875
20
1.5984055118110236
11
1.6787500787401575
21
1.5984055118110236
0
LINE
8
BLACK
6
CONTINUOUS
10
1.6787500787401575
20
1.5984055118110236
11
1.8299114173228346
21
1.5984055118110236
0
LINE
8
BLACK
6
CONTINUOUS
10
1.8299114173228346
20
1.5984055118110236
11
1.8299114566929133
21
1.5984055511811024
0
LINE
8
BLACK
6
CONTINUOUS
10
1.8299114566929133
20
1.5984055511811024
11
1.8322138188976378
21
1.5988635039370078
0
LINE
8
BLACK
6
CONTINUOUS
10
1.8322138188976378
20
1.5988635039370078
11
1.832683346456693
21
1.599177283464567
0
LINE
8
BLACK
6
CONTINUOUS
10
1.832683346456693
20
1.599177283464567
11
1.8353084645669291
21
1.5999992125984253
0
LINE
8
BLACK
6
CONTINUOUS
10
1.8353084645669291
20
1.5999992125984253
11
1.835395590551181
21
1.5999999999999999
0
LINE
8
BLACK
6
CONTINUOUS
10
1.835395590551181
20
1.5999999999999999
11
1.9094862992125985
21
1.5999999999999999
0
LINE
8
BLACK
6
CONTINUOUS
10
1.9094862992125985
20
1.5999999999999999
11
1.9121256299212599
21
1.5992249999999999
0
LINE
8
BLACK
6
CONTINUOUS
10
1.9121256299212599
20
1.5992249999999999
11
1.9121980314960629
21
1.5991775984251968
0
LINE
8
BLACK
6
CONTINUOUS
10
1.9121980314960629
20
1.5991775984251968
11
1.9126680708661417
21
1.5988635039370078
0
LINE
8
BLACK
6
CONTINUOUS
10
1.9126680708661417
20
1.5988635039370078
11
1.9126681889763779
21
1.5988635039370078
0
LINE
8
BLACK
6
CONTINUOUS
10
1.9126681889763779
20
1.5988635039370078
11
1.9126682283464567
21
1.5988634645669291
0
LINE
8
BLACK
6
CONTINUOUS
10
1.9126682283464567
20
1.5988634645669291
11
1.9149703543307086
21
1.5984055511811024
0
LINE
8
BLACK
6
CONTINUOUS
10
1.9149703543307086
20
1.5984055511811024
11
1.9149704724409449
21
1.5984055118110236
0
LINE
8
BLACK
6
CONTINUOUS
10
1.9149704724409449
20
1.5984055118110236
11
1.9149705511811024
21
1.5984055118110236
0
LINE
8
BLACK
6
CONTINUOUS
10
1.9149705511811024
20
1.5984055118110236
11
1.9935236220472441
21
1.5984055118110236
0
LINE
8
BLACK
6
CONTINUOUS
10
1.9935236220472441
20
1.5984055118110236
11
1.9961629527559055
21
1.5976305118110237
0
LINE
8
BLACK
6
CONTINUOUS
10
1.9961629527559055
20
1.5976305118110237
11
1.9979643307086614
21
1.5955516141732282
0
LINE
8
BLACK
6
CONTINUOUS
10
1.9979643307086614
20
1.5955516141732282
11
1.9984055118110235
21
1.593523622047244
0
LINE
8
BLACK
6
CONTINUOUS
10
1.9984055118110235
20
1.593523622047244
11
1.9984055118110235
21
1.5149703937007875
0
LINE
8
BLACK
6
CONTINUOUS
10
1.9984055118110235
20
1.5149703937007875
11
1.9988634251968505
21
1.5126681496062993
0
LINE
8
BLACK
6
CONTINUOUS
10
1.9988634251968505
20
1.5126681496062993
11
1.999040433070866
21
1.5124032283464566
0
LINE
8
BLACK
6
CONTINUOUS
10
1.999040433070866
20
1.5124032283464566
11
1.9991771259842519
21
1.5121987007874016
0
LINE
8
BLACK
6
CONTINUOUS
10
1.9991771259842519
20
1.5121987007874016
11
1.9999992125984252
21
1.5095736614173227
0
LINE
8
BLACK
6
CONTINUOUS
10
1.9999992125984252
20
1.5095736614173227
11
2.
21
1.5094863385826771
0
LINE
8
BLACK
6
CONTINUOUS
10
2.
20
1.5094863385826771
11
2.
21
1.4888425196850394
0
LINE
8
BLACK
6
CONTINUOUS
10
2.
20
1.4888425196850394
11
2.0080905511811022
21
1.4888425196850394
0
LINE
8
BLACK
6
CONTINUOUS
10
2.0080905511811022
20
1.4888425196850394
11
2.0080905511811022
21
1.4911811023622046
0
LINE
8
BLACK
6
CONTINUOUS
10
2.0080905511811022
20
1.4911811023622046
11
2.0088655511811022
21
1.4938204330708662
0
LINE
8
BLACK
6
CONTINUOUS
10
2.0088655511811022
20
1.4938204330708662
11
2.0109444488188974
21
1.4956218110236219
0
LINE
8
BLACK
6
CONTINUOUS
10
2.0109444488188974
20
1.4956218110236219
11
2.0129724409448819
21
1.4960629921259843
0
LINE
8
BLACK
6
CONTINUOUS
10
2.0129724409448819
20
1.4960629921259843
11
2.0161417322834647
21
1.4960629921259843
0
LINE
8
BLACK
6
CONTINUOUS
10
2.0161417322834647
20
1.4960629921259843
11
2.0161417322834647
21
1.515748031496063
0
LINE
8
BLACK
6
CONTINUOUS
10
2.0161417322834647
20
1.515748031496063
11
2.0062992125984254
21
1.515748031496063
0
LINE
8
BLACK
6
CONTINUOUS
10
2.0062992125984254
20
1.515748031496063
11
2.0062992125984254
21
1.6062992125984252
0
LINE
8
BLACK
6
CONTINUOUS
10
2.0062992125984254
20
1.6062992125984252
11
1.9157480314960629
21
1.6062992125984252
0
LINE
8
BLACK
6
CONTINUOUS
10
1.9157480314960629
20
1.6062992125984252
11
1.9157480314960629
21
1.6161417322834646
0
LINE
8
BLACK
6
CONTINUOUS
10
1.9157480314960629
20
1.6161417322834646
11
1.8960629921259842
21
1.6161417322834646
0
LINE
8
BLACK
6
CONTINUOUS
10
1.8960629921259842
20
1.6161417322834646
11
1.8960629921259842
21
1.6129724409448818
0
LINE
8
BLACK
6
CONTINUOUS
10
1.8960629921259842
20
1.6129724409448818
11
1.8952879921259842
21
1.6103331102362204
0
LINE
8
BLACK
6
CONTINUOUS
10
1.8952879921259842
20
1.6103331102362204
11
1.893209094488189
21
1.6085317322834645
0
LINE
8
BLACK
6
CONTINUOUS
10
1.893209094488189
20
1.6085317322834645
11
1.8911811023622047
21
1.6080905511811023
0
LINE
8
BLACK
6
CONTINUOUS
10
1.8911811023622047
20
1.6080905511811023
11
1.8537007874015747
21
1.6080905511811023
0
LINE
8
BLACK
6
CONTINUOUS
10
1.8537007874015747
20
1.6080905511811023
11
1.8510614566929133
21
1.6088655511811023
0
LINE
8
BLACK
6
CONTINUOUS
10
1.8510614566929133
20
1.6088655511811023
11
1.8492600787401574
21
1.6109444488188975
0
LINE
8
BLACK
6
CONTINUOUS
10
1.8492600787401574
20
1.6109444488188975
11
1.8488188976377953
21
1.6129724409448818
0
LINE
8
BLACK
6
CONTINUOUS
10
1.8488188976377953
20
1.6129724409448818
11
1.8488188976377953
21
1.6161417322834646
0
LINE
8
BLACK
6
CONTINUOUS
10
1.8488188976377953
20
1.6161417322834646
11
1.8291338582677166
21
1.6161417322834646
0
LINE
8
BLACK
6
CONTINUOUS
10
1.8291338582677166
20
1.6161417322834646
11
1.8291338582677166
21
1.6062992125984252
0
LINE
8
BLACK
6
CONTINUOUS
10
1.8291338582677166
20
1.6062992125984252
11
1.679527559055118
21
1.6062992125984252
0
LINE
8
BLACK
6
CONTINUOUS
10
1.679527559055118
20
1.6062992125984252
11
1.679527559055118
21
1.6161417322834646
0
LINE
8
BLACK
6
CONTINUOUS
10
1.679527559055118
20
1.6161417322834646
11
1.6598425196850393
21
1.6161417322834646
0
LINE
8
BLACK
6
CONTINUOUS
10
1.6598425196850393
20
1.6161417322834646
11
1.6598425196850393
21
1.6129724409448818
0
LINE
8
BLACK
6
CONTINUOUS
10
1.6598425196850393
20
1.6129724409448818
11
1.6590675196850393
21
1.6103331102362204
0
LINE
8
BLACK
6
CONTINUOUS
10
1.6590675196850393
20
1.6103331102362204
11
1.6569886220472441
21
1.6085317322834645
0
LINE
8
BLACK
6
CONTINUOUS
10
1.6569886220472441
20
1.6085317322834645
11
1.6549606299212598
21
1.6080905511811023
0
LINE
8
BLACK
6
CONTINUOUS
10
1.6549606299212598
20
1.6080905511811023
11
1.6174803149606298
21
1.6080905511811023
0
LINE
8
BLACK
6
CONTINUOUS
10
1.6174803149606298
20
1.6080905511811023
11
1.6148409842519684
21
1.6088655511811023
0
LINE
8
BLACK
6
CONTINUOUS
10
1.6148409842519684
20
1.6088655511811023
11
1.6130396062992125
21
1.6109444488188975
0
LINE
8
BLACK
6
CONTINUOUS
10
1.6130396062992125
20
1.6109444488188975
11
1.6125984251968504
21
1.6129724409448818
0
LINE
8
BLACK
6
CONTINUOUS
10
1.6125984251968504
20
1.6129724409448818
11
1.6125984251968504
21
1.6161417322834646
0
LINE
8
BLACK
6
CONTINUOUS
10
1.6125984251968504
20
1.6161417322834646
11
1.5929133858267717
21
1.6161417322834646
0
LINE
8
BLACK
6
CONTINUOUS
10
1.5929133858267717
20
1.6161417322834646
11
1.5929133858267717
21
1.6062992125984252
0
LINE
8
BLACK
6
CONTINUOUS
10
1.5929133858267717
20
1.6062992125984252
11
1.4433070866141733
21
1.6062992125984252
0
LINE
8
BLACK
6
CONTINUOUS
10
1.4433070866141733
20
1.6062992125984252
11
1.4433070866141733
21
1.6161417322834646
0
LINE
8
BLACK
6
CONTINUOUS
10
1.4433070866141733
20
1.6161417322834646
11
1.4236220472440944
21
1.6161417322834646
0
LINE
8
BLACK
6
CONTINUOUS
10
1.4236220472440944
20
1.6161417322834646
11
1.4236220472440944
21
1.6129724409448818
0
LINE
8
BLACK
6
CONTINUOUS
10
1.4236220472440944
20
1.6129724409448818
11
1.4228470472440944
21
1.6103331102362204
0
LINE
8
BLACK
6
CONTINUOUS
10
1.4228470472440944
20
1.6103331102362204
11
1.4207681496062992
21
1.6085317322834645
0
LINE
8
BLACK
6
CONTINUOUS
10
1.4207681496062992
20
1.6085317322834645
11
1.4187401574803149
21
1.6080905511811023
0
LINE
8
BLACK
6
CONTINUOUS
10
1.4187401574803149
20
1.6080905511811023
11
1.3812598425196849
21
1.6080905511811023
0
LINE
8
BLACK
6
CONTINUOUS
10
1.3812598425196849
20
1.6080905511811023
11
1.3786205118110235
21
1.6088655511811023
0
LINE
8
BLACK
6
CONTINUOUS
10
1.3786205118110235
20
1.6088655511811023
11
1.3768191338582676
21
1.6109444488188975
0
LINE
8
BLACK
6
CONTINUOUS
10
1.3768191338582676
20
1.6109444488188975
11
1.3763779527559055
21
1.6129724409448818
0
LINE
8
BLACK
6
CONTINUOUS
10
1.3763779527559055
20
1.6129724409448818
11
1.3763779527559055
21
1.6161417322834646
0
LINE
8
BLACK
6
CONTINUOUS
10
1.3763779527559055
20
1.6161417322834646
11
1.3566929133858268
21
1.6161417322834646
0
LINE
8
BLACK
6
CONTINUOUS
10
1.3566929133858268
20
1.6161417322834646
11
1.3566929133858268
21
1.6062992125984252
0
LINE
8
BLACK
6
CONTINUOUS
10
1.3566929133858268
20
1.6062992125984252
11
1.2070866141732284
21
1.6062992125984252
0
LINE
8
BLACK
6
CONTINUOUS
10
1.2070866141732284
20
1.6062992125984252
11
1.2070866141732284
21
1.6161417322834646
0
LINE
8
BLACK
6
CONTINUOUS
10
1.2070866141732284
20
1.6161417322834646
11
1.1874015748031497
21
1.6161417322834646
0
LINE
8
BLACK
6
CONTINUOUS
10
1.1874015748031497
20
1.6161417322834646
11
1.1874015748031497
21
1.6129724409448818
0
LINE
8
BLACK
6
CONTINUOUS
10
1.1874015748031497
20
1.6129724409448818
11
1.1866265748031495
21
1.6103331102362204
0
LINE
8
BLACK
6
CONTINUOUS
10
1.1866265748031495
20
1.6103331102362204
11
1.1845476771653543
21
1.6085317322834645
0
LINE
8
BLACK
6
CONTINUOUS
10
1.1845476771653543
20
1.6085317322834645
11
1.18251968503937
21
1.6080905511811023
0
LINE
8
BLACK
6
CONTINUOUS
10
1.18251968503937
20
1.6080905511811023
11
1.1450393700787402
21
1.6080905511811023
0
LINE
8
BLACK
6
CONTINUOUS
10
1.1450393700787402
20
1.6080905511811023
11
1.1424000393700786
21
1.6088655511811023
0
LINE
8
BLACK
6
CONTINUOUS
10
1.1424000393700786
20
1.6088655511811023
11
1.1405986614173229
21
1.6109444488188975
0
LINE
8
BLACK
6
CONTINUOUS
10
1.1405986614173229
20
1.6109444488188975
11
1.1401574803149606
21
1.6129724409448818
0
LINE
8
BLACK
6
CONTINUOUS
10
1.1401574803149606
20
1.6129724409448818
11
1.1401574803149606
21
1.6161417322834646
0
LINE
8
BLACK
6
CONTINUOUS
10
1.1401574803149606
20
1.6161417322834646
11
1.1204724409448819
21
1.6161417322834646
0
LINE
8
BLACK
6
CONTINUOUS
10
1.1204724409448819
20
1.6161417322834646
11
1.1204724409448819
21
1.6062992125984252
0
LINE
8
BLACK
6
CONTINUOUS
10
1.1204724409448819
20
1.6062992125984252
11
0.9708661417322835
21
1.6062992125984252
0
LINE
8
BLACK
6
CONTINUOUS
10
0.9708661417322835
20
1.6062992125984252
11
0.9708661417322835
21
1.6161417322834646
0
LINE
8
BLACK
6
CONTINUOUS
10
0.9708661417322835
20
1.6161417322834646
11
0.9511811023622047
21
1.6161417322834646
0
LINE
8
BLACK
6
CONTINUOUS
10
0.9511811023622047
20
1.6161417322834646
11
0.9511811023622047
21
1.6129724409448818
0
LINE
8
BLACK
6
CONTINUOUS
10
0.9511811023622047
20
1.6129724409448818
11
0.9504061023622047
21
1.6103331102362204
0
LINE
8
BLACK
6
CONTINUOUS
10
0.9504061023622047
20
1.6103331102362204
11
0.9483272047244095
21
1.6085317322834645
0
LINE
8
BLACK
6
CONTINUOUS
10
0.9483272047244095
20
1.6085317322834645
11
0.9462992125984252
21
1.6080905511811023
0
LINE
8
BLACK
6
CONTINUOUS
10
0.9462992125984252
20
1.6080905511811023
11
0.9088188976377952
21
1.6080905511811023
0
LINE
8
BLACK
6
CONTINUOUS
10
0.9088188976377952
20
1.6080905511811023
11
0.9061795669291338
21
1.6088655511811023
0
LINE
8
BLACK
6
CONTINUOUS
10
0.9061795669291338
20
1.6088655511811023
11
0.9043781889763779
21
1.6109444488188975
0
LINE
8
BLACK
6
CONTINUOUS
10
0.9043781889763779
20
1.6109444488188975
11
0.9039370078740158
21
1.6129724409448818
0
LINE
8
BLACK
6
CONTINUOUS
10
0.9039370078740158
20
1.6129724409448818
11
0.9039370078740158
21
1.6161417322834646
0
LINE
8
BLACK
6
CONTINUOUS
10
0.9039370078740158
20
1.6161417322834646
11
0.8842519685039369
21
1.6161417322834646
0
LINE
8
BLACK
6
CONTINUOUS
10
0.8842519685039369
20
1.6161417322834646
11
0.8842519685039369
21
1.6062992125984252
0
LINE
8
BLACK
6
CONTINUOUS
10
0.8842519685039369
20
1.6062992125984252
11
0.7937007874015748
21
1.6062992125984252
0
LINE
8
BLACK
6
CONTINUOUS
10
0.7937007874015748
20
1.6062992125984252
11
0.7937007874015748
21
1.515748031496063
0
LINE
8
BLACK
6
CONTINUOUS
10
0.7937007874015748
20
1.515748031496063
11
0.7838582677165354
21
1.515748031496063
0
LINE
8
BLACK
6
CONTINUOUS
10
0.7838582677165354
20
1.515748031496063
11
0.7838582677165354
21
1.4960629921259843
0
LINE
8
BLACK
6
CONTINUOUS
10
0.7838582677165354
20
1.4960629921259843
11
0.7870275590551181
21
1.4960629921259843
0
LINE
8
BLACK
6
CONTINUOUS
10
0.7870275590551181
20
1.4960629921259843
11
0.7896668897637795
21
1.4952879921259843
0
LINE
8
BLACK
6
CONTINUOUS
10
0.7896668897637795
20
1.4952879921259843
11
0.7914682677165354
21
1.4932090944881888
0
LINE
8
BLACK
6
CONTINUOUS
10
0.7914682677165354
20
1.4932090944881888
11
0.7919094488188976
21
1.4911811023622046
0
LINE
8
BLACK
6
CONTINUOUS
10
0.7919094488188976
20
1.4911811023622046
11
0.7919094488188976
21
1.4537007874015748
0
LINE
8
BLACK
6
CONTINUOUS
10
0.7919094488188976
20
1.4537007874015748
11
0.7911344488188976
21
1.4510614566929134
0
LINE
8
BLACK
6
CONTINUOUS
10
0.7911344488188976
20
1.4510614566929134
11
0.7890555511811024
21
1.4492600787401575
0
LINE
8
BLACK
6
CONTINUOUS
10
0.7890555511811024
20
1.4492600787401575
11
0.7870275590551181
21
1.4488188976377951
0
LINE
8
BLACK
6
CONTINUOUS
10
0.7870275590551181
20
1.4488188976377951
11
0.7838582677165354
21
1.4488188976377951
0
LINE
8
BLACK
6
CONTINUOUS
10
0.7838582677165354
20
1.4488188976377951
11
0.7838582677165354
21
1.4291338582677164
0
LINE
8
BLACK
6
CONTINUOUS
10
0.7838582677165354
20
1.4291338582677164
11
0.7937007874015748
21
1.4291338582677164
0
LINE
8
BLACK
6
CONTINUOUS
10
0.7937007874015748
20
1.4291338582677164
11
0.7937007874015748
21
1.2795275590551181
0
LINE
8
BLACK
6
CONTINUOUS
10
0.7937007874015748
20
1.2795275590551181
11
0.7838582677165354
21
1.2795275590551181
0
LINE
8
BLACK
6
CONTINUOUS
10
0.7838582677165354
20
1.2795275590551181
11
0.7838582677165354
21
1.2598425196850394
0
LINE
8
BLACK
6
CONTINUOUS
10
0.7838582677165354
20
1.2598425196850394
11
0.7870275590551181
21
1.2598425196850394
0
LINE
8
BLACK
6
CONTINUOUS
10
0.7870275590551181
20
1.2598425196850394
11
0.7896668897637795
21
1.2590675196850394
0
LINE
8
BLACK
6
CONTINUOUS
10
0.7896668897637795
20
1.2590675196850394
11
0.7914682677165354
21
1.2569886220472442
0
LINE
8
BLACK
6
CONTINUOUS
10
0.7914682677165354
20
1.2569886220472442
11
0.7919094488188976
21
1.2549606299212599
0
LINE
8
BLACK
6
CONTINUOUS
10
0.7919094488188976
20
1.2549606299212599
11
0.7919094488188976
21
1.2174803149606299
0
LINE
8
BLACK
6
CONTINUOUS
10
0.7919094488188976
20
1.2174803149606299
11
0.7911344488188976
21
1.2148409842519685
0
LINE
8
BLACK
6
CONTINUOUS
10
0.7911344488188976
20
1.2148409842519685
11
0.7890555511811024
21
1.2130396062992126
0
LINE
8
BLACK
6
CONTINUOUS
10
0.7890555511811024
20
1.2130396062992126
11
0.7870275590551181
21
1.2125984251968505
0
LINE
8
BLACK
6
CONTINUOUS
10
0.7870275590551181
20
1.2125984251968505
11
0.7838582677165354
21
1.2125984251968505
0
LINE
8
BLACK
6
CONTINUOUS
10
0.7838582677165354
20
1.2125984251968505
11
0.7838582677165354
21
1.1929133858267715
0
LINE
8
BLACK
6
CONTINUOUS
10
0.7838582677165354
20
1.1929133858267715
11
0.7937007874015748
21
1.1929133858267715
0
LINE
8
BLACK
6
CONTINUOUS
10
0.7937007874015748
20
1.1929133858267715
11
0.7937007874015748
21
1.0433070866141732
0
LINE
8
BLACK
6
CONTINUOUS
10
0.7937007874015748
20
1.0433070866141732
11
0.7543307086614173
21
1.0433070866141732
0
LINE
8
BLACK
6
CONTINUOUS
10
0.7543307086614173
20
1.0433070866141732
11
0.7543307086614173
21
1.1082677165354331
0
LINE
8
BLACK
6
CONTINUOUS
10
0.7543307086614173
20
1.1082677165354331
11
0.7346456692913386
21
1.1082677165354331
0
LINE
8
BLACK
6
CONTINUOUS
10
0.7346456692913386
20
1.1082677165354331
11
0.7346456692913386
21
1.0414234645669291
0
LINE
8
BLACK
6
CONTINUOUS
10
0.7346456692913386
20
1.0414234645669291
11
0.7348976771653544
21
1.039079842519685
0
LINE
8
BLACK
6
CONTINUOUS
10
0.7348976771653544
20
1.039079842519685
11
0.7348977559055118
21
1.0390795669291337
0
LINE
8
BLACK
6
CONTINUOUS
10
0.7348977559055118
20
1.0390795669291337
11
0.7368757874015748
21
1.0337761417322835
0
LINE
8
BLACK
6
CONTINUOUS
10
0.7368757874015748
20
1.0337761417322835
11
0.7368759448818898
21
1.0337758661417322
0
LINE
8
BLACK
6
CONTINUOUS
10
0.7368759448818898
20
1.0337758661417322
11
0.7402680708661418
21
1.0292446062992127
0
LINE
8
BLACK
6
CONTINUOUS
10
0.7402680708661418
20
1.0292446062992127
11
0.7402681889763779
21
1.0292444881889764
0
LINE
8
BLACK
6
CONTINUOUS
10
0.7402681889763779
20
1.0292444881889764
11
0.7450791732283465
21
1.0256429527559054
0
LINE
8
BLACK
6
CONTINUOUS
10
0.7450791732283465
20
1.0256429527559054
11
0.7450254724409449
21
1.0255712598425197
0
LINE
8
BLACK
6
CONTINUOUS
10
0.7450254724409449
20
1.0255712598425197
11
0.7466233070866142
21
1.0239733464566929
0
LINE
8
BLACK
6
CONTINUOUS
10
0.7466233070866142
20
1.0239733464566929
11
0.7472079133858267
21
1.0212853937007873
0
LINE
8
BLACK
6
CONTINUOUS
10
0.7472079133858267
20
1.0212853937007873
11
0.7462464960629921
21
1.0187081102362205
0
LINE
8
BLACK
6
CONTINUOUS
10
0.7462464960629921
20
1.0187081102362205
11
0.7440443307086614
21
1.0170597244094488
0
LINE
8
BLACK
6
CONTINUOUS
10
0.7440443307086614
20
1.0170597244094488
11
0.7423384645669291
21
1.016751968503937
0
LINE
8
BLACK
6
CONTINUOUS
10
0.7423384645669291
20
1.016751968503937
11
0.649808937007874
21
1.016751968503937
0
LINE
8
BLACK
6
CONTINUOUS
10
0.649808937007874
20
1.016751968503937
11
0.6471696062992126
21
1.017526968503937
0
LINE
8
BLACK
6
CONTINUOUS
10
0.6471696062992126
20
1.017526968503937
11
0.6453682283464567
21
1.0196058661417322
0
LINE
8
BLACK
6
CONTINUOUS
10
0.6453682283464567
20
1.0196058661417322
11
0.6449483858267716
21
1.0211779921259843
0
LINE
8
BLACK
6
CONTINUOUS
10
0.6449483858267716
20
1.0211779921259843
11
0.6448679527559055
21
1.0220354330708661
0
LINE
8
BLACK
6
CONTINUOUS
10
0.6448679527559055
20
1.0220354330708661
11
0.6448679527559055
21
1.0220355118110236
0
LINE
8
BLACK
6
CONTINUOUS
10
0.6448679527559055
20
1.0220355118110236
11
0.6433092125984252
21
1.0264900393700787
0
LINE
8
BLACK
6
CONTINUOUS
10
0.6433092125984252
20
1.0264900393700787
11
0.6431020866141732
21
1.027081968503937
0
LINE
8
BLACK
6
CONTINUOUS
10
0.6431020866141732
20
1.027081968503937
11
0.6399271653543307
21
1.0313838582677166
0
LINE
8
BLACK
6
CONTINUOUS
10
0.6399271653543307
20
1.0313838582677166
11
0.6356252755905512
21
1.034558779527559
0
LINE
8
BLACK
6
CONTINUOUS
10
0.6356252755905512
20
1.034558779527559
11
0.6356251968503936
21
1.0345588188976378
0
LINE
8
BLACK
6
CONTINUOUS
10
0.6356251968503936
20
1.0345588188976378
11
0.6305787401574803
21
1.0363246850393701
0
LINE
8
BLACK
6
CONTINUOUS
10
0.6305787401574803
20
1.0363246850393701
11
0.6293807086614173
21
1.0364370078740157
0
LINE
8
BLACK
6
CONTINUOUS
10
0.6293807086614173
20
1.0364370078740157
11
0.6293805511811024
21
1.0364370078740157
0
LINE
8
BLACK
6
CONTINUOUS
10
0.6293805511811024
20
1.0364370078740157
11
0.6054225984251969
21
1.0364370078740157
0
LINE
8
BLACK
6
CONTINUOUS
10
0.6054225984251969
20
1.0364370078740157
11
0.6054224409448818
21
1.0364370078740157
0
LINE
8
BLACK
6
CONTINUOUS
10
0.6054224409448818
20
1.0364370078740157
11
0.6042244094488188
21
1.0363246850393701
0
LINE
8
BLACK
6
CONTINUOUS
10
0.6042244094488188
20
1.0363246850393701
11
0.6042243307086614
21
1.0363246850393701
0
LINE
8
BLACK
6
CONTINUOUS
10
0.6042243307086614
20
1.0363246850393701
11
0.5991779133858267
21
1.0345588188976378
0
LINE
8
BLACK
6
CONTINUOUS
10
0.5991779133858267
20
1.0345588188976378
11
0.5991778346456693
21
1.034558779527559
0
LINE
8
BLACK
6
CONTINUOUS
10
0.5991778346456693
20
1.034558779527559
11
0.5948759842519685
21
1.0313838582677166
0
LINE
8
BLACK
6
CONTINUOUS
10
0.5948759842519685
20
1.0313838582677166
11
0.591701062992126
21
1.0270820078740157
0
LINE
8
BLACK
6
CONTINUOUS
10
0.591701062992126
20
1.0270820078740157
11
0.5917010236220472
21
1.0270819291338582
0
LINE
8
BLACK
6
CONTINUOUS
10
0.5917010236220472
20
1.0270819291338582
11
0.589935157480315
21
1.0220355118110236
0
LINE
8
BLACK
6
CONTINUOUS
10
0.589935157480315
20
1.0220355118110236
11
0.589935157480315
21
1.0220354330708661
0
LINE
8
BLACK
6
CONTINUOUS
10
0.589935157480315
20
1.0220354330708661
11
0.5898228346456693
21
1.0208374015748032
0
LINE
8
BLACK
6
CONTINUOUS
10
0.5898228346456693
20
1.0208374015748032
11
0.5898228346456693
21
0.9791626377952756
0
LINE
8
BLACK
6
CONTINUOUS
10
0.3011294094488189
20
0.8482100787401574
11
0.3011294094488189
21
0.8482100393700788
0
LINE
8
BLACK
6
CONTINUOUS
10
0.3011294094488189
20
0.8482100393700788
11
0.3012790551181102
21
0.8480822047244094
0
LINE
8
BLACK
6
CONTINUOUS
10
0.3012790551181102
20
0.8480822047244094
11
0.3012794488188976
21
0.8480819291338583
0
LINE
8
BLACK
6
CONTINUOUS
10
0.3012794488188976
20
0.8480819291338583
11
0.3098655118110236
21
0.8428203543307087
0
LINE
8
BLACK
6
CONTINUOUS
10
0.3098655118110236
20
0.8428203543307087
11
0.3098656299212598
21
0.8428202755905512
0
LINE
8
BLACK
6
CONTINUOUS
10
0.3098656299212598
20
0.8428202755905512
11
0.3191691732283464
21
0.838966653543307
0
LINE
8
BLACK
6
CONTINUOUS
10
0.3191691732283464
20
0.838966653543307
11
0.328961062992126
21
0.8366158661417322
0
LINE
8
BLACK
6
CONTINUOUS
10
0.328961062992126
20
0.8366158661417322
11
0.3289610236220472
21
0.8366158661417322
0
LINE
8
BLACK
6
CONTINUOUS
10
0.3289610236220472
20
0.8366158661417322
11
0.339
21
0.8358258267716535
0
LINE
8
BLACK
6
CONTINUOUS
10
0.339
20
0.8358258267716535
11
0.349038937007874
21
0.8366158661417322
0
LINE
8
BLACK
6
CONTINUOUS
10
0.349038937007874
20
0.8366158661417322
11
0.3588307874015748
21
0.838966653543307
0
LINE
8
BLACK
6
CONTINUOUS
10
0.3588307874015748
20
0.838966653543307
11
0.3681343307086614
21
0.8428202755905512
0
LINE
8
BLACK
6
CONTINUOUS
10
0.3681343307086614
20
0.8428202755905512
11
0.3681344488188976
21
0.8428203543307087
0
LINE
8
BLACK
6
CONTINUOUS
10
0.3681344488188976
20
0.8428203543307087
11
0.3767205905511811
21
0.8480819291338583
0
LINE
8
BLACK
6
CONTINUOUS
10
0.3767205905511811
20
0.8480819291338583
11
0.3768705511811024
21
0.8482100787401574
0
LINE
8
BLACK
6
CONTINUOUS
10
0.3768705511811024
20
0.8482100787401574
11
0.3624394488188976
21
0.8626411811023622
0
LINE
8
BLACK
6
CONTINUOUS
10
0.3624394488188976
20
0.8626411811023622
11
0.3587423622047244
21
0.8603520078740158
0
LINE
8
BLACK
6
CONTINUOUS
10
0.3587423622047244
20
0.8603520078740158
11
0.351120905511811
21
0.8573994488188976
0
LINE
8
BLACK
6
CONTINUOUS
10
0.351120905511811
20
0.8573994488188976
11
0.3430866929133858
21
0.8558975984251969
0
LINE
8
BLACK
6
CONTINUOUS
10
0.3430866929133858
20
0.8558975984251969
11
0.3349133070866142
21
0.8558975984251969
0
LINE
8
BLACK
6
CONTINUOUS
10
0.3349133070866142
20
0.8558975984251969
11
0.326879094488189
21
0.8573994488188976
0
LINE
8
BLACK
6
CONTINUOUS
10
0.326879094488189
20
0.8573994488188976
11
0.3192576377952756
21
0.8603520078740158
0
LINE
8
BLACK
6
CONTINUOUS
10
0.3192576377952756
20
0.8603520078740158
11
0.3155605118110236
21
0.862641220472441
0
LINE
8
BLACK
6
CONTINUOUS
10
0.3155605118110236
20
0.862641220472441
11
0.3011294094488189
21
0.8482100787401574
0
LINE
8
BLACK
6
CONTINUOUS
10
0.5011294094488189
20
0.8482100787401574
11
0.5011294094488189
21
0.8482100393700788
0
LINE
8
BLACK
6
CONTINUOUS
10
0.5011294094488189
20
0.8482100393700788
11
0.5012790551181102
21
0.8480822047244094
0
LINE
8
BLACK
6
CONTINUOUS
10
0.5012790551181102
20
0.8480822047244094
11
0.5012794488188976
21
0.8480819291338583
0
LINE
8
BLACK
6
CONTINUOUS
10
0.5012794488188976
20
0.8480819291338583
11
0.5098655118110236
21
0.8428203543307087
0
LINE
8
BLACK
6
CONTINUOUS
10
0.5098655118110236
20
0.8428203543307087
11
0.5098656299212598
21
0.8428202755905512
0
LINE
8
BLACK
6
CONTINUOUS
10
0.5098656299212598
20
0.8428202755905512
11
0.5191691732283464
21
0.838966653543307
0
LINE
8
BLACK
6
CONTINUOUS
10
0.5191691732283464
20
0.838966653543307
11
0.528961062992126
21
0.8366158661417322
0
LINE
8
BLACK
6
CONTINUOUS
10
0.528961062992126
20
0.8366158661417322
11
0.5289610236220472
21
0.8366158661417322
0
LINE
8
BLACK
6
CONTINUOUS
10
0.5289610236220472
20
0.8366158661417322
11
0.539
21
0.8358258267716535
0
LINE
8
BLACK
6
CONTINUOUS
10
0.539
20
0.8358258267716535
11
0.549038937007874
21
0.8366158661417322
0
LINE
8
BLACK
6
CONTINUOUS
10
0.549038937007874
20
0.8366158661417322
11
0.5588307874015748
21
0.838966653543307
0
LINE
8
BLACK
6
CONTINUOUS
10
0.5588307874015748
20
0.838966653543307
11
0.5681343307086614
21
0.8428202755905512
0
LINE
8
BLACK
6
CONTINUOUS
10
0.5681343307086614
20
0.8428202755905512
11
0.5681344488188976
21
0.8428203543307087
0
LINE
8
BLACK
6
CONTINUOUS
10
0.5681344488188976
20
0.8428203543307087
11
0.5767205905511811
21
0.8480819291338583
0
LINE
8
BLACK
6
CONTINUOUS
10
0.5767205905511811
20
0.8480819291338583
11
0.5768705511811023
21
0.8482100787401574
0
LINE
8
BLACK
6
CONTINUOUS
10
0.5768705511811023
20
0.8482100787401574
11
0.5624394488188976
21
0.8626411811023622
0
LINE
8
BLACK
6
CONTINUOUS
10
0.5624394488188976
20
0.8626411811023622
11
0.5587423622047244
21
0.8603520078740158
0
LINE
8
BLACK
6
CONTINUOUS
10
0.5587423622047244
20
0.8603520078740158
11
0.551120905511811
21
0.8573994488188976
0
LINE
8
BLACK
6
CONTINUOUS
10
0.551120905511811
20
0.8573994488188976
11
0.5430866929133858
21
0.8558975984251969
0
LINE
8
BLACK
6
CONTINUOUS
10
0.5430866929133858
20
0.8558975984251969
11
0.5349133070866141
21
0.8558975984251969
0
LINE
8
BLACK
6
CONTINUOUS
10
0.5349133070866141
20
0.8558975984251969
11
0.5268790944881889
21
0.8573994488188976
0
LINE
8
BLACK
6
CONTINUOUS
10
0.5268790944881889
20
0.8573994488188976
11
0.5192576377952756
21
0.8603520078740158
0
LINE
8
BLACK
6
CONTINUOUS
10
0.5192576377952756
20
0.8603520078740158
11
0.5155605118110236
21
0.862641220472441
0
LINE
8
BLACK
6
CONTINUOUS
10
0.5155605118110236
20
0.862641220472441
11
0.5011294094488189
21
0.8482100787401574
0
LINE
8
BLACK
6
CONTINUOUS
10
2.29
20
0.8801574803149607
11
2.29
21
0.86
0
LINE
8
BLACK
6
CONTINUOUS
10
2.29
20
0.86
11
2.2698425196850391
21
0.86
0
LINE
8
BLACK
6
CONTINUOUS
10
2.2698425196850391
20
0.86
11
2.2698425196850391
21
0.8403149606299213
0
LINE
8
BLACK
6
CONTINUOUS
10
2.2698425196850391
20
0.8403149606299213
11
2.2918829921259842
21
0.8403149606299213
0
LINE
8
BLACK
6
CONTINUOUS
10
2.2918829921259842
20
0.8403149606299213
11
2.2918836220472438
21
0.840315
0
LINE
8
BLACK
6
CONTINUOUS
10
2.2918836220472438
20
0.840315
11
2.294227244094488
21
0.8405670078740157
0
LINE
8
BLACK
6
CONTINUOUS
10
2.294227244094488
20
0.8405670078740157
11
2.2942275196850392
21
0.8405670866141732
0
LINE
8
BLACK
6
CONTINUOUS
10
2.2942275196850392
20
0.8405670866141732
11
2.2995309448818899
21
0.8425451181102362
0
LINE
8
BLACK
6
CONTINUOUS
10
2.2995309448818899
20
0.8425451181102362
11
2.2995312204724407
21
0.8425452755905511
0
LINE
8
BLACK
6
CONTINUOUS
10
2.2995312204724407
20
0.8425452755905511
11
2.304062440944882
21
0.8459373622047244
0
LINE
8
BLACK
6
CONTINUOUS
10
2.304062440944882
20
0.8459373622047244
11
2.3060918503937007
21
0.8486482677165355
0
LINE
8
BLACK
6
CONTINUOUS
10
2.3060918503937007
20
0.8486482677165355
11
2.3082939763779526
21
0.8502967322834646
0
LINE
8
BLACK
6
CONTINUOUS
10
2.3082939763779526
20
0.8502967322834646
11
2.3110377559055117
21
0.8504929527559055
0
LINE
8
BLACK
6
CONTINUOUS
10
2.3110377559055117
20
0.8504929527559055
11
2.3134520472440943
21
0.8491746456692914
0
LINE
8
BLACK
6
CONTINUOUS
10
2.3134520472440943
20
0.8491746456692914
11
2.313908149606299
21
0.8486482677165355
0
LINE
8
BLACK
6
CONTINUOUS
10
2.313908149606299
20
0.8486482677165355
11
2.3159375196850394
21
0.8459373622047244
0
LINE
8
BLACK
6
CONTINUOUS
10
2.3159375196850394
20
0.8459373622047244
11
2.3204687401574802
21
0.8425452755905511
0
LINE
8
BLACK
6
CONTINUOUS
10
2.3204687401574802
20
0.8425452755905511
11
2.3204690157480314
21
0.8425451181102362
0
LINE
8
BLACK
6
CONTINUOUS
10
2.3204690157480314
20
0.8425451181102362
11
2.3257724409448817
21
0.8405670866141732
0
LINE
8
BLACK
6
CONTINUOUS
10
2.3257724409448817
20
0.8405670866141732
11
2.3257727165354329
21
0.8405670078740157
0
LINE
8
BLACK
6
CONTINUOUS
10
2.3257727165354329
20
0.8405670078740157
11
2.3281163385826771
21
0.840315
0
LINE
8
BLACK
6
CONTINUOUS
10
2.3281163385826771
20
0.840315
11
2.3281170078740159
21
0.8403149606299213
0
LINE
8
BLACK
6
CONTINUOUS
10
2.3281170078740159
20
0.8403149606299213
11
2.3501574803149605
21
0.8403149606299213
0
LINE
8
BLACK
6
CONTINUOUS
10
2.3501574803149605
20
0.8403149606299213
11
2.3501574803149605
21
0.86
0
LINE
8
BLACK
6
CONTINUOUS
10
2.3501574803149605
20
0.86
11
2.3300000000000001
21
0.86
0
LINE
8
BLACK
6
CONTINUOUS
10
2.3300000000000001
20
0.86
11
2.3300000000000001
21
0.8801574803149607
0
LINE
8
BLACK
6
CONTINUOUS
10
2.3300000000000001
20
0.8801574803149607
11
2.29
21
0.8801574803149607
0
LINE
8
BLACK
6
CONTINUOUS
10
2.3900000000000001
20
0.86
11
2.3698425196850392
21
0.86
0
LINE
8
BLACK
6
CONTINUOUS
10
2.3698425196850392
20
0.86
11
2.3698425196850392
21
0.8403149606299213
0
LINE
8
BLACK
6
CONTINUOUS
10
2.3698425196850392
20
0.8403149606299213
11
2.3918829921259843
21
0.8403149606299213
0
LINE
8
BLACK
6
CONTINUOUS
10
2.3918829921259843
20
0.8403149606299213
11
2.3918836220472439
21
0.840315
0
LINE
8
BLACK
6
CONTINUOUS
10
2.3918836220472439
20
0.840315
11
2.3942272440944881
21
0.8405670078740157
0
LINE
8
BLACK
6
CONTINUOUS
10
2.3942272440944881
20
0.8405670078740157
11
2.3942275196850393
21
0.8405670866141732
0
LINE
8
BLACK
6
CONTINUOUS
10
2.3942275196850393
20
0.8405670866141732
11
2.3995309448818896
21
0.8425451181102362
0
LINE
8
BLACK
6
CONTINUOUS
10
2.3995309448818896
20
0.8425451181102362
11
2.3995312204724408
21
0.8425452755905511
0
LINE
8
BLACK
6
CONTINUOUS
10
2.3995312204724408
20
0.8425452755905511
11
2.4040624803149604
21
0.8459374015748031
0
LINE
8
BLACK
6
CONTINUOUS
10
2.4040624803149604
20
0.8459374015748031
11
2.4040625984251967
21
0.8459375196850394
0
LINE
8
BLACK
6
CONTINUOUS
10
2.4040625984251967
20
0.8459375196850394
11
2.4074547244094489
21
0.8504687795275591
0
LINE
8
BLACK
6
CONTINUOUS
10
2.4074547244094489
20
0.8504687795275591
11
2.4074548818897639
21
0.8504690551181102
0
LINE
8
BLACK
6
CONTINUOUS
10
2.4074548818897639
20
0.8504690551181102
11
2.4094329133858268
21
0.8557724803149606
0
LINE
8
BLACK
6
CONTINUOUS
10
2.4094329133858268
20
0.8557724803149606
11
2.4094329921259843
21
0.8557727559055118
0
LINE
8
BLACK
6
CONTINUOUS
10
2.4094329921259843
20
0.8557727559055118
11
2.4096850000000001
21
0.8581163779527559
0
LINE
8
BLACK
6
CONTINUOUS
10
2.4096850000000001
20
0.8581163779527559
11
2.4096850393700788
21
0.8581170472440944
0
LINE
8
BLACK
6
CONTINUOUS
10
2.4096850393700788
20
0.8581170472440944
11
2.4096850393700788
21
0.8801574803149607
0
LINE
8
BLACK
6
CONTINUOUS
10
2.4096850393700788
20
0.8801574803149607
11
2.3900000000000001
21
0.8801574803149607
0
LINE
8
BLACK
6
CONTINUOUS
10
2.3900000000000001
20
0.8801574803149607
11
2.3900000000000001
21
0.86
0
LINE
8
BLACK
6
CONTINUOUS
10
0.3764758661417323
20
0.9235565748031496
11
0.3766572440944882
21
0.9233163779527559
0
LINE
8
BLACK
6
CONTINUOUS
10
0.3766572440944882
20
0.9233163779527559
11
0.3803004330708661
21
0.9159998818897638
0
LINE
8
BLACK
6
CONTINUOUS
10
0.3803004330708661
20
0.9159998818897638
11
0.3825372047244094
21
0.9081385039370079
0
LINE
8
BLACK
6
CONTINUOUS
10
0.3825372047244094
20
0.9081385039370079
11
0.3832913385826772
21
0.9
0
LINE
8
BLACK
6
CONTINUOUS
10
0.3832913385826772
20
0.9
11
0.3825372047244094
21
0.8918614960629921
0
LINE
8
BLACK
6
CONTINUOUS
10
0.3825372047244094
20
0.8918614960629921
11
0.3803004330708661
21
0.8840001181102362
0
LINE
8
BLACK
6
CONTINUOUS
10
0.3803004330708661
20
0.8840001181102362
11
0.3766572440944882
21
0.876683622047244
0
LINE
8
BLACK
6
CONTINUOUS
10
0.3766572440944882
20
0.876683622047244
11
0.3764758661417323
21
0.8764435039370079
0
LINE
8
BLACK
6
CONTINUOUS
10
0.3764758661417323
20
0.8764435039370079
11
0.3907899212598425
21
0.8621294488188976
0
LINE
8
BLACK
6
CONTINUOUS
10
0.3907899212598425
20
0.8621294488188976
11
0.3909180708661417
21
0.8622794094488189
0
LINE
8
BLACK
6
CONTINUOUS
10
0.3909180708661417
20
0.8622794094488189
11
0.3961796456692913
21
0.8708655511811023
0
LINE
8
BLACK
6
CONTINUOUS
10
0.3961796456692913
20
0.8708655511811023
11
0.3961797244094488
21
0.8708656692913386
0
LINE
8
BLACK
6
CONTINUOUS
10
0.3961797244094488
20
0.8708656692913386
11
0.4000333464566929
21
0.8801692125984252
0
LINE
8
BLACK
6
CONTINUOUS
10
0.4000333464566929
20
0.8801692125984252
11
0.4023841338582677
21
0.889961062992126
0
LINE
8
BLACK
6
CONTINUOUS
10
0.4023841338582677
20
0.889961062992126
11
0.4031741732283464
21
0.9
0
LINE
8
BLACK
6
CONTINUOUS
10
0.4031741732283464
20
0.9
11
0.4023841338582677
21
0.9100389763779527
0
LINE
8
BLACK
6
CONTINUOUS
10
0.4023841338582677
20
0.9100389763779527
11
0.4000333464566929
21
0.9198308267716535
0
LINE
8
BLACK
6
CONTINUOUS
10
0.4000333464566929
20
0.9198308267716535
11
0.3961797244094488
21
0.9291343700787401
0
LINE
8
BLACK
6
CONTINUOUS
10
0.3961797244094488
20
0.9291343700787401
11
0.3961796456692913
21
0.9291344881889764
0
LINE
8
BLACK
6
CONTINUOUS
10
0.3961796456692913
20
0.9291344881889764
11
0.3909180708661417
21
0.9377205511811023
0
LINE
8
BLACK
6
CONTINUOUS
10
0.3909180708661417
20
0.9377205511811023
11
0.3909177952755906
21
0.9377209448818897
0
LINE
8
BLACK
6
CONTINUOUS
10
0.3909177952755906
20
0.9377209448818897
11
0.3907899606299213
21
0.937870590551181
0
LINE
8
BLACK
6
CONTINUOUS
10
0.3907899606299213
20
0.937870590551181
11
0.3907899212598425
21
0.937870590551181
0
LINE
8
BLACK
6
CONTINUOUS
10
0.3907899212598425
20
0.937870590551181
11
0.3764758661417323
21
0.9235565748031496
0
LINE
8
BLACK
6
CONTINUOUS
10
0.5764758661417323
20
0.9235565748031496
11
0.5766572440944882
21
0.9233163779527559
0
LINE
8
BLACK
6
CONTINUOUS
10
0.5766572440944882
20
0.9233163779527559
11
0.5803004330708661
21
0.9159998818897638
0
LINE
8
BLACK
6
CONTINUOUS
10
0.5803004330708661
20
0.9159998818897638
11
0.5825372047244094
21
0.9081385039370079
0
LINE
8
BLACK
6
CONTINUOUS
10
0.5825372047244094
20
0.9081385039370079
11
0.5832913385826771
21
0.9
0
LINE
8
BLACK
6
CONTINUOUS
10
0.5832913385826771
20
0.9
11
0.5825372047244094
21
0.8918614960629921
0
LINE
8
BLACK
6
CONTINUOUS
10
0.5825372047244094
20
0.8918614960629921
11
0.5803004330708661
21
0.8840001181102362
0
LINE
8
BLACK
6
CONTINUOUS
10
0.5803004330708661
20
0.8840001181102362
11
0.5766572440944882
21
0.876683622047244
0
LINE
8
BLACK
6
CONTINUOUS
10
0.5766572440944882
20
0.876683622047244
11
0.5764758661417323
21
0.8764435039370079
0
LINE
8
BLACK
6
CONTINUOUS
10
0.5764758661417323
20
0.8764435039370079
11
0.5907899212598425
21
0.8621294488188976
0
LINE
8
BLACK
6
CONTINUOUS
10
0.5907899212598425
20
0.8621294488188976
11
0.5909180708661417
21
0.8622794094488189
0
LINE
8
BLACK
6
CONTINUOUS
10
0.5909180708661417
20
0.8622794094488189
11
0.5961796456692914
21
0.8708655511811023
0
LINE
8
BLACK
6
CONTINUOUS
10
0.5961796456692914
20
0.8708655511811023
11
0.5961797244094488
21
0.8708656692913386
0
LINE
8
BLACK
6
CONTINUOUS
10
0.5961797244094488
20
0.8708656692913386
11
0.6000333464566929
21
0.8801692125984252
0
LINE
8
BLACK
6
CONTINUOUS
10
0.6000333464566929
20
0.8801692125984252
11
0.6023841338582677
21
0.889961062992126
0
LINE
8
BLACK
6
CONTINUOUS
10
0.6023841338582677
20
0.889961062992126
11
0.6031741732283464
21
0.9
0
LINE
8
BLACK
6
CONTINUOUS
10
0.6031741732283464
20
0.9
11
0.6023841338582677
21
0.9100389763779527
0
LINE
8
BLACK
6
CONTINUOUS
10
0.6023841338582677
20
0.9100389763779527
11
0.6000333464566929
21
0.9198308267716535
0
LINE
8
BLACK
6
CONTINUOUS
10
0.6000333464566929
20
0.9198308267716535
11
0.5961797244094488
21
0.9291343700787401
0
LINE
8
BLACK
6
CONTINUOUS
10
0.5961797244094488
20
0.9291343700787401
11
0.5961796456692914
21
0.9291344881889764
0
LINE
8
BLACK
6
CONTINUOUS
10
0.5961796456692914
20
0.9291344881889764
11
0.5909180708661417
21
0.9377205511811023
0
LINE
8
BLACK
6
CONTINUOUS
10
0.5909180708661417
20
0.9377205511811023
11
0.5909177952755905
21
0.9377209448818897
0
LINE
8
BLACK
6
CONTINUOUS
10
0.5909177952755905
20
0.9377209448818897
11
0.5907899606299213
21
0.937870590551181
0
LINE
8
BLACK
6
CONTINUOUS
10
0.5907899606299213
20
0.937870590551181
11
0.5907899212598425
21
0.937870590551181
0
LINE
8
BLACK
6
CONTINUOUS
10
0.5907899212598425
20
0.937870590551181
11
0.5764758661417323
21
0.9235565748031496
0
LINE
8
BLACK
6
CONTINUOUS
10
0.4870818897637795
20
0.9377205905511811
11
0.4818203149606299
21
0.9291344881889764
0
LINE
8
BLACK
6
CONTINUOUS
10
0.4818203149606299
20
0.9291344881889764
11
0.4818202362204724
21
0.9291343700787401
0
LINE
8
BLACK
6
CONTINUOUS
10
0.4818202362204724
20
0.9291343700787401
11
0.4779666141732283
21
0.9198308267716535
0
LINE
8
BLACK
6
CONTINUOUS
10
0.4779666141732283
20
0.9198308267716535
11
0.4756158267716535
21
0.9100389763779527
0
LINE
8
BLACK
6
CONTINUOUS
10
0.4756158267716535
20
0.9100389763779527
11
0.4748257874015748
21
0.9
0
LINE
8
BLACK
6
CONTINUOUS
10
0.4748257874015748
20
0.9
11
0.4756158267716535
21
0.889961062992126
0
LINE
8
BLACK
6
CONTINUOUS
10
0.4756158267716535
20
0.889961062992126
11
0.4779666141732283
21
0.8801692125984252
0
LINE
8
BLACK
6
CONTINUOUS
10
0.4779666141732283
20
0.8801692125984252
11
0.4818202362204724
21
0.8708656692913386
0
LINE
8
BLACK
6
CONTINUOUS
10
0.4818202362204724
20
0.8708656692913386
11
0.4818203149606299
21
0.8708655511811023
0
LINE
8
BLACK
6
CONTINUOUS
10
0.4818203149606299
20
0.8708655511811023
11
0.4870816929133858
21
0.8622797244094488
0
LINE
8
BLACK
6
CONTINUOUS
10
0.4870816929133858
20
0.8622797244094488
11
0.4870821259842519
21
0.8622791338582677
0
LINE
8
BLACK
6
CONTINUOUS
10
0.4870821259842519
20
0.8622791338582677
11
0.4872099606299212
21
0.8621294881889764
0
LINE
8
BLACK
6
CONTINUOUS
10
0.4872099606299212
20
0.8621294881889764
11
0.4872100393700787
21
0.8621294881889764
0
LINE
8
BLACK
6
CONTINUOUS
10
0.4872100393700787
20
0.8621294881889764
11
0.5015240551181103
21
0.8764435433070866
0
LINE
8
BLACK
6
CONTINUOUS
10
0.5015240551181103
20
0.8764435433070866
11
0.5013427559055118
21
0.876683622047244
0
LINE
8
BLACK
6
CONTINUOUS
10
0.5013427559055118
20
0.876683622047244
11
0.4976995669291339
21
0.8840001181102362
0
LINE
8
BLACK
6
CONTINUOUS
10
0.4976995669291339
20
0.8840001181102362
11
0.4954627952755906
21
0.8918614960629921
0
LINE
8
BLACK
6
CONTINUOUS
10
0.4954627952755906
20
0.8918614960629921
11
0.4947086614173228
21
0.9
0
LINE
8
BLACK
6
CONTINUOUS
10
0.4947086614173228
20
0.9
11
0.4954627952755906
21
0.9081385039370079
0
LINE
8
BLACK
6
CONTINUOUS
10
0.4954627952755906
20
0.9081385039370079
11
0.4976995669291339
21
0.9159998818897638
0
LINE
8
BLACK
6
CONTINUOUS
10
0.4976995669291339
20
0.9159998818897638
11
0.5013427559055118
21
0.9233163779527559
0
LINE
8
BLACK
6
CONTINUOUS
10
0.5013427559055118
20
0.9233163779527559
11
0.5015240551181103
21
0.9235564960629921
0
LINE
8
BLACK
6
CONTINUOUS
10
0.5015240551181103
20
0.9235564960629921
11
0.4872099606299212
21
0.937870590551181
0
LINE
8
BLACK
6
CONTINUOUS
10
0.4872099606299212
20
0.937870590551181
11
0.4870818897637795
21
0.9377205905511811
0
LINE
8
BLACK
6
CONTINUOUS
10
2.507464566929134
20
0.9091496062992126
11
2.5067153543307086
21
0.9053830314960629
0
LINE
8
BLACK
6
CONTINUOUS
10
2.5067153543307086
20
0.9053830314960629
11
2.5045817716535432
21
0.9021898818897638
0
LINE
8
BLACK
6
CONTINUOUS
10
2.5045817716535432
20
0.9021898818897638
11
2.5013886220472439
21
0.9000562992125984
0
LINE
8
BLACK
6
CONTINUOUS
10
2.5013886220472439
20
0.9000562992125984
11
2.4976220472440946
21
0.8993070866141732
0
LINE
8
BLACK
6
CONTINUOUS
10
2.4976220472440946
20
0.8993070866141732
11
2.4838425196850391
21
0.8993070866141732
0
LINE
8
BLACK
6
CONTINUOUS
10
2.4838425196850391
20
0.8993070866141732
11
2.4838425196850391
21
0.8796220866141732
0
LINE
8
BLACK
6
CONTINUOUS
10
2.4838425196850391
20
0.8796220866141732
11
2.4995894488188974
21
0.8796220866141732
0
LINE
8
BLACK
6
CONTINUOUS
10
2.4995894488188974
20
0.8796220866141732
11
2.49959
21
0.8796221259842519
0
LINE
8
BLACK
6
CONTINUOUS
10
2.49959
20
0.8796221259842519
11
2.5036337401574804
21
0.8800352362204724
0
LINE
8
BLACK
6
CONTINUOUS
10
2.5036337401574804
20
0.8800352362204724
11
2.5101857874015749
21
0.8822063779527559
0
LINE
8
BLACK
6
CONTINUOUS
10
2.5101857874015749
20
0.8822063779527559
11
2.5101859842519683
21
0.8822064566929134
0
LINE
8
BLACK
6
CONTINUOUS
10
2.5101859842519683
20
0.8822064566929134
11
2.5160608267716533
21
0.8858301181102362
0
LINE
8
BLACK
6
CONTINUOUS
10
2.5160608267716533
20
0.8858301181102362
11
2.5209415354330709
21
0.8907108267716535
0
LINE
8
BLACK
6
CONTINUOUS
10
2.5209415354330709
20
0.8907108267716535
11
2.5245651968503937
21
0.8965856692913385
0
LINE
8
BLACK
6
CONTINUOUS
10
2.5245651968503937
20
0.8965856692913385
11
2.5245652755905512
21
0.8965858661417323
0
LINE
8
BLACK
6
CONTINUOUS
10
2.5245652755905512
20
0.8965858661417323
11
2.5267364173228346
21
0.9031379133858267
0
LINE
8
BLACK
6
CONTINUOUS
10
2.5267364173228346
20
0.9031379133858267
11
2.5267364566929134
21
0.903138188976378
0
LINE
8
BLACK
6
CONTINUOUS
10
2.5267364566929134
20
0.903138188976378
11
2.527149566929134
21
0.907181653543307
0
LINE
8
BLACK
6
CONTINUOUS
10
2.527149566929134
20
0.907181653543307
11
2.5271496062992127
21
0.9071821653543307
0
LINE
8
BLACK
6
CONTINUOUS
10
2.5271496062992127
20
0.9071821653543307
11
2.5271496062992127
21
0.9150551181102362
0
LINE
8
BLACK
6
CONTINUOUS
10
2.5271496062992127
20
0.9150551181102362
11
2.507464566929134
21
0.9150551181102362
0
LINE
8
BLACK
6
CONTINUOUS
10
2.507464566929134
20
0.9150551181102362
11
2.507464566929134
21
0.9091496062992126
0
LINE
8
BLACK
6
CONTINUOUS
10
2.3698425196850392
20
0.9199999999999999
11
2.3900000000000001
21
0.9199999999999999
0
LINE
8
BLACK
6
CONTINUOUS
10
2.3900000000000001
20
0.9199999999999999
11
2.3900000000000001
21
0.8998425196850394
0
LINE
8
BLACK
6
CONTINUOUS
10
2.3900000000000001
20
0.8998425196850394
11
2.4096850393700788
21
0.8998425196850394
0
LINE
8
BLACK
6
CONTINUOUS
10
2.4096850393700788
20
0.8998425196850394
11
2.4096850393700788
21
0.907181653543307
0
LINE
8
BLACK
6
CONTINUOUS
10
2.4096850393700788
20
0.907181653543307
11
2.4096850393700788
21
0.9218829921259842
0
LINE
8
BLACK
6
CONTINUOUS
10
2.4096850393700788
20
0.9218829921259842
11
2.4096850000000001
21
0.9218836614173228
0
LINE
8
BLACK
6
CONTINUOUS
10
2.4096850000000001
20
0.9218836614173228
11
2.4094329921259843
21
0.924227283464567
0
LINE
8
BLACK
6
CONTINUOUS
10
2.4094329921259843
20
0.924227283464567
11
2.4094329133858268
21
0.9242275590551181
0
LINE
8
BLACK
6
CONTINUOUS
10
2.4094329133858268
20
0.9242275590551181
11
2.4074548818897639
21
0.9295309842519685
0
LINE
8
BLACK
6
CONTINUOUS
10
2.4074548818897639
20
0.9295309842519685
11
2.4074547244094489
21
0.9295312598425197
0
LINE
8
BLACK
6
CONTINUOUS
10
2.4074547244094489
20
0.9295312598425197
11
2.4040625984251967
21
0.9340625196850394
0
LINE
8
BLACK
6
CONTINUOUS
10
2.4040625984251967
20
0.9340625196850394
11
2.4040624803149604
21
0.9340626377952755
0
LINE
8
BLACK
6
CONTINUOUS
10
2.4040624803149604
20
0.9340626377952755
11
2.3995312204724408
21
0.9374547637795275
0
LINE
8
BLACK
6
CONTINUOUS
10
2.3995312204724408
20
0.9374547637795275
11
2.3995309448818896
21
0.9374549212598425
0
LINE
8
BLACK
6
CONTINUOUS
10
2.3995309448818896
20
0.9374549212598425
11
2.3942275196850393
21
0.9394329527559054
0
LINE
8
BLACK
6
CONTINUOUS
10
2.3942275196850393
20
0.9394329527559054
11
2.3942272440944881
21
0.9394330314960629
0
LINE
8
BLACK
6
CONTINUOUS
10
2.3942272440944881
20
0.9394330314960629
11
2.3918836220472439
21
0.9396850393700787
0
LINE
8
BLACK
6
CONTINUOUS
10
2.3918836220472439
20
0.9396850393700787
11
2.3698425196850392
21
0.9396850393700787
0
LINE
8
BLACK
6
CONTINUOUS
10
2.3698425196850392
20
0.9396850393700787
11
2.3698425196850392
21
0.9199999999999999
0
LINE
8
BLACK
6
CONTINUOUS
10
2.2698425196850391
20
0.9199999999999999
11
2.29
21
0.9199999999999999
0
LINE
8
BLACK
6
CONTINUOUS
10
2.29
20
0.9199999999999999
11
2.29
21
0.8998425196850394
0
LINE
8
BLACK
6
CONTINUOUS
10
2.29
20
0.8998425196850394
11
2.3300000000000001
21
0.8998425196850394
0
LINE
8
BLACK
6
CONTINUOUS
10
2.3300000000000001
20
0.8998425196850394
11
2.3300000000000001
21
0.9199999999999999
0
LINE
8
BLACK
6
CONTINUOUS
10
2.3300000000000001
20
0.9199999999999999
11
2.3501574803149605
21
0.9199999999999999
0
LINE
8
BLACK
6
CONTINUOUS
10
2.3501574803149605
20
0.9199999999999999
11
2.3501574803149605
21
0.9396850393700787
0
LINE
8
BLACK
6
CONTINUOUS
10
2.3501574803149605
20
0.9396850393700787
11
2.3281163385826771
21
0.9396850393700787
0
LINE
8
BLACK
6
CONTINUOUS
10
2.3281163385826771
20
0.9396850393700787
11
2.3257727165354329
21
0.9394330314960629
0
LINE
8
BLACK
6
CONTINUOUS
10
2.3257727165354329
20
0.9394330314960629
11
2.3257724409448817
21
0.9394329527559054
0
LINE
8
BLACK
6
CONTINUOUS
10
2.3257724409448817
20
0.9394329527559054
11
2.3204690157480314
21
0.9374549212598425
0
LINE
8
BLACK
6
CONTINUOUS
10
2.3204690157480314
20
0.9374549212598425
11
2.3204687401574802
21
0.9374547637795275
0
LINE
8
BLACK
6
CONTINUOUS
10
2.3204687401574802
20
0.9374547637795275
11
2.3159374803149606
21
0.9340626377952755
0
LINE
8
BLACK
6
CONTINUOUS
10
2.3159374803149606
20
0.9340626377952755
11
2.3139081102362202
21
0.9313517322834646
0
LINE
8
BLACK
6
CONTINUOUS
10
2.3139081102362202
20
0.9313517322834646
11
2.3117059842519683
21
0.9297033070866142
0
LINE
8
BLACK
6
CONTINUOUS
10
2.3117059842519683
20
0.9297033070866142
11
2.3089622440944879
21
0.9295070866141733
0
LINE
8
BLACK
6
CONTINUOUS
10
2.3089622440944879
20
0.9295070866141733
11
2.3065479527559054
21
0.9308254330708661
0
LINE
8
BLACK
6
CONTINUOUS
10
2.3065479527559054
20
0.9308254330708661
11
2.3060918897637794
21
0.9313517322834646
0
LINE
8
BLACK
6
CONTINUOUS
10
2.3060918897637794
20
0.9313517322834646
11
2.3040624803149607
21
0.9340626377952755
0
LINE
8
BLACK
6
CONTINUOUS
10
2.3040624803149607
20
0.9340626377952755
11
2.2995312204724407
21
0.9374547637795275
0
LINE
8
BLACK
6
CONTINUOUS
10
2.2995312204724407
20
0.9374547637795275
11
2.2995309448818899
21
0.9374549212598425
0
LINE
8
BLACK
6
CONTINUOUS
10
2.2995309448818899
20
0.9374549212598425
11
2.2942275196850392
21
0.9394329527559054
0
LINE
8
BLACK
6
CONTINUOUS
10
2.2942275196850392
20
0.9394329527559054
11
2.294227244094488
21
0.9394330314960629
0
LINE
8
BLACK
6
CONTINUOUS
10
2.294227244094488
20
0.9394330314960629
11
2.2918836220472438
21
0.9396850393700787
0
LINE
8
BLACK
6
CONTINUOUS
10
2.2918836220472438
20
0.9396850393700787
11
2.2698425196850391
21
0.9396850393700787
0
LINE
8
BLACK
6
CONTINUOUS
10
2.2698425196850391
20
0.9396850393700787
11
2.2698425196850391
21
0.9199999999999999
0
LINE
8
BLACK
6
CONTINUOUS
10
2.2257727165354328
20
0.9394330314960629
11
2.225772440944882
21
0.9394329527559054
0
LINE
8
BLACK
6
CONTINUOUS
10
2.225772440944882
20
0.9394329527559054
11
2.2204690157480313
21
0.9374549212598425
0
LINE
8
BLACK
6
CONTINUOUS
10
2.2204690157480313
20
0.9374549212598425
11
2.2204687401574801
21
0.9374547637795275
0
LINE
8
BLACK
6
CONTINUOUS
10
2.2204687401574801
20
0.9374547637795275
11
2.2159374803149605
21
0.9340626377952755
0
LINE
8
BLACK
6
CONTINUOUS
10
2.2159374803149605
20
0.9340626377952755
11
2.2159373622047243
21
0.9340625196850394
0
LINE
8
BLACK
6
CONTINUOUS
10
2.2159373622047243
20
0.9340625196850394
11
2.2125452362204725
21
0.9295312598425197
0
LINE
8
BLACK
6
CONTINUOUS
10
2.2125452362204725
20
0.9295312598425197
11
2.2125450393700787
21
0.9295309055118111
0
LINE
8
BLACK
6
CONTINUOUS
10
2.2125450393700787
20
0.9295309055118111
11
2.2112951968503936
21
0.9261799606299213
0
LINE
8
BLACK
6
CONTINUOUS
10
2.2112951968503936
20
0.9261799606299213
11
2.2096467322834643
21
0.923977874015748
0
LINE
8
BLACK
6
CONTINUOUS
10
2.2096467322834643
20
0.923977874015748
11
2.2070693700787403
21
0.9230166141732283
0
LINE
8
BLACK
6
CONTINUOUS
10
2.2070693700787403
20
0.9230166141732283
11
2.2043814566929134
21
0.9236013385826771
0
LINE
8
BLACK
6
CONTINUOUS
10
2.2043814566929134
20
0.9236013385826771
11
2.2032691338582677
21
0.9244340551181102
0
LINE
8
BLACK
6
CONTINUOUS
10
2.2032691338582677
20
0.9244340551181102
11
2.2021395669291337
21
0.9255636220472441
0
LINE
8
BLACK
6
CONTINUOUS
10
2.2021395669291337
20
0.9255636220472441
11
2.1962647244094486
21
0.9291872834645669
0
LINE
8
BLACK
6
CONTINUOUS
10
2.1962647244094486
20
0.9291872834645669
11
2.1962645275590549
21
0.9291873622047244
0
LINE
8
BLACK
6
CONTINUOUS
10
2.1962645275590549
20
0.9291873622047244
11
2.1897124803149608
21
0.9313585039370078
0
LINE
8
BLACK
6
CONTINUOUS
10
2.1897124803149608
20
0.9313585039370078
11
2.1897122047244095
21
0.9313585433070866
0
LINE
8
BLACK
6
CONTINUOUS
10
2.1897122047244095
20
0.9313585433070866
11
2.1856687401574804
21
0.931771653543307
0
LINE
8
BLACK
6
CONTINUOUS
10
2.1856687401574804
20
0.931771653543307
11
2.1748425196850394
21
0.931771653543307
0
LINE
8
BLACK
6
CONTINUOUS
10
2.1748425196850394
20
0.931771653543307
11
2.1748425196850394
21
0.9120866141732283
0
LINE
8
BLACK
6
CONTINUOUS
10
2.1748425196850394
20
0.9120866141732283
11
2.1837007874015746
21
0.9120866141732283
0
LINE
8
BLACK
6
CONTINUOUS
10
2.1837007874015746
20
0.9120866141732283
11
2.1874673622047243
21
0.9113374015748031
0
LINE
8
BLACK
6
CONTINUOUS
10
2.1874673622047243
20
0.9113374015748031
11
2.1906605118110236
21
0.9092038188976378
0
LINE
8
BLACK
6
CONTINUOUS
10
2.1906605118110236
20
0.9092038188976378
11
2.192794094488189
21
0.9060106692913386
0
LINE
8
BLACK
6
CONTINUOUS
10
2.192794094488189
20
0.9060106692913386
11
2.1935433070866139
21
0.902244094488189
0
LINE
8
BLACK
6
CONTINUOUS
10
2.1935433070866139
20
0.902244094488189
11
2.2139227559055117
21
0.902244094488189
0
LINE
8
BLACK
6
CONTINUOUS
10
2.2139227559055117
20
0.902244094488189
11
2.2165620866141733
21
0.9014690944881889
0
LINE
8
BLACK
6
CONTINUOUS
10
2.2165620866141733
20
0.9014690944881889
11
2.2173747637795276
21
0.9008142125984252
0
LINE
8
BLACK
6
CONTINUOUS
10
2.2173747637795276
20
0.9008142125984252
11
2.2183464566929132
21
0.8998425196850394
0
LINE
8
BLACK
6
CONTINUOUS
10
2.2183464566929132
20
0.8998425196850394
11
2.23
21
0.8998425196850394
0
LINE
8
BLACK
6
CONTINUOUS
10
2.23
20
0.8998425196850394
11
2.23
21
0.9199999999999999
0
LINE
8
BLACK
6
CONTINUOUS
10
2.23
20
0.9199999999999999
11
2.2501574803149604
21
0.9199999999999999
0
LINE
8
BLACK
6
CONTINUOUS
10
2.2501574803149604
20
0.9199999999999999
11
2.2501574803149604
21
0.9396850393700787
0
LINE
8
BLACK
6
CONTINUOUS
10
2.2501574803149604
20
0.9396850393700787
11
2.228116338582677
21
0.9396850393700787
0
LINE
8
BLACK
6
CONTINUOUS
10
2.228116338582677
20
0.9396850393700787
11
2.2257727165354328
21
0.9394330314960629
0
LINE
8
BLACK
6
CONTINUOUS
10
2.4838425196850391
20
0.9504881889763779
11
2.4976220472440946
21
0.9504881889763779
0
LINE
8
BLACK
6
CONTINUOUS
10
2.4976220472440946
20
0.9504881889763779
11
2.5013886220472439
21
0.9497389763779527
0
LINE
8
BLACK
6
CONTINUOUS
10
2.5013886220472439
20
0.9497389763779527
11
2.5045817716535432
21
0.9476053937007873
0
LINE
8
BLACK
6
CONTINUOUS
10
2.5045817716535432
20
0.9476053937007873
11
2.5067153543307086
21
0.9444122440944882
0
LINE
8
BLACK
6
CONTINUOUS
10
2.5067153543307086
20
0.9444122440944882
11
2.507464566929134
21
0.9406456692913385
0
LINE
8
BLACK
6
CONTINUOUS
10
2.507464566929134
20
0.9406456692913385
11
2.507464566929134
21
0.9347401574803149
0
LINE
8
BLACK
6
CONTINUOUS
10
2.507464566929134
20
0.9347401574803149
11
2.527149566929134
21
0.9347401574803149
0
LINE
8
BLACK
6
CONTINUOUS
10
2.527149566929134
20
0.9347401574803149
11
2.527149566929134
21
0.9426130708661417
0
LINE
8
BLACK
6
CONTINUOUS
10
2.527149566929134
20
0.9426130708661417
11
2.5271495275590552
21
0.9426136614173228
0
LINE
8
BLACK
6
CONTINUOUS
10
2.5271495275590552
20
0.9426136614173228
11
2.5267364173228346
21
0.9466574015748032
0
LINE
8
BLACK
6
CONTINUOUS
10
2.5267364173228346
20
0.9466574015748032
11
2.5245652755905512
21
0.9532094488188976
0
LINE
8
BLACK
6
CONTINUOUS
10
2.5245652755905512
20
0.9532094488188976
11
2.5245651968503937
21
0.9532096456692913
0
LINE
8
BLACK
6
CONTINUOUS
10
2.5245651968503937
20
0.9532096456692913
11
2.5209415354330709
21
0.9590844881889764
0
LINE
8
BLACK
6
CONTINUOUS
10
2.5209415354330709
20
0.9590844881889764
11
2.5160608267716533
21
0.9639651968503937
0
LINE
8
BLACK
6
CONTINUOUS
10
2.5160608267716533
20
0.9639651968503937
11
2.5101859842519683
21
0.9675888582677166
0
LINE
8
BLACK
6
CONTINUOUS
10
2.5101859842519683
20
0.9675888582677166
11
2.5101857874015749
21
0.967588937007874
0
LINE
8
BLACK
6
CONTINUOUS
10
2.5101857874015749
20
0.967588937007874
11
2.5036337401574804
21
0.9697600787401575
0
LINE
8
BLACK
6
CONTINUOUS
10
2.5036337401574804
20
0.9697600787401575
11
2.5036334645669291
21
0.9697601181102362
0
LINE
8
BLACK
6
CONTINUOUS
10
2.5036334645669291
20
0.9697601181102362
11
2.49959
21
0.9701732283464567
0
LINE
8
BLACK
6
CONTINUOUS
10
2.49959
20
0.9701732283464567
11
2.4838425196850391
21
0.9701732283464567
0
LINE
8
BLACK
6
CONTINUOUS
10
2.4838425196850391
20
0.9701732283464567
11
2.4838425196850391
21
0.9504881889763779
0
LINE
8
BLACK
6
CONTINUOUS
10
0.3289610236220472
20
0.9633841732283465
11
0.3191691732283464
21
0.9610333858267717
0
LINE
8
BLACK
6
CONTINUOUS
10
0.3191691732283464
20
0.9610333858267717
11
0.3098656299212598
21
0.9571797637795275
0
LINE
8
BLACK
6
CONTINUOUS
10
0.3098656299212598
20
0.9571797637795275
11
0.3098655118110236
21
0.95717968503937
0
LINE
8
BLACK
6
CONTINUOUS
10
0.3098655118110236
20
0.95717968503937
11
0.3012794094488189
21
0.9519181102362204
0
LINE
8
BLACK
6
CONTINUOUS
10
0.3012794094488189
20
0.9519181102362204
11
0.3011294094488189
21
0.95179
0
LINE
8
BLACK
6
CONTINUOUS
10
0.3011294094488189
20
0.95179
11
0.3155605511811024
21
0.9373588582677165
0
LINE
8
BLACK
6
CONTINUOUS
10
0.3155605511811024
20
0.9373588582677165
11
0.3192576377952756
21
0.9396479921259843
0
LINE
8
BLACK
6
CONTINUOUS
10
0.3192576377952756
20
0.9396479921259843
11
0.326879094488189
21
0.9426005511811023
0
LINE
8
BLACK
6
CONTINUOUS
10
0.326879094488189
20
0.9426005511811023
11
0.3349133070866142
21
0.9441024015748031
0
LINE
8
BLACK
6
CONTINUOUS
10
0.3349133070866142
20
0.9441024015748031
11
0.3430866929133858
21
0.9441024015748031
0
LINE
8
BLACK
6
CONTINUOUS
10
0.3430866929133858
20
0.9441024015748031
11
0.351120905511811
21
0.9426005511811023
0
LINE
8
BLACK
6
CONTINUOUS
10
0.351120905511811
20
0.9426005511811023
11
0.3587423622047244
21
0.9396479921259843
0
LINE
8
BLACK
6
CONTINUOUS
10
0.3587423622047244
20
0.9396479921259843
11
0.3624393700787402
21
0.9373588976377952
0
LINE
8
BLACK
6
CONTINUOUS
10
0.3624393700787402
20
0.9373588976377952
11
0.3768705118110236
21
0.9517899606299213
0
LINE
8
BLACK
6
CONTINUOUS
10
0.3768705118110236
20
0.9517899606299213
11
0.3768705118110236
21
0.9517900393700787
0
LINE
8
BLACK
6
CONTINUOUS
10
0.3768705118110236
20
0.9517900393700787
11
0.3767208661417323
21
0.951917874015748
0
LINE
8
BLACK
6
CONTINUOUS
10
0.3767208661417323
20
0.951917874015748
11
0.3767202755905512
21
0.9519183070866142
0
LINE
8
BLACK
6
CONTINUOUS
10
0.3767202755905512
20
0.9519183070866142
11
0.3681344488188976
21
0.95717968503937
0
LINE
8
BLACK
6
CONTINUOUS
10
0.3681344488188976
20
0.95717968503937
11
0.3681343307086614
21
0.9571797637795275
0
LINE
8
BLACK
6
CONTINUOUS
10
0.3681343307086614
20
0.9571797637795275
11
0.3588307874015748
21
0.9610333858267717
0
LINE
8
BLACK
6
CONTINUOUS
10
0.3588307874015748
20
0.9610333858267717
11
0.3490388976377953
21
0.9633841732283465
0
LINE
8
BLACK
6
CONTINUOUS
10
0.3490388976377953
20
0.9633841732283465
11
0.349038937007874
21
0.9633841732283465
0
LINE
8
BLACK
6
CONTINUOUS
10
0.349038937007874
20
0.9633841732283465
11
0.339
21
0.9641742125984252
0
LINE
8
BLACK
6
CONTINUOUS
10
0.339
20
0.9641742125984252
11
0.3289610236220472
21
0.9633841732283465
0
LINE
8
BLACK
6
CONTINUOUS
10
0.3905676771653543
20
0.9999999606299212
11
0.3913034251968504
21
0.9915900393700787
0
LINE
8
BLACK
6
CONTINUOUS
10
0.3913034251968504
20
0.9915900393700787
11
0.3913035039370079
21
0.9915896062992126
0
LINE
8
BLACK
6
CONTINUOUS
10
0.3913035039370079
20
0.9915896062992126
11
0.3934883858267716
21
0.9834354724409449
0
LINE
8
BLACK
6
CONTINUOUS
10
0.3934883858267716
20
0.9834354724409449
11
0.3934884645669292
21
0.9834353149606299
0
LINE
8
BLACK
6
CONTINUOUS
10
0.3934884645669292
20
0.9834353149606299
11
0.3934885039370078
21
0.983435157480315
0
LINE
8
BLACK
6
CONTINUOUS
10
0.3934885039370078
20
0.983435157480315
11
0.3952724409448819
21
0.9796094881889763
0
LINE
8
BLACK
6
CONTINUOUS
10
0.3952724409448819
20
0.9796094881889763
11
0.3970563385826771
21
0.9757838582677165
0
LINE
8
BLACK
6
CONTINUOUS
10
0.3970563385826771
20
0.9757838582677165
11
0.4018987007874016
21
0.9688683070866142
0
LINE
8
BLACK
6
CONTINUOUS
10
0.4018987007874016
20
0.9688683070866142
11
0.4078683070866141
21
0.9628987007874016
0
LINE
8
BLACK
6
CONTINUOUS
10
0.4078683070866141
20
0.9628987007874016
11
0.4147838188976378
21
0.9580563779527559
0
LINE
8
BLACK
6
CONTINUOUS
10
0.4147838188976378
20
0.9580563779527559
11
0.422435157480315
21
0.9544885039370079
0
LINE
8
BLACK
6
CONTINUOUS
10
0.422435157480315
20
0.9544885039370079
11
0.4305898031496063
21
0.9523034645669292
0
LINE
8
BLACK
6
CONTINUOUS
10
0.4305898031496063
20
0.9523034645669292
11
0.4364583464566929
21
0.9517900393700787
0
LINE
8
BLACK
6
CONTINUOUS
10
0.4364583464566929
20
0.9517900393700787
11
0.4389999212598425
21
0.9515676771653543
0
LINE
8
BLACK
6
CONTINUOUS
10
0.4389999212598425
20
0.9515676771653543
11
0.439
21
0.9515676771653543
0
LINE
8
BLACK
6
CONTINUOUS
10
0.439
20
0.9515676771653543
11
0.4390000787401575
21
0.9515676771653543
0
LINE
8
BLACK
6
CONTINUOUS
10
0.4390000787401575
20
0.9515676771653543
11
0.4411025196850394
21
0.951751653543307
0
LINE
8
BLACK
6
CONTINUOUS
10
0.4411025196850394
20
0.951751653543307
11
0.4474101968503937
21
0.9523034645669292
0
LINE
8
BLACK
6
CONTINUOUS
10
0.4474101968503937
20
0.9523034645669292
11
0.455564842519685
21
0.9544885039370079
0
LINE
8
BLACK
6
CONTINUOUS
10
0.455564842519685
20
0.9544885039370079
11
0.4632161811023622
21
0.9580563779527559
0
LINE
8
BLACK
6
CONTINUOUS
10
0.4632161811023622
20
0.9580563779527559
11
0.4701316929133858
21
0.9628987007874016
0
LINE
8
BLACK
6
CONTINUOUS
10
0.4701316929133858
20
0.9628987007874016
11
0.4761012992125984
21
0.9688683070866142
0
LINE
8
BLACK
6
CONTINUOUS
10
0.4761012992125984
20
0.9688683070866142
11
0.4809436220472441
21
0.9757838188976378
0
LINE
8
BLACK
6
CONTINUOUS
10
0.4809436220472441
20
0.9757838188976378
11
0.4823603543307087
21
0.9788220078740157
0
LINE
8
BLACK
6
CONTINUOUS
10
0.4823603543307087
20
0.9788220078740157
11
0.4831098818897638
21
0.9804293307086613
0
LINE
8
BLACK
6
CONTINUOUS
10
0.4831098818897638
20
0.9804293307086613
11
0.4849276771653543
21
0.9824938582677165
0
LINE
8
BLACK
6
CONTINUOUS
10
0.4849276771653543
20
0.9824938582677165
11
0.4875343700787401
21
0.983248031496063
0
LINE
8
BLACK
6
CONTINUOUS
10
0.4875343700787401
20
0.983248031496063
11
0.510191062992126
21
0.983248031496063
0
LINE
8
BLACK
6
CONTINUOUS
10
0.510191062992126
20
0.983248031496063
11
0.5128303937007874
21
0.982473031496063
0
LINE
8
BLACK
6
CONTINUOUS
10
0.5128303937007874
20
0.982473031496063
11
0.5146317716535433
21
0.9803941338582677
0
LINE
8
BLACK
6
CONTINUOUS
10
0.5146317716535433
20
0.9803941338582677
11
0.5150516141732283
21
0.9788220078740157
0
LINE
8
BLACK
6
CONTINUOUS
10
0.5150516141732283
20
0.9788220078740157
11
0.5151320078740157
21
0.9779646062992126
0
LINE
8
BLACK
6
CONTINUOUS
10
0.5151320078740157
20
0.9779646062992126
11
0.5151320078740157
21
0.9779645275590551
0
LINE
8
BLACK
6
CONTINUOUS
10
0.5151320078740157
20
0.9779645275590551
11
0.5165434251968504
21
0.973931062992126
0
LINE
8
BLACK
6
CONTINUOUS
10
0.5165434251968504
20
0.973931062992126
11
0.5168979133858268
21
0.9729180314960629
0
LINE
8
BLACK
6
CONTINUOUS
10
0.5168979133858268
20
0.9729180314960629
11
0.5200727952755906
21
0.9686161811023621
0
LINE
8
BLACK
6
CONTINUOUS
10
0.5200727952755906
20
0.9686161811023621
11
0.5202900787401574
21
0.968321811023622
0
LINE
8
BLACK
6
CONTINUOUS
10
0.5202900787401574
20
0.968321811023622
11
0.5202274015748032
21
0.9682755905511811
0
LINE
8
BLACK
6
CONTINUOUS
10
0.5202274015748032
20
0.9682755905511811
11
0.5213220078740157
21
0.9662709842519684
0
LINE
8
BLACK
6
CONTINUOUS
10
0.5213220078740157
20
0.9662709842519684
11
0.5211257874015748
21
0.9635272047244094
0
LINE
8
BLACK
6
CONTINUOUS
10
0.5211257874015748
20
0.9635272047244094
11
0.5194772834645669
21
0.9613251181102362
0
LINE
8
BLACK
6
CONTINUOUS
10
0.5194772834645669
20
0.9613251181102362
11
0.5184199212598425
21
0.9607229921259842
0
LINE
8
BLACK
6
CONTINUOUS
10
0.5184199212598425
20
0.9607229921259842
11
0.5098654724409448
21
0.95717968503937
0
LINE
8
BLACK
6
CONTINUOUS
10
0.5098654724409448
20
0.95717968503937
11
0.5012794094488189
21
0.9519181102362204
0
LINE
8
BLACK
6
CONTINUOUS
10
0.5012794094488189
20
0.9519181102362204
11
0.5011294094488189
21
0.95179
0
LINE
8
BLACK
6
CONTINUOUS
10
0.5011294094488189
20
0.95179
11
0.5155605511811023
21
0.9373588582677165
0
LINE
8
BLACK
6
CONTINUOUS
10
0.5155605511811023
20
0.9373588582677165
11
0.5192576377952756
21
0.9396479921259843
0
LINE
8
BLACK
6
CONTINUOUS
10
0.5192576377952756
20
0.9396479921259843
11
0.5268790944881889
21
0.9426005511811023
0
LINE
8
BLACK
6
CONTINUOUS
10
0.5268790944881889
20
0.9426005511811023
11
0.5349133070866141
21
0.9441024015748031
0
LINE
8
BLACK
6
CONTINUOUS
10
0.5349133070866141
20
0.9441024015748031
11
0.5430866929133858
21
0.9441024015748031
0
LINE
8
BLACK
6
CONTINUOUS
10
0.5430866929133858
20
0.9441024015748031
11
0.551120905511811
21
0.9426005511811023
0
LINE
8
BLACK
6
CONTINUOUS
10
0.551120905511811
20
0.9426005511811023
11
0.5587423622047244
21
0.9396479921259843
0
LINE
8
BLACK
6
CONTINUOUS
10
0.5587423622047244
20
0.9396479921259843
11
0.5624393700787401
21
0.9373588976377952
0
LINE
8
BLACK
6
CONTINUOUS
10
0.5624393700787401
20
0.9373588976377952
11
0.5768705118110236
21
0.9517899606299213
0
LINE
8
BLACK
6
CONTINUOUS
10
0.5768705118110236
20
0.9517899606299213
11
0.5768705118110236
21
0.9517900393700787
0
LINE
8
BLACK
6
CONTINUOUS
10
0.5768705118110236
20
0.9517900393700787
11
0.5767208661417322
21
0.951917874015748
0
LINE
8
BLACK
6
CONTINUOUS
10
0.5767208661417322
20
0.951917874015748
11
0.5767202755905512
21
0.9519183070866142
0
LINE
8
BLACK
6
CONTINUOUS
10
0.5767202755905512
20
0.9519183070866142
11
0.5681344488188976
21
0.95717968503937
0
LINE
8
BLACK
6
CONTINUOUS
10
0.5681344488188976
20
0.95717968503937
11
0.5681344881889764
21
0.95717968503937
0
LINE
8
BLACK
6
CONTINUOUS
10
0.5681344881889764
20
0.95717968503937
11
0.5642642913385827
21
0.9587827559055118
0
LINE
8
BLACK
6
CONTINUOUS
10
0.5642642913385827
20
0.9587827559055118
11
0.5621224409448818
21
0.9605087795275591
0
LINE
8
BLACK
6
CONTINUOUS
10
0.5621224409448818
20
0.9605087795275591
11
0.5612537401574803
21
0.9631187795275591
0
LINE
8
BLACK
6
CONTINUOUS
10
0.5612537401574803
20
0.9631187795275591
11
0.5619340157480315
21
0.9657841338582677
0
LINE
8
BLACK
6
CONTINUOUS
10
0.5619340157480315
20
0.9657841338582677
11
0.5632334645669291
21
0.9672209055118109
0
LINE
8
BLACK
6
CONTINUOUS
10
0.5632334645669291
20
0.9672209055118109
11
0.5651240157480315
21
0.9686161417322835
0
LINE
8
BLACK
6
CONTINUOUS
10
0.5651240157480315
20
0.9686161417322835
11
0.568298937007874
21
0.9729180314960629
0
LINE
8
BLACK
6
CONTINUOUS
10
0.568298937007874
20
0.9729180314960629
11
0.5699622047244094
21
0.9776713779527559
0
LINE
8
BLACK
6
CONTINUOUS
10
0.5699622047244094
20
0.9776713779527559
11
0.5700648031496063
21
0.9779645275590551
0
LINE
8
BLACK
6
CONTINUOUS
10
0.5700648031496063
20
0.9779645275590551
11
0.5700648031496063
21
0.9779646062992126
0
LINE
8
BLACK
6
CONTINUOUS
10
0.5700648031496063
20
0.9779646062992126
11
0.5701771653543307
21
0.9791626377952756
0
LINE
8
BLACK
6
CONTINUOUS
10
0.5701771653543307
20
0.9791626377952756
11
0.5701771653543307
21
1.0208374015748032
0
LINE
8
BLACK
6
CONTINUOUS
10
0.5701771653543307
20
1.0208374015748032
11
0.5700648031496063
21
1.0220354330708661
0
LINE
8
BLACK
6
CONTINUOUS
10
0.5700648031496063
20
1.0220354330708661
11
0.5700648031496063
21
1.0220355118110236
0
LINE
8
BLACK
6
CONTINUOUS
10
0.5700648031496063
20
1.0220355118110236
11
0.568506062992126
21
1.0264900393700787
0
LINE
8
BLACK
6
CONTINUOUS
10
0.568506062992126
20
1.0264900393700787
11
0.568298937007874
21
1.027081968503937
0
LINE
8
BLACK
6
CONTINUOUS
10
0.568298937007874
20
1.027081968503937
11
0.5651240157480315
21
1.0313838582677166
0
LINE
8
BLACK
6
CONTINUOUS
10
0.5651240157480315
20
1.0313838582677166
11
0.565123937007874
21
1.0313838976377951
0
LINE
8
BLACK
6
CONTINUOUS
10
0.565123937007874
20
1.0313838976377951
11
0.565123937007874
21
1.0313839370078739
0
LINE
8
BLACK
6
CONTINUOUS
10
0.565123937007874
20
1.0313839370078739
11
0.5632335826771654
21
1.0327790551181102
0
LINE
8
BLACK
6
CONTINUOUS
10
0.5632335826771654
20
1.0327790551181102
11
0.5615701574803149
21
1.0349698818897637
0
LINE
8
BLACK
6
CONTINUOUS
10
0.5615701574803149
20
1.0349698818897637
11
0.5613552362204725
21
1.0377122440944881
0
LINE
8
BLACK
6
CONTINUOUS
10
0.5613552362204725
20
1.0377122440944881
11
0.5626570866141732
21
1.0401354724409448
0
LINE
8
BLACK
6
CONTINUOUS
10
0.5626570866141732
20
1.0401354724409448
11
0.5642643307086614
21
1.041217283464567
0
LINE
8
BLACK
6
CONTINUOUS
10
0.5642643307086614
20
1.041217283464567
11
0.5681343700787401
21
1.0428203149606299
0
LINE
8
BLACK
6
CONTINUOUS
10
0.5681343700787401
20
1.0428203149606299
11
0.5681344488188976
21
1.0428203543307086
0
LINE
8
BLACK
6
CONTINUOUS
10
0.5681344488188976
20
1.0428203543307086
11
0.5767205905511811
21
1.0480819291338583
0
LINE
8
BLACK
6
CONTINUOUS
10
0.5767205905511811
20
1.0480819291338583
11
0.5768705511811023
21
1.0482100787401574
0
LINE
8
BLACK
6
CONTINUOUS
10
0.5768705511811023
20
1.0482100787401574
11
0.5624394488188976
21
1.0626411811023622
0
LINE
8
BLACK
6
CONTINUOUS
10
0.5624394488188976
20
1.0626411811023622
11
0.5587423622047244
21
1.0603520078740156
0
LINE
8
BLACK
6
CONTINUOUS
10
0.5587423622047244
20
1.0603520078740156
11
0.551120905511811
21
1.0573994488188976
0
LINE
8
BLACK
6
CONTINUOUS
10
0.551120905511811
20
1.0573994488188976
11
0.5430866929133858
21
1.0558975984251968
0
LINE
8
BLACK
6
CONTINUOUS
10
0.5430866929133858
20
1.0558975984251968
11
0.5349133070866141
21
1.0558975984251968
0
LINE
8
BLACK
6
CONTINUOUS
10
0.5349133070866141
20
1.0558975984251968
11
0.5268790944881889
21
1.0573994488188976
0
LINE
8
BLACK
6
CONTINUOUS
10
0.5268790944881889
20
1.0573994488188976
11
0.5192576377952756
21
1.0603520078740156
0
LINE
8
BLACK
6
CONTINUOUS
10
0.5192576377952756
20
1.0603520078740156
11
0.5155605118110236
21
1.0626412204724409
0
LINE
8
BLACK
6
CONTINUOUS
10
0.5155605118110236
20
1.0626412204724409
11
0.5011294094488189
21
1.0482100787401574
0
LINE
8
BLACK
6
CONTINUOUS
10
0.5011294094488189
20
1.0482100787401574
11
0.5011294094488189
21
1.0482100393700786
0
LINE
8
BLACK
6
CONTINUOUS
10
0.5011294094488189
20
1.0482100393700786
11
0.5012790551181102
21
1.0480822047244094
0
LINE
8
BLACK
6
CONTINUOUS
10
0.5012790551181102
20
1.0480822047244094
11
0.5012794488188976
21
1.0480819291338583
0
LINE
8
BLACK
6
CONTINUOUS
10
0.5012794488188976
20
1.0480819291338583
11
0.5098655118110236
21
1.0428203543307086
0
LINE
8
BLACK
6
CONTINUOUS
10
0.5098655118110236
20
1.0428203543307086
11
0.5098656299212598
21
1.0428202755905511
0
LINE
8
BLACK
6
CONTINUOUS
10
0.5098656299212598
20
1.0428202755905511
11
0.5184198818897637
21
1.0392770472440944
0
LINE
8
BLACK
6
CONTINUOUS
10
0.5184198818897637
20
1.0392770472440944
11
0.5205617716535433
21
1.0375510629921258
0
LINE
8
BLACK
6
CONTINUOUS
10
0.5205617716535433
20
1.0375510629921258
11
0.5214304724409449
21
1.0349410629921261
0
LINE
8
BLACK
6
CONTINUOUS
10
0.5214304724409449
20
1.0349410629921261
11
0.5207501968503937
21
1.0322757086614174
0
LINE
8
BLACK
6
CONTINUOUS
10
0.5207501968503937
20
1.0322757086614174
11
0.5202875196850394
21
1.0316800787401574
0
LINE
8
BLACK
6
CONTINUOUS
10
0.5202875196850394
20
1.0316800787401574
11
0.5202900787401574
21
1.031678188976378
0
LINE
8
BLACK
6
CONTINUOUS
10
0.5202900787401574
20
1.031678188976378
11
0.5200728346456692
21
1.0313838976377951
0
LINE
8
BLACK
6
CONTINUOUS
10
0.5200728346456692
20
1.0313838976377951
11
0.5200728346456692
21
1.0313838582677166
0
LINE
8
BLACK
6
CONTINUOUS
10
0.5200728346456692
20
1.0313838582677166
11
0.5198867322834646
21
1.0311316929133858
0
LINE
8
BLACK
6
CONTINUOUS
10
0.5198867322834646
20
1.0311316929133858
11
0.5168979133858268
21
1.0270820078740157
0
LINE
8
BLACK
6
CONTINUOUS
10
0.5168979133858268
20
1.0270820078740157
11
0.516897874015748
21
1.0270819291338582
0
LINE
8
BLACK
6
CONTINUOUS
10
0.516897874015748
20
1.0270819291338582
11
0.5151320078740157
21
1.0220355118110236
0
LINE
8
BLACK
6
CONTINUOUS
10
0.5151320078740157
20
1.0220355118110236
11
0.5151320078740157
21
1.0220354330708661
0
LINE
8
BLACK
6
CONTINUOUS
10
0.5151320078740157
20
1.0220354330708661
11
0.5150516141732283
21
1.0211779921259843
0
LINE
8
BLACK
6
CONTINUOUS
10
0.5150516141732283
20
1.0211779921259843
11
0.5140335826771654
21
1.0186225590551181
0
LINE
8
BLACK
6
CONTINUOUS
10
0.5140335826771654
20
1.0186225590551181
11
0.5117955511811023
21
1.0170231496062991
0
LINE
8
BLACK
6
CONTINUOUS
10
0.5117955511811023
20
1.0170231496062991
11
0.510191062992126
21
1.016751968503937
0
LINE
8
BLACK
6
CONTINUOUS
10
0.510191062992126
20
1.016751968503937
11
0.4875343307086614
21
1.016751968503937
0
LINE
8
BLACK
6
CONTINUOUS
10
0.4875343307086614
20
1.016751968503937
11
0.484895
21
1.017526968503937
0
LINE
8
BLACK
6
CONTINUOUS
10
0.484895
20
1.017526968503937
11
0.483109842519685
21
1.0195706692913387
0
LINE
8
BLACK
6
CONTINUOUS
10
0.483109842519685
20
1.0195706692913387
11
0.4830934251968504
21
1.0196058661417322
0
LINE
8
BLACK
6
CONTINUOUS
10
0.4830934251968504
20
1.0196058661417322
11
0.4809436220472441
21
1.0242161417322835
0
LINE
8
BLACK
6
CONTINUOUS
10
0.4809436220472441
20
1.0242161417322835
11
0.4806838976377953
21
1.0245870472440946
0
LINE
8
BLACK
6
CONTINUOUS
10
0.4806838976377953
20
1.0245870472440946
11
0.4761014173228346
21
1.0311315354330708
0
LINE
8
BLACK
6
CONTINUOUS
10
0.4761014173228346
20
1.0311315354330708
11
0.4761012204724409
21
1.0311317716535433
0
LINE
8
BLACK
6
CONTINUOUS
10
0.4761012204724409
20
1.0311317716535433
11
0.4701316929133858
21
1.0371012992125983
0
LINE
8
BLACK
6
CONTINUOUS
10
0.4701316929133858
20
1.0371012992125983
11
0.4632161417322835
21
1.0419436614173228
0
LINE
8
BLACK
6
CONTINUOUS
10
0.4632161417322835
20
1.0419436614173228
11
0.4582453149606299
21
1.0442615748031496
0
LINE
8
BLACK
6
CONTINUOUS
10
0.4582453149606299
20
1.0442615748031496
11
0.455564842519685
21
1.0455114960629921
0
LINE
8
BLACK
6
CONTINUOUS
10
0.455564842519685
20
1.0455114960629921
11
0.4555646850393701
21
1.0455115354330708
0
LINE
8
BLACK
6
CONTINUOUS
10
0.4555646850393701
20
1.0455115354330708
11
0.4555645275590551
21
1.0455116141732284
0
LINE
8
BLACK
6
CONTINUOUS
10
0.4555645275590551
20
1.0455116141732284
11
0.4474103937007874
21
1.0476964960629922
0
LINE
8
BLACK
6
CONTINUOUS
10
0.4474103937007874
20
1.0476964960629922
11
0.4474102362204724
21
1.047696535433071
0
LINE
8
BLACK
6
CONTINUOUS
10
0.4474102362204724
20
1.047696535433071
11
0.4474101968503937
21
1.047696535433071
0
LINE
8
BLACK
6
CONTINUOUS
10
0.4474101968503937
20
1.047696535433071
11
0.4474101574803149
21
1.0476965748031495
0
LINE
8
BLACK
6
CONTINUOUS
10
0.4474101574803149
20
1.0476965748031495
11
0.4474099606299213
21
1.0476965748031495
0
LINE
8
BLACK
6
CONTINUOUS
10
0.4474099606299213
20
1.0476965748031495
11
0.4390000787401575
21
1.0484323228346457
0
LINE
8
BLACK
6
CONTINUOUS
10
0.4390000787401575
20
1.0484323228346457
11
0.4389999212598425
21
1.0484323228346457
0
LINE
8
BLACK
6
CONTINUOUS
10
0.4389999212598425
20
1.0484323228346457
11
0.43059
21
1.0476965748031495
0
LINE
8
BLACK
6
CONTINUOUS
10
0.43059
20
1.0476965748031495
11
0.4305895669291339
21
1.0476964960629922
0
LINE
8
BLACK
6
CONTINUOUS
10
0.4305895669291339
20
1.0476964960629922
11
0.4224354330708661
21
1.0455116141732284
0
LINE
8
BLACK
6
CONTINUOUS
10
0.4224354330708661
20
1.0455116141732284
11
0.4224350787401575
21
1.0455114566929133
0
LINE
8
BLACK
6
CONTINUOUS
10
0.4224350787401575
20
1.0455114566929133
11
0.4147838582677165
21
1.0419436614173228
0
LINE
8
BLACK
6
CONTINUOUS
10
0.4147838582677165
20
1.0419436614173228
11
0.4147837795275591
21
1.041943622047244
0
LINE
8
BLACK
6
CONTINUOUS
10
0.4147837795275591
20
1.041943622047244
11
0.4078684645669291
21
1.0371014566929133
0
LINE
8
BLACK
6
CONTINUOUS
10
0.4078684645669291
20
1.0371014566929133
11
0.4078682283464567
21
1.0371012598425196
0
LINE
8
BLACK
6
CONTINUOUS
10
0.4078682283464567
20
1.0371012598425196
11
0.4018987401574803
21
1.0311317716535433
0
LINE
8
BLACK
6
CONTINUOUS
10
0.4018987401574803
20
1.0311317716535433
11
0.4018985433070866
21
1.0311315354330708
0
LINE
8
BLACK
6
CONTINUOUS
10
0.4018985433070866
20
1.0311315354330708
11
0.3970563779527559
21
1.024216220472441
0
LINE
8
BLACK
6
CONTINUOUS
10
0.3970563779527559
20
1.024216220472441
11
0.3970563385826771
21
1.0242161417322835
0
LINE
8
BLACK
6
CONTINUOUS
10
0.3970563385826771
20
1.0242161417322835
11
0.3934885433070866
21
1.0165649212598424
0
LINE
8
BLACK
6
CONTINUOUS
10
0.3934885433070866
20
1.0165649212598424
11
0.3934883858267716
21
1.0165645669291339
0
LINE
8
BLACK
6
CONTINUOUS
10
0.3934883858267716
20
1.0165645669291339
11
0.3913035039370079
21
1.0084104330708661
0
LINE
8
BLACK
6
CONTINUOUS
10
0.3913035039370079
20
1.0084104330708661
11
0.3913034251968504
21
1.00841
0
LINE
8
BLACK
6
CONTINUOUS
10
0.3913034251968504
20
1.00841
11
0.3905676771653543
21
1.0000000787401575
0
LINE
8
BLACK
6
CONTINUOUS
10
0.3905676771653543
20
1.0000000787401575
11
0.3905676771653543
21
0.9999999606299212
0
LINE
8
BLACK
6
CONTINUOUS
10
1.1948425196850394
20
1.0120866141732283
11
1.2037007874015748
21
1.0120866141732283
0
LINE
8
BLACK
6
CONTINUOUS
10
1.2037007874015748
20
1.0120866141732283
11
1.2074673622047243
21
1.0113374015748031
0
LINE
8
BLACK
6
CONTINUOUS
10
1.2074673622047243
20
1.0113374015748031
11
1.2106605118110236
21
1.0092038188976378
0
LINE
8
BLACK
6
CONTINUOUS
10
1.2106605118110236
20
1.0092038188976378
11
1.212794094488189
21
1.0060106692913386
0
LINE
8
BLACK
6
CONTINUOUS
10
1.212794094488189
20
1.0060106692913386
11
1.2135433070866142
21
1.002244094488189
0
LINE
8
BLACK
6
CONTINUOUS
10
1.2135433070866142
20
1.002244094488189
11
1.2332283070866141
21
1.002244094488189
0
LINE
8
BLACK
6
CONTINUOUS
10
1.2332283070866141
20
1.002244094488189
11
1.2332283070866141
21
1.0042114960629922
0
LINE
8
BLACK
6
CONTINUOUS
10
1.2332283070866141
20
1.0042114960629922
11
1.2332282677165354
21
1.0042120866141733
0
LINE
8
BLACK
6
CONTINUOUS
10
1.2332282677165354
20
1.0042120866141733
11
1.232815157480315
21
1.0082558267716535
0
LINE
8
BLACK
6
CONTINUOUS
10
1.232815157480315
20
1.0082558267716535
11
1.2306440157480314
21
1.014807874015748
0
LINE
8
BLACK
6
CONTINUOUS
10
1.2306440157480314
20
1.014807874015748
11
1.2306439370078739
21
1.0148080708661418
0
LINE
8
BLACK
6
CONTINUOUS
10
1.2306439370078739
20
1.0148080708661418
11
1.227020275590551
21
1.0206829133858268
0
LINE
8
BLACK
6
CONTINUOUS
10
1.227020275590551
20
1.0206829133858268
11
1.2221395669291337
21
1.0255636220472442
0
LINE
8
BLACK
6
CONTINUOUS
10
1.2221395669291337
20
1.0255636220472442
11
1.2162647244094489
21
1.029187283464567
0
LINE
8
BLACK
6
CONTINUOUS
10
1.2162647244094489
20
1.029187283464567
11
1.2162645275590551
21
1.0291873622047243
0
LINE
8
BLACK
6
CONTINUOUS
10
1.2162645275590551
20
1.0291873622047243
11
1.2097124803149606
21
1.0313585039370079
0
LINE
8
BLACK
6
CONTINUOUS
10
1.2097124803149606
20
1.0313585039370079
11
1.2097122047244093
21
1.0313585433070867
0
LINE
8
BLACK
6
CONTINUOUS
10
1.2097122047244093
20
1.0313585433070867
11
1.2056687401574804
21
1.031771653543307
0
LINE
8
BLACK
6
CONTINUOUS
10
1.2056687401574804
20
1.031771653543307
11
1.1948425196850394
21
1.031771653543307
0
LINE
8
BLACK
6
CONTINUOUS
10
1.1948425196850394
20
1.031771653543307
11
1.1948425196850394
21
1.0120866141732283
0
LINE
8
BLACK
6
CONTINUOUS
10
0.3011294094488189
20
1.0482100787401574
11
0.3011294094488189
21
1.0482100393700786
0
LINE
8
BLACK
6
CONTINUOUS
10
0.3011294094488189
20
1.0482100393700786
11
0.3012790551181102
21
1.0480822047244094
0
LINE
8
BLACK
6
CONTINUOUS
10
0.3012790551181102
20
1.0480822047244094
11
0.3012794488188976
21
1.0480819291338583
0
LINE
8
BLACK
6
CONTINUOUS
10
0.3012794488188976
20
1.0480819291338583
11
0.3098655118110236
21
1.0428203543307086
0
LINE
8
BLACK
6
CONTINUOUS
10
0.3098655118110236
20
1.0428203543307086
11
0.3098656299212598
21
1.0428202755905511
0
LINE
8
BLACK
6
CONTINUOUS
10
0.3098656299212598
20
1.0428202755905511
11
0.3191691732283464
21
1.0389666535433071
0
LINE
8
BLACK
6
CONTINUOUS
10
0.3191691732283464
20
1.0389666535433071
11
0.328961062992126
21
1.0366158661417322
0
LINE
8
BLACK
6
CONTINUOUS
10
0.328961062992126
20
1.0366158661417322
11
0.3289610236220472
21
1.0366158661417322
0
LINE
8
BLACK
6
CONTINUOUS
10
0.3289610236220472
20
1.0366158661417322
11
0.339
21
1.0358258267716536
0
LINE
8
BLACK
6
CONTINUOUS
10
0.339
20
1.0358258267716536
11
0.349038937007874
21
1.0366158661417322
0
LINE
8
BLACK
6
CONTINUOUS
10
0.349038937007874
20
1.0366158661417322
11
0.3588307874015748
21
1.0389666535433071
0
LINE
8
BLACK
6
CONTINUOUS
10
0.3588307874015748
20
1.0389666535433071
11
0.3681343307086614
21
1.0428202755905511
0
LINE
8
BLACK
6
CONTINUOUS
10
0.3681343307086614
20
1.0428202755905511
11
0.3681344488188976
21
1.0428203543307086
0
LINE
8
BLACK
6
CONTINUOUS
10
0.3681344488188976
20
1.0428203543307086
11
0.3767205905511811
21
1.0480819291338583
0
LINE
8
BLACK
6
CONTINUOUS
10
0.3767205905511811
20
1.0480819291338583
11
0.3768705511811024
21
1.0482100787401574
0
LINE
8
BLACK
6
CONTINUOUS
10
0.3768705511811024
20
1.0482100787401574
11
0.3624394488188976
21
1.0626411811023622
0
LINE
8
BLACK
6
CONTINUOUS
10
0.3624394488188976
20
1.0626411811023622
11
0.3587423622047244
21
1.0603520078740156
0
LINE
8
BLACK
6
CONTINUOUS
10
0.3587423622047244
20
1.0603520078740156
11
0.351120905511811
21
1.0573994488188976
0
LINE
8
BLACK
6
CONTINUOUS
10
0.351120905511811
20
1.0573994488188976
11
0.3430866929133858
21
1.0558975984251968
0
LINE
8
BLACK
6
CONTINUOUS
10
0.3430866929133858
20
1.0558975984251968
11
0.3349133070866142
21
1.0558975984251968
0
LINE
8
BLACK
6
CONTINUOUS
10
0.3349133070866142
20
1.0558975984251968
11
0.326879094488189
21
1.0573994488188976
0
LINE
8
BLACK
6
CONTINUOUS
10
0.326879094488189
20
1.0573994488188976
11
0.3192576377952756
21
1.0603520078740156
0
LINE
8
BLACK
6
CONTINUOUS
10
0.3192576377952756
20
1.0603520078740156
11
0.3155605118110236
21
1.0626412204724409
0
LINE
8
BLACK
6
CONTINUOUS
10
0.3155605118110236
20
1.0626412204724409
11
0.3011294094488189
21
1.0482100787401574
0
LINE
8
BLACK
6
CONTINUOUS
10
0.3764758661417323
20
1.1235565748031495
11
0.3766572440944882
21
1.123316377952756
0
LINE
8
BLACK
6
CONTINUOUS
10
0.3766572440944882
20
1.123316377952756
11
0.3803004330708661
21
1.1159998818897638
0
LINE
8
BLACK
6
CONTINUOUS
10
0.3803004330708661
20
1.1159998818897638
11
0.3825372047244094
21
1.1081385039370077
0
LINE
8
BLACK
6
CONTINUOUS
10
0.3825372047244094
20
1.1081385039370077
11
0.3832913385826772
21
1.0999999999999999
0
LINE
8
BLACK
6
CONTINUOUS
10
0.3832913385826772
20
1.0999999999999999
11
0.3825372047244094
21
1.0918614960629922
0
LINE
8
BLACK
6
CONTINUOUS
10
0.3825372047244094
20
1.0918614960629922
11
0.3803004330708661
21
1.0840001181102361
0
LINE
8
BLACK
6
CONTINUOUS
10
0.3803004330708661
20
1.0840001181102361
11
0.3766572440944882
21
1.076683622047244
0
LINE
8
BLACK
6
CONTINUOUS
10
0.3766572440944882
20
1.076683622047244
11
0.3764758661417323
21
1.0764435039370079
0
LINE
8
BLACK
6
CONTINUOUS
10
0.3764758661417323
20
1.0764435039370079
11
0.3907899212598425
21
1.0621294488188977
0
LINE
8
BLACK
6
CONTINUOUS
10
0.3907899212598425
20
1.0621294488188977
11
0.3909180708661417
21
1.0622794094488188
0
LINE
8
BLACK
6
CONTINUOUS
10
0.3909180708661417
20
1.0622794094488188
11
0.3961796456692913
21
1.0708655511811023
0
LINE
8
BLACK
6
CONTINUOUS
10
0.3961796456692913
20
1.0708655511811023
11
0.3961797244094488
21
1.0708656692913385
0
LINE
8
BLACK
6
CONTINUOUS
10
0.3961797244094488
20
1.0708656692913385
11
0.4000333464566929
21
1.0801692125984252
0
LINE
8
BLACK
6
CONTINUOUS
10
0.4000333464566929
20
1.0801692125984252
11
0.4023841338582677
21
1.0899610629921259
0
LINE
8
BLACK
6
CONTINUOUS
10
0.4023841338582677
20
1.0899610629921259
11
0.4031741732283464
21
1.0999999999999999
0
LINE
8
BLACK
6
CONTINUOUS
10
0.4031741732283464
20
1.0999999999999999
11
0.4023841338582677
21
1.1100389763779528
0
LINE
8
BLACK
6
CONTINUOUS
10
0.4023841338582677
20
1.1100389763779528
11
0.4000333464566929
21
1.1198308267716535
0
LINE
8
BLACK
6
CONTINUOUS
10
0.4000333464566929
20
1.1198308267716535
11
0.3961797244094488
21
1.1291343700787402
0
LINE
8
BLACK
6
CONTINUOUS
10
0.3961797244094488
20
1.1291343700787402
11
0.3961796456692913
21
1.1291344881889764
0
LINE
8
BLACK
6
CONTINUOUS
10
0.3961796456692913
20
1.1291344881889764
11
0.3909180708661417
21
1.1377205511811024
0
LINE
8
BLACK
6
CONTINUOUS
10
0.3909180708661417
20
1.1377205511811024
11
0.3909177952755906
21
1.1377209448818897
0
LINE
8
BLACK
6
CONTINUOUS
10
0.3909177952755906
20
1.1377209448818897
11
0.3907899606299213
21
1.137870590551181
0
LINE
8
BLACK
6
CONTINUOUS
10
0.3907899606299213
20
1.137870590551181
11
0.3907899212598425
21
1.137870590551181
0
LINE
8
BLACK
6
CONTINUOUS
10
0.3907899212598425
20
1.137870590551181
11
0.3764758661417323
21
1.1235565748031495
0
LINE
8
BLACK
6
CONTINUOUS
10
0.5764758661417323
20
1.1235565748031495
11
0.5766572440944882
21
1.123316377952756
0
LINE
8
BLACK
6
CONTINUOUS
10
0.5766572440944882
20
1.123316377952756
11
0.5803004330708661
21
1.1159998818897638
0
LINE
8
BLACK
6
CONTINUOUS
10
0.5803004330708661
20
1.1159998818897638
11
0.5825372047244094
21
1.1081385039370077
0
LINE
8
BLACK
6
CONTINUOUS
10
0.5825372047244094
20
1.1081385039370077
11
0.5832913385826771
21
1.0999999999999999
0
LINE
8
BLACK
6
CONTINUOUS
10
0.5832913385826771
20
1.0999999999999999
11
0.5825372047244094
21
1.0918614960629922
0
LINE
8
BLACK
6
CONTINUOUS
10
0.5825372047244094
20
1.0918614960629922
11
0.5803004330708661
21
1.0840001181102361
0
LINE
8
BLACK
6
CONTINUOUS
10
0.5803004330708661
20
1.0840001181102361
11
0.5766572440944882
21
1.076683622047244
0
LINE
8
BLACK
6
CONTINUOUS
10
0.5766572440944882
20
1.076683622047244
11
0.5764758661417323
21
1.0764435039370079
0
LINE
8
BLACK
6
CONTINUOUS
10
0.5764758661417323
20
1.0764435039370079
11
0.5907899212598425
21
1.0621294488188977
0
LINE
8
BLACK
6
CONTINUOUS
10
0.5907899212598425
20
1.0621294488188977
11
0.5909180708661417
21
1.0622794094488188
0
LINE
8
BLACK
6
CONTINUOUS
10
0.5909180708661417
20
1.0622794094488188
11
0.5961796456692914
21
1.0708655511811023
0
LINE
8
BLACK
6
CONTINUOUS
10
0.5961796456692914
20
1.0708655511811023
11
0.5961797244094488
21
1.0708656692913385
0
LINE
8
BLACK
6
CONTINUOUS
10
0.5961797244094488
20
1.0708656692913385
11
0.6000333464566929
21
1.0801692125984252
0
LINE
8
BLACK
6
CONTINUOUS
10
0.6000333464566929
20
1.0801692125984252
11
0.6023841338582677
21
1.0899610629921259
0
LINE
8
BLACK
6
CONTINUOUS
10
0.6023841338582677
20
1.0899610629921259
11
0.6031741732283464
21
1.0999999999999999
0
LINE
8
BLACK
6
CONTINUOUS
10
0.6031741732283464
20
1.0999999999999999
11
0.6023841338582677
21
1.1100389763779528
0
LINE
8
BLACK
6
CONTINUOUS
10
0.6023841338582677
20
1.1100389763779528
11
0.6000333464566929
21
1.1198308267716535
0
LINE
8
BLACK
6
CONTINUOUS
10
0.6000333464566929
20
1.1198308267716535
11
0.5961797244094488
21
1.1291343700787402
0
LINE
8
BLACK
6
CONTINUOUS
10
0.5961797244094488
20
1.1291343700787402
11
0.5961796456692914
21
1.1291344881889764
0
LINE
8
BLACK
6
CONTINUOUS
10
0.5961796456692914
20
1.1291344881889764
11
0.5909180708661417
21
1.1377205511811024
0
LINE
8
BLACK
6
CONTINUOUS
10
0.5909180708661417
20
1.1377205511811024
11
0.5909177952755905
21
1.1377209448818897
0
LINE
8
BLACK
6
CONTINUOUS
10
0.5909177952755905
20
1.1377209448818897
11
0.5907899606299213
21
1.137870590551181
0
LINE
8
BLACK
6
CONTINUOUS
10
0.5907899606299213
20
1.137870590551181
11
0.5907899212598425
21
1.137870590551181
0
LINE
8
BLACK
6
CONTINUOUS
10
0.5907899212598425
20
1.137870590551181
11
0.5764758661417323
21
1.1235565748031495
0
LINE
8
BLACK
6
CONTINUOUS
10
0.4870818897637795
20
1.1377205905511811
11
0.4818203149606299
21
1.1291344881889764
0
LINE
8
BLACK
6
CONTINUOUS
10
0.4818203149606299
20
1.1291344881889764
11
0.4818202362204724
21
1.1291343700787402
0
LINE
8
BLACK
6
CONTINUOUS
10
0.4818202362204724
20
1.1291343700787402
11
0.4779666141732283
21
1.1198308267716535
0
LINE
8
BLACK
6
CONTINUOUS
10
0.4779666141732283
20
1.1198308267716535
11
0.4756158267716535
21
1.1100389763779528
0
LINE
8
BLACK
6
CONTINUOUS
10
0.4756158267716535
20
1.1100389763779528
11
0.4748257874015748
21
1.0999999999999999
0
LINE
8
BLACK
6
CONTINUOUS
10
0.4748257874015748
20
1.0999999999999999
11
0.4756158267716535
21
1.0899610629921259
0
LINE
8
BLACK
6
CONTINUOUS
10
0.4756158267716535
20
1.0899610629921259
11
0.4779666141732283
21
1.0801692125984252
0
LINE
8
BLACK
6
CONTINUOUS
10
0.4779666141732283
20
1.0801692125984252
11
0.4818202362204724
21
1.0708656692913385
0
LINE
8
BLACK
6
CONTINUOUS
10
0.4818202362204724
20
1.0708656692913385
11
0.4818203149606299
21
1.0708655511811023
0
LINE
8
BLACK
6
CONTINUOUS
10
0.4818203149606299
20
1.0708655511811023
11
0.4870816929133858
21
1.0622797244094488
0
LINE
8
BLACK
6
CONTINUOUS
10
0.4870816929133858
20
1.0622797244094488
11
0.4870821259842519
21
1.0622791338582678
0
LINE
8
BLACK
6
CONTINUOUS
10
0.4870821259842519
20
1.0622791338582678
11
0.4872099606299212
21
1.0621294881889765
0
LINE
8
BLACK
6
CONTINUOUS
10
0.4872099606299212
20
1.0621294881889765
11
0.4872100393700787
21
1.0621294881889765
0
LINE
8
BLACK
6
CONTINUOUS
10
0.4872100393700787
20
1.0621294881889765
11
0.5015240551181103
21
1.0764435433070867
0
LINE
8
BLACK
6
CONTINUOUS
10
0.5015240551181103
20
1.0764435433070867
11
0.5013427559055118
21
1.076683622047244
0
LINE
8
BLACK
6
CONTINUOUS
10
0.5013427559055118
20
1.076683622047244
11
0.4976995669291339
21
1.0840001181102361
0
LINE
8
BLACK
6
CONTINUOUS
10
0.4976995669291339
20
1.0840001181102361
11
0.4954627952755906
21
1.0918614960629922
0
LINE
8
BLACK
6
CONTINUOUS
10
0.4954627952755906
20
1.0918614960629922
11
0.4947086614173228
21
1.0999999999999999
0
LINE
8
BLACK
6
CONTINUOUS
10
0.4947086614173228
20
1.0999999999999999
11
0.4954627952755906
21
1.1081385039370077
0
LINE
8
BLACK
6
CONTINUOUS
10
0.4954627952755906
20
1.1081385039370077
11
0.4976995669291339
21
1.1159998818897638
0
LINE
8
BLACK
6
CONTINUOUS
10
0.4976995669291339
20
1.1159998818897638
11
0.5013427559055118
21
1.123316377952756
0
LINE
8
BLACK
6
CONTINUOUS
10
0.5013427559055118
20
1.123316377952756
11
0.5015240551181103
21
1.1235565354330708
0
LINE
8
BLACK
6
CONTINUOUS
10
0.5015240551181103
20
1.1235565354330708
11
0.48721
21
1.137870590551181
0
LINE
8
BLACK
6
CONTINUOUS
10
0.48721
20
1.137870590551181
11
0.4870818897637795
21
1.1377205905511811
0
LINE
8
BLACK
6
CONTINUOUS
10
2.1578543307086613
20
1.1401468897637794
11
2.1579666535433071
21
1.1389488582677165
0
LINE
8
BLACK
6
CONTINUOUS
10
2.1579666535433071
20
1.1389488582677165
11
2.1579666535433071
21
1.138948779527559
0
LINE
8
BLACK
6
CONTINUOUS
10
2.1579666535433071
20
1.138948779527559
11
2.1595537007874017
21
1.1344133858267715
0
LINE
8
BLACK
6
CONTINUOUS
10
2.1595537007874017
20
1.1344133858267715
11
2.1597325590551182
21
1.1339022834645669
0
LINE
8
BLACK
6
CONTINUOUS
10
2.1597325590551182
20
1.1339022834645669
11
2.1629074803149604
21
1.1296003937007875
0
LINE
8
BLACK
6
CONTINUOUS
10
2.1629074803149604
20
1.1296003937007875
11
2.1672093700787403
21
1.1264254724409448
0
LINE
8
BLACK
6
CONTINUOUS
10
2.1672093700787403
20
1.1264254724409448
11
2.1684435433070868
21
1.125993622047244
0
LINE
8
BLACK
6
CONTINUOUS
10
2.1684435433070868
20
1.125993622047244
11
2.1722558661417324
21
1.1246596062992125
0
LINE
8
BLACK
6
CONTINUOUS
10
2.1722558661417324
20
1.1246596062992125
11
2.1734539370078738
21
1.1245472440944881
0
LINE
8
BLACK
6
CONTINUOUS
10
2.1734539370078738
20
1.1245472440944881
11
2.1734540944881888
21
1.1245472440944881
0
LINE
8
BLACK
6
CONTINUOUS
10
2.1734540944881888
20
1.1245472440944881
11
2.1983964566929135
21
1.1245472440944881
0
LINE
8
BLACK
6
CONTINUOUS
10
2.1983964566929135
20
1.1245472440944881
11
2.1995944488188974
21
1.1246596062992125
0
LINE
8
BLACK
6
CONTINUOUS
10
2.1995944488188974
20
1.1246596062992125
11
2.1995945275590549
21
1.1246596062992125
0
LINE
8
BLACK
6
CONTINUOUS
10
2.1995945275590549
20
1.1246596062992125
11
2.2021177165354331
21
1.125542559055118
0
LINE
8
BLACK
6
CONTINUOUS
10
2.2021177165354331
20
1.125542559055118
11
2.2046410236220471
21
1.1264254724409448
0
LINE
8
BLACK
6
CONTINUOUS
10
2.2046410236220471
20
1.1264254724409448
11
2.2089429133858269
21
1.1296003937007875
0
LINE
8
BLACK
6
CONTINUOUS
10
2.2089429133858269
20
1.1296003937007875
11
2.2121178346456691
21
1.1339022834645669
0
LINE
8
BLACK
6
CONTINUOUS
10
2.2121178346456691
20
1.1339022834645669
11
2.2126164566929134
21
1.1353273228346457
0
LINE
8
BLACK
6
CONTINUOUS
10
2.2126164566929134
20
1.1353273228346457
11
2.2142196456692913
21
1.1375625590551182
0
LINE
8
BLACK
6
CONTINUOUS
10
2.2142196456692913
20
1.1375625590551182
11
2.2167768503937006
21
1.138576220472441
0
LINE
8
BLACK
6
CONTINUOUS
10
2.2167768503937006
20
1.138576220472441
11
2.2194761417322835
21
1.1380464566929134
0
LINE
8
BLACK
6
CONTINUOUS
10
2.2194761417322835
20
1.1380464566929134
11
2.221460472440945
21
1.1361414173228346
0
LINE
8
BLACK
6
CONTINUOUS
10
2.221460472440945
20
1.1361414173228346
11
2.2221062598425196
21
1.1337148818897638
0
LINE
8
BLACK
6
CONTINUOUS
10
2.2221062598425196
20
1.1337148818897638
11
2.2221062598425196
21
1.1292223622047244
0
LINE
8
BLACK
6
CONTINUOUS
10
2.2221062598425196
20
1.1292223622047244
11
2.2225641732283465
21
1.1269201181102362
0
LINE
8
BLACK
6
CONTINUOUS
10
2.2225641732283465
20
1.1269201181102362
11
2.2225642125984253
21
1.1269200787401574
0
LINE
8
BLACK
6
CONTINUOUS
10
2.2225642125984253
20
1.1269200787401574
11
2.2243088976377954
21
1.1243089763779528
0
LINE
8
BLACK
6
CONTINUOUS
10
2.2243088976377954
20
1.1243089763779528
11
2.2269199999999998
21
1.1225642913385827
0
LINE
8
BLACK
6
CONTINUOUS
10
2.2269199999999998
20
1.1225642913385827
11
2.2269200393700785
21
1.122564251968504
0
LINE
8
BLACK
6
CONTINUOUS
10
2.2269200393700785
20
1.122564251968504
11
2.229222283464567
21
1.1221063385826771
0
LINE
8
BLACK
6
CONTINUOUS
10
2.229222283464567
20
1.1221063385826771
11
2.2292224015748032
21
1.1221062992125983
0
LINE
8
BLACK
6
CONTINUOUS
10
2.2292224015748032
20
1.1221062992125983
11
2.2292224803149607
21
1.1221062992125983
0
LINE
8
BLACK
6
CONTINUOUS
10
2.2292224803149607
20
1.1221062992125983
11
2.2907775196850393
21
1.1221062992125983
0
LINE
8
BLACK
6
CONTINUOUS
10
2.2907775196850393
20
1.1221062992125983
11
2.290777559055118
21
1.1221063385826771
0
LINE
8
BLACK
6
CONTINUOUS
10
2.290777559055118
20
1.1221063385826771
11
2.2913609055118109
21
1.1222223622047245
0
LINE
8
BLACK
6
CONTINUOUS
10
2.2913609055118109
20
1.1222223622047245
11
2.2930798425196848
21
1.122564251968504
0
LINE
8
BLACK
6
CONTINUOUS
10
2.2930798425196848
20
1.122564251968504
11
2.2930798425196848
21
1.1225642913385827
0
LINE
8
BLACK
6
CONTINUOUS
10
2.2930798425196848
20
1.1225642913385827
11
2.2930799212598423
21
1.1225642913385827
0
LINE
8
BLACK
6
CONTINUOUS
10
2.2930799212598423
20
1.1225642913385827
11
2.2956909842519684
21
1.1243089763779528
0
LINE
8
BLACK
6
CONTINUOUS
10
2.2956909842519684
20
1.1243089763779528
11
2.2974356692913385
21
1.1269200393700787
0
LINE
8
BLACK
6
CONTINUOUS
10
2.2974356692913385
20
1.1269200393700787
11
2.2974356692913385
21
1.1269201181102362
0
LINE
8
BLACK
6
CONTINUOUS
10
2.2974356692913385
20
1.1269201181102362
11
2.2974357086614172
21
1.1269201181102362
0
LINE
8
BLACK
6
CONTINUOUS
10
2.2974357086614172
20
1.1269201181102362
11
2.2977775984251969
21
1.1286390551181102
0
LINE
8
BLACK
6
CONTINUOUS
10
2.2977775984251969
20
1.1286390551181102
11
2.2978936614173229
21
1.1292225196850394
0
LINE
8
BLACK
6
CONTINUOUS
10
2.2978936614173229
20
1.1292225196850394
11
2.2978936614173229
21
1.1383661417322835
0
LINE
8
BLACK
6
CONTINUOUS
10
2.2978936614173229
20
1.1383661417322835
11
2.2986686614173228
21
1.1410054724409449
0
LINE
8
BLACK
6
CONTINUOUS
10
2.2986686614173228
20
1.1410054724409449
11
2.3007475590551181
21
1.1428068503937008
0
LINE
8
BLACK
6
CONTINUOUS
10
2.3007475590551181
20
1.1428068503937008
11
2.3027755511811021
21
1.1432480314960629
0
LINE
8
BLACK
6
CONTINUOUS
10
2.3027755511811021
20
1.1432480314960629
11
2.3172244488188976
21
1.1432480314960629
0
LINE
8
BLACK
6
CONTINUOUS
10
2.3172244488188976
20
1.1432480314960629
11
2.3198637795275592
21
1.1424730314960629
0
LINE
8
BLACK
6
CONTINUOUS
10
2.3198637795275592
20
1.1424730314960629
11
2.3216651574803149
21
1.1403941338582677
0
LINE
8
BLACK
6
CONTINUOUS
10
2.3216651574803149
20
1.1403941338582677
11
2.3221063385826772
21
1.1383661417322835
0
LINE
8
BLACK
6
CONTINUOUS
10
2.3221063385826772
20
1.1383661417322835
11
2.3221063385826772
21
1.1292223622047244
0
LINE
8
BLACK
6
CONTINUOUS
10
2.3221063385826772
20
1.1292223622047244
11
2.3225642519685037
21
1.1269201181102362
0
LINE
8
BLACK
6
CONTINUOUS
10
2.3225642519685037
20
1.1269201181102362
11
2.3225642913385824
21
1.1269200787401574
0
LINE
8
BLACK
6
CONTINUOUS
10
2.3225642913385824
20
1.1269200787401574
11
2.3243089763779525
21
1.1243089763779528
0
LINE
8
BLACK
6
CONTINUOUS
10
2.3243089763779525
20
1.1243089763779528
11
2.3269200787401574
21
1.1225642913385827
0
LINE
8
BLACK
6
CONTINUOUS
10
2.3269200787401574
20
1.1225642913385827
11
2.3269201181102361
21
1.122564251968504
0
LINE
8
BLACK
6
CONTINUOUS
10
2.3269201181102361
20
1.122564251968504
11
2.3292223622047246
21
1.1221063385826771
0
LINE
8
BLACK
6
CONTINUOUS
10
2.3292223622047246
20
1.1221063385826771
11
2.3292224803149604
21
1.1221062992125983
0
LINE
8
BLACK
6
CONTINUOUS
10
2.3292224803149604
20
1.1221062992125983
11
2.3292225590551179
21
1.1221062992125983
0
LINE
8
BLACK
6
CONTINUOUS
10
2.3292225590551179
20
1.1221062992125983
11
2.3907775984251969
21
1.1221062992125983
0
LINE
8
BLACK
6
CONTINUOUS
10
2.3907775984251969
20
1.1221062992125983
11
2.3907776377952756
21
1.1221063385826771
0
LINE
8
BLACK
6
CONTINUOUS
10
2.3907776377952756
20
1.1221063385826771
11
2.3913609842519685
21
1.1222223622047245
0
LINE
8
BLACK
6
CONTINUOUS
10
2.3913609842519685
20
1.1222223622047245
11
2.3930799212598424
21
1.122564251968504
0
LINE
8
BLACK
6
CONTINUOUS
10
2.3930799212598424
20
1.122564251968504
11
2.3930799212598424
21
1.1225642913385827
0
LINE
8
BLACK
6
CONTINUOUS
10
2.3930799212598424
20
1.1225642913385827
11
2.3930799999999999
21
1.1225642913385827
0
LINE
8
BLACK
6
CONTINUOUS
10
2.3930799999999999
20
1.1225642913385827
11
2.395691062992126
21
1.1243089763779528
0
LINE
8
BLACK
6
CONTINUOUS
10
2.395691062992126
20
1.1243089763779528
11
2.3974357480314961
21
1.1269200393700787
0
LINE
8
BLACK
6
CONTINUOUS
10
2.3974357480314961
20
1.1269200393700787
11
2.3974357480314961
21
1.1269201181102362
0
LINE
8
BLACK
6
CONTINUOUS
10
2.3974357480314961
20
1.1269201181102362
11
2.3974357874015748
21
1.1269201181102362
0
LINE
8
BLACK
6
CONTINUOUS
10
2.3974357874015748
20
1.1269201181102362
11
2.3977776771653541
21
1.1286390551181102
0
LINE
8
BLACK
6
CONTINUOUS
10
2.3977776771653541
20
1.1286390551181102
11
2.3978937401574805
21
1.1292225196850394
0
LINE
8
BLACK
6
CONTINUOUS
10
2.3978937401574805
20
1.1292225196850394
11
2.3978937401574805
21
1.1907774803149607
0
LINE
8
BLACK
6
CONTINUOUS
10
2.3978937401574805
20
1.1907774803149607
11
2.3978937401574805
21
1.1907775984251969
0
LINE
8
BLACK
6
CONTINUOUS
10
2.3978937401574805
20
1.1907775984251969
11
2.3978937007874017
21
1.1907776771653542
0
LINE
8
BLACK
6
CONTINUOUS
10
2.3978937007874017
20
1.1907776771653542
11
2.3974357874015748
21
1.1930799212598424
0
LINE
8
BLACK
6
CONTINUOUS
10
2.3974357874015748
20
1.1930799212598424
11
2.3974357480314961
21
1.1930799606299212
0
LINE
8
BLACK
6
CONTINUOUS
10
2.3974357480314961
20
1.1930799606299212
11
2.395691062992126
21
1.195691062992126
0
LINE
8
BLACK
6
CONTINUOUS
10
2.395691062992126
20
1.195691062992126
11
2.3930799606299211
21
1.1974357480314961
0
LINE
8
BLACK
6
CONTINUOUS
10
2.3930799606299211
20
1.1974357480314961
11
2.3930799212598424
21
1.1974357874015749
0
LINE
8
BLACK
6
CONTINUOUS
10
2.3930799212598424
20
1.1974357874015749
11
2.3907776771653544
21
1.1978937007874015
0
LINE
8
BLACK
6
CONTINUOUS
10
2.3907776771653544
20
1.1978937007874015
11
2.3907775196850394
21
1.1978937007874015
0
LINE
8
BLACK
6
CONTINUOUS
10
2.3907775196850394
20
1.1978937007874015
11
2.3292225590551179
21
1.1978937007874015
0
LINE
8
BLACK
6
CONTINUOUS
10
2.3292225590551179
20
1.1978937007874015
11
2.3292223622047246
21
1.1978937007874015
0
LINE
8
BLACK
6
CONTINUOUS
10
2.3292223622047246
20
1.1978937007874015
11
2.3269201181102361
21
1.1974357874015749
0
LINE
8
BLACK
6
CONTINUOUS
10
2.3269201181102361
20
1.1974357874015749
11
2.3269200787401574
21
1.1974357480314961
0
LINE
8
BLACK
6
CONTINUOUS
10
2.3269200787401574
20
1.1974357480314961
11
2.3243089763779525
21
1.195691062992126
0
LINE
8
BLACK
6
CONTINUOUS
10
2.3243089763779525
20
1.195691062992126
11
2.3225642913385824
21
1.1930799606299212
0
LINE
8
BLACK
6
CONTINUOUS
10
2.3225642913385824
20
1.1930799606299212
11
2.3225642519685037
21
1.1930799212598424
0
LINE
8
BLACK
6
CONTINUOUS
10
2.3225642519685037
20
1.1930799212598424
11
2.3221063385826772
21
1.1907776771653542
0
LINE
8
BLACK
6
CONTINUOUS
10
2.3221063385826772
20
1.1907776771653542
11
2.3221063385826772
21
1.1816338582677166
0
LINE
8
BLACK
6
CONTINUOUS
10
2.3221063385826772
20
1.1816338582677166
11
2.3213313385826773
21
1.178994527559055
0
LINE
8
BLACK
6
CONTINUOUS
10
2.3213313385826773
20
1.178994527559055
11
2.319252440944882
21
1.1771931496062993
0
LINE
8
BLACK
6
CONTINUOUS
10
2.319252440944882
20
1.1771931496062993
11
2.3172244488188976
21
1.1767519685039369
0
LINE
8
BLACK
6
CONTINUOUS
10
2.3172244488188976
20
1.1767519685039369
11
2.3027755511811021
21
1.1767519685039369
0
LINE
8
BLACK
6
CONTINUOUS
10
2.3027755511811021
20
1.1767519685039369
11
2.3001362204724409
21
1.1775269685039369
0
LINE
8
BLACK
6
CONTINUOUS
10
2.3001362204724409
20
1.1775269685039369
11
2.2983348425196848
21
1.1796058661417324
0
LINE
8
BLACK
6
CONTINUOUS
10
2.2983348425196848
20
1.1796058661417324
11
2.2978936614173229
21
1.1816338582677166
0
LINE
8
BLACK
6
CONTINUOUS
10
2.2978936614173229
20
1.1816338582677166
11
2.2978936614173229
21
1.1907775984251969
0
LINE
8
BLACK
6
CONTINUOUS
10
2.2978936614173229
20
1.1907775984251969
11
2.2978936220472441
21
1.1907776771653542
0
LINE
8
BLACK
6
CONTINUOUS
10
2.2978936220472441
20
1.1907776771653542
11
2.2974357086614172
21
1.1930799212598424
0
LINE
8
BLACK
6
CONTINUOUS
10
2.2974357086614172
20
1.1930799212598424
11
2.2974356692913385
21
1.1930799606299212
0
LINE
8
BLACK
6
CONTINUOUS
10
2.2974356692913385
20
1.1930799606299212
11
2.2956909842519684
21
1.195691062992126
0
LINE
8
BLACK
6
CONTINUOUS
10
2.2956909842519684
20
1.195691062992126
11
2.2930798818897635
21
1.1974357480314961
0
LINE
8
BLACK
6
CONTINUOUS
10
2.2930798818897635
20
1.1974357480314961
11
2.2930798425196848
21
1.1974357874015749
0
LINE
8
BLACK
6
CONTINUOUS
10
2.2930798425196848
20
1.1974357874015749
11
2.2907775984251968
21
1.1978937007874015
0
LINE
8
BLACK
6
CONTINUOUS
10
2.2907775984251968
20
1.1978937007874015
11
2.2907774409448818
21
1.1978937007874015
0
LINE
8
BLACK
6
CONTINUOUS
10
2.2907774409448818
20
1.1978937007874015
11
2.2292224803149607
21
1.1978937007874015
0
LINE
8
BLACK
6
CONTINUOUS
10
2.2292224803149607
20
1.1978937007874015
11
2.229222283464567
21
1.1978937007874015
0
LINE
8
BLACK
6
CONTINUOUS
10
2.229222283464567
20
1.1978937007874015
11
2.2269200393700785
21
1.1974357874015749
0
LINE
8
BLACK
6
CONTINUOUS
10
2.2269200393700785
20
1.1974357874015749
11
2.2269199999999998
21
1.1974357480314961
0
LINE
8
BLACK
6
CONTINUOUS
10
2.2269199999999998
20
1.1974357480314961
11
2.2243088976377954
21
1.195691062992126
0
LINE
8
BLACK
6
CONTINUOUS
10
2.2243088976377954
20
1.195691062992126
11
2.2225642125984253
21
1.1930799606299212
0
LINE
8
BLACK
6
CONTINUOUS
10
2.2225642125984253
20
1.1930799606299212
11
2.2225641732283465
21
1.1930799212598424
0
LINE
8
BLACK
6
CONTINUOUS
10
2.2225641732283465
20
1.1930799212598424
11
2.2221062598425196
21
1.1907776771653542
0
LINE
8
BLACK
6
CONTINUOUS
10
2.2221062598425196
20
1.1907776771653542
11
2.2221062598425196
21
1.186285157480315
0
LINE
8
BLACK
6
CONTINUOUS
10
2.2221062598425196
20
1.186285157480315
11
2.2213312598425197
21
1.1836458267716534
0
LINE
8
BLACK
6
CONTINUOUS
10
2.2213312598425197
20
1.1836458267716534
11
2.2192523622047244
21
1.1818444488188977
0
LINE
8
BLACK
6
CONTINUOUS
10
2.2192523622047244
20
1.1818444488188977
11
2.2165296062992126
21
1.1814529527559055
0
LINE
8
BLACK
6
CONTINUOUS
10
2.2165296062992126
20
1.1814529527559055
11
2.2140274015748029
21
1.1825956692913386
0
LINE
8
BLACK
6
CONTINUOUS
10
2.2140274015748029
20
1.1825956692913386
11
2.2126164566929134
21
1.1846727165354329
0
LINE
8
BLACK
6
CONTINUOUS
10
2.2126164566929134
20
1.1846727165354329
11
2.2125019291338583
21
1.1850000000000001
0
LINE
8
BLACK
6
CONTINUOUS
10
2.2125019291338583
20
1.1850000000000001
11
2.2121178346456691
21
1.1860977165354329
0
LINE
8
BLACK
6
CONTINUOUS
10
2.2121178346456691
20
1.1860977165354329
11
2.2089429133858269
21
1.1903996062992126
0
LINE
8
BLACK
6
CONTINUOUS
10
2.2089429133858269
20
1.1903996062992126
11
2.2046410236220471
21
1.193574527559055
0
LINE
8
BLACK
6
CONTINUOUS
10
2.2046410236220471
20
1.193574527559055
11
2.2046409448818896
21
1.1935745669291338
0
LINE
8
BLACK
6
CONTINUOUS
10
2.2046409448818896
20
1.1935745669291338
11
2.1995944881889762
21
1.1953404330708661
0
LINE
8
BLACK
6
CONTINUOUS
10
2.1995944881889762
20
1.1953404330708661
11
2.1983964566929135
21
1.1954527559055117
0
LINE
8
BLACK
6
CONTINUOUS
10
2.1983964566929135
20
1.1954527559055117
11
2.1983962992125985
21
1.1954527559055117
0
LINE
8
BLACK
6
CONTINUOUS
10
2.1983962992125985
20
1.1954527559055117
11
2.1734540944881888
21
1.1954527559055117
0
LINE
8
BLACK
6
CONTINUOUS
10
2.1734540944881888
20
1.1954527559055117
11
2.1734539370078738
21
1.1954527559055117
0
LINE
8
BLACK
6
CONTINUOUS
10
2.1734539370078738
20
1.1954527559055117
11
2.1722559055118111
21
1.1953404330708661
0
LINE
8
BLACK
6
CONTINUOUS
10
2.1722559055118111
20
1.1953404330708661
11
2.1722558267716536
21
1.1953404330708661
0
LINE
8
BLACK
6
CONTINUOUS
10
2.1722558267716536
20
1.1953404330708661
11
2.167209409448819
21
1.1935745669291338
0
LINE
8
BLACK
6
CONTINUOUS
10
2.167209409448819
20
1.1935745669291338
11
2.1672093307086615
21
1.193574527559055
0
LINE
8
BLACK
6
CONTINUOUS
10
2.1672093307086615
20
1.193574527559055
11
2.1629074803149604
21
1.1903996062992126
0
LINE
8
BLACK
6
CONTINUOUS
10
2.1629074803149604
20
1.1903996062992126
11
2.1597325590551182
21
1.1860977559055117
0
LINE
8
BLACK
6
CONTINUOUS
10
2.1597325590551182
20
1.1860977559055117
11
2.1597325196850394
21
1.1860976771653544
0
LINE
8
BLACK
6
CONTINUOUS
10
2.1597325196850394
20
1.1860976771653544
11
2.1579666535433071
21
1.1810512598425196
0
LINE
8
BLACK
6
CONTINUOUS
10
2.1579666535433071
20
1.1810512598425196
11
2.1579666535433071
21
1.1810511811023621
0
LINE
8
BLACK
6
CONTINUOUS
10
2.1579666535433071
20
1.1810511811023621
11
2.1578543307086613
21
1.1798531496062992
0
LINE
8
BLACK
6
CONTINUOUS
10
2.1578543307086613
20
1.1798531496062992
11
2.1578543307086613
21
1.1401468897637794
0
LINE
8
BLACK
6
CONTINUOUS
10
0.3289610236220472
20
1.1633841732283465
11
0.3191691732283464
21
1.1610333858267716
0
LINE
8
BLACK
6
CONTINUOUS
10
0.3191691732283464
20
1.1610333858267716
11
0.3098656299212598
21
1.1571797637795276
0
LINE
8
BLACK
6
CONTINUOUS
10
0.3098656299212598
20
1.1571797637795276
11
0.3098655118110236
21
1.1571796850393701
0
LINE
8
BLACK
6
CONTINUOUS
10
0.3098655118110236
20
1.1571796850393701
11
0.3012794094488189
21
1.1519181102362204
0
LINE
8
BLACK
6
CONTINUOUS
10
0.3012794094488189
20
1.1519181102362204
11
0.3011294094488189
21
1.1517899999999999
0
LINE
8
BLACK
6
CONTINUOUS
10
0.3011294094488189
20
1.1517899999999999
11
0.3155605511811024
21
1.1373588582677165
0
LINE
8
BLACK
6
CONTINUOUS
10
0.3155605511811024
20
1.1373588582677165
11
0.3192576377952756
21
1.1396479921259843
0
LINE
8
BLACK
6
CONTINUOUS
10
0.3192576377952756
20
1.1396479921259843
11
0.326879094488189
21
1.1426005511811024
0
LINE
8
BLACK
6
CONTINUOUS
10
0.326879094488189
20
1.1426005511811024
11
0.3349133070866142
21
1.1441024015748031
0
LINE
8
BLACK
6
CONTINUOUS
10
0.3349133070866142
20
1.1441024015748031
11
0.3430866929133858
21
1.1441024015748031
0
LINE
8
BLACK
6
CONTINUOUS
10
0.3430866929133858
20
1.1441024015748031
11
0.351120905511811
21
1.1426005511811024
0
LINE
8
BLACK
6
CONTINUOUS
10
0.351120905511811
20
1.1426005511811024
11
0.3587423622047244
21
1.1396479921259843
0
LINE
8
BLACK
6
CONTINUOUS
10
0.3587423622047244
20
1.1396479921259843
11
0.3624393700787402
21
1.1373588976377953
0
LINE
8
BLACK
6
CONTINUOUS
10
0.3624393700787402
20
1.1373588976377953
11
0.3768705118110236
21
1.1517899606299213
0
LINE
8
BLACK
6
CONTINUOUS
10
0.3768705118110236
20
1.1517899606299213
11
0.3768705118110236
21
1.1517900393700786
0
LINE
8
BLACK
6
CONTINUOUS
10
0.3768705118110236
20
1.1517900393700786
11
0.3767208661417323
21
1.1519178740157481
0
LINE
8
BLACK
6
CONTINUOUS
10
0.3767208661417323
20
1.1519178740157481
11
0.3767202755905512
21
1.1519183070866141
0
LINE
8
BLACK
6
CONTINUOUS
10
0.3767202755905512
20
1.1519183070866141
11
0.3681344488188976
21
1.1571796850393701
0
LINE
8
BLACK
6
CONTINUOUS
10
0.3681344488188976
20
1.1571796850393701
11
0.3681343307086614
21
1.1571797637795276
0
LINE
8
BLACK
6
CONTINUOUS
10
0.3681343307086614
20
1.1571797637795276
11
0.3588307874015748
21
1.1610333858267716
0
LINE
8
BLACK
6
CONTINUOUS
10
0.3588307874015748
20
1.1610333858267716
11
0.3490388976377953
21
1.1633841732283465
0
LINE
8
BLACK
6
CONTINUOUS
10
0.3490388976377953
20
1.1633841732283465
11
0.349038937007874
21
1.1633841732283465
0
LINE
8
BLACK
6
CONTINUOUS
10
0.349038937007874
20
1.1633841732283465
11
0.339
21
1.1641742125984251
0
LINE
8
BLACK
6
CONTINUOUS
10
0.339
20
1.1641742125984251
11
0.3289610236220472
21
1.1633841732283465
0
LINE
8
BLACK
6
CONTINUOUS
10
0.5289610236220472
20
1.1633841732283465
11
0.5191691732283464
21
1.1610333858267716
0
LINE
8
BLACK
6
CONTINUOUS
10
0.5191691732283464
20
1.1610333858267716
11
0.5098656299212598
21
1.1571797637795276
0
LINE
8
BLACK
6
CONTINUOUS
10
0.5098656299212598
20
1.1571797637795276
11
0.5098655118110236
21
1.1571796850393701
0
LINE
8
BLACK
6
CONTINUOUS
10
0.5098655118110236
20
1.1571796850393701
11
0.5012794094488189
21
1.1519181102362204
0
LINE
8
BLACK
6
CONTINUOUS
10
0.5012794094488189
20
1.1519181102362204
11
0.5011294094488189
21
1.1517899999999999
0
LINE
8
BLACK
6
CONTINUOUS
10
0.5011294094488189
20
1.1517899999999999
11
0.5155605511811023
21
1.1373588582677165
0
LINE
8
BLACK
6
CONTINUOUS
10
0.5155605511811023
20
1.1373588582677165
11
0.5192576377952756
21
1.1396479921259843
0
LINE
8
BLACK
6
CONTINUOUS
10
0.5192576377952756
20
1.1396479921259843
11
0.5268790944881889
21
1.1426005511811024
0
LINE
8
BLACK
6
CONTINUOUS
10
0.5268790944881889
20
1.1426005511811024
11
0.5349133070866141
21
1.1441024015748031
0
LINE
8
BLACK
6
CONTINUOUS
10
0.5349133070866141
20
1.1441024015748031
11
0.5430866929133858
21
1.1441024015748031
0
LINE
8
BLACK
6
CONTINUOUS
10
0.5430866929133858
20
1.1441024015748031
11
0.551120905511811
21
1.1426005511811024
0
LINE
8
BLACK
6
CONTINUOUS
10
0.551120905511811
20
1.1426005511811024
11
0.5587423622047244
21
1.1396479921259843
0
LINE
8
BLACK
6
CONTINUOUS
10
0.5587423622047244
20
1.1396479921259843
11
0.5624393700787401
21
1.1373588976377953
0
LINE
8
BLACK
6
CONTINUOUS
10
0.5624393700787401
20
1.1373588976377953
11
0.5768705118110236
21
1.1517899606299213
0
LINE
8
BLACK
6
CONTINUOUS
10
0.5768705118110236
20
1.1517899606299213
11
0.5768705118110236
21
1.1517900393700786
0
LINE
8
BLACK
6
CONTINUOUS
10
0.5768705118110236
20
1.1517900393700786
11
0.5767208661417322
21
1.1519178740157481
0
LINE
8
BLACK
6
CONTINUOUS
10
0.5767208661417322
20
1.1519178740157481
11
0.5767202755905512
21
1.1519183070866141
0
LINE
8
BLACK
6
CONTINUOUS
10
0.5767202755905512
20
1.1519183070866141
11
0.5681344488188976
21
1.1571796850393701
0
LINE
8
BLACK
6
CONTINUOUS
10
0.5681344488188976
20
1.1571796850393701
11
0.5681343307086614
21
1.1571797637795276
0
LINE
8
BLACK
6
CONTINUOUS
10
0.5681343307086614
20
1.1571797637795276
11
0.5588307874015748
21
1.1610333858267716
0
LINE
8
BLACK
6
CONTINUOUS
10
0.5588307874015748
20
1.1610333858267716
11
0.5490388976377952
21
1.1633841732283465
0
LINE
8
BLACK
6
CONTINUOUS
10
0.5490388976377952
20
1.1633841732283465
11
0.549038937007874
21
1.1633841732283465
0
LINE
8
BLACK
6
CONTINUOUS
10
0.549038937007874
20
1.1633841732283465
11
0.539
21
1.1641742125984251
0
LINE
8
BLACK
6
CONTINUOUS
10
0.539
20
1.1641742125984251
11
0.5289610236220472
21
1.1633841732283465
0
LINE
8
BLACK
6
CONTINUOUS
10
1.4904113779527559
20
1.1465748031496064
11
1.5053628740157481
21
1.1465748031496064
0
LINE
8
BLACK
6
CONTINUOUS
10
1.5053628740157481
20
1.1465748031496064
11
1.5073348031496063
21
1.1461588188976377
0
LINE
8
BLACK
6
CONTINUOUS
10
1.5073348031496063
20
1.1461588188976377
11
1.5103562992125983
21
1.1448247244094487
0
LINE
8
BLACK
6
CONTINUOUS
10
1.5103562992125983
20
1.1448247244094487
11
1.5108514960629922
21
1.1455658267716535
0
LINE
8
BLACK
6
CONTINUOUS
10
1.5108514960629922
20
1.1455658267716535
11
1.5119690944881889
21
1.146312559055118
0
LINE
8
BLACK
6
CONTINUOUS
10
1.5119690944881889
20
1.146312559055118
11
1.513287401574803
21
1.1465748031496064
0
LINE
8
BLACK
6
CONTINUOUS
10
1.513287401574803
20
1.1465748031496064
11
1.5703740157480315
21
1.1465748031496064
0
LINE
8
BLACK
6
CONTINUOUS
10
1.5703740157480315
20
1.1465748031496064
11
1.5716923228346455
21
1.146312559055118
0
LINE
8
BLACK
6
CONTINUOUS
10
1.5716923228346455
20
1.146312559055118
11
1.5728099212598425
21
1.1455658267716535
0
LINE
8
BLACK
6
CONTINUOUS
10
1.5728099212598425
20
1.1455658267716535
11
1.5733050787401575
21
1.1448247244094487
0
LINE
8
BLACK
6
CONTINUOUS
10
1.5733050787401575
20
1.1448247244094487
11
1.5738794488188976
21
1.1450783070866142
0
LINE
8
BLACK
6
CONTINUOUS
10
1.5738794488188976
20
1.1450783070866142
11
1.5763266535433071
21
1.1461588188976377
0
LINE
8
BLACK
6
CONTINUOUS
10
1.5763266535433071
20
1.1461588188976377
11
1.5782985433070866
21
1.1465748031496064
0
LINE
8
BLACK
6
CONTINUOUS
10
1.5782985433070866
20
1.1465748031496064
11
1.5932499606299213
21
1.1465748031496064
0
LINE
8
BLACK
6
CONTINUOUS
10
1.5932499606299213
20
1.1465748031496064
11
1.5932500000000001
21
1.1465748818897639
0
LINE
8
BLACK
6
CONTINUOUS
10
1.5932500000000001
20
1.1465748818897639
11
1.5929087007874014
21
1.149167716535433
0
LINE
8
BLACK
6
CONTINUOUS
10
1.5929087007874014
20
1.149167716535433
11
1.5929085433070866
21
1.1491681889763778
0
LINE
8
BLACK
6
CONTINUOUS
10
1.5929085433070866
20
1.1491681889763778
11
1.5905780708661417
21
1.154794527559055
0
LINE
8
BLACK
6
CONTINUOUS
10
1.5905780708661417
20
1.154794527559055
11
1.5905779527559054
21
1.1547947637795275
0
LINE
8
BLACK
6
CONTINUOUS
10
1.5905779527559054
20
1.1547947637795275
11
1.5868704724409448
21
1.1596263779527558
0
LINE
8
BLACK
6
CONTINUOUS
10
1.5868704724409448
20
1.1596263779527558
11
1.5868704330708661
21
1.1596264173228346
0
LINE
8
BLACK
6
CONTINUOUS
10
1.5868704330708661
20
1.1596264173228346
11
1.5834695669291339
21
1.1622360236220473
0
LINE
8
BLACK
6
CONTINUOUS
10
1.5834695669291339
20
1.1622360236220473
11
1.5818474409448819
21
1.1644575984251968
0
LINE
8
BLACK
6
CONTINUOUS
10
1.5818474409448819
20
1.1644575984251968
11
1.5816804724409448
21
1.16516968503937
0
LINE
8
BLACK
6
CONTINUOUS
10
1.5816804724409448
20
1.16516968503937
11
1.5816026377952757
21
1.165455748031496
0
LINE
8
BLACK
6
CONTINUOUS
10
1.5816026377952757
20
1.165455748031496
11
1.5816026377952757
21
1.165455905511811
0
LINE
8
BLACK
6
CONTINUOUS
10
1.5816026377952757
20
1.165455905511811
11
1.5812964566929133
21
1.1661493700787402
0
LINE
8
BLACK
6
CONTINUOUS
10
1.5812964566929133
20
1.1661493700787402
11
1.5798904724409448
21
1.1693336220472441
0
LINE
8
BLACK
6
CONTINUOUS
10
1.5798904724409448
20
1.1693336220472441
11
1.5798903937007873
21
1.1693337401574804
0
LINE
8
BLACK
6
CONTINUOUS
10
1.5798903937007873
20
1.1693337401574804
11
1.5798903543307086
21
1.1693338188976379
0
LINE
8
BLACK
6
CONTINUOUS
10
1.5798903543307086
20
1.1693338188976379
11
1.576892874015748
21
1.1723312992125985
0
LINE
8
BLACK
6
CONTINUOUS
10
1.576892874015748
20
1.1723312992125985
11
1.5745478740157479
21
1.1733667322834644
0
LINE
8
BLACK
6
CONTINUOUS
10
1.5745478740157479
20
1.1733667322834644
11
1.5730150000000001
21
1.1740435826771654
0
LINE
8
BLACK
6
CONTINUOUS
10
1.5730150000000001
20
1.1740435826771654
11
1.5720672440944881
21
1.1741535433070867
0
LINE
8
BLACK
6
CONTINUOUS
10
1.5720672440944881
20
1.1741535433070867
11
1.572067125984252
21
1.1741535433070867
0
LINE
8
BLACK
6
CONTINUOUS
10
1.572067125984252
20
1.1741535433070867
11
1.5679844881889764
21
1.1741535433070867
0
LINE
8
BLACK
6
CONTINUOUS
10
1.5679844881889764
20
1.1741535433070867
11
1.565345157480315
21
1.1749285433070866
0
LINE
8
BLACK
6
CONTINUOUS
10
1.565345157480315
20
1.1749285433070866
11
1.5635437795275591
21
1.1770074409448819
0
LINE
8
BLACK
6
CONTINUOUS
10
1.5635437795275591
20
1.1770074409448819
11
1.5631443700787402
21
1.1796725984251968
0
LINE
8
BLACK
6
CONTINUOUS
10
1.5631443700787402
20
1.1796725984251968
11
1.563845748031496
21
1.1850000000000001
0
LINE
8
BLACK
6
CONTINUOUS
10
1.563845748031496
20
1.1850000000000001
11
1.5638361417322835
21
1.1850728346456694
0
LINE
8
BLACK
6
CONTINUOUS
10
1.5638361417322835
20
1.1850728346456694
11
1.5630332283464567
21
1.1911716929133858
0
LINE
8
BLACK
6
CONTINUOUS
10
1.5630332283464567
20
1.1911716929133858
11
1.5630332283464567
21
1.1911717322834645
0
LINE
8
BLACK
6
CONTINUOUS
10
1.5630332283464567
20
1.1911717322834645
11
1.5606510236220472
21
1.196922874015748
0
LINE
8
BLACK
6
CONTINUOUS
10
1.5606510236220472
20
1.196922874015748
11
1.5568614960629921
21
1.2018614960629921
0
LINE
8
BLACK
6
CONTINUOUS
10
1.5568614960629921
20
1.2018614960629921
11
1.551922874015748
21
1.2056510236220472
0
LINE
8
BLACK
6
CONTINUOUS
10
1.551922874015748
20
1.2056510236220472
11
1.5518458661417323
21
1.2056829133858267
0
LINE
8
BLACK
6
CONTINUOUS
10
1.5518458661417323
20
1.2056829133858267
11
1.5461717322834645
21
1.2080332283464568
0
LINE
8
BLACK
6
CONTINUOUS
10
1.5461717322834645
20
1.2080332283464568
11
1.546171653543307
21
1.2080332677165353
0
LINE
8
BLACK
6
CONTINUOUS
10
1.546171653543307
20
1.2080332677165353
11
1.5400000393700788
21
1.208845748031496
0
LINE
8
BLACK
6
CONTINUOUS
10
1.5400000393700788
20
1.208845748031496
11
1.5399999606299213
21
1.208845748031496
0
LINE
8
BLACK
6
CONTINUOUS
10
1.5399999606299213
20
1.208845748031496
11
1.5338283070866141
21
1.2080332677165353
0
LINE
8
BLACK
6
CONTINUOUS
10
1.5338283070866141
20
1.2080332677165353
11
1.5338282283464566
21
1.2080332283464568
0
LINE
8
BLACK
6
CONTINUOUS
10
1.5338282283464566
20
1.2080332283464568
11
1.5280771653543306
21
1.205651062992126
0
LINE
8
BLACK
6
CONTINUOUS
10
1.5280771653543306
20
1.205651062992126
11
1.5231385039370078
21
1.2018614960629921
0
LINE
8
BLACK
6
CONTINUOUS
10
1.5231385039370078
20
1.2018614960629921
11
1.5193489370078739
21
1.1969228346456693
0
LINE
8
BLACK
6
CONTINUOUS
10
1.5193489370078739
20
1.1969228346456693
11
1.5169667716535433
21
1.1911717716535433
0
LINE
8
BLACK
6
CONTINUOUS
10
1.5169667716535433
20
1.1911717716535433
11
1.5169667322834646
21
1.1911716929133858
0
LINE
8
BLACK
6
CONTINUOUS
10
1.5169667322834646
20
1.1911716929133858
11
1.5161542519685038
21
1.1850000787401576
0
LINE
8
BLACK
6
CONTINUOUS
10
1.5161542519685038
20
1.1850000787401576
11
1.5161542519685038
21
1.1849999606299213
0
LINE
8
BLACK
6
CONTINUOUS
10
1.5161542519685038
20
1.1849999606299213
11
1.5168555905511811
21
1.1796726377952755
0
LINE
8
BLACK
6
CONTINUOUS
10
1.5168555905511811
20
1.1796726377952755
11
1.5164317322834646
21
1.1769547244094487
0
LINE
8
BLACK
6
CONTINUOUS
10
1.5164317322834646
20
1.1769547244094487
11
1.5146057480314961
21
1.174897401574803
0
LINE
8
BLACK
6
CONTINUOUS
10
1.5146057480314961
20
1.174897401574803
11
1.5120158267716535
21
1.1741535433070867
0
LINE
8
BLACK
6
CONTINUOUS
10
1.5120158267716535
20
1.1741535433070867
11
1.5115947637795275
21
1.1741535433070867
0
LINE
8
BLACK
6
CONTINUOUS
10
1.5115947637795275
20
1.1741535433070867
11
1.5115942519685039
21
1.1741535039370079
0
LINE
8
BLACK
6
CONTINUOUS
10
1.5115942519685039
20
1.1741535039370079
11
1.5106464173228347
21
1.1740435826771654
0
LINE
8
BLACK
6
CONTINUOUS
10
1.5106464173228347
20
1.1740435826771654
11
1.5106462598425197
21
1.1740435433070866
0
LINE
8
BLACK
6
CONTINUOUS
10
1.5106462598425197
20
1.1740435433070866
11
1.5067687401574803
21
1.1723314566929133
0
LINE
8
BLACK
6
CONTINUOUS
10
1.5067687401574803
20
1.1723314566929133
11
1.5067684251968503
21
1.172331220472441
0
LINE
8
BLACK
6
CONTINUOUS
10
1.5067684251968503
20
1.172331220472441
11
1.5037711417322834
21
1.1693339370078739
0
LINE
8
BLACK
6
CONTINUOUS
10
1.5037711417322834
20
1.1693339370078739
11
1.5037709842519684
21
1.1693336614173229
0
LINE
8
BLACK
6
CONTINUOUS
10
1.5037709842519684
20
1.1693336614173229
11
1.5020587795275591
21
1.1654560236220473
0
LINE
8
BLACK
6
CONTINUOUS
10
1.5020587795275591
20
1.1654560236220473
11
1.5019624015748032
21
1.165101653543307
0
LINE
8
BLACK
6
CONTINUOUS
10
1.5019624015748032
20
1.165101653543307
11
1.5018891732283464
21
1.1651215748031496
0
LINE
8
BLACK
6
CONTINUOUS
10
1.5018891732283464
20
1.1651215748031496
11
1.5009948425196851
21
1.1630135039370078
0
LINE
8
BLACK
6
CONTINUOUS
10
1.5009948425196851
20
1.1630135039370078
11
1.5001918503937008
21
1.1622360236220473
0
LINE
8
BLACK
6
CONTINUOUS
10
1.5001918503937008
20
1.1622360236220473
11
1.4967908661417322
21
1.1596263385826771
0
LINE
8
BLACK
6
CONTINUOUS
10
1.4967908661417322
20
1.1596263385826771
11
1.4930834251968503
21
1.1547947637795275
0
LINE
8
BLACK
6
CONTINUOUS
10
1.4930834251968503
20
1.1547947637795275
11
1.4930833070866141
21
1.154794527559055
0
LINE
8
BLACK
6
CONTINUOUS
10
1.4930833070866141
20
1.154794527559055
11
1.4907527952755906
21
1.1491680708661418
0
LINE
8
BLACK
6
CONTINUOUS
10
1.4907527952755906
20
1.1491680708661418
11
1.4904113385826772
21
1.1465748425196851
0
LINE
8
BLACK
6
CONTINUOUS
10
1.4904113385826772
20
1.1465748425196851
11
1.4904113779527559
21
1.1465748031496064
0
LINE
8
BLACK
6
CONTINUOUS
10
1.4448425196850394
20
1.1970866141732284
11
1.4537007874015748
21
1.1970866141732284
0
LINE
8
BLACK
6
CONTINUOUS
10
1.4537007874015748
20
1.1970866141732284
11
1.4574673622047243
21
1.1963374015748032
0
LINE
8
BLACK
6
CONTINUOUS
10
1.4574673622047243
20
1.1963374015748032
11
1.4606605118110236
21
1.1942038188976378
0
LINE
8
BLACK
6
CONTINUOUS
10
1.4606605118110236
20
1.1942038188976378
11
1.462794094488189
21
1.1910106692913385
0
LINE
8
BLACK
6
CONTINUOUS
10
1.462794094488189
20
1.1910106692913385
11
1.4635433070866142
21
1.187244094488189
0
LINE
8
BLACK
6
CONTINUOUS
10
1.4635433070866142
20
1.187244094488189
11
1.4832283070866141
21
1.187244094488189
0
LINE
8
BLACK
6
CONTINUOUS
10
1.4832283070866141
20
1.187244094488189
11
1.4832283070866141
21
1.189211496062992
0
LINE
8
BLACK
6
CONTINUOUS
10
1.4832283070866141
20
1.189211496062992
11
1.4832282677165354
21
1.1892120866141731
0
LINE
8
BLACK
6
CONTINUOUS
10
1.4832282677165354
20
1.1892120866141731
11
1.482815157480315
21
1.1932558267716535
0
LINE
8
BLACK
6
CONTINUOUS
10
1.482815157480315
20
1.1932558267716535
11
1.4806440157480314
21
1.1998078740157481
0
LINE
8
BLACK
6
CONTINUOUS
10
1.4806440157480314
20
1.1998078740157481
11
1.4806439370078739
21
1.1998080708661416
0
LINE
8
BLACK
6
CONTINUOUS
10
1.4806439370078739
20
1.1998080708661416
11
1.477020275590551
21
1.2056829133858267
0
LINE
8
BLACK
6
CONTINUOUS
10
1.477020275590551
20
1.2056829133858267
11
1.4721395669291337
21
1.210563622047244
0
LINE
8
BLACK
6
CONTINUOUS
10
1.4721395669291337
20
1.210563622047244
11
1.4662647244094489
21
1.2141872834645668
0
LINE
8
BLACK
6
CONTINUOUS
10
1.4662647244094489
20
1.2141872834645668
11
1.4662645275590551
21
1.2141873622047243
0
LINE
8
BLACK
6
CONTINUOUS
10
1.4662645275590551
20
1.2141873622047243
11
1.4597124803149606
21
1.216358503937008
0
LINE
8
BLACK
6
CONTINUOUS
10
1.4597124803149606
20
1.216358503937008
11
1.4597122047244093
21
1.2163585433070865
0
LINE
8
BLACK
6
CONTINUOUS
10
1.4597122047244093
20
1.2163585433070865
11
1.4556687401574804
21
1.2167716535433071
0
LINE
8
BLACK
6
CONTINUOUS
10
1.4556687401574804
20
1.2167716535433071
11
1.4448425196850394
21
1.2167716535433071
0
LINE
8
BLACK
6
CONTINUOUS
10
1.4448425196850394
20
1.2167716535433071
11
1.4448425196850394
21
1.1970866141732284
0
LINE
8
BLACK
6
CONTINUOUS
10
1.2223763385826771
20
1.2511417322834646
11
1.223215905511811
21
1.2488907480314961
0
LINE
8
BLACK
6
CONTINUOUS
10
1.223215905511811
20
1.2488907480314961
11
1.2232283464566929
21
1.2485424803149605
0
LINE
8
BLACK
6
CONTINUOUS
10
1.2232283464566929
20
1.2485424803149605
11
1.2232283464566929
21
1.2393318897637795
0
LINE
8
BLACK
6
CONTINUOUS
10
1.2232283464566929
20
1.2393318897637795
11
1.2232283858267716
21
1.2393312204724409
0
LINE
8
BLACK
6
CONTINUOUS
10
1.2232283858267716
20
1.2393312204724409
11
1.223641496062992
21
1.2352875196850392
0
LINE
8
BLACK
6
CONTINUOUS
10
1.223641496062992
20
1.2352875196850392
11
1.2258126377952756
21
1.2287354724409449
0
LINE
8
BLACK
6
CONTINUOUS
10
1.2258126377952756
20
1.2287354724409449
11
1.2258127165354331
21
1.2287352755905512
0
LINE
8
BLACK
6
CONTINUOUS
10
1.2258127165354331
20
1.2287352755905512
11
1.229436377952756
21
1.2228604330708661
0
LINE
8
BLACK
6
CONTINUOUS
10
1.229436377952756
20
1.2228604330708661
11
1.2343170866141733
21
1.2179797244094488
0
LINE
8
BLACK
6
CONTINUOUS
10
1.2343170866141733
20
1.2179797244094488
11
1.2401919291338583
21
1.214356062992126
0
LINE
8
BLACK
6
CONTINUOUS
10
1.2401919291338583
20
1.214356062992126
11
1.2401921259842519
21
1.2143559842519684
0
LINE
8
BLACK
6
CONTINUOUS
10
1.2401921259842519
20
1.2143559842519684
11
1.2467441732283464
21
1.2121848425196851
0
LINE
8
BLACK
6
CONTINUOUS
10
1.2467441732283464
20
1.2121848425196851
11
1.2467444488188977
21
1.2121848031496063
0
LINE
8
BLACK
6
CONTINUOUS
10
1.2467444488188977
20
1.2121848031496063
11
1.2507881496062991
21
1.2117716929133857
0
LINE
8
BLACK
6
CONTINUOUS
10
1.2507881496062991
20
1.2117716929133857
11
1.2527558661417322
21
1.2117717322834645
0
LINE
8
BLACK
6
CONTINUOUS
10
1.2527558661417322
20
1.2117717322834645
11
1.2527559055118109
21
1.2117717322834645
0
LINE
8
BLACK
6
CONTINUOUS
10
1.2527559055118109
20
1.2117717322834645
11
1.2527559055118109
21
1.2314566929133859
0
LINE
8
BLACK
6
CONTINUOUS
10
1.2527559055118109
20
1.2314566929133859
11
1.2489893307086615
21
1.2322059055118111
0
LINE
8
BLACK
6
CONTINUOUS
10
1.2489893307086615
20
1.2322059055118111
11
1.2457961811023621
21
1.2343394881889764
0
LINE
8
BLACK
6
CONTINUOUS
10
1.2457961811023621
20
1.2343394881889764
11
1.2436625984251968
21
1.2375326377952756
0
LINE
8
BLACK
6
CONTINUOUS
10
1.2436625984251968
20
1.2375326377952756
11
1.2429133858267716
21
1.2412992125984252
0
LINE
8
BLACK
6
CONTINUOUS
10
1.2429133858267716
20
1.2412992125984252
11
1.2429133858267716
21
1.2511417322834646
0
LINE
8
BLACK
6
CONTINUOUS
10
1.2429133858267716
20
1.2511417322834646
11
1.2223763385826771
21
1.2511417322834646
0
LINE
8
BLACK
6
CONTINUOUS
10
2.1578543307086613
20
1.2351468897637794
11
2.1579666535433071
21
1.2339488582677165
0
LINE
8
BLACK
6
CONTINUOUS
10
2.1579666535433071
20
1.2339488582677165
11
2.1579666535433071
21
1.233948779527559
0
LINE
8
BLACK
6
CONTINUOUS
10
2.1579666535433071
20
1.233948779527559
11
2.1597325196850394
21
1.2289023622047244
0
LINE
8
BLACK
6
CONTINUOUS
10
2.1597325196850394
20
1.2289023622047244
11
2.1597325590551182
21
1.2289022834645669
0
LINE
8
BLACK
6
CONTINUOUS
10
2.1597325590551182
20
1.2289022834645669
11
2.1629074803149604
21
1.2246003937007874
0
LINE
8
BLACK
6
CONTINUOUS
10
2.1629074803149604
20
1.2246003937007874
11
2.1672093700787403
21
1.2214254724409448
0
LINE
8
BLACK
6
CONTINUOUS
10
2.1672093700787403
20
1.2214254724409448
11
2.1688915354330707
21
1.2208368503937008
0
LINE
8
BLACK
6
CONTINUOUS
10
2.1688915354330707
20
1.2208368503937008
11
2.1722558661417324
21
1.2196596062992127
0
LINE
8
BLACK
6
CONTINUOUS
10
2.1722558661417324
20
1.2196596062992127
11
2.1734539370078738
21
1.2195472440944881
0
LINE
8
BLACK
6
CONTINUOUS
10
2.1734539370078738
20
1.2195472440944881
11
2.1734540944881888
21
1.2195472440944881
0
LINE
8
BLACK
6
CONTINUOUS
10
2.1734540944881888
20
1.2195472440944881
11
2.1983964566929135
21
1.2195472440944881
0
LINE
8
BLACK
6
CONTINUOUS
10
2.1983964566929135
20
1.2195472440944881
11
2.1995944488188974
21
1.2196596062992127
0
LINE
8
BLACK
6
CONTINUOUS
10
2.1995944488188974
20
1.2196596062992127
11
2.1995945275590549
21
1.2196596062992127
0
LINE
8
BLACK
6
CONTINUOUS
10
2.1995945275590549
20
1.2196596062992127
11
2.2021177165354331
21
1.220542559055118
0
LINE
8
BLACK
6
CONTINUOUS
10
2.2021177165354331
20
1.220542559055118
11
2.2046410236220471
21
1.2214254724409448
0
LINE
8
BLACK
6
CONTINUOUS
10
2.2046410236220471
20
1.2214254724409448
11
2.2089429133858269
21
1.2246003937007874
0
LINE
8
BLACK
6
CONTINUOUS
10
2.2089429133858269
20
1.2246003937007874
11
2.2121178346456691
21
1.2289022834645669
0
LINE
8
BLACK
6
CONTINUOUS
10
2.2121178346456691
20
1.2289022834645669
11
2.2126370472440944
21
1.2303861811023622
0
LINE
8
BLACK
6
CONTINUOUS
10
2.2126370472440944
20
1.2303861811023622
11
2.2142401574803148
21
1.2326213385826772
0
LINE
8
BLACK
6
CONTINUOUS
10
2.2142401574803148
20
1.2326213385826772
11
2.2167973228346458
21
1.2336350393700788
0
LINE
8
BLACK
6
CONTINUOUS
10
2.2167973228346458
20
1.2336350393700788
11
2.2194966141732282
21
1.2331053149606299
0
LINE
8
BLACK
6
CONTINUOUS
10
2.2194966141732282
20
1.2331053149606299
11
2.2214809842519685
21
1.2312003149606299
0
LINE
8
BLACK
6
CONTINUOUS
10
2.2214809842519685
20
1.2312003149606299
11
2.2220390157480314
21
1.2294536614173228
0
LINE
8
BLACK
6
CONTINUOUS
10
2.2220390157480314
20
1.2294536614173228
11
2.2220594488188974
21
1.229457716535433
0
LINE
8
BLACK
6
CONTINUOUS
10
2.2220594488188974
20
1.229457716535433
11
2.2220952362204724
21
1.2292777559055117
0
LINE
8
BLACK
6
CONTINUOUS
10
2.2220952362204724
20
1.2292777559055117
11
2.2221032677165353
21
1.2292526377952755
0
LINE
8
BLACK
6
CONTINUOUS
10
2.2221032677165353
20
1.2292526377952755
11
2.2221062204724409
21
1.2292224803149605
0
LINE
8
BLACK
6
CONTINUOUS
10
2.2221062204724409
20
1.2292224803149605
11
2.2225641732283465
21
1.2269201181102363
0
LINE
8
BLACK
6
CONTINUOUS
10
2.2225641732283465
20
1.2269201181102363
11
2.2225642125984253
21
1.2269200787401575
0
LINE
8
BLACK
6
CONTINUOUS
10
2.2225642125984253
20
1.2269200787401575
11
2.2243088976377954
21
1.2243089763779527
0
LINE
8
BLACK
6
CONTINUOUS
10
2.2243088976377954
20
1.2243089763779527
11
2.2269199999999998
21
1.2225642913385826
0
LINE
8
BLACK
6
CONTINUOUS
10
2.2269199999999998
20
1.2225642913385826
11
2.2269200393700785
21
1.2225642519685038
0
LINE
8
BLACK
6
CONTINUOUS
10
2.2269200393700785
20
1.2225642519685038
11
2.229222283464567
21
1.2221063385826771
0
LINE
8
BLACK
6
CONTINUOUS
10
2.229222283464567
20
1.2221063385826771
11
2.2292224015748032
21
1.2221062992125984
0
LINE
8
BLACK
6
CONTINUOUS
10
2.2292224015748032
20
1.2221062992125984
11
2.2292224803149607
21
1.2221062992125984
0
LINE
8
BLACK
6
CONTINUOUS
10
2.2292224803149607
20
1.2221062992125984
11
2.2907775196850393
21
1.2221062992125984
0
LINE
8
BLACK
6
CONTINUOUS
10
2.2907775196850393
20
1.2221062992125984
11
2.290777559055118
21
1.2221063385826771
0
LINE
8
BLACK
6
CONTINUOUS
10
2.290777559055118
20
1.2221063385826771
11
2.2913609055118109
21
1.2222223622047244
0
LINE
8
BLACK
6
CONTINUOUS
10
2.2913609055118109
20
1.2222223622047244
11
2.2930798425196848
21
1.2225642519685038
0
LINE
8
BLACK
6
CONTINUOUS
10
2.2930798425196848
20
1.2225642519685038
11
2.2930798425196848
21
1.2225642913385826
0
LINE
8
BLACK
6
CONTINUOUS
10
2.2930798425196848
20
1.2225642913385826
11
2.2930799212598423
21
1.2225642913385826
0
LINE
8
BLACK
6
CONTINUOUS
10
2.2930799212598423
20
1.2225642913385826
11
2.2956909842519684
21
1.2243089763779527
0
LINE
8
BLACK
6
CONTINUOUS
10
2.2956909842519684
20
1.2243089763779527
11
2.2974356692913385
21
1.2269200393700788
0
LINE
8
BLACK
6
CONTINUOUS
10
2.2974356692913385
20
1.2269200393700788
11
2.2974356692913385
21
1.2269201181102363
0
LINE
8
BLACK
6
CONTINUOUS
10
2.2974356692913385
20
1.2269201181102363
11
2.2974357086614172
21
1.2269201181102363
0
LINE
8
BLACK
6
CONTINUOUS
10
2.2974357086614172
20
1.2269201181102363
11
2.2978936220472441
21
1.2292223622047245
0
LINE
8
BLACK
6
CONTINUOUS
10
2.2978936220472441
20
1.2292223622047245
11
2.2978936614173229
21
1.2292224409448818
0
LINE
8
BLACK
6
CONTINUOUS
10
2.2978936614173229
20
1.2292224409448818
11
2.2978936614173229
21
1.2383661417322835
0
LINE
8
BLACK
6
CONTINUOUS
10
2.2978936614173229
20
1.2383661417322835
11
2.2986686614173228
21
1.2410054724409449
0
LINE
8
BLACK
6
CONTINUOUS
10
2.2986686614173228
20
1.2410054724409449
11
2.3007475590551181
21
1.2428068503937009
0
LINE
8
BLACK
6
CONTINUOUS
10
2.3007475590551181
20
1.2428068503937009
11
2.3027755511811021
21
1.243248031496063
0
LINE
8
BLACK
6
CONTINUOUS
10
2.3027755511811021
20
1.243248031496063
11
2.3172244488188976
21
1.243248031496063
0
LINE
8
BLACK
6
CONTINUOUS
10
2.3172244488188976
20
1.243248031496063
11
2.3198637795275592
21
1.242473031496063
0
LINE
8
BLACK
6
CONTINUOUS
10
2.3198637795275592
20
1.242473031496063
11
2.3216651574803149
21
1.2403941338582676
0
LINE
8
BLACK
6
CONTINUOUS
10
2.3216651574803149
20
1.2403941338582676
11
2.3221063385826772
21
1.2383661417322835
0
LINE
8
BLACK
6
CONTINUOUS
10
2.3221063385826772
20
1.2383661417322835
11
2.3221063385826772
21
1.2292223622047245
0
LINE
8
BLACK
6
CONTINUOUS
10
2.3221063385826772
20
1.2292223622047245
11
2.3225642519685037
21
1.2269201181102363
0
LINE
8
BLACK
6
CONTINUOUS
10
2.3225642519685037
20
1.2269201181102363
11
2.3225642913385824
21
1.2269200787401575
0
LINE
8
BLACK
6
CONTINUOUS
10
2.3225642913385824
20
1.2269200787401575
11
2.3243089763779525
21
1.2243089763779527
0
LINE
8
BLACK
6
CONTINUOUS
10
2.3243089763779525
20
1.2243089763779527
11
2.3269200787401574
21
1.2225642913385826
0
LINE
8
BLACK
6
CONTINUOUS
10
2.3269200787401574
20
1.2225642913385826
11
2.3269201181102361
21
1.2225642519685038
0
LINE
8
BLACK
6
CONTINUOUS
10
2.3269201181102361
20
1.2225642519685038
11
2.3292223622047246
21
1.2221063385826771
0
LINE
8
BLACK
6
CONTINUOUS
10
2.3292223622047246
20
1.2221063385826771
11
2.3292224803149604
21
1.2221062992125984
0
LINE
8
BLACK
6
CONTINUOUS
10
2.3292224803149604
20
1.2221062992125984
11
2.3292225590551179
21
1.2221062992125984
0
LINE
8
BLACK
6
CONTINUOUS
10
2.3292225590551179
20
1.2221062992125984
11
2.3907775984251969
21
1.2221062992125984
0
LINE
8
BLACK
6
CONTINUOUS
10
2.3907775984251969
20
1.2221062992125984
11
2.3907776377952756
21
1.2221063385826771
0
LINE
8
BLACK
6
CONTINUOUS
10
2.3907776377952756
20
1.2221063385826771
11
2.3913609842519685
21
1.2222223622047244
0
LINE
8
BLACK
6
CONTINUOUS
10
2.3913609842519685
20
1.2222223622047244
11
2.3930799212598424
21
1.2225642519685038
0
LINE
8
BLACK
6
CONTINUOUS
10
2.3930799212598424
20
1.2225642519685038
11
2.3930799212598424
21
1.2225642913385826
0
LINE
8
BLACK
6
CONTINUOUS
10
2.3930799212598424
20
1.2225642913385826
11
2.3930799999999999
21
1.2225642913385826
0
LINE
8
BLACK
6
CONTINUOUS
10
2.3930799999999999
20
1.2225642913385826
11
2.395691062992126
21
1.2243089763779527
0
LINE
8
BLACK
6
CONTINUOUS
10
2.395691062992126
20
1.2243089763779527
11
2.3974357480314961
21
1.2269200393700788
0
LINE
8
BLACK
6
CONTINUOUS
10
2.3974357480314961
20
1.2269200393700788
11
2.3974357480314961
21
1.2269201181102363
0
LINE
8
BLACK
6
CONTINUOUS
10
2.3974357480314961
20
1.2269201181102363
11
2.3974357874015748
21
1.2269201181102363
0
LINE
8
BLACK
6
CONTINUOUS
10
2.3974357874015748
20
1.2269201181102363
11
2.3978937007874017
21
1.2292223622047245
0
LINE
8
BLACK
6
CONTINUOUS
10
2.3978937007874017
20
1.2292223622047245
11
2.3978937401574805
21
1.2292224409448818
0
LINE
8
BLACK
6
CONTINUOUS
10
2.3978937401574805
20
1.2292224409448818
11
2.3978937401574805
21
1.2907775984251968
0
LINE
8
BLACK
6
CONTINUOUS
10
2.3978937401574805
20
1.2907775984251968
11
2.3978937007874017
21
1.2907776771653543
0
LINE
8
BLACK
6
CONTINUOUS
10
2.3978937007874017
20
1.2907776771653543
11
2.3974357874015748
21
1.2930799212598425
0
LINE
8
BLACK
6
CONTINUOUS
10
2.3974357874015748
20
1.2930799212598425
11
2.3974357480314961
21
1.2930799606299213
0
LINE
8
BLACK
6
CONTINUOUS
10
2.3974357480314961
20
1.2930799606299213
11
2.395691062992126
21
1.2956910629921259
0
LINE
8
BLACK
6
CONTINUOUS
10
2.395691062992126
20
1.2956910629921259
11
2.3930799606299211
21
1.297435748031496
0
LINE
8
BLACK
6
CONTINUOUS
10
2.3930799606299211
20
1.297435748031496
11
2.3930799212598424
21
1.2974357874015747
0
LINE
8
BLACK
6
CONTINUOUS
10
2.3930799212598424
20
1.2974357874015747
11
2.3907776771653544
21
1.2978937007874016
0
LINE
8
BLACK
6
CONTINUOUS
10
2.3907776771653544
20
1.2978937007874016
11
2.3907775196850394
21
1.2978937007874016
0
LINE
8
BLACK
6
CONTINUOUS
10
2.3907775196850394
20
1.2978937007874016
11
2.3292225590551179
21
1.2978937007874016
0
LINE
8
BLACK
6
CONTINUOUS
10
2.3292225590551179
20
1.2978937007874016
11
2.3292223622047246
21
1.2978937007874016
0
LINE
8
BLACK
6
CONTINUOUS
10
2.3292223622047246
20
1.2978937007874016
11
2.3269201181102361
21
1.2974357874015747
0
LINE
8
BLACK
6
CONTINUOUS
10
2.3269201181102361
20
1.2974357874015747
11
2.3269200787401574
21
1.297435748031496
0
LINE
8
BLACK
6
CONTINUOUS
10
2.3269200787401574
20
1.297435748031496
11
2.3243089763779525
21
1.2956910629921259
0
LINE
8
BLACK
6
CONTINUOUS
10
2.3243089763779525
20
1.2956910629921259
11
2.3225642913385824
21
1.2930799606299213
0
LINE
8
BLACK
6
CONTINUOUS
10
2.3225642913385824
20
1.2930799606299213
11
2.3225642519685037
21
1.2930799212598425
0
LINE
8
BLACK
6
CONTINUOUS
10
2.3225642519685037
20
1.2930799212598425
11
2.3221063385826772
21
1.2907776771653543
0
LINE
8
BLACK
6
CONTINUOUS
10
2.3221063385826772
20
1.2907776771653543
11
2.3221063385826772
21
1.2816338582677165
0
LINE
8
BLACK
6
CONTINUOUS
10
2.3221063385826772
20
1.2816338582677165
11
2.3213313385826773
21
1.2789945275590551
0
LINE
8
BLACK
6
CONTINUOUS
10
2.3213313385826773
20
1.2789945275590551
11
2.319252440944882
21
1.2771931496062991
0
LINE
8
BLACK
6
CONTINUOUS
10
2.319252440944882
20
1.2771931496062991
11
2.3172244488188976
21
1.276751968503937
0
LINE
8
BLACK
6
CONTINUOUS
10
2.3172244488188976
20
1.276751968503937
11
2.3027755511811021
21
1.276751968503937
0
LINE
8
BLACK
6
CONTINUOUS
10
2.3027755511811021
20
1.276751968503937
11
2.3001362204724409
21
1.277526968503937
0
LINE
8
BLACK
6
CONTINUOUS
10
2.3001362204724409
20
1.277526968503937
11
2.2983348425196848
21
1.2796058661417322
0
LINE
8
BLACK
6
CONTINUOUS
10
2.2983348425196848
20
1.2796058661417322
11
2.2978936614173229
21
1.2816338582677165
0
LINE
8
BLACK
6
CONTINUOUS
10
2.2978936614173229
20
1.2816338582677165
11
2.2978936614173229
21
1.2907775984251968
0
LINE
8
BLACK
6
CONTINUOUS
10
2.2978936614173229
20
1.2907775984251968
11
2.2978936220472441
21
1.2907776771653543
0
LINE
8
BLACK
6
CONTINUOUS
10
2.2978936220472441
20
1.2907776771653543
11
2.2974357086614172
21
1.2930799212598425
0
LINE
8
BLACK
6
CONTINUOUS
10
2.2974357086614172
20
1.2930799212598425
11
2.2974356692913385
21
1.2930799606299213
0
LINE
8
BLACK
6
CONTINUOUS
10
2.2974356692913385
20
1.2930799606299213
11
2.2956909842519684
21
1.2956910629921259
0
LINE
8
BLACK
6
CONTINUOUS
10
2.2956909842519684
20
1.2956910629921259
11
2.2930798818897635
21
1.297435748031496
0
LINE
8
BLACK
6
CONTINUOUS
10
2.2930798818897635
20
1.297435748031496
11
2.2930798425196848
21
1.2974357874015747
0
LINE
8
BLACK
6
CONTINUOUS
10
2.2930798425196848
20
1.2974357874015747
11
2.2907775984251968
21
1.2978937007874016
0
LINE
8
BLACK
6
CONTINUOUS
10
2.2907775984251968
20
1.2978937007874016
11
2.2907774409448818
21
1.2978937007874016
0
LINE
8
BLACK
6
CONTINUOUS
10
2.2907774409448818
20
1.2978937007874016
11
2.2292224803149607
21
1.2978937007874016
0
LINE
8
BLACK
6
CONTINUOUS
10
2.2292224803149607
20
1.2978937007874016
11
2.229222283464567
21
1.2978937007874016
0
LINE
8
BLACK
6
CONTINUOUS
10
2.229222283464567
20
1.2978937007874016
11
2.2269200393700785
21
1.2974357874015747
0
LINE
8
BLACK
6
CONTINUOUS
10
2.2269200393700785
20
1.2974357874015747
11
2.2269199999999998
21
1.297435748031496
0
LINE
8
BLACK
6
CONTINUOUS
10
2.2269199999999998
20
1.297435748031496
11
2.2243088976377954
21
1.2956910629921259
0
LINE
8
BLACK
6
CONTINUOUS
10
2.2243088976377954
20
1.2956910629921259
11
2.2225642125984253
21
1.2930799606299213
0
LINE
8
BLACK
6
CONTINUOUS
10
2.2225642125984253
20
1.2930799606299213
11
2.2225641732283465
21
1.2930799212598425
0
LINE
8
BLACK
6
CONTINUOUS
10
2.2225641732283465
20
1.2930799212598425
11
2.2221062598425196
21
1.2907776771653543
0
LINE
8
BLACK
6
CONTINUOUS
10
2.2221062598425196
20
1.2907776771653543
11
2.2221062598425196
21
1.2816338582677165
0
LINE
8
BLACK
6
CONTINUOUS
10
2.2221062598425196
20
1.2816338582677165
11
2.2213312598425197
21
1.2789945275590551
0
LINE
8
BLACK
6
CONTINUOUS
10
2.2213312598425197
20
1.2789945275590551
11
2.2192523622047244
21
1.2771931496062991
0
LINE
8
BLACK
6
CONTINUOUS
10
2.2192523622047244
20
1.2771931496062991
11
2.21722437007874
21
1.276751968503937
0
LINE
8
BLACK
6
CONTINUOUS
10
2.21722437007874
20
1.276751968503937
11
2.2171023622047246
21
1.276751968503937
0
LINE
8
BLACK
6
CONTINUOUS
10
2.2171023622047246
20
1.276751968503937
11
2.2144630314960629
21
1.277526968503937
0
LINE
8
BLACK
6
CONTINUOUS
10
2.2144630314960629
20
1.277526968503937
11
2.2126616535433072
21
1.2796058661417322
0
LINE
8
BLACK
6
CONTINUOUS
10
2.2126616535433072
20
1.2796058661417322
11
2.2124944094488188
21
1.2800215354330708
0
LINE
8
BLACK
6
CONTINUOUS
10
2.2124944094488188
20
1.2800215354330708
11
2.2121178740157479
21
1.2810976377952756
0
LINE
8
BLACK
6
CONTINUOUS
10
2.2121178740157479
20
1.2810976377952756
11
2.2121178346456691
21
1.2810977165354331
0
LINE
8
BLACK
6
CONTINUOUS
10
2.2121178346456691
20
1.2810977165354331
11
2.2120585826771655
21
1.2811779921259843
0
LINE
8
BLACK
6
CONTINUOUS
10
2.2120585826771655
20
1.2811779921259843
11
2.2089429133858269
21
1.2853996062992126
0
LINE
8
BLACK
6
CONTINUOUS
10
2.2089429133858269
20
1.2853996062992126
11
2.2046410236220471
21
1.288574527559055
0
LINE
8
BLACK
6
CONTINUOUS
10
2.2046410236220471
20
1.288574527559055
11
2.2046409448818896
21
1.2885745669291337
0
LINE
8
BLACK
6
CONTINUOUS
10
2.2046409448818896
20
1.2885745669291337
11
2.1995944881889762
21
1.2903404330708661
0
LINE
8
BLACK
6
CONTINUOUS
10
2.1995944881889762
20
1.2903404330708661
11
2.1983964566929135
21
1.2904527559055117
0
LINE
8
BLACK
6
CONTINUOUS
10
2.1983964566929135
20
1.2904527559055117
11
2.1983962992125985
21
1.2904527559055117
0
LINE
8
BLACK
6
CONTINUOUS
10
2.1983962992125985
20
1.2904527559055117
11
2.1734540944881888
21
1.2904527559055117
0
LINE
8
BLACK
6
CONTINUOUS
10
2.1734540944881888
20
1.2904527559055117
11
2.1734539370078738
21
1.2904527559055117
0
LINE
8
BLACK
6
CONTINUOUS
10
2.1734539370078738
20
1.2904527559055117
11
2.1722559055118111
21
1.2903404330708661
0
LINE
8
BLACK
6
CONTINUOUS
10
2.1722559055118111
20
1.2903404330708661
11
2.1722558267716536
21
1.2903404330708661
0
LINE
8
BLACK
6
CONTINUOUS
10
2.1722558267716536
20
1.2903404330708661
11
2.167209409448819
21
1.2885745669291337
0
LINE
8
BLACK
6
CONTINUOUS
10
2.167209409448819
20
1.2885745669291337
11
2.1672093307086615
21
1.288574527559055
0
LINE
8
BLACK
6
CONTINUOUS
10
2.1672093307086615
20
1.288574527559055
11
2.1629074803149604
21
1.2853996062992126
0
LINE
8
BLACK
6
CONTINUOUS
10
2.1629074803149604
20
1.2853996062992126
11
2.1597325590551182
21
1.2810977559055119
0
LINE
8
BLACK
6
CONTINUOUS
10
2.1597325590551182
20
1.2810977559055119
11
2.1597325196850394
21
1.2810976771653544
0
LINE
8
BLACK
6
CONTINUOUS
10
2.1597325196850394
20
1.2810976771653544
11
2.1579666535433071
21
1.2760512598425195
0
LINE
8
BLACK
6
CONTINUOUS
10
2.1579666535433071
20
1.2760512598425195
11
2.1579666535433071
21
1.2760511811023623
0
LINE
8
BLACK
6
CONTINUOUS
10
2.1579666535433071
20
1.2760511811023623
11
2.1578543307086613
21
1.2748531496062991
0
LINE
8
BLACK
6
CONTINUOUS
10
2.1578543307086613
20
1.2748531496062991
11
2.1578543307086613
21
1.2351468897637794
0
LINE
8
BLACK
6
CONTINUOUS
10
1.1848425196850394
20
1.3020866141732284
11
1.1937007874015748
21
1.3020866141732284
0
LINE
8
BLACK
6
CONTINUOUS
10
1.1937007874015748
20
1.3020866141732284
11
1.1974673622047243
21
1.3013374015748032
0
LINE
8
BLACK
6
CONTINUOUS
10
1.1974673622047243
20
1.3013374015748032
11
1.2006605118110236
21
1.2992038188976378
0
LINE
8
BLACK
6
CONTINUOUS
10
1.2006605118110236
20
1.2992038188976378
11
1.202794094488189
21
1.2960106692913385
0
LINE
8
BLACK
6
CONTINUOUS
10
1.202794094488189
20
1.2960106692913385
11
1.2035433070866142
21
1.292244094488189
0
LINE
8
BLACK
6
CONTINUOUS
10
1.2035433070866142
20
1.292244094488189
11
1.2035433070866142
21
1.2725590551181103
0
LINE
8
BLACK
6
CONTINUOUS
10
1.2035433070866142
20
1.2725590551181103
11
1.2028071653543306
21
1.2688582677165354
0
LINE
8
BLACK
6
CONTINUOUS
10
1.2028071653543306
20
1.2688582677165354
11
1.2429133858267716
21
1.2688582677165354
0
LINE
8
BLACK
6
CONTINUOUS
10
1.2429133858267716
20
1.2688582677165354
11
1.2429133858267716
21
1.2787007874015748
0
LINE
8
BLACK
6
CONTINUOUS
10
1.2429133858267716
20
1.2787007874015748
11
1.2436625984251968
21
1.2824673622047245
0
LINE
8
BLACK
6
CONTINUOUS
10
1.2436625984251968
20
1.2824673622047245
11
1.2457961811023621
21
1.2856605118110236
0
LINE
8
BLACK
6
CONTINUOUS
10
1.2457961811023621
20
1.2856605118110236
11
1.2489893307086615
21
1.2877940944881889
0
LINE
8
BLACK
6
CONTINUOUS
10
1.2489893307086615
20
1.2877940944881889
11
1.2527559055118109
21
1.2885433070866141
0
LINE
8
BLACK
6
CONTINUOUS
10
1.2527559055118109
20
1.2885433070866141
11
1.2527559055118109
21
1.3082283464566928
0
LINE
8
BLACK
6
CONTINUOUS
10
1.2527559055118109
20
1.3082283464566928
11
1.2527558661417322
21
1.3082283858267716
0
LINE
8
BLACK
6
CONTINUOUS
10
1.2527558661417322
20
1.3082283858267716
11
1.2507885433070867
21
1.3082283464566928
0
LINE
8
BLACK
6
CONTINUOUS
10
1.2507885433070867
20
1.3082283464566928
11
1.2507878346456693
21
1.3082283070866141
0
LINE
8
BLACK
6
CONTINUOUS
10
1.2507878346456693
20
1.3082283070866141
11
1.2467441732283464
21
1.3078151968503937
0
LINE
8
BLACK
6
CONTINUOUS
10
1.2467441732283464
20
1.3078151968503937
11
1.2401921259842519
21
1.3056440551181101
0
LINE
8
BLACK
6
CONTINUOUS
10
1.2401921259842519
20
1.3056440551181101
11
1.2401919291338583
21
1.3056439763779528
0
LINE
8
BLACK
6
CONTINUOUS
10
1.2401919291338583
20
1.3056439763779528
11
1.2343172047244093
21
1.3020203937007875
0
LINE
8
BLACK
6
CONTINUOUS
10
1.2343172047244093
20
1.3020203937007875
11
1.2303375196850392
21
1.2980407086614172
0
LINE
8
BLACK
6
CONTINUOUS
10
1.2303375196850392
20
1.2980407086614172
11
1.2279232283464567
21
1.2967224409448819
0
LINE
8
BLACK
6
CONTINUOUS
10
1.2279232283464567
20
1.2967224409448819
11
1.2251794488188976
21
1.2969186614173227
0
LINE
8
BLACK
6
CONTINUOUS
10
1.2251794488188976
20
1.2969186614173227
11
1.2229773622047244
21
1.2985671653543307
0
LINE
8
BLACK
6
CONTINUOUS
10
1.2229773622047244
20
1.2985671653543307
11
1.2222514173228347
21
1.2999571653543307
0
LINE
8
BLACK
6
CONTINUOUS
10
1.2222514173228347
20
1.2999571653543307
11
1.2206440157480314
21
1.304807874015748
0
LINE
8
BLACK
6
CONTINUOUS
10
1.2206440157480314
20
1.304807874015748
11
1.2206439370078739
21
1.3048080708661418
0
LINE
8
BLACK
6
CONTINUOUS
10
1.2206439370078739
20
1.3048080708661418
11
1.2170202755905513
21
1.3106829133858267
0
LINE
8
BLACK
6
CONTINUOUS
10
1.2170202755905513
20
1.3106829133858267
11
1.2121395669291339
21
1.315563622047244
0
LINE
8
BLACK
6
CONTINUOUS
10
1.2121395669291339
20
1.315563622047244
11
1.2062647244094489
21
1.3191872834645668
0
LINE
8
BLACK
6
CONTINUOUS
10
1.2062647244094489
20
1.3191872834645668
11
1.2062645275590551
21
1.3191873622047243
0
LINE
8
BLACK
6
CONTINUOUS
10
1.2062645275590551
20
1.3191873622047243
11
1.1997124803149606
21
1.3213585039370079
0
LINE
8
BLACK
6
CONTINUOUS
10
1.1997124803149606
20
1.3213585039370079
11
1.1997122047244093
21
1.3213585433070867
0
LINE
8
BLACK
6
CONTINUOUS
10
1.1997122047244093
20
1.3213585433070867
11
1.1956687401574804
21
1.3217716535433071
0
LINE
8
BLACK
6
CONTINUOUS
10
1.1956687401574804
20
1.3217716535433071
11
1.1848425196850394
21
1.3217716535433071
0
LINE
8
BLACK
6
CONTINUOUS
10
1.1848425196850394
20
1.3217716535433071
11
1.1848425196850394
21
1.3020866141732284
0
LINE
8
BLACK
6
CONTINUOUS
10
2.1578543307086613
20
1.3401468897637796
11
2.1579666535433071
21
1.3389488582677165
0
LINE
8
BLACK
6
CONTINUOUS
10
2.1579666535433071
20
1.3389488582677165
11
2.1579666535433071
21
1.338948779527559
0
LINE
8
BLACK
6
CONTINUOUS
10
2.1579666535433071
20
1.338948779527559
11
2.1597325196850394
21
1.3339023622047244
0
LINE
8
BLACK
6
CONTINUOUS
10
2.1597325196850394
20
1.3339023622047244
11
2.1597325590551182
21
1.3339022834645669
0
LINE
8
BLACK
6
CONTINUOUS
10
2.1597325590551182
20
1.3339022834645669
11
2.1629074803149604
21
1.3296003937007874
0
LINE
8
BLACK
6
CONTINUOUS
10
2.1629074803149604
20
1.3296003937007874
11
2.1672093700787403
21
1.3264254724409448
0
LINE
8
BLACK
6
CONTINUOUS
10
2.1672093700787403
20
1.3264254724409448
11
2.1688915354330707
21
1.3258368503937008
0
LINE
8
BLACK
6
CONTINUOUS
10
2.1688915354330707
20
1.3258368503937008
11
2.1722558661417324
21
1.3246596062992126
0
LINE
8
BLACK
6
CONTINUOUS
10
2.1722558661417324
20
1.3246596062992126
11
2.1734539370078738
21
1.3245472440944881
0
LINE
8
BLACK
6
CONTINUOUS
10
2.1734539370078738
20
1.3245472440944881
11
2.1734540944881888
21
1.3245472440944881
0
LINE
8
BLACK
6
CONTINUOUS
10
2.1734540944881888
20
1.3245472440944881
11
2.1983964566929135
21
1.3245472440944881
0
LINE
8
BLACK
6
CONTINUOUS
10
2.1983964566929135
20
1.3245472440944881
11
2.1995944488188974
21
1.3246596062992126
0
LINE
8
BLACK
6
CONTINUOUS
10
2.1995944488188974
20
1.3246596062992126
11
2.1995945275590549
21
1.3246596062992126
0
LINE
8
BLACK
6
CONTINUOUS
10
2.1995945275590549
20
1.3246596062992126
11
2.2021177165354331
21
1.325542559055118
0
LINE
8
BLACK
6
CONTINUOUS
10
2.2021177165354331
20
1.325542559055118
11
2.2046410236220471
21
1.3264254724409448
0
LINE
8
BLACK
6
CONTINUOUS
10
2.2046410236220471
20
1.3264254724409448
11
2.2089429133858269
21
1.3296003937007874
0
LINE
8
BLACK
6
CONTINUOUS
10
2.2089429133858269
20
1.3296003937007874
11
2.2121178346456691
21
1.3339022834645669
0
LINE
8
BLACK
6
CONTINUOUS
10
2.2121178346456691
20
1.3339022834645669
11
2.2126164566929134
21
1.3353273228346456
0
LINE
8
BLACK
6
CONTINUOUS
10
2.2126164566929134
20
1.3353273228346456
11
2.2142196456692913
21
1.3375625590551181
0
LINE
8
BLACK
6
CONTINUOUS
10
2.2142196456692913
20
1.3375625590551181
11
2.2167768503937006
21
1.338576220472441
0
LINE
8
BLACK
6
CONTINUOUS
10
2.2167768503937006
20
1.338576220472441
11
2.2194761417322835
21
1.3380464566929133
0
LINE
8
BLACK
6
CONTINUOUS
10
2.2194761417322835
20
1.3380464566929133
11
2.221460472440945
21
1.3361414173228345
0
LINE
8
BLACK
6
CONTINUOUS
10
2.221460472440945
20
1.3361414173228345
11
2.2221062598425196
21
1.3337148818897637
0
LINE
8
BLACK
6
CONTINUOUS
10
2.2221062598425196
20
1.3337148818897637
11
2.2221062598425196
21
1.3292223622047243
0
LINE
8
BLACK
6
CONTINUOUS
10
2.2221062598425196
20
1.3292223622047243
11
2.2225641732283465
21
1.3269201181102361
0
LINE
8
BLACK
6
CONTINUOUS
10
2.2225641732283465
20
1.3269201181102361
11
2.2225642125984253
21
1.3269200787401574
0
LINE
8
BLACK
6
CONTINUOUS
10
2.2225642125984253
20
1.3269200787401574
11
2.2243088976377954
21
1.3243089763779528
0
LINE
8
BLACK
6
CONTINUOUS
10
2.2243088976377954
20
1.3243089763779528
11
2.2269199999999998
21
1.3225642913385827
0
LINE
8
BLACK
6
CONTINUOUS
10
2.2269199999999998
20
1.3225642913385827
11
2.2269200393700785
21
1.3225642519685039
0
LINE
8
BLACK
6
CONTINUOUS
10
2.2269200393700785
20
1.3225642519685039
11
2.229222283464567
21
1.3221063385826772
0
LINE
8
BLACK
6
CONTINUOUS
10
2.229222283464567
20
1.3221063385826772
11
2.2292224015748032
21
1.3221062992125985
0
LINE
8
BLACK
6
CONTINUOUS
10
2.2292224015748032
20
1.3221062992125985
11
2.2292224803149607
21
1.3221062992125985
0
LINE
8
BLACK
6
CONTINUOUS
10
2.2292224803149607
20
1.3221062992125985
11
2.2907775196850393
21
1.3221062992125985
0
LINE
8
BLACK
6
CONTINUOUS
10
2.2907775196850393
20
1.3221062992125985
11
2.290777559055118
21
1.3221063385826772
0
LINE
8
BLACK
6
CONTINUOUS
10
2.290777559055118
20
1.3221063385826772
11
2.2913609055118109
21
1.3222223622047244
0
LINE
8
BLACK
6
CONTINUOUS
10
2.2913609055118109
20
1.3222223622047244
11
2.2930798425196848
21
1.3225642519685039
0
LINE
8
BLACK
6
CONTINUOUS
10
2.2930798425196848
20
1.3225642519685039
11
2.2930798425196848
21
1.3225642913385827
0
LINE
8
BLACK
6
CONTINUOUS
10
2.2930798425196848
20
1.3225642913385827
11
2.2930799212598423
21
1.3225642913385827
0
LINE
8
BLACK
6
CONTINUOUS
10
2.2930799212598423
20
1.3225642913385827
11
2.2956909842519684
21
1.3243089763779528
0
LINE
8
BLACK
6
CONTINUOUS
10
2.2956909842519684
20
1.3243089763779528
11
2.2974356692913385
21
1.3269200393700786
0
LINE
8
BLACK
6
CONTINUOUS
10
2.2974356692913385
20
1.3269200393700786
11
2.2974356692913385
21
1.3269201181102361
0
LINE
8
BLACK
6
CONTINUOUS
10
2.2974356692913385
20
1.3269201181102361
11
2.2974357086614172
21
1.3269201181102361
0
LINE
8
BLACK
6
CONTINUOUS
10
2.2974357086614172
20
1.3269201181102361
11
2.2978936220472441
21
1.3292223622047243
0
LINE
8
BLACK
6
CONTINUOUS
10
2.2978936220472441
20
1.3292223622047243
11
2.2978936614173229
21
1.3292224409448818
0
LINE
8
BLACK
6
CONTINUOUS
10
2.2978936614173229
20
1.3292224409448818
11
2.2978936614173229
21
1.3383661417322834
0
LINE
8
BLACK
6
CONTINUOUS
10
2.2978936614173229
20
1.3383661417322834
11
2.2986686614173228
21
1.3410054724409448
0
LINE
8
BLACK
6
CONTINUOUS
10
2.2986686614173228
20
1.3410054724409448
11
2.3007475590551181
21
1.3428068503937007
0
LINE
8
BLACK
6
CONTINUOUS
10
2.3007475590551181
20
1.3428068503937007
11
2.3027755511811021
21
1.3432480314960629
0
LINE
8
BLACK
6
CONTINUOUS
10
2.3027755511811021
20
1.3432480314960629
11
2.3172244488188976
21
1.3432480314960629
0
LINE
8
BLACK
6
CONTINUOUS
10
2.3172244488188976
20
1.3432480314960629
11
2.3198637795275592
21
1.3424730314960629
0
LINE
8
BLACK
6
CONTINUOUS
10
2.3198637795275592
20
1.3424730314960629
11
2.3216651574803149
21
1.3403941338582677
0
LINE
8
BLACK
6
CONTINUOUS
10
2.3216651574803149
20
1.3403941338582677
11
2.3221063385826772
21
1.3383661417322834
0
LINE
8
BLACK
6
CONTINUOUS
10
2.3221063385826772
20
1.3383661417322834
11
2.3221063385826772
21
1.3292223622047243
0
LINE
8
BLACK
6
CONTINUOUS
10
2.3221063385826772
20
1.3292223622047243
11
2.3225642519685037
21
1.3269201181102361
0
LINE
8
BLACK
6
CONTINUOUS
10
2.3225642519685037
20
1.3269201181102361
11
2.3225642913385824
21
1.3269200787401574
0
LINE
8
BLACK
6
CONTINUOUS
10
2.3225642913385824
20
1.3269200787401574
11
2.3243089763779525
21
1.3243089763779528
0
LINE
8
BLACK
6
CONTINUOUS
10
2.3243089763779525
20
1.3243089763779528
11
2.3269200787401574
21
1.3225642913385827
0
LINE
8
BLACK
6
CONTINUOUS
10
2.3269200787401574
20
1.3225642913385827
11
2.3269201181102361
21
1.3225642519685039
0
LINE
8
BLACK
6
CONTINUOUS
10
2.3269201181102361
20
1.3225642519685039
11
2.3292223622047246
21
1.3221063385826772
0
LINE
8
BLACK
6
CONTINUOUS
10
2.3292223622047246
20
1.3221063385826772
11
2.3292224803149604
21
1.3221062992125985
0
LINE
8
BLACK
6
CONTINUOUS
10
2.3292224803149604
20
1.3221062992125985
11
2.3292225590551179
21
1.3221062992125985
0
LINE
8
BLACK
6
CONTINUOUS
10
2.3292225590551179
20
1.3221062992125985
11
2.3907775984251969
21
1.3221062992125985
0
LINE
8
BLACK
6
CONTINUOUS
10
2.3907775984251969
20
1.3221062992125985
11
2.3907776377952756
21
1.3221063385826772
0
LINE
8
BLACK
6
CONTINUOUS
10
2.3907776377952756
20
1.3221063385826772
11
2.3913609842519685
21
1.3222223622047244
0
LINE
8
BLACK
6
CONTINUOUS
10
2.3913609842519685
20
1.3222223622047244
11
2.3930799212598424
21
1.3225642519685039
0
LINE
8
BLACK
6
CONTINUOUS
10
2.3930799212598424
20
1.3225642519685039
11
2.3930799212598424
21
1.3225642913385827
0
LINE
8
BLACK
6
CONTINUOUS
10
2.3930799212598424
20
1.3225642913385827
11
2.3930799999999999
21
1.3225642913385827
0
LINE
8
BLACK
6
CONTINUOUS
10
2.3930799999999999
20
1.3225642913385827
11
2.395691062992126
21
1.3243089763779528
0
LINE
8
BLACK
6
CONTINUOUS
10
2.395691062992126
20
1.3243089763779528
11
2.3974357480314961
21
1.3269200393700786
0
LINE
8
BLACK
6
CONTINUOUS
10
2.3974357480314961
20
1.3269200393700786
11
2.3974357480314961
21
1.3269201181102361
0
LINE
8
BLACK
6
CONTINUOUS
10
2.3974357480314961
20
1.3269201181102361
11
2.3974357874015748
21
1.3269201181102361
0
LINE
8
BLACK
6
CONTINUOUS
10
2.3974357874015748
20
1.3269201181102361
11
2.3978937007874017
21
1.3292223622047243
0
LINE
8
BLACK
6
CONTINUOUS
10
2.3978937007874017
20
1.3292223622047243
11
2.3978937401574805
21
1.3292224409448818
0
LINE
8
BLACK
6
CONTINUOUS
10
2.3978937401574805
20
1.3292224409448818
11
2.3978937401574805
21
1.3907775984251969
0
LINE
8
BLACK
6
CONTINUOUS
10
2.3978937401574805
20
1.3907775984251969
11
2.3978937007874017
21
1.3907776771653544
0
LINE
8
BLACK
6
CONTINUOUS
10
2.3978937007874017
20
1.3907776771653544
11
2.3974357874015748
21
1.3930799212598426
0
LINE
8
BLACK
6
CONTINUOUS
10
2.3974357874015748
20
1.3930799212598426
11
2.3974357480314961
21
1.3930799606299211
0
LINE
8
BLACK
6
CONTINUOUS
10
2.3974357480314961
20
1.3930799606299211
11
2.395691062992126
21
1.395691062992126
0
LINE
8
BLACK
6
CONTINUOUS
10
2.395691062992126
20
1.395691062992126
11
2.3930799606299211
21
1.3974357480314961
0
LINE
8
BLACK
6
CONTINUOUS
10
2.3930799606299211
20
1.3974357480314961
11
2.3930799212598424
21
1.3974357874015748
0
LINE
8
BLACK
6
CONTINUOUS
10
2.3930799212598424
20
1.3974357874015748
11
2.3907776771653544
21
1.3978937007874015
0
LINE
8
BLACK
6
CONTINUOUS
10
2.3907776771653544
20
1.3978937007874015
11
2.3907775196850394
21
1.3978937007874015
0
LINE
8
BLACK
6
CONTINUOUS
10
2.3907775196850394
20
1.3978937007874015
11
2.3292225590551179
21
1.3978937007874015
0
LINE
8
BLACK
6
CONTINUOUS
10
2.3292225590551179
20
1.3978937007874015
11
2.3292223622047246
21
1.3978937007874015
0
LINE
8
BLACK
6
CONTINUOUS
10
2.3292223622047246
20
1.3978937007874015
11
2.3269201181102361
21
1.3974357874015748
0
LINE
8
BLACK
6
CONTINUOUS
10
2.3269201181102361
20
1.3974357874015748
11
2.3269200787401574
21
1.3974357480314961
0
LINE
8
BLACK
6
CONTINUOUS
10
2.3269200787401574
20
1.3974357480314961
11
2.3243089763779525
21
1.395691062992126
0
LINE
8
BLACK
6
CONTINUOUS
10
2.3243089763779525
20
1.395691062992126
11
2.3225642913385824
21
1.3930799606299211
0
LINE
8
BLACK
6
CONTINUOUS
10
2.3225642913385824
20
1.3930799606299211
11
2.3225642519685037
21
1.3930799212598426
0
LINE
8
BLACK
6
CONTINUOUS
10
2.3225642519685037
20
1.3930799212598426
11
2.3221063385826772
21
1.3907776771653544
0
LINE
8
BLACK
6
CONTINUOUS
10
2.3221063385826772
20
1.3907776771653544
11
2.3221063385826772
21
1.3816338582677166
0
LINE
8
BLACK
6
CONTINUOUS
10
2.3221063385826772
20
1.3816338582677166
11
2.3213313385826773
21
1.3789945275590552
0
LINE
8
BLACK
6
CONTINUOUS
10
2.3213313385826773
20
1.3789945275590552
11
2.319252440944882
21
1.3771931496062992
0
LINE
8
BLACK
6
CONTINUOUS
10
2.319252440944882
20
1.3771931496062992
11
2.3172244488188976
21
1.3767519685039369
0
LINE
8
BLACK
6
CONTINUOUS
10
2.3172244488188976
20
1.3767519685039369
11
2.3027755511811021
21
1.3767519685039369
0
LINE
8
BLACK
6
CONTINUOUS
10
2.3027755511811021
20
1.3767519685039369
11
2.3001362204724409
21
1.3775269685039371
0
LINE
8
BLACK
6
CONTINUOUS
10
2.3001362204724409
20
1.3775269685039371
11
2.2983348425196848
21
1.3796058661417323
0
LINE
8
BLACK
6
CONTINUOUS
10
2.2983348425196848
20
1.3796058661417323
11
2.2978936614173229
21
1.3816338582677166
0
LINE
8
BLACK
6
CONTINUOUS
10
2.2978936614173229
20
1.3816338582677166
11
2.2978936614173229
21
1.3907775984251969
0
LINE
8
BLACK
6
CONTINUOUS
10
2.2978936614173229
20
1.3907775984251969
11
2.2978936220472441
21
1.3907776771653544
0
LINE
8
BLACK
6
CONTINUOUS
10
2.2978936220472441
20
1.3907776771653544
11
2.2974357086614172
21
1.3930799212598426
0
LINE
8
BLACK
6
CONTINUOUS
10
2.2974357086614172
20
1.3930799212598426
11
2.2974356692913385
21
1.3930799606299211
0
LINE
8
BLACK
6
CONTINUOUS
10
2.2974356692913385
20
1.3930799606299211
11
2.2956909842519684
21
1.395691062992126
0
LINE
8
BLACK
6
CONTINUOUS
10
2.2956909842519684
20
1.395691062992126
11
2.2930798818897635
21
1.3974357480314961
0
LINE
8
BLACK
6
CONTINUOUS
10
2.2930798818897635
20
1.3974357480314961
11
2.2930798425196848
21
1.3974357874015748
0
LINE
8
BLACK
6
CONTINUOUS
10
2.2930798425196848
20
1.3974357874015748
11
2.2907775984251968
21
1.3978937007874015
0
LINE
8
BLACK
6
CONTINUOUS
10
2.2907775984251968
20
1.3978937007874015
11
2.2907774409448818
21
1.3978937007874015
0
LINE
8
BLACK
6
CONTINUOUS
10
2.2907774409448818
20
1.3978937007874015
11
2.2292224803149607
21
1.3978937007874015
0
LINE
8
BLACK
6
CONTINUOUS
10
2.2292224803149607
20
1.3978937007874015
11
2.229222283464567
21
1.3978937007874015
0
LINE
8
BLACK
6
CONTINUOUS
10
2.229222283464567
20
1.3978937007874015
11
2.2269200393700785
21
1.3974357874015748
0
LINE
8
BLACK
6
CONTINUOUS
10
2.2269200393700785
20
1.3974357874015748
11
2.2269199999999998
21
1.3974357480314961
0
LINE
8
BLACK
6
CONTINUOUS
10
2.2269199999999998
20
1.3974357480314961
11
2.2243088976377954
21
1.395691062992126
0
LINE
8
BLACK
6
CONTINUOUS
10
2.2243088976377954
20
1.395691062992126
11
2.2225642125984253
21
1.3930799606299211
0
LINE
8
BLACK
6
CONTINUOUS
10
2.2225642125984253
20
1.3930799606299211
11
2.2225641732283465
21
1.3930799212598426
0
LINE
8
BLACK
6
CONTINUOUS
10
2.2225641732283465
20
1.3930799212598426
11
2.2221062598425196
21
1.3907776771653544
0
LINE
8
BLACK
6
CONTINUOUS
10
2.2221062598425196
20
1.3907776771653544
11
2.2221062598425196
21
1.386285157480315
0
LINE
8
BLACK
6
CONTINUOUS
10
2.2221062598425196
20
1.386285157480315
11
2.2213312598425197
21
1.3836458267716536
0
LINE
8
BLACK
6
CONTINUOUS
10
2.2213312598425197
20
1.3836458267716536
11
2.2192523622047244
21
1.3818444488188977
0
LINE
8
BLACK
6
CONTINUOUS
10
2.2192523622047244
20
1.3818444488188977
11
2.2165296062992126
21
1.3814529527559054
0
LINE
8
BLACK
6
CONTINUOUS
10
2.2165296062992126
20
1.3814529527559054
11
2.2140274015748029
21
1.3825956692913386
0
LINE
8
BLACK
6
CONTINUOUS
10
2.2140274015748029
20
1.3825956692913386
11
2.2126164566929134
21
1.3846727165354331
0
LINE
8
BLACK
6
CONTINUOUS
10
2.2126164566929134
20
1.3846727165354331
11
2.2121178346456691
21
1.3860977165354331
0
LINE
8
BLACK
6
CONTINUOUS
10
2.2121178346456691
20
1.3860977165354331
11
2.2089429133858269
21
1.3903996062992126
0
LINE
8
BLACK
6
CONTINUOUS
10
2.2089429133858269
20
1.3903996062992126
11
2.2046410236220471
21
1.393574527559055
0
LINE
8
BLACK
6
CONTINUOUS
10
2.2046410236220471
20
1.393574527559055
11
2.2046409448818896
21
1.3935745669291337
0
LINE
8
BLACK
6
CONTINUOUS
10
2.2046409448818896
20
1.3935745669291337
11
2.1995944881889762
21
1.3953404330708661
0
LINE
8
BLACK
6
CONTINUOUS
10
2.1995944881889762
20
1.3953404330708661
11
2.1983964566929135
21
1.3954527559055119
0
LINE
8
BLACK
6
CONTINUOUS
10
2.1983964566929135
20
1.3954527559055119
11
2.1983962992125985
21
1.3954527559055119
0
LINE
8
BLACK
6
CONTINUOUS
10
2.1983962992125985
20
1.3954527559055119
11
2.1734540944881888
21
1.3954527559055119
0
LINE
8
BLACK
6
CONTINUOUS
10
2.1734540944881888
20
1.3954527559055119
11
2.1734539370078738
21
1.3954527559055119
0
LINE
8
BLACK
6
CONTINUOUS
10
2.1734539370078738
20
1.3954527559055119
11
2.1722559055118111
21
1.3953404330708661
0
LINE
8
BLACK
6
CONTINUOUS
10
2.1722559055118111
20
1.3953404330708661
11
2.1722558267716536
21
1.3953404330708661
0
LINE
8
BLACK
6
CONTINUOUS
10
2.1722558267716536
20
1.3953404330708661
11
2.167209409448819
21
1.3935745669291337
0
LINE
8
BLACK
6
CONTINUOUS
10
2.167209409448819
20
1.3935745669291337
11
2.1672093307086615
21
1.393574527559055
0
LINE
8
BLACK
6
CONTINUOUS
10
2.1672093307086615
20
1.393574527559055
11
2.1629074803149604
21
1.3903996062992126
0
LINE
8
BLACK
6
CONTINUOUS
10
2.1629074803149604
20
1.3903996062992126
11
2.1597325590551182
21
1.3860977559055119
0
LINE
8
BLACK
6
CONTINUOUS
10
2.1597325590551182
20
1.3860977559055119
11
2.1597325196850394
21
1.3860976771653544
0
LINE
8
BLACK
6
CONTINUOUS
10
2.1597325196850394
20
1.3860976771653544
11
2.1579666535433071
21
1.3810512598425198
0
LINE
8
BLACK
6
CONTINUOUS
10
2.1579666535433071
20
1.3810512598425198
11
2.1579666535433071
21
1.3810511811023622
0
LINE
8
BLACK
6
CONTINUOUS
10
2.1579666535433071
20
1.3810511811023622
11
2.1578543307086613
21
1.3798531496062991
0
LINE
8
BLACK
6
CONTINUOUS
10
2.1578543307086613
20
1.3798531496062991
11
2.1578543307086613
21
1.3401468897637796
0
LINE
8
BLACK
6
CONTINUOUS
10
1.7787746062992125
20
1.4591941732283464
11
1.7790134251968504
21
1.4590345669291338
0
LINE
8
BLACK
6
CONTINUOUS
10
1.7790134251968504
20
1.4590345669291338
11
1.7802935826771653
21
1.4571187007874016
0
LINE
8
BLACK
6
CONTINUOUS
10
1.7802935826771653
20
1.4571187007874016
11
1.7807431102362203
21
1.4548587401574802
0
LINE
8
BLACK
6
CONTINUOUS
10
1.7807431102362203
20
1.4548587401574802
11
1.7807431102362203
21
1.4415713385826772
0
LINE
8
BLACK
6
CONTINUOUS
10
1.7807431102362203
20
1.4415713385826772
11
1.8004281496062993
21
1.4415713385826772
0
LINE
8
BLACK
6
CONTINUOUS
10
1.8004281496062993
20
1.4415713385826772
11
1.8004281496062993
21
1.4442120866141732
0
LINE
8
BLACK
6
CONTINUOUS
10
1.8004281496062993
20
1.4442120866141732
11
1.8004281496062993
21
1.4574427952755906
0
LINE
8
BLACK
6
CONTINUOUS
10
1.8004281496062993
20
1.4574427952755906
11
1.8004281102362205
21
1.4574433858267717
0
LINE
8
BLACK
6
CONTINUOUS
10
1.8004281102362205
20
1.4574433858267717
11
1.8003139763779528
21
1.4588937795275589
0
LINE
8
BLACK
6
CONTINUOUS
10
1.8003139763779528
20
1.4588937795275589
11
1.800313937007874
21
1.4588940157480315
0
LINE
8
BLACK
6
CONTINUOUS
10
1.800313937007874
20
1.4588940157480315
11
1.7985101574803148
21
1.4651025984251969
0
LINE
8
BLACK
6
CONTINUOUS
10
1.7985101574803148
20
1.4651025984251969
11
1.7985101181102361
21
1.4651027165354331
0
LINE
8
BLACK
6
CONTINUOUS
10
1.7985101181102361
20
1.4651027165354331
11
1.7952188976377952
21
1.4706679133858267
0
LINE
8
BLACK
6
CONTINUOUS
10
1.7952188976377952
20
1.4706679133858267
11
1.7952186220472441
21
1.4706682677165355
0
LINE
8
BLACK
6
CONTINUOUS
10
1.7952186220472441
20
1.4706682677165355
11
1.7906470866141733
21
1.4752398031496063
0
LINE
8
BLACK
6
CONTINUOUS
10
1.7906470866141733
20
1.4752398031496063
11
1.7906467322834645
21
1.4752400787401574
0
LINE
8
BLACK
6
CONTINUOUS
10
1.7906467322834645
20
1.4752400787401574
11
1.7850815354330709
21
1.4785312992125983
0
LINE
8
BLACK
6
CONTINUOUS
10
1.7850815354330709
20
1.4785312992125983
11
1.7850814173228347
21
1.478531338582677
0
LINE
8
BLACK
6
CONTINUOUS
10
1.7850814173228347
20
1.478531338582677
11
1.7788727952755905
21
1.4803351181102362
0
LINE
8
BLACK
6
CONTINUOUS
10
1.7788727952755905
20
1.4803351181102362
11
1.7788729133858268
21
1.4803351181102362
0
LINE
8
BLACK
6
CONTINUOUS
10
1.7788729133858268
20
1.4803351181102362
11
1.7787746062992125
21
1.480342874015748
0
LINE
8
BLACK
6
CONTINUOUS
10
1.7787746062992125
20
1.480342874015748
11
1.7787746062992125
21
1.4591941732283464
0
LINE
8
BLACK
6
CONTINUOUS
10
1.8898425196850392
20
1.4520866141732283
11
1.8987007874015747
21
1.4520866141732283
0
LINE
8
BLACK
6
CONTINUOUS
10
1.8987007874015747
20
1.4520866141732283
11
1.9024673622047243
21
1.4513374015748031
0
LINE
8
BLACK
6
CONTINUOUS
10
1.9024673622047243
20
1.4513374015748031
11
1.9056605118110235
21
1.4492038188976377
0
LINE
8
BLACK
6
CONTINUOUS
10
1.9056605118110235
20
1.4492038188976377
11
1.907794094488189
21
1.4460106692913386
0
LINE
8
BLACK
6
CONTINUOUS
10
1.907794094488189
20
1.4460106692913386
11
1.9085433070866142
21
1.4422440944881889
0
LINE
8
BLACK
6
CONTINUOUS
10
1.9085433070866142
20
1.4422440944881889
11
1.9282283070866142
21
1.4422440944881889
0
LINE
8
BLACK
6
CONTINUOUS
10
1.9282283070866142
20
1.4422440944881889
11
1.9282283070866142
21
1.4442114960629922
0
LINE
8
BLACK
6
CONTINUOUS
10
1.9282283070866142
20
1.4442114960629922
11
1.9282282677165354
21
1.4442120866141732
0
LINE
8
BLACK
6
CONTINUOUS
10
1.9282282677165354
20
1.4442120866141732
11
1.9278151574803148
21
1.4482558267716534
0
LINE
8
BLACK
6
CONTINUOUS
10
1.9278151574803148
20
1.4482558267716534
11
1.9256440157480315
21
1.454807874015748
0
LINE
8
BLACK
6
CONTINUOUS
10
1.9256440157480315
20
1.454807874015748
11
1.925643937007874
21
1.4548080708661417
0
LINE
8
BLACK
6
CONTINUOUS
10
1.925643937007874
20
1.4548080708661417
11
1.9220202755905511
21
1.4606829133858268
0
LINE
8
BLACK
6
CONTINUOUS
10
1.9220202755905511
20
1.4606829133858268
11
1.9171395669291338
21
1.4655636220472441
0
LINE
8
BLACK
6
CONTINUOUS
10
1.9171395669291338
20
1.4655636220472441
11
1.9112647244094487
21
1.469187283464567
0
LINE
8
BLACK
6
CONTINUOUS
10
1.9112647244094487
20
1.469187283464567
11
1.9112645275590552
21
1.4691873622047245
0
LINE
8
BLACK
6
CONTINUOUS
10
1.9112645275590552
20
1.4691873622047245
11
1.9047124803149607
21
1.4713585039370078
0
LINE
8
BLACK
6
CONTINUOUS
10
1.9047124803149607
20
1.4713585039370078
11
1.9047122047244094
21
1.4713585433070866
0
LINE
8
BLACK
6
CONTINUOUS
10
1.9047122047244094
20
1.4713585433070866
11
1.9006687401574802
21
1.471771653543307
0
LINE
8
BLACK
6
CONTINUOUS
10
1.9006687401574802
20
1.471771653543307
11
1.8898425196850392
21
1.471771653543307
0
LINE
8
BLACK
6
CONTINUOUS
10
1.8898425196850392
20
1.471771653543307
11
1.8898425196850392
21
1.4520866141732283
0
LINE
8
BLACK
6
CONTINUOUS
10
0.7346456692913386
20
1.5138644094488189
11
0.7348976771653544
21
1.5115207874015748
0
LINE
8
BLACK
6
CONTINUOUS
10
0.7348976771653544
20
1.5115207874015748
11
0.7348977559055118
21
1.5115205118110235
0
LINE
8
BLACK
6
CONTINUOUS
10
0.7348977559055118
20
1.5115205118110235
11
0.7368757874015748
21
1.5062170866141731
0
LINE
8
BLACK
6
CONTINUOUS
10
0.7368757874015748
20
1.5062170866141731
11
0.7368759448818898
21
1.506216811023622
0
LINE
8
BLACK
6
CONTINUOUS
10
0.7368759448818898
20
1.506216811023622
11
0.7402680708661418
21
1.5016855511811023
0
LINE
8
BLACK
6
CONTINUOUS
10
0.7402680708661418
20
1.5016855511811023
11
0.7402681889763779
21
1.5016854330708662
0
LINE
8
BLACK
6
CONTINUOUS
10
0.7402681889763779
20
1.5016854330708662
11
0.7447994488188976
21
1.4982933070866142
0
LINE
8
BLACK
6
CONTINUOUS
10
0.7447994488188976
20
1.4982933070866142
11
0.7447997244094487
21
1.4982931496062992
0
LINE
8
BLACK
6
CONTINUOUS
10
0.7447997244094487
20
1.4982931496062992
11
0.7501031496062992
21
1.4963151181102361
0
LINE
8
BLACK
6
CONTINUOUS
10
0.7501031496062992
20
1.4963151181102361
11
0.7501034251968504
21
1.4963150393700788
0
LINE
8
BLACK
6
CONTINUOUS
10
0.7501034251968504
20
1.4963150393700788
11
0.7524470472440945
21
1.496063031496063
0
LINE
8
BLACK
6
CONTINUOUS
10
0.7524470472440945
20
1.496063031496063
11
0.7524477165354331
21
1.4960629921259843
0
LINE
8
BLACK
6
CONTINUOUS
10
0.7524477165354331
20
1.4960629921259843
11
0.7641732283464566
21
1.4960629921259843
0
LINE
8
BLACK
6
CONTINUOUS
10
0.7641732283464566
20
1.4960629921259843
11
0.7641732283464566
21
1.515748031496063
0
LINE
8
BLACK
6
CONTINUOUS
10
0.7641732283464566
20
1.515748031496063
11
0.7543307086614173
21
1.515748031496063
0
LINE
8
BLACK
6
CONTINUOUS
10
0.7543307086614173
20
1.515748031496063
11
0.7543307086614173
21
1.5511811023622046
0
LINE
8
BLACK
6
CONTINUOUS
10
0.7543307086614173
20
1.5511811023622046
11
0.7346456692913386
21
1.5511811023622046
0
LINE
8
BLACK
6
CONTINUOUS
10
0.7346456692913386
20
1.5511811023622046
11
0.7346456692913386
21
1.5138644094488189
0
LINE
8
BLACK
6
CONTINUOUS
10
2.0456692913385828
20
1.6062992125984252
11
2.0456692913385828
21
1.5708661417322833
0
LINE
8
BLACK
6
CONTINUOUS
10
2.0456692913385828
20
1.5708661417322833
11
2.0653543307086615
21
1.5708661417322833
0
LINE
8
BLACK
6
CONTINUOUS
10
2.0653543307086615
20
1.5708661417322833
11
2.0653543307086615
21
1.6161417322834646
0
LINE
8
BLACK
6
CONTINUOUS
10
2.0653543307086615
20
1.6161417322834646
11
2.0456692913385828
21
1.6161417322834646
0
LINE
8
BLACK
6
CONTINUOUS
10
2.0456692913385828
20
1.6161417322834646
11
2.0456692913385828
21
1.6062992125984252
0
LINE
8
BLACK
6
CONTINUOUS
10
0.7346456692913386
20
1.5708661417322833
11
0.7543307086614173
21
1.5708661417322833
0
LINE
8
BLACK
6
CONTINUOUS
10
0.7543307086614173
20
1.5708661417322833
11
0.7543307086614173
21
1.6062992125984252
0
LINE
8
BLACK
6
CONTINUOUS
10
0.7543307086614173
20
1.6062992125984252
11
0.7543307086614173
21
1.6161417322834646
0
LINE
8
BLACK
6
CONTINUOUS
10
0.7543307086614173
20
1.6161417322834646
11
0.7346456692913386
21
1.6161417322834646
0
LINE
8
BLACK
6
CONTINUOUS
10
0.7346456692913386
20
1.6161417322834646
11
0.7346456692913386
21
1.5708661417322833
0
LINE
8
BLACK
6
CONTINUOUS
10
0.8488188976377953
20
1.6456692913385826
11
0.8842519685039369
21
1.6456692913385826
0
LINE
8
BLACK
6
CONTINUOUS
10
0.8842519685039369
20
1.6456692913385826
11
0.8842519685039369
21
1.6358267716535433
0
LINE
8
BLACK
6
CONTINUOUS
10
0.8842519685039369
20
1.6358267716535433
11
0.9039370078740158
21
1.6358267716535433
0
LINE
8
BLACK
6
CONTINUOUS
10
0.9039370078740158
20
1.6358267716535433
11
0.9039370078740158
21
1.6475522834645668
0
LINE
8
BLACK
6
CONTINUOUS
10
0.9039370078740158
20
1.6475522834645668
11
0.903936968503937
21
1.6475529527559054
0
LINE
8
BLACK
6
CONTINUOUS
10
0.903936968503937
20
1.6475529527559054
11
0.9036849606299212
21
1.6498965748031496
0
LINE
8
BLACK
6
CONTINUOUS
10
0.9036849606299212
20
1.6498965748031496
11
0.9036848818897638
21
1.6498968503937008
0
LINE
8
BLACK
6
CONTINUOUS
10
0.9036848818897638
20
1.6498968503937008
11
0.9017068503937008
21
1.6552002755905511
0
LINE
8
BLACK
6
CONTINUOUS
10
0.9017068503937008
20
1.6552002755905511
11
0.9017066929133858
21
1.6552005511811023
0
LINE
8
BLACK
6
CONTINUOUS
10
0.9017066929133858
20
1.6552005511811023
11
0.8983145669291338
21
1.6597318110236221
0
LINE
8
BLACK
6
CONTINUOUS
10
0.8983145669291338
20
1.6597318110236221
11
0.8983144488188977
21
1.6597319291338581
0
LINE
8
BLACK
6
CONTINUOUS
10
0.8983144488188977
20
1.6597319291338581
11
0.893783188976378
21
1.6631240551181101
0
LINE
8
BLACK
6
CONTINUOUS
10
0.893783188976378
20
1.6631240551181101
11
0.8937829133858267
21
1.6631242125984251
0
LINE
8
BLACK
6
CONTINUOUS
10
0.8937829133858267
20
1.6631242125984251
11
0.8884794881889764
21
1.6651022440944883
0
LINE
8
BLACK
6
CONTINUOUS
10
0.8884794881889764
20
1.6651022440944883
11
0.8884792125984252
21
1.6651023228346455
0
LINE
8
BLACK
6
CONTINUOUS
10
0.8884792125984252
20
1.6651023228346455
11
0.8861355905511811
21
1.6653543307086613
0
LINE
8
BLACK
6
CONTINUOUS
10
0.8861355905511811
20
1.6653543307086613
11
0.8488188976377953
21
1.6653543307086613
0
LINE
8
BLACK
6
CONTINUOUS
10
0.8488188976377953
20
1.6653543307086613
11
0.8488188976377953
21
1.6456692913385826
0
LINE
8
BLACK
6
CONTINUOUS
10
1.0555118110236221
20
1.6456692913385826
11
1.1204724409448819
21
1.6456692913385826
0
LINE
8
BLACK
6
CONTINUOUS
10
1.1204724409448819
20
1.6456692913385826
11
1.1204724409448819
21
1.6358267716535433
0
LINE
8
BLACK
6
CONTINUOUS
10
1.1204724409448819
20
1.6358267716535433
11
1.1401574803149606
21
1.6358267716535433
0
LINE
8
BLACK
6
CONTINUOUS
10
1.1401574803149606
20
1.6358267716535433
11
1.1401574803149606
21
1.6475522834645668
0
LINE
8
BLACK
6
CONTINUOUS
10
1.1401574803149606
20
1.6475522834645668
11
1.1401574409448818
21
1.6475529527559054
0
LINE
8
BLACK
6
CONTINUOUS
10
1.1401574409448818
20
1.6475529527559054
11
1.1399054330708662
21
1.6498965748031496
0
LINE
8
BLACK
6
CONTINUOUS
10
1.1399054330708662
20
1.6498965748031496
11
1.1399053543307087
21
1.6498968503937008
0
LINE
8
BLACK
6
CONTINUOUS
10
1.1399053543307087
20
1.6498968503937008
11
1.1379273228346456
21
1.6552002755905511
0
LINE
8
BLACK
6
CONTINUOUS
10
1.1379273228346456
20
1.6552002755905511
11
1.1379271653543306
21
1.6552005511811023
0
LINE
8
BLACK
6
CONTINUOUS
10
1.1379271653543306
20
1.6552005511811023
11
1.1345350393700788
21
1.6597318110236221
0
LINE
8
BLACK
6
CONTINUOUS
10
1.1345350393700788
20
1.6597318110236221
11
1.1345349212598426
21
1.6597319291338581
0
LINE
8
BLACK
6
CONTINUOUS
10
1.1345349212598426
20
1.6597319291338581
11
1.1300036614173228
21
1.6631240551181101
0
LINE
8
BLACK
6
CONTINUOUS
10
1.1300036614173228
20
1.6631240551181101
11
1.1300033858267717
21
1.6631242125984251
0
LINE
8
BLACK
6
CONTINUOUS
10
1.1300033858267717
20
1.6631242125984251
11
1.1246999606299213
21
1.6651022440944883
0
LINE
8
BLACK
6
CONTINUOUS
10
1.1246999606299213
20
1.6651022440944883
11
1.12469968503937
21
1.6651023228346455
0
LINE
8
BLACK
6
CONTINUOUS
10
1.12469968503937
20
1.6651023228346455
11
1.1223560629921259
21
1.6653543307086613
0
LINE
8
BLACK
6
CONTINUOUS
10
1.1223560629921259
20
1.6653543307086613
11
1.0555118110236221
21
1.6653543307086613
0
LINE
8
BLACK
6
CONTINUOUS
10
1.0555118110236221
20
1.6653543307086613
11
1.0555118110236221
21
1.6456692913385826
0
LINE
8
BLACK
6
CONTINUOUS
10
1.2917322834645668
20
1.6456692913385826
11
1.3566929133858268
21
1.6456692913385826
0
LINE
8
BLACK
6
CONTINUOUS
10
1.3566929133858268
20
1.6456692913385826
11
1.3566929133858268
21
1.6358267716535433
0
LINE
8
BLACK
6
CONTINUOUS
10
1.3566929133858268
20
1.6358267716535433
11
1.3763779527559055
21
1.6358267716535433
0
LINE
8
BLACK
6
CONTINUOUS
10
1.3763779527559055
20
1.6358267716535433
11
1.3763779527559055
21
1.6475522834645668
0
LINE
8
BLACK
6
CONTINUOUS
10
1.3763779527559055
20
1.6475522834645668
11
1.3763779133858267
21
1.6475529527559054
0
LINE
8
BLACK
6
CONTINUOUS
10
1.3763779133858267
20
1.6475529527559054
11
1.3761259055118109
21
1.6498965748031496
0
LINE
8
BLACK
6
CONTINUOUS
10
1.3761259055118109
20
1.6498965748031496
11
1.3761258267716534
21
1.6498968503937008
0
LINE
8
BLACK
6
CONTINUOUS
10
1.3761258267716534
20
1.6498968503937008
11
1.3741477952755905
21
1.6552002755905511
0
LINE
8
BLACK
6
CONTINUOUS
10
1.3741477952755905
20
1.6552002755905511
11
1.3741476377952755
21
1.6552005511811023
0
LINE
8
BLACK
6
CONTINUOUS
10
1.3741476377952755
20
1.6552005511811023
11
1.3707555118110235
21
1.6597318110236221
0
LINE
8
BLACK
6
CONTINUOUS
10
1.3707555118110235
20
1.6597318110236221
11
1.3707553937007875
21
1.6597319291338581
0
LINE
8
BLACK
6
CONTINUOUS
10
1.3707553937007875
20
1.6597319291338581
11
1.3662241338582677
21
1.6631240551181101
0
LINE
8
BLACK
6
CONTINUOUS
10
1.3662241338582677
20
1.6631240551181101
11
1.3662238582677164
21
1.6631242125984251
0
LINE
8
BLACK
6
CONTINUOUS
10
1.3662238582677164
20
1.6631242125984251
11
1.3609204330708662
21
1.6651022440944883
0
LINE
8
BLACK
6
CONTINUOUS
10
1.3609204330708662
20
1.6651022440944883
11
1.3609201574803149
21
1.6651023228346455
0
LINE
8
BLACK
6
CONTINUOUS
10
1.3609201574803149
20
1.6651023228346455
11
1.3585765354330708
21
1.6653543307086613
0
LINE
8
BLACK
6
CONTINUOUS
10
1.3585765354330708
20
1.6653543307086613
11
1.2917322834645668
21
1.6653543307086613
0
LINE
8
BLACK
6
CONTINUOUS
10
1.2917322834645668
20
1.6653543307086613
11
1.2917322834645668
21
1.6456692913385826
0
LINE
8
BLACK
6
CONTINUOUS
10
1.5279527559055117
20
1.6456692913385826
11
1.5929133858267717
21
1.6456692913385826
0
LINE
8
BLACK
6
CONTINUOUS
10
1.5929133858267717
20
1.6456692913385826
11
1.5929133858267717
21
1.6358267716535433
0
LINE
8
BLACK
6
CONTINUOUS
10
1.5929133858267717
20
1.6358267716535433
11
1.6125984251968504
21
1.6358267716535433
0
LINE
8
BLACK
6
CONTINUOUS
10
1.6125984251968504
20
1.6358267716535433
11
1.6125984251968504
21
1.6475522834645668
0
LINE
8
BLACK
6
CONTINUOUS
10
1.6125984251968504
20
1.6475522834645668
11
1.6125983858267716
21
1.6475529527559054
0
LINE
8
BLACK
6
CONTINUOUS
10
1.6125983858267716
20
1.6475529527559054
11
1.6123463779527558
21
1.6498965748031496
0
LINE
8
BLACK
6
CONTINUOUS
10
1.6123463779527558
20
1.6498965748031496
11
1.6123462992125983
21
1.6498968503937008
0
LINE
8
BLACK
6
CONTINUOUS
10
1.6123462992125983
20
1.6498968503937008
11
1.6103682677165354
21
1.6552002755905511
0
LINE
8
BLACK
6
CONTINUOUS
10
1.6103682677165354
20
1.6552002755905511
11
1.6103681102362204
21
1.6552005511811023
0
LINE
8
BLACK
6
CONTINUOUS
10
1.6103681102362204
20
1.6552005511811023
11
1.6069759842519684
21
1.6597318110236221
0
LINE
8
BLACK
6
CONTINUOUS
10
1.6069759842519684
20
1.6597318110236221
11
1.6069758661417322
21
1.6597319291338581
0
LINE
8
BLACK
6
CONTINUOUS
10
1.6069758661417322
20
1.6597319291338581
11
1.6024446062992126
21
1.6631240551181101
0
LINE
8
BLACK
6
CONTINUOUS
10
1.6024446062992126
20
1.6631240551181101
11
1.6024443307086613
21
1.6631242125984251
0
LINE
8
BLACK
6
CONTINUOUS
10
1.6024443307086613
20
1.6631242125984251
11
1.5971409055118111
21
1.6651022440944883
0
LINE
8
BLACK
6
CONTINUOUS
10
1.5971409055118111
20
1.6651022440944883
11
1.5971406299212598
21
1.6651023228346455
0
LINE
8
BLACK
6
CONTINUOUS
10
1.5971406299212598
20
1.6651023228346455
11
1.5947970078740157
21
1.6653543307086613
0
LINE
8
BLACK
6
CONTINUOUS
10
1.5947970078740157
20
1.6653543307086613
11
1.5279527559055117
21
1.6653543307086613
0
LINE
8
BLACK
6
CONTINUOUS
10
1.5279527559055117
20
1.6653543307086613
11
1.5279527559055117
21
1.6456692913385826
0
LINE
8
BLACK
6
CONTINUOUS
10
1.7641732283464566
20
1.6456692913385826
11
1.8291338582677166
21
1.6456692913385826
0
LINE
8
BLACK
6
CONTINUOUS
10
1.8291338582677166
20
1.6456692913385826
11
1.8291338582677166
21
1.6358267716535433
0
LINE
8
BLACK
6
CONTINUOUS
10
1.8291338582677166
20
1.6358267716535433
11
1.8488188976377953
21
1.6358267716535433
0
LINE
8
BLACK
6
CONTINUOUS
10
1.8488188976377953
20
1.6358267716535433
11
1.8488188976377953
21
1.6475522834645668
0
LINE
8
BLACK
6
CONTINUOUS
10
1.8488188976377953
20
1.6475522834645668
11
1.8488188582677165
21
1.6475529527559054
0
LINE
8
BLACK
6
CONTINUOUS
10
1.8488188582677165
20
1.6475529527559054
11
1.8485668503937007
21
1.6498965748031496
0
LINE
8
BLACK
6
CONTINUOUS
10
1.8485668503937007
20
1.6498965748031496
11
1.8485667716535432
21
1.6498968503937008
0
LINE
8
BLACK
6
CONTINUOUS
10
1.8485667716535432
20
1.6498968503937008
11
1.8465887401574803
21
1.6552002755905511
0
LINE
8
BLACK
6
CONTINUOUS
10
1.8465887401574803
20
1.6552002755905511
11
1.8465885826771653
21
1.6552005511811023
0
LINE
8
BLACK
6
CONTINUOUS
10
1.8465885826771653
20
1.6552005511811023
11
1.8431964566929133
21
1.6597318110236221
0
LINE
8
BLACK
6
CONTINUOUS
10
1.8431964566929133
20
1.6597318110236221
11
1.8431963385826771
21
1.6597319291338581
0
LINE
8
BLACK
6
CONTINUOUS
10
1.8431963385826771
20
1.6597319291338581
11
1.8386650787401575
21
1.6631240551181101
0
LINE
8
BLACK
6
CONTINUOUS
10
1.8386650787401575
20
1.6631240551181101
11
1.8386648031496062
21
1.6631242125984251
0
LINE
8
BLACK
6
CONTINUOUS
10
1.8386648031496062
20
1.6631242125984251
11
1.8333613779527558
21
1.6651022440944883
0
LINE
8
BLACK
6
CONTINUOUS
10
1.8333613779527558
20
1.6651022440944883
11
1.8333611023622047
21
1.6651023228346455
0
LINE
8
BLACK
6
CONTINUOUS
10
1.8333611023622047
20
1.6651023228346455
11
1.8310174803149606
21
1.6653543307086613
0
LINE
8
BLACK
6
CONTINUOUS
10
1.8310174803149606
20
1.6653543307086613
11
1.7641732283464566
21
1.6653543307086613
0
LINE
8
BLACK
6
CONTINUOUS
10
1.7641732283464566
20
1.6653543307086613
11
1.7641732283464566
21
1.6456692913385826
0
LINE
8
BLACK
6
CONTINUOUS
10
2.0358267716535434
20
1.6456692913385826
11
2.0456692913385828
21
1.6456692913385826
0
LINE
8
BLACK
6
CONTINUOUS
10
2.0456692913385828
20
1.6456692913385826
11
2.0456692913385828
21
1.6358267716535433
0
LINE
8
BLACK
6
CONTINUOUS
10
2.0456692913385828
20
1.6358267716535433
11
2.0653543307086615
21
1.6358267716535433
0
LINE
8
BLACK
6
CONTINUOUS
10
2.0653543307086615
20
1.6358267716535433
11
2.0653543307086615
21
1.6475522834645668
0
LINE
8
BLACK
6
CONTINUOUS
10
2.0653543307086615
20
1.6475522834645668
11
2.0653542913385827
21
1.6475529527559054
0
LINE
8
BLACK
6
CONTINUOUS
10
2.0653542913385827
20
1.6475529527559054
11
2.0651022834645669
21
1.6498965748031496
0
LINE
8
BLACK
6
CONTINUOUS
10
2.0651022834645669
20
1.6498965748031496
11
2.0651022047244094
21
1.6498968503937008
0
LINE
8
BLACK
6
CONTINUOUS
10
2.0651022047244094
20
1.6498968503937008
11
2.0631241732283465
21
1.6552002755905511
0
LINE
8
BLACK
6
CONTINUOUS
10
2.0631241732283465
20
1.6552002755905511
11
2.0631240157480315
21
1.6552005511811023
0
LINE
8
BLACK
6
CONTINUOUS
10
2.0631240157480315
20
1.6552005511811023
11
2.0597318897637793
21
1.6597318110236221
0
LINE
8
BLACK
6
CONTINUOUS
10
2.0597318897637793
20
1.6597318110236221
11
2.059731771653543
21
1.6597319291338581
0
LINE
8
BLACK
6
CONTINUOUS
10
2.059731771653543
20
1.6597319291338581
11
2.0552005118110235
21
1.6631240551181101
0
LINE
8
BLACK
6
CONTINUOUS
10
2.0552005118110235
20
1.6631240551181101
11
2.0552002362204722
21
1.6631242125984251
0
LINE
8
BLACK
6
CONTINUOUS
10
2.0552002362204722
20
1.6631242125984251
11
2.049896811023622
21
1.6651022440944883
0
LINE
8
BLACK
6
CONTINUOUS
10
2.049896811023622
20
1.6651022440944883
11
2.0498965354330707
21
1.6651023228346455
0
LINE
8
BLACK
6
CONTINUOUS
10
2.0498965354330707
20
1.6651023228346455
11
2.0475529133858266
21
1.6653543307086613
0
LINE
8
BLACK
6
CONTINUOUS
10
2.0475529133858266
20
1.6653543307086613
11
2.0358267716535434
21
1.6653543307086613
0
LINE
8
BLACK
6
CONTINUOUS
10
2.0358267716535434
20
1.6653543307086613
11
2.0358267716535434
21
1.6456692913385826
0
LINE
8
BLACK
6
CONTINUOUS
10
0.7501034251968504
20
1.6651023228346455
11
0.7501031496062992
21
1.6651022440944883
0
LINE
8
BLACK
6
CONTINUOUS
10
0.7501031496062992
20
1.6651022440944883
11
0.7447997244094487
21
1.6631242125984251
0
LINE
8
BLACK
6
CONTINUOUS
10
0.7447997244094487
20
1.6631242125984251
11
0.7447994488188976
21
1.6631240551181101
0
LINE
8
BLACK
6
CONTINUOUS
10
0.7447994488188976
20
1.6631240551181101
11
0.7402681889763779
21
1.6597319291338581
0
LINE
8
BLACK
6
CONTINUOUS
10
0.7402681889763779
20
1.6597319291338581
11
0.7402680708661418
21
1.6597318110236221
0
LINE
8
BLACK
6
CONTINUOUS
10
0.7402680708661418
20
1.6597318110236221
11
0.7368759448818898
21
1.6552005511811023
0
LINE
8
BLACK
6
CONTINUOUS
10
0.7368759448818898
20
1.6552005511811023
11
0.7368757874015748
21
1.6552002755905511
0
LINE
8
BLACK
6
CONTINUOUS
10
0.7368757874015748
20
1.6552002755905511
11
0.7348977559055118
21
1.6498968503937008
0
LINE
8
BLACK
6
CONTINUOUS
10
0.7348977559055118
20
1.6498968503937008
11
0.7348976771653544
21
1.6498965748031496
0
LINE
8
BLACK
6
CONTINUOUS
10
0.7348976771653544
20
1.6498965748031496
11
0.7346456692913386
21
1.6475529527559054
0
LINE
8
BLACK
6
CONTINUOUS
10
0.7346456692913386
20
1.6475529527559054
11
0.7346456692913386
21
1.6358267716535433
0
LINE
8
BLACK
6
CONTINUOUS
10
0.7346456692913386
20
1.6358267716535433
11
0.7543307086614173
21
1.6358267716535433
0
LINE
8
BLACK
6
CONTINUOUS
10
0.7543307086614173
20
1.6358267716535433
11
0.7543307086614173
21
1.6456692913385826
0
LINE
8
BLACK
6
CONTINUOUS
10
0.7543307086614173
20
1.6456692913385826
11
0.7641732283464566
21
1.6456692913385826
0
LINE
8
BLACK
6
CONTINUOUS
10
0.7641732283464566
20
1.6456692913385826
11
0.7641732283464566
21
1.6653543307086613
0
LINE
8
BLACK
6
CONTINUOUS
10
0.7641732283464566
20
1.6653543307086613
11
0.7524470472440945
21
1.6653543307086613
0
LINE
8
BLACK
6
CONTINUOUS
10
0.7524470472440945
20
1.6653543307086613
11
0.7501034251968504
21
1.6651023228346455
0
LINE
8
BLACK
6
CONTINUOUS
10
2.152278346456693
20
1.7188198818897638
11
2.1448529921259842
21
1.7165674015748031
0
LINE
8
BLACK
6
CONTINUOUS
10
2.1448529921259842
20
1.7165674015748031
11
2.1380105118110238
21
1.7129099999999999
0
LINE
8
BLACK
6
CONTINUOUS
10
2.1380105118110238
20
1.7129099999999999
11
2.1380102362204725
21
1.7129098425196849
0
LINE
8
BLACK
6
CONTINUOUS
10
2.1380102362204725
20
1.7129098425196849
11
2.132012440944882
21
1.7079875590551181
0
LINE
8
BLACK
6
CONTINUOUS
10
2.132012440944882
20
1.7079875590551181
11
2.1270901574803149
21
1.7019897637795276
0
LINE
8
BLACK
6
CONTINUOUS
10
2.1270901574803149
20
1.7019897637795276
11
2.1270899999999999
21
1.7019894881889763
0
LINE
8
BLACK
6
CONTINUOUS
10
2.1270899999999999
20
1.7019894881889763
11
2.1234325984251967
21
1.6951470078740156
0
LINE
8
BLACK
6
CONTINUOUS
10
2.1234325984251967
20
1.6951470078740156
11
2.1211801181102361
21
1.6877216535433071
0
LINE
8
BLACK
6
CONTINUOUS
10
2.1211801181102361
20
1.6877216535433071
11
2.1204196456692914
21
1.6799999999999999
0
LINE
8
BLACK
6
CONTINUOUS
10
2.1204196456692914
20
1.6799999999999999
11
2.1211801181102361
21
1.6722783858267716
0
LINE
8
BLACK
6
CONTINUOUS
10
2.1211801181102361
20
1.6722783858267716
11
2.1234325984251967
21
1.664853031496063
0
LINE
8
BLACK
6
CONTINUOUS
10
2.1234325984251967
20
1.664853031496063
11
2.1270899999999999
21
1.6580105511811023
0
LINE
8
BLACK
6
CONTINUOUS
10
2.1270899999999999
20
1.6580105511811023
11
2.1270901574803149
21
1.6580102755905513
0
LINE
8
BLACK
6
CONTINUOUS
10
2.1270901574803149
20
1.6580102755905513
11
2.132012440944882
21
1.6520124803149605
0
LINE
8
BLACK
6
CONTINUOUS
10
2.132012440944882
20
1.6520124803149605
11
2.1380102362204725
21
1.6470901968503937
0
LINE
8
BLACK
6
CONTINUOUS
10
2.1380102362204725
20
1.6470901968503937
11
2.1380105118110238
21
1.6470900393700787
0
LINE
8
BLACK
6
CONTINUOUS
10
2.1380105118110238
20
1.6470900393700787
11
2.1448529921259842
21
1.6434326377952755
0
LINE
8
BLACK
6
CONTINUOUS
10
2.1448529921259842
20
1.6434326377952755
11
2.1448531102362205
21
1.6434326377952755
0
LINE
8
BLACK
6
CONTINUOUS
10
2.1448531102362205
20
1.6434326377952755
11
2.1448532677165355
21
1.6434325196850392
0
LINE
8
BLACK
6
CONTINUOUS
10
2.1448532677165355
20
1.6434325196850392
11
2.1522782677165355
21
1.6411801574803149
0
LINE
8
BLACK
6
CONTINUOUS
10
2.1522782677165355
20
1.6411801574803149
11
2.1600000000000001
21
1.6404196456692912
0
LINE
8
BLACK
6
CONTINUOUS
10
2.1600000000000001
20
1.6404196456692912
11
2.1677217322834643
21
1.6411801574803149
0
LINE
8
BLACK
6
CONTINUOUS
10
2.1677217322834643
20
1.6411801574803149
11
2.1751467322834643
21
1.6434325196850392
0
LINE
8
BLACK
6
CONTINUOUS
10
2.1751467322834643
20
1.6434325196850392
11
2.1819896850393699
21
1.647090157480315
0
LINE
8
BLACK
6
CONTINUOUS
10
2.1819896850393699
20
1.647090157480315
11
2.1879875196850391
21
1.6520124803149605
0
LINE
8
BLACK
6
CONTINUOUS
10
2.1879875196850391
20
1.6520124803149605
11
2.1929098425196849
21
1.6580103149606298
0
LINE
8
BLACK
6
CONTINUOUS
10
2.1929098425196849
20
1.6580103149606298
11
2.1965674803149606
21
1.6648532677165353
0
LINE
8
BLACK
6
CONTINUOUS
10
2.1965674803149606
20
1.6648532677165353
11
2.198819842519685
21
1.6722782677165353
0
LINE
8
BLACK
6
CONTINUOUS
10
2.198819842519685
20
1.6722782677165353
11
2.1995803543307084
21
1.6799999999999999
0
LINE
8
BLACK
6
CONTINUOUS
10
2.1995803543307084
20
1.6799999999999999
11
2.198819842519685
21
1.6877217322834646
0
LINE
8
BLACK
6
CONTINUOUS
10
2.198819842519685
20
1.6877217322834646
11
2.1965674803149606
21
1.6951467322834646
0
LINE
8
BLACK
6
CONTINUOUS
10
2.1965674803149606
20
1.6951467322834646
11
2.1965673622047244
21
1.6951468897637796
0
LINE
8
BLACK
6
CONTINUOUS
10
2.1965673622047244
20
1.6951468897637796
11
2.1965673622047244
21
1.6951470078740156
0
LINE
8
BLACK
6
CONTINUOUS
10
2.1965673622047244
20
1.6951470078740156
11
2.1929099606299212
21
1.7019894881889763
0
LINE
8
BLACK
6
CONTINUOUS
10
2.1929099606299212
20
1.7019894881889763
11
2.1929098031496062
21
1.7019897637795276
0
LINE
8
BLACK
6
CONTINUOUS
10
2.1929098031496062
20
1.7019897637795276
11
2.1879875196850391
21
1.7079875590551181
0
LINE
8
BLACK
6
CONTINUOUS
10
2.1879875196850391
20
1.7079875590551181
11
2.1819897244094486
21
1.7129098425196849
0
LINE
8
BLACK
6
CONTINUOUS
10
2.1819897244094486
20
1.7129098425196849
11
2.1819894488188978
21
1.7129099999999999
0
LINE
8
BLACK
6
CONTINUOUS
10
2.1819894488188978
20
1.7129099999999999
11
2.1751469685039369
21
1.7165674015748031
0
LINE
8
BLACK
6
CONTINUOUS
10
2.1751469685039369
20
1.7165674015748031
11
2.1751467322834643
21
1.7165674803149606
0
LINE
8
BLACK
6
CONTINUOUS
10
2.1751467322834643
20
1.7165674803149606
11
2.1677217322834643
21
1.718819842519685
0
LINE
8
BLACK
6
CONTINUOUS
10
2.1677217322834643
20
1.718819842519685
11
2.1677216141732285
21
1.7188198818897638
0
LINE
8
BLACK
6
CONTINUOUS
10
2.1677216141732285
20
1.7188198818897638
11
2.1600000000000001
21
1.7195803543307087
0
LINE
8
BLACK
6
CONTINUOUS
10
2.1600000000000001
20
1.7195803543307087
11
2.152278346456693
21
1.7188198818897638
0
LINE
8
BLACK
6
CONTINUOUS
10
0.7838582677165354
20
1.6456692913385826
11
0.7937007874015748
21
1.6456692913385826
0
LINE
8
BLACK
6
CONTINUOUS
10
0.7937007874015748
20
1.6456692913385826
11
0.8291338582677165
21
1.6456692913385826
0
LINE
8
BLACK
6
CONTINUOUS
10
0.8291338582677165
20
1.6456692913385826
11
0.8291338582677165
21
1.6653543307086613
0
LINE
8
BLACK
6
CONTINUOUS
10
0.8291338582677165
20
1.6653543307086613
11
0.7838582677165354
21
1.6653543307086613
0
LINE
8
BLACK
6
CONTINUOUS
10
0.7838582677165354
20
1.6653543307086613
11
0.7838582677165354
21
1.6456692913385826
0
LINE
8
BLACK
6
CONTINUOUS
10
1.9708661417322835
20
1.6456692913385826
11
2.0062992125984254
21
1.6456692913385826
0
LINE
8
BLACK
6
CONTINUOUS
10
2.0062992125984254
20
1.6456692913385826
11
2.0161417322834647
21
1.6456692913385826
0
LINE
8
BLACK
6
CONTINUOUS
10
2.0161417322834647
20
1.6456692913385826
11
2.0161417322834647
21
1.6653543307086613
0
LINE
8
BLACK
6
CONTINUOUS
10
2.0161417322834647
20
1.6653543307086613
11
1.9708661417322835
21
1.6653543307086613
0
LINE
8
BLACK
6
CONTINUOUS
10
1.9708661417322835
20
1.6653543307086613
11
1.9708661417322835
21
1.6456692913385826
0
LINE
8
BLACK
6
CONTINUOUS
10
0.9514331102362205
20
0.3501034645669291
11
0.951433188976378
21
0.3501031889763779
0
LINE
8
BLACK
6
CONTINUOUS
10
0.951433188976378
20
0.3501031889763779
11
0.9534112204724409
21
0.3447997637795275
0
LINE
8
BLACK
6
CONTINUOUS
10
0.9534112204724409
20
0.3447997637795275
11
0.9534113779527559
21
0.3447994881889764
0
LINE
8
BLACK
6
CONTINUOUS
10
0.9534113779527559
20
0.3447994881889764
11
0.9568035039370079
21
0.3402682283464567
0
LINE
8
BLACK
6
CONTINUOUS
10
0.9568035039370079
20
0.3402682283464567
11
0.9568036220472441
21
0.3402681102362204
0
LINE
8
BLACK
6
CONTINUOUS
10
0.9568036220472441
20
0.3402681102362204
11
0.9613348818897638
21
0.3368759842519685
0
LINE
8
BLACK
6
CONTINUOUS
10
0.9613348818897638
20
0.3368759842519685
11
0.961335157480315
21
0.3368758267716535
0
LINE
8
BLACK
6
CONTINUOUS
10
0.961335157480315
20
0.3368758267716535
11
0.9666385826771653
21
0.3348977952755905
0
LINE
8
BLACK
6
CONTINUOUS
10
0.9666385826771653
20
0.3348977952755905
11
0.9666388582677166
21
0.334897716535433
0
LINE
8
BLACK
6
CONTINUOUS
10
0.9666388582677166
20
0.334897716535433
11
0.9689824803149606
21
0.3346457086614173
0
LINE
8
BLACK
6
CONTINUOUS
10
0.9689824803149606
20
0.3346457086614173
11
0.9689831496062992
21
0.3346456692913386
0
LINE
8
BLACK
6
CONTINUOUS
10
0.9689831496062992
20
0.3346456692913386
11
1.0358267716535432
21
0.3346456692913386
0
LINE
8
BLACK
6
CONTINUOUS
10
1.0358267716535432
20
0.3346456692913386
11
1.0358267716535432
21
0.3543307086614173
0
LINE
8
BLACK
6
CONTINUOUS
10
1.0358267716535432
20
0.3543307086614173
11
0.9708661417322835
21
0.3543307086614173
0
LINE
8
BLACK
6
CONTINUOUS
10
0.9708661417322835
20
0.3543307086614173
11
0.9708661417322835
21
0.3641732283464567
0
LINE
8
BLACK
6
CONTINUOUS
10
0.9708661417322835
20
0.3641732283464567
11
0.9511811023622047
21
0.3641732283464567
0
LINE
8
BLACK
6
CONTINUOUS
10
0.9511811023622047
20
0.3641732283464567
11
0.9511811023622047
21
0.3524470866141732
0
LINE
8
BLACK
6
CONTINUOUS
10
0.9511811023622047
20
0.3524470866141732
11
0.9514331102362205
21
0.3501034645669291
0
LINE
8
BLACK
6
CONTINUOUS
10
1.1876535826771653
20
0.3501034645669291
11
1.1876536614173228
21
0.3501031889763779
0
LINE
8
BLACK
6
CONTINUOUS
10
1.1876536614173228
20
0.3501031889763779
11
1.1896316929133859
21
0.3447997637795275
0
LINE
8
BLACK
6
CONTINUOUS
10
1.1896316929133859
20
0.3447997637795275
11
1.1896318503937007
21
0.3447994881889764
0
LINE
8
BLACK
6
CONTINUOUS
10
1.1896318503937007
20
0.3447994881889764
11
1.1930239763779527
21
0.3402682283464567
0
LINE
8
BLACK
6
CONTINUOUS
10
1.1930239763779527
20
0.3402682283464567
11
1.1930240944881889
21
0.3402681102362204
0
LINE
8
BLACK
6
CONTINUOUS
10
1.1930240944881889
20
0.3402681102362204
11
1.1975553543307087
21
0.3368759842519685
0
LINE
8
BLACK
6
CONTINUOUS
10
1.1975553543307087
20
0.3368759842519685
11
1.1975556299212597
21
0.3368758267716535
0
LINE
8
BLACK
6
CONTINUOUS
10
1.1975556299212597
20
0.3368758267716535
11
1.2028590551181102
21
0.3348977952755905
0
LINE
8
BLACK
6
CONTINUOUS
10
1.2028590551181102
20
0.3348977952755905
11
1.2028593307086615
21
0.334897716535433
0
LINE
8
BLACK
6
CONTINUOUS
10
1.2028593307086615
20
0.334897716535433
11
1.2052029527559054
21
0.3346457086614173
0
LINE
8
BLACK
6
CONTINUOUS
10
1.2052029527559054
20
0.3346457086614173
11
1.205203622047244
21
0.3346456692913386
0
LINE
8
BLACK
6
CONTINUOUS
10
1.205203622047244
20
0.3346456692913386
11
1.2720472440944881
21
0.3346456692913386
0
LINE
8
BLACK
6
CONTINUOUS
10
1.2720472440944881
20
0.3346456692913386
11
1.2720472440944881
21
0.3543307086614173
0
LINE
8
BLACK
6
CONTINUOUS
10
1.2720472440944881
20
0.3543307086614173
11
1.2070866141732284
21
0.3543307086614173
0
LINE
8
BLACK
6
CONTINUOUS
10
1.2070866141732284
20
0.3543307086614173
11
1.2070866141732284
21
0.3641732283464567
0
LINE
8
BLACK
6
CONTINUOUS
10
1.2070866141732284
20
0.3641732283464567
11
1.1874015748031497
21
0.3641732283464567
0
LINE
8
BLACK
6
CONTINUOUS
10
1.1874015748031497
20
0.3641732283464567
11
1.1874015748031497
21
0.3524470866141732
0
LINE
8
BLACK
6
CONTINUOUS
10
1.1874015748031497
20
0.3524470866141732
11
1.1876535826771653
21
0.3501034645669291
0
LINE
8
BLACK
6
CONTINUOUS
10
1.4238740551181102
20
0.3501034645669291
11
1.4238741338582677
21
0.3501031889763779
0
LINE
8
BLACK
6
CONTINUOUS
10
1.4238741338582677
20
0.3501031889763779
11
1.4258521653543306
21
0.3447997637795275
0
LINE
8
BLACK
6
CONTINUOUS
10
1.4258521653543306
20
0.3447997637795275
11
1.4258523228346456
21
0.3447994881889764
0
LINE
8
BLACK
6
CONTINUOUS
10
1.4258523228346456
20
0.3447994881889764
11
1.4292444488188976
21
0.3402682283464567
0
LINE
8
BLACK
6
CONTINUOUS
10
1.4292444488188976
20
0.3402682283464567
11
1.4292445669291338
21
0.3402681102362204
0
LINE
8
BLACK
6
CONTINUOUS
10
1.4292445669291338
20
0.3402681102362204
11
1.4337758267716536
21
0.3368759842519685
0
LINE
8
BLACK
6
CONTINUOUS
10
1.4337758267716536
20
0.3368759842519685
11
1.4337761023622047
21
0.3368758267716535
0
LINE
8
BLACK
6
CONTINUOUS
10
1.4337761023622047
20
0.3368758267716535
11
1.4390795275590551
21
0.3348977952755905
0
LINE
8
BLACK
6
CONTINUOUS
10
1.4390795275590551
20
0.3348977952755905
11
1.4390798031496064
21
0.334897716535433
0
LINE
8
BLACK
6
CONTINUOUS
10
1.4390798031496064
20
0.334897716535433
11
1.4414234251968503
21
0.3346457086614173
0
LINE
8
BLACK
6
CONTINUOUS
10
1.4414234251968503
20
0.3346457086614173
11
1.4414240944881889
21
0.3346456692913386
0
LINE
8
BLACK
6
CONTINUOUS
10
1.4414240944881889
20
0.3346456692913386
11
1.508267716535433
21
0.3346456692913386
0
LINE
8
BLACK
6
CONTINUOUS
10
1.508267716535433
20
0.3346456692913386
11
1.508267716535433
21
0.3543307086614173
0
LINE
8
BLACK
6
CONTINUOUS
10
1.508267716535433
20
0.3543307086614173
11
1.4433070866141733
21
0.3543307086614173
0
LINE
8
BLACK
6
CONTINUOUS
10
1.4433070866141733
20
0.3543307086614173
11
1.4433070866141733
21
0.3641732283464567
0
LINE
8
BLACK
6
CONTINUOUS
10
1.4433070866141733
20
0.3641732283464567
11
1.4236220472440944
21
0.3641732283464567
0
LINE
8
BLACK
6
CONTINUOUS
10
1.4236220472440944
20
0.3641732283464567
11
1.4236220472440944
21
0.3524470866141732
0
LINE
8
BLACK
6
CONTINUOUS
10
1.4236220472440944
20
0.3524470866141732
11
1.4238740551181102
21
0.3501034645669291
0
LINE
8
BLACK
6
CONTINUOUS
10
1.6600945275590551
20
0.3501034645669291
11
1.6600946062992126
21
0.3501031889763779
0
LINE
8
BLACK
6
CONTINUOUS
10
1.6600946062992126
20
0.3501031889763779
11
1.6620726377952755
21
0.3447997637795275
0
LINE
8
BLACK
6
CONTINUOUS
10
1.6620726377952755
20
0.3447997637795275
11
1.6620727952755905
21
0.3447994881889764
0
LINE
8
BLACK
6
CONTINUOUS
10
1.6620727952755905
20
0.3447994881889764
11
1.6654649212598425
21
0.3402682283464567
0
LINE
8
BLACK
6
CONTINUOUS
10
1.6654649212598425
20
0.3402682283464567
11
1.6654650393700787
21
0.3402681102362204
0
LINE
8
BLACK
6
CONTINUOUS
10
1.6654650393700787
20
0.3402681102362204
11
1.6699962992125983
21
0.3368759842519685
0
LINE
8
BLACK
6
CONTINUOUS
10
1.6699962992125983
20
0.3368759842519685
11
1.6699965748031496
21
0.3368758267716535
0
LINE
8
BLACK
6
CONTINUOUS
10
1.6699965748031496
20
0.3368758267716535
11
1.6753
21
0.3348977952755905
0
LINE
8
BLACK
6
CONTINUOUS
10
1.6753
20
0.3348977952755905
11
1.6753002755905511
21
0.334897716535433
0
LINE
8
BLACK
6
CONTINUOUS
10
1.6753002755905511
20
0.334897716535433
11
1.6776438976377952
21
0.3346457086614173
0
LINE
8
BLACK
6
CONTINUOUS
10
1.6776438976377952
20
0.3346457086614173
11
1.6776445669291338
21
0.3346456692913386
0
LINE
8
BLACK
6
CONTINUOUS
10
1.6776445669291338
20
0.3346456692913386
11
1.7444881889763779
21
0.3346456692913386
0
LINE
8
BLACK
6
CONTINUOUS
10
1.7444881889763779
20
0.3346456692913386
11
1.7444881889763779
21
0.3543307086614173
0
LINE
8
BLACK
6
CONTINUOUS
10
1.7444881889763779
20
0.3543307086614173
11
1.679527559055118
21
0.3543307086614173
0
LINE
8
BLACK
6
CONTINUOUS
10
1.679527559055118
20
0.3543307086614173
11
1.679527559055118
21
0.3641732283464567
0
LINE
8
BLACK
6
CONTINUOUS
10
1.679527559055118
20
0.3641732283464567
11
1.6598425196850393
21
0.3641732283464567
0
LINE
8
BLACK
6
CONTINUOUS
10
1.6598425196850393
20
0.3641732283464567
11
1.6598425196850393
21
0.3524470866141732
0
LINE
8
BLACK
6
CONTINUOUS
10
1.6598425196850393
20
0.3524470866141732
11
1.6600945275590551
21
0.3501034645669291
0
LINE
8
BLACK
6
CONTINUOUS
10
1.896315
20
0.3501034645669291
11
1.8963150787401575
21
0.3501031889763779
0
LINE
8
BLACK
6
CONTINUOUS
10
1.8963150787401575
20
0.3501031889763779
11
1.8982931102362204
21
0.3447997637795275
0
LINE
8
BLACK
6
CONTINUOUS
10
1.8982931102362204
20
0.3447997637795275
11
1.8982932677165354
21
0.3447994881889764
0
LINE
8
BLACK
6
CONTINUOUS
10
1.8982932677165354
20
0.3447994881889764
11
1.9016853937007874
21
0.3402682283464567
0
LINE
8
BLACK
6
CONTINUOUS
10
1.9016853937007874
20
0.3402682283464567
11
1.9016855118110236
21
0.3402681102362204
0
LINE
8
BLACK
6
CONTINUOUS
10
1.9016855118110236
20
0.3402681102362204
11
1.9062167716535432
21
0.3368759842519685
0
LINE
8
BLACK
6
CONTINUOUS
10
1.9062167716535432
20
0.3368759842519685
11
1.9062170472440945
21
0.3368758267716535
0
LINE
8
BLACK
6
CONTINUOUS
10
1.9062170472440945
20
0.3368758267716535
11
1.9115204724409449
21
0.3348977952755905
0
LINE
8
BLACK
6
CONTINUOUS
10
1.9115204724409449
20
0.3348977952755905
11
1.911520748031496
21
0.334897716535433
0
LINE
8
BLACK
6
CONTINUOUS
10
1.911520748031496
20
0.334897716535433
11
1.9138643700787401
21
0.3346457086614173
0
LINE
8
BLACK
6
CONTINUOUS
10
1.9138643700787401
20
0.3346457086614173
11
1.9138650393700787
21
0.3346456692913386
0
LINE
8
BLACK
6
CONTINUOUS
10
1.9138650393700787
20
0.3346456692913386
11
1.9511811023622048
21
0.3346456692913386
0
LINE
8
BLACK
6
CONTINUOUS
10
1.9511811023622048
20
0.3346456692913386
11
1.9511811023622048
21
0.3543307086614173
0
LINE
8
BLACK
6
CONTINUOUS
10
1.9511811023622048
20
0.3543307086614173
11
1.9157480314960629
21
0.3543307086614173
0
LINE
8
BLACK
6
CONTINUOUS
10
1.9157480314960629
20
0.3543307086614173
11
1.9157480314960629
21
0.3641732283464567
0
LINE
8
BLACK
6
CONTINUOUS
10
1.9157480314960629
20
0.3641732283464567
11
1.8960629921259842
21
0.3641732283464567
0
LINE
8
BLACK
6
CONTINUOUS
10
1.8960629921259842
20
0.3641732283464567
11
1.8960629921259842
21
0.3524470866141732
0
LINE
8
BLACK
6
CONTINUOUS
10
1.8960629921259842
20
0.3524470866141732
11
1.896315
21
0.3501034645669291
0
LINE
8
BLACK
6
CONTINUOUS
10
2.047552283464567
20
0.5511811023622047
11
2.0475529133858266
21
0.5511811417322835
0
LINE
8
BLACK
6
CONTINUOUS
10
2.0475529133858266
20
0.5511811417322835
11
2.0498965354330707
21
0.5514331496062992
0
LINE
8
BLACK
6
CONTINUOUS
10
2.0498965354330707
20
0.5514331496062992
11
2.049896811023622
21
0.5514332283464567
0
LINE
8
BLACK
6
CONTINUOUS
10
2.049896811023622
20
0.5514332283464567
11
2.0552002362204722
21
0.5534112598425197
0
LINE
8
BLACK
6
CONTINUOUS
10
2.0552002362204722
20
0.5534112598425197
11
2.0552005118110235
21
0.5534114173228346
0
LINE
8
BLACK
6
CONTINUOUS
10
2.0552005118110235
20
0.5534114173228346
11
2.059731771653543
21
0.5568035433070866
0
LINE
8
BLACK
6
CONTINUOUS
10
2.059731771653543
20
0.5568035433070866
11
2.0597318897637793
21
0.5568036614173228
0
LINE
8
BLACK
6
CONTINUOUS
10
2.0597318897637793
20
0.5568036614173228
11
2.0631240157480315
21
0.5613349212598425
0
LINE
8
BLACK
6
CONTINUOUS
10
2.0631240157480315
20
0.5613349212598425
11
2.0631241732283465
21
0.5613351968503937
0
LINE
8
BLACK
6
CONTINUOUS
10
2.0631241732283465
20
0.5613351968503937
11
2.0651022047244094
21
0.5666386220472441
0
LINE
8
BLACK
6
CONTINUOUS
10
2.0651022047244094
20
0.5666386220472441
11
2.0651022834645669
21
0.5666388976377953
0
LINE
8
BLACK
6
CONTINUOUS
10
2.0651022834645669
20
0.5666388976377953
11
2.0653542913385827
21
0.5689825196850393
0
LINE
8
BLACK
6
CONTINUOUS
10
2.0653542913385827
20
0.5689825196850393
11
2.0653543307086615
21
0.5689831889763779
0
LINE
8
BLACK
6
CONTINUOUS
10
2.0653543307086615
20
0.5689831889763779
11
2.0653543307086615
21
0.6358267716535433
0
LINE
8
BLACK
6
CONTINUOUS
10
2.0653543307086615
20
0.6358267716535433
11
2.0456692913385828
21
0.6358267716535433
0
LINE
8
BLACK
6
CONTINUOUS
10
2.0456692913385828
20
0.6358267716535433
11
2.0456692913385828
21
0.5708661417322834
0
LINE
8
BLACK
6
CONTINUOUS
10
2.0456692913385828
20
0.5708661417322834
11
2.0358267716535434
21
0.5708661417322834
0
LINE
8
BLACK
6
CONTINUOUS
10
2.0358267716535434
20
0.5708661417322834
11
2.0358267716535434
21
0.5511811023622047
0
LINE
8
BLACK
6
CONTINUOUS
10
2.0358267716535434
20
0.5511811023622047
11
2.047552283464567
21
0.5511811023622047
0
LINE
8
BLACK
6
CONTINUOUS
10
0.7348976771653544
20
0.5666388976377953
11
0.7348977559055118
21
0.5666386220472441
0
LINE
8
BLACK
6
CONTINUOUS
10
0.7348977559055118
20
0.5666386220472441
11
0.7368757874015748
21
0.5613351968503937
0
LINE
8
BLACK
6
CONTINUOUS
10
0.7368757874015748
20
0.5613351968503937
11
0.7368759448818898
21
0.5613349212598425
0
LINE
8
BLACK
6
CONTINUOUS
10
0.7368759448818898
20
0.5613349212598425
11
0.7402680708661418
21
0.5568036614173228
0
LINE
8
BLACK
6
CONTINUOUS
10
0.7402680708661418
20
0.5568036614173228
11
0.7402681889763779
21
0.5568035433070866
0
LINE
8
BLACK
6
CONTINUOUS
10
0.7402681889763779
20
0.5568035433070866
11
0.7447994488188976
21
0.5534114173228346
0
LINE
8
BLACK
6
CONTINUOUS
10
0.7447994488188976
20
0.5534114173228346
11
0.7447997244094487
21
0.5534112598425197
0
LINE
8
BLACK
6
CONTINUOUS
10
0.7447997244094487
20
0.5534112598425197
11
0.7501031496062992
21
0.5514332283464567
0
LINE
8
BLACK
6
CONTINUOUS
10
0.7501031496062992
20
0.5514332283464567
11
0.7501034251968504
21
0.5514331496062992
0
LINE
8
BLACK
6
CONTINUOUS
10
0.7501034251968504
20
0.5514331496062992
11
0.7524470472440945
21
0.5511811417322835
0
LINE
8
BLACK
6
CONTINUOUS
10
0.7524470472440945
20
0.5511811417322835
11
0.7524477165354331
21
0.5511811023622047
0
LINE
8
BLACK
6
CONTINUOUS
10
0.7524477165354331
20
0.5511811023622047
11
0.7641732283464566
21
0.5511811023622047
0
LINE
8
BLACK
6
CONTINUOUS
10
0.7641732283464566
20
0.5511811023622047
11
0.7641732283464566
21
0.5708661417322834
0
LINE
8
BLACK
6
CONTINUOUS
10
0.7641732283464566
20
0.5708661417322834
11
0.7543307086614173
21
0.5708661417322834
0
LINE
8
BLACK
6
CONTINUOUS
10
0.7543307086614173
20
0.5708661417322834
11
0.7543307086614173
21
0.6358267716535433
0
LINE
8
BLACK
6
CONTINUOUS
10
0.7543307086614173
20
0.6358267716535433
11
0.7346456692913386
21
0.6358267716535433
0
LINE
8
BLACK
6
CONTINUOUS
10
0.7346456692913386
20
0.6358267716535433
11
0.7346456692913386
21
0.5689825196850393
0
LINE
8
BLACK
6
CONTINUOUS
10
0.7346456692913386
20
0.5689825196850393
11
0.7348976771653544
21
0.5666388976377953
0
LINE
8
BLACK
6
CONTINUOUS
10
0.8354525196850393
20
0.5949725590551181
11
0.8376236614173228
21
0.5884205118110236
0
LINE
8
BLACK
6
CONTINUOUS
10
0.8376236614173228
20
0.5884205118110236
11
0.8376237401574803
21
0.5884203149606299
0
LINE
8
BLACK
6
CONTINUOUS
10
0.8376237401574803
20
0.5884203149606299
11
0.8412474015748032
21
0.5825454724409449
0
LINE
8
BLACK
6
CONTINUOUS
10
0.8412474015748032
20
0.5825454724409449
11
0.8461281102362205
21
0.5776647637795276
0
LINE
8
BLACK
6
CONTINUOUS
10
0.8461281102362205
20
0.5776647637795276
11
0.8520029527559055
21
0.5740411023622047
0
LINE
8
BLACK
6
CONTINUOUS
10
0.8520029527559055
20
0.5740411023622047
11
0.8520031496062992
21
0.5740410236220472
0
LINE
8
BLACK
6
CONTINUOUS
10
0.8520031496062992
20
0.5740410236220472
11
0.8585551968503937
21
0.5718698818897637
0
LINE
8
BLACK
6
CONTINUOUS
10
0.8585551968503937
20
0.5718698818897637
11
0.8585554724409449
21
0.571869842519685
0
LINE
8
BLACK
6
CONTINUOUS
10
0.8585554724409449
20
0.571869842519685
11
0.8625991732283464
21
0.5714567322834646
0
LINE
8
BLACK
6
CONTINUOUS
10
0.8625991732283464
20
0.5714567322834646
11
0.8901574409448819
21
0.5714567322834646
0
LINE
8
BLACK
6
CONTINUOUS
10
0.8901574409448819
20
0.5714567322834646
11
0.8901574803149606
21
0.5714567716535432
0
LINE
8
BLACK
6
CONTINUOUS
10
0.8901574803149606
20
0.5714567716535432
11
0.8901574803149606
21
0.5911417322834646
0
LINE
8
BLACK
6
CONTINUOUS
10
0.8901574803149606
20
0.5911417322834646
11
0.8645669291338582
21
0.5911417322834646
0
LINE
8
BLACK
6
CONTINUOUS
10
0.8645669291338582
20
0.5911417322834646
11
0.8608003543307087
21
0.5918909448818898
0
LINE
8
BLACK
6
CONTINUOUS
10
0.8608003543307087
20
0.5918909448818898
11
0.8576072047244094
21
0.5940245275590551
0
LINE
8
BLACK
6
CONTINUOUS
10
0.8576072047244094
20
0.5940245275590551
11
0.8554736220472441
21
0.5972176771653543
0
LINE
8
BLACK
6
CONTINUOUS
10
0.8554736220472441
20
0.5972176771653543
11
0.8547244094488189
21
0.6009842519685039
0
LINE
8
BLACK
6
CONTINUOUS
10
0.8547244094488189
20
0.6009842519685039
11
0.8547244094488189
21
0.6305118110236221
0
LINE
8
BLACK
6
CONTINUOUS
10
0.8547244094488189
20
0.6305118110236221
11
0.8350394094488188
21
0.6305118110236221
0
LINE
8
BLACK
6
CONTINUOUS
10
0.8350394094488188
20
0.6305118110236221
11
0.8350394094488188
21
0.5990162992125984
0
LINE
8
BLACK
6
CONTINUOUS
10
0.8350394094488188
20
0.5990162992125984
11
0.8354525196850393
21
0.5949725590551181
0
LINE
8
BLACK
6
CONTINUOUS
10
2.1171848031496063
20
0.6667442125984252
11
2.1193559448818897
21
0.6601921653543307
0
LINE
8
BLACK
6
CONTINUOUS
10
2.1193559448818897
20
0.6601921653543307
11
2.1193560236220472
21
0.660191968503937
0
LINE
8
BLACK
6
CONTINUOUS
10
2.1193560236220472
20
0.660191968503937
11
2.1229796850393701
21
0.654317125984252
0
LINE
8
BLACK
6
CONTINUOUS
10
2.1229796850393701
20
0.654317125984252
11
2.1278603937007872
21
0.6494364173228346
0
LINE
8
BLACK
6
CONTINUOUS
10
2.1278603937007872
20
0.6494364173228346
11
2.1337352362204722
21
0.6458127559055118
0
LINE
8
BLACK
6
CONTINUOUS
10
2.1337352362204722
20
0.6458127559055118
11
2.133735433070866
21
0.6458126771653543
0
LINE
8
BLACK
6
CONTINUOUS
10
2.133735433070866
20
0.6458126771653543
11
2.1402874803149605
21
0.6436415354330709
0
LINE
8
BLACK
6
CONTINUOUS
10
2.1402874803149605
20
0.6436415354330709
11
2.1402877559055118
21
0.6436414960629921
0
LINE
8
BLACK
6
CONTINUOUS
10
2.1402877559055118
20
0.6436414960629921
11
2.1443314566929135
21
0.6432283858267717
0
LINE
8
BLACK
6
CONTINUOUS
10
2.1443314566929135
20
0.6432283858267717
11
2.1551574409448819
21
0.6432283858267717
0
LINE
8
BLACK
6
CONTINUOUS
10
2.1551574409448819
20
0.6432283858267717
11
2.1551574803149607
21
0.6432284251968504
0
LINE
8
BLACK
6
CONTINUOUS
10
2.1551574803149607
20
0.6432284251968504
11
2.1551574803149607
21
0.6629133858267716
0
LINE
8
BLACK
6
CONTINUOUS
10
2.1551574803149607
20
0.6629133858267716
11
2.146299212598425
21
0.6629133858267716
0
LINE
8
BLACK
6
CONTINUOUS
10
2.146299212598425
20
0.6629133858267716
11
2.1425326377952754
21
0.6636625984251968
0
LINE
8
BLACK
6
CONTINUOUS
10
2.1425326377952754
20
0.6636625984251968
11
2.1393394881889765
21
0.6657961811023622
0
LINE
8
BLACK
6
CONTINUOUS
10
2.1393394881889765
20
0.6657961811023622
11
2.1372059055118111
21
0.6689893307086614
0
LINE
8
BLACK
6
CONTINUOUS
10
2.1372059055118111
20
0.6689893307086614
11
2.1364566929133857
21
0.672755905511811
0
LINE
8
BLACK
6
CONTINUOUS
10
2.1364566929133857
20
0.672755905511811
11
2.1167716929133857
21
0.672755905511811
0
LINE
8
BLACK
6
CONTINUOUS
10
2.1167716929133857
20
0.672755905511811
11
2.1167716929133857
21
0.6707879527559055
0
LINE
8
BLACK
6
CONTINUOUS
10
2.1167716929133857
20
0.6707879527559055
11
2.1171848031496063
21
0.6667442125984252
0
LINE
8
BLACK
6
CONTINUOUS
10
0.8350393700787402
20
0.6501968503937008
11
0.8547244094488189
21
0.6501968503937008
0
LINE
8
BLACK
6
CONTINUOUS
10
0.8547244094488189
20
0.6501968503937008
11
0.8547244094488189
21
0.6797244094488188
0
LINE
8
BLACK
6
CONTINUOUS
10
0.8547244094488189
20
0.6797244094488188
11
0.8554736220472441
21
0.6834909842519685
0
LINE
8
BLACK
6
CONTINUOUS
10
0.8554736220472441
20
0.6834909842519685
11
0.8576072047244094
21
0.6866841338582677
0
LINE
8
BLACK
6
CONTINUOUS
10
0.8576072047244094
20
0.6866841338582677
11
0.8608003543307087
21
0.688817716535433
0
LINE
8
BLACK
6
CONTINUOUS
10
0.8608003543307087
20
0.688817716535433
11
0.8645669291338582
21
0.6895669291338582
0
LINE
8
BLACK
6
CONTINUOUS
10
0.8645669291338582
20
0.6895669291338582
11
0.8901574803149606
21
0.6895669291338582
0
LINE
8
BLACK
6
CONTINUOUS
10
0.8901574803149606
20
0.6895669291338582
11
0.8901574803149606
21
0.709251968503937
0
LINE
8
BLACK
6
CONTINUOUS
10
0.8901574803149606
20
0.709251968503937
11
0.8625995275590551
21
0.709251968503937
0
LINE
8
BLACK
6
CONTINUOUS
10
0.8625995275590551
20
0.709251968503937
11
0.8625988976377953
21
0.7092519291338583
0
LINE
8
BLACK
6
CONTINUOUS
10
0.8625988976377953
20
0.7092519291338583
11
0.8585551968503937
21
0.7088388188976378
0
LINE
8
BLACK
6
CONTINUOUS
10
0.8585551968503937
20
0.7088388188976378
11
0.8520031496062992
21
0.7066676771653543
0
LINE
8
BLACK
6
CONTINUOUS
10
0.8520031496062992
20
0.7066676771653543
11
0.8520029527559055
21
0.7066675984251969
0
LINE
8
BLACK
6
CONTINUOUS
10
0.8520029527559055
20
0.7066675984251969
11
0.8461281102362205
21
0.703043937007874
0
LINE
8
BLACK
6
CONTINUOUS
10
0.8461281102362205
20
0.703043937007874
11
0.8412474015748032
21
0.6981632283464567
0
LINE
8
BLACK
6
CONTINUOUS
10
0.8412474015748032
20
0.6981632283464567
11
0.8376237401574803
21
0.6922883858267717
0
LINE
8
BLACK
6
CONTINUOUS
10
0.8376237401574803
20
0.6922883858267717
11
0.8376236614173228
21
0.6922881889763779
0
LINE
8
BLACK
6
CONTINUOUS
10
0.8376236614173228
20
0.6922881889763779
11
0.8354525196850393
21
0.6857361417322835
0
LINE
8
BLACK
6
CONTINUOUS
10
0.8354525196850393
20
0.6857361417322835
11
0.8354524803149607
21
0.6857358661417323
0
LINE
8
BLACK
6
CONTINUOUS
10
0.8354524803149607
20
0.6857358661417323
11
0.8350393700787402
21
0.6816924015748032
0
LINE
8
BLACK
6
CONTINUOUS
10
0.8350393700787402
20
0.6816924015748032
11
0.8350393700787402
21
0.6501968503937008
0
LINE
8
BLACK
6
CONTINUOUS
10
0.7348976771653544
20
0.8028593700787401
11
0.7348977559055118
21
0.8028590944881889
0
LINE
8
BLACK
6
CONTINUOUS
10
0.7348977559055118
20
0.8028590944881889
11
0.7368757874015748
21
0.7975556692913386
0
LINE
8
BLACK
6
CONTINUOUS
10
0.7368757874015748
20
0.7975556692913386
11
0.7368759448818898
21
0.7975553937007874
0
LINE
8
BLACK
6
CONTINUOUS
10
0.7368759448818898
20
0.7975553937007874
11
0.7402680708661418
21
0.7930241338582676
0
LINE
8
BLACK
6
CONTINUOUS
10
0.7402680708661418
20
0.7930241338582676
11
0.7402681889763779
21
0.7930240157480315
0
LINE
8
BLACK
6
CONTINUOUS
10
0.7402681889763779
20
0.7930240157480315
11
0.7447994488188976
21
0.7896318897637795
0
LINE
8
BLACK
6
CONTINUOUS
10
0.7447994488188976
20
0.7896318897637795
11
0.7447997244094487
21
0.7896317322834645
0
LINE
8
BLACK
6
CONTINUOUS
10
0.7447997244094487
20
0.7896317322834645
11
0.7501031496062992
21
0.7876537007874016
0
LINE
8
BLACK
6
CONTINUOUS
10
0.7501031496062992
20
0.7876537007874016
11
0.7501034251968504
21
0.7876536220472441
0
LINE
8
BLACK
6
CONTINUOUS
10
0.7501034251968504
20
0.7876536220472441
11
0.7524470472440945
21
0.7874016141732283
0
LINE
8
BLACK
6
CONTINUOUS
10
0.7524470472440945
20
0.7874016141732283
11
0.7524477165354331
21
0.7874015748031495
0
LINE
8
BLACK
6
CONTINUOUS
10
0.7524477165354331
20
0.7874015748031495
11
0.7641732283464566
21
0.7874015748031495
0
LINE
8
BLACK
6
CONTINUOUS
10
0.7641732283464566
20
0.7874015748031495
11
0.7641732283464566
21
0.8070866141732284
0
LINE
8
BLACK
6
CONTINUOUS
10
0.7641732283464566
20
0.8070866141732284
11
0.7543307086614173
21
0.8070866141732284
0
LINE
8
BLACK
6
CONTINUOUS
10
0.7543307086614173
20
0.8070866141732284
11
0.7543307086614173
21
0.8720472440944882
0
LINE
8
BLACK
6
CONTINUOUS
10
0.7543307086614173
20
0.8720472440944882
11
0.7346456692913386
21
0.8720472440944882
0
LINE
8
BLACK
6
CONTINUOUS
10
0.7346456692913386
20
0.8720472440944882
11
0.7346456692913386
21
0.8052029921259842
0
LINE
8
BLACK
6
CONTINUOUS
10
0.7346456692913386
20
0.8052029921259842
11
0.7348976771653544
21
0.8028593700787401
0
LINE
8
BLACK
6
CONTINUOUS
10
0.2756158267716535
20
0.889961062992126
11
0.2779666141732283
21
0.8801692125984252
0
LINE
8
BLACK
6
CONTINUOUS
10
0.2779666141732283
20
0.8801692125984252
11
0.2818202362204724
21
0.8708656692913386
0
LINE
8
BLACK
6
CONTINUOUS
10
0.2818202362204724
20
0.8708656692913386
11
0.2818203149606299
21
0.8708655511811023
0
LINE
8
BLACK
6
CONTINUOUS
10
0.2818203149606299
20
0.8708655511811023
11
0.2870816929133858
21
0.8622797244094488
0
LINE
8
BLACK
6
CONTINUOUS
10
0.2870816929133858
20
0.8622797244094488
11
0.287082125984252
21
0.8622791338582677
0
LINE
8
BLACK
6
CONTINUOUS
10
0.287082125984252
20
0.8622791338582677
11
0.2872099606299213
21
0.8621294881889764
0
LINE
8
BLACK
6
CONTINUOUS
10
0.2872099606299213
20
0.8621294881889764
11
0.2872100393700787
21
0.8621294881889764
0
LINE
8
BLACK
6
CONTINUOUS
10
0.2872100393700787
20
0.8621294881889764
11
0.3015240551181103
21
0.8764435433070866
0
LINE
8
BLACK
6
CONTINUOUS
10
0.3015240551181103
20
0.8764435433070866
11
0.3013427559055118
21
0.876683622047244
0
LINE
8
BLACK
6
CONTINUOUS
10
0.3013427559055118
20
0.876683622047244
11
0.2976995669291339
21
0.8840001181102362
0
LINE
8
BLACK
6
CONTINUOUS
10
0.2976995669291339
20
0.8840001181102362
11
0.2954627952755906
21
0.8918614960629921
0
LINE
8
BLACK
6
CONTINUOUS
10
0.2954627952755906
20
0.8918614960629921
11
0.2947086614173228
21
0.9
0
LINE
8
BLACK
6
CONTINUOUS
10
0.2947086614173228
20
0.9
11
0.2954627952755906
21
0.9081385039370079
0
LINE
8
BLACK
6
CONTINUOUS
10
0.2954627952755906
20
0.9081385039370079
11
0.2976995669291339
21
0.9159998818897638
0
LINE
8
BLACK
6
CONTINUOUS
10
0.2976995669291339
20
0.9159998818897638
11
0.3013427559055118
21
0.9233163779527559
0
LINE
8
BLACK
6
CONTINUOUS
10
0.3013427559055118
20
0.9233163779527559
11
0.3015240551181103
21
0.9235565354330708
0
LINE
8
BLACK
6
CONTINUOUS
10
0.3015240551181103
20
0.9235565354330708
11
0.28721
21
0.937870590551181
0
LINE
8
BLACK
6
CONTINUOUS
10
0.28721
20
0.937870590551181
11
0.2870818897637795
21
0.9377205905511811
0
LINE
8
BLACK
6
CONTINUOUS
10
0.2870818897637795
20
0.9377205905511811
11
0.2818203149606299
21
0.9291344881889764
0
LINE
8
BLACK
6
CONTINUOUS
10
0.2818203149606299
20
0.9291344881889764
11
0.2818202362204724
21
0.9291343700787401
0
LINE
8
BLACK
6
CONTINUOUS
10
0.2818202362204724
20
0.9291343700787401
11
0.2779666141732283
21
0.9198308267716535
0
LINE
8
BLACK
6
CONTINUOUS
10
0.2779666141732283
20
0.9198308267716535
11
0.2756158267716535
21
0.9100389763779527
0
LINE
8
BLACK
6
CONTINUOUS
10
0.2756158267716535
20
0.9100389763779527
11
0.2748257874015748
21
0.9
0
LINE
8
BLACK
6
CONTINUOUS
10
0.2748257874015748
20
0.9
11
0.2756158267716535
21
0.889961062992126
0
LINE
8
BLACK
6
CONTINUOUS
10
2.4212635433070866
20
0.9031379133858267
11
2.42343468503937
21
0.8965858661417323
0
LINE
8
BLACK
6
CONTINUOUS
10
2.42343468503937
20
0.8965858661417323
11
2.4234347637795275
21
0.8965856692913385
0
LINE
8
BLACK
6
CONTINUOUS
10
2.4234347637795275
20
0.8965856692913385
11
2.4270584251968503
21
0.8907108267716535
0
LINE
8
BLACK
6
CONTINUOUS
10
2.4270584251968503
20
0.8907108267716535
11
2.4319391338582679
21
0.8858301181102362
0
LINE
8
BLACK
6
CONTINUOUS
10
2.4319391338582679
20
0.8858301181102362
11
2.4378139763779525
21
0.8822064566929134
0
LINE
8
BLACK
6
CONTINUOUS
10
2.4378139763779525
20
0.8822064566929134
11
2.4378141732283463
21
0.8822063779527559
0
LINE
8
BLACK
6
CONTINUOUS
10
2.4378141732283463
20
0.8822063779527559
11
2.4443662204724408
21
0.8800352362204724
0
LINE
8
BLACK
6
CONTINUOUS
10
2.4443662204724408
20
0.8800352362204724
11
2.4443664960629921
21
0.8800351968503937
0
LINE
8
BLACK
6
CONTINUOUS
10
2.4443664960629921
20
0.8800351968503937
11
2.4484101968503937
21
0.8796220866141732
0
LINE
8
BLACK
6
CONTINUOUS
10
2.4484101968503937
20
0.8796220866141732
11
2.4641574409448816
21
0.8796220866141732
0
LINE
8
BLACK
6
CONTINUOUS
10
2.4641574409448816
20
0.8796220866141732
11
2.4641574803149604
21
0.8796221259842519
0
LINE
8
BLACK
6
CONTINUOUS
10
2.4641574803149604
20
0.8796221259842519
11
2.4641574803149604
21
0.8993070866141732
0
LINE
8
BLACK
6
CONTINUOUS
10
2.4641574803149604
20
0.8993070866141732
11
2.4503779527559053
21
0.8993070866141732
0
LINE
8
BLACK
6
CONTINUOUS
10
2.4503779527559053
20
0.8993070866141732
11
2.4466113779527556
21
0.9000562992125984
0
LINE
8
BLACK
6
CONTINUOUS
10
2.4466113779527556
20
0.9000562992125984
11
2.4434182283464567
21
0.9021898818897638
0
LINE
8
BLACK
6
CONTINUOUS
10
2.4434182283464567
20
0.9021898818897638
11
2.4412846456692914
21
0.9053830314960629
0
LINE
8
BLACK
6
CONTINUOUS
10
2.4412846456692914
20
0.9053830314960629
11
2.440535433070866
21
0.9091496062992126
0
LINE
8
BLACK
6
CONTINUOUS
10
2.440535433070866
20
0.9091496062992126
11
2.440535433070866
21
0.9150551181102362
0
LINE
8
BLACK
6
CONTINUOUS
10
2.440535433070866
20
0.9150551181102362
11
2.420850433070866
21
0.9150551181102362
0
LINE
8
BLACK
6
CONTINUOUS
10
2.420850433070866
20
0.9150551181102362
11
2.420850433070866
21
0.907181653543307
0
LINE
8
BLACK
6
CONTINUOUS
10
2.420850433070866
20
0.907181653543307
11
2.4212635433070866
21
0.9031379133858267
0
LINE
8
BLACK
6
CONTINUOUS
10
2.4208503937007873
20
0.9347401574803149
11
2.440535433070866
21
0.9347401574803149
0
LINE
8
BLACK
6
CONTINUOUS
10
2.440535433070866
20
0.9347401574803149
11
2.440535433070866
21
0.9406456692913385
0
LINE
8
BLACK
6
CONTINUOUS
10
2.440535433070866
20
0.9406456692913385
11
2.4412846456692914
21
0.9444122440944882
0
LINE
8
BLACK
6
CONTINUOUS
10
2.4412846456692914
20
0.9444122440944882
11
2.4434182283464567
21
0.9476053937007873
0
LINE
8
BLACK
6
CONTINUOUS
10
2.4434182283464567
20
0.9476053937007873
11
2.4466113779527556
21
0.9497389763779527
0
LINE
8
BLACK
6
CONTINUOUS
10
2.4466113779527556
20
0.9497389763779527
11
2.4503779527559053
21
0.9504881889763779
0
LINE
8
BLACK
6
CONTINUOUS
10
2.4503779527559053
20
0.9504881889763779
11
2.4641574803149604
21
0.9504881889763779
0
LINE
8
BLACK
6
CONTINUOUS
10
2.4641574803149604
20
0.9504881889763779
11
2.4641574803149604
21
0.9701732283464567
0
LINE
8
BLACK
6
CONTINUOUS
10
2.4641574803149604
20
0.9701732283464567
11
2.4484105511811025
21
0.9701732283464567
0
LINE
8
BLACK
6
CONTINUOUS
10
2.4484105511811025
20
0.9701732283464567
11
2.4484099212598425
21
0.9701731889763779
0
LINE
8
BLACK
6
CONTINUOUS
10
2.4484099212598425
20
0.9701731889763779
11
2.4443662204724408
21
0.9697600787401575
0
LINE
8
BLACK
6
CONTINUOUS
10
2.4443662204724408
20
0.9697600787401575
11
2.4378141732283463
21
0.967588937007874
0
LINE
8
BLACK
6
CONTINUOUS
10
2.4378141732283463
20
0.967588937007874
11
2.4378139763779525
21
0.9675888582677166
0
LINE
8
BLACK
6
CONTINUOUS
10
2.4378139763779525
20
0.9675888582677166
11
2.4319391338582679
21
0.9639651968503937
0
LINE
8
BLACK
6
CONTINUOUS
10
2.4319391338582679
20
0.9639651968503937
11
2.4270584251968503
21
0.9590844881889764
0
LINE
8
BLACK
6
CONTINUOUS
10
2.4270584251968503
20
0.9590844881889764
11
2.4234347637795275
21
0.9532096456692913
0
LINE
8
BLACK
6
CONTINUOUS
10
2.4234347637795275
20
0.9532096456692913
11
2.42343468503937
21
0.9532094488188976
0
LINE
8
BLACK
6
CONTINUOUS
10
2.42343468503937
20
0.9532094488188976
11
2.4212635433070866
21
0.9466574015748032
0
LINE
8
BLACK
6
CONTINUOUS
10
2.4212635433070866
20
0.9466574015748032
11
2.4212635039370078
21
0.946657125984252
0
LINE
8
BLACK
6
CONTINUOUS
10
2.4212635039370078
20
0.946657125984252
11
2.4208503937007873
21
0.9426136614173228
0
LINE
8
BLACK
6
CONTINUOUS
10
2.4208503937007873
20
0.9426136614173228
11
2.4208503937007873
21
0.9347401574803149
0
LINE
8
BLACK
6
CONTINUOUS
10
1.594641496062992
20
0.9812875196850394
11
1.5968126377952756
21
0.9747354724409448
0
LINE
8
BLACK
6
CONTINUOUS
10
1.5968126377952756
20
0.9747354724409448
11
1.5968127165354331
21
0.9747352755905512
0
LINE
8
BLACK
6
CONTINUOUS
10
1.5968127165354331
20
0.9747352755905512
11
1.600436377952756
21
0.9688604330708661
0
LINE
8
BLACK
6
CONTINUOUS
10
1.600436377952756
20
0.9688604330708661
11
1.6053170866141733
21
0.9639797244094488
0
LINE
8
BLACK
6
CONTINUOUS
10
1.6053170866141733
20
0.9639797244094488
11
1.6111919291338583
21
0.9603560629921259
0
LINE
8
BLACK
6
CONTINUOUS
10
1.6111919291338583
20
0.9603560629921259
11
1.6111921259842519
21
0.9603559842519684
0
LINE
8
BLACK
6
CONTINUOUS
10
1.6111921259842519
20
0.9603559842519684
11
1.6177441732283464
21
0.9581848425196851
0
LINE
8
BLACK
6
CONTINUOUS
10
1.6177441732283464
20
0.9581848425196851
11
1.6177444488188977
21
0.9581848031496063
0
LINE
8
BLACK
6
CONTINUOUS
10
1.6177444488188977
20
0.9581848031496063
11
1.6217881496062991
21
0.9577716929133858
0
LINE
8
BLACK
6
CONTINUOUS
10
1.6217881496062991
20
0.9577716929133858
11
1.6237558661417322
21
0.9577717322834646
0
LINE
8
BLACK
6
CONTINUOUS
10
1.6237558661417322
20
0.9577717322834646
11
1.6237559055118109
21
0.9577717322834646
0
LINE
8
BLACK
6
CONTINUOUS
10
1.6237559055118109
20
0.9577717322834646
11
1.6237559055118109
21
0.9774566929133858
0
LINE
8
BLACK
6
CONTINUOUS
10
1.6237559055118109
20
0.9774566929133858
11
1.6199893307086615
21
0.978205905511811
0
LINE
8
BLACK
6
CONTINUOUS
10
1.6199893307086615
20
0.978205905511811
11
1.6167961811023621
21
0.9803394881889763
0
LINE
8
BLACK
6
CONTINUOUS
10
1.6167961811023621
20
0.9803394881889763
11
1.6146625984251968
21
0.9835326377952756
0
LINE
8
BLACK
6
CONTINUOUS
10
1.6146625984251968
20
0.9835326377952756
11
1.6139133858267716
21
0.9872992125984251
0
LINE
8
BLACK
6
CONTINUOUS
10
1.6139133858267716
20
0.9872992125984251
11
1.6139133858267716
21
0.9961574803149607
0
LINE
8
BLACK
6
CONTINUOUS
10
1.6139133858267716
20
0.9961574803149607
11
1.5942283858267716
21
0.9961574803149607
0
LINE
8
BLACK
6
CONTINUOUS
10
1.5942283858267716
20
0.9961574803149607
11
1.5942283858267716
21
0.9853312598425197
0
LINE
8
BLACK
6
CONTINUOUS
10
1.5942283858267716
20
0.9853312598425197
11
1.594641496062992
21
0.9812875196850394
0
LINE
8
BLACK
6
CONTINUOUS
10
1.136771653543307
20
1.002244094488189
11
1.1564566929133857
21
1.002244094488189
0
LINE
8
BLACK
6
CONTINUOUS
10
1.1564566929133857
20
1.002244094488189
11
1.1572059055118109
21
1.0060106692913386
0
LINE
8
BLACK
6
CONTINUOUS
10
1.1572059055118109
20
1.0060106692913386
11
1.1593394881889763
21
1.0092038188976378
0
LINE
8
BLACK
6
CONTINUOUS
10
1.1593394881889763
20
1.0092038188976378
11
1.1625326377952756
21
1.0113374015748031
0
LINE
8
BLACK
6
CONTINUOUS
10
1.1625326377952756
20
1.0113374015748031
11
1.1662992125984251
21
1.0120866141732283
0
LINE
8
BLACK
6
CONTINUOUS
10
1.1662992125984251
20
1.0120866141732283
11
1.1751574803149607
21
1.0120866141732283
0
LINE
8
BLACK
6
CONTINUOUS
10
1.1751574803149607
20
1.0120866141732283
11
1.1751574803149607
21
1.031771653543307
0
LINE
8
BLACK
6
CONTINUOUS
10
1.1751574803149607
20
1.031771653543307
11
1.1643318503937008
21
1.031771653543307
0
LINE
8
BLACK
6
CONTINUOUS
10
1.1643318503937008
20
1.031771653543307
11
1.1643311811023622
21
1.0317716141732283
0
LINE
8
BLACK
6
CONTINUOUS
10
1.1643311811023622
20
1.0317716141732283
11
1.1602874803149605
21
1.0313585039370079
0
LINE
8
BLACK
6
CONTINUOUS
10
1.1602874803149605
20
1.0313585039370079
11
1.153735433070866
21
1.0291873622047243
0
LINE
8
BLACK
6
CONTINUOUS
10
1.153735433070866
20
1.0291873622047243
11
1.1537352362204725
21
1.029187283464567
0
LINE
8
BLACK
6
CONTINUOUS
10
1.1537352362204725
20
1.029187283464567
11
1.1478603937007874
21
1.0255636220472442
0
LINE
8
BLACK
6
CONTINUOUS
10
1.1478603937007874
20
1.0255636220472442
11
1.1429796850393701
21
1.0206829133858268
0
LINE
8
BLACK
6
CONTINUOUS
10
1.1429796850393701
20
1.0206829133858268
11
1.1393560236220472
21
1.0148080708661418
0
LINE
8
BLACK
6
CONTINUOUS
10
1.1393560236220472
20
1.0148080708661418
11
1.1393559448818897
21
1.014807874015748
0
LINE
8
BLACK
6
CONTINUOUS
10
1.1393559448818897
20
1.014807874015748
11
1.1371848031496063
21
1.0082558267716535
0
LINE
8
BLACK
6
CONTINUOUS
10
1.1371848031496063
20
1.0082558267716535
11
1.1371847637795276
21
1.0082555511811024
0
LINE
8
BLACK
6
CONTINUOUS
10
1.1371847637795276
20
1.0082555511811024
11
1.136771653543307
21
1.0042120866141733
0
LINE
8
BLACK
6
CONTINUOUS
10
1.136771653543307
20
1.0042120866141733
11
1.136771653543307
21
1.002244094488189
0
LINE
8
BLACK
6
CONTINUOUS
10
1.5942283464566929
20
1.0158425196850394
11
1.6139133858267716
21
1.0158425196850394
0
LINE
8
BLACK
6
CONTINUOUS
10
1.6139133858267716
20
1.0158425196850394
11
1.6139133858267716
21
1.0247007874015748
0
LINE
8
BLACK
6
CONTINUOUS
10
1.6139133858267716
20
1.0247007874015748
11
1.6146625984251968
21
1.0284673622047245
0
LINE
8
BLACK
6
CONTINUOUS
10
1.6146625984251968
20
1.0284673622047245
11
1.6167961811023621
21
1.0316605118110236
0
LINE
8
BLACK
6
CONTINUOUS
10
1.6167961811023621
20
1.0316605118110236
11
1.6199893307086615
21
1.0337940944881889
0
LINE
8
BLACK
6
CONTINUOUS
10
1.6199893307086615
20
1.0337940944881889
11
1.6237559055118109
21
1.0345433070866141
0
LINE
8
BLACK
6
CONTINUOUS
10
1.6237559055118109
20
1.0345433070866141
11
1.6237559055118109
21
1.0542283464566928
0
LINE
8
BLACK
6
CONTINUOUS
10
1.6237559055118109
20
1.0542283464566928
11
1.6237558661417322
21
1.0542283858267716
0
LINE
8
BLACK
6
CONTINUOUS
10
1.6237558661417322
20
1.0542283858267716
11
1.6217885433070867
21
1.0542283464566928
0
LINE
8
BLACK
6
CONTINUOUS
10
1.6217885433070867
20
1.0542283464566928
11
1.6217878346456693
21
1.0542283070866141
0
LINE
8
BLACK
6
CONTINUOUS
10
1.6217878346456693
20
1.0542283070866141
11
1.6177441732283464
21
1.0538151968503937
0
LINE
8
BLACK
6
CONTINUOUS
10
1.6177441732283464
20
1.0538151968503937
11
1.6111921259842519
21
1.0516440551181103
0
LINE
8
BLACK
6
CONTINUOUS
10
1.6111921259842519
20
1.0516440551181103
11
1.6111919291338583
21
1.0516439763779528
0
LINE
8
BLACK
6
CONTINUOUS
10
1.6111919291338583
20
1.0516439763779528
11
1.6053170866141733
21
1.04802031496063
0
LINE
8
BLACK
6
CONTINUOUS
10
1.6053170866141733
20
1.04802031496063
11
1.600436377952756
21
1.0431396062992127
0
LINE
8
BLACK
6
CONTINUOUS
10
1.600436377952756
20
1.0431396062992127
11
1.5968127165354331
21
1.0372647637795276
0
LINE
8
BLACK
6
CONTINUOUS
10
1.5968127165354331
20
1.0372647637795276
11
1.5968126377952756
21
1.0372645669291338
0
LINE
8
BLACK
6
CONTINUOUS
10
1.5968126377952756
20
1.0372645669291338
11
1.594641496062992
21
1.0307125196850393
0
LINE
8
BLACK
6
CONTINUOUS
10
1.594641496062992
20
1.0307125196850393
11
1.5946414566929132
21
1.0307122440944883
0
LINE
8
BLACK
6
CONTINUOUS
10
1.5946414566929132
20
1.0307122440944883
11
1.5942283464566929
21
1.0266687795275591
0
LINE
8
BLACK
6
CONTINUOUS
10
1.5942283464566929
20
1.0266687795275591
11
1.5942283464566929
21
1.0158425196850394
0
LINE
8
BLACK
6
CONTINUOUS
10
0.2756158267716535
20
1.0899610629921259
11
0.2779666141732283
21
1.0801692125984252
0
LINE
8
BLACK
6
CONTINUOUS
10
0.2779666141732283
20
1.0801692125984252
11
0.2818202362204724
21
1.0708656692913385
0
LINE
8
BLACK
6
CONTINUOUS
10
0.2818202362204724
20
1.0708656692913385
11
0.2818203149606299
21
1.0708655511811023
0
LINE
8
BLACK
6
CONTINUOUS
10
0.2818203149606299
20
1.0708655511811023
11
0.2870816929133858
21
1.0622797244094488
0
LINE
8
BLACK
6
CONTINUOUS
10
0.2870816929133858
20
1.0622797244094488
11
0.287082125984252
21
1.0622791338582678
0
LINE
8
BLACK
6
CONTINUOUS
10
0.287082125984252
20
1.0622791338582678
11
0.2872099606299213
21
1.0621294881889765
0
LINE
8
BLACK
6
CONTINUOUS
10
0.2872099606299213
20
1.0621294881889765
11
0.2872100393700787
21
1.0621294881889765
0
LINE
8
BLACK
6
CONTINUOUS
10
0.2872100393700787
20
1.0621294881889765
11
0.3015240551181103
21
1.0764435433070867
0
LINE
8
BLACK
6
CONTINUOUS
10
0.3015240551181103
20
1.0764435433070867
11
0.3013427559055118
21
1.076683622047244
0
LINE
8
BLACK
6
CONTINUOUS
10
0.3013427559055118
20
1.076683622047244
11
0.2976995669291339
21
1.0840001181102361
0
LINE
8
BLACK
6
CONTINUOUS
10
0.2976995669291339
20
1.0840001181102361
11
0.2954627952755906
21
1.0918614960629922
0
LINE
8
BLACK
6
CONTINUOUS
10
0.2954627952755906
20
1.0918614960629922
11
0.2947086614173228
21
1.0999999999999999
0
LINE
8
BLACK
6
CONTINUOUS
10
0.2947086614173228
20
1.0999999999999999
11
0.2954627952755906
21
1.1081385039370077
0
LINE
8
BLACK
6
CONTINUOUS
10
0.2954627952755906
20
1.1081385039370077
11
0.2976995669291339
21
1.1159998818897638
0
LINE
8
BLACK
6
CONTINUOUS
10
0.2976995669291339
20
1.1159998818897638
11
0.3013427559055118
21
1.123316377952756
0
LINE
8
BLACK
6
CONTINUOUS
10
0.3013427559055118
20
1.123316377952756
11
0.3015240551181103
21
1.123556496062992
0
LINE
8
BLACK
6
CONTINUOUS
10
0.3015240551181103
20
1.123556496062992
11
0.2872099606299213
21
1.137870590551181
0
LINE
8
BLACK
6
CONTINUOUS
10
0.2872099606299213
20
1.137870590551181
11
0.2870818897637795
21
1.1377205905511811
0
LINE
8
BLACK
6
CONTINUOUS
10
0.2870818897637795
20
1.1377205905511811
11
0.2818203149606299
21
1.1291344881889764
0
LINE
8
BLACK
6
CONTINUOUS
10
0.2818203149606299
20
1.1291344881889764
11
0.2818202362204724
21
1.1291343700787402
0
LINE
8
BLACK
6
CONTINUOUS
10
0.2818202362204724
20
1.1291343700787402
11
0.2779666141732283
21
1.1198308267716535
0
LINE
8
BLACK
6
CONTINUOUS
10
0.2779666141732283
20
1.1198308267716535
11
0.2756158267716535
21
1.1100389763779528
0
LINE
8
BLACK
6
CONTINUOUS
10
0.2756158267716535
20
1.1100389763779528
11
0.2748257874015748
21
1.0999999999999999
0
LINE
8
BLACK
6
CONTINUOUS
10
0.2748257874015748
20
1.0999999999999999
11
0.2756158267716535
21
1.0899610629921259
0
LINE
8
BLACK
6
CONTINUOUS
10
1.386771653543307
20
1.187244094488189
11
1.4064566929133857
21
1.187244094488189
0
LINE
8
BLACK
6
CONTINUOUS
10
1.4064566929133857
20
1.187244094488189
11
1.4072059055118109
21
1.1910106692913385
0
LINE
8
BLACK
6
CONTINUOUS
10
1.4072059055118109
20
1.1910106692913385
11
1.4093394881889763
21
1.1942038188976378
0
LINE
8
BLACK
6
CONTINUOUS
10
1.4093394881889763
20
1.1942038188976378
11
1.4125326377952756
21
1.1963374015748032
0
LINE
8
BLACK
6
CONTINUOUS
10
1.4125326377952756
20
1.1963374015748032
11
1.4162992125984251
21
1.1970866141732284
0
LINE
8
BLACK
6
CONTINUOUS
10
1.4162992125984251
20
1.1970866141732284
11
1.4251574803149607
21
1.1970866141732284
0
LINE
8
BLACK
6
CONTINUOUS
10
1.4251574803149607
20
1.1970866141732284
11
1.4251574803149607
21
1.2167716535433071
0
LINE
8
BLACK
6
CONTINUOUS
10
1.4251574803149607
20
1.2167716535433071
11
1.4143318503937008
21
1.2167716535433071
0
LINE
8
BLACK
6
CONTINUOUS
10
1.4143318503937008
20
1.2167716535433071
11
1.4143311811023622
21
1.2167716141732283
0
LINE
8
BLACK
6
CONTINUOUS
10
1.4143311811023622
20
1.2167716141732283
11
1.4102874803149605
21
1.216358503937008
0
LINE
8
BLACK
6
CONTINUOUS
10
1.4102874803149605
20
1.216358503937008
11
1.403735433070866
21
1.2141873622047243
0
LINE
8
BLACK
6
CONTINUOUS
10
1.403735433070866
20
1.2141873622047243
11
1.4037352362204725
21
1.2141872834645668
0
LINE
8
BLACK
6
CONTINUOUS
10
1.4037352362204725
20
1.2141872834645668
11
1.3978603937007874
21
1.210563622047244
0
LINE
8
BLACK
6
CONTINUOUS
10
1.3978603937007874
20
1.210563622047244
11
1.3929796850393701
21
1.2056829133858267
0
LINE
8
BLACK
6
CONTINUOUS
10
1.3929796850393701
20
1.2056829133858267
11
1.3893560236220472
21
1.1998080708661416
0
LINE
8
BLACK
6
CONTINUOUS
10
1.3893560236220472
20
1.1998080708661416
11
1.3893559448818897
21
1.1998078740157481
0
LINE
8
BLACK
6
CONTINUOUS
10
1.3893559448818897
20
1.1998078740157481
11
1.3871848031496063
21
1.1932558267716535
0
LINE
8
BLACK
6
CONTINUOUS
10
1.3871848031496063
20
1.1932558267716535
11
1.3871847637795276
21
1.1932555511811023
0
LINE
8
BLACK
6
CONTINUOUS
10
1.3871847637795276
20
1.1932555511811023
11
1.386771653543307
21
1.1892120866141731
0
LINE
8
BLACK
6
CONTINUOUS
10
1.386771653543307
20
1.1892120866141731
11
1.386771653543307
21
1.187244094488189
0
LINE
8
BLACK
6
CONTINUOUS
10
0.7346456692913386
20
1.1279527559055118
11
0.7543307086614173
21
1.1279527559055118
0
LINE
8
BLACK
6
CONTINUOUS
10
0.7543307086614173
20
1.1279527559055118
11
0.7543307086614173
21
1.1929133858267715
0
LINE
8
BLACK
6
CONTINUOUS
10
0.7543307086614173
20
1.1929133858267715
11
0.7641732283464566
21
1.1929133858267715
0
LINE
8
BLACK
6
CONTINUOUS
10
0.7641732283464566
20
1.1929133858267715
11
0.7641732283464566
21
1.2125984251968505
0
LINE
8
BLACK
6
CONTINUOUS
10
0.7641732283464566
20
1.2125984251968505
11
0.7524470472440945
21
1.2125984251968505
0
LINE
8
BLACK
6
CONTINUOUS
10
0.7524470472440945
20
1.2125984251968505
11
0.7501034251968504
21
1.2123464173228347
0
LINE
8
BLACK
6
CONTINUOUS
10
0.7501034251968504
20
1.2123464173228347
11
0.7501031496062992
21
1.2123463385826772
0
LINE
8
BLACK
6
CONTINUOUS
10
0.7501031496062992
20
1.2123463385826772
11
0.7447997244094487
21
1.2103683070866142
0
LINE
8
BLACK
6
CONTINUOUS
10
0.7447997244094487
20
1.2103683070866142
11
0.7447994488188976
21
1.2103681496062992
0
LINE
8
BLACK
6
CONTINUOUS
10
0.7447994488188976
20
1.2103681496062992
11
0.7402681889763779
21
1.2069760236220473
0
LINE
8
BLACK
6
CONTINUOUS
10
0.7402681889763779
20
1.2069760236220473
11
0.7402680708661418
21
1.206975905511811
0
LINE
8
BLACK
6
CONTINUOUS
10
0.7402680708661418
20
1.206975905511811
11
0.7368759448818898
21
1.2024446456692912
0
LINE
8
BLACK
6
CONTINUOUS
10
0.7368759448818898
20
1.2024446456692912
11
0.7368757874015748
21
1.2024443700787402
0
LINE
8
BLACK
6
CONTINUOUS
10
0.7368757874015748
20
1.2024443700787402
11
0.7348977559055118
21
1.1971409448818897
0
LINE
8
BLACK
6
CONTINUOUS
10
0.7348977559055118
20
1.1971409448818897
11
0.7348976771653544
21
1.1971406692913387
0
LINE
8
BLACK
6
CONTINUOUS
10
0.7348976771653544
20
1.1971406692913387
11
0.7346456692913386
21
1.1947970472440945
0
LINE
8
BLACK
6
CONTINUOUS
10
0.7346456692913386
20
1.1947970472440945
11
0.7346456692913386
21
1.1279527559055118
0
LINE
8
BLACK
6
CONTINUOUS
10
0.7348976771653544
20
1.2753003149606299
11
0.7348977559055118
21
1.2753000393700786
0
LINE
8
BLACK
6
CONTINUOUS
10
0.7348977559055118
20
1.2753000393700786
11
0.7368757874015748
21
1.2699966141732284
0
LINE
8
BLACK
6
CONTINUOUS
10
0.7368757874015748
20
1.2699966141732284
11
0.7368759448818898
21
1.2699963385826771
0
LINE
8
BLACK
6
CONTINUOUS
10
0.7368759448818898
20
1.2699963385826771
11
0.7402680708661418
21
1.2654650787401573
0
LINE
8
BLACK
6
CONTINUOUS
10
0.7402680708661418
20
1.2654650787401573
11
0.7402681889763779
21
1.2654649606299213
0
LINE
8
BLACK
6
CONTINUOUS
10
0.7402681889763779
20
1.2654649606299213
11
0.7447994488188976
21
1.2620728346456693
0
LINE
8
BLACK
6
CONTINUOUS
10
0.7447994488188976
20
1.2620728346456693
11
0.7447997244094487
21
1.2620726771653543
0
LINE
8
BLACK
6
CONTINUOUS
10
0.7447997244094487
20
1.2620726771653543
11
0.7501031496062992
21
1.2600946456692914
0
LINE
8
BLACK
6
CONTINUOUS
10
0.7501031496062992
20
1.2600946456692914
11
0.7501034251968504
21
1.2600945669291339
0
LINE
8
BLACK
6
CONTINUOUS
10
0.7501034251968504
20
1.2600945669291339
11
0.7524470472440945
21
1.2598425590551181
0
LINE
8
BLACK
6
CONTINUOUS
10
0.7524470472440945
20
1.2598425590551181
11
0.7524477165354331
21
1.2598425196850394
0
LINE
8
BLACK
6
CONTINUOUS
10
0.7524477165354331
20
1.2598425196850394
11
0.7641732283464566
21
1.2598425196850394
0
LINE
8
BLACK
6
CONTINUOUS
10
0.7641732283464566
20
1.2598425196850394
11
0.7641732283464566
21
1.2795275590551181
0
LINE
8
BLACK
6
CONTINUOUS
10
0.7641732283464566
20
1.2795275590551181
11
0.7543307086614173
21
1.2795275590551181
0
LINE
8
BLACK
6
CONTINUOUS
10
0.7543307086614173
20
1.2795275590551181
11
0.7543307086614173
21
1.344488188976378
0
LINE
8
BLACK
6
CONTINUOUS
10
0.7543307086614173
20
1.344488188976378
11
0.7346456692913386
21
1.344488188976378
0
LINE
8
BLACK
6
CONTINUOUS
10
0.7346456692913386
20
1.344488188976378
11
0.7346456692913386
21
1.277643937007874
0
LINE
8
BLACK
6
CONTINUOUS
10
0.7346456692913386
20
1.277643937007874
11
0.7348976771653544
21
1.2753003149606299
0
LINE
8
BLACK
6
CONTINUOUS
10
1.126771653543307
20
1.292244094488189
11
1.1464566929133857
21
1.292244094488189
0
LINE
8
BLACK
6
CONTINUOUS
10
1.1464566929133857
20
1.292244094488189
11
1.1472059055118109
21
1.2960106692913385
0
LINE
8
BLACK
6
CONTINUOUS
10
1.1472059055118109
20
1.2960106692913385
11
1.1493394881889762
21
1.2992038188976378
0
LINE
8
BLACK
6
CONTINUOUS
10
1.1493394881889762
20
1.2992038188976378
11
1.1525326377952756
21
1.3013374015748032
0
LINE
8
BLACK
6
CONTINUOUS
10
1.1525326377952756
20
1.3013374015748032
11
1.1562992125984253
21
1.3020866141732284
0
LINE
8
BLACK
6
CONTINUOUS
10
1.1562992125984253
20
1.3020866141732284
11
1.1651574803149607
21
1.3020866141732284
0
LINE
8
BLACK
6
CONTINUOUS
10
1.1651574803149607
20
1.3020866141732284
11
1.1651574803149607
21
1.3217716535433071
0
LINE
8
BLACK
6
CONTINUOUS
10
1.1651574803149607
20
1.3217716535433071
11
1.1543318503937008
21
1.3217716535433071
0
LINE
8
BLACK
6
CONTINUOUS
10
1.1543318503937008
20
1.3217716535433071
11
1.1543311811023622
21
1.3217716141732283
0
LINE
8
BLACK
6
CONTINUOUS
10
1.1543311811023622
20
1.3217716141732283
11
1.1502874803149605
21
1.3213585039370079
0
LINE
8
BLACK
6
CONTINUOUS
10
1.1502874803149605
20
1.3213585039370079
11
1.1437354330708662
21
1.3191873622047243
0
LINE
8
BLACK
6
CONTINUOUS
10
1.1437354330708662
20
1.3191873622047243
11
1.1437352362204725
21
1.3191872834645668
0
LINE
8
BLACK
6
CONTINUOUS
10
1.1437352362204725
20
1.3191872834645668
11
1.1378603937007874
21
1.315563622047244
0
LINE
8
BLACK
6
CONTINUOUS
10
1.1378603937007874
20
1.315563622047244
11
1.1329796850393701
21
1.3106829133858267
0
LINE
8
BLACK
6
CONTINUOUS
10
1.1329796850393701
20
1.3106829133858267
11
1.1293560236220472
21
1.3048080708661418
0
LINE
8
BLACK
6
CONTINUOUS
10
1.1293560236220472
20
1.3048080708661418
11
1.1293559448818897
21
1.304807874015748
0
LINE
8
BLACK
6
CONTINUOUS
10
1.1293559448818897
20
1.304807874015748
11
1.1271848031496063
21
1.2982558267716535
0
LINE
8
BLACK
6
CONTINUOUS
10
1.1271848031496063
20
1.2982558267716535
11
1.1271847637795276
21
1.2982555511811023
0
LINE
8
BLACK
6
CONTINUOUS
10
1.1271847637795276
20
1.2982555511811023
11
1.126771653543307
21
1.2942120866141733
0
LINE
8
BLACK
6
CONTINUOUS
10
1.126771653543307
20
1.2942120866141733
11
1.126771653543307
21
1.292244094488189
0
LINE
8
BLACK
6
CONTINUOUS
10
0.7346456692913386
20
1.3641732283464567
11
0.7543307086614173
21
1.3641732283464567
0
LINE
8
BLACK
6
CONTINUOUS
10
0.7543307086614173
20
1.3641732283464567
11
0.7543307086614173
21
1.4291338582677164
0
LINE
8
BLACK
6
CONTINUOUS
10
0.7543307086614173
20
1.4291338582677164
11
0.7641732283464566
21
1.4291338582677164
0
LINE
8
BLACK
6
CONTINUOUS
10
0.7641732283464566
20
1.4291338582677164
11
0.7641732283464566
21
1.4488188976377951
0
LINE
8
BLACK
6
CONTINUOUS
10
0.7641732283464566
20
1.4488188976377951
11
0.7524470472440945
21
1.4488188976377951
0
LINE
8
BLACK
6
CONTINUOUS
10
0.7524470472440945
20
1.4488188976377951
11
0.7501034251968504
21
1.4485668897637796
0
LINE
8
BLACK
6
CONTINUOUS
10
0.7501034251968504
20
1.4485668897637796
11
0.7501031496062992
21
1.4485668110236221
0
LINE
8
BLACK
6
CONTINUOUS
10
0.7501031496062992
20
1.4485668110236221
11
0.7447997244094487
21
1.4465887795275589
0
LINE
8
BLACK
6
CONTINUOUS
10
0.7447997244094487
20
1.4465887795275589
11
0.7447994488188976
21
1.4465886220472441
0
LINE
8
BLACK
6
CONTINUOUS
10
0.7447994488188976
20
1.4465886220472441
11
0.7402681889763779
21
1.4431964960629922
0
LINE
8
BLACK
6
CONTINUOUS
10
0.7402681889763779
20
1.4431964960629922
11
0.7402680708661418
21
1.4431963779527559
0
LINE
8
BLACK
6
CONTINUOUS
10
0.7402680708661418
20
1.4431963779527559
11
0.7368759448818898
21
1.4386651181102361
0
LINE
8
BLACK
6
CONTINUOUS
10
0.7368759448818898
20
1.4386651181102361
11
0.7368757874015748
21
1.4386648425196851
0
LINE
8
BLACK
6
CONTINUOUS
10
0.7368757874015748
20
1.4386648425196851
11
0.7348977559055118
21
1.4333614173228346
0
LINE
8
BLACK
6
CONTINUOUS
10
0.7348977559055118
20
1.4333614173228346
11
0.7348976771653544
21
1.4333611417322834
0
LINE
8
BLACK
6
CONTINUOUS
10
0.7348976771653544
20
1.4333611417322834
11
0.7346456692913386
21
1.4310175196850394
0
LINE
8
BLACK
6
CONTINUOUS
10
0.7346456692913386
20
1.4310175196850394
11
0.7346456692913386
21
1.3641732283464567
0
LINE
8
BLACK
6
CONTINUOUS
10
1.8317716535433071
20
1.4422440944881889
11
1.8514566929133858
21
1.4422440944881889
0
LINE
8
BLACK
6
CONTINUOUS
10
1.8514566929133858
20
1.4422440944881889
11
1.852205905511811
21
1.4460106692913386
0
LINE
8
BLACK
6
CONTINUOUS
10
1.852205905511811
20
1.4460106692913386
11
1.8543394881889763
21
1.4492038188976377
0
LINE
8
BLACK
6
CONTINUOUS
10
1.8543394881889763
20
1.4492038188976377
11
1.8575326377952754
21
1.4513374015748031
0
LINE
8
BLACK
6
CONTINUOUS
10
1.8575326377952754
20
1.4513374015748031
11
1.8612992125984251
21
1.4520866141732283
0
LINE
8
BLACK
6
CONTINUOUS
10
1.8612992125984251
20
1.4520866141732283
11
1.8701574803149605
21
1.4520866141732283
0
LINE
8
BLACK
6
CONTINUOUS
10
1.8701574803149605
20
1.4520866141732283
11
1.8701574803149605
21
1.471771653543307
0
LINE
8
BLACK
6
CONTINUOUS
10
1.8701574803149605
20
1.471771653543307
11
1.8593318503937006
21
1.471771653543307
0
LINE
8
BLACK
6
CONTINUOUS
10
1.8593318503937006
20
1.471771653543307
11
1.8593311811023621
21
1.4717716141732282
0
LINE
8
BLACK
6
CONTINUOUS
10
1.8593311811023621
20
1.4717716141732282
11
1.8552874803149606
21
1.4713585039370078
0
LINE
8
BLACK
6
CONTINUOUS
10
1.8552874803149606
20
1.4713585039370078
11
1.8487354330708661
21
1.4691873622047245
0
LINE
8
BLACK
6
CONTINUOUS
10
1.8487354330708661
20
1.4691873622047245
11
1.8487352362204723
21
1.469187283464567
0
LINE
8
BLACK
6
CONTINUOUS
10
1.8487352362204723
20
1.469187283464567
11
1.8428603937007875
21
1.4655636220472441
0
LINE
8
BLACK
6
CONTINUOUS
10
1.8428603937007875
20
1.4655636220472441
11
1.8379796850393699
21
1.4606829133858268
0
LINE
8
BLACK
6
CONTINUOUS
10
1.8379796850393699
20
1.4606829133858268
11
1.8343560236220473
21
1.4548080708661417
0
LINE
8
BLACK
6
CONTINUOUS
10
1.8343560236220473
20
1.4548080708661417
11
1.8343559448818898
21
1.454807874015748
0
LINE
8
BLACK
6
CONTINUOUS
10
1.8343559448818898
20
1.454807874015748
11
1.8321848031496062
21
1.4482558267716534
0
LINE
8
BLACK
6
CONTINUOUS
10
1.8321848031496062
20
1.4482558267716534
11
1.8321847637795274
21
1.4482555511811024
0
LINE
8
BLACK
6
CONTINUOUS
10
1.8321847637795274
20
1.4482555511811024
11
1.8317716535433071
21
1.4442120866141732
0
LINE
8
BLACK
6
CONTINUOUS
10
1.8317716535433071
20
1.4442120866141732
11
1.8317716535433071
21
1.4422440944881889
0
LINE
8
BLACK
6
CONTINUOUS
10
1.7374360236220472
20
1.4415713385826772
11
1.7571210629921259
21
1.4415713385826772
0
LINE
8
BLACK
6
CONTINUOUS
10
1.7571210629921259
20
1.4415713385826772
11
1.7571210629921259
21
1.4548587401574802
0
LINE
8
BLACK
6
CONTINUOUS
10
1.7571210629921259
20
1.4548587401574802
11
1.7575705905511811
21
1.4571187007874016
0
LINE
8
BLACK
6
CONTINUOUS
10
1.7575705905511811
20
1.4571187007874016
11
1.7588507480314961
21
1.4590345669291338
0
LINE
8
BLACK
6
CONTINUOUS
10
1.7588507480314961
20
1.4590345669291338
11
1.7590895669291338
21
1.4591941732283464
0
LINE
8
BLACK
6
CONTINUOUS
10
1.7590895669291338
20
1.4591941732283464
11
1.7590895669291338
21
1.480342874015748
0
LINE
8
BLACK
6
CONTINUOUS
10
1.7590895669291338
20
1.480342874015748
11
1.7589912598425197
21
1.4803351181102362
0
LINE
8
BLACK
6
CONTINUOUS
10
1.7589912598425197
20
1.4803351181102362
11
1.752782716535433
21
1.478531338582677
0
LINE
8
BLACK
6
CONTINUOUS
10
1.752782716535433
20
1.478531338582677
11
1.7527825984251968
21
1.4785312992125983
0
LINE
8
BLACK
6
CONTINUOUS
10
1.7527825984251968
20
1.4785312992125983
11
1.7472174015748032
21
1.4752400787401574
0
LINE
8
BLACK
6
CONTINUOUS
10
1.7472174015748032
20
1.4752400787401574
11
1.7472170472440944
21
1.4752398031496063
0
LINE
8
BLACK
6
CONTINUOUS
10
1.7472170472440944
20
1.4752398031496063
11
1.7426455118110236
21
1.4706682677165355
0
LINE
8
BLACK
6
CONTINUOUS
10
1.7426455118110236
20
1.4706682677165355
11
1.7426452362204723
21
1.4706679133858267
0
LINE
8
BLACK
6
CONTINUOUS
10
1.7426452362204723
20
1.4706679133858267
11
1.7393540157480314
21
1.4651027165354331
0
LINE
8
BLACK
6
CONTINUOUS
10
1.7393540157480314
20
1.4651027165354331
11
1.7393539763779526
21
1.4651025984251969
0
LINE
8
BLACK
6
CONTINUOUS
10
1.7393539763779526
20
1.4651025984251969
11
1.7375501968503937
21
1.4588940157480315
0
LINE
8
BLACK
6
CONTINUOUS
10
1.7375501968503937
20
1.4588940157480315
11
1.7375501574803149
21
1.4588937795275589
0
LINE
8
BLACK
6
CONTINUOUS
10
1.7375501574803149
20
1.4588937795275589
11
1.7374360236220472
21
1.4574433858267717
0
LINE
8
BLACK
6
CONTINUOUS
10
1.7374360236220472
20
1.4574433858267717
11
1.7374360236220472
21
1.4415713385826772
0
LINE
8
BLACK
6
CONTINUOUS
10
2.047552283464567
20
1.4960629921259843
11
2.0475529133858266
21
1.496063031496063
0
LINE
8
BLACK
6
CONTINUOUS
10
2.0475529133858266
20
1.496063031496063
11
2.0498965354330707
21
1.4963150393700788
0
LINE
8
BLACK
6
CONTINUOUS
10
2.0498965354330707
20
1.4963150393700788
11
2.049896811023622
21
1.4963151181102361
0
LINE
8
BLACK
6
CONTINUOUS
10
2.049896811023622
20
1.4963151181102361
11
2.0552002362204722
21
1.4982931496062992
0
LINE
8
BLACK
6
CONTINUOUS
10
2.0552002362204722
20
1.4982931496062992
11
2.0552005118110235
21
1.4982933070866142
0
LINE
8
BLACK
6
CONTINUOUS
10
2.0552005118110235
20
1.4982933070866142
11
2.059731771653543
21
1.5016854330708662
0
LINE
8
BLACK
6
CONTINUOUS
10
2.059731771653543
20
1.5016854330708662
11
2.0597318897637793
21
1.5016855511811023
0
LINE
8
BLACK
6
CONTINUOUS
10
2.0597318897637793
20
1.5016855511811023
11
2.0631240157480315
21
1.506216811023622
0
LINE
8
BLACK
6
CONTINUOUS
10
2.0631240157480315
20
1.506216811023622
11
2.0631241732283465
21
1.5062170866141731
0
LINE
8
BLACK
6
CONTINUOUS
10
2.0631241732283465
20
1.5062170866141731
11
2.0651022047244094
21
1.5115205118110235
0
LINE
8
BLACK
6
CONTINUOUS
10
2.0651022047244094
20
1.5115205118110235
11
2.0651022834645669
21
1.5115207874015748
0
LINE
8
BLACK
6
CONTINUOUS
10
2.0651022834645669
20
1.5115207874015748
11
2.0653542913385827
21
1.5138644094488189
0
LINE
8
BLACK
6
CONTINUOUS
10
2.0653542913385827
20
1.5138644094488189
11
2.0653543307086615
21
1.5138650787401575
0
LINE
8
BLACK
6
CONTINUOUS
10
2.0653543307086615
20
1.5138650787401575
11
2.0653543307086615
21
1.5511811023622046
0
LINE
8
BLACK
6
CONTINUOUS
10
2.0653543307086615
20
1.5511811023622046
11
2.0456692913385828
21
1.5511811023622046
0
LINE
8
BLACK
6
CONTINUOUS
10
2.0456692913385828
20
1.5511811023622046
11
2.0456692913385828
21
1.515748031496063
0
LINE
8
BLACK
6
CONTINUOUS
10
2.0456692913385828
20
1.515748031496063
11
2.0358267716535434
21
1.515748031496063
0
LINE
8
BLACK
6
CONTINUOUS
10
2.0358267716535434
20
1.515748031496063
11
2.0358267716535434
21
1.4960629921259843
0
LINE
8
BLACK
6
CONTINUOUS
10
2.0358267716535434
20
1.4960629921259843
11
2.047552283464567
21
1.4960629921259843
0
LINE
8
BLACK
6
CONTINUOUS
10
0.9511811023622047
20
1.6358267716535433
11
0.9708661417322835
21
1.6358267716535433
0
LINE
8
BLACK
6
CONTINUOUS
10
0.9708661417322835
20
1.6358267716535433
11
0.9708661417322835
21
1.6456692913385826
0
LINE
8
BLACK
6
CONTINUOUS
10
0.9708661417322835
20
1.6456692913385826
11
1.0358267716535432
21
1.6456692913385826
0
LINE
8
BLACK
6
CONTINUOUS
10
1.0358267716535432
20
1.6456692913385826
11
1.0358267716535432
21
1.6653543307086613
0
LINE
8
BLACK
6
CONTINUOUS
10
1.0358267716535432
20
1.6653543307086613
11
0.9689824803149606
21
1.6653543307086613
0
LINE
8
BLACK
6
CONTINUOUS
10
0.9689824803149606
20
1.6653543307086613
11
0.9666388582677166
21
1.6651023228346455
0
LINE
8
BLACK
6
CONTINUOUS
10
0.9666388582677166
20
1.6651023228346455
11
0.9666385826771653
21
1.6651022440944883
0
LINE
8
BLACK
6
CONTINUOUS
10
0.9666385826771653
20
1.6651022440944883
11
0.961335157480315
21
1.6631242125984251
0
LINE
8
BLACK
6
CONTINUOUS
10
0.961335157480315
20
1.6631242125984251
11
0.9613348818897638
21
1.6631240551181101
0
LINE
8
BLACK
6
CONTINUOUS
10
0.9613348818897638
20
1.6631240551181101
11
0.9568036220472441
21
1.6597319291338581
0
LINE
8
BLACK
6
CONTINUOUS
10
0.9568036220472441
20
1.6597319291338581
11
0.9568035039370079
21
1.6597318110236221
0
LINE
8
BLACK
6
CONTINUOUS
10
0.9568035039370079
20
1.6597318110236221
11
0.9534113779527559
21
1.6552005511811023
0
LINE
8
BLACK
6
CONTINUOUS
10
0.9534113779527559
20
1.6552005511811023
11
0.9534112204724409
21
1.6552002755905511
0
LINE
8
BLACK
6
CONTINUOUS
10
0.9534112204724409
20
1.6552002755905511
11
0.951433188976378
21
1.6498968503937008
0
LINE
8
BLACK
6
CONTINUOUS
10
0.951433188976378
20
1.6498968503937008
11
0.9514331102362205
21
1.6498965748031496
0
LINE
8
BLACK
6
CONTINUOUS
10
0.9514331102362205
20
1.6498965748031496
11
0.9511811023622047
21
1.6475529527559054
0
LINE
8
BLACK
6
CONTINUOUS
10
0.9511811023622047
20
1.6475529527559054
11
0.9511811023622047
21
1.6358267716535433
0
LINE
8
BLACK
6
CONTINUOUS
10
1.1874015748031497
20
1.6358267716535433
11
1.2070866141732284
21
1.6358267716535433
0
LINE
8
BLACK
6
CONTINUOUS
10
1.2070866141732284
20
1.6358267716535433
11
1.2070866141732284
21
1.6456692913385826
0
LINE
8
BLACK
6
CONTINUOUS
10
1.2070866141732284
20
1.6456692913385826
11
1.2720472440944881
21
1.6456692913385826
0
LINE
8
BLACK
6
CONTINUOUS
10
1.2720472440944881
20
1.6456692913385826
11
1.2720472440944881
21
1.6653543307086613
0
LINE
8
BLACK
6
CONTINUOUS
10
1.2720472440944881
20
1.6653543307086613
11
1.2052029527559054
21
1.6653543307086613
0
LINE
8
BLACK
6
CONTINUOUS
10
1.2052029527559054
20
1.6653543307086613
11
1.2028593307086615
21
1.6651023228346455
0
LINE
8
BLACK
6
CONTINUOUS
10
1.2028593307086615
20
1.6651023228346455
11
1.2028590551181102
21
1.6651022440944883
0
LINE
8
BLACK
6
CONTINUOUS
10
1.2028590551181102
20
1.6651022440944883
11
1.1975556299212597
21
1.6631242125984251
0
LINE
8
BLACK
6
CONTINUOUS
10
1.1975556299212597
20
1.6631242125984251
11
1.1975553543307087
21
1.6631240551181101
0
LINE
8
BLACK
6
CONTINUOUS
10
1.1975553543307087
20
1.6631240551181101
11
1.1930240944881889
21
1.6597319291338581
0
LINE
8
BLACK
6
CONTINUOUS
10
1.1930240944881889
20
1.6597319291338581
11
1.1930239763779527
21
1.6597318110236221
0
LINE
8
BLACK
6
CONTINUOUS
10
1.1930239763779527
20
1.6597318110236221
11
1.1896318503937007
21
1.6552005511811023
0
LINE
8
BLACK
6
CONTINUOUS
10
1.1896318503937007
20
1.6552005511811023
11
1.1896316929133859
21
1.6552002755905511
0
LINE
8
BLACK
6
CONTINUOUS
10
1.1896316929133859
20
1.6552002755905511
11
1.1876536614173228
21
1.6498968503937008
0
LINE
8
BLACK
6
CONTINUOUS
10
1.1876536614173228
20
1.6498968503937008
11
1.1876535826771653
21
1.6498965748031496
0
LINE
8
BLACK
6
CONTINUOUS
10
1.1876535826771653
20
1.6498965748031496
11
1.1874015748031497
21
1.6475529527559054
0
LINE
8
BLACK
6
CONTINUOUS
10
1.1874015748031497
20
1.6475529527559054
11
1.1874015748031497
21
1.6358267716535433
0
LINE
8
BLACK
6
CONTINUOUS
10
1.4236220472440944
20
1.6358267716535433
11
1.4433070866141733
21
1.6358267716535433
0
LINE
8
BLACK
6
CONTINUOUS
10
1.4433070866141733
20
1.6358267716535433
11
1.4433070866141733
21
1.6456692913385826
0
LINE
8
BLACK
6
CONTINUOUS
10
1.4433070866141733
20
1.6456692913385826
11
1.508267716535433
21
1.6456692913385826
0
LINE
8
BLACK
6
CONTINUOUS
10
1.508267716535433
20
1.6456692913385826
11
1.508267716535433
21
1.6653543307086613
0
LINE
8
BLACK
6
CONTINUOUS
10
1.508267716535433
20
1.6653543307086613
11
1.4414234251968503
21
1.6653543307086613
0
LINE
8
BLACK
6
CONTINUOUS
10
1.4414234251968503
20
1.6653543307086613
11
1.4390798031496064
21
1.6651023228346455
0
LINE
8
BLACK
6
CONTINUOUS
10
1.4390798031496064
20
1.6651023228346455
11
1.4390795275590551
21
1.6651022440944883
0
LINE
8
BLACK
6
CONTINUOUS
10
1.4390795275590551
20
1.6651022440944883
11
1.4337761023622047
21
1.6631242125984251
0
LINE
8
BLACK
6
CONTINUOUS
10
1.4337761023622047
20
1.6631242125984251
11
1.4337758267716536
21
1.6631240551181101
0
LINE
8
BLACK
6
CONTINUOUS
10
1.4337758267716536
20
1.6631240551181101
11
1.4292445669291338
21
1.6597319291338581
0
LINE
8
BLACK
6
CONTINUOUS
10
1.4292445669291338
20
1.6597319291338581
11
1.4292444488188976
21
1.6597318110236221
0
LINE
8
BLACK
6
CONTINUOUS
10
1.4292444488188976
20
1.6597318110236221
11
1.4258523228346456
21
1.6552005511811023
0
LINE
8
BLACK
6
CONTINUOUS
10
1.4258523228346456
20
1.6552005511811023
11
1.4258521653543306
21
1.6552002755905511
0
LINE
8
BLACK
6
CONTINUOUS
10
1.4258521653543306
20
1.6552002755905511
11
1.4238741338582677
21
1.6498968503937008
0
LINE
8
BLACK
6
CONTINUOUS
10
1.4238741338582677
20
1.6498968503937008
11
1.4238740551181102
21
1.6498965748031496
0
LINE
8
BLACK
6
CONTINUOUS
10
1.4238740551181102
20
1.6498965748031496
11
1.4236220472440944
21
1.6475529527559054
0
LINE
8
BLACK
6
CONTINUOUS
10
1.4236220472440944
20
1.6475529527559054
11
1.4236220472440944
21
1.6358267716535433
0
LINE
8
BLACK
6
CONTINUOUS
10
1.6598425196850393
20
1.6358267716535433
11
1.679527559055118
21
1.6358267716535433
0
LINE
8
BLACK
6
CONTINUOUS
10
1.679527559055118
20
1.6358267716535433
11
1.679527559055118
21
1.6456692913385826
0
LINE
8
BLACK
6
CONTINUOUS
10
1.679527559055118
20
1.6456692913385826
11
1.7444881889763779
21
1.6456692913385826
0
LINE
8
BLACK
6
CONTINUOUS
10
1.7444881889763779
20
1.6456692913385826
11
1.7444881889763779
21
1.6653543307086613
0
LINE
8
BLACK
6
CONTINUOUS
10
1.7444881889763779
20
1.6653543307086613
11
1.6776438976377952
21
1.6653543307086613
0
LINE
8
BLACK
6
CONTINUOUS
10
1.6776438976377952
20
1.6653543307086613
11
1.6753002755905511
21
1.6651023228346455
0
LINE
8
BLACK
6
CONTINUOUS
10
1.6753002755905511
20
1.6651023228346455
11
1.6753
21
1.6651022440944883
0
LINE
8
BLACK
6
CONTINUOUS
10
1.6753
20
1.6651022440944883
11
1.6699965748031496
21
1.6631242125984251
0
LINE
8
BLACK
6
CONTINUOUS
10
1.6699965748031496
20
1.6631242125984251
11
1.6699962992125983
21
1.6631240551181101
0
LINE
8
BLACK
6
CONTINUOUS
10
1.6699962992125983
20
1.6631240551181101
11
1.6654650393700787
21
1.6597319291338581
0
LINE
8
BLACK
6
CONTINUOUS
10
1.6654650393700787
20
1.6597319291338581
11
1.6654649212598425
21
1.6597318110236221
0
LINE
8
BLACK
6
CONTINUOUS
10
1.6654649212598425
20
1.6597318110236221
11
1.6620727952755905
21
1.6552005511811023
0
LINE
8
BLACK
6
CONTINUOUS
10
1.6620727952755905
20
1.6552005511811023
11
1.6620726377952755
21
1.6552002755905511
0
LINE
8
BLACK
6
CONTINUOUS
10
1.6620726377952755
20
1.6552002755905511
11
1.6600946062992126
21
1.6498968503937008
0
LINE
8
BLACK
6
CONTINUOUS
10
1.6600946062992126
20
1.6498968503937008
11
1.6600945275590551
21
1.6498965748031496
0
LINE
8
BLACK
6
CONTINUOUS
10
1.6600945275590551
20
1.6498965748031496
11
1.6598425196850393
21
1.6475529527559054
0
LINE
8
BLACK
6
CONTINUOUS
10
1.6598425196850393
20
1.6475529527559054
11
1.6598425196850393
21
1.6358267716535433
0
LINE
8
BLACK
6
CONTINUOUS
10
1.8960629921259842
20
1.6358267716535433
11
1.9157480314960629
21
1.6358267716535433
0
LINE
8
BLACK
6
CONTINUOUS
10
1.9157480314960629
20
1.6358267716535433
11
1.9157480314960629
21
1.6456692913385826
0
LINE
8
BLACK
6
CONTINUOUS
10
1.9157480314960629
20
1.6456692913385826
11
1.9511811023622048
21
1.6456692913385826
0
LINE
8
BLACK
6
CONTINUOUS
10
1.9511811023622048
20
1.6456692913385826
11
1.9511811023622048
21
1.6653543307086613
0
LINE
8
BLACK
6
CONTINUOUS
10
1.9511811023622048
20
1.6653543307086613
11
1.9138643700787401
21
1.6653543307086613
0
LINE
8
BLACK
6
CONTINUOUS
10
1.9138643700787401
20
1.6653543307086613
11
1.911520748031496
21
1.6651023228346455
0
LINE
8
BLACK
6
CONTINUOUS
10
1.911520748031496
20
1.6651023228346455
11
1.9115204724409449
21
1.6651022440944883
0
LINE
8
BLACK
6
CONTINUOUS
10
1.9115204724409449
20
1.6651022440944883
11
1.9062170472440945
21
1.6631242125984251
0
LINE
8
BLACK
6
CONTINUOUS
10
1.9062170472440945
20
1.6631242125984251
11
1.9062167716535432
21
1.6631240551181101
0
LINE
8
BLACK
6
CONTINUOUS
10
1.9062167716535432
20
1.6631240551181101
11
1.9016855118110236
21
1.6597319291338581
0
LINE
8
BLACK
6
CONTINUOUS
10
1.9016855118110236
20
1.6597319291338581
11
1.9016853937007874
21
1.6597318110236221
0
LINE
8
BLACK
6
CONTINUOUS
10
1.9016853937007874
20
1.6597318110236221
11
1.8982932677165354
21
1.6552005511811023
0
LINE
8
BLACK
6
CONTINUOUS
10
1.8982932677165354
20
1.6552005511811023
11
1.8982931102362204
21
1.6552002755905511
0
LINE
8
BLACK
6
CONTINUOUS
10
1.8982931102362204
20
1.6552002755905511
11
1.8963150787401575
21
1.6498968503937008
0
LINE
8
BLACK
6
CONTINUOUS
10
1.8963150787401575
20
1.6498968503937008
11
1.896315
21
1.6498965748031496
0
LINE
8
BLACK
6
CONTINUOUS
10
1.896315
20
1.6498965748031496
11
1.8960629921259842
21
1.6475529527559054
0
LINE
8
BLACK
6
CONTINUOUS
10
1.8960629921259842
20
1.6475529527559054
11
1.8960629921259842
21
1.6358267716535433
0
CIRCLE
8
BLACK
10
2.3999999999999999
20
0.4
40
0.0068897637795276
0
CIRCLE
8
BLACK
10
0.4
20
0.4
40
0.0068897637795276
0
CIRCLE
8
BLACK
10
0.4
20
1.5999999999999999
40
0.0068897637795276
0
CIRCLE
8
BLACK
10
2.3600000393700786
20
1.3599999999999999
40
0.0068897637795276
0
CIRCLE
8
BLACK
10
2.259999960629921
20
1.3599999999999999
40
0.0068897637795276
0
CIRCLE
8
BLACK
10
2.3600000393700786
20
1.26
40
0.0068897637795276
0
CIRCLE
8
BLACK
10
2.259999960629921
20
1.26
40
0.0068897637795276
0
CIRCLE
8
BLACK
10
2.3999999999999999
20
1.5999999999999999
40
0.0068897637795276
0
CIRCLE
8
BLACK
10
2.3600000393700786
20
1.0600000000000001
40
0.0068897637795276
0
CIRCLE
8
BLACK
10
2.259999960629921
20
1.0600000000000001
40
0.0068897637795276
0
CIRCLE
8
BLACK
10
2.2599999999999998
20
0.89
40
0.0068897637795276
0
CIRCLE
8
BLACK
10
2.3599999999999999
20
0.89
40
0.0068897637795276
0
CIRCLE
8
BLACK
10
2.2599999999999998
20
0.79
40
0.0068897637795276
0
CIRCLE
8
BLACK
10
2.3599999999999999
20
0.79
40
0.0068897637795276
0
CIRCLE
8
BLACK
10
2.2599999999999998
20
0.6899999999999999
40
0.0068897637795276
0
CIRCLE
8
BLACK
10
2.3599999999999999
20
0.6899999999999999
40
0.0068897637795276
0
CIRCLE
8
BLACK
10
2.3600000393700786
20
1.1599999999999999
40
0.0068897637795276
0
CIRCLE
8
BLACK
10
2.259999960629921
20
1.1599999999999999
40
0.0068897637795276
0
CIRCLE
8
BLACK
10
0.439
20
1.
40
0.0068897637795276
0
CIRCLE
8
BLACK
10
0.339
20
1.0999999999999999
40
0.0068897637795276
0
CIRCLE
8
BLACK
10
0.339
20
0.9
40
0.0068897637795276
0
CIRCLE
8
BLACK
10
0.539
20
1.0999999999999999
40
0.0068897637795276
0
CIRCLE
8
BLACK
10
0.539
20
0.9
40
0.0068897637795276
0
CIRCLE
8
BLACK
10
1.6199999999999999
20
1.25
40
0.0068897637795276
0
CIRCLE
8
BLACK
10
1.6199999999999999
20
1.3499999999999999
40
0.0068897637795276
0
CIRCLE
8
BLACK
10
2.1120000000000001
20
0.403
40
0.0078740157480315
0
CIRCLE
8
BLACK
10
1.0389999999999999
20
1.7249999999999999
40
0.0078740157480315
0
CIRCLE
8
BLACK
10
1.2949999999999999
20
1.7289999999999999
40
0.0078740157480315
0
CIRCLE
8
BLACK
10
2.109
20
0.58
40
0.0078740157480315
0
CIRCLE
8
BLACK
10
0.649
20
0.52
40
0.0078740157480315
0
CIRCLE
8
BLACK
10
1.6059999999999999
20
0.265
40
0.0078740157480315
0
CIRCLE
8
BLACK
10
0.638
20
1.256
40
0.0078740157480315
0
CIRCLE
8
BLACK
10
2.476
20
1.0009999999999999
40
0.0078740157480315
0
CIRCLE
8
BLACK
10
2.0829999999999997
20
0.883
40
0.0078740157480315
0
CIRCLE
8
BLACK
10
1.76
20
1.734
40
0.0078740157480315
0
CIRCLE
8
BLACK
10
2.145
20
1.103
40
0.0078740157480315
0
CIRCLE
8
BLACK
10
1.54
20
1.1850000000000001
40
0.0078740157480315
0
CIRCLE
8
BLACK
10
1.02
20
0.285
40
0.0078740157480315
0
CIRCLE
8
BLACK
10
1.825
20
1.02
40
0.0078740157480315
0
CIRCLE
8
BLACK
10
1.5329999999999999
20
1.734
40
0.0078740157480315
0
CIRCLE
8
BLACK
10
1.905
20
1.0175984251968504
40
0.0078740157480315
0
CIRCLE
8
BLACK
10
1.3009999999999999
20
0.268
40
0.0078740157480315
0
CIRCLE
8
BLACK
10
0.657
20
1.5109999999999999
40
0.0078740157480315
0
CIRCLE
8
BLACK
10
0.666
20
1.7169999999999999
40
0.0078740157480315
0
CIRCLE
8
BLACK
10
0.653
20
0.718
40
0.0078740157480315
0
CIRCLE
8
BLACK
10
1.9629999999999999
20
1.7329999999999999
40
0.0078740157480315
0
CIRCLE
8
BLACK
10
2.1499999999999999
20
1.3069999999999999
40
0.0078740157480315
  0
ENDSEC
  0
EOF
