  0
SECTION
  2
HEADER
  9
$ANGBASE
  50
0.0
  9
$ANGDIR
  70
1
  9
$MEASUREMENT
  70
0
  0
ENDSEC
  0
SECTION
  2
TABLES
  0
TABLE
  2
LTYPE
  70
4
  0
LTYPE
  5
40F
  2
CONTINUOUS
  70
0
  3
Solid line
  72
65
  73
0
  40
0.0
  0
LTYPE
  5
410
  2
DASHDOT
 70
0
  3
Dash Dot ____ _ ____ _
 72
65
 73
4
 40
2.0
 49
1.25
 49
-0.25
 49
0.25
 49
-0.25
  0
LTYPE
  5
411
  2
DASHED
 70
0
  3
Dashed __ __ __ __ __
 72
65
 73
2
 40
0.75
 49
0.5
 49
-0.25
  0
LTYPE
  5
43B
  2
DOTTED
 70
0
  3
Dotted .  .  .  .
 72
65
 73
2
 40
0.2
 49
0.0
 49
-0.2
  0
ENDTAB
  0
TABLE
  2
STYLE
  70
4
  0
STYLE
  2
KICAD
  70
0
  40
0
  41
1
  42
1
  50
0
  71
0
  3
isocp.shx
  0
STYLE
  2
KICADB
  70
0
  40
0
  41
1
  42
1
  50
0
  71
0
  3
isocp.shx
  0
STYLE
  2
KICADI
  70
0
  40
0
  41
1
  42
1
  50
15
  71
0
  3
isocp.shx
  0
STYLE
  2
KICADBI
  70
0
  40
0
  41
1
  42
1
  50
15
  71
0
  3
isocp.shx
  0
ENDTAB
  0
TABLE
  2
LAYER
  70
1
  0
LAYER
  2
BLACK
  70
0
  62
7
  6
CONTINUOUS
  0
ENDTAB
  0
ENDSEC
  0
SECTION
  2
ENTITIES
0
LINE
8
BLACK
6
CONTINUOUS
10
0.9466301968503937
20
1.1267095669291338
11
0.9510202362204724
21
1.1244727165354331
0
LINE
8
BLACK
6
CONTINUOUS
10
0.9510202362204724
20
1.1244727165354331
11
0.9545042125984252
21
1.1209887401574803
0
LINE
8
BLACK
6
CONTINUOUS
10
0.9545042125984252
20
1.1209887401574803
11
0.9567410629921259
21
1.1165987007874016
0
LINE
8
BLACK
6
CONTINUOUS
10
0.9567410629921259
20
1.1165987007874016
11
0.957511811023622
21
1.1117322834645669
0
LINE
8
BLACK
6
CONTINUOUS
10
0.957511811023622
20
1.1117322834645669
11
0.956967874015748
21
1.1082981496062991
0
LINE
8
BLACK
6
CONTINUOUS
10
0.956967874015748
20
1.1082981496062991
11
0.9641175984251968
21
1.101689094488189
0
LINE
8
BLACK
6
CONTINUOUS
10
0.9641175984251968
20
1.101689094488189
11
1.0355788976377953
21
1.0356316929133857
0
LINE
8
BLACK
6
CONTINUOUS
10
1.0355788976377953
20
1.0356316929133857
11
1.0356311811023622
21
1.0355794094488189
0
LINE
8
BLACK
6
CONTINUOUS
10
1.0356311811023622
20
1.0355794094488189
11
1.1136401181102362
21
0.9511886220472441
0
LINE
8
BLACK
6
CONTINUOUS
10
1.1136401181102362
20
0.9511886220472441
11
1.1136880708661416
21
0.9511324803149606
0
LINE
8
BLACK
6
CONTINUOUS
10
1.1136880708661416
20
0.9511324803149606
11
1.1848351968503936
21
0.8608796062992126
0
LINE
8
BLACK
6
CONTINUOUS
10
1.1848351968503936
20
0.8608796062992126
11
1.184878779527559
21
0.8608196062992126
0
LINE
8
BLACK
6
CONTINUOUS
10
1.184878779527559
20
0.8608196062992126
11
1.2487273228346456
21
0.7652633464566929
0
LINE
8
BLACK
6
CONTINUOUS
10
1.2487273228346456
20
0.7652633464566929
11
1.2487661023622048
21
0.7652000787401575
0
LINE
8
BLACK
6
CONTINUOUS
10
1.2487661023622048
20
0.7652000787401575
11
1.3049190157480315
21
0.6649299606299213
0
LINE
8
BLACK
6
CONTINUOUS
10
1.3049190157480315
20
0.6649299606299213
11
1.3049526771653543
21
0.6648638582677165
0
LINE
8
BLACK
6
CONTINUOUS
10
1.3049526771653543
20
0.6648638582677165
11
1.3530670078740157
21
0.5604987401574804
0
LINE
8
BLACK
6
CONTINUOUS
10
1.3530670078740157
20
0.5604987401574804
11
1.3530954330708662
21
0.5604301968503936
0
LINE
8
BLACK
6
CONTINUOUS
10
1.3530954330708662
20
0.5604301968503936
11
1.3928730708661416
21
0.4526096062992126
0
LINE
8
BLACK
6
CONTINUOUS
10
1.3928730708661416
20
0.4526096062992126
11
1.3928959842519684
21
0.4525390551181102
0
LINE
8
BLACK
6
CONTINUOUS
10
1.3928959842519684
20
0.4525390551181102
11
1.4240920866141733
21
0.3419323622047244
0
LINE
8
BLACK
6
CONTINUOUS
10
1.4240920866141733
20
0.3419323622047244
11
1.4241094094488189
21
0.3418601968503937
0
LINE
8
BLACK
6
CONTINUOUS
10
1.4241094094488189
20
0.3418601968503937
11
1.4465283070866142
21
0.2291453543307087
0
LINE
8
BLACK
6
CONTINUOUS
10
1.4465283070866142
20
0.2291453543307087
11
1.4465399212598424
21
0.2290720866141732
0
LINE
8
BLACK
6
CONTINUOUS
10
1.4465399212598424
20
0.2290720866141732
11
1.4600466929133857
21
0.1149452362204724
0
LINE
8
BLACK
6
CONTINUOUS
10
1.4600466929133857
20
0.1149452362204724
11
1.4600524803149606
21
0.1148712598425197
0
LINE
8
BLACK
6
CONTINUOUS
10
1.4600524803149606
20
0.1148712598425197
11
1.4645652755905512
21
0.000037125984252
0
LINE
8
BLACK
6
CONTINUOUS
10
1.4645652755905512
20
0.000037125984252
11
1.4645652755905512
21
-0.0000370472440945
0
LINE
8
BLACK
6
CONTINUOUS
10
1.4645652755905512
20
-0.0000370472440945
11
1.4600524803149606
21
-0.1148710236220472
0
LINE
8
BLACK
6
CONTINUOUS
10
1.4600524803149606
20
-0.1148710236220472
11
1.4600466929133857
21
-0.114945
0
LINE
8
BLACK
6
CONTINUOUS
10
1.4600466929133857
20
-0.114945
11
1.4465399212598424
21
-0.2290718503937008
0
LINE
8
BLACK
6
CONTINUOUS
10
1.4465399212598424
20
-0.2290718503937008
11
1.4465283070866142
21
-0.2291451181102362
0
LINE
8
BLACK
6
CONTINUOUS
10
1.4465283070866142
20
-0.2291451181102362
11
1.4241094094488189
21
-0.3418598031496063
0
LINE
8
BLACK
6
CONTINUOUS
10
1.4241094094488189
20
-0.3418598031496063
11
1.4240920866141733
21
-0.341931968503937
0
LINE
8
BLACK
6
CONTINUOUS
10
1.4240920866141733
20
-0.341931968503937
11
1.3928959842519684
21
-0.4525388976377953
0
LINE
8
BLACK
6
CONTINUOUS
10
1.3928959842519684
20
-0.4525388976377953
11
1.3928730708661416
21
-0.4526094488188976
0
LINE
8
BLACK
6
CONTINUOUS
10
1.3928730708661416
20
-0.4526094488188976
11
1.3530954330708662
21
-0.5604299606299212
0
LINE
8
BLACK
6
CONTINUOUS
10
1.3530954330708662
20
-0.5604299606299212
11
1.3530670078740157
21
-0.5604985039370078
0
LINE
8
BLACK
6
CONTINUOUS
10
1.3530670078740157
20
-0.5604985039370078
11
1.3049526771653543
21
-0.6648635826771654
0
LINE
8
BLACK
6
CONTINUOUS
10
1.3049526771653543
20
-0.6648635826771654
11
1.3049190157480315
21
-0.6649296850393701
0
LINE
8
BLACK
6
CONTINUOUS
10
1.3049190157480315
20
-0.6649296850393701
11
1.2487661023622048
21
-0.765199842519685
0
LINE
8
BLACK
6
CONTINUOUS
10
1.2487661023622048
20
-0.765199842519685
11
1.2487273228346456
21
-0.7652631102362204
0
LINE
8
BLACK
6
CONTINUOUS
10
1.2487273228346456
20
-0.7652631102362204
11
1.184878779527559
21
-0.8608194488188976
0
LINE
8
BLACK
6
CONTINUOUS
10
1.184878779527559
20
-0.8608194488188976
11
1.1848351968503936
21
-0.8608794488188977
0
LINE
8
BLACK
6
CONTINUOUS
10
1.1848351968503936
20
-0.8608794488188977
11
1.1136880708661416
21
-0.9511322834645669
0
LINE
8
BLACK
6
CONTINUOUS
10
1.1136880708661416
20
-0.9511322834645669
11
1.1136398818897637
21
-0.9511887007874016
0
LINE
8
BLACK
6
CONTINUOUS
10
1.1136398818897637
20
-0.9511887007874016
11
1.0356313779527559
21
-1.0355788976377953
0
LINE
8
BLACK
6
CONTINUOUS
10
1.0356313779527559
20
-1.0355788976377953
11
1.0355788976377953
21
-1.0356313779527559
0
LINE
8
BLACK
6
CONTINUOUS
10
1.0355788976377953
20
-1.0356313779527559
11
0.9606185826771654
21
-1.1049230708661417
0
LINE
8
BLACK
6
CONTINUOUS
10
0.9606185826771654
20
-1.1049230708661417
11
0.9610236220472441
21
-1.1074803149606298
0
LINE
8
BLACK
6
CONTINUOUS
10
0.9610236220472441
20
-1.1074803149606298
11
0.960252874015748
21
-1.1123467322834646
0
LINE
8
BLACK
6
CONTINUOUS
10
0.960252874015748
20
-1.1123467322834646
11
0.9580160236220472
21
-1.1167367716535432
0
LINE
8
BLACK
6
CONTINUOUS
10
0.9580160236220472
20
-1.1167367716535432
11
0.9545320472440945
21
-1.1202207480314961
0
LINE
8
BLACK
6
CONTINUOUS
10
0.9545320472440945
20
-1.1202207480314961
11
0.9501420078740157
21
-1.1224575984251968
0
LINE
8
BLACK
6
CONTINUOUS
10
0.9501420078740157
20
-1.1224575984251968
11
0.945275590551181
21
-1.1232283464566928
0
LINE
8
BLACK
6
CONTINUOUS
10
0.945275590551181
20
-1.1232283464566928
11
0.9404091732283464
21
-1.1224575984251968
0
LINE
8
BLACK
6
CONTINUOUS
10
0.9404091732283464
20
-1.1224575984251968
11
0.9360191338582677
21
-1.1202207480314961
0
LINE
8
BLACK
6
CONTINUOUS
10
0.9360191338582677
20
-1.1202207480314961
11
0.9325351574803149
21
-1.1167367716535432
0
LINE
8
BLACK
6
CONTINUOUS
10
0.9325351574803149
20
-1.1167367716535432
11
0.9302983070866142
21
-1.1123467322834646
0
LINE
8
BLACK
6
CONTINUOUS
10
0.9302983070866142
20
-1.1123467322834646
11
0.9295275590551181
21
-1.1074803149606298
0
LINE
8
BLACK
6
CONTINUOUS
10
0.9295275590551181
20
-1.1074803149606298
11
0.9302983070866142
21
-1.1026138976377953
0
LINE
8
BLACK
6
CONTINUOUS
10
0.9302983070866142
20
-1.1026138976377953
11
0.9325351574803149
21
-1.0982238582677164
0
LINE
8
BLACK
6
CONTINUOUS
10
0.9325351574803149
20
-1.0982238582677164
11
0.9360191338582677
21
-1.0947398818897638
0
LINE
8
BLACK
6
CONTINUOUS
10
0.9360191338582677
20
-1.0947398818897638
11
0.9404091732283464
21
-1.0925030314960629
0
LINE
8
BLACK
6
CONTINUOUS
10
0.9404091732283464
20
-1.0925030314960629
11
0.945275590551181
21
-1.0917322834645669
0
LINE
8
BLACK
6
CONTINUOUS
10
0.945275590551181
20
-1.0917322834645669
11
0.9501420078740157
21
-1.0925030314960629
0
LINE
8
BLACK
6
CONTINUOUS
10
0.9501420078740157
20
-1.0925030314960629
11
0.9506113779527559
21
-1.0927421653543308
0
LINE
8
BLACK
6
CONTINUOUS
10
0.9506113779527559
20
-1.0927421653543308
11
1.0244684645669291
21
-1.0244684645669291
0
LINE
8
BLACK
6
CONTINUOUS
10
1.0244684645669291
20
-1.0244684645669291
11
1.1016887401574802
21
-0.9409329133858267
0
LINE
8
BLACK
6
CONTINUOUS
10
1.1016887401574802
20
-0.9409329133858267
11
1.1721179921259843
21
-0.8515942125984252
0
LINE
8
BLACK
6
CONTINUOUS
10
1.1721179921259843
20
-0.8515942125984252
11
1.235322716535433
21
-0.7570038188976378
0
LINE
8
BLACK
6
CONTINUOUS
10
1.235322716535433
20
-0.7570038188976378
11
1.2909055511811023
21
-0.6577516929133859
0
LINE
8
BLACK
6
CONTINUOUS
10
1.2909055511811023
20
-0.6577516929133859
11
1.3385351968503936
21
-0.5544368110236221
0
LINE
8
BLACK
6
CONTINUOUS
10
1.3385351968503936
20
-0.5544368110236221
11
1.3779094881889764
21
-0.4477084645669291
0
LINE
8
BLACK
6
CONTINUOUS
10
1.3779094881889764
20
-0.4477084645669291
11
1.4087875196850392
21
-0.3382198818897638
0
LINE
8
BLACK
6
CONTINUOUS
10
1.4087875196850392
20
-0.3382198818897638
11
1.4309803149606299
21
-0.2266451181102362
0
LINE
8
BLACK
6
CONTINUOUS
10
1.4309803149606299
20
-0.2266451181102362
11
1.4443542913385827
21
-0.1136727165354331
0
LINE
8
BLACK
6
CONTINUOUS
10
1.4443542913385827
20
-0.1136727165354331
11
1.4488190157480314
21
0.000000157480315
0
LINE
8
BLACK
6
CONTINUOUS
10
1.4488190157480314
20
0.000000157480315
11
1.4443542913385827
21
0.113673031496063
0
LINE
8
BLACK
6
CONTINUOUS
10
1.4443542913385827
20
0.113673031496063
11
1.43986968503937
21
0.1515551968503937
0
LINE
8
BLACK
6
CONTINUOUS
10
1.43986968503937
20
0.1515551968503937
11
1.4317706692913386
21
0.1515551968503937
0
LINE
8
BLACK
6
CONTINUOUS
10
1.4317706692913386
20
0.1515551968503937
11
1.4300632677165355
21
0.1482042519685039
0
LINE
8
BLACK
6
CONTINUOUS
10
1.4300632677165355
20
0.1482042519685039
11
1.4265792913385826
21
0.1447202755905512
0
LINE
8
BLACK
6
CONTINUOUS
10
1.4265792913385826
20
0.1447202755905512
11
1.422189251968504
21
0.1424834251968504
0
LINE
8
BLACK
6
CONTINUOUS
10
1.422189251968504
20
0.1424834251968504
11
1.4173228346456692
21
0.1417126771653543
0
LINE
8
BLACK
6
CONTINUOUS
10
1.4173228346456692
20
0.1417126771653543
11
1.4124564173228347
21
0.1424834251968504
0
LINE
8
BLACK
6
CONTINUOUS
10
1.4124564173228347
20
0.1424834251968504
11
1.4080663779527558
21
0.1447202755905512
0
LINE
8
BLACK
6
CONTINUOUS
10
1.4080663779527558
20
0.1447202755905512
11
1.4045824015748032
21
0.1482042519685039
0
LINE
8
BLACK
6
CONTINUOUS
10
1.4045824015748032
20
0.1482042519685039
11
1.4023455511811023
21
0.1525942913385827
0
LINE
8
BLACK
6
CONTINUOUS
10
1.4023455511811023
20
0.1525942913385827
11
1.4015748031496063
21
0.1574607086614173
0
LINE
8
BLACK
6
CONTINUOUS
10
1.4015748031496063
20
0.1574607086614173
11
1.4023455511811023
21
0.162327125984252
0
LINE
8
BLACK
6
CONTINUOUS
10
1.4023455511811023
20
0.162327125984252
11
1.4045824015748032
21
0.1667171653543307
0
LINE
8
BLACK
6
CONTINUOUS
10
1.4045824015748032
20
0.1667171653543307
11
1.4080663779527558
21
0.1702011417322835
0
LINE
8
BLACK
6
CONTINUOUS
10
1.4080663779527558
20
0.1702011417322835
11
1.4124564173228347
21
0.1724379921259842
0
LINE
8
BLACK
6
CONTINUOUS
10
1.4124564173228347
20
0.1724379921259842
11
1.4173228346456692
21
0.1732087401574803
0
LINE
8
BLACK
6
CONTINUOUS
10
1.4173228346456692
20
0.1732087401574803
11
1.422189251968504
21
0.1724379921259842
0
LINE
8
BLACK
6
CONTINUOUS
10
1.422189251968504
20
0.1724379921259842
11
1.4265792913385826
21
0.1702011417322835
0
LINE
8
BLACK
6
CONTINUOUS
10
1.4265792913385826
20
0.1702011417322835
11
1.4300632677165355
21
0.1667171653543307
0
LINE
8
BLACK
6
CONTINUOUS
10
1.4300632677165355
20
0.1667171653543307
11
1.4317706692913386
21
0.163366220472441
0
LINE
8
BLACK
6
CONTINUOUS
10
1.4317706692913386
20
0.163366220472441
11
1.4384714960629921
21
0.163366220472441
0
LINE
8
BLACK
6
CONTINUOUS
10
1.4384714960629921
20
0.163366220472441
11
1.4309803149606299
21
0.2266454330708661
0
LINE
8
BLACK
6
CONTINUOUS
10
1.4309803149606299
20
0.2266454330708661
11
1.4087875196850392
21
0.3382202362204724
0
LINE
8
BLACK
6
CONTINUOUS
10
1.4087875196850392
20
0.3382202362204724
11
1.3779094881889764
21
0.4477088188976378
0
LINE
8
BLACK
6
CONTINUOUS
10
1.3779094881889764
20
0.4477088188976378
11
1.3385351968503936
21
0.554437125984252
0
LINE
8
BLACK
6
CONTINUOUS
10
1.3385351968503936
20
0.554437125984252
11
1.3357564173228347
21
0.5604646456692913
0
LINE
8
BLACK
6
CONTINUOUS
10
1.3357564173228347
20
0.5604646456692913
11
1.2909056692913385
21
0.6577518897637795
0
LINE
8
BLACK
6
CONTINUOUS
10
1.2909056692913385
20
0.6577518897637795
11
1.290905590551181
21
0.6577520078740158
0
LINE
8
BLACK
6
CONTINUOUS
10
1.290905590551181
20
0.6577520078740158
11
1.2909055511811023
21
0.6577521259842519
0
LINE
8
BLACK
6
CONTINUOUS
10
1.2909055511811023
20
0.6577521259842519
11
1.235322716535433
21
0.7570040944881889
0
LINE
8
BLACK
6
CONTINUOUS
10
1.235322716535433
20
0.7570040944881889
11
1.2298039370078739
21
0.7652633464566929
0
LINE
8
BLACK
6
CONTINUOUS
10
1.2298039370078739
20
0.7652633464566929
11
1.1721181102362204
21
0.8515944881889763
0
LINE
8
BLACK
6
CONTINUOUS
10
1.1721181102362204
20
0.8515944881889763
11
1.1721179921259843
21
0.8515946850393701
0
LINE
8
BLACK
6
CONTINUOUS
10
1.1721179921259843
20
0.8515946850393701
11
1.1016887401574802
21
0.9409332283464567
0
LINE
8
BLACK
6
CONTINUOUS
10
1.1016887401574802
20
0.9409332283464567
11
1.0244684645669291
21
1.0244686614173228
0
LINE
8
BLACK
6
CONTINUOUS
10
1.0244684645669291
20
1.0244686614173228
11
1.0124492913385827
21
1.0355792125984251
0
LINE
8
BLACK
6
CONTINUOUS
10
1.0124492913385827
20
1.0355792125984251
11
0.9463231889763779
21
1.0967063779527559
0
LINE
8
BLACK
6
CONTINUOUS
10
0.9463231889763779
20
1.0967063779527559
11
0.9417637795275591
21
1.0959842519685039
0
LINE
8
BLACK
6
CONTINUOUS
10
0.9417637795275591
20
1.0959842519685039
11
0.9368973622047244
21
1.0967549999999999
0
LINE
8
BLACK
6
CONTINUOUS
10
0.9368973622047244
20
1.0967549999999999
11
0.9325073228346457
21
1.0989918503937008
0
LINE
8
BLACK
6
CONTINUOUS
10
0.9325073228346457
20
1.0989918503937008
11
0.9290233464566929
21
1.1024758267716535
0
LINE
8
BLACK
6
CONTINUOUS
10
0.9290233464566929
20
1.1024758267716535
11
0.9267864960629921
21
1.1068658661417323
0
LINE
8
BLACK
6
CONTINUOUS
10
0.9267864960629921
20
1.1068658661417323
11
0.926015748031496
21
1.1117322834645669
0
LINE
8
BLACK
6
CONTINUOUS
10
0.926015748031496
20
1.1117322834645669
11
0.9267864960629921
21
1.1165987007874016
0
LINE
8
BLACK
6
CONTINUOUS
10
0.9267864960629921
20
1.1165987007874016
11
0.9290233464566929
21
1.1209887401574803
0
LINE
8
BLACK
6
CONTINUOUS
10
0.9290233464566929
20
1.1209887401574803
11
0.9325073228346457
21
1.1244727165354331
0
LINE
8
BLACK
6
CONTINUOUS
10
0.9325073228346457
20
1.1244727165354331
11
0.9368973622047244
21
1.1267095669291338
0
LINE
8
BLACK
6
CONTINUOUS
10
0.9368973622047244
20
1.1267095669291338
11
0.9417637795275591
21
1.1274803149606298
0
LINE
8
BLACK
6
CONTINUOUS
10
0.9417637795275591
20
1.1274803149606298
11
0.9466301968503937
21
1.1267095669291338
0
LINE
8
BLACK
6
CONTINUOUS
10
0.9143152362204724
20
-0.2881723228346457
11
0.9187052755905512
21
-0.2904091732283465
0
LINE
8
BLACK
6
CONTINUOUS
10
0.9187052755905512
20
-0.2904091732283465
11
0.9221892519685039
21
-0.2938931496062992
0
LINE
8
BLACK
6
CONTINUOUS
10
0.9221892519685039
20
-0.2938931496062992
11
0.9244261023622047
21
-0.298283188976378
0
LINE
8
BLACK
6
CONTINUOUS
10
0.9244261023622047
20
-0.298283188976378
11
0.9251968503937008
21
-0.3031496062992126
0
LINE
8
BLACK
6
CONTINUOUS
10
0.9251968503937008
20
-0.3031496062992126
11
0.9244261023622047
21
-0.3080160236220472
0
LINE
8
BLACK
6
CONTINUOUS
10
0.9244261023622047
20
-0.3080160236220472
11
0.9221892519685039
21
-0.312406062992126
0
LINE
8
BLACK
6
CONTINUOUS
10
0.9221892519685039
20
-0.312406062992126
11
0.9187052755905512
21
-0.3158900393700788
0
LINE
8
BLACK
6
CONTINUOUS
10
0.9187052755905512
20
-0.3158900393700788
11
0.9143152362204724
21
-0.3181268897637795
0
LINE
8
BLACK
6
CONTINUOUS
10
0.9143152362204724
20
-0.3181268897637795
11
0.9094488188976377
21
-0.3188976377952756
0
LINE
8
BLACK
6
CONTINUOUS
10
0.9094488188976377
20
-0.3188976377952756
11
0.9045824015748031
21
-0.3181268897637795
0
LINE
8
BLACK
6
CONTINUOUS
10
0.9045824015748031
20
-0.3181268897637795
11
0.9034169685039369
21
-0.3175330708661417
0
LINE
8
BLACK
6
CONTINUOUS
10
0.9034169685039369
20
-0.3175330708661417
11
0.7845349212598425
21
-0.436415157480315
0
LINE
8
BLACK
6
CONTINUOUS
10
0.7845349212598425
20
-0.436415157480315
11
0.7845349212598425
21
-0.6190083858267716
0
LINE
8
BLACK
6
CONTINUOUS
10
0.7845349212598425
20
-0.6190083858267716
11
0.7844214566929134
21
-0.6201604724409449
0
LINE
8
BLACK
6
CONTINUOUS
10
0.7844214566929134
20
-0.6201604724409449
11
0.7835396850393701
21
-0.6222892913385827
0
LINE
8
BLACK
6
CONTINUOUS
10
0.7835396850393701
20
-0.6222892913385827
11
0.7828052362204724
21
-0.6231842125984252
0
LINE
8
BLACK
6
CONTINUOUS
10
0.7828052362204724
20
-0.6231842125984252
11
0.7781629921259843
21
-0.6278264173228346
0
LINE
8
BLACK
6
CONTINUOUS
10
0.7781629921259843
20
-0.6278264173228346
11
0.778756811023622
21
-0.6289918503937008
0
LINE
8
BLACK
6
CONTINUOUS
10
0.778756811023622
20
-0.6289918503937008
11
0.7795275590551181
21
-0.6338582677165354
0
LINE
8
BLACK
6
CONTINUOUS
10
0.7795275590551181
20
-0.6338582677165354
11
0.778756811023622
21
-0.6387246850393701
0
LINE
8
BLACK
6
CONTINUOUS
10
0.778756811023622
20
-0.6387246850393701
11
0.7765199606299212
21
-0.6431147244094488
0
LINE
8
BLACK
6
CONTINUOUS
10
0.7765199606299212
20
-0.6431147244094488
11
0.7730359842519685
21
-0.6465987007874016
0
LINE
8
BLACK
6
CONTINUOUS
10
0.7730359842519685
20
-0.6465987007874016
11
0.7686459448818898
21
-0.6488355511811024
0
LINE
8
BLACK
6
CONTINUOUS
10
0.7686459448818898
20
-0.6488355511811024
11
0.7637795275590551
21
-0.6496062992125984
0
LINE
8
BLACK
6
CONTINUOUS
10
0.7637795275590551
20
-0.6496062992125984
11
0.7589131102362204
21
-0.6488355511811024
0
LINE
8
BLACK
6
CONTINUOUS
10
0.7589131102362204
20
-0.6488355511811024
11
0.7545230708661417
21
-0.6465987007874016
0
LINE
8
BLACK
6
CONTINUOUS
10
0.7545230708661417
20
-0.6465987007874016
11
0.751039094488189
21
-0.6431147244094488
0
LINE
8
BLACK
6
CONTINUOUS
10
0.751039094488189
20
-0.6431147244094488
11
0.7488022440944881
21
-0.6387246850393701
0
LINE
8
BLACK
6
CONTINUOUS
10
0.7488022440944881
20
-0.6387246850393701
11
0.7480314960629921
21
-0.6338582677165354
0
LINE
8
BLACK
6
CONTINUOUS
10
0.7480314960629921
20
-0.6338582677165354
11
0.7488022440944881
21
-0.6289918503937008
0
LINE
8
BLACK
6
CONTINUOUS
10
0.7488022440944881
20
-0.6289918503937008
11
0.751039094488189
21
-0.624601811023622
0
LINE
8
BLACK
6
CONTINUOUS
10
0.751039094488189
20
-0.624601811023622
11
0.7545230708661417
21
-0.6211178346456693
0
LINE
8
BLACK
6
CONTINUOUS
10
0.7545230708661417
20
-0.6211178346456693
11
0.7589131102362204
21
-0.6188809842519685
0
LINE
8
BLACK
6
CONTINUOUS
10
0.7589131102362204
20
-0.6188809842519685
11
0.7637795275590551
21
-0.6181102362204725
0
LINE
8
BLACK
6
CONTINUOUS
10
0.7637795275590551
20
-0.6181102362204725
11
0.7686459448818898
21
-0.6188809842519685
0
LINE
8
BLACK
6
CONTINUOUS
10
0.7686459448818898
20
-0.6188809842519685
11
0.7698113385826771
21
-0.6194747637795276
0
LINE
8
BLACK
6
CONTINUOUS
10
0.7698113385826771
20
-0.6194747637795276
11
0.7727238976377953
21
-0.6165622440944881
0
LINE
8
BLACK
6
CONTINUOUS
10
0.7727238976377953
20
-0.6165622440944881
11
0.7727238976377953
21
-0.4339690157480315
0
LINE
8
BLACK
6
CONTINUOUS
10
0.7727238976377953
20
-0.4339690157480315
11
0.7728373622047244
21
-0.4328168897637795
0
LINE
8
BLACK
6
CONTINUOUS
10
0.7728373622047244
20
-0.4328168897637795
11
0.7735475590551181
21
-0.4311023622047244
0
LINE
8
BLACK
6
CONTINUOUS
10
0.7735475590551181
20
-0.4311023622047244
11
0.7737191338582677
21
-0.4306881102362204
0
LINE
8
BLACK
6
CONTINUOUS
10
0.7737191338582677
20
-0.4306881102362204
11
0.7744535826771654
21
-0.4297931889763779
0
LINE
8
BLACK
6
CONTINUOUS
10
0.7744535826771654
20
-0.4297931889763779
11
0.8950653149606299
21
-0.3091814173228347
0
LINE
8
BLACK
6
CONTINUOUS
10
0.8950653149606299
20
-0.3091814173228347
11
0.8944715354330709
21
-0.3080160236220472
0
LINE
8
BLACK
6
CONTINUOUS
10
0.8944715354330709
20
-0.3080160236220472
11
0.8937007874015748
21
-0.3031496062992126
0
LINE
8
BLACK
6
CONTINUOUS
10
0.8937007874015748
20
-0.3031496062992126
11
0.8944715354330709
21
-0.298283188976378
0
LINE
8
BLACK
6
CONTINUOUS
10
0.8944715354330709
20
-0.298283188976378
11
0.8967083858267716
21
-0.2938931496062992
0
LINE
8
BLACK
6
CONTINUOUS
10
0.8967083858267716
20
-0.2938931496062992
11
0.9001923622047244
21
-0.2904091732283465
0
LINE
8
BLACK
6
CONTINUOUS
10
0.9001923622047244
20
-0.2904091732283465
11
0.9045824015748031
21
-0.2881723228346457
0
LINE
8
BLACK
6
CONTINUOUS
10
0.9045824015748031
20
-0.2881723228346457
11
0.9094488188976377
21
-0.2874015748031496
0
LINE
8
BLACK
6
CONTINUOUS
10
0.9094488188976377
20
-0.2874015748031496
11
0.9143152362204724
21
-0.2881723228346457
0
LINE
8
BLACK
6
CONTINUOUS
10
0.7154963385826771
20
-0.0165187795275591
11
0.7198863779527559
21
-0.0187556299212598
0
LINE
8
BLACK
6
CONTINUOUS
10
0.7198863779527559
20
-0.0187556299212598
11
0.7233703543307086
21
-0.0222396062992126
0
LINE
8
BLACK
6
CONTINUOUS
10
0.7233703543307086
20
-0.0222396062992126
11
0.7256072047244094
21
-0.0266296456692913
0
LINE
8
BLACK
6
CONTINUOUS
10
0.7256072047244094
20
-0.0266296456692913
11
0.7263779527559054
21
-0.031496062992126
0
LINE
8
BLACK
6
CONTINUOUS
10
0.7263779527559054
20
-0.031496062992126
11
0.7256072047244094
21
-0.0363624803149606
0
LINE
8
BLACK
6
CONTINUOUS
10
0.7256072047244094
20
-0.0363624803149606
11
0.7233703543307086
21
-0.0407525196850394
0
LINE
8
BLACK
6
CONTINUOUS
10
0.7233703543307086
20
-0.0407525196850394
11
0.7198863779527559
21
-0.0442364960629921
0
LINE
8
BLACK
6
CONTINUOUS
10
0.7198863779527559
20
-0.0442364960629921
11
0.7165354330708661
21
-0.0459438976377953
0
LINE
8
BLACK
6
CONTINUOUS
10
0.7165354330708661
20
-0.0459438976377953
11
0.7165354330708661
21
-0.099916062992126
0
LINE
8
BLACK
6
CONTINUOUS
10
0.7165354330708661
20
-0.099916062992126
11
0.7577476771653543
21
-0.1411283070866142
0
LINE
8
BLACK
6
CONTINUOUS
10
0.7577476771653543
20
-0.1411283070866142
11
0.7589131102362204
21
-0.1405345275590551
0
LINE
8
BLACK
6
CONTINUOUS
10
0.7589131102362204
20
-0.1405345275590551
11
0.7637795275590551
21
-0.1397637795275591
0
LINE
8
BLACK
6
CONTINUOUS
10
0.7637795275590551
20
-0.1397637795275591
11
0.7686459448818898
21
-0.1405345275590551
0
LINE
8
BLACK
6
CONTINUOUS
10
0.7686459448818898
20
-0.1405345275590551
11
0.7730359842519685
21
-0.1427713779527559
0
LINE
8
BLACK
6
CONTINUOUS
10
0.7730359842519685
20
-0.1427713779527559
11
0.7765199606299212
21
-0.1462553543307087
0
LINE
8
BLACK
6
CONTINUOUS
10
0.7765199606299212
20
-0.1462553543307087
11
0.778756811023622
21
-0.1506453937007874
0
LINE
8
BLACK
6
CONTINUOUS
10
0.778756811023622
20
-0.1506453937007874
11
0.7795275590551181
21
-0.155511811023622
0
LINE
8
BLACK
6
CONTINUOUS
10
0.7795275590551181
20
-0.155511811023622
11
0.778756811023622
21
-0.1603782283464567
0
LINE
8
BLACK
6
CONTINUOUS
10
0.778756811023622
20
-0.1603782283464567
11
0.7765199606299212
21
-0.1647682677165354
0
LINE
8
BLACK
6
CONTINUOUS
10
0.7765199606299212
20
-0.1647682677165354
11
0.7730359842519685
21
-0.1682522440944882
0
LINE
8
BLACK
6
CONTINUOUS
10
0.7730359842519685
20
-0.1682522440944882
11
0.7686459448818898
21
-0.170489094488189
0
LINE
8
BLACK
6
CONTINUOUS
10
0.7686459448818898
20
-0.170489094488189
11
0.7637795275590551
21
-0.171259842519685
0
LINE
8
BLACK
6
CONTINUOUS
10
0.7637795275590551
20
-0.171259842519685
11
0.7589131102362204
21
-0.170489094488189
0
LINE
8
BLACK
6
CONTINUOUS
10
0.7589131102362204
20
-0.170489094488189
11
0.7545230708661417
21
-0.1682522440944882
0
LINE
8
BLACK
6
CONTINUOUS
10
0.7545230708661417
20
-0.1682522440944882
11
0.751039094488189
21
-0.1647682677165354
0
LINE
8
BLACK
6
CONTINUOUS
10
0.751039094488189
20
-0.1647682677165354
11
0.7488022440944881
21
-0.1603782283464567
0
LINE
8
BLACK
6
CONTINUOUS
10
0.7488022440944881
20
-0.1603782283464567
11
0.7480314960629921
21
-0.155511811023622
0
LINE
8
BLACK
6
CONTINUOUS
10
0.7480314960629921
20
-0.155511811023622
11
0.7488022440944881
21
-0.1506453937007874
0
LINE
8
BLACK
6
CONTINUOUS
10
0.7488022440944881
20
-0.1506453937007874
11
0.7493960236220473
21
-0.1494799606299212
0
LINE
8
BLACK
6
CONTINUOUS
10
0.7493960236220473
20
-0.1494799606299212
11
0.706454094488189
21
-0.106538031496063
0
LINE
8
BLACK
6
CONTINUOUS
10
0.706454094488189
20
-0.106538031496063
11
0.7057196456692914
21
-0.1056431102362205
0
LINE
8
BLACK
6
CONTINUOUS
10
0.7057196456692914
20
-0.1056431102362205
11
0.704837874015748
21
-0.1035142913385827
0
LINE
8
BLACK
6
CONTINUOUS
10
0.704837874015748
20
-0.1035142913385827
11
0.7047244094488189
21
-0.1023622047244094
0
LINE
8
BLACK
6
CONTINUOUS
10
0.7047244094488189
20
-0.1023622047244094
11
0.7047244094488189
21
-0.0459438976377953
0
LINE
8
BLACK
6
CONTINUOUS
10
0.7047244094488189
20
-0.0459438976377953
11
0.7013734645669292
21
-0.0442364960629921
0
LINE
8
BLACK
6
CONTINUOUS
10
0.7013734645669292
20
-0.0442364960629921
11
0.6978894881889763
21
-0.0407525196850394
0
LINE
8
BLACK
6
CONTINUOUS
10
0.6978894881889763
20
-0.0407525196850394
11
0.6956526377952755
21
-0.0363624803149606
0
LINE
8
BLACK
6
CONTINUOUS
10
0.6956526377952755
20
-0.0363624803149606
11
0.6948818897637795
21
-0.031496062992126
0
LINE
8
BLACK
6
CONTINUOUS
10
0.6948818897637795
20
-0.031496062992126
11
0.6956526377952755
21
-0.0266296456692913
0
LINE
8
BLACK
6
CONTINUOUS
10
0.6956526377952755
20
-0.0266296456692913
11
0.6978894881889763
21
-0.0222396062992126
0
LINE
8
BLACK
6
CONTINUOUS
10
0.6978894881889763
20
-0.0222396062992126
11
0.7013734645669292
21
-0.0187556299212598
0
LINE
8
BLACK
6
CONTINUOUS
10
0.7013734645669292
20
-0.0187556299212598
11
0.7057635039370078
21
-0.0165187795275591
0
LINE
8
BLACK
6
CONTINUOUS
10
0.7057635039370078
20
-0.0165187795275591
11
0.7106299212598425
21
-0.015748031496063
0
LINE
8
BLACK
6
CONTINUOUS
10
0.7106299212598425
20
-0.015748031496063
11
0.7154963385826771
21
-0.0165187795275591
0
LINE
8
BLACK
6
CONTINUOUS
10
1.1958112992125984
20
0.1134024803149606
11
1.2002013385826771
21
0.1111656299212598
0
LINE
8
BLACK
6
CONTINUOUS
10
1.2002013385826771
20
0.1111656299212598
11
1.2036853149606299
21
0.1076816535433071
0
LINE
8
BLACK
6
CONTINUOUS
10
1.2036853149606299
20
0.1076816535433071
11
1.2059221653543306
21
0.1032916141732283
0
LINE
8
BLACK
6
CONTINUOUS
10
1.2059221653543306
20
0.1032916141732283
11
1.2066929133858268
21
0.0984251968503937
0
LINE
8
BLACK
6
CONTINUOUS
10
1.2066929133858268
20
0.0984251968503937
11
1.2059221653543306
21
0.093558779527559
0
LINE
8
BLACK
6
CONTINUOUS
10
1.2059221653543306
20
0.093558779527559
11
1.2036853149606299
21
0.0891687401574803
0
LINE
8
BLACK
6
CONTINUOUS
10
1.2036853149606299
20
0.0891687401574803
11
1.2002013385826771
21
0.0856847637795276
0
LINE
8
BLACK
6
CONTINUOUS
10
1.2002013385826771
20
0.0856847637795276
11
1.1968503937007873
21
0.0839773622047244
0
LINE
8
BLACK
6
CONTINUOUS
10
1.1968503937007873
20
0.0839773622047244
11
1.1968503937007873
21
-0.0748031496062992
0
LINE
8
BLACK
6
CONTINUOUS
10
1.1968503937007873
20
-0.0748031496062992
11
1.1967369291338583
21
-0.0759552362204724
0
LINE
8
BLACK
6
CONTINUOUS
10
1.1967369291338583
20
-0.0759552362204724
11
1.1958551574803149
21
-0.0780840551181102
0
LINE
8
BLACK
6
CONTINUOUS
10
1.1958551574803149
20
-0.0780840551181102
11
1.1951207086614173
21
-0.0789789763779528
0
LINE
8
BLACK
6
CONTINUOUS
10
1.1951207086614173
20
-0.0789789763779528
11
1.187611811023622
21
-0.0864878346456693
0
LINE
8
BLACK
6
CONTINUOUS
10
1.187611811023622
20
-0.0864878346456693
11
1.1882056299212598
21
-0.0876532677165354
0
LINE
8
BLACK
6
CONTINUOUS
10
1.1882056299212598
20
-0.0876532677165354
11
1.1889763779527558
21
-0.0925196850393701
0
LINE
8
BLACK
6
CONTINUOUS
10
1.1889763779527558
20
-0.0925196850393701
11
1.1882056299212598
21
-0.0973861023622047
0
LINE
8
BLACK
6
CONTINUOUS
10
1.1882056299212598
20
-0.0973861023622047
11
1.1859687795275591
21
-0.1017761417322835
0
LINE
8
BLACK
6
CONTINUOUS
10
1.1859687795275591
20
-0.1017761417322835
11
1.1824848031496062
21
-0.1052601181102362
0
LINE
8
BLACK
6
CONTINUOUS
10
1.1824848031496062
20
-0.1052601181102362
11
1.1780947637795276
21
-0.107496968503937
0
LINE
8
BLACK
6
CONTINUOUS
10
1.1780947637795276
20
-0.107496968503937
11
1.1732283464566928
21
-0.1082677165354331
0
LINE
8
BLACK
6
CONTINUOUS
10
1.1732283464566928
20
-0.1082677165354331
11
1.1683619291338583
21
-0.107496968503937
0
LINE
8
BLACK
6
CONTINUOUS
10
1.1683619291338583
20
-0.107496968503937
11
1.1639718897637794
21
-0.1052601181102362
0
LINE
8
BLACK
6
CONTINUOUS
10
1.1639718897637794
20
-0.1052601181102362
11
1.1604879133858268
21
-0.1017761417322835
0
LINE
8
BLACK
6
CONTINUOUS
10
1.1604879133858268
20
-0.1017761417322835
11
1.1582510629921259
21
-0.0973861023622047
0
LINE
8
BLACK
6
CONTINUOUS
10
1.1582510629921259
20
-0.0973861023622047
11
1.1574803149606299
21
-0.0925196850393701
0
LINE
8
BLACK
6
CONTINUOUS
10
1.1574803149606299
20
-0.0925196850393701
11
1.1582510629921259
21
-0.0876532677165354
0
LINE
8
BLACK
6
CONTINUOUS
10
1.1582510629921259
20
-0.0876532677165354
11
1.1604879133858268
21
-0.0832632283464567
0
LINE
8
BLACK
6
CONTINUOUS
10
1.1604879133858268
20
-0.0832632283464567
11
1.1639718897637794
21
-0.0797792519685039
0
LINE
8
BLACK
6
CONTINUOUS
10
1.1639718897637794
20
-0.0797792519685039
11
1.1683619291338583
21
-0.0775424015748031
0
LINE
8
BLACK
6
CONTINUOUS
10
1.1683619291338583
20
-0.0775424015748031
11
1.1732283464566928
21
-0.0767716535433071
0
LINE
8
BLACK
6
CONTINUOUS
10
1.1732283464566928
20
-0.0767716535433071
11
1.1780947637795276
21
-0.0775424015748031
0
LINE
8
BLACK
6
CONTINUOUS
10
1.1780947637795276
20
-0.0775424015748031
11
1.179260157480315
21
-0.0781361811023622
0
LINE
8
BLACK
6
CONTINUOUS
10
1.179260157480315
20
-0.0781361811023622
11
1.1850393700787401
21
-0.0723570078740157
0
LINE
8
BLACK
6
CONTINUOUS
10
1.1850393700787401
20
-0.0723570078740157
11
1.1850393700787401
21
0.0839773622047244
0
LINE
8
BLACK
6
CONTINUOUS
10
1.1850393700787401
20
0.0839773622047244
11
1.1816884251968505
21
0.0856847637795276
0
LINE
8
BLACK
6
CONTINUOUS
10
1.1816884251968505
20
0.0856847637795276
11
1.1782044488188976
21
0.0891687401574803
0
LINE
8
BLACK
6
CONTINUOUS
10
1.1782044488188976
20
0.0891687401574803
11
1.1759675984251967
21
0.093558779527559
0
LINE
8
BLACK
6
CONTINUOUS
10
1.1759675984251967
20
0.093558779527559
11
1.1751968503937007
21
0.0984251968503937
0
LINE
8
BLACK
6
CONTINUOUS
10
1.1751968503937007
20
0.0984251968503937
11
1.1759675984251967
21
0.1032916141732283
0
LINE
8
BLACK
6
CONTINUOUS
10
1.1759675984251967
20
0.1032916141732283
11
1.1782044488188976
21
0.1076816535433071
0
LINE
8
BLACK
6
CONTINUOUS
10
1.1782044488188976
20
0.1076816535433071
11
1.1816884251968505
21
0.1111656299212598
0
LINE
8
BLACK
6
CONTINUOUS
10
1.1816884251968505
20
0.1111656299212598
11
1.1860784645669291
21
0.1134024803149606
0
LINE
8
BLACK
6
CONTINUOUS
10
1.1860784645669291
20
0.1134024803149606
11
1.1909448818897637
21
0.1141732283464567
0
LINE
8
BLACK
6
CONTINUOUS
10
1.1909448818897637
20
0.1141732283464567
11
1.1958112992125984
21
0.1134024803149606
0
LINE
8
BLACK
6
CONTINUOUS
10
0.8769136614173229
20
-0.0224242913385827
11
0.8813037007874015
21
-0.0246611417322835
0
LINE
8
BLACK
6
CONTINUOUS
10
0.8813037007874015
20
-0.0246611417322835
11
0.8847876771653543
21
-0.0281451181102362
0
LINE
8
BLACK
6
CONTINUOUS
10
0.8847876771653543
20
-0.0281451181102362
11
0.8870245275590551
21
-0.032535157480315
0
LINE
8
BLACK
6
CONTINUOUS
10
0.8870245275590551
20
-0.032535157480315
11
0.8877952755905512
21
-0.0374015748031496
0
LINE
8
BLACK
6
CONTINUOUS
10
0.8877952755905512
20
-0.0374015748031496
11
0.8870245275590551
21
-0.0422679921259842
0
LINE
8
BLACK
6
CONTINUOUS
10
0.8870245275590551
20
-0.0422679921259842
11
0.8847876771653543
21
-0.046658031496063
0
LINE
8
BLACK
6
CONTINUOUS
10
0.8847876771653543
20
-0.046658031496063
11
0.8813037007874015
21
-0.0501420078740157
0
LINE
8
BLACK
6
CONTINUOUS
10
0.8813037007874015
20
-0.0501420078740157
11
0.8769136614173229
21
-0.0523788582677165
0
LINE
8
BLACK
6
CONTINUOUS
10
0.8769136614173229
20
-0.0523788582677165
11
0.8720472440944882
21
-0.0531496062992126
0
LINE
8
BLACK
6
CONTINUOUS
10
0.8720472440944882
20
-0.0531496062992126
11
0.8671808267716535
21
-0.0523788582677165
0
LINE
8
BLACK
6
CONTINUOUS
10
0.8671808267716535
20
-0.0523788582677165
11
0.8627907874015748
21
-0.0501420078740157
0
LINE
8
BLACK
6
CONTINUOUS
10
0.8627907874015748
20
-0.0501420078740157
11
0.8593068110236221
21
-0.046658031496063
0
LINE
8
BLACK
6
CONTINUOUS
10
0.8593068110236221
20
-0.046658031496063
11
0.8570699606299212
21
-0.0422679921259842
0
LINE
8
BLACK
6
CONTINUOUS
10
0.8570699606299212
20
-0.0422679921259842
11
0.8562992125984252
21
-0.0374015748031496
0
LINE
8
BLACK
6
CONTINUOUS
10
0.8562992125984252
20
-0.0374015748031496
11
0.8570699606299212
21
-0.032535157480315
0
LINE
8
BLACK
6
CONTINUOUS
10
0.8570699606299212
20
-0.032535157480315
11
0.8593068110236221
21
-0.0281451181102362
0
LINE
8
BLACK
6
CONTINUOUS
10
0.8593068110236221
20
-0.0281451181102362
11
0.8627907874015748
21
-0.0246611417322835
0
LINE
8
BLACK
6
CONTINUOUS
10
0.8627907874015748
20
-0.0246611417322835
11
0.8671808267716535
21
-0.0224242913385827
0
LINE
8
BLACK
6
CONTINUOUS
10
0.8671808267716535
20
-0.0224242913385827
11
0.8720472440944882
21
-0.0216535433070866
0
LINE
8
BLACK
6
CONTINUOUS
10
0.8720472440944882
20
-0.0216535433070866
11
0.8769136614173229
21
-0.0224242913385827
0
LINE
8
BLACK
6
CONTINUOUS
10
0.8926616929133858
20
0.0897804330708661
11
0.8970517322834646
21
0.0875435826771653
0
LINE
8
BLACK
6
CONTINUOUS
10
0.8970517322834646
20
0.0875435826771653
11
0.9005357086614173
21
0.0840596062992126
0
LINE
8
BLACK
6
CONTINUOUS
10
0.9005357086614173
20
0.0840596062992126
11
0.9027725590551181
21
0.0796695669291339
0
LINE
8
BLACK
6
CONTINUOUS
10
0.9027725590551181
20
0.0796695669291339
11
0.9035433070866141
21
0.0748031496062992
0
LINE
8
BLACK
6
CONTINUOUS
10
0.9035433070866141
20
0.0748031496062992
11
0.9027725590551181
21
0.0699367322834646
0
LINE
8
BLACK
6
CONTINUOUS
10
0.9027725590551181
20
0.0699367322834646
11
0.9005357086614173
21
0.0655466929133858
0
LINE
8
BLACK
6
CONTINUOUS
10
0.9005357086614173
20
0.0655466929133858
11
0.8970517322834646
21
0.0620627165354331
0
LINE
8
BLACK
6
CONTINUOUS
10
0.8970517322834646
20
0.0620627165354331
11
0.8926616929133858
21
0.0598258661417323
0
LINE
8
BLACK
6
CONTINUOUS
10
0.8926616929133858
20
0.0598258661417323
11
0.8877952755905512
21
0.0590551181102362
0
LINE
8
BLACK
6
CONTINUOUS
10
0.8877952755905512
20
0.0590551181102362
11
0.8829288582677165
21
0.0598258661417323
0
LINE
8
BLACK
6
CONTINUOUS
10
0.8829288582677165
20
0.0598258661417323
11
0.8785388188976377
21
0.0620627165354331
0
LINE
8
BLACK
6
CONTINUOUS
10
0.8785388188976377
20
0.0620627165354331
11
0.875054842519685
21
0.0655466929133858
0
LINE
8
BLACK
6
CONTINUOUS
10
0.875054842519685
20
0.0655466929133858
11
0.8728179921259842
21
0.0699367322834646
0
LINE
8
BLACK
6
CONTINUOUS
10
0.8728179921259842
20
0.0699367322834646
11
0.8720472440944882
21
0.0748031496062992
0
LINE
8
BLACK
6
CONTINUOUS
10
0.8720472440944882
20
0.0748031496062992
11
0.8728179921259842
21
0.0796695669291339
0
LINE
8
BLACK
6
CONTINUOUS
10
0.8728179921259842
20
0.0796695669291339
11
0.875054842519685
21
0.0840596062992126
0
LINE
8
BLACK
6
CONTINUOUS
10
0.875054842519685
20
0.0840596062992126
11
0.8785388188976377
21
0.0875435826771653
0
LINE
8
BLACK
6
CONTINUOUS
10
0.8785388188976377
20
0.0875435826771653
11
0.8829288582677165
21
0.0897804330708661
0
LINE
8
BLACK
6
CONTINUOUS
10
0.8829288582677165
20
0.0897804330708661
11
0.8877952755905512
21
0.0905511811023622
0
LINE
8
BLACK
6
CONTINUOUS
10
0.8877952755905512
20
0.0905511811023622
11
0.8926616929133858
21
0.0897804330708661
0
LINE
8
BLACK
6
CONTINUOUS
10
1.3821794094488189
20
0.3142162598425197
11
1.3835953149606299
21
0.3122674409448819
0
LINE
8
BLACK
6
CONTINUOUS
10
1.3835953149606299
20
0.3122674409448819
11
1.3837111811023621
21
0.3118233464566929
0
LINE
8
BLACK
6
CONTINUOUS
10
1.3837111811023621
20
0.3118233464566929
11
1.4015499212598426
21
0.2221385826771654
0
LINE
8
BLACK
6
CONTINUOUS
10
1.4015499212598426
20
0.2221385826771654
11
1.4015977559055117
21
0.2218364566929134
0
LINE
8
BLACK
6
CONTINUOUS
10
1.4015977559055117
20
0.2218364566929134
11
1.4063990157480315
21
0.1812794488188976
0
LINE
8
BLACK
6
CONTINUOUS
10
1.4063990157480315
20
0.1812794488188976
11
1.4059291338582678
21
0.1789168503937008
0
LINE
8
BLACK
6
CONTINUOUS
10
1.4059291338582678
20
0.1789168503937008
11
1.4049011811023622
21
0.1777290157480315
0
LINE
8
BLACK
6
CONTINUOUS
10
1.4049011811023622
20
0.1777290157480315
11
1.4004613779527559
21
0.1743222440944882
0
LINE
8
BLACK
6
CONTINUOUS
10
1.4004613779527559
20
0.1743222440944882
11
1.4004611417322834
21
0.1743220078740157
0
LINE
8
BLACK
6
CONTINUOUS
10
1.4004611417322834
20
0.1743220078740157
11
1.3966717322834645
21
0.1693835433070866
0
LINE
8
BLACK
6
CONTINUOUS
10
1.3966717322834645
20
0.1693835433070866
11
1.3966717322834645
21
0.1693835039370079
0
LINE
8
BLACK
6
CONTINUOUS
10
1.3966717322834645
20
0.1693835039370079
11
1.3942896456692913
21
0.1636326377952756
0
LINE
8
BLACK
6
CONTINUOUS
10
1.3942896456692913
20
0.1636326377952756
11
1.3942895669291338
21
0.1636323228346457
0
LINE
8
BLACK
6
CONTINUOUS
10
1.3942895669291338
20
0.1636323228346457
11
1.3934770866141732
21
0.1574607480314961
0
LINE
8
BLACK
6
CONTINUOUS
10
1.3934770866141732
20
0.1574607480314961
11
1.3934770866141732
21
0.1574607086614173
0
LINE
8
BLACK
6
CONTINUOUS
10
1.3934770866141732
20
0.1574607086614173
11
1.3942895669291338
21
0.1512891338582677
0
LINE
8
BLACK
6
CONTINUOUS
10
1.3942895669291338
20
0.1512891338582677
11
1.3942896456692913
21
0.1512888188976378
0
LINE
8
BLACK
6
CONTINUOUS
10
1.3942896456692913
20
0.1512888188976378
11
1.3966717322834645
21
0.1455379527559055
0
LINE
8
BLACK
6
CONTINUOUS
10
1.3966717322834645
20
0.1455379527559055
11
1.3966717322834645
21
0.1455379133858268
0
LINE
8
BLACK
6
CONTINUOUS
10
1.3966717322834645
20
0.1455379133858268
11
1.396671811023622
21
0.1455378346456693
0
LINE
8
BLACK
6
CONTINUOUS
10
1.396671811023622
20
0.1455378346456693
11
1.4004613385826772
21
0.1405992125984252
0
LINE
8
BLACK
6
CONTINUOUS
10
1.4004613385826772
20
0.1405992125984252
11
1.4053999606299212
21
0.1368096850393701
0
LINE
8
BLACK
6
CONTINUOUS
10
1.4053999606299212
20
0.1368096850393701
11
1.4054
21
0.1368096850393701
0
LINE
8
BLACK
6
CONTINUOUS
10
1.4054
20
0.1368096850393701
11
1.4054000393700787
21
0.1368096456692913
0
LINE
8
BLACK
6
CONTINUOUS
10
1.4054000393700787
20
0.1368096456692913
11
1.4098759448818898
21
0.1349556692913386
0
LINE
8
BLACK
6
CONTINUOUS
10
1.4098759448818898
20
0.1349556692913386
11
1.4117076771653543
21
0.1333912598425197
0
LINE
8
BLACK
6
CONTINUOUS
10
1.4117076771653543
20
0.1333912598425197
11
1.412255
21
0.1318129527559055
0
LINE
8
BLACK
6
CONTINUOUS
10
1.412255
20
0.1318129527559055
11
1.4146609055118109
21
0.1114899606299213
0
LINE
8
BLACK
6
CONTINUOUS
10
1.4146609055118109
20
0.1114899606299213
11
1.4146849606299212
21
0.1111846850393701
0
LINE
8
BLACK
6
CONTINUOUS
10
1.4146849606299212
20
0.1111846850393701
11
1.4190459448818897
21
0.0001531496062992
0
LINE
8
BLACK
6
CONTINUOUS
10
1.4190459448818897
20
0.0001531496062992
11
1.4190459448818897
21
-0.0001527559055118
0
LINE
8
BLACK
6
CONTINUOUS
10
1.4190459448818897
20
-0.0001527559055118
11
1.4146849606299212
21
-0.1111842913385827
0
LINE
8
BLACK
6
CONTINUOUS
10
1.4146849606299212
20
-0.1111842913385827
11
1.4146609055118109
21
-0.1114895669291339
0
LINE
8
BLACK
6
CONTINUOUS
10
1.4146609055118109
20
-0.1114895669291339
11
1.4118992913385826
21
-0.1348172834645669
0
LINE
8
BLACK
6
CONTINUOUS
10
1.4118992913385826
20
-0.1348172834645669
11
1.4108907480314961
21
-0.137004842519685
0
LINE
8
BLACK
6
CONTINUOUS
10
1.4108907480314961
20
-0.137004842519685
11
1.4087889763779526
21
-0.138181811023622
0
LINE
8
BLACK
6
CONTINUOUS
10
1.4087889763779526
20
-0.138181811023622
11
1.406396811023622
21
-0.1378986220472441
0
LINE
8
BLACK
6
CONTINUOUS
10
1.406396811023622
20
-0.1378986220472441
11
1.4058632677165355
21
-0.1375998031496063
0
LINE
8
BLACK
6
CONTINUOUS
10
1.4058632677165355
20
-0.1375998031496063
11
1.4057695669291339
21
-0.1375372047244094
0
LINE
8
BLACK
6
CONTINUOUS
10
1.4057695669291339
20
-0.1375372047244094
11
1.4049728740157481
21
-0.137004842519685
0
LINE
8
BLACK
6
CONTINUOUS
10
1.4049728740157481
20
-0.137004842519685
11
1.4031587795275591
21
-0.1357926771653543
0
LINE
8
BLACK
6
CONTINUOUS
10
1.4031587795275591
20
-0.1357926771653543
11
1.4031587007874016
21
-0.1357926377952756
0
LINE
8
BLACK
6
CONTINUOUS
10
1.4031587007874016
20
-0.1357926377952756
11
1.4031585826771653
21
-0.1357925984251968
0
LINE
8
BLACK
6
CONTINUOUS
10
1.4031585826771653
20
-0.1357925984251968
11
1.4031585433070866
21
-0.1357925984251968
0
LINE
8
BLACK
6
CONTINUOUS
10
1.4031585433070866
20
-0.1357925984251968
11
1.4008566141732284
21
-0.1353346850393701
0
LINE
8
BLACK
6
CONTINUOUS
10
1.4008566141732284
20
-0.1353346850393701
11
1.4008562204724408
21
-0.1353346456692913
0
LINE
8
BLACK
6
CONTINUOUS
10
1.4008562204724408
20
-0.1353346456692913
11
1.3393012598425196
21
-0.1353346456692913
0
LINE
8
BLACK
6
CONTINUOUS
10
1.3393012598425196
20
-0.1353346456692913
11
1.3393012204724408
21
-0.1353346456692913
0
LINE
8
BLACK
6
CONTINUOUS
10
1.3393012204724408
20
-0.1353346456692913
11
1.3393008267716535
21
-0.1353346850393701
0
LINE
8
BLACK
6
CONTINUOUS
10
1.3393008267716535
20
-0.1353346850393701
11
1.3369988976377953
21
-0.1357925984251968
0
LINE
8
BLACK
6
CONTINUOUS
10
1.3369988976377953
20
-0.1357925984251968
11
1.3369986614173228
21
-0.1357926771653543
0
LINE
8
BLACK
6
CONTINUOUS
10
1.3369986614173228
20
-0.1357926771653543
11
1.3343878346456692
21
-0.1375372047244094
0
LINE
8
BLACK
6
CONTINUOUS
10
1.3343878346456692
20
-0.1375372047244094
11
1.3343875984251967
21
-0.1375374409448819
0
LINE
8
BLACK
6
CONTINUOUS
10
1.3343875984251967
20
-0.1375374409448819
11
1.3326430708661416
21
-0.1401482677165354
0
LINE
8
BLACK
6
CONTINUOUS
10
1.3326430708661416
20
-0.1401482677165354
11
1.3326429921259841
21
-0.1401485039370079
0
LINE
8
BLACK
6
CONTINUOUS
10
1.3326429921259841
20
-0.1401485039370079
11
1.3321850787401575
21
-0.1424504330708661
0
LINE
8
BLACK
6
CONTINUOUS
10
1.3321850787401575
20
-0.1424504330708661
11
1.3321850393700787
21
-0.142450905511811
0
LINE
8
BLACK
6
CONTINUOUS
10
1.3321850393700787
20
-0.142450905511811
11
1.3321850393700787
21
-0.2040057480314961
0
LINE
8
BLACK
6
CONTINUOUS
10
1.3321850393700787
20
-0.2040057480314961
11
1.3321850787401575
21
-0.2040062204724409
0
LINE
8
BLACK
6
CONTINUOUS
10
1.3321850787401575
20
-0.2040062204724409
11
1.3326429921259841
21
-0.2063081496062992
0
LINE
8
BLACK
6
CONTINUOUS
10
1.3326429921259841
20
-0.2063081496062992
11
1.3326430314960629
21
-0.2063083070866142
0
LINE
8
BLACK
6
CONTINUOUS
10
1.3326430314960629
20
-0.2063083070866142
11
1.334387716535433
21
-0.2089193700787401
0
LINE
8
BLACK
6
CONTINUOUS
10
1.334387716535433
20
-0.2089193700787401
11
1.3369987795275591
21
-0.2106640551181102
0
LINE
8
BLACK
6
CONTINUOUS
10
1.3369987795275591
20
-0.2106640551181102
11
1.3387492519685038
21
-0.2110122440944882
0
LINE
8
BLACK
6
CONTINUOUS
10
1.3387492519685038
20
-0.2110122440944882
11
1.3393008267716535
21
-0.211121968503937
0
LINE
8
BLACK
6
CONTINUOUS
10
1.3393008267716535
20
-0.211121968503937
11
1.3393010236220473
21
-0.211121968503937
0
LINE
8
BLACK
6
CONTINUOUS
10
1.3393010236220473
20
-0.211121968503937
11
1.3393012598425196
21
-0.2111220472440945
0
LINE
8
BLACK
6
CONTINUOUS
10
1.3393012598425196
20
-0.2111220472440945
11
1.3393012992125983
21
-0.2111220472440945
0
LINE
8
BLACK
6
CONTINUOUS
10
1.3393012992125983
20
-0.2111220472440945
11
1.3984798425196849
21
-0.2111220472440945
0
LINE
8
BLACK
6
CONTINUOUS
10
1.3984798425196849
20
-0.2111220472440945
11
1.4007708267716534
21
-0.2118664173228346
0
LINE
8
BLACK
6
CONTINUOUS
10
1.4007708267716534
20
-0.2118664173228346
11
1.4021867322834645
21
-0.2138152362204724
0
LINE
8
BLACK
6
CONTINUOUS
10
1.4021867322834645
20
-0.2138152362204724
11
1.402350433070866
21
-0.2154779133858268
0
LINE
8
BLACK
6
CONTINUOUS
10
1.402350433070866
20
-0.2154779133858268
11
1.4015976771653542
21
-0.2218365748031496
0
LINE
8
BLACK
6
CONTINUOUS
10
1.4015976771653542
20
-0.2218365748031496
11
1.4015498425196851
21
-0.2221387007874016
0
LINE
8
BLACK
6
CONTINUOUS
10
1.4015498425196851
20
-0.2221387007874016
11
1.3876265748031495
21
-0.2921383070866141
0
LINE
8
BLACK
6
CONTINUOUS
10
1.3876265748031495
20
-0.2921383070866141
11
1.3864495669291339
21
-0.2942400393700788
0
LINE
8
BLACK
6
CONTINUOUS
10
1.3864495669291339
20
-0.2942400393700788
11
1.384261968503937
21
-0.2952485826771654
0
LINE
8
BLACK
6
CONTINUOUS
10
1.384261968503937
20
-0.2952485826771654
11
1.3838038188976378
21
-0.2952755905511811
0
LINE
8
BLACK
6
CONTINUOUS
10
1.3838038188976378
20
-0.2952755905511811
11
1.0866141732283465
21
-0.2952755905511811
0
LINE
8
BLACK
6
CONTINUOUS
10
1.0866141732283465
20
-0.2952755905511811
11
1.0410170866141732
21
-0.3269953149606299
0
LINE
8
BLACK
6
CONTINUOUS
10
1.0410170866141732
20
-0.3269953149606299
11
0.905511811023622
21
-0.4212598031496063
0
LINE
8
BLACK
6
CONTINUOUS
10
0.905511811023622
20
-0.4212598031496063
11
0.905511811023622
21
-0.7283858267716535
0
LINE
8
BLACK
6
CONTINUOUS
10
0.905511811023622
20
-0.7283858267716535
11
0.9047674409448818
21
-0.730676811023622
0
LINE
8
BLACK
6
CONTINUOUS
10
0.9047674409448818
20
-0.730676811023622
11
0.9028186220472441
21
-0.7320927165354331
0
LINE
8
BLACK
6
CONTINUOUS
10
0.9028186220472441
20
-0.7320927165354331
11
0.9016141732283465
21
-0.7322834645669292
0
LINE
8
BLACK
6
CONTINUOUS
10
0.9016141732283465
20
-0.7322834645669292
11
0.606259842519685
21
-0.7322834645669292
0
LINE
8
BLACK
6
CONTINUOUS
10
0.606259842519685
20
-0.7322834645669292
11
0.6039688582677165
21
-0.731539094488189
0
LINE
8
BLACK
6
CONTINUOUS
10
0.6039688582677165
20
-0.731539094488189
11
0.6025529527559055
21
-0.7295902755905511
0
LINE
8
BLACK
6
CONTINUOUS
10
0.6025529527559055
20
-0.7295902755905511
11
0.6023622047244095
21
-0.7283858267716535
0
LINE
8
BLACK
6
CONTINUOUS
10
0.6023622047244095
20
-0.7283858267716535
11
0.6023622047244095
21
-0.6338582283464567
0
LINE
8
BLACK
6
CONTINUOUS
10
0.6023622047244095
20
-0.6338582283464567
11
0.6023622047244095
21
-0.4527558661417323
0
LINE
8
BLACK
6
CONTINUOUS
10
0.6023622047244095
20
-0.4527558661417323
11
0.6023621653543307
21
-0.4527558267716535
0
LINE
8
BLACK
6
CONTINUOUS
10
0.6023621653543307
20
-0.4527558267716535
11
0.5748031889763779
21
-0.4291338582677166
0
LINE
8
BLACK
6
CONTINUOUS
10
0.5748031889763779
20
-0.4291338582677166
11
0.5748031496062992
21
-0.4291338582677166
0
LINE
8
BLACK
6
CONTINUOUS
10
0.5748031496062992
20
-0.4291338582677166
11
0.4684645669291339
21
-0.4291338582677166
0
LINE
8
BLACK
6
CONTINUOUS
10
0.4684645669291339
20
-0.4291338582677166
11
0.4661735826771654
21
-0.4283894881889764
0
LINE
8
BLACK
6
CONTINUOUS
10
0.4661735826771654
20
-0.4283894881889764
11
0.4647576771653543
21
-0.4264406692913386
0
LINE
8
BLACK
6
CONTINUOUS
10
0.4647576771653543
20
-0.4264406692913386
11
0.4645669291338583
21
-0.4252362204724409
0
LINE
8
BLACK
6
CONTINUOUS
10
0.4645669291338583
20
-0.4252362204724409
11
0.4645669291338583
21
-0.2375876771653543
0
LINE
8
BLACK
6
CONTINUOUS
10
0.4645669291338583
20
-0.2375876771653543
11
0.4653112992125984
21
-0.2352966929133858
0
LINE
8
BLACK
6
CONTINUOUS
10
0.4653112992125984
20
-0.2352966929133858
11
0.4654210236220472
21
-0.2351528346456693
0
LINE
8
BLACK
6
CONTINUOUS
10
0.4654210236220472
20
-0.2351528346456693
11
0.5511138188976378
21
-0.128036811023622
0
LINE
8
BLACK
6
CONTINUOUS
10
0.5511138188976378
20
-0.128036811023622
11
0.5512529921259842
21
-0.1278724409448819
0
LINE
8
BLACK
6
CONTINUOUS
10
0.5512529921259842
20
-0.1278724409448819
11
0.6375602755905512
21
-0.0314960236220472
0
LINE
8
BLACK
6
CONTINUOUS
10
0.6375602755905512
20
-0.0314960236220472
11
0.6692913385826772
21
0.0039370078740157
0
LINE
8
BLACK
6
CONTINUOUS
10
0.6692913385826772
20
0.0039370078740157
11
0.6692913385826772
21
0.074803188976378
0
LINE
8
BLACK
6
CONTINUOUS
10
0.6692913385826772
20
0.074803188976378
11
0.6692913385826772
21
0.3110629921259843
0
LINE
8
BLACK
6
CONTINUOUS
10
0.6692913385826772
20
0.3110629921259843
11
0.6700357086614173
21
0.3133539763779528
0
LINE
8
BLACK
6
CONTINUOUS
10
0.6700357086614173
20
0.3133539763779528
11
0.6719845275590551
21
0.3147698818897638
0
LINE
8
BLACK
6
CONTINUOUS
10
0.6719845275590551
20
0.3147698818897638
11
0.6731889763779527
21
0.3149606299212598
0
LINE
8
BLACK
6
CONTINUOUS
10
0.6731889763779527
20
0.3149606299212598
11
1.3798884251968504
21
0.3149606299212598
0
LINE
8
BLACK
6
CONTINUOUS
10
1.3798884251968504
20
0.3149606299212598
11
1.3821794094488189
21
0.3142162598425197
0
LINE
8
BLACK
6
CONTINUOUS
10
0.739933779527559
20
-0.6338582677165354
11
0.7407462598425196
21
-0.640029842519685
0
LINE
8
BLACK
6
CONTINUOUS
10
0.7407462598425196
20
-0.640029842519685
11
0.7407463385826771
21
-0.640030157480315
0
LINE
8
BLACK
6
CONTINUOUS
10
0.7407463385826771
20
-0.640030157480315
11
0.7431284251968504
21
-0.6457810236220473
0
LINE
8
BLACK
6
CONTINUOUS
10
0.7431284251968504
20
-0.6457810236220473
11
0.7431284251968504
21
-0.645781062992126
0
LINE
8
BLACK
6
CONTINUOUS
10
0.7431284251968504
20
-0.645781062992126
11
0.7469178346456693
21
-0.6507195275590552
0
LINE
8
BLACK
6
CONTINUOUS
10
0.7469178346456693
20
-0.6507195275590552
11
0.746918031496063
21
-0.6507197637795276
0
LINE
8
BLACK
6
CONTINUOUS
10
0.746918031496063
20
-0.6507197637795276
11
0.7518566535433071
21
-0.6545092913385827
0
LINE
8
BLACK
6
CONTINUOUS
10
0.7518566535433071
20
-0.6545092913385827
11
0.7518566929133859
21
-0.6545092913385827
0
LINE
8
BLACK
6
CONTINUOUS
10
0.7518566929133859
20
-0.6545092913385827
11
0.7518567322834645
21
-0.6545093307086614
0
LINE
8
BLACK
6
CONTINUOUS
10
0.7518567322834645
20
-0.6545093307086614
11
0.7576075984251969
21
-0.6568914173228346
0
LINE
8
BLACK
6
CONTINUOUS
10
0.7576075984251969
20
-0.6568914173228346
11
0.7576077952755905
21
-0.6568914960629921
0
LINE
8
BLACK
6
CONTINUOUS
10
0.7576077952755905
20
-0.6568914960629921
11
0.7622365748031495
21
-0.6575008661417323
0
LINE
8
BLACK
6
CONTINUOUS
10
0.7622365748031495
20
-0.6575008661417323
11
0.7637794881889763
21
-0.6577040157480315
0
LINE
8
BLACK
6
CONTINUOUS
10
0.7637794881889763
20
-0.6577040157480315
11
0.7637795275590551
21
-0.6577040157480315
0
LINE
8
BLACK
6
CONTINUOUS
10
0.7637795275590551
20
-0.6577040157480315
11
0.7637795669291338
21
-0.6577040157480315
0
LINE
8
BLACK
6
CONTINUOUS
10
0.7637795669291338
20
-0.6577040157480315
11
0.7650138582677165
21
-0.6575414960629921
0
LINE
8
BLACK
6
CONTINUOUS
10
0.7650138582677165
20
-0.6575414960629921
11
0.7699512598425197
21
-0.6568914960629921
0
LINE
8
BLACK
6
CONTINUOUS
10
0.7699512598425197
20
-0.6568914960629921
11
0.7757024015748031
21
-0.6545092913385827
0
LINE
8
BLACK
6
CONTINUOUS
10
0.7757024015748031
20
-0.6545092913385827
11
0.7806410236220472
21
-0.6507197637795276
0
LINE
8
BLACK
6
CONTINUOUS
10
0.7806410236220472
20
-0.6507197637795276
11
0.7844305511811024
21
-0.6457811417322834
0
LINE
8
BLACK
6
CONTINUOUS
10
0.7844305511811024
20
-0.6457811417322834
11
0.7868127559055118
21
-0.64003
0
LINE
8
BLACK
6
CONTINUOUS
10
0.7868127559055118
20
-0.64003
11
0.7876252755905512
21
-0.6338582677165354
0
LINE
8
BLACK
6
CONTINUOUS
10
0.7876252755905512
20
-0.6338582677165354
11
0.7873723228346456
21
-0.631936968503937
0
LINE
8
BLACK
6
CONTINUOUS
10
0.7873723228346456
20
-0.631936968503937
11
0.7878112992125984
21
-0.6295685039370078
0
LINE
8
BLACK
6
CONTINUOUS
10
0.7878112992125984
20
-0.6295685039370078
11
0.7884804330708661
21
-0.6286723622047244
0
LINE
8
BLACK
6
CONTINUOUS
10
0.7884804330708661
20
-0.6286723622047244
11
0.7896715354330709
21
-0.6274812992125984
0
LINE
8
BLACK
6
CONTINUOUS
10
0.7896715354330709
20
-0.6274812992125984
11
0.7914882283464567
21
-0.6243346850393701
0
LINE
8
BLACK
6
CONTINUOUS
10
0.7914882283464567
20
-0.6243346850393701
11
0.7915163385826771
21
-0.6242296456692913
0
LINE
8
BLACK
6
CONTINUOUS
10
0.7915163385826771
20
-0.6242296456692913
11
0.7918028346456693
21
-0.6231606692913386
0
LINE
8
BLACK
6
CONTINUOUS
10
0.7918028346456693
20
-0.6231606692913386
11
0.7920318503937007
21
-0.6223057480314961
0
LINE
8
BLACK
6
CONTINUOUS
10
0.7920318503937007
20
-0.6223057480314961
11
0.7924286220472441
21
-0.6208250787401575
0
LINE
8
BLACK
6
CONTINUOUS
10
0.7924286220472441
20
-0.6208250787401575
11
0.7924286220472441
21
-0.4412992913385826
0
LINE
8
BLACK
6
CONTINUOUS
10
0.7924286220472441
20
-0.4412992913385826
11
0.7931729921259842
21
-0.4390083070866141
0
LINE
8
BLACK
6
CONTINUOUS
10
0.7931729921259842
20
-0.4390083070866141
11
0.7935699606299212
21
-0.4385434645669291
0
LINE
8
BLACK
6
CONTINUOUS
10
0.7935699606299212
20
-0.4385434645669291
11
0.9042628346456693
21
-0.3278505511811023
0
LINE
8
BLACK
6
CONTINUOUS
10
0.9042628346456693
20
-0.3278505511811023
11
0.906409094488189
21
-0.3267570472440945
0
LINE
8
BLACK
6
CONTINUOUS
10
0.906409094488189
20
-0.3267570472440945
11
0.9075274409448819
21
-0.3267424015748032
0
LINE
8
BLACK
6
CONTINUOUS
10
0.9075274409448819
20
-0.3267424015748032
11
0.9094488188976377
21
-0.3269953543307086
0
LINE
8
BLACK
6
CONTINUOUS
10
0.9094488188976377
20
-0.3269953543307086
11
0.9156205511811023
21
-0.3261828346456693
0
LINE
8
BLACK
6
CONTINUOUS
10
0.9156205511811023
20
-0.3261828346456693
11
0.9213716929133858
21
-0.3238006299212599
0
LINE
8
BLACK
6
CONTINUOUS
10
0.9213716929133858
20
-0.3238006299212599
11
0.9263103149606299
21
-0.3200111023622047
0
LINE
8
BLACK
6
CONTINUOUS
10
0.9263103149606299
20
-0.3200111023622047
11
0.930099842519685
21
-0.3150724803149606
0
LINE
8
BLACK
6
CONTINUOUS
10
0.930099842519685
20
-0.3150724803149606
11
0.9324820472440944
21
-0.3093213385826772
0
LINE
8
BLACK
6
CONTINUOUS
10
0.9324820472440944
20
-0.3093213385826772
11
0.9332945669291338
21
-0.3031496062992126
0
LINE
8
BLACK
6
CONTINUOUS
10
0.9332945669291338
20
-0.3031496062992126
11
0.9324820472440944
21
-0.296977874015748
0
LINE
8
BLACK
6
CONTINUOUS
10
0.9324820472440944
20
-0.296977874015748
11
0.9300998818897638
21
-0.291226811023622
0
LINE
8
BLACK
6
CONTINUOUS
10
0.9300998818897638
20
-0.291226811023622
11
0.9300998818897638
21
-0.2912267716535433
0
LINE
8
BLACK
6
CONTINUOUS
10
0.9300998818897638
20
-0.2912267716535433
11
0.9263104724409449
21
-0.2862883070866142
0
LINE
8
BLACK
6
CONTINUOUS
10
0.9263104724409449
20
-0.2862883070866142
11
0.9263104330708661
21
-0.2862882677165354
0
LINE
8
BLACK
6
CONTINUOUS
10
0.9263104330708661
20
-0.2862882677165354
11
0.9263103149606299
21
-0.2862881102362205
0
LINE
8
BLACK
6
CONTINUOUS
10
0.9263103149606299
20
-0.2862881102362205
11
0.9263101181102362
21
-0.2862879527559055
0
LINE
8
BLACK
6
CONTINUOUS
10
0.9263101181102362
20
-0.2862879527559055
11
0.9263100787401575
21
-0.2862879133858268
0
LINE
8
BLACK
6
CONTINUOUS
10
0.9263100787401575
20
-0.2862879133858268
11
0.9213715748031496
21
-0.2824985039370079
0
LINE
8
BLACK
6
CONTINUOUS
10
0.9213715748031496
20
-0.2824985039370079
11
0.9156207086614173
21
-0.2801164173228347
0
LINE
8
BLACK
6
CONTINUOUS
10
0.9156207086614173
20
-0.2801164173228347
11
0.9156203937007874
21
-0.2801163385826771
0
LINE
8
BLACK
6
CONTINUOUS
10
0.9156203937007874
20
-0.2801163385826771
11
0.9094488582677165
21
-0.2793038582677165
0
LINE
8
BLACK
6
CONTINUOUS
10
0.9094488582677165
20
-0.2793038582677165
11
0.909448779527559
21
-0.2793038582677165
0
LINE
8
BLACK
6
CONTINUOUS
10
0.909448779527559
20
-0.2793038582677165
11
0.9032772047244094
21
-0.2801163385826771
0
LINE
8
BLACK
6
CONTINUOUS
10
0.9032772047244094
20
-0.2801163385826771
11
0.9032768897637795
21
-0.2801164173228347
0
LINE
8
BLACK
6
CONTINUOUS
10
0.9032768897637795
20
-0.2801164173228347
11
0.8975260236220473
21
-0.2824985039370079
0
LINE
8
BLACK
6
CONTINUOUS
10
0.8975260236220473
20
-0.2824985039370079
11
0.8975259842519685
21
-0.2824985039370079
0
LINE
8
BLACK
6
CONTINUOUS
10
0.8975259842519685
20
-0.2824985039370079
11
0.8925875196850394
21
-0.2862879133858268
0
LINE
8
BLACK
6
CONTINUOUS
10
0.8925875196850394
20
-0.2862879133858268
11
0.8925871259842519
21
-0.2862883070866142
0
LINE
8
BLACK
6
CONTINUOUS
10
0.8925871259842519
20
-0.2862883070866142
11
0.888797716535433
21
-0.2912267716535433
0
LINE
8
BLACK
6
CONTINUOUS
10
0.888797716535433
20
-0.2912267716535433
11
0.888797716535433
21
-0.291226811023622
0
LINE
8
BLACK
6
CONTINUOUS
10
0.888797716535433
20
-0.291226811023622
11
0.8864156299212598
21
-0.2969776771653543
0
LINE
8
BLACK
6
CONTINUOUS
10
0.8864156299212598
20
-0.2969776771653543
11
0.8864155511811024
21
-0.2969779921259842
0
LINE
8
BLACK
6
CONTINUOUS
10
0.8864155511811024
20
-0.2969779921259842
11
0.8856030708661418
21
-0.3031495669291339
0
LINE
8
BLACK
6
CONTINUOUS
10
0.8856030708661418
20
-0.3031495669291339
11
0.8856030708661418
21
-0.3031496850393701
0
LINE
8
BLACK
6
CONTINUOUS
10
0.8856030708661418
20
-0.3031496850393701
11
0.8858559448818898
21
-0.3050708661417323
0
LINE
8
BLACK
6
CONTINUOUS
10
0.8858559448818898
20
-0.3050708661417323
11
0.8854169291338583
21
-0.3074394094488189
0
LINE
8
BLACK
6
CONTINUOUS
10
0.8854169291338583
20
-0.3074394094488189
11
0.884747716535433
21
-0.3083355905511811
0
LINE
8
BLACK
6
CONTINUOUS
10
0.884747716535433
20
-0.3083355905511811
11
0.7675872834645669
21
-0.4254961023622047
0
LINE
8
BLACK
6
CONTINUOUS
10
0.7675872834645669
20
-0.4254961023622047
11
0.7657705905511811
21
-0.4286427165354331
0
LINE
8
BLACK
6
CONTINUOUS
10
0.7657705905511811
20
-0.4286427165354331
11
0.7648301968503937
21
-0.4321523622047244
0
LINE
8
BLACK
6
CONTINUOUS
10
0.7648301968503937
20
-0.4321523622047244
11
0.7648301968503937
21
-0.6064560236220472
0
LINE
8
BLACK
6
CONTINUOUS
10
0.7648301968503937
20
-0.6064560236220472
11
0.7640858267716535
21
-0.6087470078740157
0
LINE
8
BLACK
6
CONTINUOUS
10
0.7640858267716535
20
-0.6087470078740157
11
0.7621370078740157
21
-0.6101629133858267
0
LINE
8
BLACK
6
CONTINUOUS
10
0.7621370078740157
20
-0.6101629133858267
11
0.7614413385826772
21
-0.6103203149606299
0
LINE
8
BLACK
6
CONTINUOUS
10
0.7614413385826772
20
-0.6103203149606299
11
0.757607874015748
21
-0.610825
0
LINE
8
BLACK
6
CONTINUOUS
10
0.757607874015748
20
-0.610825
11
0.7576075984251969
21
-0.6108250787401575
0
LINE
8
BLACK
6
CONTINUOUS
10
0.7576075984251969
20
-0.6108250787401575
11
0.7518567322834645
21
-0.6132071653543307
0
LINE
8
BLACK
6
CONTINUOUS
10
0.7518567322834645
20
-0.6132071653543307
11
0.7518566929133859
21
-0.6132071653543307
0
LINE
8
BLACK
6
CONTINUOUS
10
0.7518566929133859
20
-0.6132071653543307
11
0.7469182283464567
21
-0.6169965748031496
0
LINE
8
BLACK
6
CONTINUOUS
10
0.7469182283464567
20
-0.6169965748031496
11
0.7469178346456693
21
-0.616996968503937
0
LINE
8
BLACK
6
CONTINUOUS
10
0.7469178346456693
20
-0.616996968503937
11
0.7431284251968504
21
-0.6219354330708661
0
LINE
8
BLACK
6
CONTINUOUS
10
0.7431284251968504
20
-0.6219354330708661
11
0.7431284251968504
21
-0.6219354724409448
0
LINE
8
BLACK
6
CONTINUOUS
10
0.7431284251968504
20
-0.6219354724409448
11
0.7407463385826771
21
-0.6276863385826772
0
LINE
8
BLACK
6
CONTINUOUS
10
0.7407463385826771
20
-0.6276863385826772
11
0.7407462598425196
21
-0.6276866535433071
0
LINE
8
BLACK
6
CONTINUOUS
10
0.7407462598425196
20
-0.6276866535433071
11
0.739933779527559
21
-0.6338582283464567
0
LINE
8
BLACK
6
CONTINUOUS
10
0.739933779527559
20
-0.6338582283464567
11
0.739933779527559
21
-0.6338582677165354
0
LINE
8
BLACK
6
CONTINUOUS
10
0.6867841732283464
20
-0.031496062992126
11
0.6875966535433071
21
-0.0376676377952756
0
LINE
8
BLACK
6
CONTINUOUS
10
0.6875966535433071
20
-0.0376676377952756
11
0.6875967322834645
21
-0.0376679527559055
0
LINE
8
BLACK
6
CONTINUOUS
10
0.6875967322834645
20
-0.0376679527559055
11
0.6899788188976378
21
-0.0434188188976378
0
LINE
8
BLACK
6
CONTINUOUS
10
0.6899788188976378
20
-0.0434188188976378
11
0.6899788188976378
21
-0.0434188582677165
0
LINE
8
BLACK
6
CONTINUOUS
10
0.6899788188976378
20
-0.0434188582677165
11
0.6937682283464567
21
-0.0483573228346457
0
LINE
8
BLACK
6
CONTINUOUS
10
0.6937682283464567
20
-0.0483573228346457
11
0.6937684251968503
21
-0.0483575590551181
0
LINE
8
BLACK
6
CONTINUOUS
10
0.6937684251968503
20
-0.0483575590551181
11
0.6950283858267716
21
-0.0493243700787402
0
LINE
8
BLACK
6
CONTINUOUS
10
0.6950283858267716
20
-0.0493243700787402
11
0.6953057874015748
21
-0.0495372047244095
0
LINE
8
BLACK
6
CONTINUOUS
10
0.6953057874015748
20
-0.0495372047244095
11
0.6966701968503937
21
-0.0515224015748031
0
LINE
8
BLACK
6
CONTINUOUS
10
0.6966701968503937
20
-0.0515224015748031
11
0.6968307086614173
21
-0.0526294094488189
0
LINE
8
BLACK
6
CONTINUOUS
10
0.6968307086614173
20
-0.0526294094488189
11
0.6968307086614173
21
-0.1041788976377953
0
LINE
8
BLACK
6
CONTINUOUS
10
0.6968307086614173
20
-0.1041788976377953
11
0.6970963779527559
21
-0.1051704330708661
0
LINE
8
BLACK
6
CONTINUOUS
10
0.6970963779527559
20
-0.1051704330708661
11
0.6975565748031496
21
-0.1068879527559055
0
LINE
8
BLACK
6
CONTINUOUS
10
0.6975565748031496
20
-0.1068879527559055
11
0.697771062992126
21
-0.1076883858267716
0
LINE
8
BLACK
6
CONTINUOUS
10
0.697771062992126
20
-0.1076883858267716
11
0.6977711023622047
21
-0.1076885039370079
0
LINE
8
BLACK
6
CONTINUOUS
10
0.6977711023622047
20
-0.1076885039370079
11
0.6995877952755906
21
-0.1108351181102362
0
LINE
8
BLACK
6
CONTINUOUS
10
0.6995877952755906
20
-0.1108351181102362
11
0.7202326771653543
21
-0.1314799606299213
0
LINE
8
BLACK
6
CONTINUOUS
10
0.7202326771653543
20
-0.1314799606299213
11
0.7390784645669292
21
-0.1503257480314961
0
LINE
8
BLACK
6
CONTINUOUS
10
0.7390784645669292
20
-0.1503257480314961
11
0.7401720472440945
21
-0.1524720866141732
0
LINE
8
BLACK
6
CONTINUOUS
10
0.7401720472440945
20
-0.1524720866141732
11
0.7401866929133858
21
-0.1535905118110236
0
LINE
8
BLACK
6
CONTINUOUS
10
0.7401866929133858
20
-0.1535905118110236
11
0.739933779527559
21
-0.1555116929133858
0
LINE
8
BLACK
6
CONTINUOUS
10
0.739933779527559
20
-0.1555116929133858
11
0.739933779527559
21
-0.155511811023622
0
LINE
8
BLACK
6
CONTINUOUS
10
0.739933779527559
20
-0.155511811023622
11
0.7407462598425196
21
-0.1616833858267716
0
LINE
8
BLACK
6
CONTINUOUS
10
0.7407462598425196
20
-0.1616833858267716
11
0.7407463385826771
21
-0.1616837007874016
0
LINE
8
BLACK
6
CONTINUOUS
10
0.7407463385826771
20
-0.1616837007874016
11
0.7431284251968504
21
-0.1674345669291339
0
LINE
8
BLACK
6
CONTINUOUS
10
0.7431284251968504
20
-0.1674345669291339
11
0.7431284251968504
21
-0.1674346062992126
0
LINE
8
BLACK
6
CONTINUOUS
10
0.7431284251968504
20
-0.1674346062992126
11
0.7431285039370079
21
-0.1674346850393701
0
LINE
8
BLACK
6
CONTINUOUS
10
0.7431285039370079
20
-0.1674346850393701
11
0.746918031496063
21
-0.1723733070866142
0
LINE
8
BLACK
6
CONTINUOUS
10
0.746918031496063
20
-0.1723733070866142
11
0.7518566535433071
21
-0.1761628346456693
0
LINE
8
BLACK
6
CONTINUOUS
10
0.7518566535433071
20
-0.1761628346456693
11
0.7576077952755905
21
-0.1785450393700787
0
LINE
8
BLACK
6
CONTINUOUS
10
0.7576077952755905
20
-0.1785450393700787
11
0.7622365748031495
21
-0.1791544094488189
0
LINE
8
BLACK
6
CONTINUOUS
10
0.7622365748031495
20
-0.1791544094488189
11
0.7637794881889763
21
-0.1793575590551181
0
LINE
8
BLACK
6
CONTINUOUS
10
0.7637794881889763
20
-0.1793575590551181
11
0.7637795275590551
21
-0.1793575590551181
0
LINE
8
BLACK
6
CONTINUOUS
10
0.7637795275590551
20
-0.1793575590551181
11
0.7637795669291338
21
-0.1793575590551181
0
LINE
8
BLACK
6
CONTINUOUS
10
0.7637795669291338
20
-0.1793575590551181
11
0.7650138582677165
21
-0.1791950393700787
0
LINE
8
BLACK
6
CONTINUOUS
10
0.7650138582677165
20
-0.1791950393700787
11
0.7699512598425197
21
-0.1785450393700787
0
LINE
8
BLACK
6
CONTINUOUS
10
0.7699512598425197
20
-0.1785450393700787
11
0.7757024015748031
21
-0.1761628346456693
0
LINE
8
BLACK
6
CONTINUOUS
10
0.7757024015748031
20
-0.1761628346456693
11
0.7806410236220472
21
-0.1723733070866142
0
LINE
8
BLACK
6
CONTINUOUS
10
0.7806410236220472
20
-0.1723733070866142
11
0.7844305511811024
21
-0.1674346850393701
0
LINE
8
BLACK
6
CONTINUOUS
10
0.7844305511811024
20
-0.1674346850393701
11
0.7868127559055118
21
-0.1616835433070866
0
LINE
8
BLACK
6
CONTINUOUS
10
0.7868127559055118
20
-0.1616835433070866
11
0.7876252755905512
21
-0.155511811023622
0
LINE
8
BLACK
6
CONTINUOUS
10
0.7876252755905512
20
-0.155511811023622
11
0.7868127559055118
21
-0.1493400787401575
0
LINE
8
BLACK
6
CONTINUOUS
10
0.7868127559055118
20
-0.1493400787401575
11
0.7844305905511811
21
-0.1435890157480315
0
LINE
8
BLACK
6
CONTINUOUS
10
0.7844305905511811
20
-0.1435890157480315
11
0.7844305905511811
21
-0.1435889763779528
0
LINE
8
BLACK
6
CONTINUOUS
10
0.7844305905511811
20
-0.1435889763779528
11
0.7806411811023621
21
-0.1386505118110236
0
LINE
8
BLACK
6
CONTINUOUS
10
0.7806411811023621
20
-0.1386505118110236
11
0.7806411417322835
21
-0.1386504724409449
0
LINE
8
BLACK
6
CONTINUOUS
10
0.7806411417322835
20
-0.1386504724409449
11
0.7806410236220472
21
-0.1386503149606299
0
LINE
8
BLACK
6
CONTINUOUS
10
0.7806410236220472
20
-0.1386503149606299
11
0.7806408267716535
21
-0.138650157480315
0
LINE
8
BLACK
6
CONTINUOUS
10
0.7806408267716535
20
-0.138650157480315
11
0.7806407874015748
21
-0.1386501181102362
0
LINE
8
BLACK
6
CONTINUOUS
10
0.7806407874015748
20
-0.1386501181102362
11
0.77632
21
-0.1353346850393701
0
LINE
8
BLACK
6
CONTINUOUS
10
0.77632
20
-0.1353346850393701
11
0.7757024015748031
21
-0.1348607874015748
0
LINE
8
BLACK
6
CONTINUOUS
10
0.7757024015748031
20
-0.1348607874015748
11
0.7757023622047244
21
-0.1348607480314961
0
LINE
8
BLACK
6
CONTINUOUS
10
0.7757023622047244
20
-0.1348607480314961
11
0.7757022834645669
21
-0.1348607086614173
0
LINE
8
BLACK
6
CONTINUOUS
10
0.7757022834645669
20
-0.1348607086614173
11
0.7699514173228347
21
-0.1324786220472441
0
LINE
8
BLACK
6
CONTINUOUS
10
0.7699514173228347
20
-0.1324786220472441
11
0.7699511023622047
21
-0.1324785433070866
0
LINE
8
BLACK
6
CONTINUOUS
10
0.7699511023622047
20
-0.1324785433070866
11
0.7637795669291338
21
-0.131666062992126
0
LINE
8
BLACK
6
CONTINUOUS
10
0.7637795669291338
20
-0.131666062992126
11
0.7637794488188976
21
-0.131666062992126
0
LINE
8
BLACK
6
CONTINUOUS
10
0.7637794488188976
20
-0.131666062992126
11
0.7618582283464567
21
-0.1319189763779527
0
LINE
8
BLACK
6
CONTINUOUS
10
0.7618582283464567
20
-0.1319189763779527
11
0.7594896850393701
21
-0.1314799606299213
0
LINE
8
BLACK
6
CONTINUOUS
10
0.7594896850393701
20
-0.1314799606299213
11
0.7585934645669291
21
-0.1308107480314961
0
LINE
8
BLACK
6
CONTINUOUS
10
0.7585934645669291
20
-0.1308107480314961
11
0.7255707086614173
21
-0.0977879527559055
0
LINE
8
BLACK
6
CONTINUOUS
10
0.7255707086614173
20
-0.0977879527559055
11
0.724477125984252
21
-0.0956416141732283
0
LINE
8
BLACK
6
CONTINUOUS
10
0.724477125984252
20
-0.0956416141732283
11
0.7244291338582677
21
-0.0950318897637795
0
LINE
8
BLACK
6
CONTINUOUS
10
0.7244291338582677
20
-0.0950318897637795
11
0.7244291338582677
21
-0.0925196456692913
0
LINE
8
BLACK
6
CONTINUOUS
10
0.7244291338582677
20
-0.0925196456692913
11
0.7244291338582677
21
-0.0526294094488189
0
LINE
8
BLACK
6
CONTINUOUS
10
0.7244291338582677
20
-0.0526294094488189
11
0.7251735039370079
21
-0.0503384251968504
0
LINE
8
BLACK
6
CONTINUOUS
10
0.7251735039370079
20
-0.0503384251968504
11
0.7259540551181102
21
-0.0495372047244095
0
LINE
8
BLACK
6
CONTINUOUS
10
0.7259540551181102
20
-0.0495372047244095
11
0.7262313385826772
21
-0.0493244488188976
0
LINE
8
BLACK
6
CONTINUOUS
10
0.7262313385826772
20
-0.0493244488188976
11
0.7274914173228346
21
-0.0483575590551181
0
LINE
8
BLACK
6
CONTINUOUS
10
0.7274914173228346
20
-0.0483575590551181
11
0.7312809448818898
21
-0.043418937007874
0
LINE
8
BLACK
6
CONTINUOUS
10
0.7312809448818898
20
-0.043418937007874
11
0.7336631496062992
21
-0.0376677952755905
0
LINE
8
BLACK
6
CONTINUOUS
10
0.7336631496062992
20
-0.0376677952755905
11
0.733698188976378
21
-0.0374015354330709
0
LINE
8
BLACK
6
CONTINUOUS
10
0.733698188976378
20
-0.0374015354330709
11
0.7344756692913386
21
-0.031496062992126
0
LINE
8
BLACK
6
CONTINUOUS
10
0.7344756692913386
20
-0.031496062992126
11
0.7336631496062992
21
-0.0253243307086614
0
LINE
8
BLACK
6
CONTINUOUS
10
0.7336631496062992
20
-0.0253243307086614
11
0.7312809842519685
21
-0.0195732677165354
0
LINE
8
BLACK
6
CONTINUOUS
10
0.7312809842519685
20
-0.0195732677165354
11
0.7312809842519685
21
-0.0195732283464567
0
LINE
8
BLACK
6
CONTINUOUS
10
0.7312809842519685
20
-0.0195732283464567
11
0.7274915748031496
21
-0.0146347637795276
0
LINE
8
BLACK
6
CONTINUOUS
10
0.7274915748031496
20
-0.0146347637795276
11
0.7274915354330709
21
-0.0146347244094488
0
LINE
8
BLACK
6
CONTINUOUS
10
0.7274915354330709
20
-0.0146347244094488
11
0.7274914173228346
21
-0.0146345669291339
0
LINE
8
BLACK
6
CONTINUOUS
10
0.7274914173228346
20
-0.0146345669291339
11
0.727491220472441
21
-0.0146344094488189
0
LINE
8
BLACK
6
CONTINUOUS
10
0.727491220472441
20
-0.0146344094488189
11
0.7274911811023622
21
-0.0146343700787402
0
LINE
8
BLACK
6
CONTINUOUS
10
0.7274911811023622
20
-0.0146343700787402
11
0.7225526771653543
21
-0.0108449606299213
0
LINE
8
BLACK
6
CONTINUOUS
10
0.7225526771653543
20
-0.0108449606299213
11
0.7168018110236221
21
-0.008462874015748
0
LINE
8
BLACK
6
CONTINUOUS
10
0.7168018110236221
20
-0.008462874015748
11
0.7168014960629921
21
-0.0084627952755906
0
LINE
8
BLACK
6
CONTINUOUS
10
0.7168014960629921
20
-0.0084627952755906
11
0.7106299606299212
21
-0.0076503149606299
0
LINE
8
BLACK
6
CONTINUOUS
10
0.7106299606299212
20
-0.0076503149606299
11
0.7106298818897637
21
-0.0076503149606299
0
LINE
8
BLACK
6
CONTINUOUS
10
0.7106298818897637
20
-0.0076503149606299
11
0.7044583070866142
21
-0.0084627952755906
0
LINE
8
BLACK
6
CONTINUOUS
10
0.7044583070866142
20
-0.0084627952755906
11
0.7044579921259843
21
-0.008462874015748
0
LINE
8
BLACK
6
CONTINUOUS
10
0.7044579921259843
20
-0.008462874015748
11
0.698707125984252
21
-0.0108449606299213
0
LINE
8
BLACK
6
CONTINUOUS
10
0.698707125984252
20
-0.0108449606299213
11
0.6987070866141732
21
-0.0108449606299213
0
LINE
8
BLACK
6
CONTINUOUS
10
0.6987070866141732
20
-0.0108449606299213
11
0.6937686220472441
21
-0.0146343700787402
0
LINE
8
BLACK
6
CONTINUOUS
10
0.6937686220472441
20
-0.0146343700787402
11
0.6937682283464567
21
-0.0146347637795276
0
LINE
8
BLACK
6
CONTINUOUS
10
0.6937682283464567
20
-0.0146347637795276
11
0.6899788188976378
21
-0.0195732283464567
0
LINE
8
BLACK
6
CONTINUOUS
10
0.6899788188976378
20
-0.0195732283464567
11
0.6899788188976378
21
-0.0195732677165354
0
LINE
8
BLACK
6
CONTINUOUS
10
0.6899788188976378
20
-0.0195732677165354
11
0.6875967322834645
21
-0.0253241338582677
0
LINE
8
BLACK
6
CONTINUOUS
10
0.6875967322834645
20
-0.0253241338582677
11
0.6875966535433071
21
-0.0253244488188976
0
LINE
8
BLACK
6
CONTINUOUS
10
0.6875966535433071
20
-0.0253244488188976
11
0.6867841732283464
21
-0.0314960236220472
0
LINE
8
BLACK
6
CONTINUOUS
10
0.6867841732283464
20
-0.0314960236220472
11
0.6867841732283464
21
-0.031496062992126
0
LINE
8
BLACK
6
CONTINUOUS
10
1.1493825984251969
20
-0.0925196850393701
11
1.1501950787401574
21
-0.0986912598425197
0
LINE
8
BLACK
6
CONTINUOUS
10
1.1501950787401574
20
-0.0986912598425197
11
1.1501951574803149
21
-0.0986915748031496
0
LINE
8
BLACK
6
CONTINUOUS
10
1.1501951574803149
20
-0.0986915748031496
11
1.1525772440944881
21
-0.1044424409448819
0
LINE
8
BLACK
6
CONTINUOUS
10
1.1525772440944881
20
-0.1044424409448819
11
1.1525772440944881
21
-0.1044424803149606
0
LINE
8
BLACK
6
CONTINUOUS
10
1.1525772440944881
20
-0.1044424803149606
11
1.156366653543307
21
-0.1093809448818898
0
LINE
8
BLACK
6
CONTINUOUS
10
1.156366653543307
20
-0.1093809448818898
11
1.1563668503937008
21
-0.1093811811023622
0
LINE
8
BLACK
6
CONTINUOUS
10
1.1563668503937008
20
-0.1093811811023622
11
1.1613054724409448
21
-0.1131707086614173
0
LINE
8
BLACK
6
CONTINUOUS
10
1.1613054724409448
20
-0.1131707086614173
11
1.1670566141732284
21
-0.1155529133858268
0
LINE
8
BLACK
6
CONTINUOUS
10
1.1670566141732284
20
-0.1155529133858268
11
1.1716853937007874
21
-0.1161622834645669
0
LINE
8
BLACK
6
CONTINUOUS
10
1.1716853937007874
20
-0.1161622834645669
11
1.1732283070866141
21
-0.1163654330708661
0
LINE
8
BLACK
6
CONTINUOUS
10
1.1732283070866141
20
-0.1163654330708661
11
1.1732283464566928
21
-0.1163654330708661
0
LINE
8
BLACK
6
CONTINUOUS
10
1.1732283464566928
20
-0.1163654330708661
11
1.1732283858267716
21
-0.1163654330708661
0
LINE
8
BLACK
6
CONTINUOUS
10
1.1732283858267716
20
-0.1163654330708661
11
1.1744626771653544
21
-0.1162029133858268
0
LINE
8
BLACK
6
CONTINUOUS
10
1.1744626771653544
20
-0.1162029133858268
11
1.1794000787401575
21
-0.1155529133858268
0
LINE
8
BLACK
6
CONTINUOUS
10
1.1794000787401575
20
-0.1155529133858268
11
1.1851512204724408
21
-0.1131707086614173
0
LINE
8
BLACK
6
CONTINUOUS
10
1.1851512204724408
20
-0.1131707086614173
11
1.1900898425196851
21
-0.1093811811023622
0
LINE
8
BLACK
6
CONTINUOUS
10
1.1900898425196851
20
-0.1093811811023622
11
1.1938793700787402
21
-0.1044425590551181
0
LINE
8
BLACK
6
CONTINUOUS
10
1.1938793700787402
20
-0.1044425590551181
11
1.1962615748031495
21
-0.0986914173228346
0
LINE
8
BLACK
6
CONTINUOUS
10
1.1962615748031495
20
-0.0986914173228346
11
1.197074094488189
21
-0.0925196850393701
0
LINE
8
BLACK
6
CONTINUOUS
10
1.197074094488189
20
-0.0925196850393701
11
1.1968211417322834
21
-0.0905983464566929
0
LINE
8
BLACK
6
CONTINUOUS
10
1.1968211417322834
20
-0.0905983464566929
11
1.1972601181102362
21
-0.0882298818897638
0
LINE
8
BLACK
6
CONTINUOUS
10
1.1972601181102362
20
-0.0882298818897638
11
1.1979292519685039
21
-0.0873337401574803
0
LINE
8
BLACK
6
CONTINUOUS
10
1.1979292519685039
20
-0.0873337401574803
11
1.2019870078740158
21
-0.083276062992126
0
LINE
8
BLACK
6
CONTINUOUS
10
1.2019870078740158
20
-0.083276062992126
11
1.2038037007874016
21
-0.0801294488188976
0
LINE
8
BLACK
6
CONTINUOUS
10
1.2038037007874016
20
-0.0801294488188976
11
1.204247283464567
21
-0.078473937007874
0
LINE
8
BLACK
6
CONTINUOUS
10
1.204247283464567
20
-0.078473937007874
11
1.2047440944881889
21
-0.076619842519685
0
LINE
8
BLACK
6
CONTINUOUS
10
1.2047440944881889
20
-0.076619842519685
11
1.2047440944881889
21
0.0772918503937008
0
LINE
8
BLACK
6
CONTINUOUS
10
1.2047440944881889
20
0.0772918503937008
11
1.205488464566929
21
0.0795828346456693
0
LINE
8
BLACK
6
CONTINUOUS
10
1.205488464566929
20
0.0795828346456693
11
1.2062690157480314
21
0.0803840551181102
0
LINE
8
BLACK
6
CONTINUOUS
10
1.2062690157480314
20
0.0803840551181102
11
1.2078063779527559
21
0.0815637007874016
0
LINE
8
BLACK
6
CONTINUOUS
10
1.2078063779527559
20
0.0815637007874016
11
1.2115959055118111
21
0.0865023228346457
0
LINE
8
BLACK
6
CONTINUOUS
10
1.2115959055118111
20
0.0865023228346457
11
1.2139781102362204
21
0.0922534645669291
0
LINE
8
BLACK
6
CONTINUOUS
10
1.2139781102362204
20
0.0922534645669291
11
1.2147906299212599
21
0.0984251968503937
0
LINE
8
BLACK
6
CONTINUOUS
10
1.2147906299212599
20
0.0984251968503937
11
1.2139781102362204
21
0.1045969291338583
0
LINE
8
BLACK
6
CONTINUOUS
10
1.2139781102362204
20
0.1045969291338583
11
1.2115959448818898
21
0.1103479921259842
0
LINE
8
BLACK
6
CONTINUOUS
10
1.2115959448818898
20
0.1103479921259842
11
1.2115959448818898
21
0.110348031496063
0
LINE
8
BLACK
6
CONTINUOUS
10
1.2115959448818898
20
0.110348031496063
11
1.2078065354330709
21
0.1152864960629921
0
LINE
8
BLACK
6
CONTINUOUS
10
1.2078065354330709
20
0.1152864960629921
11
1.2078064960629922
21
0.1152865354330709
0
LINE
8
BLACK
6
CONTINUOUS
10
1.2078064960629922
20
0.1152865354330709
11
1.2078063779527559
21
0.1152866929133858
0
LINE
8
BLACK
6
CONTINUOUS
10
1.2078063779527559
20
0.1152866929133858
11
1.2078061811023622
21
0.1152868503937008
0
LINE
8
BLACK
6
CONTINUOUS
10
1.2078061811023622
20
0.1152868503937008
11
1.2078061417322834
21
0.1152868897637795
0
LINE
8
BLACK
6
CONTINUOUS
10
1.2078061417322834
20
0.1152868897637795
11
1.2028676377952756
21
0.1190762992125984
0
LINE
8
BLACK
6
CONTINUOUS
10
1.2028676377952756
20
0.1190762992125984
11
1.1971167716535434
21
0.1214583858267717
0
LINE
8
BLACK
6
CONTINUOUS
10
1.1971167716535434
20
0.1214583858267717
11
1.1971164566929133
21
0.1214584645669291
0
LINE
8
BLACK
6
CONTINUOUS
10
1.1971164566929133
20
0.1214584645669291
11
1.1909449212598424
21
0.1222709448818898
0
LINE
8
BLACK
6
CONTINUOUS
10
1.1909449212598424
20
0.1222709448818898
11
1.1909448425196849
21
0.1222709448818898
0
LINE
8
BLACK
6
CONTINUOUS
10
1.1909448425196849
20
0.1222709448818898
11
1.1847732677165355
21
0.1214584645669291
0
LINE
8
BLACK
6
CONTINUOUS
10
1.1847732677165355
20
0.1214584645669291
11
1.1847729527559054
21
0.1214583858267717
0
LINE
8
BLACK
6
CONTINUOUS
10
1.1847729527559054
20
0.1214583858267717
11
1.1790220866141732
21
0.1190762992125984
0
LINE
8
BLACK
6
CONTINUOUS
10
1.1790220866141732
20
0.1190762992125984
11
1.1790220472440944
21
0.1190762992125984
0
LINE
8
BLACK
6
CONTINUOUS
10
1.1790220472440944
20
0.1190762992125984
11
1.1740835826771654
21
0.1152868897637795
0
LINE
8
BLACK
6
CONTINUOUS
10
1.1740835826771654
20
0.1152868897637795
11
1.1740831889763779
21
0.1152864960629921
0
LINE
8
BLACK
6
CONTINUOUS
10
1.1740831889763779
20
0.1152864960629921
11
1.170293779527559
21
0.110348031496063
0
LINE
8
BLACK
6
CONTINUOUS
10
1.170293779527559
20
0.110348031496063
11
1.170293779527559
21
0.1103479921259842
0
LINE
8
BLACK
6
CONTINUOUS
10
1.170293779527559
20
0.1103479921259842
11
1.1679116929133857
21
0.104597125984252
0
LINE
8
BLACK
6
CONTINUOUS
10
1.1679116929133857
20
0.104597125984252
11
1.1679116141732284
21
0.104596811023622
0
LINE
8
BLACK
6
CONTINUOUS
10
1.1679116141732284
20
0.104596811023622
11
1.1670991338582677
21
0.0984252362204724
0
LINE
8
BLACK
6
CONTINUOUS
10
1.1670991338582677
20
0.0984252362204724
11
1.1670991338582677
21
0.0984251968503937
0
LINE
8
BLACK
6
CONTINUOUS
10
1.1670991338582677
20
0.0984251968503937
11
1.1679116141732284
21
0.0922536220472441
0
LINE
8
BLACK
6
CONTINUOUS
10
1.1679116141732284
20
0.0922536220472441
11
1.1679116929133857
21
0.0922533070866142
0
LINE
8
BLACK
6
CONTINUOUS
10
1.1679116929133857
20
0.0922533070866142
11
1.170293779527559
21
0.0865024409448819
0
LINE
8
BLACK
6
CONTINUOUS
10
1.170293779527559
20
0.0865024409448819
11
1.170293779527559
21
0.0865024015748031
0
LINE
8
BLACK
6
CONTINUOUS
10
1.170293779527559
20
0.0865024015748031
11
1.1702938582677165
21
0.0865023228346457
0
LINE
8
BLACK
6
CONTINUOUS
10
1.1702938582677165
20
0.0865023228346457
11
1.1740833858267716
21
0.0815637007874016
0
LINE
8
BLACK
6
CONTINUOUS
10
1.1740833858267716
20
0.0815637007874016
11
1.1740835433070866
21
0.0815635826771653
0
LINE
8
BLACK
6
CONTINUOUS
10
1.1740835433070866
20
0.0815635826771653
11
1.175620748031496
21
0.0803840551181102
0
LINE
8
BLACK
6
CONTINUOUS
10
1.175620748031496
20
0.0803840551181102
11
1.176985157480315
21
0.0783988582677165
0
LINE
8
BLACK
6
CONTINUOUS
10
1.176985157480315
20
0.0783988582677165
11
1.1771456692913385
21
0.0772918503937008
0
LINE
8
BLACK
6
CONTINUOUS
10
1.1771456692913385
20
0.0772918503937008
11
1.1771456692913385
21
-0.0647762992125984
0
LINE
8
BLACK
6
CONTINUOUS
10
1.1771456692913385
20
-0.0647762992125984
11
1.1764012992125985
21
-0.0670672834645669
0
LINE
8
BLACK
6
CONTINUOUS
10
1.1764012992125985
20
-0.0670672834645669
11
1.1744524803149605
21
-0.068483188976378
0
LINE
8
BLACK
6
CONTINUOUS
10
1.1744524803149605
20
-0.068483188976378
11
1.1734811417322835
21
-0.0686370078740157
0
LINE
8
BLACK
6
CONTINUOUS
10
1.1734811417322835
20
-0.0686370078740157
11
1.1734816141732283
21
-0.0686405905511811
0
LINE
8
BLACK
6
CONTINUOUS
10
1.1734816141732283
20
-0.0686405905511811
11
1.1733451181102361
21
-0.0686585433070866
0
LINE
8
BLACK
6
CONTINUOUS
10
1.1733451181102361
20
-0.0686585433070866
11
1.1732480314960629
21
-0.068673937007874
0
LINE
8
BLACK
6
CONTINUOUS
10
1.1732480314960629
20
-0.068673937007874
11
1.1732283070866141
21
-0.068673937007874
0
LINE
8
BLACK
6
CONTINUOUS
10
1.1732283070866141
20
-0.068673937007874
11
1.1670567322834646
21
-0.0694864173228346
0
LINE
8
BLACK
6
CONTINUOUS
10
1.1670567322834646
20
-0.0694864173228346
11
1.1670564173228346
21
-0.0694864960629921
0
LINE
8
BLACK
6
CONTINUOUS
10
1.1670564173228346
20
-0.0694864960629921
11
1.1613055511811023
21
-0.0718685826771654
0
LINE
8
BLACK
6
CONTINUOUS
10
1.1613055511811023
20
-0.0718685826771654
11
1.1613055118110236
21
-0.0718685826771654
0
LINE
8
BLACK
6
CONTINUOUS
10
1.1613055118110236
20
-0.0718685826771654
11
1.1563670472440946
21
-0.0756579921259842
0
LINE
8
BLACK
6
CONTINUOUS
10
1.1563670472440946
20
-0.0756579921259842
11
1.156366653543307
21
-0.0756583858267716
0
LINE
8
BLACK
6
CONTINUOUS
10
1.156366653543307
20
-0.0756583858267716
11
1.1525772440944881
21
-0.0805968503937008
0
LINE
8
BLACK
6
CONTINUOUS
10
1.1525772440944881
20
-0.0805968503937008
11
1.1525772440944881
21
-0.0805968897637795
0
LINE
8
BLACK
6
CONTINUOUS
10
1.1525772440944881
20
-0.0805968897637795
11
1.1501951574803149
21
-0.0863477559055118
0
LINE
8
BLACK
6
CONTINUOUS
10
1.1501951574803149
20
-0.0863477559055118
11
1.1501950787401574
21
-0.0863480708661417
0
LINE
8
BLACK
6
CONTINUOUS
10
1.1501950787401574
20
-0.0863480708661417
11
1.1493825984251969
21
-0.0925196456692913
0
LINE
8
BLACK
6
CONTINUOUS
10
1.1493825984251969
20
-0.0925196456692913
11
1.1493825984251969
21
-0.0925196850393701
0
LINE
8
BLACK
6
CONTINUOUS
10
0.8482014960629921
20
-0.0374015748031496
11
0.8490139763779527
21
-0.0435731496062992
0
LINE
8
BLACK
6
CONTINUOUS
10
0.8490139763779527
20
-0.0435731496062992
11
0.8490140551181102
21
-0.0435734645669291
0
LINE
8
BLACK
6
CONTINUOUS
10
0.8490140551181102
20
-0.0435734645669291
11
0.8513961417322834
21
-0.0493243307086614
0
LINE
8
BLACK
6
CONTINUOUS
10
0.8513961417322834
20
-0.0493243307086614
11
0.8513961417322834
21
-0.0493243700787402
0
LINE
8
BLACK
6
CONTINUOUS
10
0.8513961417322834
20
-0.0493243700787402
11
0.8551855511811023
21
-0.0542628346456693
0
LINE
8
BLACK
6
CONTINUOUS
10
0.8551855511811023
20
-0.0542628346456693
11
0.8551857480314961
21
-0.0542630708661417
0
LINE
8
BLACK
6
CONTINUOUS
10
0.8551857480314961
20
-0.0542630708661417
11
0.8601243700787401
21
-0.0580525984251968
0
LINE
8
BLACK
6
CONTINUOUS
10
0.8601243700787401
20
-0.0580525984251968
11
0.8658755118110236
21
-0.0604348031496063
0
LINE
8
BLACK
6
CONTINUOUS
10
0.8658755118110236
20
-0.0604348031496063
11
0.8705042913385826
21
-0.0610441732283465
0
LINE
8
BLACK
6
CONTINUOUS
10
0.8705042913385826
20
-0.0610441732283465
11
0.8720472047244094
21
-0.0612473228346457
0
LINE
8
BLACK
6
CONTINUOUS
10
0.8720472047244094
20
-0.0612473228346457
11
0.8720472440944882
21
-0.0612473228346457
0
LINE
8
BLACK
6
CONTINUOUS
10
0.8720472440944882
20
-0.0612473228346457
11
0.8720472834645669
21
-0.0612473228346457
0
LINE
8
BLACK
6
CONTINUOUS
10
0.8720472834645669
20
-0.0612473228346457
11
0.8732815748031496
21
-0.0610848031496063
0
LINE
8
BLACK
6
CONTINUOUS
10
0.8732815748031496
20
-0.0610848031496063
11
0.8782189763779528
21
-0.0604348031496063
0
LINE
8
BLACK
6
CONTINUOUS
10
0.8782189763779528
20
-0.0604348031496063
11
0.8839701181102362
21
-0.0580525984251968
0
LINE
8
BLACK
6
CONTINUOUS
10
0.8839701181102362
20
-0.0580525984251968
11
0.8889087401574803
21
-0.0542630708661417
0
LINE
8
BLACK
6
CONTINUOUS
10
0.8889087401574803
20
-0.0542630708661417
11
0.8926982677165354
21
-0.0493244488188976
0
LINE
8
BLACK
6
CONTINUOUS
10
0.8926982677165354
20
-0.0493244488188976
11
0.8950804724409449
21
-0.0435733070866142
0
LINE
8
BLACK
6
CONTINUOUS
10
0.8950804724409449
20
-0.0435733070866142
11
0.8958929921259843
21
-0.0374015748031496
0
LINE
8
BLACK
6
CONTINUOUS
10
0.8958929921259843
20
-0.0374015748031496
11
0.8950804724409449
21
-0.031229842519685
0
LINE
8
BLACK
6
CONTINUOUS
10
0.8950804724409449
20
-0.031229842519685
11
0.8926983070866141
21
-0.0254787795275591
0
LINE
8
BLACK
6
CONTINUOUS
10
0.8926983070866141
20
-0.0254787795275591
11
0.8926983070866141
21
-0.0254787401574803
0
LINE
8
BLACK
6
CONTINUOUS
10
0.8926983070866141
20
-0.0254787401574803
11
0.8889088976377952
21
-0.0205402755905512
0
LINE
8
BLACK
6
CONTINUOUS
10
0.8889088976377952
20
-0.0205402755905512
11
0.8889088582677165
21
-0.0205402362204724
0
LINE
8
BLACK
6
CONTINUOUS
10
0.8889088582677165
20
-0.0205402362204724
11
0.8889087401574803
21
-0.0205400787401575
0
LINE
8
BLACK
6
CONTINUOUS
10
0.8889087401574803
20
-0.0205400787401575
11
0.8889085433070866
21
-0.0205399212598425
0
LINE
8
BLACK
6
CONTINUOUS
10
0.8889085433070866
20
-0.0205399212598425
11
0.8889085039370078
21
-0.0205398818897638
0
LINE
8
BLACK
6
CONTINUOUS
10
0.8889085039370078
20
-0.0205398818897638
11
0.88397
21
-0.0167504724409449
0
LINE
8
BLACK
6
CONTINUOUS
10
0.88397
20
-0.0167504724409449
11
0.8782191338582677
21
-0.0143683858267717
0
LINE
8
BLACK
6
CONTINUOUS
10
0.8782191338582677
20
-0.0143683858267717
11
0.8782188188976378
21
-0.0143683070866142
0
LINE
8
BLACK
6
CONTINUOUS
10
0.8782188188976378
20
-0.0143683070866142
11
0.8720472834645669
21
-0.0135558267716535
0
LINE
8
BLACK
6
CONTINUOUS
10
0.8720472834645669
20
-0.0135558267716535
11
0.8720472047244094
21
-0.0135558267716535
0
LINE
8
BLACK
6
CONTINUOUS
10
0.8720472047244094
20
-0.0135558267716535
11
0.8658756299212598
21
-0.0143683070866142
0
LINE
8
BLACK
6
CONTINUOUS
10
0.8658756299212598
20
-0.0143683070866142
11
0.8658753149606299
21
-0.0143683858267717
0
LINE
8
BLACK
6
CONTINUOUS
10
0.8658753149606299
20
-0.0143683858267717
11
0.8601244488188976
21
-0.0167504724409449
0
LINE
8
BLACK
6
CONTINUOUS
10
0.8601244488188976
20
-0.0167504724409449
11
0.8601244094488188
21
-0.0167504724409449
0
LINE
8
BLACK
6
CONTINUOUS
10
0.8601244094488188
20
-0.0167504724409449
11
0.8551859448818897
21
-0.0205398818897638
0
LINE
8
BLACK
6
CONTINUOUS
10
0.8551859448818897
20
-0.0205398818897638
11
0.8551855511811023
21
-0.0205402755905512
0
LINE
8
BLACK
6
CONTINUOUS
10
0.8551855511811023
20
-0.0205402755905512
11
0.8513961417322834
21
-0.0254787401574803
0
LINE
8
BLACK
6
CONTINUOUS
10
0.8513961417322834
20
-0.0254787401574803
11
0.8513961417322834
21
-0.0254787795275591
0
LINE
8
BLACK
6
CONTINUOUS
10
0.8513961417322834
20
-0.0254787795275591
11
0.8490140551181102
21
-0.0312296456692913
0
LINE
8
BLACK
6
CONTINUOUS
10
0.8490140551181102
20
-0.0312296456692913
11
0.8490139763779527
21
-0.0312299606299213
0
LINE
8
BLACK
6
CONTINUOUS
10
0.8490139763779527
20
-0.0312299606299213
11
0.8482014960629921
21
-0.0374015354330709
0
LINE
8
BLACK
6
CONTINUOUS
10
0.8482014960629921
20
-0.0374015354330709
11
0.8482014960629921
21
-0.0374015748031496
0
LINE
8
BLACK
6
CONTINUOUS
10
0.8639495275590551
20
0.0748031496062992
11
0.8647620078740157
21
0.0686315748031496
0
LINE
8
BLACK
6
CONTINUOUS
10
0.8647620078740157
20
0.0686315748031496
11
0.8647620866141732
21
0.0686312598425197
0
LINE
8
BLACK
6
CONTINUOUS
10
0.8647620866141732
20
0.0686312598425197
11
0.8671441732283465
21
0.0628803937007874
0
LINE
8
BLACK
6
CONTINUOUS
10
0.8671441732283465
20
0.0628803937007874
11
0.8671441732283465
21
0.0628803543307087
0
LINE
8
BLACK
6
CONTINUOUS
10
0.8671441732283465
20
0.0628803543307087
11
0.8671442519685039
21
0.0628802755905512
0
LINE
8
BLACK
6
CONTINUOUS
10
0.8671442519685039
20
0.0628802755905512
11
0.870933779527559
21
0.0579416535433071
0
LINE
8
BLACK
6
CONTINUOUS
10
0.870933779527559
20
0.0579416535433071
11
0.8758724015748032
21
0.054152125984252
0
LINE
8
BLACK
6
CONTINUOUS
10
0.8758724015748032
20
0.054152125984252
11
0.8816235433070866
21
0.0517699212598425
0
LINE
8
BLACK
6
CONTINUOUS
10
0.8816235433070866
20
0.0517699212598425
11
0.8862523228346456
21
0.0511605511811024
0
LINE
8
BLACK
6
CONTINUOUS
10
0.8862523228346456
20
0.0511605511811024
11
0.8877952362204724
21
0.0509574015748031
0
LINE
8
BLACK
6
CONTINUOUS
10
0.8877952362204724
20
0.0509574015748031
11
0.8877952755905512
21
0.0509574015748031
0
LINE
8
BLACK
6
CONTINUOUS
10
0.8877952755905512
20
0.0509574015748031
11
0.8877953149606299
21
0.0509574015748031
0
LINE
8
BLACK
6
CONTINUOUS
10
0.8877953149606299
20
0.0509574015748031
11
0.8890296062992126
21
0.0511199212598425
0
LINE
8
BLACK
6
CONTINUOUS
10
0.8890296062992126
20
0.0511199212598425
11
0.8939670078740157
21
0.0517699212598425
0
LINE
8
BLACK
6
CONTINUOUS
10
0.8939670078740157
20
0.0517699212598425
11
0.8997181496062991
21
0.054152125984252
0
LINE
8
BLACK
6
CONTINUOUS
10
0.8997181496062991
20
0.054152125984252
11
0.9046567716535433
21
0.0579416535433071
0
LINE
8
BLACK
6
CONTINUOUS
10
0.9046567716535433
20
0.0579416535433071
11
0.9084462992125985
21
0.0628802755905512
0
LINE
8
BLACK
6
CONTINUOUS
10
0.9084462992125985
20
0.0628802755905512
11
0.9108285039370079
21
0.0686314173228346
0
LINE
8
BLACK
6
CONTINUOUS
10
0.9108285039370079
20
0.0686314173228346
11
0.9116410236220472
21
0.0748031496062992
0
LINE
8
BLACK
6
CONTINUOUS
10
0.9116410236220472
20
0.0748031496062992
11
0.9108285039370079
21
0.0809748818897638
0
LINE
8
BLACK
6
CONTINUOUS
10
0.9108285039370079
20
0.0809748818897638
11
0.9084463385826771
21
0.0867259448818898
0
LINE
8
BLACK
6
CONTINUOUS
10
0.9084463385826771
20
0.0867259448818898
11
0.9084463385826771
21
0.0867259842519685
0
LINE
8
BLACK
6
CONTINUOUS
10
0.9084463385826771
20
0.0867259842519685
11
0.9046569291338582
21
0.0916644488188976
0
LINE
8
BLACK
6
CONTINUOUS
10
0.9046569291338582
20
0.0916644488188976
11
0.9046568897637796
21
0.0916644881889764
0
LINE
8
BLACK
6
CONTINUOUS
10
0.9046568897637796
20
0.0916644881889764
11
0.9046567716535433
21
0.0916646456692913
0
LINE
8
BLACK
6
CONTINUOUS
10
0.9046567716535433
20
0.0916646456692913
11
0.9046565748031495
21
0.0916648031496063
0
LINE
8
BLACK
6
CONTINUOUS
10
0.9046565748031495
20
0.0916648031496063
11
0.9046565354330709
21
0.091664842519685
0
LINE
8
BLACK
6
CONTINUOUS
10
0.9046565354330709
20
0.091664842519685
11
0.899718031496063
21
0.0954542519685039
0
LINE
8
BLACK
6
CONTINUOUS
10
0.899718031496063
20
0.0954542519685039
11
0.8939671653543307
21
0.0978363385826772
0
LINE
8
BLACK
6
CONTINUOUS
10
0.8939671653543307
20
0.0978363385826772
11
0.8939668503937007
21
0.0978364173228346
0
LINE
8
BLACK
6
CONTINUOUS
10
0.8939668503937007
20
0.0978364173228346
11
0.8877953149606299
21
0.0986488976377953
0
LINE
8
BLACK
6
CONTINUOUS
10
0.8877953149606299
20
0.0986488976377953
11
0.8877952362204724
21
0.0986488976377953
0
LINE
8
BLACK
6
CONTINUOUS
10
0.8877952362204724
20
0.0986488976377953
11
0.8816236614173228
21
0.0978364173228346
0
LINE
8
BLACK
6
CONTINUOUS
10
0.8816236614173228
20
0.0978364173228346
11
0.8816233464566929
21
0.0978363385826772
0
LINE
8
BLACK
6
CONTINUOUS
10
0.8816233464566929
20
0.0978363385826772
11
0.8758724803149606
21
0.0954542519685039
0
LINE
8
BLACK
6
CONTINUOUS
10
0.8758724803149606
20
0.0954542519685039
11
0.8758724409448819
21
0.0954542519685039
0
LINE
8
BLACK
6
CONTINUOUS
10
0.8758724409448819
20
0.0954542519685039
11
0.8709339763779528
21
0.091664842519685
0
LINE
8
BLACK
6
CONTINUOUS
10
0.8709339763779528
20
0.091664842519685
11
0.8709335826771654
21
0.0916644488188976
0
LINE
8
BLACK
6
CONTINUOUS
10
0.8709335826771654
20
0.0916644488188976
11
0.8671441732283465
21
0.0867259842519685
0
LINE
8
BLACK
6
CONTINUOUS
10
0.8671441732283465
20
0.0867259842519685
11
0.8671441732283465
21
0.0867259448818898
0
LINE
8
BLACK
6
CONTINUOUS
10
0.8671441732283465
20
0.0867259448818898
11
0.8647620866141732
21
0.0809750787401575
0
LINE
8
BLACK
6
CONTINUOUS
10
0.8647620866141732
20
0.0809750787401575
11
0.8647620078740157
21
0.0809747637795276
0
LINE
8
BLACK
6
CONTINUOUS
10
0.8647620078740157
20
0.0809747637795276
11
0.8639495275590551
21
0.074803188976378
0
LINE
8
BLACK
6
CONTINUOUS
10
0.8639495275590551
20
0.074803188976378
11
0.8639495275590551
21
0.0748031496062992
0
LINE
8
BLACK
6
CONTINUOUS
10
1.4000787401574804
20
-0.2032283464566929
11
1.3400787401574803
21
-0.2032283464566929
0
LINE
8
BLACK
6
CONTINUOUS
10
1.3400787401574803
20
-0.2032283464566929
11
1.3400787401574803
21
-0.1432283464566929
0
LINE
8
BLACK
6
CONTINUOUS
10
1.3400787401574803
20
-0.1432283464566929
11
1.4000787401574804
21
-0.1432283464566929
0
LINE
8
BLACK
6
CONTINUOUS
10
1.4000787401574804
20
-0.1432283464566929
11
1.4000787401574804
21
-0.2032283464566929
0
LINE
8
BLACK
6
CONTINUOUS
10
-0.9419839763779527
20
-0.7310857086614173
11
-0.937593937007874
21
-0.7333225590551181
0
LINE
8
BLACK
6
CONTINUOUS
10
-0.937593937007874
20
-0.7333225590551181
11
-0.9341099606299212
21
-0.7368065354330708
0
LINE
8
BLACK
6
CONTINUOUS
10
-0.9341099606299212
20
-0.7368065354330708
11
-0.9318731102362204
21
-0.7411965748031496
0
LINE
8
BLACK
6
CONTINUOUS
10
-0.9318731102362204
20
-0.7411965748031496
11
-0.9311023622047244
21
-0.7460629921259843
0
LINE
8
BLACK
6
CONTINUOUS
10
-0.9311023622047244
20
-0.7460629921259843
11
-0.9314141338582677
21
-0.7480314960629921
0
LINE
8
BLACK
6
CONTINUOUS
10
-0.9314141338582677
20
-0.7480314960629921
11
-0.609251968503937
21
-0.7480314960629921
0
LINE
8
BLACK
6
CONTINUOUS
10
-0.609251968503937
20
-0.7480314960629921
11
-0.6082918897637795
21
-0.7481260629921259
0
LINE
8
BLACK
6
CONTINUOUS
10
-0.6082918897637795
20
-0.7481260629921259
11
-0.6082918503937008
21
-0.7481260629921259
0
LINE
8
BLACK
6
CONTINUOUS
10
-0.6082918503937008
20
-0.7481260629921259
11
-0.6077722834645669
21
-0.7483412598425196
0
LINE
8
BLACK
6
CONTINUOUS
10
-0.6077722834645669
20
-0.7483412598425196
11
-0.606517874015748
21
-0.7488608661417323
0
LINE
8
BLACK
6
CONTINUOUS
10
-0.606517874015748
20
-0.7488608661417323
11
-0.6065176771653543
21
-0.748861062992126
0
LINE
8
BLACK
6
CONTINUOUS
10
-0.6065176771653543
20
-0.748861062992126
11
-0.605772125984252
21
-0.7494729133858268
0
LINE
8
BLACK
6
CONTINUOUS
10
-0.605772125984252
20
-0.7494729133858268
11
-0.3877253149606299
21
-0.96751968503937
0
LINE
8
BLACK
6
CONTINUOUS
10
-0.3877253149606299
20
-0.96751968503937
11
0.0885127559055118
21
-0.96751968503937
0
LINE
8
BLACK
6
CONTINUOUS
10
0.0885127559055118
20
-0.96751968503937
11
0.1238816141732283
21
-0.932150748031496
0
LINE
8
BLACK
6
CONTINUOUS
10
0.1238816141732283
20
-0.932150748031496
11
0.1228179921259843
21
-0.9300632677165354
0
LINE
8
BLACK
6
CONTINUOUS
10
0.1228179921259843
20
-0.9300632677165354
11
0.1220472440944882
21
-0.9251968503937008
0
LINE
8
BLACK
6
CONTINUOUS
10
0.1220472440944882
20
-0.9251968503937008
11
0.1228179921259843
21
-0.9203304330708661
0
LINE
8
BLACK
6
CONTINUOUS
10
0.1228179921259843
20
-0.9203304330708661
11
0.125054842519685
21
-0.9159403937007874
0
LINE
8
BLACK
6
CONTINUOUS
10
0.125054842519685
20
-0.9159403937007874
11
0.1285388188976378
21
-0.9124564173228347
0
LINE
8
BLACK
6
CONTINUOUS
10
0.1285388188976378
20
-0.9124564173228347
11
0.1329288582677165
21
-0.9102195669291339
0
LINE
8
BLACK
6
CONTINUOUS
10
0.1329288582677165
20
-0.9102195669291339
11
0.1377952755905512
21
-0.9094488188976377
0
LINE
8
BLACK
6
CONTINUOUS
10
0.1377952755905512
20
-0.9094488188976377
11
0.1426616929133858
21
-0.9102195669291339
0
LINE
8
BLACK
6
CONTINUOUS
10
0.1426616929133858
20
-0.9102195669291339
11
0.1470517322834646
21
-0.9124564173228347
0
LINE
8
BLACK
6
CONTINUOUS
10
0.1470517322834646
20
-0.9124564173228347
11
0.1505357086614173
21
-0.9159403937007874
0
LINE
8
BLACK
6
CONTINUOUS
10
0.1505357086614173
20
-0.9159403937007874
11
0.1527725590551181
21
-0.9203304330708661
0
LINE
8
BLACK
6
CONTINUOUS
10
0.1527725590551181
20
-0.9203304330708661
11
0.1535433070866142
21
-0.9251968503937008
0
LINE
8
BLACK
6
CONTINUOUS
10
0.1535433070866142
20
-0.9251968503937008
11
0.1527725590551181
21
-0.9300632677165354
0
LINE
8
BLACK
6
CONTINUOUS
10
0.1527725590551181
20
-0.9300632677165354
11
0.1505357086614173
21
-0.9344533070866141
0
LINE
8
BLACK
6
CONTINUOUS
10
0.1505357086614173
20
-0.9344533070866141
11
0.1470517322834646
21
-0.937937283464567
0
LINE
8
BLACK
6
CONTINUOUS
10
0.1470517322834646
20
-0.937937283464567
11
0.1426616929133858
21
-0.9401741338582676
0
LINE
8
BLACK
6
CONTINUOUS
10
0.1426616929133858
20
-0.9401741338582676
11
0.1377952755905512
21
-0.9409448818897638
0
LINE
8
BLACK
6
CONTINUOUS
10
0.1377952755905512
20
-0.9409448818897638
11
0.1329288582677165
21
-0.9401741338582676
0
LINE
8
BLACK
6
CONTINUOUS
10
0.1329288582677165
20
-0.9401741338582676
11
0.1308413385826772
21
-0.9391104724409448
0
LINE
8
BLACK
6
CONTINUOUS
10
0.1308413385826772
20
-0.9391104724409448
11
0.0940310236220472
21
-0.9759207874015747
0
LINE
8
BLACK
6
CONTINUOUS
10
0.0940310236220472
20
-0.9759207874015747
11
0.0932854724409449
21
-0.9765325984251968
0
LINE
8
BLACK
6
CONTINUOUS
10
0.0932854724409449
20
-0.9765325984251968
11
0.0932852755905512
21
-0.9765328346456693
0
LINE
8
BLACK
6
CONTINUOUS
10
0.0932852755905512
20
-0.9765328346456693
11
0.0920308661417323
21
-0.9770524015748031
0
LINE
8
BLACK
6
CONTINUOUS
10
0.0920308661417323
20
-0.9770524015748031
11
0.0915112992125984
21
-0.9772676377952756
0
LINE
8
BLACK
6
CONTINUOUS
10
0.0915112992125984
20
-0.9772676377952756
11
0.0915112598425197
21
-0.9772676377952756
0
LINE
8
BLACK
6
CONTINUOUS
10
0.0915112598425197
20
-0.9772676377952756
11
0.0905511811023622
21
-0.9773622047244094
0
LINE
8
BLACK
6
CONTINUOUS
10
0.0905511811023622
20
-0.9773622047244094
11
-0.389763779527559
21
-0.9773622047244094
0
LINE
8
BLACK
6
CONTINUOUS
10
-0.389763779527559
20
-0.9773622047244094
11
-0.3907238582677166
21
-0.9772676377952756
0
LINE
8
BLACK
6
CONTINUOUS
10
-0.3907238582677166
20
-0.9772676377952756
11
-0.392497874015748
21
-0.9765328346456693
0
LINE
8
BLACK
6
CONTINUOUS
10
-0.392497874015748
20
-0.9765328346456693
11
-0.3924979133858267
21
-0.9765327952755906
0
LINE
8
BLACK
6
CONTINUOUS
10
-0.3924979133858267
20
-0.9765327952755906
11
-0.3932436220472441
21
-0.9759208267716535
0
LINE
8
BLACK
6
CONTINUOUS
10
-0.3932436220472441
20
-0.9759208267716535
11
-0.6112903937007874
21
-0.7578740157480315
0
LINE
8
BLACK
6
CONTINUOUS
10
-0.6112903937007874
20
-0.7578740157480315
11
-0.936664527559055
21
-0.7578740157480315
0
LINE
8
BLACK
6
CONTINUOUS
10
-0.936664527559055
20
-0.7578740157480315
11
-0.937593937007874
21
-0.7588034251968504
0
LINE
8
BLACK
6
CONTINUOUS
10
-0.937593937007874
20
-0.7588034251968504
11
-0.9419839763779527
21
-0.7610402755905512
0
LINE
8
BLACK
6
CONTINUOUS
10
-0.9419839763779527
20
-0.7610402755905512
11
-0.9468503937007874
21
-0.7618110236220472
0
LINE
8
BLACK
6
CONTINUOUS
10
-0.9468503937007874
20
-0.7618110236220472
11
-0.951716811023622
21
-0.7610402755905512
0
LINE
8
BLACK
6
CONTINUOUS
10
-0.951716811023622
20
-0.7610402755905512
11
-0.9561068503937008
21
-0.7588034251968504
0
LINE
8
BLACK
6
CONTINUOUS
10
-0.9561068503937008
20
-0.7588034251968504
11
-0.9595908267716535
21
-0.7553194488188976
0
LINE
8
BLACK
6
CONTINUOUS
10
-0.9595908267716535
20
-0.7553194488188976
11
-0.9618276771653543
21
-0.7509294094488189
0
LINE
8
BLACK
6
CONTINUOUS
10
-0.9618276771653543
20
-0.7509294094488189
11
-0.9625984251968503
21
-0.7460629921259843
0
LINE
8
BLACK
6
CONTINUOUS
10
-0.9625984251968503
20
-0.7460629921259843
11
-0.9618276771653543
21
-0.7411965748031496
0
LINE
8
BLACK
6
CONTINUOUS
10
-0.9618276771653543
20
-0.7411965748031496
11
-0.9595908267716535
21
-0.7368065354330708
0
LINE
8
BLACK
6
CONTINUOUS
10
-0.9595908267716535
20
-0.7368065354330708
11
-0.9561068503937008
21
-0.7333225590551181
0
LINE
8
BLACK
6
CONTINUOUS
10
-0.9561068503937008
20
-0.7333225590551181
11
-0.951716811023622
21
-0.7310857086614173
0
LINE
8
BLACK
6
CONTINUOUS
10
-0.951716811023622
20
-0.7310857086614173
11
-0.9468503937007874
21
-0.7303149606299213
0
LINE
8
BLACK
6
CONTINUOUS
10
-0.9468503937007874
20
-0.7303149606299213
11
-0.9419839763779527
21
-0.7310857086614173
0
LINE
8
BLACK
6
CONTINUOUS
10
-0.9360784645669291
20
-0.658251062992126
11
-0.9316884251968504
21
-0.6604879133858268
0
LINE
8
BLACK
6
CONTINUOUS
10
-0.9316884251968504
20
-0.6604879133858268
11
-0.9282044488188976
21
-0.6639718897637795
0
LINE
8
BLACK
6
CONTINUOUS
10
-0.9282044488188976
20
-0.6639718897637795
11
-0.9259675984251968
21
-0.6683619291338583
0
LINE
8
BLACK
6
CONTINUOUS
10
-0.9259675984251968
20
-0.6683619291338583
11
-0.9251968503937008
21
-0.6732283464566929
0
LINE
8
BLACK
6
CONTINUOUS
10
-0.9251968503937008
20
-0.6732283464566929
11
-0.9259675984251968
21
-0.6780947637795276
0
LINE
8
BLACK
6
CONTINUOUS
10
-0.9259675984251968
20
-0.6780947637795276
11
-0.9270312598425197
21
-0.6801822834645669
0
LINE
8
BLACK
6
CONTINUOUS
10
-0.9270312598425197
20
-0.6801822834645669
11
-0.9074103937007874
21
-0.6998031496062992
0
LINE
8
BLACK
6
CONTINUOUS
10
-0.9074103937007874
20
-0.6998031496062992
11
-0.6023622047244095
21
-0.6998031496062992
0
LINE
8
BLACK
6
CONTINUOUS
10
-0.6023622047244095
20
-0.6998031496062992
11
-0.6014021259842519
21
-0.6998977165354331
0
LINE
8
BLACK
6
CONTINUOUS
10
-0.6014021259842519
20
-0.6998977165354331
11
-0.6014020866141732
21
-0.6998977165354331
0
LINE
8
BLACK
6
CONTINUOUS
10
-0.6014020866141732
20
-0.6998977165354331
11
-0.6011025196850394
21
-0.700021811023622
0
LINE
8
BLACK
6
CONTINUOUS
10
-0.6011025196850394
20
-0.700021811023622
11
-0.5996281102362204
21
-0.7006325196850394
0
LINE
8
BLACK
6
CONTINUOUS
10
-0.5996281102362204
20
-0.7006325196850394
11
-0.5996279133858268
21
-0.700632716535433
0
LINE
8
BLACK
6
CONTINUOUS
10
-0.5996279133858268
20
-0.700632716535433
11
-0.5988823622047244
21
-0.7012445669291338
0
LINE
8
BLACK
6
CONTINUOUS
10
-0.5988823622047244
20
-0.7012445669291338
11
-0.3717804330708661
21
-0.9283464566929134
0
LINE
8
BLACK
6
CONTINUOUS
10
-0.3717804330708661
20
-0.9283464566929134
11
0.0709908661417323
21
-0.9283464566929134
0
LINE
8
BLACK
6
CONTINUOUS
10
0.0709908661417323
20
-0.9283464566929134
11
0.0716368897637795
21
-0.9242674409448819
0
LINE
8
BLACK
6
CONTINUOUS
10
0.0716368897637795
20
-0.9242674409448819
11
0.0738737401574803
21
-0.9198774015748031
0
LINE
8
BLACK
6
CONTINUOUS
10
0.0738737401574803
20
-0.9198774015748031
11
0.0773577165354331
21
-0.9163934251968504
0
LINE
8
BLACK
6
CONTINUOUS
10
0.0773577165354331
20
-0.9163934251968504
11
0.0817477559055118
21
-0.9141565748031496
0
LINE
8
BLACK
6
CONTINUOUS
10
0.0817477559055118
20
-0.9141565748031496
11
0.0866141732283465
21
-0.9133858267716535
0
LINE
8
BLACK
6
CONTINUOUS
10
0.0866141732283465
20
-0.9133858267716535
11
0.0914805905511811
21
-0.9141565748031496
0
LINE
8
BLACK
6
CONTINUOUS
10
0.0914805905511811
20
-0.9141565748031496
11
0.0958706299212598
21
-0.9163934251968504
0
LINE
8
BLACK
6
CONTINUOUS
10
0.0958706299212598
20
-0.9163934251968504
11
0.0993546062992126
21
-0.9198774015748031
0
LINE
8
BLACK
6
CONTINUOUS
10
0.0993546062992126
20
-0.9198774015748031
11
0.1015914566929134
21
-0.9242674409448819
0
LINE
8
BLACK
6
CONTINUOUS
10
0.1015914566929134
20
-0.9242674409448819
11
0.1023622047244094
21
-0.9291338582677166
0
LINE
8
BLACK
6
CONTINUOUS
10
0.1023622047244094
20
-0.9291338582677166
11
0.1015914566929134
21
-0.9340002755905512
0
LINE
8
BLACK
6
CONTINUOUS
10
0.1015914566929134
20
-0.9340002755905512
11
0.0993546062992126
21
-0.9383903149606299
0
LINE
8
BLACK
6
CONTINUOUS
10
0.0993546062992126
20
-0.9383903149606299
11
0.0958706299212598
21
-0.9418742913385827
0
LINE
8
BLACK
6
CONTINUOUS
10
0.0958706299212598
20
-0.9418742913385827
11
0.0914805905511811
21
-0.9441111417322834
0
LINE
8
BLACK
6
CONTINUOUS
10
0.0914805905511811
20
-0.9441111417322834
11
0.0866141732283465
21
-0.9448818897637795
0
LINE
8
BLACK
6
CONTINUOUS
10
0.0866141732283465
20
-0.9448818897637795
11
0.0817477559055118
21
-0.9441111417322834
0
LINE
8
BLACK
6
CONTINUOUS
10
0.0817477559055118
20
-0.9441111417322834
11
0.0773577165354331
21
-0.9418742913385827
0
LINE
8
BLACK
6
CONTINUOUS
10
0.0773577165354331
20
-0.9418742913385827
11
0.0738737401574803
21
-0.9383903149606299
0
LINE
8
BLACK
6
CONTINUOUS
10
0.0738737401574803
20
-0.9383903149606299
11
0.0737711417322835
21
-0.9381889763779527
0
LINE
8
BLACK
6
CONTINUOUS
10
0.0737711417322835
20
-0.9381889763779527
11
-0.3738188976377952
21
-0.9381889763779527
0
LINE
8
BLACK
6
CONTINUOUS
10
-0.3738188976377952
20
-0.9381889763779527
11
-0.3747789763779528
21
-0.9380944094488188
0
LINE
8
BLACK
6
CONTINUOUS
10
-0.3747789763779528
20
-0.9380944094488188
11
-0.3747790157480315
21
-0.9380944094488188
0
LINE
8
BLACK
6
CONTINUOUS
10
-0.3747790157480315
20
-0.9380944094488188
11
-0.3765529921259843
21
-0.9373596062992126
0
LINE
8
BLACK
6
CONTINUOUS
10
-0.3765529921259843
20
-0.9373596062992126
11
-0.3772987401574803
21
-0.9367475984251968
0
LINE
8
BLACK
6
CONTINUOUS
10
-0.3772987401574803
20
-0.9367475984251968
11
-0.6044006299212599
21
-0.7096456692913385
0
LINE
8
BLACK
6
CONTINUOUS
10
-0.6044006299212599
20
-0.7096456692913385
11
-0.9094488188976377
21
-0.7096456692913385
0
LINE
8
BLACK
6
CONTINUOUS
10
-0.9094488188976377
20
-0.7096456692913385
11
-0.9104088976377952
21
-0.7095511023622048
0
LINE
8
BLACK
6
CONTINUOUS
10
-0.9104088976377952
20
-0.7095511023622048
11
-0.910408937007874
21
-0.7095511023622048
0
LINE
8
BLACK
6
CONTINUOUS
10
-0.910408937007874
20
-0.7095511023622048
11
-0.9109285433070866
21
-0.7093358661417323
0
LINE
8
BLACK
6
CONTINUOUS
10
-0.9109285433070866
20
-0.7093358661417323
11
-0.9121829133858268
21
-0.7088162992125984
0
LINE
8
BLACK
6
CONTINUOUS
10
-0.9121829133858268
20
-0.7088162992125984
11
-0.9121831496062992
21
-0.708816062992126
0
LINE
8
BLACK
6
CONTINUOUS
10
-0.9121831496062992
20
-0.708816062992126
11
-0.9129286614173228
21
-0.7082042519685039
0
LINE
8
BLACK
6
CONTINUOUS
10
-0.9129286614173228
20
-0.7082042519685039
11
-0.9339909448818897
21
-0.6871419685039369
0
LINE
8
BLACK
6
CONTINUOUS
10
-0.9339909448818897
20
-0.6871419685039369
11
-0.9360784645669291
21
-0.6882056299212598
0
LINE
8
BLACK
6
CONTINUOUS
10
-0.9360784645669291
20
-0.6882056299212598
11
-0.9409448818897638
21
-0.6889763779527559
0
LINE
8
BLACK
6
CONTINUOUS
10
-0.9409448818897638
20
-0.6889763779527559
11
-0.9458112992125984
21
-0.6882056299212598
0
LINE
8
BLACK
6
CONTINUOUS
10
-0.9458112992125984
20
-0.6882056299212598
11
-0.9502013385826772
21
-0.6859687795275591
0
LINE
8
BLACK
6
CONTINUOUS
10
-0.9502013385826772
20
-0.6859687795275591
11
-0.9536853149606299
21
-0.6824848031496062
0
LINE
8
BLACK
6
CONTINUOUS
10
-0.9536853149606299
20
-0.6824848031496062
11
-0.9559221653543307
21
-0.6780947637795276
0
LINE
8
BLACK
6
CONTINUOUS
10
-0.9559221653543307
20
-0.6780947637795276
11
-0.9566929133858267
21
-0.6732283464566929
0
LINE
8
BLACK
6
CONTINUOUS
10
-0.9566929133858267
20
-0.6732283464566929
11
-0.9559221653543307
21
-0.6683619291338583
0
LINE
8
BLACK
6
CONTINUOUS
10
-0.9559221653543307
20
-0.6683619291338583
11
-0.9536853149606299
21
-0.6639718897637795
0
LINE
8
BLACK
6
CONTINUOUS
10
-0.9536853149606299
20
-0.6639718897637795
11
-0.9502013385826772
21
-0.6604879133858268
0
LINE
8
BLACK
6
CONTINUOUS
10
-0.9502013385826772
20
-0.6604879133858268
11
-0.9458112992125984
21
-0.658251062992126
0
LINE
8
BLACK
6
CONTINUOUS
10
-0.9458112992125984
20
-0.658251062992126
11
-0.9409448818897638
21
-0.6574803149606299
0
LINE
8
BLACK
6
CONTINUOUS
10
-0.9409448818897638
20
-0.6574803149606299
11
-0.9360784645669291
21
-0.658251062992126
0
LINE
8
BLACK
6
CONTINUOUS
10
0.5363624803149606
20
-0.7645502755905511
11
0.5407525196850393
21
-0.7667871259842519
0
LINE
8
BLACK
6
CONTINUOUS
10
0.5407525196850393
20
-0.7667871259842519
11
0.5442364960629921
21
-0.7702711023622048
0
LINE
8
BLACK
6
CONTINUOUS
10
0.5442364960629921
20
-0.7702711023622048
11
0.5464733464566929
21
-0.7746611417322834
0
LINE
8
BLACK
6
CONTINUOUS
10
0.5464733464566929
20
-0.7746611417322834
11
0.547244094488189
21
-0.7795275590551181
0
LINE
8
BLACK
6
CONTINUOUS
10
0.547244094488189
20
-0.7795275590551181
11
0.5464733464566929
21
-0.7843939763779527
0
LINE
8
BLACK
6
CONTINUOUS
10
0.5464733464566929
20
-0.7843939763779527
11
0.5442364960629921
21
-0.7887840157480315
0
LINE
8
BLACK
6
CONTINUOUS
10
0.5442364960629921
20
-0.7887840157480315
11
0.5407525196850393
21
-0.7922679921259842
0
LINE
8
BLACK
6
CONTINUOUS
10
0.5407525196850393
20
-0.7922679921259842
11
0.5364173228346456
21
-0.7944768897637795
0
LINE
8
BLACK
6
CONTINUOUS
10
0.5364173228346456
20
-0.7944768897637795
11
0.5364173228346456
21
-0.8149606299212598
0
LINE
8
BLACK
6
CONTINUOUS
10
0.5364173228346456
20
-0.8149606299212598
11
0.5363227559055118
21
-0.8159207086614173
0
LINE
8
BLACK
6
CONTINUOUS
10
0.5363227559055118
20
-0.8159207086614173
11
0.5363227559055118
21
-0.8159207480314961
0
LINE
8
BLACK
6
CONTINUOUS
10
0.5363227559055118
20
-0.8159207480314961
11
0.5361075196850393
21
-0.8164403149606299
0
LINE
8
BLACK
6
CONTINUOUS
10
0.5361075196850393
20
-0.8164403149606299
11
0.5355879527559055
21
-0.8176947244094488
0
LINE
8
BLACK
6
CONTINUOUS
10
0.5355879527559055
20
-0.8176947244094488
11
0.535587716535433
21
-0.8176949212598426
0
LINE
8
BLACK
6
CONTINUOUS
10
0.535587716535433
20
-0.8176949212598426
11
0.534975905511811
21
-0.8184404724409449
0
LINE
8
BLACK
6
CONTINUOUS
10
0.534975905511811
20
-0.8184404724409449
11
0.4798577952755905
21
-0.8735585826771654
0
LINE
8
BLACK
6
CONTINUOUS
10
0.4798577952755905
20
-0.8735585826771654
11
0.4791122440944882
21
-0.8741703937007874
0
LINE
8
BLACK
6
CONTINUOUS
10
0.4791122440944882
20
-0.8741703937007874
11
0.4791120472440945
21
-0.8741706299212598
0
LINE
8
BLACK
6
CONTINUOUS
10
0.4791120472440945
20
-0.8741706299212598
11
0.4778576377952756
21
-0.8746901968503937
0
LINE
8
BLACK
6
CONTINUOUS
10
0.4778576377952756
20
-0.8746901968503937
11
0.4773380708661417
21
-0.8749054330708661
0
LINE
8
BLACK
6
CONTINUOUS
10
0.4773380708661417
20
-0.8749054330708661
11
0.477338031496063
21
-0.8749054330708661
0
LINE
8
BLACK
6
CONTINUOUS
10
0.477338031496063
20
-0.8749054330708661
11
0.4763779527559055
21
-0.875
0
LINE
8
BLACK
6
CONTINUOUS
10
0.4763779527559055
20
-0.875
11
-0.1262090551181102
21
-0.875
0
LINE
8
BLACK
6
CONTINUOUS
10
-0.1262090551181102
20
-0.875
11
-0.1268144881889764
21
-0.8788226771653543
0
LINE
8
BLACK
6
CONTINUOUS
10
-0.1268144881889764
20
-0.8788226771653543
11
-0.1290513385826772
21
-0.8832127165354331
0
LINE
8
BLACK
6
CONTINUOUS
10
-0.1290513385826772
20
-0.8832127165354331
11
-0.1325353149606299
21
-0.8866966929133858
0
LINE
8
BLACK
6
CONTINUOUS
10
-0.1325353149606299
20
-0.8866966929133858
11
-0.1369253543307087
21
-0.8889335433070866
0
LINE
8
BLACK
6
CONTINUOUS
10
-0.1369253543307087
20
-0.8889335433070866
11
-0.1417917716535433
21
-0.8897042913385826
0
LINE
8
BLACK
6
CONTINUOUS
10
-0.1417917716535433
20
-0.8897042913385826
11
-0.1466581889763779
21
-0.8889335433070866
0
LINE
8
BLACK
6
CONTINUOUS
10
-0.1466581889763779
20
-0.8889335433070866
11
-0.1510482283464567
21
-0.8866966929133858
0
LINE
8
BLACK
6
CONTINUOUS
10
-0.1510482283464567
20
-0.8866966929133858
11
-0.1545322047244095
21
-0.8832127165354331
0
LINE
8
BLACK
6
CONTINUOUS
10
-0.1545322047244095
20
-0.8832127165354331
11
-0.1567690551181102
21
-0.8788226771653543
0
LINE
8
BLACK
6
CONTINUOUS
10
-0.1567690551181102
20
-0.8788226771653543
11
-0.1573744881889764
21
-0.875
0
LINE
8
BLACK
6
CONTINUOUS
10
-0.1573744881889764
20
-0.875
11
-0.3799212598425197
21
-0.875
0
LINE
8
BLACK
6
CONTINUOUS
10
-0.3799212598425197
20
-0.875
11
-0.3808813385826771
21
-0.8749054330708661
0
LINE
8
BLACK
6
CONTINUOUS
10
-0.3808813385826771
20
-0.8749054330708661
11
-0.3808813779527559
21
-0.8749054330708661
0
LINE
8
BLACK
6
CONTINUOUS
10
-0.3808813779527559
20
-0.8749054330708661
11
-0.3816161811023622
21
-0.8746010236220472
0
LINE
8
BLACK
6
CONTINUOUS
10
-0.3816161811023622
20
-0.8746010236220472
11
-0.3826553543307086
21
-0.8741706299212598
0
LINE
8
BLACK
6
CONTINUOUS
10
-0.3826553543307086
20
-0.8741706299212598
11
-0.3826553937007874
21
-0.8741705905511811
0
LINE
8
BLACK
6
CONTINUOUS
10
-0.3826553937007874
20
-0.8741705905511811
11
-0.3834011023622047
21
-0.8735585826771654
0
LINE
8
BLACK
6
CONTINUOUS
10
-0.3834011023622047
20
-0.8735585826771654
11
-0.4084003937007874
21
-0.8485592913385827
0
LINE
8
BLACK
6
CONTINUOUS
10
-0.4084003937007874
20
-0.8485592913385827
11
-0.4104879133858267
21
-0.8496229527559055
0
LINE
8
BLACK
6
CONTINUOUS
10
-0.4104879133858267
20
-0.8496229527559055
11
-0.4153543307086614
21
-0.8503937007874015
0
LINE
8
BLACK
6
CONTINUOUS
10
-0.4153543307086614
20
-0.8503937007874015
11
-0.4202207480314961
21
-0.8496229527559055
0
LINE
8
BLACK
6
CONTINUOUS
10
-0.4202207480314961
20
-0.8496229527559055
11
-0.4246107874015748
21
-0.8473861023622047
0
LINE
8
BLACK
6
CONTINUOUS
10
-0.4246107874015748
20
-0.8473861023622047
11
-0.4280947637795275
21
-0.843902125984252
0
LINE
8
BLACK
6
CONTINUOUS
10
-0.4280947637795275
20
-0.843902125984252
11
-0.4303316141732283
21
-0.8395120866141732
0
LINE
8
BLACK
6
CONTINUOUS
10
-0.4303316141732283
20
-0.8395120866141732
11
-0.4311023622047244
21
-0.8346456692913385
0
LINE
8
BLACK
6
CONTINUOUS
10
-0.4311023622047244
20
-0.8346456692913385
11
-0.4303316141732283
21
-0.8297792519685039
0
LINE
8
BLACK
6
CONTINUOUS
10
-0.4303316141732283
20
-0.8297792519685039
11
-0.4280947637795275
21
-0.8253892125984251
0
LINE
8
BLACK
6
CONTINUOUS
10
-0.4280947637795275
20
-0.8253892125984251
11
-0.4246107874015748
21
-0.8219052362204724
0
LINE
8
BLACK
6
CONTINUOUS
10
-0.4246107874015748
20
-0.8219052362204724
11
-0.4202207480314961
21
-0.8196683858267716
0
LINE
8
BLACK
6
CONTINUOUS
10
-0.4202207480314961
20
-0.8196683858267716
11
-0.4153543307086614
21
-0.8188976377952756
0
LINE
8
BLACK
6
CONTINUOUS
10
-0.4153543307086614
20
-0.8188976377952756
11
-0.4104879133858267
21
-0.8196683858267716
0
LINE
8
BLACK
6
CONTINUOUS
10
-0.4104879133858267
20
-0.8196683858267716
11
-0.406097874015748
21
-0.8219052362204724
0
LINE
8
BLACK
6
CONTINUOUS
10
-0.406097874015748
20
-0.8219052362204724
11
-0.4026138976377953
21
-0.8253892125984251
0
LINE
8
BLACK
6
CONTINUOUS
10
-0.4026138976377953
20
-0.8253892125984251
11
-0.4003770472440945
21
-0.8297792519685039
0
LINE
8
BLACK
6
CONTINUOUS
10
-0.4003770472440945
20
-0.8297792519685039
11
-0.3996062992125984
21
-0.8346456692913385
0
LINE
8
BLACK
6
CONTINUOUS
10
-0.3996062992125984
20
-0.8346456692913385
11
-0.4003770472440945
21
-0.8395120866141732
0
LINE
8
BLACK
6
CONTINUOUS
10
-0.4003770472440945
20
-0.8395120866141732
11
-0.4014407086614173
21
-0.8415996062992126
0
LINE
8
BLACK
6
CONTINUOUS
10
-0.4014407086614173
20
-0.8415996062992126
11
-0.3778828346456693
21
-0.8651574803149606
0
LINE
8
BLACK
6
CONTINUOUS
10
-0.3778828346456693
20
-0.8651574803149606
11
-0.1547653937007874
21
-0.8651574803149606
0
LINE
8
BLACK
6
CONTINUOUS
10
-0.1547653937007874
20
-0.8651574803149606
11
-0.1545322047244095
21
-0.8646998031496063
0
LINE
8
BLACK
6
CONTINUOUS
10
-0.1545322047244095
20
-0.8646998031496063
11
-0.1510482283464567
21
-0.8612158267716535
0
LINE
8
BLACK
6
CONTINUOUS
10
-0.1510482283464567
20
-0.8612158267716535
11
-0.1466581889763779
21
-0.8589789763779527
0
LINE
8
BLACK
6
CONTINUOUS
10
-0.1466581889763779
20
-0.8589789763779527
11
-0.1417917716535433
21
-0.8582082283464567
0
LINE
8
BLACK
6
CONTINUOUS
10
-0.1417917716535433
20
-0.8582082283464567
11
-0.1369253543307087
21
-0.8589789763779527
0
LINE
8
BLACK
6
CONTINUOUS
10
-0.1369253543307087
20
-0.8589789763779527
11
-0.1325353149606299
21
-0.8612158267716535
0
LINE
8
BLACK
6
CONTINUOUS
10
-0.1325353149606299
20
-0.8612158267716535
11
-0.1290513385826772
21
-0.8646998031496063
0
LINE
8
BLACK
6
CONTINUOUS
10
-0.1290513385826772
20
-0.8646998031496063
11
-0.1288181496062992
21
-0.8651574803149606
0
LINE
8
BLACK
6
CONTINUOUS
10
-0.1288181496062992
20
-0.8651574803149606
11
0.4743395275590551
21
-0.8651574803149606
0
LINE
8
BLACK
6
CONTINUOUS
10
0.4743395275590551
20
-0.8651574803149606
11
0.5265748031496063
21
-0.8129222047244095
0
LINE
8
BLACK
6
CONTINUOUS
10
0.5265748031496063
20
-0.8129222047244095
11
0.5265748031496063
21
-0.7944768897637795
0
LINE
8
BLACK
6
CONTINUOUS
10
0.5265748031496063
20
-0.7944768897637795
11
0.5222396062992126
21
-0.7922679921259842
0
LINE
8
BLACK
6
CONTINUOUS
10
0.5222396062992126
20
-0.7922679921259842
11
0.5187556299212598
21
-0.7887840157480315
0
LINE
8
BLACK
6
CONTINUOUS
10
0.5187556299212598
20
-0.7887840157480315
11
0.5165187795275591
21
-0.7843939763779527
0
LINE
8
BLACK
6
CONTINUOUS
10
0.5165187795275591
20
-0.7843939763779527
11
0.515748031496063
21
-0.7795275590551181
0
LINE
8
BLACK
6
CONTINUOUS
10
0.515748031496063
20
-0.7795275590551181
11
0.5165187795275591
21
-0.7746611417322834
0
LINE
8
BLACK
6
CONTINUOUS
10
0.5165187795275591
20
-0.7746611417322834
11
0.5187556299212598
21
-0.7702711023622048
0
LINE
8
BLACK
6
CONTINUOUS
10
0.5187556299212598
20
-0.7702711023622048
11
0.5222396062992126
21
-0.7667871259842519
0
LINE
8
BLACK
6
CONTINUOUS
10
0.5222396062992126
20
-0.7667871259842519
11
0.5266296456692914
21
-0.7645502755905511
0
LINE
8
BLACK
6
CONTINUOUS
10
0.5266296456692914
20
-0.7645502755905511
11
0.5314960629921259
21
-0.7637795275590551
0
LINE
8
BLACK
6
CONTINUOUS
10
0.5314960629921259
20
-0.7637795275590551
11
0.5363624803149606
21
-0.7645502755905511
0
LINE
8
BLACK
6
CONTINUOUS
10
-0.4803698031496063
20
-0.7382904330708662
11
-0.4759797637795276
21
-0.7405272834645669
0
LINE
8
BLACK
6
CONTINUOUS
10
-0.4759797637795276
20
-0.7405272834645669
11
-0.4724957874015748
21
-0.7440112598425197
0
LINE
8
BLACK
6
CONTINUOUS
10
-0.4724957874015748
20
-0.7440112598425197
11
-0.4702868897637795
21
-0.7483464566929133
0
LINE
8
BLACK
6
CONTINUOUS
10
-0.4702868897637795
20
-0.7483464566929133
11
-0.4152362204724409
21
-0.7483464566929133
0
LINE
8
BLACK
6
CONTINUOUS
10
-0.4152362204724409
20
-0.7483464566929133
11
-0.4142761417322834
21
-0.7484410236220472
0
LINE
8
BLACK
6
CONTINUOUS
10
-0.4142761417322834
20
-0.7484410236220472
11
-0.4142761023622047
21
-0.7484410236220472
0
LINE
8
BLACK
6
CONTINUOUS
10
-0.4142761023622047
20
-0.7484410236220472
11
-0.4137565354330708
21
-0.748656220472441
0
LINE
8
BLACK
6
CONTINUOUS
10
-0.4137565354330708
20
-0.748656220472441
11
-0.412502125984252
21
-0.7491758267716535
0
LINE
8
BLACK
6
CONTINUOUS
10
-0.412502125984252
20
-0.7491758267716535
11
-0.4125019291338582
21
-0.7491760236220473
0
LINE
8
BLACK
6
CONTINUOUS
10
-0.4125019291338582
20
-0.7491760236220473
11
-0.4117563779527559
21
-0.749787874015748
0
LINE
8
BLACK
6
CONTINUOUS
10
-0.4117563779527559
20
-0.749787874015748
11
-0.3431977559055118
21
-0.8183464566929134
0
LINE
8
BLACK
6
CONTINUOUS
10
-0.3431977559055118
20
-0.8183464566929134
11
-0.2202323622047244
21
-0.8183464566929134
0
LINE
8
BLACK
6
CONTINUOUS
10
-0.2202323622047244
20
-0.8183464566929134
11
-0.2197016929133858
21
-0.8149957874015747
0
LINE
8
BLACK
6
CONTINUOUS
10
-0.2197016929133858
20
-0.8149957874015747
11
-0.217464842519685
21
-0.8106057480314961
0
LINE
8
BLACK
6
CONTINUOUS
10
-0.217464842519685
20
-0.8106057480314961
11
-0.2139808661417323
21
-0.8071217716535433
0
LINE
8
BLACK
6
CONTINUOUS
10
-0.2139808661417323
20
-0.8071217716535433
11
-0.2095908267716535
21
-0.8048849212598425
0
LINE
8
BLACK
6
CONTINUOUS
10
-0.2095908267716535
20
-0.8048849212598425
11
-0.2047244094488189
21
-0.8041141732283464
0
LINE
8
BLACK
6
CONTINUOUS
10
-0.2047244094488189
20
-0.8041141732283464
11
-0.1998579921259842
21
-0.8048849212598425
0
LINE
8
BLACK
6
CONTINUOUS
10
-0.1998579921259842
20
-0.8048849212598425
11
-0.1954679527559055
21
-0.8071217716535433
0
LINE
8
BLACK
6
CONTINUOUS
10
-0.1954679527559055
20
-0.8071217716535433
11
-0.1919839763779528
21
-0.8106057480314961
0
LINE
8
BLACK
6
CONTINUOUS
10
-0.1919839763779528
20
-0.8106057480314961
11
-0.189747125984252
21
-0.8149957874015747
0
LINE
8
BLACK
6
CONTINUOUS
10
-0.189747125984252
20
-0.8149957874015747
11
-0.1892164566929134
21
-0.8183464566929134
0
LINE
8
BLACK
6
CONTINUOUS
10
-0.1892164566929134
20
-0.8183464566929134
11
0.2937686614173228
21
-0.8183464566929134
0
LINE
8
BLACK
6
CONTINUOUS
10
0.2937686614173228
20
-0.8183464566929134
11
0.3301303937007874
21
-0.7819847244094488
0
LINE
8
BLACK
6
CONTINUOUS
10
0.3301303937007874
20
-0.7819847244094488
11
0.330875905511811
21
-0.7813728740157481
0
LINE
8
BLACK
6
CONTINUOUS
10
0.330875905511811
20
-0.7813728740157481
11
0.3308761417322835
21
-0.7813726771653543
0
LINE
8
BLACK
6
CONTINUOUS
10
0.3308761417322835
20
-0.7813726771653543
11
0.3321305118110236
21
-0.7808530708661418
0
LINE
8
BLACK
6
CONTINUOUS
10
0.3321305118110236
20
-0.7808530708661418
11
0.3326501181102362
21
-0.780637874015748
0
LINE
8
BLACK
6
CONTINUOUS
10
0.3326501181102362
20
-0.780637874015748
11
0.332650157480315
21
-0.780637874015748
0
LINE
8
BLACK
6
CONTINUOUS
10
0.332650157480315
20
-0.780637874015748
11
0.3336102362204724
21
-0.7805433070866141
0
LINE
8
BLACK
6
CONTINUOUS
10
0.3336102362204724
20
-0.7805433070866141
11
0.4594916141732283
21
-0.7805433070866141
0
LINE
8
BLACK
6
CONTINUOUS
10
0.4594916141732283
20
-0.7805433070866141
11
0.4617005118110236
21
-0.7762081102362205
0
LINE
8
BLACK
6
CONTINUOUS
10
0.4617005118110236
20
-0.7762081102362205
11
0.4651844881889763
21
-0.7727241338582677
0
LINE
8
BLACK
6
CONTINUOUS
10
0.4651844881889763
20
-0.7727241338582677
11
0.4695745275590551
21
-0.770487283464567
0
LINE
8
BLACK
6
CONTINUOUS
10
0.4695745275590551
20
-0.770487283464567
11
0.4744409448818898
21
-0.7697165354330708
0
LINE
8
BLACK
6
CONTINUOUS
10
0.4744409448818898
20
-0.7697165354330708
11
0.4793073622047244
21
-0.770487283464567
0
LINE
8
BLACK
6
CONTINUOUS
10
0.4793073622047244
20
-0.770487283464567
11
0.4836974015748031
21
-0.7727241338582677
0
LINE
8
BLACK
6
CONTINUOUS
10
0.4836974015748031
20
-0.7727241338582677
11
0.4871813779527559
21
-0.7762081102362205
0
LINE
8
BLACK
6
CONTINUOUS
10
0.4871813779527559
20
-0.7762081102362205
11
0.4894182283464567
21
-0.7805981496062991
0
LINE
8
BLACK
6
CONTINUOUS
10
0.4894182283464567
20
-0.7805981496062991
11
0.4901889763779527
21
-0.7854645669291338
0
LINE
8
BLACK
6
CONTINUOUS
10
0.4901889763779527
20
-0.7854645669291338
11
0.4894182283464567
21
-0.7903309842519685
0
LINE
8
BLACK
6
CONTINUOUS
10
0.4894182283464567
20
-0.7903309842519685
11
0.4871813779527559
21
-0.7947210236220472
0
LINE
8
BLACK
6
CONTINUOUS
10
0.4871813779527559
20
-0.7947210236220472
11
0.4836974015748031
21
-0.7982049999999999
0
LINE
8
BLACK
6
CONTINUOUS
10
0.4836974015748031
20
-0.7982049999999999
11
0.4793073622047244
21
-0.8004418503937007
0
LINE
8
BLACK
6
CONTINUOUS
10
0.4793073622047244
20
-0.8004418503937007
11
0.4744409448818898
21
-0.8012125984251969
0
LINE
8
BLACK
6
CONTINUOUS
10
0.4744409448818898
20
-0.8012125984251969
11
0.4695745275590551
21
-0.8004418503937007
0
LINE
8
BLACK
6
CONTINUOUS
10
0.4695745275590551
20
-0.8004418503937007
11
0.4651844881889763
21
-0.7982049999999999
0
LINE
8
BLACK
6
CONTINUOUS
10
0.4651844881889763
20
-0.7982049999999999
11
0.4617005118110236
21
-0.7947210236220472
0
LINE
8
BLACK
6
CONTINUOUS
10
0.4617005118110236
20
-0.7947210236220472
11
0.4594916141732283
21
-0.7903858267716535
0
LINE
8
BLACK
6
CONTINUOUS
10
0.4594916141732283
20
-0.7903858267716535
11
0.3356486614173228
21
-0.7903858267716535
0
LINE
8
BLACK
6
CONTINUOUS
10
0.3356486614173228
20
-0.7903858267716535
11
0.2992869291338582
21
-0.8267475590551181
0
LINE
8
BLACK
6
CONTINUOUS
10
0.2992869291338582
20
-0.8267475590551181
11
0.2985413779527559
21
-0.8273593700787402
0
LINE
8
BLACK
6
CONTINUOUS
10
0.2985413779527559
20
-0.8273593700787402
11
0.2985411811023622
21
-0.8273596062992126
0
LINE
8
BLACK
6
CONTINUOUS
10
0.2985411811023622
20
-0.8273596062992126
11
0.2972867716535433
21
-0.8278791732283465
0
LINE
8
BLACK
6
CONTINUOUS
10
0.2972867716535433
20
-0.8278791732283465
11
0.2967672047244094
21
-0.8280944094488188
0
LINE
8
BLACK
6
CONTINUOUS
10
0.2967672047244094
20
-0.8280944094488188
11
0.2967671653543307
21
-0.8280944094488188
0
LINE
8
BLACK
6
CONTINUOUS
10
0.2967671653543307
20
-0.8280944094488188
11
0.2958070866141732
21
-0.8281889763779527
0
LINE
8
BLACK
6
CONTINUOUS
10
0.2958070866141732
20
-0.8281889763779527
11
-0.1915102755905512
21
-0.8281889763779527
0
LINE
8
BLACK
6
CONTINUOUS
10
-0.1915102755905512
20
-0.8281889763779527
11
-0.1919839763779528
21
-0.8291186614173228
0
LINE
8
BLACK
6
CONTINUOUS
10
-0.1919839763779528
20
-0.8291186614173228
11
-0.1954679527559055
21
-0.8326026377952755
0
LINE
8
BLACK
6
CONTINUOUS
10
-0.1954679527559055
20
-0.8326026377952755
11
-0.1998579921259842
21
-0.8348394881889764
0
LINE
8
BLACK
6
CONTINUOUS
10
-0.1998579921259842
20
-0.8348394881889764
11
-0.2047244094488189
21
-0.8356102362204724
0
LINE
8
BLACK
6
CONTINUOUS
10
-0.2047244094488189
20
-0.8356102362204724
11
-0.2095908267716535
21
-0.8348394881889764
0
LINE
8
BLACK
6
CONTINUOUS
10
-0.2095908267716535
20
-0.8348394881889764
11
-0.2139808661417323
21
-0.8326026377952755
0
LINE
8
BLACK
6
CONTINUOUS
10
-0.2139808661417323
20
-0.8326026377952755
11
-0.217464842519685
21
-0.8291186614173228
0
LINE
8
BLACK
6
CONTINUOUS
10
-0.217464842519685
20
-0.8291186614173228
11
-0.2179385433070866
21
-0.8281889763779527
0
LINE
8
BLACK
6
CONTINUOUS
10
-0.2179385433070866
20
-0.8281889763779527
11
-0.345236220472441
21
-0.8281889763779527
0
LINE
8
BLACK
6
CONTINUOUS
10
-0.345236220472441
20
-0.8281889763779527
11
-0.3461962992125984
21
-0.8280944094488188
0
LINE
8
BLACK
6
CONTINUOUS
10
-0.3461962992125984
20
-0.8280944094488188
11
-0.3479703149606299
21
-0.8273596062992126
0
LINE
8
BLACK
6
CONTINUOUS
10
-0.3479703149606299
20
-0.8273596062992126
11
-0.3479703543307087
21
-0.8273595669291338
0
LINE
8
BLACK
6
CONTINUOUS
10
-0.3479703543307087
20
-0.8273595669291338
11
-0.348716062992126
21
-0.8267475984251969
0
LINE
8
BLACK
6
CONTINUOUS
10
-0.348716062992126
20
-0.8267475984251969
11
-0.4172746456692913
21
-0.7581889763779527
0
LINE
8
BLACK
6
CONTINUOUS
10
-0.4172746456692913
20
-0.7581889763779527
11
-0.4702868897637795
21
-0.7581889763779527
0
LINE
8
BLACK
6
CONTINUOUS
10
-0.4702868897637795
20
-0.7581889763779527
11
-0.4724957874015748
21
-0.7625241732283464
0
LINE
8
BLACK
6
CONTINUOUS
10
-0.4724957874015748
20
-0.7625241732283464
11
-0.4759797637795276
21
-0.7660081496062991
0
LINE
8
BLACK
6
CONTINUOUS
10
-0.4759797637795276
20
-0.7660081496062991
11
-0.4803698031496063
21
-0.768245
0
LINE
8
BLACK
6
CONTINUOUS
10
-0.4803698031496063
20
-0.768245
11
-0.4852362204724409
21
-0.7690157480314961
0
LINE
8
BLACK
6
CONTINUOUS
10
-0.4852362204724409
20
-0.7690157480314961
11
-0.4901026377952756
21
-0.768245
0
LINE
8
BLACK
6
CONTINUOUS
10
-0.4901026377952756
20
-0.768245
11
-0.4944926771653543
21
-0.7660081496062991
0
LINE
8
BLACK
6
CONTINUOUS
10
-0.4944926771653543
20
-0.7660081496062991
11
-0.4979766535433071
21
-0.7625241732283464
0
LINE
8
BLACK
6
CONTINUOUS
10
-0.4979766535433071
20
-0.7625241732283464
11
-0.5002135039370078
21
-0.7581341338582677
0
LINE
8
BLACK
6
CONTINUOUS
10
-0.5002135039370078
20
-0.7581341338582677
11
-0.5009842519685039
21
-0.753267716535433
0
LINE
8
BLACK
6
CONTINUOUS
10
-0.5009842519685039
20
-0.753267716535433
11
-0.5002135039370078
21
-0.7484012992125985
0
LINE
8
BLACK
6
CONTINUOUS
10
-0.5002135039370078
20
-0.7484012992125985
11
-0.4979766535433071
21
-0.7440112598425197
0
LINE
8
BLACK
6
CONTINUOUS
10
-0.4979766535433071
20
-0.7440112598425197
11
-0.4944926771653543
21
-0.7405272834645669
0
LINE
8
BLACK
6
CONTINUOUS
10
-0.4944926771653543
20
-0.7405272834645669
11
-0.4901026377952756
21
-0.7382904330708662
0
LINE
8
BLACK
6
CONTINUOUS
10
-0.4901026377952756
20
-0.7382904330708662
11
-0.4852362204724409
21
-0.73751968503937
0
LINE
8
BLACK
6
CONTINUOUS
10
-0.4852362204724409
20
-0.73751968503937
11
-0.4803698031496063
21
-0.7382904330708662
0
LINE
8
BLACK
6
CONTINUOUS
10
-1.0069446062992127
20
0.5582843700787401
11
-1.0025545669291338
21
0.5560475196850394
0
LINE
8
BLACK
6
CONTINUOUS
10
-1.0025545669291338
20
0.5560475196850394
11
-0.9990705905511811
21
0.5525635433070866
0
LINE
8
BLACK
6
CONTINUOUS
10
-0.9990705905511811
20
0.5525635433070866
11
-0.9968337401574803
21
0.5481735039370078
0
LINE
8
BLACK
6
CONTINUOUS
10
-0.9968337401574803
20
0.5481735039370078
11
-0.9960629921259843
21
0.5433070866141733
0
LINE
8
BLACK
6
CONTINUOUS
10
-0.9960629921259843
20
0.5433070866141733
11
-0.9968337401574803
21
0.5384406692913386
0
LINE
8
BLACK
6
CONTINUOUS
10
-0.9968337401574803
20
0.5384406692913386
11
-0.9978974015748031
21
0.5363531496062992
0
LINE
8
BLACK
6
CONTINUOUS
10
-0.9978974015748031
20
0.5363531496062992
11
-0.6894335433070866
21
0.2278892913385827
0
LINE
8
BLACK
6
CONTINUOUS
10
-0.6894335433070866
20
0.2278892913385827
11
-0.6888217322834645
21
0.227143779527559
0
LINE
8
BLACK
6
CONTINUOUS
10
-0.6888217322834645
20
0.227143779527559
11
-0.6888214960629921
21
0.2271435433070866
0
LINE
8
BLACK
6
CONTINUOUS
10
-0.6888214960629921
20
0.2271435433070866
11
-0.6880866929133858
21
0.2253695275590551
0
LINE
8
BLACK
6
CONTINUOUS
10
-0.6880866929133858
20
0.2253695275590551
11
-0.687992125984252
21
0.2244094488188976
0
LINE
8
BLACK
6
CONTINUOUS
10
-0.687992125984252
20
0.2244094488188976
11
-0.687992125984252
21
-0.448497125984252
0
LINE
8
BLACK
6
CONTINUOUS
10
-0.687992125984252
20
-0.448497125984252
11
-0.3500719291338583
21
-0.7864173228346456
0
LINE
8
BLACK
6
CONTINUOUS
10
-0.3500719291338583
20
-0.7864173228346456
11
0.1300907874015748
21
-0.7864173228346456
0
LINE
8
BLACK
6
CONTINUOUS
10
0.1300907874015748
20
-0.7864173228346456
11
0.1322996850393701
21
-0.782082125984252
0
LINE
8
BLACK
6
CONTINUOUS
10
0.1322996850393701
20
-0.782082125984252
11
0.1357836614173228
21
-0.7785981496062993
0
LINE
8
BLACK
6
CONTINUOUS
10
0.1357836614173228
20
-0.7785981496062993
11
0.1401737007874016
21
-0.7763612992125984
0
LINE
8
BLACK
6
CONTINUOUS
10
0.1401737007874016
20
-0.7763612992125984
11
0.1450401181102362
21
-0.7755905511811023
0
LINE
8
BLACK
6
CONTINUOUS
10
0.1450401181102362
20
-0.7755905511811023
11
0.1499065354330709
21
-0.7763612992125984
0
LINE
8
BLACK
6
CONTINUOUS
10
0.1499065354330709
20
-0.7763612992125984
11
0.1542965748031496
21
-0.7785981496062993
0
LINE
8
BLACK
6
CONTINUOUS
10
0.1542965748031496
20
-0.7785981496062993
11
0.1577805511811023
21
-0.782082125984252
0
LINE
8
BLACK
6
CONTINUOUS
10
0.1577805511811023
20
-0.782082125984252
11
0.1600174015748032
21
-0.7864721653543307
0
LINE
8
BLACK
6
CONTINUOUS
10
0.1600174015748032
20
-0.7864721653543307
11
0.1607881496062992
21
-0.7913385826771653
0
LINE
8
BLACK
6
CONTINUOUS
10
0.1607881496062992
20
-0.7913385826771653
11
0.1600174015748032
21
-0.7962049999999999
0
LINE
8
BLACK
6
CONTINUOUS
10
0.1600174015748032
20
-0.7962049999999999
11
0.1577805511811023
21
-0.8005950393700787
0
LINE
8
BLACK
6
CONTINUOUS
10
0.1577805511811023
20
-0.8005950393700787
11
0.1542965748031496
21
-0.8040790157480314
0
LINE
8
BLACK
6
CONTINUOUS
10
0.1542965748031496
20
-0.8040790157480314
11
0.1499065354330709
21
-0.8063158661417322
0
LINE
8
BLACK
6
CONTINUOUS
10
0.1499065354330709
20
-0.8063158661417322
11
0.1450401181102362
21
-0.8070866141732284
0
LINE
8
BLACK
6
CONTINUOUS
10
0.1450401181102362
20
-0.8070866141732284
11
0.1401737007874016
21
-0.8063158661417322
0
LINE
8
BLACK
6
CONTINUOUS
10
0.1401737007874016
20
-0.8063158661417322
11
0.1357836614173228
21
-0.8040790157480314
0
LINE
8
BLACK
6
CONTINUOUS
10
0.1357836614173228
20
-0.8040790157480314
11
0.1322996850393701
21
-0.8005950393700787
0
LINE
8
BLACK
6
CONTINUOUS
10
0.1322996850393701
20
-0.8005950393700787
11
0.1300907874015748
21
-0.7962598425196851
0
LINE
8
BLACK
6
CONTINUOUS
10
0.1300907874015748
20
-0.7962598425196851
11
-0.3521103937007874
21
-0.7962598425196851
0
LINE
8
BLACK
6
CONTINUOUS
10
-0.3521103937007874
20
-0.7962598425196851
11
-0.3530704724409449
21
-0.7961652755905512
0
LINE
8
BLACK
6
CONTINUOUS
10
-0.3530704724409449
20
-0.7961652755905512
11
-0.3548444881889763
21
-0.7954304724409449
0
LINE
8
BLACK
6
CONTINUOUS
10
-0.3548444881889763
20
-0.7954304724409449
11
-0.3555902362204724
21
-0.7948184645669291
0
LINE
8
BLACK
6
CONTINUOUS
10
-0.3555902362204724
20
-0.7948184645669291
11
-0.6963932283464567
21
-0.4540154330708661
0
LINE
8
BLACK
6
CONTINUOUS
10
-0.6963932283464567
20
-0.4540154330708661
11
-0.6970050787401575
21
-0.4532698818897637
0
LINE
8
BLACK
6
CONTINUOUS
10
-0.6970050787401575
20
-0.4532698818897637
11
-0.6970052755905511
21
-0.4532696850393701
0
LINE
8
BLACK
6
CONTINUOUS
10
-0.6970052755905511
20
-0.4532696850393701
11
-0.6977400787401574
21
-0.4514956692913386
0
LINE
8
BLACK
6
CONTINUOUS
10
-0.6977400787401574
20
-0.4514956692913386
11
-0.6978346456692913
21
-0.4505355905511811
0
LINE
8
BLACK
6
CONTINUOUS
10
-0.6978346456692913
20
-0.4505355905511811
11
-0.6978346456692913
21
0.2223710236220472
0
LINE
8
BLACK
6
CONTINUOUS
10
-0.6978346456692913
20
0.2223710236220472
11
-1.0048570866141733
21
0.5293934645669292
0
LINE
8
BLACK
6
CONTINUOUS
10
-1.0048570866141733
20
0.5293934645669292
11
-1.0069446062992127
21
0.5283298031496063
0
LINE
8
BLACK
6
CONTINUOUS
10
-1.0069446062992127
20
0.5283298031496063
11
-1.0118110236220472
21
0.5275590551181102
0
LINE
8
BLACK
6
CONTINUOUS
10
-1.0118110236220472
20
0.5275590551181102
11
-1.0166774409448818
21
0.5283298031496063
0
LINE
8
BLACK
6
CONTINUOUS
10
-1.0166774409448818
20
0.5283298031496063
11
-1.0210674803149606
21
0.5305666535433071
0
LINE
8
BLACK
6
CONTINUOUS
10
-1.0210674803149606
20
0.5305666535433071
11
-1.0245514566929133
21
0.5340506299212598
0
LINE
8
BLACK
6
CONTINUOUS
10
-1.0245514566929133
20
0.5340506299212598
11
-1.0267883070866142
21
0.5384406692913386
0
LINE
8
BLACK
6
CONTINUOUS
10
-1.0267883070866142
20
0.5384406692913386
11
-1.0275590551181102
21
0.5433070866141733
0
LINE
8
BLACK
6
CONTINUOUS
10
-1.0275590551181102
20
0.5433070866141733
11
-1.0267883070866142
21
0.5481735039370078
0
LINE
8
BLACK
6
CONTINUOUS
10
-1.0267883070866142
20
0.5481735039370078
11
-1.0245514566929133
21
0.5525635433070866
0
LINE
8
BLACK
6
CONTINUOUS
10
-1.0245514566929133
20
0.5525635433070866
11
-1.0210674803149606
21
0.5560475196850394
0
LINE
8
BLACK
6
CONTINUOUS
10
-1.0210674803149606
20
0.5560475196850394
11
-1.0166774409448818
21
0.5582843700787401
0
LINE
8
BLACK
6
CONTINUOUS
10
-1.0166774409448818
20
0.5582843700787401
11
-1.0118110236220472
21
0.5590551181102362
0
LINE
8
BLACK
6
CONTINUOUS
10
-1.0118110236220472
20
0.5590551181102362
11
-1.0069446062992127
21
0.5582843700787401
0
LINE
8
BLACK
6
CONTINUOUS
10
-0.7277028346456693
20
-0.2299700787401575
11
-0.7233127952755906
21
-0.2322069291338583
0
LINE
8
BLACK
6
CONTINUOUS
10
-0.7233127952755906
20
-0.2322069291338583
11
-0.7198288188976378
21
-0.235690905511811
0
LINE
8
BLACK
6
CONTINUOUS
10
-0.7198288188976378
20
-0.235690905511811
11
-0.717591968503937
21
-0.2400809448818897
0
LINE
8
BLACK
6
CONTINUOUS
10
-0.717591968503937
20
-0.2400809448818897
11
-0.7168212204724409
21
-0.2449473622047244
0
LINE
8
BLACK
6
CONTINUOUS
10
-0.7168212204724409
20
-0.2449473622047244
11
-0.717591968503937
21
-0.249813779527559
0
LINE
8
BLACK
6
CONTINUOUS
10
-0.717591968503937
20
-0.249813779527559
11
-0.7198288188976378
21
-0.2542038188976378
0
LINE
8
BLACK
6
CONTINUOUS
10
-0.7198288188976378
20
-0.2542038188976378
11
-0.7233127952755906
21
-0.2576877952755905
0
LINE
8
BLACK
6
CONTINUOUS
10
-0.7233127952755906
20
-0.2576877952755905
11
-0.7277028346456693
21
-0.2599246456692914
0
LINE
8
BLACK
6
CONTINUOUS
10
-0.7277028346456693
20
-0.2599246456692914
11
-0.7325692519685039
21
-0.2606953937007874
0
LINE
8
BLACK
6
CONTINUOUS
10
-0.7325692519685039
20
-0.2606953937007874
11
-0.7374356692913385
21
-0.2599246456692914
0
LINE
8
BLACK
6
CONTINUOUS
10
-0.7374356692913385
20
-0.2599246456692914
11
-0.7418257086614173
21
-0.2576877952755905
0
LINE
8
BLACK
6
CONTINUOUS
10
-0.7418257086614173
20
-0.2576877952755905
11
-0.74530968503937
21
-0.2542038188976378
0
LINE
8
BLACK
6
CONTINUOUS
10
-0.74530968503937
20
-0.2542038188976378
11
-0.7475465354330708
21
-0.249813779527559
0
LINE
8
BLACK
6
CONTINUOUS
10
-0.7475465354330708
20
-0.249813779527559
11
-0.7483172834645669
21
-0.2449473622047244
0
LINE
8
BLACK
6
CONTINUOUS
10
-0.7483172834645669
20
-0.2449473622047244
11
-0.7475465354330708
21
-0.2400809448818897
0
LINE
8
BLACK
6
CONTINUOUS
10
-0.7475465354330708
20
-0.2400809448818897
11
-0.74530968503937
21
-0.235690905511811
0
LINE
8
BLACK
6
CONTINUOUS
10
-0.74530968503937
20
-0.235690905511811
11
-0.7418257086614173
21
-0.2322069291338583
0
LINE
8
BLACK
6
CONTINUOUS
10
-0.7418257086614173
20
-0.2322069291338583
11
-0.7374356692913385
21
-0.2299700787401575
0
LINE
8
BLACK
6
CONTINUOUS
10
-0.7374356692913385
20
-0.2299700787401575
11
-0.7325692519685039
21
-0.2291993307086614
0
LINE
8
BLACK
6
CONTINUOUS
10
-0.7325692519685039
20
-0.2291993307086614
11
-0.7277028346456693
21
-0.2299700787401575
0
LINE
8
BLACK
6
CONTINUOUS
10
-0.7165705905511811
20
-0.1700620866141732
11
-0.7121805511811024
21
-0.172298937007874
0
LINE
8
BLACK
6
CONTINUOUS
10
-0.7121805511811024
20
-0.172298937007874
11
-0.7086965748031496
21
-0.1757829133858268
0
LINE
8
BLACK
6
CONTINUOUS
10
-0.7086965748031496
20
-0.1757829133858268
11
-0.7064597244094488
21
-0.1801729527559055
0
LINE
8
BLACK
6
CONTINUOUS
10
-0.7064597244094488
20
-0.1801729527559055
11
-0.7056889763779527
21
-0.1850393700787402
0
LINE
8
BLACK
6
CONTINUOUS
10
-0.7056889763779527
20
-0.1850393700787402
11
-0.7064597244094488
21
-0.1899057874015748
0
LINE
8
BLACK
6
CONTINUOUS
10
-0.7064597244094488
20
-0.1899057874015748
11
-0.7086965748031496
21
-0.1942958267716536
0
LINE
8
BLACK
6
CONTINUOUS
10
-0.7086965748031496
20
-0.1942958267716536
11
-0.7121805511811024
21
-0.1977798031496063
0
LINE
8
BLACK
6
CONTINUOUS
10
-0.7121805511811024
20
-0.1977798031496063
11
-0.7165705905511811
21
-0.2000166535433071
0
LINE
8
BLACK
6
CONTINUOUS
10
-0.7165705905511811
20
-0.2000166535433071
11
-0.7214370078740158
21
-0.2007874015748032
0
LINE
8
BLACK
6
CONTINUOUS
10
-0.7214370078740158
20
-0.2007874015748032
11
-0.7263034251968504
21
-0.2000166535433071
0
LINE
8
BLACK
6
CONTINUOUS
10
-0.7263034251968504
20
-0.2000166535433071
11
-0.7306934645669291
21
-0.1977798031496063
0
LINE
8
BLACK
6
CONTINUOUS
10
-0.7306934645669291
20
-0.1977798031496063
11
-0.7341774409448819
21
-0.1942958267716536
0
LINE
8
BLACK
6
CONTINUOUS
10
-0.7341774409448819
20
-0.1942958267716536
11
-0.7364142913385826
21
-0.1899057874015748
0
LINE
8
BLACK
6
CONTINUOUS
10
-0.7364142913385826
20
-0.1899057874015748
11
-0.7371850393700787
21
-0.1850393700787402
0
LINE
8
BLACK
6
CONTINUOUS
10
-0.7371850393700787
20
-0.1850393700787402
11
-0.7364142913385826
21
-0.1801729527559055
0
LINE
8
BLACK
6
CONTINUOUS
10
-0.7364142913385826
20
-0.1801729527559055
11
-0.7341774409448819
21
-0.1757829133858268
0
LINE
8
BLACK
6
CONTINUOUS
10
-0.7341774409448819
20
-0.1757829133858268
11
-0.7306934645669291
21
-0.172298937007874
0
LINE
8
BLACK
6
CONTINUOUS
10
-0.7306934645669291
20
-0.172298937007874
11
-0.7263034251968504
21
-0.1700620866141732
0
LINE
8
BLACK
6
CONTINUOUS
10
-0.7263034251968504
20
-0.1700620866141732
11
-0.7214370078740158
21
-0.1692913385826772
0
LINE
8
BLACK
6
CONTINUOUS
10
-0.7214370078740158
20
-0.1692913385826772
11
-0.7165705905511811
21
-0.1700620866141732
0
LINE
8
BLACK
6
CONTINUOUS
10
1.0836065748031496
20
-0.5086447637795275
11
1.0879966141732282
21
-0.5108816141732283
0
LINE
8
BLACK
6
CONTINUOUS
10
1.0879966141732282
20
-0.5108816141732283
11
1.0914805905511811
21
-0.5143655905511811
0
LINE
8
BLACK
6
CONTINUOUS
10
1.0914805905511811
20
-0.5143655905511811
11
1.0937174409448818
21
-0.5187556299212598
0
LINE
8
BLACK
6
CONTINUOUS
10
1.0937174409448818
20
-0.5187556299212598
11
1.094488188976378
21
-0.5236220472440944
0
LINE
8
BLACK
6
CONTINUOUS
10
1.094488188976378
20
-0.5236220472440944
11
1.0937174409448818
21
-0.5284884645669291
0
LINE
8
BLACK
6
CONTINUOUS
10
1.0937174409448818
20
-0.5284884645669291
11
1.0914805905511811
21
-0.5328785039370079
0
LINE
8
BLACK
6
CONTINUOUS
10
1.0914805905511811
20
-0.5328785039370079
11
1.0879966141732282
21
-0.5363624803149606
0
LINE
8
BLACK
6
CONTINUOUS
10
1.0879966141732282
20
-0.5363624803149606
11
1.0836614173228347
21
-0.5385713779527559
0
LINE
8
BLACK
6
CONTINUOUS
10
1.0836614173228347
20
-0.5385713779527559
11
1.0836614173228347
21
-0.6830708661417323
0
LINE
8
BLACK
6
CONTINUOUS
10
1.0836614173228347
20
-0.6830708661417323
11
1.0835668503937008
21
-0.6840309448818898
0
LINE
8
BLACK
6
CONTINUOUS
10
1.0835668503937008
20
-0.6840309448818898
11
1.0835668503937008
21
-0.6840309842519685
0
LINE
8
BLACK
6
CONTINUOUS
10
1.0835668503937008
20
-0.6840309842519685
11
1.0833516141732282
21
-0.6845505511811023
0
LINE
8
BLACK
6
CONTINUOUS
10
1.0833516141732282
20
-0.6845505511811023
11
1.0828320472440944
21
-0.6858049606299212
0
LINE
8
BLACK
6
CONTINUOUS
10
1.0828320472440944
20
-0.6858049606299212
11
1.0828318110236219
21
-0.6858051574803149
0
LINE
8
BLACK
6
CONTINUOUS
10
1.0828318110236219
20
-0.6858051574803149
11
1.08222
21
-0.6865507086614173
0
LINE
8
BLACK
6
CONTINUOUS
10
1.08222
20
-0.6865507086614173
11
0.9483617322834645
21
-0.8204089763779527
0
LINE
8
BLACK
6
CONTINUOUS
10
0.9483617322834645
20
-0.8204089763779527
11
0.9476161811023622
21
-0.8210207874015748
0
LINE
8
BLACK
6
CONTINUOUS
10
0.9476161811023622
20
-0.8210207874015748
11
0.9476159842519685
21
-0.8210210236220472
0
LINE
8
BLACK
6
CONTINUOUS
10
0.9476159842519685
20
-0.8210210236220472
11
0.9463615748031495
21
-0.8215405905511811
0
LINE
8
BLACK
6
CONTINUOUS
10
0.9463615748031495
20
-0.8215405905511811
11
0.9458420078740157
21
-0.8217558267716535
0
LINE
8
BLACK
6
CONTINUOUS
10
0.9458420078740157
20
-0.8217558267716535
11
0.945841968503937
21
-0.8217558267716535
0
LINE
8
BLACK
6
CONTINUOUS
10
0.945841968503937
20
-0.8217558267716535
11
0.9448818897637795
21
-0.8218503937007874
0
LINE
8
BLACK
6
CONTINUOUS
10
0.9448818897637795
20
-0.8218503937007874
11
0.6377952755905512
21
-0.8218503937007874
0
LINE
8
BLACK
6
CONTINUOUS
10
0.6377952755905512
20
-0.8218503937007874
11
0.6368351968503937
21
-0.8217558267716535
0
LINE
8
BLACK
6
CONTINUOUS
10
0.6368351968503937
20
-0.8217558267716535
11
0.6368351574803149
21
-0.8217558267716535
0
LINE
8
BLACK
6
CONTINUOUS
10
0.6368351574803149
20
-0.8217558267716535
11
0.6350611811023622
21
-0.8210210236220472
0
LINE
8
BLACK
6
CONTINUOUS
10
0.6350611811023622
20
-0.8210210236220472
11
0.6343154330708661
21
-0.8204089763779527
0
LINE
8
BLACK
6
CONTINUOUS
10
0.6343154330708661
20
-0.8204089763779527
11
0.5407065748031495
21
-0.7268001181102361
0
LINE
8
BLACK
6
CONTINUOUS
10
0.5407065748031495
20
-0.7268001181102361
11
0.5391954330708661
21
-0.7283112992125984
0
LINE
8
BLACK
6
CONTINUOUS
10
0.5391954330708661
20
-0.7283112992125984
11
0.5348053937007874
21
-0.7305481496062992
0
LINE
8
BLACK
6
CONTINUOUS
10
0.5348053937007874
20
-0.7305481496062992
11
0.5299389763779527
21
-0.7313188976377952
0
LINE
8
BLACK
6
CONTINUOUS
10
0.5299389763779527
20
-0.7313188976377952
11
0.5250725590551181
21
-0.7305481496062992
0
LINE
8
BLACK
6
CONTINUOUS
10
0.5250725590551181
20
-0.7305481496062992
11
0.5206825196850393
21
-0.7283112992125984
0
LINE
8
BLACK
6
CONTINUOUS
10
0.5206825196850393
20
-0.7283112992125984
11
0.5171985433070866
21
-0.7248273228346457
0
LINE
8
BLACK
6
CONTINUOUS
10
0.5171985433070866
20
-0.7248273228346457
11
0.5149616929133858
21
-0.7204372834645669
0
LINE
8
BLACK
6
CONTINUOUS
10
0.5149616929133858
20
-0.7204372834645669
11
0.5141909448818898
21
-0.7155708661417323
0
LINE
8
BLACK
6
CONTINUOUS
10
0.5141909448818898
20
-0.7155708661417323
11
0.5149616929133858
21
-0.7107044488188976
0
LINE
8
BLACK
6
CONTINUOUS
10
0.5149616929133858
20
-0.7107044488188976
11
0.5171985433070866
21
-0.7063144094488188
0
LINE
8
BLACK
6
CONTINUOUS
10
0.5171985433070866
20
-0.7063144094488188
11
0.5206825196850393
21
-0.7028304330708661
0
LINE
8
BLACK
6
CONTINUOUS
10
0.5206825196850393
20
-0.7028304330708661
11
0.5250725590551181
21
-0.7005935826771653
0
LINE
8
BLACK
6
CONTINUOUS
10
0.5250725590551181
20
-0.7005935826771653
11
0.5299389763779527
21
-0.6998228346456693
0
LINE
8
BLACK
6
CONTINUOUS
10
0.5299389763779527
20
-0.6998228346456693
11
0.5348053937007874
21
-0.7005935826771653
0
LINE
8
BLACK
6
CONTINUOUS
10
0.5348053937007874
20
-0.7005935826771653
11
0.5391954330708661
21
-0.7028304330708661
0
LINE
8
BLACK
6
CONTINUOUS
10
0.5391954330708661
20
-0.7028304330708661
11
0.5426794094488189
21
-0.7063144094488188
0
LINE
8
BLACK
6
CONTINUOUS
10
0.5426794094488189
20
-0.7063144094488188
11
0.5449162598425197
21
-0.7107044488188976
0
LINE
8
BLACK
6
CONTINUOUS
10
0.5449162598425197
20
-0.7107044488188976
11
0.5456870078740157
21
-0.7155708661417323
0
LINE
8
BLACK
6
CONTINUOUS
10
0.5456870078740157
20
-0.7155708661417323
11
0.5453738582677166
21
-0.7175480314960629
0
LINE
8
BLACK
6
CONTINUOUS
10
0.5453738582677166
20
-0.7175480314960629
11
0.6398337007874015
21
-0.812007874015748
0
LINE
8
BLACK
6
CONTINUOUS
10
0.6398337007874015
20
-0.812007874015748
11
0.9428434645669291
21
-0.812007874015748
0
LINE
8
BLACK
6
CONTINUOUS
10
0.9428434645669291
20
-0.812007874015748
11
1.0738188976377951
21
-0.6810324409448819
0
LINE
8
BLACK
6
CONTINUOUS
10
1.0738188976377951
20
-0.6810324409448819
11
1.0738188976377951
21
-0.5385713779527559
0
LINE
8
BLACK
6
CONTINUOUS
10
1.0738188976377951
20
-0.5385713779527559
11
1.0694837007874016
21
-0.5363624803149606
0
LINE
8
BLACK
6
CONTINUOUS
10
1.0694837007874016
20
-0.5363624803149606
11
1.0659997244094488
21
-0.5328785039370079
0
LINE
8
BLACK
6
CONTINUOUS
10
1.0659997244094488
20
-0.5328785039370079
11
1.0637628740157481
21
-0.5284884645669291
0
LINE
8
BLACK
6
CONTINUOUS
10
1.0637628740157481
20
-0.5284884645669291
11
1.0629921259842519
21
-0.5236220472440944
0
LINE
8
BLACK
6
CONTINUOUS
10
1.0629921259842519
20
-0.5236220472440944
11
1.0637628740157481
21
-0.5187556299212598
0
LINE
8
BLACK
6
CONTINUOUS
10
1.0637628740157481
20
-0.5187556299212598
11
1.0659997244094488
21
-0.5143655905511811
0
LINE
8
BLACK
6
CONTINUOUS
10
1.0659997244094488
20
-0.5143655905511811
11
1.0694837007874016
21
-0.5108816141732283
0
LINE
8
BLACK
6
CONTINUOUS
10
1.0694837007874016
20
-0.5108816141732283
11
1.0738737401574803
21
-0.5086447637795275
0
LINE
8
BLACK
6
CONTINUOUS
10
1.0738737401574803
20
-0.5086447637795275
11
1.078740157480315
21
-0.5078740157480315
0
LINE
8
BLACK
6
CONTINUOUS
10
1.078740157480315
20
-0.5078740157480315
11
1.0836065748031496
21
-0.5086447637795275
0
LINE
8
BLACK
6
CONTINUOUS
10
-0.9321414566929134
20
0.5858434251968504
11
-0.9277514173228346
21
0.5836065748031496
0
LINE
8
BLACK
6
CONTINUOUS
10
-0.9277514173228346
20
0.5836065748031496
11
-0.9242674409448819
21
0.5801225984251969
0
LINE
8
BLACK
6
CONTINUOUS
10
-0.9242674409448819
20
0.5801225984251969
11
-0.9220305905511811
21
0.5757325590551181
0
LINE
8
BLACK
6
CONTINUOUS
10
-0.9220305905511811
20
0.5757325590551181
11
-0.9212598425196851
21
0.5708661417322834
0
LINE
8
BLACK
6
CONTINUOUS
10
-0.9212598425196851
20
0.5708661417322834
11
-0.9220305905511811
21
0.5659997244094488
0
LINE
8
BLACK
6
CONTINUOUS
10
-0.9220305905511811
20
0.5659997244094488
11
-0.9224298031496063
21
0.5652162598425197
0
LINE
8
BLACK
6
CONTINUOUS
10
-0.9224298031496063
20
0.5652162598425197
11
-0.6303783858267716
21
0.2731648818897638
0
LINE
8
BLACK
6
CONTINUOUS
10
-0.6303783858267716
20
0.2731648818897638
11
-0.6297663779527559
21
0.2724191338582677
0
LINE
8
BLACK
6
CONTINUOUS
10
-0.6297663779527559
20
0.2724191338582677
11
-0.6290315748031496
21
0.2706451181102362
0
LINE
8
BLACK
6
CONTINUOUS
10
-0.6290315748031496
20
0.2706451181102362
11
-0.6289370078740157
21
0.2696850393700788
0
LINE
8
BLACK
6
CONTINUOUS
10
-0.6289370078740157
20
0.2696850393700788
11
-0.6289370078740157
21
-0.4428434251968504
0
LINE
8
BLACK
6
CONTINUOUS
10
-0.6289370078740157
20
-0.4428434251968504
11
-0.3345757086614173
21
-0.7372047244094488
0
LINE
8
BLACK
6
CONTINUOUS
10
-0.3345757086614173
20
-0.7372047244094488
11
0.2515787401574803
21
-0.7372047244094488
0
LINE
8
BLACK
6
CONTINUOUS
10
0.2515787401574803
20
-0.7372047244094488
11
0.2535590551181102
21
-0.7333181496062992
0
LINE
8
BLACK
6
CONTINUOUS
10
0.2535590551181102
20
-0.7333181496062992
11
0.257043031496063
21
-0.7298341732283464
0
LINE
8
BLACK
6
CONTINUOUS
10
0.257043031496063
20
-0.7298341732283464
11
0.2614330708661417
21
-0.7275973228346456
0
LINE
8
BLACK
6
CONTINUOUS
10
0.2614330708661417
20
-0.7275973228346456
11
0.2662994881889764
21
-0.7268265748031496
0
LINE
8
BLACK
6
CONTINUOUS
10
0.2662994881889764
20
-0.7268265748031496
11
0.271165905511811
21
-0.7275973228346456
0
LINE
8
BLACK
6
CONTINUOUS
10
0.271165905511811
20
-0.7275973228346456
11
0.2755559448818898
21
-0.7298341732283464
0
LINE
8
BLACK
6
CONTINUOUS
10
0.2755559448818898
20
-0.7298341732283464
11
0.2790399212598425
21
-0.7333181496062992
0
LINE
8
BLACK
6
CONTINUOUS
10
0.2790399212598425
20
-0.7333181496062992
11
0.2812767716535433
21
-0.7377081889763779
0
LINE
8
BLACK
6
CONTINUOUS
10
0.2812767716535433
20
-0.7377081889763779
11
0.2820475196850394
21
-0.7425746062992126
0
LINE
8
BLACK
6
CONTINUOUS
10
0.2820475196850394
20
-0.7425746062992126
11
0.2812767716535433
21
-0.7474410236220472
0
LINE
8
BLACK
6
CONTINUOUS
10
0.2812767716535433
20
-0.7474410236220472
11
0.2790399212598425
21
-0.751831062992126
0
LINE
8
BLACK
6
CONTINUOUS
10
0.2790399212598425
20
-0.751831062992126
11
0.2755559448818898
21
-0.7553150393700787
0
LINE
8
BLACK
6
CONTINUOUS
10
0.2755559448818898
20
-0.7553150393700787
11
0.271165905511811
21
-0.7575518897637795
0
LINE
8
BLACK
6
CONTINUOUS
10
0.271165905511811
20
-0.7575518897637795
11
0.2662994881889764
21
-0.7583226377952755
0
LINE
8
BLACK
6
CONTINUOUS
10
0.2662994881889764
20
-0.7583226377952755
11
0.2614330708661417
21
-0.7575518897637795
0
LINE
8
BLACK
6
CONTINUOUS
10
0.2614330708661417
20
-0.7575518897637795
11
0.257043031496063
21
-0.7553150393700787
0
LINE
8
BLACK
6
CONTINUOUS
10
0.257043031496063
20
-0.7553150393700787
11
0.2535590551181102
21
-0.751831062992126
0
LINE
8
BLACK
6
CONTINUOUS
10
0.2535590551181102
20
-0.751831062992126
11
0.2513222047244095
21
-0.7474410236220472
0
LINE
8
BLACK
6
CONTINUOUS
10
0.2513222047244095
20
-0.7474410236220472
11
0.251259842519685
21
-0.7470472440944882
0
LINE
8
BLACK
6
CONTINUOUS
10
0.251259842519685
20
-0.7470472440944882
11
-0.3366141732283465
21
-0.7470472440944882
0
LINE
8
BLACK
6
CONTINUOUS
10
-0.3366141732283465
20
-0.7470472440944882
11
-0.3375742519685039
21
-0.7469526771653543
0
LINE
8
BLACK
6
CONTINUOUS
10
-0.3375742519685039
20
-0.7469526771653543
11
-0.3375742913385827
21
-0.7469526771653543
0
LINE
8
BLACK
6
CONTINUOUS
10
-0.3375742913385827
20
-0.7469526771653543
11
-0.338309094488189
21
-0.7466482677165354
0
LINE
8
BLACK
6
CONTINUOUS
10
-0.338309094488189
20
-0.7466482677165354
11
-0.3393482677165354
21
-0.746217874015748
0
LINE
8
BLACK
6
CONTINUOUS
10
-0.3393482677165354
20
-0.746217874015748
11
-0.3393483070866142
21
-0.7462178346456693
0
LINE
8
BLACK
6
CONTINUOUS
10
-0.3393483070866142
20
-0.7462178346456693
11
-0.3400940551181103
21
-0.7456058267716535
0
LINE
8
BLACK
6
CONTINUOUS
10
-0.3400940551181103
20
-0.7456058267716535
11
-0.6373381102362204
21
-0.4483617322834645
0
LINE
8
BLACK
6
CONTINUOUS
10
-0.6373381102362204
20
-0.4483617322834645
11
-0.6379499606299213
21
-0.4476161811023622
0
LINE
8
BLACK
6
CONTINUOUS
10
-0.6379499606299213
20
-0.4476161811023622
11
-0.6379501574803149
21
-0.4476159842519685
0
LINE
8
BLACK
6
CONTINUOUS
10
-0.6379501574803149
20
-0.4476159842519685
11
-0.6386849606299212
21
-0.445841968503937
0
LINE
8
BLACK
6
CONTINUOUS
10
-0.6386849606299212
20
-0.445841968503937
11
-0.6387795275590551
21
-0.4448818897637795
0
LINE
8
BLACK
6
CONTINUOUS
10
-0.6387795275590551
20
-0.4448818897637795
11
-0.6387795275590551
21
0.2676466141732283
0
LINE
8
BLACK
6
CONTINUOUS
10
-0.6387795275590551
20
0.2676466141732283
11
-0.9287498818897637
21
0.557616968503937
0
LINE
8
BLACK
6
CONTINUOUS
10
-0.9287498818897637
20
0.557616968503937
11
-0.9321414566929134
21
0.5558888582677165
0
LINE
8
BLACK
6
CONTINUOUS
10
-0.9321414566929134
20
0.5558888582677165
11
-0.937007874015748
21
0.5551181102362205
0
LINE
8
BLACK
6
CONTINUOUS
10
-0.937007874015748
20
0.5551181102362205
11
-0.9418742913385827
21
0.5558888582677165
0
LINE
8
BLACK
6
CONTINUOUS
10
-0.9418742913385827
20
0.5558888582677165
11
-0.9462643307086614
21
0.5581257086614173
0
LINE
8
BLACK
6
CONTINUOUS
10
-0.9462643307086614
20
0.5581257086614173
11
-0.9497483070866142
21
0.56160968503937
0
LINE
8
BLACK
6
CONTINUOUS
10
-0.9497483070866142
20
0.56160968503937
11
-0.951985157480315
21
0.5659997244094488
0
LINE
8
BLACK
6
CONTINUOUS
10
-0.951985157480315
20
0.5659997244094488
11
-0.952755905511811
21
0.5708661417322834
0
LINE
8
BLACK
6
CONTINUOUS
10
-0.952755905511811
20
0.5708661417322834
11
-0.951985157480315
21
0.5757325590551181
0
LINE
8
BLACK
6
CONTINUOUS
10
-0.951985157480315
20
0.5757325590551181
11
-0.9497483070866142
21
0.5801225984251969
0
LINE
8
BLACK
6
CONTINUOUS
10
-0.9497483070866142
20
0.5801225984251969
11
-0.9462643307086614
21
0.5836065748031496
0
LINE
8
BLACK
6
CONTINUOUS
10
-0.9462643307086614
20
0.5836065748031496
11
-0.9418742913385827
21
0.5858434251968504
0
LINE
8
BLACK
6
CONTINUOUS
10
-0.9418742913385827
20
0.5858434251968504
11
-0.937007874015748
21
0.5866141732283464
0
LINE
8
BLACK
6
CONTINUOUS
10
-0.937007874015748
20
0.5866141732283464
11
-0.9321414566929134
21
0.5858434251968504
0
LINE
8
BLACK
6
CONTINUOUS
10
-0.2926516141732283
20
-0.3240376771653543
11
-0.2882615748031496
21
-0.3262745275590551
0
LINE
8
BLACK
6
CONTINUOUS
10
-0.2882615748031496
20
-0.3262745275590551
11
-0.2847775984251968
21
-0.3297585039370078
0
LINE
8
BLACK
6
CONTINUOUS
10
-0.2847775984251968
20
-0.3297585039370078
11
-0.282540748031496
21
-0.3341485433070866
0
LINE
8
BLACK
6
CONTINUOUS
10
-0.282540748031496
20
-0.3341485433070866
11
-0.28177
21
-0.3390149606299213
0
LINE
8
BLACK
6
CONTINUOUS
10
-0.28177
20
-0.3390149606299213
11
-0.2821692125984252
21
-0.3415354330708661
0
LINE
8
BLACK
6
CONTINUOUS
10
-0.2821692125984252
20
-0.3415354330708661
11
-0.2480314960629921
21
-0.3415354330708661
0
LINE
8
BLACK
6
CONTINUOUS
10
-0.2480314960629921
20
-0.3415354330708661
11
-0.2470714173228346
21
-0.34163
0
LINE
8
BLACK
6
CONTINUOUS
10
-0.2470714173228346
20
-0.34163
11
-0.2470713779527559
21
-0.34163
0
LINE
8
BLACK
6
CONTINUOUS
10
-0.2470713779527559
20
-0.34163
11
-0.2467839763779527
21
-0.3417490551181102
0
LINE
8
BLACK
6
CONTINUOUS
10
-0.2467839763779527
20
-0.3417490551181102
11
-0.2452974015748031
21
-0.3423648031496063
0
LINE
8
BLACK
6
CONTINUOUS
10
-0.2452974015748031
20
-0.3423648031496063
11
-0.2452972047244094
21
-0.342365
0
LINE
8
BLACK
6
CONTINUOUS
10
-0.2452972047244094
20
-0.342365
11
-0.2445516535433071
21
-0.3429768503937008
0
LINE
8
BLACK
6
CONTINUOUS
10
-0.2445516535433071
20
-0.3429768503937008
11
0.1103061811023622
21
-0.6978346456692913
0
LINE
8
BLACK
6
CONTINUOUS
10
0.1103061811023622
20
-0.6978346456692913
11
0.2716535433070866
21
-0.6978346456692913
0
LINE
8
BLACK
6
CONTINUOUS
10
0.2716535433070866
20
-0.6978346456692913
11
0.2726136220472441
21
-0.6979292125984252
0
LINE
8
BLACK
6
CONTINUOUS
10
0.2726136220472441
20
-0.6979292125984252
11
0.2726136614173229
21
-0.6979292125984252
0
LINE
8
BLACK
6
CONTINUOUS
10
0.2726136614173229
20
-0.6979292125984252
11
0.2729007874015748
21
-0.6980481496062992
0
LINE
8
BLACK
6
CONTINUOUS
10
0.2729007874015748
20
-0.6980481496062992
11
0.2743876377952756
21
-0.6986640157480315
0
LINE
8
BLACK
6
CONTINUOUS
10
0.2743876377952756
20
-0.6986640157480315
11
0.2743878346456693
21
-0.6986642125984251
0
LINE
8
BLACK
6
CONTINUOUS
10
0.2743878346456693
20
-0.6986642125984251
11
0.2751333858267717
21
-0.699276062992126
0
LINE
8
BLACK
6
CONTINUOUS
10
0.2751333858267717
20
-0.699276062992126
11
0.3021011417322835
21
-0.7262438188976378
0
LINE
8
BLACK
6
CONTINUOUS
10
0.3021011417322835
20
-0.7262438188976378
11
0.3041887007874016
21
-0.7251801968503937
0
LINE
8
BLACK
6
CONTINUOUS
10
0.3041887007874016
20
-0.7251801968503937
11
0.3090551181102362
21
-0.7244094488188976
0
LINE
8
BLACK
6
CONTINUOUS
10
0.3090551181102362
20
-0.7244094488188976
11
0.3139215354330709
21
-0.7251801968503937
0
LINE
8
BLACK
6
CONTINUOUS
10
0.3139215354330709
20
-0.7251801968503937
11
0.3183115748031496
21
-0.7274170472440945
0
LINE
8
BLACK
6
CONTINUOUS
10
0.3183115748031496
20
-0.7274170472440945
11
0.3217955511811024
21
-0.7309010236220472
0
LINE
8
BLACK
6
CONTINUOUS
10
0.3217955511811024
20
-0.7309010236220472
11
0.3240324015748031
21
-0.735291062992126
0
LINE
8
BLACK
6
CONTINUOUS
10
0.3240324015748031
20
-0.735291062992126
11
0.3248031496062992
21
-0.7401574803149606
0
LINE
8
BLACK
6
CONTINUOUS
10
0.3248031496062992
20
-0.7401574803149606
11
0.3240324015748031
21
-0.7450238976377953
0
LINE
8
BLACK
6
CONTINUOUS
10
0.3240324015748031
20
-0.7450238976377953
11
0.3217955511811024
21
-0.749413937007874
0
LINE
8
BLACK
6
CONTINUOUS
10
0.3217955511811024
20
-0.749413937007874
11
0.3183115748031496
21
-0.7528979133858268
0
LINE
8
BLACK
6
CONTINUOUS
10
0.3183115748031496
20
-0.7528979133858268
11
0.3139215354330709
21
-0.7551347637795276
0
LINE
8
BLACK
6
CONTINUOUS
10
0.3139215354330709
20
-0.7551347637795276
11
0.3090551181102362
21
-0.7559055118110236
0
LINE
8
BLACK
6
CONTINUOUS
10
0.3090551181102362
20
-0.7559055118110236
11
0.3041887007874016
21
-0.7551347637795276
0
LINE
8
BLACK
6
CONTINUOUS
10
0.3041887007874016
20
-0.7551347637795276
11
0.2997986614173228
21
-0.7528979133858268
0
LINE
8
BLACK
6
CONTINUOUS
10
0.2997986614173228
20
-0.7528979133858268
11
0.2963146850393701
21
-0.749413937007874
0
LINE
8
BLACK
6
CONTINUOUS
10
0.2963146850393701
20
-0.749413937007874
11
0.2940778346456693
21
-0.7450238976377953
0
LINE
8
BLACK
6
CONTINUOUS
10
0.2940778346456693
20
-0.7450238976377953
11
0.2933070866141732
21
-0.7401574803149606
0
LINE
8
BLACK
6
CONTINUOUS
10
0.2933070866141732
20
-0.7401574803149606
11
0.2940778346456693
21
-0.735291062992126
0
LINE
8
BLACK
6
CONTINUOUS
10
0.2940778346456693
20
-0.735291062992126
11
0.2951414566929134
21
-0.7332035039370078
0
LINE
8
BLACK
6
CONTINUOUS
10
0.2951414566929134
20
-0.7332035039370078
11
0.2696151181102362
21
-0.7076771653543307
0
LINE
8
BLACK
6
CONTINUOUS
10
0.2696151181102362
20
-0.7076771653543307
11
0.1082677165354331
21
-0.7076771653543307
0
LINE
8
BLACK
6
CONTINUOUS
10
0.1082677165354331
20
-0.7076771653543307
11
0.1073076377952756
21
-0.7075825984251969
0
LINE
8
BLACK
6
CONTINUOUS
10
0.1073076377952756
20
-0.7075825984251969
11
0.1073075984251969
21
-0.7075825984251969
0
LINE
8
BLACK
6
CONTINUOUS
10
0.1073075984251969
20
-0.7075825984251969
11
0.1055336220472441
21
-0.7068477952755905
0
LINE
8
BLACK
6
CONTINUOUS
10
0.1055336220472441
20
-0.7068477952755905
11
0.104787874015748
21
-0.7062357874015748
0
LINE
8
BLACK
6
CONTINUOUS
10
0.104787874015748
20
-0.7062357874015748
11
-0.2500699212598425
21
-0.3513779527559055
0
LINE
8
BLACK
6
CONTINUOUS
10
-0.2500699212598425
20
-0.3513779527559055
11
-0.2878841338582677
21
-0.3513779527559055
0
LINE
8
BLACK
6
CONTINUOUS
10
-0.2878841338582677
20
-0.3513779527559055
11
-0.2882615748031496
21
-0.3517553937007874
0
LINE
8
BLACK
6
CONTINUOUS
10
-0.2882615748031496
20
-0.3517553937007874
11
-0.2926516141732283
21
-0.3539922440944882
0
LINE
8
BLACK
6
CONTINUOUS
10
-0.2926516141732283
20
-0.3539922440944882
11
-0.297518031496063
21
-0.3547629921259842
0
LINE
8
BLACK
6
CONTINUOUS
10
-0.297518031496063
20
-0.3547629921259842
11
-0.3023844488188976
21
-0.3539922440944882
0
LINE
8
BLACK
6
CONTINUOUS
10
-0.3023844488188976
20
-0.3539922440944882
11
-0.3067744881889763
21
-0.3517553937007874
0
LINE
8
BLACK
6
CONTINUOUS
10
-0.3067744881889763
20
-0.3517553937007874
11
-0.3102584645669291
21
-0.3482714173228346
0
LINE
8
BLACK
6
CONTINUOUS
10
-0.3102584645669291
20
-0.3482714173228346
11
-0.3124953149606299
21
-0.3438813779527559
0
LINE
8
BLACK
6
CONTINUOUS
10
-0.3124953149606299
20
-0.3438813779527559
11
-0.313266062992126
21
-0.3390149606299213
0
LINE
8
BLACK
6
CONTINUOUS
10
-0.313266062992126
20
-0.3390149606299213
11
-0.3124953149606299
21
-0.3341485433070866
0
LINE
8
BLACK
6
CONTINUOUS
10
-0.3124953149606299
20
-0.3341485433070866
11
-0.3102584645669291
21
-0.3297585039370078
0
LINE
8
BLACK
6
CONTINUOUS
10
-0.3102584645669291
20
-0.3297585039370078
11
-0.3067744881889763
21
-0.3262745275590551
0
LINE
8
BLACK
6
CONTINUOUS
10
-0.3067744881889763
20
-0.3262745275590551
11
-0.3023844488188976
21
-0.3240376771653543
0
LINE
8
BLACK
6
CONTINUOUS
10
-0.3023844488188976
20
-0.3240376771653543
11
-0.297518031496063
21
-0.3232669291338582
0
LINE
8
BLACK
6
CONTINUOUS
10
-0.297518031496063
20
-0.3232669291338582
11
-0.2926516141732283
21
-0.3240376771653543
0
LINE
8
BLACK
6
CONTINUOUS
10
-0.3002516929133858
20
-0.2389597244094488
11
-0.2958616535433071
21
-0.2411965748031496
0
LINE
8
BLACK
6
CONTINUOUS
10
-0.2958616535433071
20
-0.2411965748031496
11
-0.2923776771653543
21
-0.2446805511811024
0
LINE
8
BLACK
6
CONTINUOUS
10
-0.2923776771653543
20
-0.2446805511811024
11
-0.2901408267716535
21
-0.2490705905511811
0
LINE
8
BLACK
6
CONTINUOUS
10
-0.2901408267716535
20
-0.2490705905511811
11
-0.2893700787401575
21
-0.2539370078740157
0
LINE
8
BLACK
6
CONTINUOUS
10
-0.2893700787401575
20
-0.2539370078740157
11
-0.2901408267716535
21
-0.2588034251968504
0
LINE
8
BLACK
6
CONTINUOUS
10
-0.2901408267716535
20
-0.2588034251968504
11
-0.2923776771653543
21
-0.2631934645669291
0
LINE
8
BLACK
6
CONTINUOUS
10
-0.2923776771653543
20
-0.2631934645669291
11
-0.2955474015748031
21
-0.266363188976378
0
LINE
8
BLACK
6
CONTINUOUS
10
-0.2955474015748031
20
-0.266363188976378
11
0.1182075196850394
21
-0.6801181102362205
0
LINE
8
BLACK
6
CONTINUOUS
10
0.1182075196850394
20
-0.6801181102362205
11
0.2834645669291339
21
-0.6801181102362205
0
LINE
8
BLACK
6
CONTINUOUS
10
0.2834645669291339
20
-0.6801181102362205
11
0.2844246456692913
21
-0.6802126771653543
0
LINE
8
BLACK
6
CONTINUOUS
10
0.2844246456692913
20
-0.6802126771653543
11
0.2844246850393701
21
-0.6802126771653543
0
LINE
8
BLACK
6
CONTINUOUS
10
0.2844246850393701
20
-0.6802126771653543
11
0.2847242519685039
21
-0.6803367716535433
0
LINE
8
BLACK
6
CONTINUOUS
10
0.2847242519685039
20
-0.6803367716535433
11
0.2861986614173228
21
-0.6809474803149607
0
LINE
8
BLACK
6
CONTINUOUS
10
0.2861986614173228
20
-0.6809474803149607
11
0.2861988582677165
21
-0.6809476771653543
0
LINE
8
BLACK
6
CONTINUOUS
10
0.2861988582677165
20
-0.6809476771653543
11
0.2869444094488189
21
-0.6815595275590551
0
LINE
8
BLACK
6
CONTINUOUS
10
0.2869444094488189
20
-0.6815595275590551
11
0.3072746456692914
21
-0.7018897637795275
0
LINE
8
BLACK
6
CONTINUOUS
10
0.3072746456692914
20
-0.7018897637795275
11
0.4430314960629921
21
-0.7018897637795275
0
LINE
8
BLACK
6
CONTINUOUS
10
0.4430314960629921
20
-0.7018897637795275
11
0.4439915748031496
21
-0.7019843307086614
0
LINE
8
BLACK
6
CONTINUOUS
10
0.4439915748031496
20
-0.7019843307086614
11
0.4439916141732284
21
-0.7019843307086614
0
LINE
8
BLACK
6
CONTINUOUS
10
0.4439916141732284
20
-0.7019843307086614
11
0.4445111811023622
21
-0.7021995275590551
0
LINE
8
BLACK
6
CONTINUOUS
10
0.4445111811023622
20
-0.7021995275590551
11
0.4457655905511811
21
-0.7027191338582677
0
LINE
8
BLACK
6
CONTINUOUS
10
0.4457655905511811
20
-0.7027191338582677
11
0.4457657874015748
21
-0.7027193307086614
0
LINE
8
BLACK
6
CONTINUOUS
10
0.4457657874015748
20
-0.7027193307086614
11
0.4465113385826772
21
-0.7033311811023621
0
LINE
8
BLACK
6
CONTINUOUS
10
0.4465113385826772
20
-0.7033311811023621
11
0.4556444488188977
21
-0.7124642913385827
0
LINE
8
BLACK
6
CONTINUOUS
10
0.4556444488188977
20
-0.7124642913385827
11
0.4577320078740157
21
-0.7114006692913386
0
LINE
8
BLACK
6
CONTINUOUS
10
0.4577320078740157
20
-0.7114006692913386
11
0.4625984251968504
21
-0.7106299212598425
0
LINE
8
BLACK
6
CONTINUOUS
10
0.4625984251968504
20
-0.7106299212598425
11
0.467464842519685
21
-0.7114006692913386
0
LINE
8
BLACK
6
CONTINUOUS
10
0.467464842519685
20
-0.7114006692913386
11
0.4718548818897638
21
-0.7136375196850393
0
LINE
8
BLACK
6
CONTINUOUS
10
0.4718548818897638
20
-0.7136375196850393
11
0.4753388582677165
21
-0.7171214960629921
0
LINE
8
BLACK
6
CONTINUOUS
10
0.4753388582677165
20
-0.7171214960629921
11
0.4775757086614173
21
-0.7215115354330709
0
LINE
8
BLACK
6
CONTINUOUS
10
0.4775757086614173
20
-0.7215115354330709
11
0.4783464566929134
21
-0.7263779527559054
0
LINE
8
BLACK
6
CONTINUOUS
10
0.4783464566929134
20
-0.7263779527559054
11
0.4775757086614173
21
-0.7312443700787401
0
LINE
8
BLACK
6
CONTINUOUS
10
0.4775757086614173
20
-0.7312443700787401
11
0.4753388582677165
21
-0.7356344094488189
0
LINE
8
BLACK
6
CONTINUOUS
10
0.4753388582677165
20
-0.7356344094488189
11
0.4718548818897638
21
-0.7391183858267716
0
LINE
8
BLACK
6
CONTINUOUS
10
0.4718548818897638
20
-0.7391183858267716
11
0.467464842519685
21
-0.7413552362204724
0
LINE
8
BLACK
6
CONTINUOUS
10
0.467464842519685
20
-0.7413552362204724
11
0.4625984251968504
21
-0.7421259842519685
0
LINE
8
BLACK
6
CONTINUOUS
10
0.4625984251968504
20
-0.7421259842519685
11
0.4577320078740157
21
-0.7413552362204724
0
LINE
8
BLACK
6
CONTINUOUS
10
0.4577320078740157
20
-0.7413552362204724
11
0.453341968503937
21
-0.7391183858267716
0
LINE
8
BLACK
6
CONTINUOUS
10
0.453341968503937
20
-0.7391183858267716
11
0.4498579921259843
21
-0.7356344094488189
0
LINE
8
BLACK
6
CONTINUOUS
10
0.4498579921259843
20
-0.7356344094488189
11
0.4476211417322835
21
-0.7312443700787401
0
LINE
8
BLACK
6
CONTINUOUS
10
0.4476211417322835
20
-0.7312443700787401
11
0.4468503937007874
21
-0.7263779527559054
0
LINE
8
BLACK
6
CONTINUOUS
10
0.4468503937007874
20
-0.7263779527559054
11
0.4476211417322835
21
-0.7215115354330709
0
LINE
8
BLACK
6
CONTINUOUS
10
0.4476211417322835
20
-0.7215115354330709
11
0.4486847637795275
21
-0.7194239763779527
0
LINE
8
BLACK
6
CONTINUOUS
10
0.4486847637795275
20
-0.7194239763779527
11
0.4409930708661417
21
-0.711732283464567
0
LINE
8
BLACK
6
CONTINUOUS
10
0.4409930708661417
20
-0.711732283464567
11
0.3052362204724409
21
-0.711732283464567
0
LINE
8
BLACK
6
CONTINUOUS
10
0.3052362204724409
20
-0.711732283464567
11
0.3042761417322835
21
-0.7116377165354331
0
LINE
8
BLACK
6
CONTINUOUS
10
0.3042761417322835
20
-0.7116377165354331
11
0.3042761023622047
21
-0.7116377165354331
0
LINE
8
BLACK
6
CONTINUOUS
10
0.3042761023622047
20
-0.7116377165354331
11
0.3037038582677165
21
-0.7114006692913386
0
LINE
8
BLACK
6
CONTINUOUS
10
0.3037038582677165
20
-0.7114006692913386
11
0.302502125984252
21
-0.7109029133858268
0
LINE
8
BLACK
6
CONTINUOUS
10
0.302502125984252
20
-0.7109029133858268
11
0.3025018897637795
21
-0.7109026771653543
0
LINE
8
BLACK
6
CONTINUOUS
10
0.3025018897637795
20
-0.7109026771653543
11
0.3017563779527559
21
-0.7102908661417323
0
LINE
8
BLACK
6
CONTINUOUS
10
0.3017563779527559
20
-0.7102908661417323
11
0.2814261417322835
21
-0.6899606299212598
0
LINE
8
BLACK
6
CONTINUOUS
10
0.2814261417322835
20
-0.6899606299212598
11
0.116169094488189
21
-0.6899606299212598
0
LINE
8
BLACK
6
CONTINUOUS
10
0.116169094488189
20
-0.6899606299212598
11
0.1152090157480315
21
-0.6898660629921259
0
LINE
8
BLACK
6
CONTINUOUS
10
0.1152090157480315
20
-0.6898660629921259
11
0.1152089763779528
21
-0.6898660629921259
0
LINE
8
BLACK
6
CONTINUOUS
10
0.1152089763779528
20
-0.6898660629921259
11
0.1146893700787402
21
-0.6896508267716536
0
LINE
8
BLACK
6
CONTINUOUS
10
0.1146893700787402
20
-0.6896508267716536
11
0.113435
21
-0.6891312598425197
0
LINE
8
BLACK
6
CONTINUOUS
10
0.113435
20
-0.6891312598425197
11
0.1134347637795276
21
-0.6891310236220473
0
LINE
8
BLACK
6
CONTINUOUS
10
0.1134347637795276
20
-0.6891310236220473
11
0.1126892519685039
21
-0.6885192125984252
0
LINE
8
BLACK
6
CONTINUOUS
10
0.1126892519685039
20
-0.6885192125984252
11
-0.3063381889763779
21
-0.2694917716535433
0
LINE
8
BLACK
6
CONTINUOUS
10
-0.3063381889763779
20
-0.2694917716535433
11
-0.3099845275590551
21
-0.2689142913385827
0
LINE
8
BLACK
6
CONTINUOUS
10
-0.3099845275590551
20
-0.2689142913385827
11
-0.3143745669291338
21
-0.2666774409448819
0
LINE
8
BLACK
6
CONTINUOUS
10
-0.3143745669291338
20
-0.2666774409448819
11
-0.3178585433070866
21
-0.2631934645669291
0
LINE
8
BLACK
6
CONTINUOUS
10
-0.3178585433070866
20
-0.2631934645669291
11
-0.3200953937007874
21
-0.2588034251968504
0
LINE
8
BLACK
6
CONTINUOUS
10
-0.3200953937007874
20
-0.2588034251968504
11
-0.3208661417322834
21
-0.2539370078740157
0
LINE
8
BLACK
6
CONTINUOUS
10
-0.3208661417322834
20
-0.2539370078740157
11
-0.3200953937007874
21
-0.2490705905511811
0
LINE
8
BLACK
6
CONTINUOUS
10
-0.3200953937007874
20
-0.2490705905511811
11
-0.3178585433070866
21
-0.2446805511811024
0
LINE
8
BLACK
6
CONTINUOUS
10
-0.3178585433070866
20
-0.2446805511811024
11
-0.3143745669291338
21
-0.2411965748031496
0
LINE
8
BLACK
6
CONTINUOUS
10
-0.3143745669291338
20
-0.2411965748031496
11
-0.3099845275590551
21
-0.2389597244094488
0
LINE
8
BLACK
6
CONTINUOUS
10
-0.3099845275590551
20
-0.2389597244094488
11
-0.3051181102362205
21
-0.2381889763779527
0
LINE
8
BLACK
6
CONTINUOUS
10
-0.3051181102362205
20
-0.2381889763779527
11
-0.3002516929133858
21
-0.2389597244094488
0
LINE
8
BLACK
6
CONTINUOUS
10
-0.6004682283464566
20
-0.0990829921259842
11
-0.596078188976378
21
-0.101319842519685
0
LINE
8
BLACK
6
CONTINUOUS
10
-0.596078188976378
20
-0.101319842519685
11
-0.5925942125984252
21
-0.1048038188976378
0
LINE
8
BLACK
6
CONTINUOUS
10
-0.5925942125984252
20
-0.1048038188976378
11
-0.5903573622047243
21
-0.1091938582677165
0
LINE
8
BLACK
6
CONTINUOUS
10
-0.5903573622047243
20
-0.1091938582677165
11
-0.5895866141732283
21
-0.1140602755905512
0
LINE
8
BLACK
6
CONTINUOUS
10
-0.5895866141732283
20
-0.1140602755905512
11
-0.5903573622047243
21
-0.1189266929133858
0
LINE
8
BLACK
6
CONTINUOUS
10
-0.5903573622047243
20
-0.1189266929133858
11
-0.5925942125984252
21
-0.1233167322834646
0
LINE
8
BLACK
6
CONTINUOUS
10
-0.5925942125984252
20
-0.1233167322834646
11
-0.596078188976378
21
-0.1268007086614173
0
LINE
8
BLACK
6
CONTINUOUS
10
-0.596078188976378
20
-0.1268007086614173
11
-0.5994291338582677
21
-0.1285081102362205
0
LINE
8
BLACK
6
CONTINUOUS
10
-0.5994291338582677
20
-0.1285081102362205
11
-0.5994291338582677
21
-0.1993058267716535
0
LINE
8
BLACK
6
CONTINUOUS
10
-0.5994291338582677
20
-0.1993058267716535
11
-0.5847720078740157
21
-0.2139629527559055
0
LINE
8
BLACK
6
CONTINUOUS
10
-0.5847720078740157
20
-0.2139629527559055
11
-0.5836065748031496
21
-0.2133691732283464
0
LINE
8
BLACK
6
CONTINUOUS
10
-0.5836065748031496
20
-0.2133691732283464
11
-0.5787401574803149
21
-0.2125984251968504
0
LINE
8
BLACK
6
CONTINUOUS
10
-0.5787401574803149
20
-0.2125984251968504
11
-0.5738737401574803
21
-0.2133691732283464
0
LINE
8
BLACK
6
CONTINUOUS
10
-0.5738737401574803
20
-0.2133691732283464
11
-0.5694837007874015
21
-0.2156060236220472
0
LINE
8
BLACK
6
CONTINUOUS
10
-0.5694837007874015
20
-0.2156060236220472
11
-0.5659997244094488
21
-0.21909
0
LINE
8
BLACK
6
CONTINUOUS
10
-0.5659997244094488
20
-0.21909
11
-0.563762874015748
21
-0.2234800393700787
0
LINE
8
BLACK
6
CONTINUOUS
10
-0.563762874015748
20
-0.2234800393700787
11
-0.562992125984252
21
-0.2283464566929134
0
LINE
8
BLACK
6
CONTINUOUS
10
-0.562992125984252
20
-0.2283464566929134
11
-0.563762874015748
21
-0.233212874015748
0
LINE
8
BLACK
6
CONTINUOUS
10
-0.563762874015748
20
-0.233212874015748
11
-0.5659997244094488
21
-0.2376029133858268
0
LINE
8
BLACK
6
CONTINUOUS
10
-0.5659997244094488
20
-0.2376029133858268
11
-0.5694837007874015
21
-0.2410868897637795
0
LINE
8
BLACK
6
CONTINUOUS
10
-0.5694837007874015
20
-0.2410868897637795
11
-0.5738737401574803
21
-0.2433237401574803
0
LINE
8
BLACK
6
CONTINUOUS
10
-0.5738737401574803
20
-0.2433237401574803
11
-0.5787401574803149
21
-0.2440944881889764
0
LINE
8
BLACK
6
CONTINUOUS
10
-0.5787401574803149
20
-0.2440944881889764
11
-0.5836065748031496
21
-0.2433237401574803
0
LINE
8
BLACK
6
CONTINUOUS
10
-0.5836065748031496
20
-0.2433237401574803
11
-0.5879966141732283
21
-0.2410868897637795
0
LINE
8
BLACK
6
CONTINUOUS
10
-0.5879966141732283
20
-0.2410868897637795
11
-0.5914805905511811
21
-0.2376029133858268
0
LINE
8
BLACK
6
CONTINUOUS
10
-0.5914805905511811
20
-0.2376029133858268
11
-0.5937174409448819
21
-0.233212874015748
0
LINE
8
BLACK
6
CONTINUOUS
10
-0.5937174409448819
20
-0.233212874015748
11
-0.5944881889763779
21
-0.2283464566929134
0
LINE
8
BLACK
6
CONTINUOUS
10
-0.5944881889763779
20
-0.2283464566929134
11
-0.5937174409448819
21
-0.2234800393700787
0
LINE
8
BLACK
6
CONTINUOUS
10
-0.5937174409448819
20
-0.2234800393700787
11
-0.5931236614173229
21
-0.2223146062992126
0
LINE
8
BLACK
6
CONTINUOUS
10
-0.5931236614173229
20
-0.2223146062992126
11
-0.6095104724409449
21
-0.2059277952755905
0
LINE
8
BLACK
6
CONTINUOUS
10
-0.6095104724409449
20
-0.2059277952755905
11
-0.6102449212598425
21
-0.205032874015748
0
LINE
8
BLACK
6
CONTINUOUS
10
-0.6102449212598425
20
-0.205032874015748
11
-0.6108196456692914
21
-0.2036453543307087
0
LINE
8
BLACK
6
CONTINUOUS
10
-0.6108196456692914
20
-0.2036453543307087
11
-0.6111266929133858
21
-0.202904094488189
0
LINE
8
BLACK
6
CONTINUOUS
10
-0.6111266929133858
20
-0.202904094488189
11
-0.6112401574803149
21
-0.201751968503937
0
LINE
8
BLACK
6
CONTINUOUS
10
-0.6112401574803149
20
-0.201751968503937
11
-0.6112401574803149
21
-0.1285081102362205
0
LINE
8
BLACK
6
CONTINUOUS
10
-0.6112401574803149
20
-0.1285081102362205
11
-0.6145911023622047
21
-0.1268007086614173
0
LINE
8
BLACK
6
CONTINUOUS
10
-0.6145911023622047
20
-0.1268007086614173
11
-0.6180750787401574
21
-0.1233167322834646
0
LINE
8
BLACK
6
CONTINUOUS
10
-0.6180750787401574
20
-0.1233167322834646
11
-0.6203119291338582
21
-0.1189266929133858
0
LINE
8
BLACK
6
CONTINUOUS
10
-0.6203119291338582
20
-0.1189266929133858
11
-0.6210826771653544
21
-0.1140602755905512
0
LINE
8
BLACK
6
CONTINUOUS
10
-0.6210826771653544
20
-0.1140602755905512
11
-0.6203119291338582
21
-0.1091938582677165
0
LINE
8
BLACK
6
CONTINUOUS
10
-0.6203119291338582
20
-0.1091938582677165
11
-0.6180750787401574
21
-0.1048038188976378
0
LINE
8
BLACK
6
CONTINUOUS
10
-0.6180750787401574
20
-0.1048038188976378
11
-0.6145911023622047
21
-0.101319842519685
0
LINE
8
BLACK
6
CONTINUOUS
10
-0.6145911023622047
20
-0.101319842519685
11
-0.610201062992126
21
-0.0990829921259842
0
LINE
8
BLACK
6
CONTINUOUS
10
-0.610201062992126
20
-0.0990829921259842
11
-0.6053346456692913
21
-0.0983122440944882
0
LINE
8
BLACK
6
CONTINUOUS
10
-0.6053346456692913
20
-0.0983122440944882
11
-0.6004682283464566
21
-0.0990829921259842
0
LINE
8
BLACK
6
CONTINUOUS
10
0.3847876771653543
20
-0.1956526377952756
11
0.389177716535433
21
-0.1978894881889764
0
LINE
8
BLACK
6
CONTINUOUS
10
0.389177716535433
20
-0.1978894881889764
11
0.3926616929133858
21
-0.2013734645669291
0
LINE
8
BLACK
6
CONTINUOUS
10
0.3926616929133858
20
-0.2013734645669291
11
0.3948985433070866
21
-0.2057635039370079
0
LINE
8
BLACK
6
CONTINUOUS
10
0.3948985433070866
20
-0.2057635039370079
11
0.3956692913385826
21
-0.2106299212598425
0
LINE
8
BLACK
6
CONTINUOUS
10
0.3956692913385826
20
-0.2106299212598425
11
0.3948985433070866
21
-0.2154963385826772
0
LINE
8
BLACK
6
CONTINUOUS
10
0.3948985433070866
20
-0.2154963385826772
11
0.3926616929133858
21
-0.2198863779527559
0
LINE
8
BLACK
6
CONTINUOUS
10
0.3926616929133858
20
-0.2198863779527559
11
0.389177716535433
21
-0.2233703543307086
0
LINE
8
BLACK
6
CONTINUOUS
10
0.389177716535433
20
-0.2233703543307086
11
0.3847876771653543
21
-0.2256072047244095
0
LINE
8
BLACK
6
CONTINUOUS
10
0.3847876771653543
20
-0.2256072047244095
11
0.3799212598425197
21
-0.2263779527559055
0
LINE
8
BLACK
6
CONTINUOUS
10
0.3799212598425197
20
-0.2263779527559055
11
0.375054842519685
21
-0.2256072047244095
0
LINE
8
BLACK
6
CONTINUOUS
10
0.375054842519685
20
-0.2256072047244095
11
0.3729672834645669
21
-0.2245435433070866
0
LINE
8
BLACK
6
CONTINUOUS
10
0.3729672834645669
20
-0.2245435433070866
11
0.3671259842519685
21
-0.2303848818897638
0
LINE
8
BLACK
6
CONTINUOUS
10
0.3671259842519685
20
-0.2303848818897638
11
0.3671259842519685
21
-0.5629221653543307
0
LINE
8
BLACK
6
CONTINUOUS
10
0.3671259842519685
20
-0.5629221653543307
11
0.4606998818897638
21
-0.6564960629921259
0
LINE
8
BLACK
6
CONTINUOUS
10
0.4606998818897638
20
-0.6564960629921259
11
0.5322947637795276
21
-0.6564960629921259
0
LINE
8
BLACK
6
CONTINUOUS
10
0.5322947637795276
20
-0.6564960629921259
11
0.5345036614173229
21
-0.6521608661417323
0
LINE
8
BLACK
6
CONTINUOUS
10
0.5345036614173229
20
-0.6521608661417323
11
0.5379876377952756
21
-0.6486768897637795
0
LINE
8
BLACK
6
CONTINUOUS
10
0.5379876377952756
20
-0.6486768897637795
11
0.5423776771653543
21
-0.6464400393700788
0
LINE
8
BLACK
6
CONTINUOUS
10
0.5423776771653543
20
-0.6464400393700788
11
0.547244094488189
21
-0.6456692913385826
0
LINE
8
BLACK
6
CONTINUOUS
10
0.547244094488189
20
-0.6456692913385826
11
0.5521105118110237
21
-0.6464400393700788
0
LINE
8
BLACK
6
CONTINUOUS
10
0.5521105118110237
20
-0.6464400393700788
11
0.5565005511811023
21
-0.6486768897637795
0
LINE
8
BLACK
6
CONTINUOUS
10
0.5565005511811023
20
-0.6486768897637795
11
0.5599845275590551
21
-0.6521608661417323
0
LINE
8
BLACK
6
CONTINUOUS
10
0.5599845275590551
20
-0.6521608661417323
11
0.5622213779527558
21
-0.6565509055118111
0
LINE
8
BLACK
6
CONTINUOUS
10
0.5622213779527558
20
-0.6565509055118111
11
0.562992125984252
21
-0.6614173228346456
0
LINE
8
BLACK
6
CONTINUOUS
10
0.562992125984252
20
-0.6614173228346456
11
0.5622213779527558
21
-0.6662837401574803
0
LINE
8
BLACK
6
CONTINUOUS
10
0.5622213779527558
20
-0.6662837401574803
11
0.5599845275590551
21
-0.670673779527559
0
LINE
8
BLACK
6
CONTINUOUS
10
0.5599845275590551
20
-0.670673779527559
11
0.5565005511811023
21
-0.6741577559055117
0
LINE
8
BLACK
6
CONTINUOUS
10
0.5565005511811023
20
-0.6741577559055117
11
0.5521105118110237
21
-0.6763946062992126
0
LINE
8
BLACK
6
CONTINUOUS
10
0.5521105118110237
20
-0.6763946062992126
11
0.547244094488189
21
-0.6771653543307087
0
LINE
8
BLACK
6
CONTINUOUS
10
0.547244094488189
20
-0.6771653543307087
11
0.5423776771653543
21
-0.6763946062992126
0
LINE
8
BLACK
6
CONTINUOUS
10
0.5423776771653543
20
-0.6763946062992126
11
0.5379876377952756
21
-0.6741577559055117
0
LINE
8
BLACK
6
CONTINUOUS
10
0.5379876377952756
20
-0.6741577559055117
11
0.5345036614173229
21
-0.670673779527559
0
LINE
8
BLACK
6
CONTINUOUS
10
0.5345036614173229
20
-0.670673779527559
11
0.5322947637795276
21
-0.6663385826771654
0
LINE
8
BLACK
6
CONTINUOUS
10
0.5322947637795276
20
-0.6663385826771654
11
0.4586614173228346
21
-0.6663385826771654
0
LINE
8
BLACK
6
CONTINUOUS
10
0.4586614173228346
20
-0.6663385826771654
11
0.4577013385826771
21
-0.6662440157480315
0
LINE
8
BLACK
6
CONTINUOUS
10
0.4577013385826771
20
-0.6662440157480315
11
0.4577012992125984
21
-0.6662440157480315
0
LINE
8
BLACK
6
CONTINUOUS
10
0.4577012992125984
20
-0.6662440157480315
11
0.4569664960629921
21
-0.6659396062992126
0
LINE
8
BLACK
6
CONTINUOUS
10
0.4569664960629921
20
-0.6659396062992126
11
0.4559273228346457
21
-0.6655092125984252
0
LINE
8
BLACK
6
CONTINUOUS
10
0.4559273228346457
20
-0.6655092125984252
11
0.4559272834645669
21
-0.6655091732283465
0
LINE
8
BLACK
6
CONTINUOUS
10
0.4559272834645669
20
-0.6655091732283465
11
0.4551815354330709
21
-0.6648971653543307
0
LINE
8
BLACK
6
CONTINUOUS
10
0.4551815354330709
20
-0.6648971653543307
11
0.3587248818897638
21
-0.5684404724409449
0
LINE
8
BLACK
6
CONTINUOUS
10
0.3587248818897638
20
-0.5684404724409449
11
0.358113031496063
21
-0.5676949212598426
0
LINE
8
BLACK
6
CONTINUOUS
10
0.358113031496063
20
-0.5676949212598426
11
0.3581128346456693
21
-0.5676947244094488
0
LINE
8
BLACK
6
CONTINUOUS
10
0.3581128346456693
20
-0.5676947244094488
11
0.357378031496063
21
-0.5659207086614173
0
LINE
8
BLACK
6
CONTINUOUS
10
0.357378031496063
20
-0.5659207086614173
11
0.3572834645669291
21
-0.5649606299212598
0
LINE
8
BLACK
6
CONTINUOUS
10
0.3572834645669291
20
-0.5649606299212598
11
0.3572834645669291
21
-0.2283464566929134
0
LINE
8
BLACK
6
CONTINUOUS
10
0.3572834645669291
20
-0.2283464566929134
11
0.357378031496063
21
-0.2273863779527559
0
LINE
8
BLACK
6
CONTINUOUS
10
0.357378031496063
20
-0.2273863779527559
11
0.3581128346456693
21
-0.2256123622047244
0
LINE
8
BLACK
6
CONTINUOUS
10
0.3581128346456693
20
-0.2256123622047244
11
0.358113031496063
21
-0.225612125984252
0
LINE
8
BLACK
6
CONTINUOUS
10
0.358113031496063
20
-0.225612125984252
11
0.3587248818897638
21
-0.2248666141732283
0
LINE
8
BLACK
6
CONTINUOUS
10
0.3587248818897638
20
-0.2248666141732283
11
0.3660075984251969
21
-0.2175838582677165
0
LINE
8
BLACK
6
CONTINUOUS
10
0.3660075984251969
20
-0.2175838582677165
11
0.3649439763779527
21
-0.2154963385826772
0
LINE
8
BLACK
6
CONTINUOUS
10
0.3649439763779527
20
-0.2154963385826772
11
0.3641732283464567
21
-0.2106299212598425
0
LINE
8
BLACK
6
CONTINUOUS
10
0.3641732283464567
20
-0.2106299212598425
11
0.3649439763779527
21
-0.2057635039370079
0
LINE
8
BLACK
6
CONTINUOUS
10
0.3649439763779527
20
-0.2057635039370079
11
0.3671808267716535
21
-0.2013734645669291
0
LINE
8
BLACK
6
CONTINUOUS
10
0.3671808267716535
20
-0.2013734645669291
11
0.3706648031496063
21
-0.1978894881889764
0
LINE
8
BLACK
6
CONTINUOUS
10
0.3706648031496063
20
-0.1978894881889764
11
0.375054842519685
21
-0.1956526377952756
0
LINE
8
BLACK
6
CONTINUOUS
10
0.375054842519685
20
-0.1956526377952756
11
0.3799212598425197
21
-0.1948818897637795
0
LINE
8
BLACK
6
CONTINUOUS
10
0.3799212598425197
20
-0.1948818897637795
11
0.3847876771653543
21
-0.1956526377952756
0
LINE
8
BLACK
6
CONTINUOUS
10
0.4458112992125984
20
-0.158251062992126
11
0.4502013385826771
21
-0.1604879133858268
0
LINE
8
BLACK
6
CONTINUOUS
10
0.4502013385826771
20
-0.1604879133858268
11
0.4536853149606299
21
-0.1639718897637795
0
LINE
8
BLACK
6
CONTINUOUS
10
0.4536853149606299
20
-0.1639718897637795
11
0.4559221653543307
21
-0.1683619291338583
0
LINE
8
BLACK
6
CONTINUOUS
10
0.4559221653543307
20
-0.1683619291338583
11
0.4566929133858267
21
-0.1732283464566929
0
LINE
8
BLACK
6
CONTINUOUS
10
0.4566929133858267
20
-0.1732283464566929
11
0.4559221653543307
21
-0.1780947637795275
0
LINE
8
BLACK
6
CONTINUOUS
10
0.4559221653543307
20
-0.1780947637795275
11
0.4536853149606299
21
-0.1824848031496063
0
LINE
8
BLACK
6
CONTINUOUS
10
0.4536853149606299
20
-0.1824848031496063
11
0.4502013385826771
21
-0.1859687795275591
0
LINE
8
BLACK
6
CONTINUOUS
10
0.4502013385826771
20
-0.1859687795275591
11
0.4458112992125984
21
-0.1882056299212598
0
LINE
8
BLACK
6
CONTINUOUS
10
0.4458112992125984
20
-0.1882056299212598
11
0.4409448818897638
21
-0.1889763779527559
0
LINE
8
BLACK
6
CONTINUOUS
10
0.4409448818897638
20
-0.1889763779527559
11
0.4360784645669291
21
-0.1882056299212598
0
LINE
8
BLACK
6
CONTINUOUS
10
0.4360784645669291
20
-0.1882056299212598
11
0.4316884251968504
21
-0.1859687795275591
0
LINE
8
BLACK
6
CONTINUOUS
10
0.4316884251968504
20
-0.1859687795275591
11
0.4287905118110236
21
-0.1830708661417323
0
LINE
8
BLACK
6
CONTINUOUS
10
0.4287905118110236
20
-0.1830708661417323
11
0.3584075984251968
21
-0.1830708661417323
0
LINE
8
BLACK
6
CONTINUOUS
10
0.3584075984251968
20
-0.1830708661417323
11
0.0357983070866142
21
-0.5056801968503937
0
LINE
8
BLACK
6
CONTINUOUS
10
0.0357983070866142
20
-0.5056801968503937
11
0.034306968503937
21
-0.5069040157480315
0
LINE
8
BLACK
6
CONTINUOUS
10
0.034306968503937
20
-0.5069040157480315
11
0.034306811023622
21
-0.5069042125984252
0
LINE
8
BLACK
6
CONTINUOUS
10
0.034306811023622
20
-0.5069042125984252
11
0.0307587795275591
21
-0.5083738582677165
0
LINE
8
BLACK
6
CONTINUOUS
10
0.0307587795275591
20
-0.5083738582677165
11
0.0288385826771654
21
-0.5085629921259842
0
LINE
8
BLACK
6
CONTINUOUS
10
0.0288385826771654
20
-0.5085629921259842
11
0.0207173622047244
21
-0.5085629921259842
0
LINE
8
BLACK
6
CONTINUOUS
10
0.0207173622047244
20
-0.5085629921259842
11
0.0178194488188976
21
-0.511460905511811
0
LINE
8
BLACK
6
CONTINUOUS
10
0.0178194488188976
20
-0.511460905511811
11
0.0134294094488189
21
-0.5136977559055118
0
LINE
8
BLACK
6
CONTINUOUS
10
0.0134294094488189
20
-0.5136977559055118
11
0.0085629921259843
21
-0.5144685039370078
0
LINE
8
BLACK
6
CONTINUOUS
10
0.0085629921259843
20
-0.5144685039370078
11
0.0036965748031496
21
-0.5136977559055118
0
LINE
8
BLACK
6
CONTINUOUS
10
0.0036965748031496
20
-0.5136977559055118
11
-0.0006934645669291
21
-0.511460905511811
0
LINE
8
BLACK
6
CONTINUOUS
10
-0.0006934645669291
20
-0.511460905511811
11
-0.0041774409448819
21
-0.5079769291338583
0
LINE
8
BLACK
6
CONTINUOUS
10
-0.0041774409448819
20
-0.5079769291338583
11
-0.0064142913385827
21
-0.5035868897637795
0
LINE
8
BLACK
6
CONTINUOUS
10
-0.0064142913385827
20
-0.5035868897637795
11
-0.0071850393700787
21
-0.4987204724409449
0
LINE
8
BLACK
6
CONTINUOUS
10
-0.0071850393700787
20
-0.4987204724409449
11
-0.0064142913385827
21
-0.4938540551181102
0
LINE
8
BLACK
6
CONTINUOUS
10
-0.0064142913385827
20
-0.4938540551181102
11
-0.0041774409448819
21
-0.4894640157480315
0
LINE
8
BLACK
6
CONTINUOUS
10
-0.0041774409448819
20
-0.4894640157480315
11
-0.0006934645669291
21
-0.4859800393700787
0
LINE
8
BLACK
6
CONTINUOUS
10
-0.0006934645669291
20
-0.4859800393700787
11
0.0036965748031496
21
-0.483743188976378
0
LINE
8
BLACK
6
CONTINUOUS
10
0.0036965748031496
20
-0.483743188976378
11
0.0085629921259843
21
-0.4829724409448819
0
LINE
8
BLACK
6
CONTINUOUS
10
0.0085629921259843
20
-0.4829724409448819
11
0.0134294094488189
21
-0.483743188976378
0
LINE
8
BLACK
6
CONTINUOUS
10
0.0134294094488189
20
-0.483743188976378
11
0.0178194488188976
21
-0.4859800393700787
0
LINE
8
BLACK
6
CONTINUOUS
10
0.0178194488188976
20
-0.4859800393700787
11
0.0207173622047244
21
-0.4888779527559055
0
LINE
8
BLACK
6
CONTINUOUS
10
0.0207173622047244
20
-0.4888779527559055
11
0.0247616535433071
21
-0.4888779527559055
0
LINE
8
BLACK
6
CONTINUOUS
10
0.0247616535433071
20
-0.4888779527559055
11
0.3473710236220472
21
-0.1662686220472441
0
LINE
8
BLACK
6
CONTINUOUS
10
0.3473710236220472
20
-0.1662686220472441
11
0.3488625196850393
21
-0.1650445669291339
0
LINE
8
BLACK
6
CONTINUOUS
10
0.3488625196850393
20
-0.1650445669291339
11
0.3524105511811024
21
-0.1635749212598425
0
LINE
8
BLACK
6
CONTINUOUS
10
0.3524105511811024
20
-0.1635749212598425
11
0.352410905511811
21
-0.1635749212598425
0
LINE
8
BLACK
6
CONTINUOUS
10
0.352410905511811
20
-0.1635749212598425
11
0.3543307086614173
21
-0.1633858267716535
0
LINE
8
BLACK
6
CONTINUOUS
10
0.3543307086614173
20
-0.1633858267716535
11
0.4287905118110236
21
-0.1633858267716535
0
LINE
8
BLACK
6
CONTINUOUS
10
0.4287905118110236
20
-0.1633858267716535
11
0.4316884251968504
21
-0.1604879133858268
0
LINE
8
BLACK
6
CONTINUOUS
10
0.4316884251968504
20
-0.1604879133858268
11
0.4360784645669291
21
-0.158251062992126
0
LINE
8
BLACK
6
CONTINUOUS
10
0.4360784645669291
20
-0.158251062992126
11
0.4409448818897638
21
-0.1574803149606299
0
LINE
8
BLACK
6
CONTINUOUS
10
0.4409448818897638
20
-0.1574803149606299
11
0.4458112992125984
21
-0.158251062992126
0
LINE
8
BLACK
6
CONTINUOUS
10
-0.7214414960629921
20
-0.6054095275590551
11
-0.7214414566929134
21
-0.6054095275590551
0
LINE
8
BLACK
6
CONTINUOUS
10
-0.7214414566929134
20
-0.6054095275590551
11
-0.7209218897637795
21
-0.6056247244094488
0
LINE
8
BLACK
6
CONTINUOUS
10
-0.7209218897637795
20
-0.6056247244094488
11
-0.7196674803149606
21
-0.6061443307086614
0
LINE
8
BLACK
6
CONTINUOUS
10
-0.7196674803149606
20
-0.6061443307086614
11
-0.7196672834645669
21
-0.6061445275590551
0
LINE
8
BLACK
6
CONTINUOUS
10
-0.7196672834645669
20
-0.6061445275590551
11
-0.7189217322834646
21
-0.6067563779527559
0
LINE
8
BLACK
6
CONTINUOUS
10
-0.7189217322834646
20
-0.6067563779527559
11
-0.6850838976377953
21
-0.6405942125984252
0
LINE
8
BLACK
6
CONTINUOUS
10
-0.6850838976377953
20
-0.6405942125984252
11
-0.6829963385826772
21
-0.6395305905511811
0
LINE
8
BLACK
6
CONTINUOUS
10
-0.6829963385826772
20
-0.6395305905511811
11
-0.6781299212598425
21
-0.638759842519685
0
LINE
8
BLACK
6
CONTINUOUS
10
-0.6781299212598425
20
-0.638759842519685
11
-0.6732635039370078
21
-0.6395305905511811
0
LINE
8
BLACK
6
CONTINUOUS
10
-0.6732635039370078
20
-0.6395305905511811
11
-0.6688734645669291
21
-0.6417674409448819
0
LINE
8
BLACK
6
CONTINUOUS
10
-0.6688734645669291
20
-0.6417674409448819
11
-0.6653894881889764
21
-0.6452514173228346
0
LINE
8
BLACK
6
CONTINUOUS
10
-0.6653894881889764
20
-0.6452514173228346
11
-0.6631526377952756
21
-0.6496414566929134
0
LINE
8
BLACK
6
CONTINUOUS
10
-0.6631526377952756
20
-0.6496414566929134
11
-0.6623818897637795
21
-0.6545078740157481
0
LINE
8
BLACK
6
CONTINUOUS
10
-0.6623818897637795
20
-0.6545078740157481
11
-0.6631526377952756
21
-0.6593742913385826
0
LINE
8
BLACK
6
CONTINUOUS
10
-0.6631526377952756
20
-0.6593742913385826
11
-0.6653894881889764
21
-0.6637643307086614
0
LINE
8
BLACK
6
CONTINUOUS
10
-0.6653894881889764
20
-0.6637643307086614
11
-0.6688734645669291
21
-0.6672483070866142
0
LINE
8
BLACK
6
CONTINUOUS
10
-0.6688734645669291
20
-0.6672483070866142
11
-0.6732635039370078
21
-0.6694851574803149
0
LINE
8
BLACK
6
CONTINUOUS
10
-0.6732635039370078
20
-0.6694851574803149
11
-0.6781299212598425
21
-0.670255905511811
0
LINE
8
BLACK
6
CONTINUOUS
10
-0.6781299212598425
20
-0.670255905511811
11
-0.6829963385826772
21
-0.6694851574803149
0
LINE
8
BLACK
6
CONTINUOUS
10
-0.6829963385826772
20
-0.6694851574803149
11
-0.6873863779527559
21
-0.6672483070866142
0
LINE
8
BLACK
6
CONTINUOUS
10
-0.6873863779527559
20
-0.6672483070866142
11
-0.6908703543307086
21
-0.6637643307086614
0
LINE
8
BLACK
6
CONTINUOUS
10
-0.6908703543307086
20
-0.6637643307086614
11
-0.6931072047244095
21
-0.6593742913385826
0
LINE
8
BLACK
6
CONTINUOUS
10
-0.6931072047244095
20
-0.6593742913385826
11
-0.6938779527559055
21
-0.6545078740157481
0
LINE
8
BLACK
6
CONTINUOUS
10
-0.6938779527559055
20
-0.6545078740157481
11
-0.6931072047244095
21
-0.6496414566929134
0
LINE
8
BLACK
6
CONTINUOUS
10
-0.6931072047244095
20
-0.6496414566929134
11
-0.6920435826771654
21
-0.6475538976377953
0
LINE
8
BLACK
6
CONTINUOUS
10
-0.6920435826771654
20
-0.6475538976377953
11
-0.72444
21
-0.6151574803149606
0
LINE
8
BLACK
6
CONTINUOUS
10
-0.72444
20
-0.6151574803149606
11
-1.0826072440944883
21
-0.6151574803149606
0
LINE
8
BLACK
6
CONTINUOUS
10
-1.0826072440944883
20
-0.6151574803149606
11
-1.108133622047244
21
-0.6406838188976378
0
LINE
8
BLACK
6
CONTINUOUS
10
-1.108133622047244
20
-0.6406838188976378
11
-1.1070699606299212
21
-0.6427713779527559
0
LINE
8
BLACK
6
CONTINUOUS
10
-1.1070699606299212
20
-0.6427713779527559
11
-1.1062992125984252
21
-0.6476377952755905
0
LINE
8
BLACK
6
CONTINUOUS
10
-1.1062992125984252
20
-0.6476377952755905
11
-1.1070699606299212
21
-0.6525042125984252
0
LINE
8
BLACK
6
CONTINUOUS
10
-1.1070699606299212
20
-0.6525042125984252
11
-1.1093068110236219
21
-0.6568942519685039
0
LINE
8
BLACK
6
CONTINUOUS
10
-1.1093068110236219
20
-0.6568942519685039
11
-1.1127907874015748
21
-0.6603782283464567
0
LINE
8
BLACK
6
CONTINUOUS
10
-1.1127907874015748
20
-0.6603782283464567
11
-1.1171808267716534
21
-0.6626150787401575
0
LINE
8
BLACK
6
CONTINUOUS
10
-1.1171808267716534
20
-0.6626150787401575
11
-1.1220472440944882
21
-0.6633858267716535
0
LINE
8
BLACK
6
CONTINUOUS
10
-1.1220472440944882
20
-0.6633858267716535
11
-1.1269136614173227
21
-0.6626150787401575
0
LINE
8
BLACK
6
CONTINUOUS
10
-1.1269136614173227
20
-0.6626150787401575
11
-1.1313037007874016
21
-0.6603782283464567
0
LINE
8
BLACK
6
CONTINUOUS
10
-1.1313037007874016
20
-0.6603782283464567
11
-1.1347876771653542
21
-0.6568942519685039
0
LINE
8
BLACK
6
CONTINUOUS
10
-1.1347876771653542
20
-0.6568942519685039
11
-1.1370245275590551
21
-0.6525042125984252
0
LINE
8
BLACK
6
CONTINUOUS
10
-1.1370245275590551
20
-0.6525042125984252
11
-1.1377952755905512
21
-0.6476377952755905
0
LINE
8
BLACK
6
CONTINUOUS
10
-1.1377952755905512
20
-0.6476377952755905
11
-1.1370245275590551
21
-0.6427713779527559
0
LINE
8
BLACK
6
CONTINUOUS
10
-1.1370245275590551
20
-0.6427713779527559
11
-1.1347876771653542
21
-0.6383813385826772
0
LINE
8
BLACK
6
CONTINUOUS
10
-1.1347876771653542
20
-0.6383813385826772
11
-1.1313037007874016
21
-0.6348973622047244
0
LINE
8
BLACK
6
CONTINUOUS
10
-1.1313037007874016
20
-0.6348973622047244
11
-1.1269136614173227
21
-0.6326605118110236
0
LINE
8
BLACK
6
CONTINUOUS
10
-1.1269136614173227
20
-0.6326605118110236
11
-1.1220472440944882
21
-0.6318897637795275
0
LINE
8
BLACK
6
CONTINUOUS
10
-1.1220472440944882
20
-0.6318897637795275
11
-1.1171808267716534
21
-0.6326605118110236
0
LINE
8
BLACK
6
CONTINUOUS
10
-1.1171808267716534
20
-0.6326605118110236
11
-1.1150933070866142
21
-0.6337241338582678
0
LINE
8
BLACK
6
CONTINUOUS
10
-1.1150933070866142
20
-0.6337241338582678
11
-1.0881255118110236
21
-0.6067563779527559
0
LINE
8
BLACK
6
CONTINUOUS
10
-1.0881255118110236
20
-0.6067563779527559
11
-1.08738
21
-0.6061445275590551
0
LINE
8
BLACK
6
CONTINUOUS
10
-1.08738
20
-0.6061445275590551
11
-1.0873797637795275
21
-0.6061443307086614
0
LINE
8
BLACK
6
CONTINUOUS
10
-1.0873797637795275
20
-0.6061443307086614
11
-1.0861253937007873
21
-0.6056247244094488
0
LINE
8
BLACK
6
CONTINUOUS
10
-1.0861253937007873
20
-0.6056247244094488
11
-1.0856057874015748
21
-0.6054095275590551
0
LINE
8
BLACK
6
CONTINUOUS
10
-1.0856057874015748
20
-0.6054095275590551
11
-1.085605748031496
21
-0.6054095275590551
0
LINE
8
BLACK
6
CONTINUOUS
10
-1.085605748031496
20
-0.6054095275590551
11
-1.0846456692913387
21
-0.6053149606299213
0
LINE
8
BLACK
6
CONTINUOUS
10
-1.0846456692913387
20
-0.6053149606299213
11
-0.7224015748031496
21
-0.6053149606299213
0
LINE
8
BLACK
6
CONTINUOUS
10
-0.7224015748031496
20
-0.6053149606299213
11
-0.7214414960629921
21
-0.6054095275590551
0
LINE
8
BLACK
6
CONTINUOUS
10
0.3493546062992126
20
-0.6326605118110236
11
0.3537446456692913
21
-0.6348973622047244
0
LINE
8
BLACK
6
CONTINUOUS
10
0.3537446456692913
20
-0.6348973622047244
11
0.3572286220472441
21
-0.6383813385826772
0
LINE
8
BLACK
6
CONTINUOUS
10
0.3572286220472441
20
-0.6383813385826772
11
0.3594654724409449
21
-0.6427713779527559
0
LINE
8
BLACK
6
CONTINUOUS
10
0.3594654724409449
20
-0.6427713779527559
11
0.3602362204724409
21
-0.6476377952755905
0
LINE
8
BLACK
6
CONTINUOUS
10
0.3602362204724409
20
-0.6476377952755905
11
0.3594654724409449
21
-0.6525042125984252
0
LINE
8
BLACK
6
CONTINUOUS
10
0.3594654724409449
20
-0.6525042125984252
11
0.3572286220472441
21
-0.6568942519685039
0
LINE
8
BLACK
6
CONTINUOUS
10
0.3572286220472441
20
-0.6568942519685039
11
0.3537446456692913
21
-0.6603782283464567
0
LINE
8
BLACK
6
CONTINUOUS
10
0.3537446456692913
20
-0.6603782283464567
11
0.3493546062992126
21
-0.6626150787401575
0
LINE
8
BLACK
6
CONTINUOUS
10
0.3493546062992126
20
-0.6626150787401575
11
0.344488188976378
21
-0.6633858267716535
0
LINE
8
BLACK
6
CONTINUOUS
10
0.344488188976378
20
-0.6633858267716535
11
0.3396217716535433
21
-0.6626150787401575
0
LINE
8
BLACK
6
CONTINUOUS
10
0.3396217716535433
20
-0.6626150787401575
11
0.3352317322834645
21
-0.6603782283464567
0
LINE
8
BLACK
6
CONTINUOUS
10
0.3352317322834645
20
-0.6603782283464567
11
0.3317477559055118
21
-0.6568942519685039
0
LINE
8
BLACK
6
CONTINUOUS
10
0.3317477559055118
20
-0.6568942519685039
11
0.329510905511811
21
-0.6525042125984252
0
LINE
8
BLACK
6
CONTINUOUS
10
0.329510905511811
20
-0.6525042125984252
11
0.3287401574803149
21
-0.6476377952755905
0
LINE
8
BLACK
6
CONTINUOUS
10
0.3287401574803149
20
-0.6476377952755905
11
0.329510905511811
21
-0.6427713779527559
0
LINE
8
BLACK
6
CONTINUOUS
10
0.329510905511811
20
-0.6427713779527559
11
0.3317477559055118
21
-0.6383813385826772
0
LINE
8
BLACK
6
CONTINUOUS
10
0.3317477559055118
20
-0.6383813385826772
11
0.3352317322834645
21
-0.6348973622047244
0
LINE
8
BLACK
6
CONTINUOUS
10
0.3352317322834645
20
-0.6348973622047244
11
0.3396217716535433
21
-0.6326605118110236
0
LINE
8
BLACK
6
CONTINUOUS
10
0.3396217716535433
20
-0.6326605118110236
11
0.344488188976378
21
-0.6318897637795275
0
LINE
8
BLACK
6
CONTINUOUS
10
0.344488188976378
20
-0.6318897637795275
11
0.3493546062992126
21
-0.6326605118110236
0
LINE
8
BLACK
6
CONTINUOUS
10
0.5068349212598425
20
-0.5913219291338583
11
0.5112249606299213
21
-0.5935587795275591
0
LINE
8
BLACK
6
CONTINUOUS
10
0.5112249606299213
20
-0.5935587795275591
11
0.514708937007874
21
-0.5970427559055118
0
LINE
8
BLACK
6
CONTINUOUS
10
0.514708937007874
20
-0.5970427559055118
11
0.5169457874015748
21
-0.6014327952755906
0
LINE
8
BLACK
6
CONTINUOUS
10
0.5169457874015748
20
-0.6014327952755906
11
0.5177165354330708
21
-0.6062992125984252
0
LINE
8
BLACK
6
CONTINUOUS
10
0.5177165354330708
20
-0.6062992125984252
11
0.5169457874015748
21
-0.6111656299212598
0
LINE
8
BLACK
6
CONTINUOUS
10
0.5169457874015748
20
-0.6111656299212598
11
0.514708937007874
21
-0.6155556692913385
0
LINE
8
BLACK
6
CONTINUOUS
10
0.514708937007874
20
-0.6155556692913385
11
0.5112249606299213
21
-0.6190396456692914
0
LINE
8
BLACK
6
CONTINUOUS
10
0.5112249606299213
20
-0.6190396456692914
11
0.5068349212598425
21
-0.6212764960629921
0
LINE
8
BLACK
6
CONTINUOUS
10
0.5068349212598425
20
-0.6212764960629921
11
0.5019685039370079
21
-0.6220472440944882
0
LINE
8
BLACK
6
CONTINUOUS
10
0.5019685039370079
20
-0.6220472440944882
11
0.4971020866141732
21
-0.6212764960629921
0
LINE
8
BLACK
6
CONTINUOUS
10
0.4971020866141732
20
-0.6212764960629921
11
0.4927120472440945
21
-0.6190396456692914
0
LINE
8
BLACK
6
CONTINUOUS
10
0.4927120472440945
20
-0.6190396456692914
11
0.4892280708661417
21
-0.6155556692913385
0
LINE
8
BLACK
6
CONTINUOUS
10
0.4892280708661417
20
-0.6155556692913385
11
0.4869912204724409
21
-0.6111656299212598
0
LINE
8
BLACK
6
CONTINUOUS
10
0.4869912204724409
20
-0.6111656299212598
11
0.4862204724409449
21
-0.6062992125984252
0
LINE
8
BLACK
6
CONTINUOUS
10
0.4862204724409449
20
-0.6062992125984252
11
0.4869912204724409
21
-0.6014327952755906
0
LINE
8
BLACK
6
CONTINUOUS
10
0.4869912204724409
20
-0.6014327952755906
11
0.4892280708661417
21
-0.5970427559055118
0
LINE
8
BLACK
6
CONTINUOUS
10
0.4892280708661417
20
-0.5970427559055118
11
0.4927120472440945
21
-0.5935587795275591
0
LINE
8
BLACK
6
CONTINUOUS
10
0.4927120472440945
20
-0.5935587795275591
11
0.4971020866141732
21
-0.5913219291338583
0
LINE
8
BLACK
6
CONTINUOUS
10
0.4971020866141732
20
-0.5913219291338583
11
0.5019685039370079
21
-0.5905511811023622
0
LINE
8
BLACK
6
CONTINUOUS
10
0.5019685039370079
20
-0.5905511811023622
11
0.5068349212598425
21
-0.5913219291338583
0
LINE
8
BLACK
6
CONTINUOUS
10
0.5278032677165354
20
-0.5250779921259843
11
0.5321933070866142
21
-0.5273148425196851
0
LINE
8
BLACK
6
CONTINUOUS
10
0.5321933070866142
20
-0.5273148425196851
11
0.5356772834645669
21
-0.5307988188976378
0
LINE
8
BLACK
6
CONTINUOUS
10
0.5356772834645669
20
-0.5307988188976378
11
0.5379141338582677
21
-0.5351888582677166
0
LINE
8
BLACK
6
CONTINUOUS
10
0.5379141338582677
20
-0.5351888582677166
11
0.5386848818897638
21
-0.5400552755905512
0
LINE
8
BLACK
6
CONTINUOUS
10
0.5386848818897638
20
-0.5400552755905512
11
0.5379141338582677
21
-0.5449216929133858
0
LINE
8
BLACK
6
CONTINUOUS
10
0.5379141338582677
20
-0.5449216929133858
11
0.5356772834645669
21
-0.5493117322834645
0
LINE
8
BLACK
6
CONTINUOUS
10
0.5356772834645669
20
-0.5493117322834645
11
0.5321933070866142
21
-0.5527957086614174
0
LINE
8
BLACK
6
CONTINUOUS
10
0.5321933070866142
20
-0.5527957086614174
11
0.5278032677165354
21
-0.5550325590551181
0
LINE
8
BLACK
6
CONTINUOUS
10
0.5278032677165354
20
-0.5550325590551181
11
0.5229368503937007
21
-0.5558033070866142
0
LINE
8
BLACK
6
CONTINUOUS
10
0.5229368503937007
20
-0.5558033070866142
11
0.5180704330708661
21
-0.5550325590551181
0
LINE
8
BLACK
6
CONTINUOUS
10
0.5180704330708661
20
-0.5550325590551181
11
0.5136803937007874
21
-0.5527957086614174
0
LINE
8
BLACK
6
CONTINUOUS
10
0.5136803937007874
20
-0.5527957086614174
11
0.5101964173228346
21
-0.5493117322834645
0
LINE
8
BLACK
6
CONTINUOUS
10
0.5101964173228346
20
-0.5493117322834645
11
0.5079595669291338
21
-0.5449216929133858
0
LINE
8
BLACK
6
CONTINUOUS
10
0.5079595669291338
20
-0.5449216929133858
11
0.5071888188976378
21
-0.5400552755905512
0
LINE
8
BLACK
6
CONTINUOUS
10
0.5071888188976378
20
-0.5400552755905512
11
0.5079595669291338
21
-0.5351888582677166
0
LINE
8
BLACK
6
CONTINUOUS
10
0.5079595669291338
20
-0.5351888582677166
11
0.5101964173228346
21
-0.5307988188976378
0
LINE
8
BLACK
6
CONTINUOUS
10
0.5101964173228346
20
-0.5307988188976378
11
0.5136803937007874
21
-0.5273148425196851
0
LINE
8
BLACK
6
CONTINUOUS
10
0.5136803937007874
20
-0.5273148425196851
11
0.5180704330708661
21
-0.5250779921259843
0
LINE
8
BLACK
6
CONTINUOUS
10
0.5180704330708661
20
-0.5250779921259843
11
0.5229368503937007
21
-0.5243072440944881
0
LINE
8
BLACK
6
CONTINUOUS
10
0.5229368503937007
20
-0.5243072440944881
11
0.5278032677165354
21
-0.5250779921259843
0
LINE
8
BLACK
6
CONTINUOUS
10
0.4261262598425197
20
-0.4968337401574803
11
0.4305162992125984
21
-0.4990705905511811
0
LINE
8
BLACK
6
CONTINUOUS
10
0.4305162992125984
20
-0.4990705905511811
11
0.4340002755905512
21
-0.5025545669291338
0
LINE
8
BLACK
6
CONTINUOUS
10
0.4340002755905512
20
-0.5025545669291338
11
0.436237125984252
21
-0.5069446062992126
0
LINE
8
BLACK
6
CONTINUOUS
10
0.436237125984252
20
-0.5069446062992126
11
0.437007874015748
21
-0.5118110236220472
0
LINE
8
BLACK
6
CONTINUOUS
10
0.437007874015748
20
-0.5118110236220472
11
0.436237125984252
21
-0.5166774409448819
0
LINE
8
BLACK
6
CONTINUOUS
10
0.436237125984252
20
-0.5166774409448819
11
0.4340002755905512
21
-0.5210674803149606
0
LINE
8
BLACK
6
CONTINUOUS
10
0.4340002755905512
20
-0.5210674803149606
11
0.4305162992125984
21
-0.5245514566929134
0
LINE
8
BLACK
6
CONTINUOUS
10
0.4305162992125984
20
-0.5245514566929134
11
0.4261262598425197
21
-0.5267883070866142
0
LINE
8
BLACK
6
CONTINUOUS
10
0.4261262598425197
20
-0.5267883070866142
11
0.421259842519685
21
-0.5275590551181102
0
LINE
8
BLACK
6
CONTINUOUS
10
0.421259842519685
20
-0.5275590551181102
11
0.4163934251968504
21
-0.5267883070866142
0
LINE
8
BLACK
6
CONTINUOUS
10
0.4163934251968504
20
-0.5267883070866142
11
0.4120033858267717
21
-0.5245514566929134
0
LINE
8
BLACK
6
CONTINUOUS
10
0.4120033858267717
20
-0.5245514566929134
11
0.4085194094488189
21
-0.5210674803149606
0
LINE
8
BLACK
6
CONTINUOUS
10
0.4085194094488189
20
-0.5210674803149606
11
0.4062825590551181
21
-0.5166774409448819
0
LINE
8
BLACK
6
CONTINUOUS
10
0.4062825590551181
20
-0.5166774409448819
11
0.405511811023622
21
-0.5118110236220472
0
LINE
8
BLACK
6
CONTINUOUS
10
0.405511811023622
20
-0.5118110236220472
11
0.4062825590551181
21
-0.5069446062992126
0
LINE
8
BLACK
6
CONTINUOUS
10
0.4062825590551181
20
-0.5069446062992126
11
0.4085194094488189
21
-0.5025545669291338
0
LINE
8
BLACK
6
CONTINUOUS
10
0.4085194094488189
20
-0.5025545669291338
11
0.4120033858267717
21
-0.4990705905511811
0
LINE
8
BLACK
6
CONTINUOUS
10
0.4120033858267717
20
-0.4990705905511811
11
0.4163934251968504
21
-0.4968337401574803
0
LINE
8
BLACK
6
CONTINUOUS
10
0.4163934251968504
20
-0.4968337401574803
11
0.421259842519685
21
-0.4960629921259843
0
LINE
8
BLACK
6
CONTINUOUS
10
0.421259842519685
20
-0.4960629921259843
11
0.4261262598425197
21
-0.4968337401574803
0
LINE
8
BLACK
6
CONTINUOUS
10
0.2568349212598425
20
-0.4751998818897638
11
0.2612249606299212
21
-0.4774367322834646
0
LINE
8
BLACK
6
CONTINUOUS
10
0.2612249606299212
20
-0.4774367322834646
11
0.264708937007874
21
-0.4809207086614173
0
LINE
8
BLACK
6
CONTINUOUS
10
0.264708937007874
20
-0.4809207086614173
11
0.2669457874015748
21
-0.485310748031496
0
LINE
8
BLACK
6
CONTINUOUS
10
0.2669457874015748
20
-0.485310748031496
11
0.2677165354330708
21
-0.4901771653543307
0
LINE
8
BLACK
6
CONTINUOUS
10
0.2677165354330708
20
-0.4901771653543307
11
0.2669457874015748
21
-0.4950435826771654
0
LINE
8
BLACK
6
CONTINUOUS
10
0.2669457874015748
20
-0.4950435826771654
11
0.264708937007874
21
-0.4994336220472441
0
LINE
8
BLACK
6
CONTINUOUS
10
0.264708937007874
20
-0.4994336220472441
11
0.2612249606299212
21
-0.5029175984251968
0
LINE
8
BLACK
6
CONTINUOUS
10
0.2612249606299212
20
-0.5029175984251968
11
0.2568349212598425
21
-0.5051544488188976
0
LINE
8
BLACK
6
CONTINUOUS
10
0.2568349212598425
20
-0.5051544488188976
11
0.2519685039370079
21
-0.5059251968503937
0
LINE
8
BLACK
6
CONTINUOUS
10
0.2519685039370079
20
-0.5059251968503937
11
0.2471020866141732
21
-0.5051544488188976
0
LINE
8
BLACK
6
CONTINUOUS
10
0.2471020866141732
20
-0.5051544488188976
11
0.2427120472440945
21
-0.5029175984251968
0
LINE
8
BLACK
6
CONTINUOUS
10
0.2427120472440945
20
-0.5029175984251968
11
0.2392280708661417
21
-0.4994336220472441
0
LINE
8
BLACK
6
CONTINUOUS
10
0.2392280708661417
20
-0.4994336220472441
11
0.2369912204724409
21
-0.4950435826771654
0
LINE
8
BLACK
6
CONTINUOUS
10
0.2369912204724409
20
-0.4950435826771654
11
0.2362204724409449
21
-0.4901771653543307
0
LINE
8
BLACK
6
CONTINUOUS
10
0.2362204724409449
20
-0.4901771653543307
11
0.2369912204724409
21
-0.485310748031496
0
LINE
8
BLACK
6
CONTINUOUS
10
0.2369912204724409
20
-0.485310748031496
11
0.2392280708661417
21
-0.4809207086614173
0
LINE
8
BLACK
6
CONTINUOUS
10
0.2392280708661417
20
-0.4809207086614173
11
0.2427120472440945
21
-0.4774367322834646
0
LINE
8
BLACK
6
CONTINUOUS
10
0.2427120472440945
20
-0.4774367322834646
11
0.2471020866141732
21
-0.4751998818897638
0
LINE
8
BLACK
6
CONTINUOUS
10
0.2471020866141732
20
-0.4751998818897638
11
0.2519685039370079
21
-0.4744291338582677
0
LINE
8
BLACK
6
CONTINUOUS
10
0.2519685039370079
20
-0.4744291338582677
11
0.2568349212598425
21
-0.4751998818897638
0
LINE
8
BLACK
6
CONTINUOUS
10
-1.142771377952756
20
0.6862371259842519
11
-1.1383813385826771
21
0.6840002755905512
0
LINE
8
BLACK
6
CONTINUOUS
10
-1.1383813385826771
20
0.6840002755905512
11
-1.1348973622047245
21
0.6805162992125984
0
LINE
8
BLACK
6
CONTINUOUS
10
-1.1348973622047245
20
0.6805162992125984
11
-1.1326605118110236
21
0.6761262598425196
0
LINE
8
BLACK
6
CONTINUOUS
10
-1.1326605118110236
20
0.6761262598425196
11
-1.1318897637795275
21
0.6712598425196851
0
LINE
8
BLACK
6
CONTINUOUS
10
-1.1318897637795275
20
0.6712598425196851
11
-1.1326605118110236
21
0.6663934251968504
0
LINE
8
BLACK
6
CONTINUOUS
10
-1.1326605118110236
20
0.6663934251968504
11
-1.1348973622047245
21
0.6620033858267717
0
LINE
8
BLACK
6
CONTINUOUS
10
-1.1348973622047245
20
0.6620033858267717
11
-1.1383813385826771
21
0.6585194094488189
0
LINE
8
BLACK
6
CONTINUOUS
10
-1.1383813385826771
20
0.6585194094488189
11
-1.142771377952756
21
0.6562825590551181
0
LINE
8
BLACK
6
CONTINUOUS
10
-1.142771377952756
20
0.6562825590551181
11
-1.1476377952755905
21
0.655511811023622
0
LINE
8
BLACK
6
CONTINUOUS
10
-1.1476377952755905
20
0.655511811023622
11
-1.1492163779527558
21
0.6557618503937007
0
LINE
8
BLACK
6
CONTINUOUS
10
-1.1492163779527558
20
0.6557618503937007
11
-1.1853937007874016
21
0.6195844881889764
0
LINE
8
BLACK
6
CONTINUOUS
10
-1.1853937007874016
20
0.6195844881889764
11
-1.1853937007874016
21
-0.3264283070866142
0
LINE
8
BLACK
6
CONTINUOUS
10
-1.1853937007874016
20
-0.3264283070866142
11
-1.1824957874015747
21
-0.3293262204724409
0
LINE
8
BLACK
6
CONTINUOUS
10
-1.1824957874015747
20
-0.3293262204724409
11
-1.180258937007874
21
-0.3337162598425197
0
LINE
8
BLACK
6
CONTINUOUS
10
-1.180258937007874
20
-0.3337162598425197
11
-1.179488188976378
21
-0.3385826771653543
0
LINE
8
BLACK
6
CONTINUOUS
10
-1.179488188976378
20
-0.3385826771653543
11
-1.180258937007874
21
-0.3434490944881889
0
LINE
8
BLACK
6
CONTINUOUS
10
-1.180258937007874
20
-0.3434490944881889
11
-1.1824957874015747
21
-0.3478391338582677
0
LINE
8
BLACK
6
CONTINUOUS
10
-1.1824957874015747
20
-0.3478391338582677
11
-1.1859797637795275
21
-0.3513231102362205
0
LINE
8
BLACK
6
CONTINUOUS
10
-1.1859797637795275
20
-0.3513231102362205
11
-1.1903698031496062
21
-0.3535599606299212
0
LINE
8
BLACK
6
CONTINUOUS
10
-1.1903698031496062
20
-0.3535599606299212
11
-1.1952362204724409
21
-0.3543307086614173
0
LINE
8
BLACK
6
CONTINUOUS
10
-1.1952362204724409
20
-0.3543307086614173
11
-1.2001026377952755
21
-0.3535599606299212
0
LINE
8
BLACK
6
CONTINUOUS
10
-1.2001026377952755
20
-0.3535599606299212
11
-1.2044926771653544
21
-0.3513231102362205
0
LINE
8
BLACK
6
CONTINUOUS
10
-1.2044926771653544
20
-0.3513231102362205
11
-1.207976653543307
21
-0.3478391338582677
0
LINE
8
BLACK
6
CONTINUOUS
10
-1.207976653543307
20
-0.3478391338582677
11
-1.2102135039370079
21
-0.3434490944881889
0
LINE
8
BLACK
6
CONTINUOUS
10
-1.2102135039370079
20
-0.3434490944881889
11
-1.2109842519685039
21
-0.3385826771653543
0
LINE
8
BLACK
6
CONTINUOUS
10
-1.2109842519685039
20
-0.3385826771653543
11
-1.2102135039370079
21
-0.3337162598425197
0
LINE
8
BLACK
6
CONTINUOUS
10
-1.2102135039370079
20
-0.3337162598425197
11
-1.207976653543307
21
-0.3293262204724409
0
LINE
8
BLACK
6
CONTINUOUS
10
-1.207976653543307
20
-0.3293262204724409
11
-1.2050787401574803
21
-0.3264283070866142
0
LINE
8
BLACK
6
CONTINUOUS
10
-1.2050787401574803
20
-0.3264283070866142
11
-1.2050787401574803
21
0.6236614173228346
0
LINE
8
BLACK
6
CONTINUOUS
10
-1.2050787401574803
20
0.6236614173228346
11
-1.2048896062992125
21
0.6255816141732283
0
LINE
8
BLACK
6
CONTINUOUS
10
-1.2048896062992125
20
0.6255816141732283
11
-1.2034199606299212
21
0.6291296456692913
0
LINE
8
BLACK
6
CONTINUOUS
10
-1.2034199606299212
20
0.6291296456692913
11
-1.2034198031496062
21
0.6291298425196851
0
LINE
8
BLACK
6
CONTINUOUS
10
-1.2034198031496062
20
0.6291298425196851
11
-1.2021959448818897
21
0.6306211417322835
0
LINE
8
BLACK
6
CONTINUOUS
10
-1.2021959448818897
20
0.6306211417322835
11
-1.1631358267716536
21
0.6696812992125984
0
LINE
8
BLACK
6
CONTINUOUS
10
-1.1631358267716536
20
0.6696812992125984
11
-1.1633858267716535
21
0.6712598425196851
0
LINE
8
BLACK
6
CONTINUOUS
10
-1.1633858267716535
20
0.6712598425196851
11
-1.1626150787401575
21
0.6761262598425196
0
LINE
8
BLACK
6
CONTINUOUS
10
-1.1626150787401575
20
0.6761262598425196
11
-1.1603782283464568
21
0.6805162992125984
0
LINE
8
BLACK
6
CONTINUOUS
10
-1.1603782283464568
20
0.6805162992125984
11
-1.1568942519685039
21
0.6840002755905512
0
LINE
8
BLACK
6
CONTINUOUS
10
-1.1568942519685039
20
0.6840002755905512
11
-1.1525042125984251
21
0.6862371259842519
0
LINE
8
BLACK
6
CONTINUOUS
10
-1.1525042125984251
20
0.6862371259842519
11
-1.1476377952755905
21
0.687007874015748
0
LINE
8
BLACK
6
CONTINUOUS
10
-1.1476377952755905
20
0.687007874015748
11
-1.142771377952756
21
0.6862371259842519
0
LINE
8
BLACK
6
CONTINUOUS
10
-1.0974957874015747
20
0.388993031496063
11
-1.0931057480314961
21
0.3867561811023622
0
LINE
8
BLACK
6
CONTINUOUS
10
-1.0931057480314961
20
0.3867561811023622
11
-1.0896217716535432
21
0.3832722047244094
0
LINE
8
BLACK
6
CONTINUOUS
10
-1.0896217716535432
20
0.3832722047244094
11
-1.0873849212598425
21
0.3788821653543307
0
LINE
8
BLACK
6
CONTINUOUS
10
-1.0873849212598425
20
0.3788821653543307
11
-1.0871793700787402
21
0.3775842519685039
0
LINE
8
BLACK
6
CONTINUOUS
10
-1.0871793700787402
20
0.3775842519685039
11
-1.0870713385826771
21
0.3774955905511811
0
LINE
8
BLACK
6
CONTINUOUS
10
-1.0870713385826771
20
0.3774955905511811
11
-0.9748665748031495
21
0.2652908661417323
0
LINE
8
BLACK
6
CONTINUOUS
10
-0.9748665748031495
20
0.2652908661417323
11
-0.9742545669291338
21
0.2645451181102362
0
LINE
8
BLACK
6
CONTINUOUS
10
-0.9742545669291338
20
0.2645451181102362
11
-0.9735197637795275
21
0.2627711023622047
0
LINE
8
BLACK
6
CONTINUOUS
10
-0.9735197637795275
20
0.2627711023622047
11
-0.9734251968503936
21
0.2618110236220472
0
LINE
8
BLACK
6
CONTINUOUS
10
-0.9734251968503936
20
0.2618110236220472
11
-0.9734251968503936
21
0.0098425196850394
0
LINE
8
BLACK
6
CONTINUOUS
10
-0.9734251968503936
20
0.0098425196850394
11
-0.9735197637795275
21
0.0088824409448819
0
LINE
8
BLACK
6
CONTINUOUS
10
-0.9735197637795275
20
0.0088824409448819
11
-0.9742545669291338
21
0.0071084251968504
0
LINE
8
BLACK
6
CONTINUOUS
10
-0.9742545669291338
20
0.0071084251968504
11
-0.9742546062992126
21
0.0071083858267717
0
LINE
8
BLACK
6
CONTINUOUS
10
-0.9742546062992126
20
0.0071083858267717
11
-0.9748666141732283
21
0.0063626377952756
0
LINE
8
BLACK
6
CONTINUOUS
10
-0.9748666141732283
20
0.0063626377952756
11
-1.083747874015748
21
-0.1025185433070866
0
LINE
8
BLACK
6
CONTINUOUS
10
-1.083747874015748
20
-0.1025185433070866
11
-1.0553386614173228
21
-0.1309277559055118
0
LINE
8
BLACK
6
CONTINUOUS
10
-1.0553386614173228
20
-0.1309277559055118
11
-1.0532511417322834
21
-0.1298641338582677
0
LINE
8
BLACK
6
CONTINUOUS
10
-1.0532511417322834
20
-0.1298641338582677
11
-1.0483847244094489
21
-0.1290933858267717
0
LINE
8
BLACK
6
CONTINUOUS
10
-1.0483847244094489
20
-0.1290933858267717
11
-1.0435183070866141
21
-0.1298641338582677
0
LINE
8
BLACK
6
CONTINUOUS
10
-1.0435183070866141
20
-0.1298641338582677
11
-1.0391282677165354
21
-0.1321009842519685
0
LINE
8
BLACK
6
CONTINUOUS
10
-1.0391282677165354
20
-0.1321009842519685
11
-1.0356442913385826
21
-0.1355849606299213
0
LINE
8
BLACK
6
CONTINUOUS
10
-1.0356442913385826
20
-0.1355849606299213
11
-1.0334074409448819
21
-0.139975
0
LINE
8
BLACK
6
CONTINUOUS
10
-1.0334074409448819
20
-0.139975
11
-1.0326366929133859
21
-0.1448414173228346
0
LINE
8
BLACK
6
CONTINUOUS
10
-1.0326366929133859
20
-0.1448414173228346
11
-1.0334074409448819
21
-0.1497078346456693
0
LINE
8
BLACK
6
CONTINUOUS
10
-1.0334074409448819
20
-0.1497078346456693
11
-1.0356442913385826
21
-0.154097874015748
0
LINE
8
BLACK
6
CONTINUOUS
10
-1.0356442913385826
20
-0.154097874015748
11
-1.0391282677165354
21
-0.1575818503937008
0
LINE
8
BLACK
6
CONTINUOUS
10
-1.0391282677165354
20
-0.1575818503937008
11
-1.0435183070866141
21
-0.1598187007874016
0
LINE
8
BLACK
6
CONTINUOUS
10
-1.0435183070866141
20
-0.1598187007874016
11
-1.0483847244094489
21
-0.1605894488188976
0
LINE
8
BLACK
6
CONTINUOUS
10
-1.0483847244094489
20
-0.1605894488188976
11
-1.0532511417322834
21
-0.1598187007874016
0
LINE
8
BLACK
6
CONTINUOUS
10
-1.0532511417322834
20
-0.1598187007874016
11
-1.0576411811023623
21
-0.1575818503937008
0
LINE
8
BLACK
6
CONTINUOUS
10
-1.0576411811023623
20
-0.1575818503937008
11
-1.0611251574803149
21
-0.154097874015748
0
LINE
8
BLACK
6
CONTINUOUS
10
-1.0611251574803149
20
-0.154097874015748
11
-1.0633620078740158
21
-0.1497078346456693
0
LINE
8
BLACK
6
CONTINUOUS
10
-1.0633620078740158
20
-0.1497078346456693
11
-1.0641327559055118
21
-0.1448414173228346
0
LINE
8
BLACK
6
CONTINUOUS
10
-1.0641327559055118
20
-0.1448414173228346
11
-1.0633620078740158
21
-0.139975
0
LINE
8
BLACK
6
CONTINUOUS
10
-1.0633620078740158
20
-0.139975
11
-1.0622983858267716
21
-0.1378874803149606
0
LINE
8
BLACK
6
CONTINUOUS
10
-1.0622983858267716
20
-0.1378874803149606
11
-1.1169968503937007
21
-0.0831889763779528
0
LINE
8
BLACK
6
CONTINUOUS
10
-1.1169968503937007
20
-0.0831889763779528
11
-1.1252868897637796
21
-0.0831889763779528
0
LINE
8
BLACK
6
CONTINUOUS
10
-1.1252868897637796
20
-0.0831889763779528
11
-1.1274957874015747
21
-0.0875241732283464
0
LINE
8
BLACK
6
CONTINUOUS
10
-1.1274957874015747
20
-0.0875241732283464
11
-1.1309797637795276
21
-0.0910081496062992
0
LINE
8
BLACK
6
CONTINUOUS
10
-1.1309797637795276
20
-0.0910081496062992
11
-1.1353698031496062
21
-0.093245
0
LINE
8
BLACK
6
CONTINUOUS
10
-1.1353698031496062
20
-0.093245
11
-1.140236220472441
21
-0.0940157480314961
0
LINE
8
BLACK
6
CONTINUOUS
10
-1.140236220472441
20
-0.0940157480314961
11
-1.1451026377952755
21
-0.093245
0
LINE
8
BLACK
6
CONTINUOUS
10
-1.1451026377952755
20
-0.093245
11
-1.1494926771653544
21
-0.0910081496062992
0
LINE
8
BLACK
6
CONTINUOUS
10
-1.1494926771653544
20
-0.0910081496062992
11
-1.152976653543307
21
-0.0875241732283464
0
LINE
8
BLACK
6
CONTINUOUS
10
-1.152976653543307
20
-0.0875241732283464
11
-1.1552135039370079
21
-0.0831341338582677
0
LINE
8
BLACK
6
CONTINUOUS
10
-1.1552135039370079
20
-0.0831341338582677
11
-1.155984251968504
21
-0.0782677165354331
0
LINE
8
BLACK
6
CONTINUOUS
10
-1.155984251968504
20
-0.0782677165354331
11
-1.1552135039370079
21
-0.0734012992125984
0
LINE
8
BLACK
6
CONTINUOUS
10
-1.1552135039370079
20
-0.0734012992125984
11
-1.152976653543307
21
-0.0690112598425197
0
LINE
8
BLACK
6
CONTINUOUS
10
-1.152976653543307
20
-0.0690112598425197
11
-1.1494926771653544
21
-0.0655272834645669
0
LINE
8
BLACK
6
CONTINUOUS
10
-1.1494926771653544
20
-0.0655272834645669
11
-1.1451026377952755
21
-0.0632904330708661
0
LINE
8
BLACK
6
CONTINUOUS
10
-1.1451026377952755
20
-0.0632904330708661
11
-1.140236220472441
21
-0.0625196850393701
0
LINE
8
BLACK
6
CONTINUOUS
10
-1.140236220472441
20
-0.0625196850393701
11
-1.1353698031496062
21
-0.0632904330708661
0
LINE
8
BLACK
6
CONTINUOUS
10
-1.1353698031496062
20
-0.0632904330708661
11
-1.1309797637795276
21
-0.0655272834645669
0
LINE
8
BLACK
6
CONTINUOUS
10
-1.1309797637795276
20
-0.0655272834645669
11
-1.1274957874015747
21
-0.0690112598425197
0
LINE
8
BLACK
6
CONTINUOUS
10
-1.1274957874015747
20
-0.0690112598425197
11
-1.1252868897637796
21
-0.0733464566929134
0
LINE
8
BLACK
6
CONTINUOUS
10
-1.1252868897637796
20
-0.0733464566929134
11
-1.1166141732283463
21
-0.0733464566929134
0
LINE
8
BLACK
6
CONTINUOUS
10
-1.1166141732283463
20
-0.0733464566929134
11
-1.115654094488189
21
-0.0734410236220472
0
LINE
8
BLACK
6
CONTINUOUS
10
-1.115654094488189
20
-0.0734410236220472
11
-1.1139983070866142
21
-0.0734410236220472
0
LINE
8
BLACK
6
CONTINUOUS
10
-1.1139983070866142
20
-0.0734410236220472
11
-1.1122243307086614
21
-0.0741758661417323
0
LINE
8
BLACK
6
CONTINUOUS
10
-1.1122243307086614
20
-0.0741758661417323
11
-1.1114785826771654
21
-0.074787874015748
0
LINE
8
BLACK
6
CONTINUOUS
10
-1.1114785826771654
20
-0.074787874015748
11
-1.0907075590551181
21
-0.0955588582677165
0
LINE
8
BLACK
6
CONTINUOUS
10
-1.0907075590551181
20
-0.0955588582677165
11
-0.9832677165354331
21
0.0118809842519685
0
LINE
8
BLACK
6
CONTINUOUS
10
-0.9832677165354331
20
0.0118809842519685
11
-0.9832677165354331
21
0.2597725984251968
0
LINE
8
BLACK
6
CONTINUOUS
10
-0.9832677165354331
20
0.2597725984251968
11
-1.0891602362204724
21
0.3656651181102362
0
LINE
8
BLACK
6
CONTINUOUS
10
-1.0891602362204724
20
0.3656651181102362
11
-1.0896217716535432
21
0.3647592913385826
0
LINE
8
BLACK
6
CONTINUOUS
10
-1.0896217716535432
20
0.3647592913385826
11
-1.0931057480314961
21
0.3612753149606299
0
LINE
8
BLACK
6
CONTINUOUS
10
-1.0931057480314961
20
0.3612753149606299
11
-1.0974957874015747
21
0.3590384645669291
0
LINE
8
BLACK
6
CONTINUOUS
10
-1.0974957874015747
20
0.3590384645669291
11
-1.1023622047244095
21
0.358267716535433
0
LINE
8
BLACK
6
CONTINUOUS
10
-1.1023622047244095
20
0.358267716535433
11
-1.107228622047244
21
0.3590384645669291
0
LINE
8
BLACK
6
CONTINUOUS
10
-1.107228622047244
20
0.3590384645669291
11
-1.1116186614173229
21
0.3612753149606299
0
LINE
8
BLACK
6
CONTINUOUS
10
-1.1116186614173229
20
0.3612753149606299
11
-1.1151026377952755
21
0.3647592913385826
0
LINE
8
BLACK
6
CONTINUOUS
10
-1.1151026377952755
20
0.3647592913385826
11
-1.1173394881889764
21
0.3691493307086614
0
LINE
8
BLACK
6
CONTINUOUS
10
-1.1173394881889764
20
0.3691493307086614
11
-1.1181102362204725
21
0.3740157480314961
0
LINE
8
BLACK
6
CONTINUOUS
10
-1.1181102362204725
20
0.3740157480314961
11
-1.1173394881889764
21
0.3788821653543307
0
LINE
8
BLACK
6
CONTINUOUS
10
-1.1173394881889764
20
0.3788821653543307
11
-1.1151026377952755
21
0.3832722047244094
0
LINE
8
BLACK
6
CONTINUOUS
10
-1.1151026377952755
20
0.3832722047244094
11
-1.1116186614173229
21
0.3867561811023622
0
LINE
8
BLACK
6
CONTINUOUS
10
-1.1116186614173229
20
0.3867561811023622
11
-1.107228622047244
21
0.388993031496063
0
LINE
8
BLACK
6
CONTINUOUS
10
-1.107228622047244
20
0.388993031496063
11
-1.1023622047244095
21
0.389763779527559
0
LINE
8
BLACK
6
CONTINUOUS
10
-1.1023622047244095
20
0.389763779527559
11
-1.0974957874015747
21
0.388993031496063
0
LINE
8
BLACK
6
CONTINUOUS
10
-1.0303698031496062
20
0.0367095669291339
11
-1.0259797637795276
21
0.0344727165354331
0
LINE
8
BLACK
6
CONTINUOUS
10
-1.0259797637795276
20
0.0344727165354331
11
-1.0224957874015748
21
0.0309887401574803
0
LINE
8
BLACK
6
CONTINUOUS
10
-1.0224957874015748
20
0.0309887401574803
11
-1.0202589370078741
21
0.0265987007874016
0
LINE
8
BLACK
6
CONTINUOUS
10
-1.0202589370078741
20
0.0265987007874016
11
-1.0194881889763778
21
0.0217322834645669
0
LINE
8
BLACK
6
CONTINUOUS
10
-1.0194881889763778
20
0.0217322834645669
11
-1.0202589370078741
21
0.0168658661417323
0
LINE
8
BLACK
6
CONTINUOUS
10
-1.0202589370078741
20
0.0168658661417323
11
-1.0224957874015748
21
0.0124758267716535
0
LINE
8
BLACK
6
CONTINUOUS
10
-1.0224957874015748
20
0.0124758267716535
11
-1.0259797637795276
21
0.0089918503937008
0
LINE
8
BLACK
6
CONTINUOUS
10
-1.0259797637795276
20
0.0089918503937008
11
-1.0303698031496062
21
0.006755
0
LINE
8
BLACK
6
CONTINUOUS
10
-1.0303698031496062
20
0.006755
11
-1.035236220472441
21
0.0059842519685039
0
LINE
8
BLACK
6
CONTINUOUS
10
-1.035236220472441
20
0.0059842519685039
11
-1.0401026377952756
21
0.006755
0
LINE
8
BLACK
6
CONTINUOUS
10
-1.0401026377952756
20
0.006755
11
-1.0421901968503937
21
0.0078186614173228
0
LINE
8
BLACK
6
CONTINUOUS
10
-1.0421901968503937
20
0.0078186614173228
11
-1.063494251968504
21
-0.0134854330708661
0
LINE
8
BLACK
6
CONTINUOUS
10
-1.063494251968504
20
-0.0134854330708661
11
-1.063494251968504
21
-0.0249386614173228
0
LINE
8
BLACK
6
CONTINUOUS
10
-1.063494251968504
20
-0.0249386614173228
11
-1.0591590551181103
21
-0.0271475984251968
0
LINE
8
BLACK
6
CONTINUOUS
10
-1.0591590551181103
20
-0.0271475984251968
11
-1.0556750787401574
21
-0.0306315748031496
0
LINE
8
BLACK
6
CONTINUOUS
10
-1.0556750787401574
20
-0.0306315748031496
11
-1.0534382283464567
21
-0.0350216141732283
0
LINE
8
BLACK
6
CONTINUOUS
10
-1.0534382283464567
20
-0.0350216141732283
11
-1.0526674803149607
21
-0.039888031496063
0
LINE
8
BLACK
6
CONTINUOUS
10
-1.0526674803149607
20
-0.039888031496063
11
-1.0534382283464567
21
-0.0447544488188976
0
LINE
8
BLACK
6
CONTINUOUS
10
-1.0534382283464567
20
-0.0447544488188976
11
-1.0556750787401574
21
-0.0491444881889764
0
LINE
8
BLACK
6
CONTINUOUS
10
-1.0556750787401574
20
-0.0491444881889764
11
-1.0591590551181103
21
-0.0526284645669291
0
LINE
8
BLACK
6
CONTINUOUS
10
-1.0591590551181103
20
-0.0526284645669291
11
-1.0635490944881889
21
-0.0548653149606299
0
LINE
8
BLACK
6
CONTINUOUS
10
-1.0635490944881889
20
-0.0548653149606299
11
-1.0684155118110237
21
-0.055636062992126
0
LINE
8
BLACK
6
CONTINUOUS
10
-1.0684155118110237
20
-0.055636062992126
11
-1.0732819291338582
21
-0.0548653149606299
0
LINE
8
BLACK
6
CONTINUOUS
10
-1.0732819291338582
20
-0.0548653149606299
11
-1.0776719685039369
21
-0.0526284645669291
0
LINE
8
BLACK
6
CONTINUOUS
10
-1.0776719685039369
20
-0.0526284645669291
11
-1.0811559448818897
21
-0.0491444881889764
0
LINE
8
BLACK
6
CONTINUOUS
10
-1.0811559448818897
20
-0.0491444881889764
11
-1.0833927952755906
21
-0.0447544488188976
0
LINE
8
BLACK
6
CONTINUOUS
10
-1.0833927952755906
20
-0.0447544488188976
11
-1.0841635433070866
21
-0.039888031496063
0
LINE
8
BLACK
6
CONTINUOUS
10
-1.0841635433070866
20
-0.039888031496063
11
-1.0833927952755906
21
-0.0350216141732283
0
LINE
8
BLACK
6
CONTINUOUS
10
-1.0833927952755906
20
-0.0350216141732283
11
-1.0811559448818897
21
-0.0306315748031496
0
LINE
8
BLACK
6
CONTINUOUS
10
-1.0811559448818897
20
-0.0306315748031496
11
-1.0776719685039369
21
-0.0271475984251968
0
LINE
8
BLACK
6
CONTINUOUS
10
-1.0776719685039369
20
-0.0271475984251968
11
-1.0733367716535434
21
-0.0249386614173228
0
LINE
8
BLACK
6
CONTINUOUS
10
-1.0733367716535434
20
-0.0249386614173228
11
-1.0733367716535434
21
-0.0114470078740157
0
LINE
8
BLACK
6
CONTINUOUS
10
-1.0733367716535434
20
-0.0114470078740157
11
-1.0732422047244095
21
-0.0104869291338583
0
LINE
8
BLACK
6
CONTINUOUS
10
-1.0732422047244095
20
-0.0104869291338583
11
-1.0725074015748031
21
-0.0087129133858268
0
LINE
8
BLACK
6
CONTINUOUS
10
-1.0725074015748031
20
-0.0087129133858268
11
-1.0725072047244095
21
-0.0087126771653543
0
LINE
8
BLACK
6
CONTINUOUS
10
-1.0725072047244095
20
-0.0087126771653543
11
-1.0718953543307086
21
-0.0079671653543307
0
LINE
8
BLACK
6
CONTINUOUS
10
-1.0718953543307086
20
-0.0079671653543307
11
-1.0491498818897638
21
0.0147783464566929
0
LINE
8
BLACK
6
CONTINUOUS
10
-1.0491498818897638
20
0.0147783464566929
11
-1.0502135039370077
21
0.0168658661417323
0
LINE
8
BLACK
6
CONTINUOUS
10
-1.0502135039370077
20
0.0168658661417323
11
-1.050984251968504
21
0.0217322834645669
0
LINE
8
BLACK
6
CONTINUOUS
10
-1.050984251968504
20
0.0217322834645669
11
-1.0502135039370077
21
0.0265987007874016
0
LINE
8
BLACK
6
CONTINUOUS
10
-1.0502135039370077
20
0.0265987007874016
11
-1.047976653543307
21
0.0309887401574803
0
LINE
8
BLACK
6
CONTINUOUS
10
-1.047976653543307
20
0.0309887401574803
11
-1.0444926771653542
21
0.0344727165354331
0
LINE
8
BLACK
6
CONTINUOUS
10
-1.0444926771653542
20
0.0344727165354331
11
-1.0401026377952756
21
0.0367095669291339
0
LINE
8
BLACK
6
CONTINUOUS
10
-1.0401026377952756
20
0.0367095669291339
11
-1.035236220472441
21
0.0374803149606299
0
LINE
8
BLACK
6
CONTINUOUS
10
-1.035236220472441
20
0.0374803149606299
11
-1.0303698031496062
21
0.0367095669291339
0
LINE
8
BLACK
6
CONTINUOUS
10
-1.0659997244094488
20
0.2433237401574803
11
-1.0616096850393701
21
0.2410868897637795
0
LINE
8
BLACK
6
CONTINUOUS
10
-1.0616096850393701
20
0.2410868897637795
11
-1.0581257086614173
21
0.2376029133858268
0
LINE
8
BLACK
6
CONTINUOUS
10
-1.0581257086614173
20
0.2376029133858268
11
-1.0558888582677166
21
0.233212874015748
0
LINE
8
BLACK
6
CONTINUOUS
10
-1.0558888582677166
20
0.233212874015748
11
-1.0551181102362204
21
0.2283464566929134
0
LINE
8
BLACK
6
CONTINUOUS
10
-1.0551181102362204
20
0.2283464566929134
11
-1.0558888582677166
21
0.2234800393700787
0
LINE
8
BLACK
6
CONTINUOUS
10
-1.0558888582677166
20
0.2234800393700787
11
-1.0581257086614173
21
0.21909
0
LINE
8
BLACK
6
CONTINUOUS
10
-1.0581257086614173
20
0.21909
11
-1.0605932283464568
21
0.2166224803149606
0
LINE
8
BLACK
6
CONTINUOUS
10
-1.0605932283464568
20
0.2166224803149606
11
-1.0605932283464568
21
0.0447217322834646
0
LINE
8
BLACK
6
CONTINUOUS
10
-1.0605932283464568
20
0.0447217322834646
11
-1.0606877559055119
21
0.0437620866141732
0
LINE
8
BLACK
6
CONTINUOUS
10
-1.0606877559055119
20
0.0437620866141732
11
-1.0606877559055119
21
0.0437616535433071
0
LINE
8
BLACK
6
CONTINUOUS
10
-1.0606877559055119
20
0.0437616535433071
11
-1.0614225984251968
21
0.0419876377952756
0
LINE
8
BLACK
6
CONTINUOUS
10
-1.0614225984251968
20
0.0419876377952756
11
-1.0620346062992125
21
0.0412418897637795
0
LINE
8
BLACK
6
CONTINUOUS
10
-1.0620346062992125
20
0.0412418897637795
11
-1.1179761417322835
21
-0.0146995669291339
0
LINE
8
BLACK
6
CONTINUOUS
10
-1.1179761417322835
20
-0.0146995669291339
11
-1.1169124803149606
21
-0.016787125984252
0
LINE
8
BLACK
6
CONTINUOUS
10
-1.1169124803149606
20
-0.016787125984252
11
-1.1161417322834646
21
-0.0216535433070866
0
LINE
8
BLACK
6
CONTINUOUS
10
-1.1161417322834646
20
-0.0216535433070866
11
-1.1169124803149606
21
-0.0265199606299213
0
LINE
8
BLACK
6
CONTINUOUS
10
-1.1169124803149606
20
-0.0265199606299213
11
-1.1191493307086613
21
-0.03091
0
LINE
8
BLACK
6
CONTINUOUS
10
-1.1191493307086613
20
-0.03091
11
-1.1226333070866141
21
-0.0343939763779528
0
LINE
8
BLACK
6
CONTINUOUS
10
-1.1226333070866141
20
-0.0343939763779528
11
-1.127023346456693
21
-0.0366308267716535
0
LINE
8
BLACK
6
CONTINUOUS
10
-1.127023346456693
20
-0.0366308267716535
11
-1.1318897637795275
21
-0.0374015748031496
0
LINE
8
BLACK
6
CONTINUOUS
10
-1.1318897637795275
20
-0.0374015748031496
11
-1.1367561811023621
21
-0.0366308267716535
0
LINE
8
BLACK
6
CONTINUOUS
10
-1.1367561811023621
20
-0.0366308267716535
11
-1.141146220472441
21
-0.0343939763779528
0
LINE
8
BLACK
6
CONTINUOUS
10
-1.141146220472441
20
-0.0343939763779528
11
-1.1446301968503936
21
-0.03091
0
LINE
8
BLACK
6
CONTINUOUS
10
-1.1446301968503936
20
-0.03091
11
-1.1468670472440945
21
-0.0265199606299213
0
LINE
8
BLACK
6
CONTINUOUS
10
-1.1468670472440945
20
-0.0265199606299213
11
-1.1476377952755905
21
-0.0216535433070866
0
LINE
8
BLACK
6
CONTINUOUS
10
-1.1476377952755905
20
-0.0216535433070866
11
-1.1468670472440945
21
-0.016787125984252
0
LINE
8
BLACK
6
CONTINUOUS
10
-1.1468670472440945
20
-0.016787125984252
11
-1.1446301968503936
21
-0.0123970866141732
0
LINE
8
BLACK
6
CONTINUOUS
10
-1.1446301968503936
20
-0.0123970866141732
11
-1.141146220472441
21
-0.0089131102362205
0
LINE
8
BLACK
6
CONTINUOUS
10
-1.141146220472441
20
-0.0089131102362205
11
-1.1367561811023621
21
-0.0066762598425197
0
LINE
8
BLACK
6
CONTINUOUS
10
-1.1367561811023621
20
-0.0066762598425197
11
-1.1318897637795275
21
-0.0059055118110236
0
LINE
8
BLACK
6
CONTINUOUS
10
-1.1318897637795275
20
-0.0059055118110236
11
-1.127023346456693
21
-0.0066762598425197
0
LINE
8
BLACK
6
CONTINUOUS
10
-1.127023346456693
20
-0.0066762598425197
11
-1.1249358267716536
21
-0.0077398818897638
0
LINE
8
BLACK
6
CONTINUOUS
10
-1.1249358267716536
20
-0.0077398818897638
11
-1.0704357480314961
21
0.0467601968503937
0
LINE
8
BLACK
6
CONTINUOUS
10
-1.0704357480314961
20
0.0467601968503937
11
-1.0704357480314961
21
0.2126666141732284
0
LINE
8
BLACK
6
CONTINUOUS
10
-1.0704357480314961
20
0.2126666141732284
11
-1.0708661417322833
21
0.2125984251968504
0
LINE
8
BLACK
6
CONTINUOUS
10
-1.0708661417322833
20
0.2125984251968504
11
-1.0757325590551181
21
0.2133691732283464
0
LINE
8
BLACK
6
CONTINUOUS
10
-1.0757325590551181
20
0.2133691732283464
11
-1.0801225984251968
21
0.2156060236220472
0
LINE
8
BLACK
6
CONTINUOUS
10
-1.0801225984251968
20
0.2156060236220472
11
-1.0836065748031496
21
0.21909
0
LINE
8
BLACK
6
CONTINUOUS
10
-1.0836065748031496
20
0.21909
11
-1.0858434251968503
21
0.2234800393700787
0
LINE
8
BLACK
6
CONTINUOUS
10
-1.0858434251968503
20
0.2234800393700787
11
-1.0866141732283465
21
0.2283464566929134
0
LINE
8
BLACK
6
CONTINUOUS
10
-1.0866141732283465
20
0.2283464566929134
11
-1.0858434251968503
21
0.233212874015748
0
LINE
8
BLACK
6
CONTINUOUS
10
-1.0858434251968503
20
0.233212874015748
11
-1.0836065748031496
21
0.2376029133858268
0
LINE
8
BLACK
6
CONTINUOUS
10
-1.0836065748031496
20
0.2376029133858268
11
-1.0801225984251968
21
0.2410868897637795
0
LINE
8
BLACK
6
CONTINUOUS
10
-1.0801225984251968
20
0.2410868897637795
11
-1.0757325590551181
21
0.2433237401574803
0
LINE
8
BLACK
6
CONTINUOUS
10
-1.0757325590551181
20
0.2433237401574803
11
-1.0708661417322833
21
0.2440944881889764
0
LINE
8
BLACK
6
CONTINUOUS
10
-1.0708661417322833
20
0.2440944881889764
11
-1.0659997244094488
21
0.2433237401574803
0
LINE
8
BLACK
6
CONTINUOUS
10
0.3336065748031496
20
0.4382056299212598
11
0.3379966141732283
21
0.435968779527559
0
LINE
8
BLACK
6
CONTINUOUS
10
0.3379966141732283
20
0.435968779527559
11
0.3414805905511811
21
0.4324848031496063
0
LINE
8
BLACK
6
CONTINUOUS
10
0.3414805905511811
20
0.4324848031496063
11
0.3437174409448819
21
0.4280947637795275
0
LINE
8
BLACK
6
CONTINUOUS
10
0.3437174409448819
20
0.4280947637795275
11
0.344488188976378
21
0.4232283464566929
0
LINE
8
BLACK
6
CONTINUOUS
10
0.344488188976378
20
0.4232283464566929
11
0.3437174409448819
21
0.4183619291338583
0
LINE
8
BLACK
6
CONTINUOUS
10
0.3437174409448819
20
0.4183619291338583
11
0.342653779527559
21
0.4162744094488189
0
LINE
8
BLACK
6
CONTINUOUS
10
0.342653779527559
20
0.4162744094488189
11
0.3676530708661417
21
0.3912751181102362
0
LINE
8
BLACK
6
CONTINUOUS
10
0.3676530708661417
20
0.3912751181102362
11
0.3682650787401575
21
0.3905294094488189
0
LINE
8
BLACK
6
CONTINUOUS
10
0.3682650787401575
20
0.3905294094488189
11
0.3682651181102362
21
0.3905293700787402
0
LINE
8
BLACK
6
CONTINUOUS
10
0.3682651181102362
20
0.3905293700787402
11
0.3686955118110236
21
0.3894901968503937
0
LINE
8
BLACK
6
CONTINUOUS
10
0.3686955118110236
20
0.3894901968503937
11
0.3689014566929134
21
0.388993031496063
0
LINE
8
BLACK
6
CONTINUOUS
10
0.3689014566929134
20
0.388993031496063
11
0.3689999212598425
21
0.3887553543307087
0
LINE
8
BLACK
6
CONTINUOUS
10
0.3689999212598425
20
0.3887553543307087
11
0.3690944881889764
21
0.3877952755905512
0
LINE
8
BLACK
6
CONTINUOUS
10
0.3690944881889764
20
0.3877952755905512
11
0.3690944881889764
21
0.127154094488189
0
LINE
8
BLACK
6
CONTINUOUS
10
0.3690944881889764
20
0.127154094488189
11
0.3734296850393701
21
0.124945157480315
0
LINE
8
BLACK
6
CONTINUOUS
10
0.3734296850393701
20
0.124945157480315
11
0.3769136614173228
21
0.1214611811023622
0
LINE
8
BLACK
6
CONTINUOUS
10
0.3769136614173228
20
0.1214611811023622
11
0.3791505118110236
21
0.1170711417322835
0
LINE
8
BLACK
6
CONTINUOUS
10
0.3791505118110236
20
0.1170711417322835
11
0.3799212598425197
21
0.1122047244094488
0
LINE
8
BLACK
6
CONTINUOUS
10
0.3799212598425197
20
0.1122047244094488
11
0.3791505118110236
21
0.1073383070866142
0
LINE
8
BLACK
6
CONTINUOUS
10
0.3791505118110236
20
0.1073383070866142
11
0.3769136614173228
21
0.1029482677165354
0
LINE
8
BLACK
6
CONTINUOUS
10
0.3769136614173228
20
0.1029482677165354
11
0.3734296850393701
21
0.0994642913385827
0
LINE
8
BLACK
6
CONTINUOUS
10
0.3734296850393701
20
0.0994642913385827
11
0.3690396456692913
21
0.0972274409448819
0
LINE
8
BLACK
6
CONTINUOUS
10
0.3690396456692913
20
0.0972274409448819
11
0.3641732283464567
21
0.0964566929133858
0
LINE
8
BLACK
6
CONTINUOUS
10
0.3641732283464567
20
0.0964566929133858
11
0.3593068110236221
21
0.0972274409448819
0
LINE
8
BLACK
6
CONTINUOUS
10
0.3593068110236221
20
0.0972274409448819
11
0.3549167716535433
21
0.0994642913385827
0
LINE
8
BLACK
6
CONTINUOUS
10
0.3549167716535433
20
0.0994642913385827
11
0.3514327952755906
21
0.1029482677165354
0
LINE
8
BLACK
6
CONTINUOUS
10
0.3514327952755906
20
0.1029482677165354
11
0.3491959448818898
21
0.1073383070866142
0
LINE
8
BLACK
6
CONTINUOUS
10
0.3491959448818898
20
0.1073383070866142
11
0.3484251968503937
21
0.1122047244094488
0
LINE
8
BLACK
6
CONTINUOUS
10
0.3484251968503937
20
0.1122047244094488
11
0.3491959448818898
21
0.1170711417322835
0
LINE
8
BLACK
6
CONTINUOUS
10
0.3491959448818898
20
0.1170711417322835
11
0.3514327952755906
21
0.1214611811023622
0
LINE
8
BLACK
6
CONTINUOUS
10
0.3514327952755906
20
0.1214611811023622
11
0.3549167716535433
21
0.124945157480315
0
LINE
8
BLACK
6
CONTINUOUS
10
0.3549167716535433
20
0.124945157480315
11
0.359251968503937
21
0.127154094488189
0
LINE
8
BLACK
6
CONTINUOUS
10
0.359251968503937
20
0.127154094488189
11
0.359251968503937
21
0.3857568503937008
0
LINE
8
BLACK
6
CONTINUOUS
10
0.359251968503937
20
0.3857568503937008
11
0.335694094488189
21
0.4093147244094488
0
LINE
8
BLACK
6
CONTINUOUS
10
0.335694094488189
20
0.4093147244094488
11
0.3336065748031496
21
0.408251062992126
0
LINE
8
BLACK
6
CONTINUOUS
10
0.3336065748031496
20
0.408251062992126
11
0.3287401574803149
21
0.4074803149606299
0
LINE
8
BLACK
6
CONTINUOUS
10
0.3287401574803149
20
0.4074803149606299
11
0.3238737401574803
21
0.408251062992126
0
LINE
8
BLACK
6
CONTINUOUS
10
0.3238737401574803
20
0.408251062992126
11
0.3194837007874016
21
0.4104879133858267
0
LINE
8
BLACK
6
CONTINUOUS
10
0.3194837007874016
20
0.4104879133858267
11
0.3159997244094488
21
0.4139718897637795
0
LINE
8
BLACK
6
CONTINUOUS
10
0.3159997244094488
20
0.4139718897637795
11
0.313762874015748
21
0.4183619291338583
0
LINE
8
BLACK
6
CONTINUOUS
10
0.313762874015748
20
0.4183619291338583
11
0.312992125984252
21
0.4232283464566929
0
LINE
8
BLACK
6
CONTINUOUS
10
0.312992125984252
20
0.4232283464566929
11
0.313762874015748
21
0.4280947637795275
0
LINE
8
BLACK
6
CONTINUOUS
10
0.313762874015748
20
0.4280947637795275
11
0.3159997244094488
21
0.4324848031496063
0
LINE
8
BLACK
6
CONTINUOUS
10
0.3159997244094488
20
0.4324848031496063
11
0.3194837007874016
21
0.435968779527559
0
LINE
8
BLACK
6
CONTINUOUS
10
0.3194837007874016
20
0.435968779527559
11
0.3238737401574803
21
0.4382056299212598
0
LINE
8
BLACK
6
CONTINUOUS
10
0.3238737401574803
20
0.4382056299212598
11
0.3287401574803149
21
0.4389763779527559
0
LINE
8
BLACK
6
CONTINUOUS
10
0.3287401574803149
20
0.4389763779527559
11
0.3336065748031496
21
0.4382056299212598
0
LINE
8
BLACK
6
CONTINUOUS
10
-0.5738737401574803
20
0.2078906692913386
11
-0.5694837007874015
21
0.2056538188976378
0
LINE
8
BLACK
6
CONTINUOUS
10
-0.5694837007874015
20
0.2056538188976378
11
-0.5659997244094488
21
0.202169842519685
0
LINE
8
BLACK
6
CONTINUOUS
10
-0.5659997244094488
20
0.202169842519685
11
-0.563762874015748
21
0.1977798031496063
0
LINE
8
BLACK
6
CONTINUOUS
10
-0.563762874015748
20
0.1977798031496063
11
-0.562992125984252
21
0.1929133858267716
0
LINE
8
BLACK
6
CONTINUOUS
10
-0.562992125984252
20
0.1929133858267716
11
-0.563762874015748
21
0.188046968503937
0
LINE
8
BLACK
6
CONTINUOUS
10
-0.563762874015748
20
0.188046968503937
11
-0.5659997244094488
21
0.1836569291338583
0
LINE
8
BLACK
6
CONTINUOUS
10
-0.5659997244094488
20
0.1836569291338583
11
-0.5694837007874015
21
0.1801729527559055
0
LINE
8
BLACK
6
CONTINUOUS
10
-0.5694837007874015
20
0.1801729527559055
11
-0.5738737401574803
21
0.1779361023622047
0
LINE
8
BLACK
6
CONTINUOUS
10
-0.5738737401574803
20
0.1779361023622047
11
-0.5787401574803149
21
0.1771653543307087
0
LINE
8
BLACK
6
CONTINUOUS
10
-0.5787401574803149
20
0.1771653543307087
11
-0.5836065748031496
21
0.1779361023622047
0
LINE
8
BLACK
6
CONTINUOUS
10
-0.5836065748031496
20
0.1779361023622047
11
-0.5879966141732283
21
0.1801729527559055
0
LINE
8
BLACK
6
CONTINUOUS
10
-0.5879966141732283
20
0.1801729527559055
11
-0.5914805905511811
21
0.1836569291338583
0
LINE
8
BLACK
6
CONTINUOUS
10
-0.5914805905511811
20
0.1836569291338583
11
-0.5937174409448819
21
0.188046968503937
0
LINE
8
BLACK
6
CONTINUOUS
10
-0.5937174409448819
20
0.188046968503937
11
-0.5944881889763779
21
0.1929133858267716
0
LINE
8
BLACK
6
CONTINUOUS
10
-0.5944881889763779
20
0.1929133858267716
11
-0.5937174409448819
21
0.1977798031496063
0
LINE
8
BLACK
6
CONTINUOUS
10
-0.5937174409448819
20
0.1977798031496063
11
-0.5914805905511811
21
0.202169842519685
0
LINE
8
BLACK
6
CONTINUOUS
10
-0.5914805905511811
20
0.202169842519685
11
-0.5879966141732283
21
0.2056538188976378
0
LINE
8
BLACK
6
CONTINUOUS
10
-0.5879966141732283
20
0.2056538188976378
11
-0.5836065748031496
21
0.2078906692913386
0
LINE
8
BLACK
6
CONTINUOUS
10
-0.5836065748031496
20
0.2078906692913386
11
-0.5787401574803149
21
0.2086614173228346
0
LINE
8
BLACK
6
CONTINUOUS
10
-0.5787401574803149
20
0.2086614173228346
11
-0.5738737401574803
21
0.2078906692913386
0
LINE
8
BLACK
6
CONTINUOUS
10
-0.6004682283464566
20
0.4716701968503937
11
-0.596078188976378
21
0.4694333464566929
0
LINE
8
BLACK
6
CONTINUOUS
10
-0.596078188976378
20
0.4694333464566929
11
-0.5925942125984252
21
0.4659493700787402
0
LINE
8
BLACK
6
CONTINUOUS
10
-0.5925942125984252
20
0.4659493700787402
11
-0.5903573622047243
21
0.4615593307086614
0
LINE
8
BLACK
6
CONTINUOUS
10
-0.5903573622047243
20
0.4615593307086614
11
-0.5895866141732283
21
0.4566929133858267
0
LINE
8
BLACK
6
CONTINUOUS
10
-0.5895866141732283
20
0.4566929133858267
11
-0.5903573622047243
21
0.4518264960629921
0
LINE
8
BLACK
6
CONTINUOUS
10
-0.5903573622047243
20
0.4518264960629921
11
-0.5925942125984252
21
0.4474364566929134
0
LINE
8
BLACK
6
CONTINUOUS
10
-0.5925942125984252
20
0.4474364566929134
11
-0.596078188976378
21
0.4439524803149606
0
LINE
8
BLACK
6
CONTINUOUS
10
-0.596078188976378
20
0.4439524803149606
11
-0.6004682283464566
21
0.4417156299212598
0
LINE
8
BLACK
6
CONTINUOUS
10
-0.6004682283464566
20
0.4417156299212598
11
-0.6053346456692913
21
0.4409448818897638
0
LINE
8
BLACK
6
CONTINUOUS
10
-0.6053346456692913
20
0.4409448818897638
11
-0.610201062992126
21
0.4417156299212598
0
LINE
8
BLACK
6
CONTINUOUS
10
-0.610201062992126
20
0.4417156299212598
11
-0.6145911023622047
21
0.4439524803149606
0
LINE
8
BLACK
6
CONTINUOUS
10
-0.6145911023622047
20
0.4439524803149606
11
-0.6180750787401574
21
0.4474364566929134
0
LINE
8
BLACK
6
CONTINUOUS
10
-0.6180750787401574
20
0.4474364566929134
11
-0.6203119291338582
21
0.4518264960629921
0
LINE
8
BLACK
6
CONTINUOUS
10
-0.6203119291338582
20
0.4518264960629921
11
-0.6210826771653544
21
0.4566929133858267
0
LINE
8
BLACK
6
CONTINUOUS
10
-0.6210826771653544
20
0.4566929133858267
11
-0.6203119291338582
21
0.4615593307086614
0
LINE
8
BLACK
6
CONTINUOUS
10
-0.6203119291338582
20
0.4615593307086614
11
-0.6180750787401574
21
0.4659493700787402
0
LINE
8
BLACK
6
CONTINUOUS
10
-0.6180750787401574
20
0.4659493700787402
11
-0.6145911023622047
21
0.4694333464566929
0
LINE
8
BLACK
6
CONTINUOUS
10
-0.6145911023622047
20
0.4694333464566929
11
-0.610201062992126
21
0.4716701968503937
0
LINE
8
BLACK
6
CONTINUOUS
10
-0.610201062992126
20
0.4716701968503937
11
-0.6053346456692913
21
0.4724409448818898
0
LINE
8
BLACK
6
CONTINUOUS
10
-0.6053346456692913
20
0.4724409448818898
11
-0.6004682283464566
21
0.4716701968503937
0
LINE
8
BLACK
6
CONTINUOUS
10
0.3434490944881889
20
0.5090717716535433
11
0.3478391338582677
21
0.5068349212598425
0
LINE
8
BLACK
6
CONTINUOUS
10
0.3478391338582677
20
0.5068349212598425
11
0.3513231102362205
21
0.5033509448818898
0
LINE
8
BLACK
6
CONTINUOUS
10
0.3513231102362205
20
0.5033509448818898
11
0.3535599606299212
21
0.498960905511811
0
LINE
8
BLACK
6
CONTINUOUS
10
0.3535599606299212
20
0.498960905511811
11
0.3543307086614173
21
0.4940944881889764
0
LINE
8
BLACK
6
CONTINUOUS
10
0.3543307086614173
20
0.4940944881889764
11
0.3535599606299212
21
0.4892280708661417
0
LINE
8
BLACK
6
CONTINUOUS
10
0.3535599606299212
20
0.4892280708661417
11
0.3513231102362205
21
0.484838031496063
0
LINE
8
BLACK
6
CONTINUOUS
10
0.3513231102362205
20
0.484838031496063
11
0.3478391338582677
21
0.4813540551181102
0
LINE
8
BLACK
6
CONTINUOUS
10
0.3478391338582677
20
0.4813540551181102
11
0.3434490944881889
21
0.4791172047244094
0
LINE
8
BLACK
6
CONTINUOUS
10
0.3434490944881889
20
0.4791172047244094
11
0.3385826771653543
21
0.4783464566929134
0
LINE
8
BLACK
6
CONTINUOUS
10
0.3385826771653543
20
0.4783464566929134
11
0.3337162598425197
21
0.4791172047244094
0
LINE
8
BLACK
6
CONTINUOUS
10
0.3337162598425197
20
0.4791172047244094
11
0.3293262204724409
21
0.4813540551181102
0
LINE
8
BLACK
6
CONTINUOUS
10
0.3293262204724409
20
0.4813540551181102
11
0.3258422440944882
21
0.484838031496063
0
LINE
8
BLACK
6
CONTINUOUS
10
0.3258422440944882
20
0.484838031496063
11
0.3236053937007874
21
0.4892280708661417
0
LINE
8
BLACK
6
CONTINUOUS
10
0.3236053937007874
20
0.4892280708661417
11
0.3228346456692913
21
0.4940944881889764
0
LINE
8
BLACK
6
CONTINUOUS
10
0.3228346456692913
20
0.4940944881889764
11
0.3236053937007874
21
0.498960905511811
0
LINE
8
BLACK
6
CONTINUOUS
10
0.3236053937007874
20
0.498960905511811
11
0.3258422440944882
21
0.5033509448818898
0
LINE
8
BLACK
6
CONTINUOUS
10
0.3258422440944882
20
0.5033509448818898
11
0.3293262204724409
21
0.5068349212598425
0
LINE
8
BLACK
6
CONTINUOUS
10
0.3293262204724409
20
0.5068349212598425
11
0.3337162598425197
21
0.5090717716535433
0
LINE
8
BLACK
6
CONTINUOUS
10
0.3337162598425197
20
0.5090717716535433
11
0.3385826771653543
21
0.5098425196850394
0
LINE
8
BLACK
6
CONTINUOUS
10
0.3385826771653543
20
0.5098425196850394
11
0.3434490944881889
21
0.5090717716535433
0
LINE
8
BLACK
6
CONTINUOUS
10
0.3040790157480315
20
0.6291505118110237
11
0.3084690551181102
21
0.6269136614173229
0
LINE
8
BLACK
6
CONTINUOUS
10
0.3084690551181102
20
0.6269136614173229
11
0.311953031496063
21
0.62342968503937
0
LINE
8
BLACK
6
CONTINUOUS
10
0.311953031496063
20
0.62342968503937
11
0.3141898818897638
21
0.6190396456692914
0
LINE
8
BLACK
6
CONTINUOUS
10
0.3141898818897638
20
0.6190396456692914
11
0.3149606299212598
21
0.6141732283464567
0
LINE
8
BLACK
6
CONTINUOUS
10
0.3149606299212598
20
0.6141732283464567
11
0.3141898818897638
21
0.6093068110236221
0
LINE
8
BLACK
6
CONTINUOUS
10
0.3141898818897638
20
0.6093068110236221
11
0.311953031496063
21
0.6049167716535433
0
LINE
8
BLACK
6
CONTINUOUS
10
0.311953031496063
20
0.6049167716535433
11
0.3084690551181102
21
0.6014327952755906
0
LINE
8
BLACK
6
CONTINUOUS
10
0.3084690551181102
20
0.6014327952755906
11
0.3040790157480315
21
0.5991959448818898
0
LINE
8
BLACK
6
CONTINUOUS
10
0.3040790157480315
20
0.5991959448818898
11
0.2992125984251968
21
0.5984251968503936
0
LINE
8
BLACK
6
CONTINUOUS
10
0.2992125984251968
20
0.5984251968503936
11
0.2943461811023622
21
0.5991959448818898
0
LINE
8
BLACK
6
CONTINUOUS
10
0.2943461811023622
20
0.5991959448818898
11
0.2899561417322835
21
0.6014327952755906
0
LINE
8
BLACK
6
CONTINUOUS
10
0.2899561417322835
20
0.6014327952755906
11
0.2864721653543307
21
0.6049167716535433
0
LINE
8
BLACK
6
CONTINUOUS
10
0.2864721653543307
20
0.6049167716535433
11
0.2842353149606299
21
0.6093068110236221
0
LINE
8
BLACK
6
CONTINUOUS
10
0.2842353149606299
20
0.6093068110236221
11
0.2834645669291339
21
0.6141732283464567
0
LINE
8
BLACK
6
CONTINUOUS
10
0.2834645669291339
20
0.6141732283464567
11
0.2842353149606299
21
0.6190396456692914
0
LINE
8
BLACK
6
CONTINUOUS
10
0.2842353149606299
20
0.6190396456692914
11
0.2864721653543307
21
0.62342968503937
0
LINE
8
BLACK
6
CONTINUOUS
10
0.2864721653543307
20
0.62342968503937
11
0.2899561417322835
21
0.6269136614173229
0
LINE
8
BLACK
6
CONTINUOUS
10
0.2899561417322835
20
0.6269136614173229
11
0.2943461811023622
21
0.6291505118110237
0
LINE
8
BLACK
6
CONTINUOUS
10
0.2943461811023622
20
0.6291505118110237
11
0.2992125984251968
21
0.6299212598425197
0
LINE
8
BLACK
6
CONTINUOUS
10
0.2992125984251968
20
0.6299212598425197
11
0.3040790157480315
21
0.6291505118110237
0
LINE
8
BLACK
6
CONTINUOUS
10
-0.2431650787401575
20
0.794504842519685
11
-0.2387750393700787
21
0.7922679921259842
0
LINE
8
BLACK
6
CONTINUOUS
10
-0.2387750393700787
20
0.7922679921259842
11
-0.235291062992126
21
0.7887840157480315
0
LINE
8
BLACK
6
CONTINUOUS
10
-0.235291062992126
20
0.7887840157480315
11
-0.2330542125984252
21
0.7843939763779527
0
LINE
8
BLACK
6
CONTINUOUS
10
-0.2330542125984252
20
0.7843939763779527
11
-0.2322834645669291
21
0.7795275590551181
0
LINE
8
BLACK
6
CONTINUOUS
10
-0.2322834645669291
20
0.7795275590551181
11
-0.2330542125984252
21
0.7746611417322834
0
LINE
8
BLACK
6
CONTINUOUS
10
-0.2330542125984252
20
0.7746611417322834
11
-0.235291062992126
21
0.7702711023622048
0
LINE
8
BLACK
6
CONTINUOUS
10
-0.235291062992126
20
0.7702711023622048
11
-0.2387750393700787
21
0.7667871259842519
0
LINE
8
BLACK
6
CONTINUOUS
10
-0.2387750393700787
20
0.7667871259842519
11
-0.2431650787401575
21
0.7645502755905511
0
LINE
8
BLACK
6
CONTINUOUS
10
-0.2431650787401575
20
0.7645502755905511
11
-0.2480314960629921
21
0.7637795275590551
0
LINE
8
BLACK
6
CONTINUOUS
10
-0.2480314960629921
20
0.7637795275590551
11
-0.2528979133858268
21
0.7645502755905511
0
LINE
8
BLACK
6
CONTINUOUS
10
-0.2528979133858268
20
0.7645502755905511
11
-0.2572879527559055
21
0.7667871259842519
0
LINE
8
BLACK
6
CONTINUOUS
10
-0.2572879527559055
20
0.7667871259842519
11
-0.2607719291338583
21
0.7702711023622048
0
LINE
8
BLACK
6
CONTINUOUS
10
-0.2607719291338583
20
0.7702711023622048
11
-0.263008779527559
21
0.7746611417322834
0
LINE
8
BLACK
6
CONTINUOUS
10
-0.263008779527559
20
0.7746611417322834
11
-0.2637795275590551
21
0.7795275590551181
0
LINE
8
BLACK
6
CONTINUOUS
10
-0.2637795275590551
20
0.7795275590551181
11
-0.263008779527559
21
0.7843939763779527
0
LINE
8
BLACK
6
CONTINUOUS
10
-0.263008779527559
20
0.7843939763779527
11
-0.2607719291338583
21
0.7887840157480315
0
LINE
8
BLACK
6
CONTINUOUS
10
-0.2607719291338583
20
0.7887840157480315
11
-0.2572879527559055
21
0.7922679921259842
0
LINE
8
BLACK
6
CONTINUOUS
10
-0.2572879527559055
20
0.7922679921259842
11
-0.2528979133858268
21
0.794504842519685
0
LINE
8
BLACK
6
CONTINUOUS
10
-0.2528979133858268
20
0.794504842519685
11
-0.2480314960629921
21
0.7952755905511811
0
LINE
8
BLACK
6
CONTINUOUS
10
-0.2480314960629921
20
0.7952755905511811
11
-0.2431650787401575
21
0.794504842519685
0
LINE
8
BLACK
6
CONTINUOUS
10
0.0823166929133858
20
1.5726481496062992
11
0.0825205118110236
21
1.5726374803149605
0
LINE
8
BLACK
6
CONTINUOUS
10
0.0825205118110236
20
1.5726374803149605
11
0.1645100787401575
21
1.5661850393700787
0
LINE
8
BLACK
6
CONTINUOUS
10
0.1645100787401575
20
1.5661850393700787
11
0.1647126771653543
21
1.5661637401574804
0
LINE
8
BLACK
6
CONTINUOUS
10
0.1647126771653543
20
1.5661637401574804
11
0.246254094488189
21
1.5554263385826772
0
LINE
8
BLACK
6
CONTINUOUS
10
0.246254094488189
20
1.5554263385826772
11
0.2464531102362205
21
1.5553947637795276
0
LINE
8
BLACK
6
CONTINUOUS
10
0.2464531102362205
20
1.5553947637795276
11
0.3273177952755905
21
1.5404085826771654
0
LINE
8
BLACK
6
CONTINUOUS
10
0.3273177952755905
20
1.5404085826771654
11
0.3273194881889764
21
1.5404082677165354
0
LINE
8
BLACK
6
CONTINUOUS
10
0.3273194881889764
20
1.5404082677165354
11
0.3275191732283464
21
1.5403658267716536
0
LINE
8
BLACK
6
CONTINUOUS
10
0.3275191732283464
20
1.5403658267716536
11
0.4074909448818897
21
1.5211655511811024
0
LINE
8
BLACK
6
CONTINUOUS
10
0.4074909448818897
20
1.5211655511811024
11
0.4076878346456693
21
1.5211128346456693
0
LINE
8
BLACK
6
CONTINUOUS
10
0.4076878346456693
20
1.5211128346456693
11
0.4865446456692913
21
1.4977570078740157
0
LINE
8
BLACK
6
CONTINUOUS
10
0.4865446456692913
20
1.4977570078740157
11
0.4867376771653543
21
1.4976942519685039
0
LINE
8
BLACK
6
CONTINUOUS
10
0.4867376771653543
20
1.4976942519685039
11
0.5642631496062992
21
1.4702383070866141
0
LINE
8
BLACK
6
CONTINUOUS
10
0.5642631496062992
20
1.4702383070866141
11
0.5644514566929134
21
1.4701660236220473
0
LINE
8
BLACK
6
CONTINUOUS
10
0.5644514566929134
20
1.4701660236220473
11
0.6404359842519685
21
1.4386930314960629
0
LINE
8
BLACK
6
CONTINUOUS
10
0.6404359842519685
20
1.4386930314960629
11
0.6404374015748031
21
1.4386924409448818
0
LINE
8
BLACK
6
CONTINUOUS
10
0.6404374015748031
20
1.4386924409448818
11
0.640623779527559
21
1.4386094488188976
0
LINE
8
BLACK
6
CONTINUOUS
10
0.640623779527559
20
1.4386094488188976
11
0.7148523228346456
21
1.4032054330708661
0
LINE
8
BLACK
6
CONTINUOUS
10
0.7148523228346456
20
1.4032054330708661
11
0.7150342519685039
21
1.4031127559055119
0
LINE
8
BLACK
6
CONTINUOUS
10
0.7150342519685039
20
1.4031127559055119
11
0.7873115354330709
21
1.3638677559055117
0
LINE
8
BLACK
6
CONTINUOUS
10
0.7873115354330709
20
1.3638677559055117
11
0.7874880314960629
21
1.363765905511811
0
LINE
8
BLACK
6
CONTINUOUS
10
0.7874880314960629
20
1.363765905511811
11
0.8576144488188976
21
1.3207930708661417
0
LINE
8
BLACK
6
CONTINUOUS
10
0.8576144488188976
20
1.3207930708661417
11
0.8577840944881889
21
1.3206829133858267
0
LINE
8
BLACK
6
CONTINUOUS
10
0.8577840944881889
20
1.3206829133858267
11
0.9255611023622047
21
1.2741014173228347
0
LINE
8
BLACK
6
CONTINUOUS
10
0.9255611023622047
20
1.2741014173228347
11
0.9255614566929133
21
1.2741011811023621
0
LINE
8
BLACK
6
CONTINUOUS
10
0.9255614566929133
20
1.2741011811023621
11
0.9257266141732283
21
1.2739811811023622
0
LINE
8
BLACK
6
CONTINUOUS
10
0.9257266141732283
20
1.2739811811023622
11
0.9909743700787401
21
1.2239123228346456
0
LINE
8
BLACK
6
CONTINUOUS
10
0.9909743700787401
20
1.2239123228346456
11
0.9911328346456693
21
1.2237839763779528
0
LINE
8
BLACK
6
CONTINUOUS
10
0.9911328346456693
20
1.2237839763779528
11
1.0536701574803149
21
1.1703735039370078
0
LINE
8
BLACK
6
CONTINUOUS
10
1.0536701574803149
20
1.1703735039370078
11
1.0538216141732284
21
1.1702371653543306
0
LINE
8
BLACK
6
CONTINUOUS
10
1.0538216141732284
20
1.1702371653543306
11
1.1134807480314961
21
1.1136257086614172
0
LINE
8
BLACK
6
CONTINUOUS
10
1.1134807480314961
20
1.1136257086614172
11
1.1134810236220472
21
1.1136254724409449
0
LINE
8
BLACK
6
CONTINUOUS
10
1.1134810236220472
20
1.1136254724409449
11
1.1136254724409449
21
1.1134810236220472
0
LINE
8
BLACK
6
CONTINUOUS
10
1.1136254724409449
20
1.1134810236220472
11
1.1702369291338584
21
1.0538219291338582
0
LINE
8
BLACK
6
CONTINUOUS
10
1.1702369291338584
20
1.0538219291338582
11
1.1703734251968503
21
1.0536703149606299
0
LINE
8
BLACK
6
CONTINUOUS
10
1.1703734251968503
20
1.0536703149606299
11
1.2237842913385826
21
0.9911325590551181
0
LINE
8
BLACK
6
CONTINUOUS
10
1.2237842913385826
20
0.9911325590551181
11
1.2239125984251968
21
0.990974094488189
0
LINE
8
BLACK
6
CONTINUOUS
10
1.2239125984251968
20
0.990974094488189
11
1.2739807874015747
21
0.9257272834645669
0
LINE
8
BLACK
6
CONTINUOUS
10
1.2739807874015747
20
0.9257272834645669
11
1.2741008267716536
21
0.9255621259842519
0
LINE
8
BLACK
6
CONTINUOUS
10
1.2741008267716536
20
0.9255621259842519
11
1.2767459842519684
21
0.9217133464566929
0
LINE
8
BLACK
6
CONTINUOUS
10
1.2767459842519684
20
0.9217133464566929
11
1.3206820472440945
21
0.8577852362204724
0
LINE
8
BLACK
6
CONTINUOUS
10
1.3206820472440945
20
0.8577852362204724
11
1.3206822440944881
21
0.857785
0
LINE
8
BLACK
6
CONTINUOUS
10
1.3206822440944881
20
0.857785
11
1.3207933858267715
21
0.8576138582677165
0
LINE
8
BLACK
6
CONTINUOUS
10
1.3207933858267715
20
0.8576138582677165
11
1.3637655118110237
21
0.7874885433070866
0
LINE
8
BLACK
6
CONTINUOUS
10
1.3637655118110237
20
0.7874885433070866
11
1.3638674803149606
21
0.7873119291338583
0
LINE
8
BLACK
6
CONTINUOUS
10
1.3638674803149606
20
0.7873119291338583
11
1.4031128346456692
21
0.7150346456692913
0
LINE
8
BLACK
6
CONTINUOUS
10
1.4031128346456692
20
0.7150346456692913
11
1.4032055511811024
21
0.7148526771653543
0
LINE
8
BLACK
6
CONTINUOUS
10
1.4032055511811024
20
0.7148526771653543
11
1.4368218503937007
21
0.644371968503937
0
LINE
8
BLACK
6
CONTINUOUS
10
1.4368218503937007
20
0.644371968503937
11
1.4386098425196849
21
0.6406232677165354
0
LINE
8
BLACK
6
CONTINUOUS
10
1.4386098425196849
20
0.6406232677165354
11
1.4386926377952756
21
0.6404372440944882
0
LINE
8
BLACK
6
CONTINUOUS
10
1.4386926377952756
20
0.6404372440944882
11
1.4690472047244094
21
0.5671528346456692
0
LINE
8
BLACK
6
CONTINUOUS
10
1.4690472047244094
20
0.5671528346456692
11
1.470165433070866
21
0.5644531496062992
0
LINE
8
BLACK
6
CONTINUOUS
10
1.470165433070866
20
0.5644531496062992
11
1.4702384251968503
21
0.5642630708661417
0
LINE
8
BLACK
6
CONTINUOUS
10
1.4702384251968503
20
0.5642630708661417
11
1.4721224409448819
21
0.5589433464566929
0
LINE
8
BLACK
6
CONTINUOUS
10
1.4721224409448819
20
0.5589433464566929
11
1.4976942125984252
21
0.4867377165354331
0
LINE
8
BLACK
6
CONTINUOUS
10
1.4976942125984252
20
0.4867377165354331
11
1.4977573228346457
21
0.4865434251968504
0
LINE
8
BLACK
6
CONTINUOUS
10
1.4977573228346457
20
0.4865434251968504
11
1.521112874015748
21
0.4076879921259842
0
LINE
8
BLACK
6
CONTINUOUS
10
1.521112874015748
20
0.4076879921259842
11
1.5211656299212597
21
0.4074910236220473
0
LINE
8
BLACK
6
CONTINUOUS
10
1.5211656299212597
20
0.4074910236220473
11
1.5403659055118111
21
0.3275194094488189
0
LINE
8
BLACK
6
CONTINUOUS
10
1.5403659055118111
20
0.3275194094488189
11
1.5404083464566929
21
0.3273197244094488
0
LINE
8
BLACK
6
CONTINUOUS
10
1.5404083464566929
20
0.3273197244094488
11
1.5553946456692913
21
0.2464545275590551
0
LINE
8
BLACK
6
CONTINUOUS
10
1.5553946456692913
20
0.2464545275590551
11
1.5554265748031495
21
0.2462531496062992
0
LINE
8
BLACK
6
CONTINUOUS
10
1.5554265748031495
20
0.2462531496062992
11
1.5661637795275589
21
0.1647129921259843
0
LINE
8
BLACK
6
CONTINUOUS
10
1.5661637795275589
20
0.1647129921259843
11
1.5661851181102362
21
0.1645099212598425
0
LINE
8
BLACK
6
CONTINUOUS
10
1.5661851181102362
20
0.1645099212598425
11
1.5726378346456693
21
0.0825205511811024
0
LINE
8
BLACK
6
CONTINUOUS
10
1.5726378346456693
20
0.0825205511811024
11
1.5726485039370079
21
0.0823167322834646
0
LINE
8
BLACK
6
CONTINUOUS
10
1.5726485039370079
20
0.0823167322834646
11
1.5748004724409448
21
0.0001020078740157
0
LINE
8
BLACK
6
CONTINUOUS
10
1.5748004724409448
20
0.0001020078740157
11
1.5748004724409448
21
-0.000101968503937
0
LINE
8
BLACK
6
CONTINUOUS
10
1.5748004724409448
20
-0.000101968503937
11
1.5726479133858267
21
-0.082316968503937
0
LINE
8
BLACK
6
CONTINUOUS
10
1.5726479133858267
20
-0.082316968503937
11
1.5726372440944882
21
-0.0825207480314961
0
LINE
8
BLACK
6
CONTINUOUS
10
1.5726372440944882
20
-0.0825207480314961
11
1.5661851181102362
21
-0.1645101574803149
0
LINE
8
BLACK
6
CONTINUOUS
10
1.5661851181102362
20
-0.1645101574803149
11
1.5661637795275589
21
-0.1647132283464567
0
LINE
8
BLACK
6
CONTINUOUS
10
1.5661637795275589
20
-0.1647132283464567
11
1.555426377952756
21
-0.2462524803149606
0
LINE
8
BLACK
6
CONTINUOUS
10
1.555426377952756
20
-0.2462524803149606
11
1.5553944881889763
21
-0.2464538582677165
0
LINE
8
BLACK
6
CONTINUOUS
10
1.5553944881889763
20
-0.2464538582677165
11
1.5404082283464566
21
-0.3273204724409449
0
LINE
8
BLACK
6
CONTINUOUS
10
1.5404082283464566
20
-0.3273204724409449
11
1.5403657480314961
21
-0.3275201574803149
0
LINE
8
BLACK
6
CONTINUOUS
10
1.5403657480314961
20
-0.3275201574803149
11
1.5211652755905511
21
-0.4074914566929134
0
LINE
8
BLACK
6
CONTINUOUS
10
1.5211652755905511
20
-0.4074914566929134
11
1.5211125196850392
21
-0.4076883858267716
0
LINE
8
BLACK
6
CONTINUOUS
10
1.5211125196850392
20
-0.4076883858267716
11
1.4977574015748032
21
-0.4865434251968504
0
LINE
8
BLACK
6
CONTINUOUS
10
1.4977574015748032
20
-0.4865434251968504
11
1.4976942913385827
21
-0.4867377559055118
0
LINE
8
BLACK
6
CONTINUOUS
10
1.4976942913385827
20
-0.4867377559055118
11
1.4702385433070866
21
-0.5642631102362204
0
LINE
8
BLACK
6
CONTINUOUS
10
1.4702385433070866
20
-0.5642631102362204
11
1.470165433070866
21
-0.5644534645669291
0
LINE
8
BLACK
6
CONTINUOUS
10
1.470165433070866
20
-0.5644534645669291
11
1.4386924803149606
21
-0.6404370866141732
0
LINE
8
BLACK
6
CONTINUOUS
10
1.4386924803149606
20
-0.6404370866141732
11
1.4386095275590551
21
-0.6406234645669291
0
LINE
8
BLACK
6
CONTINUOUS
10
1.4386095275590551
20
-0.6406234645669291
11
1.4032050787401575
21
-0.714853188976378
0
LINE
8
BLACK
6
CONTINUOUS
10
1.4032050787401575
20
-0.714853188976378
11
1.4031123622047244
21
-0.7150351181102362
0
LINE
8
BLACK
6
CONTINUOUS
10
1.4031123622047244
20
-0.7150351181102362
11
1.3638676771653544
21
-0.787311811023622
0
LINE
8
BLACK
6
CONTINUOUS
10
1.3638676771653544
20
-0.787311811023622
11
1.3637657086614172
21
-0.7874884645669291
0
LINE
8
BLACK
6
CONTINUOUS
10
1.3637657086614172
20
-0.7874884645669291
11
1.3207933858267715
21
-0.8576140157480314
0
LINE
8
BLACK
6
CONTINUOUS
10
1.3207933858267715
20
-0.8576140157480314
11
1.3206822440944881
21
-0.8577851574803149
0
LINE
8
BLACK
6
CONTINUOUS
10
1.3206822440944881
20
-0.8577851574803149
11
1.2741008267716536
21
-0.9255622440944882
0
LINE
8
BLACK
6
CONTINUOUS
10
1.2741008267716536
20
-0.9255622440944882
11
1.2739807874015747
21
-0.9257274015748032
0
LINE
8
BLACK
6
CONTINUOUS
10
1.2739807874015747
20
-0.9257274015748032
11
1.2239125984251968
21
-0.9909742125984252
0
LINE
8
BLACK
6
CONTINUOUS
10
1.2239125984251968
20
-0.9909742125984252
11
1.2237842913385826
21
-0.9911326771653544
0
LINE
8
BLACK
6
CONTINUOUS
10
1.2237842913385826
20
-0.9911326771653544
11
1.1703734251968503
21
-1.0536704724409449
0
LINE
8
BLACK
6
CONTINUOUS
10
1.1703734251968503
20
-1.0536704724409449
11
1.1702369291338584
21
-1.0538220866141732
0
LINE
8
BLACK
6
CONTINUOUS
10
1.1702369291338584
20
-1.0538220866141732
11
1.1136254724409449
21
-1.1134813385826772
0
LINE
8
BLACK
6
CONTINUOUS
10
1.1136254724409449
20
-1.1134813385826772
11
1.1134810236220472
21
-1.1136257874015747
0
LINE
8
BLACK
6
CONTINUOUS
10
1.1134810236220472
20
-1.1136257874015747
11
1.0538217716535432
21
-1.1702372440944881
0
LINE
8
BLACK
6
CONTINUOUS
10
1.0538217716535432
20
-1.1702372440944881
11
1.0536701574803149
21
-1.1703737401574803
0
LINE
8
BLACK
6
CONTINUOUS
10
1.0536701574803149
20
-1.1703737401574803
11
0.9911328346456693
21
-1.2237841732283465
0
LINE
8
BLACK
6
CONTINUOUS
10
0.9911328346456693
20
-1.2237841732283465
11
0.9909743700787401
21
-1.2239125196850393
0
LINE
8
BLACK
6
CONTINUOUS
10
0.9909743700787401
20
-1.2239125196850393
11
0.9257266141732283
21
-1.2739811811023622
0
LINE
8
BLACK
6
CONTINUOUS
10
0.9257266141732283
20
-1.2739811811023622
11
0.9255614566929133
21
-1.2741011811023621
0
LINE
8
BLACK
6
CONTINUOUS
10
0.9255614566929133
20
-1.2741011811023621
11
0.857784842519685
21
-1.3206825590551181
0
LINE
8
BLACK
6
CONTINUOUS
10
0.857784842519685
20
-1.3206825590551181
11
0.8576137007874015
21
-1.3207937007874015
0
LINE
8
BLACK
6
CONTINUOUS
10
0.8576137007874015
20
-1.3207937007874015
11
0.787488188976378
21
-1.3637660236220472
0
LINE
8
BLACK
6
CONTINUOUS
10
0.787488188976378
20
-1.3637660236220472
11
0.7873115354330709
21
-1.3638679921259842
0
LINE
8
BLACK
6
CONTINUOUS
10
0.7873115354330709
20
-1.3638679921259842
11
0.7150345275590551
21
-1.4031128346456692
0
LINE
8
BLACK
6
CONTINUOUS
10
0.7150345275590551
20
-1.4031128346456692
11
0.7148526377952755
21
-1.4032055118110236
0
LINE
8
BLACK
6
CONTINUOUS
10
0.7148526377952755
20
-1.4032055118110236
11
0.6406238976377953
21
-1.4386098031496062
0
LINE
8
BLACK
6
CONTINUOUS
10
0.6406238976377953
20
-1.4386098031496062
11
0.6404374409448819
21
-1.4386928346456693
0
LINE
8
BLACK
6
CONTINUOUS
10
0.6404374409448819
20
-1.4386928346456693
11
0.5644520472440945
21
-1.4701658661417323
0
LINE
8
BLACK
6
CONTINUOUS
10
0.5644520472440945
20
-1.4701658661417323
11
0.5642617322834645
21
-1.4702388976377951
0
LINE
8
BLACK
6
CONTINUOUS
10
0.5642617322834645
20
-1.4702388976377951
11
0.4867383070866141
21
-1.4976942519685039
0
LINE
8
BLACK
6
CONTINUOUS
10
0.4867383070866141
20
-1.4976942519685039
11
0.4865440157480315
21
-1.4977574015748032
0
LINE
8
BLACK
6
CONTINUOUS
10
0.4865440157480315
20
-1.4977574015748032
11
0.4076879133858268
21
-1.5211131496062993
0
LINE
8
BLACK
6
CONTINUOUS
10
0.4076879133858268
20
-1.5211131496062993
11
0.4074909448818897
21
-1.521165905511811
0
LINE
8
BLACK
6
CONTINUOUS
10
0.4074909448818897
20
-1.521165905511811
11
0.3275191732283464
21
-1.5403659055118111
0
LINE
8
BLACK
6
CONTINUOUS
10
0.3275191732283464
20
-1.5403659055118111
11
0.3273194881889764
21
-1.5404083464566929
0
LINE
8
BLACK
6
CONTINUOUS
10
0.3273194881889764
20
-1.5404083464566929
11
0.2464541732283465
21
-1.5553949606299213
0
LINE
8
BLACK
6
CONTINUOUS
10
0.2464541732283465
20
-1.5553949606299213
11
0.2462527559055118
21
-1.5554268897637795
0
LINE
8
BLACK
6
CONTINUOUS
10
0.2462527559055118
20
-1.5554268897637795
11
0.1647129527559055
21
-1.5661637795275589
0
LINE
8
BLACK
6
CONTINUOUS
10
0.1647129527559055
20
-1.5661637795275589
11
0.1645099212598425
21
-1.5661851181102362
0
LINE
8
BLACK
6
CONTINUOUS
10
0.1645099212598425
20
-1.5661851181102362
11
0.0825204724409449
21
-1.5726378346456693
0
LINE
8
BLACK
6
CONTINUOUS
10
0.0825204724409449
20
-1.5726378346456693
11
0.0823166535433071
21
-1.5726485039370079
0
LINE
8
BLACK
6
CONTINUOUS
10
0.0823166535433071
20
-1.5726485039370079
11
0.000101968503937
21
-1.5748004724409448
0
LINE
8
BLACK
6
CONTINUOUS
10
0.000101968503937
20
-1.5748004724409448
11
-0.0001020078740157
21
-1.5748004724409448
0
LINE
8
BLACK
6
CONTINUOUS
10
-0.0001020078740157
20
-1.5748004724409448
11
-0.0823168897637795
21
-1.5726479133858267
0
LINE
8
BLACK
6
CONTINUOUS
10
-0.0823168897637795
20
-1.5726479133858267
11
-0.0825206692913386
21
-1.5726372440944882
0
LINE
8
BLACK
6
CONTINUOUS
10
-0.0825206692913386
20
-1.5726372440944882
11
-0.1645100787401575
21
-1.5661851181102362
0
LINE
8
BLACK
6
CONTINUOUS
10
-0.1645100787401575
20
-1.5661851181102362
11
-0.1647131496062992
21
-1.5661637795275589
0
LINE
8
BLACK
6
CONTINUOUS
10
-0.1647131496062992
20
-1.5661637795275589
11
-0.2462525590551181
21
-1.555426377952756
0
LINE
8
BLACK
6
CONTINUOUS
10
-0.2462525590551181
20
-1.555426377952756
11
-0.246453937007874
21
-1.5553944881889763
0
LINE
8
BLACK
6
CONTINUOUS
10
-0.246453937007874
20
-1.5553944881889763
11
-0.3273205511811024
21
-1.5404082283464566
0
LINE
8
BLACK
6
CONTINUOUS
10
-0.3273205511811024
20
-1.5404082283464566
11
-0.3275202362204724
21
-1.5403657480314961
0
LINE
8
BLACK
6
CONTINUOUS
10
-0.3275202362204724
20
-1.5403657480314961
11
-0.4074915354330709
21
-1.5211652755905511
0
LINE
8
BLACK
6
CONTINUOUS
10
-0.4074915354330709
20
-1.5211652755905511
11
-0.4076884645669291
21
-1.5211125196850392
0
LINE
8
BLACK
6
CONTINUOUS
10
-0.4076884645669291
20
-1.5211125196850392
11
-0.4865435039370078
21
-1.4977574015748032
0
LINE
8
BLACK
6
CONTINUOUS
10
-0.4865435039370078
20
-1.4977574015748032
11
-0.4867378346456693
21
-1.4976942913385827
0
LINE
8
BLACK
6
CONTINUOUS
10
-0.4867378346456693
20
-1.4976942913385827
11
-0.4867379527559055
21
-1.4976942519685039
0
LINE
8
BLACK
6
CONTINUOUS
10
-0.4867379527559055
20
-1.4976942519685039
11
-0.5642633070866142
21
-1.4702384251968503
0
LINE
8
BLACK
6
CONTINUOUS
10
-0.5642633070866142
20
-1.4702384251968503
11
-0.5644531102362205
21
-1.4701655511811023
0
LINE
8
BLACK
6
CONTINUOUS
10
-0.5644531102362205
20
-1.4701655511811023
11
-0.6091263385826772
21
-1.4516615748031496
0
LINE
8
BLACK
6
CONTINUOUS
10
-0.6091263385826772
20
-1.4516615748031496
11
-0.6404370866141732
21
-1.4386924803149606
0
LINE
8
BLACK
6
CONTINUOUS
10
-0.6404370866141732
20
-1.4386924803149606
11
-0.6406234645669291
21
-1.4386095275590551
0
LINE
8
BLACK
6
CONTINUOUS
10
-0.6406234645669291
20
-1.4386095275590551
11
-0.7148532677165355
21
-1.4032050787401575
0
LINE
8
BLACK
6
CONTINUOUS
10
-0.7148532677165355
20
-1.4032050787401575
11
-0.7150351968503937
21
-1.4031123622047244
0
LINE
8
BLACK
6
CONTINUOUS
10
-0.7150351968503937
20
-1.4031123622047244
11
-0.787311811023622
21
-1.3638676771653544
0
LINE
8
BLACK
6
CONTINUOUS
10
-0.787311811023622
20
-1.3638676771653544
11
-0.7874884645669291
21
-1.3637657086614172
0
LINE
8
BLACK
6
CONTINUOUS
10
-0.7874884645669291
20
-1.3637657086614172
11
-0.8167687007874016
21
-1.3458230708661416
0
LINE
8
BLACK
6
CONTINUOUS
10
-0.8167687007874016
20
-1.3458230708661416
11
-0.8576144881889763
21
-1.3207931102362205
0
LINE
8
BLACK
6
CONTINUOUS
10
-0.8576144881889763
20
-1.3207931102362205
11
-0.857784842519685
21
-1.3206824803149606
0
LINE
8
BLACK
6
CONTINUOUS
10
-0.857784842519685
20
-1.3206824803149606
11
-0.9255623228346457
21
-1.2741008267716536
0
LINE
8
BLACK
6
CONTINUOUS
10
-0.9255623228346457
20
-1.2741008267716536
11
-0.9257274803149607
21
-1.2739807874015747
0
LINE
8
BLACK
6
CONTINUOUS
10
-0.9257274803149607
20
-1.2739807874015747
11
-0.9909742913385826
21
-1.2239125984251968
0
LINE
8
BLACK
6
CONTINUOUS
10
-0.9909742913385826
20
-1.2239125984251968
11
-0.9911327559055118
21
-1.2237842913385826
0
LINE
8
BLACK
6
CONTINUOUS
10
-0.9911327559055118
20
-1.2237842913385826
11
-1.0536706299212599
21
-1.1703733464566928
0
LINE
8
BLACK
6
CONTINUOUS
10
-1.0536706299212599
20
-1.1703733464566928
11
-1.0538221653543307
21
-1.1702369291338584
0
LINE
8
BLACK
6
CONTINUOUS
10
-1.0538221653543307
20
-1.1702369291338584
11
-1.0755256692913386
21
-1.149642125984252
0
LINE
8
BLACK
6
CONTINUOUS
10
-1.0755256692913386
20
-1.149642125984252
11
-1.1134813779527559
21
-1.1136253543307086
0
LINE
8
BLACK
6
CONTINUOUS
10
-1.1134813779527559
20
-1.1136253543307086
11
-1.1136257086614172
21
-1.1134810236220472
0
LINE
8
BLACK
6
CONTINUOUS
10
-1.1136257086614172
20
-1.1134810236220472
11
-1.1152867322834645
21
-1.1117305905511812
0
LINE
8
BLACK
6
CONTINUOUS
10
-1.1152867322834645
20
-1.1117305905511812
11
-1.1702374015748032
21
-1.0538216141732284
0
LINE
8
BLACK
6
CONTINUOUS
10
-1.1702374015748032
20
-1.0538216141732284
11
-1.1703737401574803
21
-1.0536701574803149
0
LINE
8
BLACK
6
CONTINUOUS
10
-1.1703737401574803
20
-1.0536701574803149
11
-1.2237841732283465
21
-0.9911328346456693
0
LINE
8
BLACK
6
CONTINUOUS
10
-1.2237841732283465
20
-0.9911328346456693
11
-1.2239125196850393
21
-0.9909743700787401
0
LINE
8
BLACK
6
CONTINUOUS
10
-1.2239125196850393
20
-0.9909743700787401
11
-1.2577427952755906
21
-0.9468881102362204
0
LINE
8
BLACK
6
CONTINUOUS
10
-1.2577427952755906
20
-0.9468881102362204
11
-1.2739816141732283
21
-0.9257263779527559
0
LINE
8
BLACK
6
CONTINUOUS
10
-1.2739816141732283
20
-0.9257263779527559
11
-1.2741014173228347
21
-0.9255614566929133
0
LINE
8
BLACK
6
CONTINUOUS
10
-1.2741014173228347
20
-0.9255614566929133
11
-1.2743520078740158
21
-0.9251968503937008
0
LINE
8
BLACK
6
CONTINUOUS
10
-1.2743520078740158
20
-0.9251968503937008
11
-1.3206831496062992
21
-0.8577840944881889
0
LINE
8
BLACK
6
CONTINUOUS
10
-1.3206831496062992
20
-0.8577840944881889
11
-1.3207933070866142
21
-0.8576144488188976
0
LINE
8
BLACK
6
CONTINUOUS
10
-1.3207933070866142
20
-0.8576144488188976
11
-1.363766220472441
21
-0.7874880314960629
0
LINE
8
BLACK
6
CONTINUOUS
10
-1.363766220472441
20
-0.7874880314960629
11
-1.3638680708661417
21
-0.7873115354330709
0
LINE
8
BLACK
6
CONTINUOUS
10
-1.3638680708661417
20
-0.7873115354330709
11
-1.3647435826771652
21
-0.7856991338582677
0
LINE
8
BLACK
6
CONTINUOUS
10
-1.3647435826771652
20
-0.7856991338582677
11
-1.3862651574803149
21
-0.7460629527559055
0
LINE
8
BLACK
6
CONTINUOUS
10
-1.3862651574803149
20
-0.7460629527559055
11
-1.4031131496062992
21
-0.715034094488189
0
LINE
8
BLACK
6
CONTINUOUS
10
-1.4031131496062992
20
-0.715034094488189
11
-1.4032057480314961
21
-0.7148523228346456
0
LINE
8
BLACK
6
CONTINUOUS
10
-1.4032057480314961
20
-0.7148523228346456
11
-1.4033951968503937
21
-0.714455157480315
0
LINE
8
BLACK
6
CONTINUOUS
10
-1.4033951968503937
20
-0.714455157480315
11
-1.4352644094488189
21
-0.6476377559055118
0
LINE
8
BLACK
6
CONTINUOUS
10
-1.4352644094488189
20
-0.6476377559055118
11
-1.4378970472440944
21
-0.6421181102362205
0
LINE
8
BLACK
6
CONTINUOUS
10
-1.4378970472440944
20
-0.6421181102362205
11
-1.4386097637795274
21
-0.640623779527559
0
LINE
8
BLACK
6
CONTINUOUS
10
-1.4386097637795274
20
-0.640623779527559
11
-1.4386927559055118
21
-0.6404374015748031
0
LINE
8
BLACK
6
CONTINUOUS
10
-1.4386927559055118
20
-0.6404374015748031
11
-1.441418464566929
21
-0.6338567716535433
0
LINE
8
BLACK
6
CONTINUOUS
10
-1.441418464566929
20
-0.6338567716535433
11
-1.4701663385826771
21
-0.5644514566929134
0
LINE
8
BLACK
6
CONTINUOUS
10
-1.4701663385826771
20
-0.5644514566929134
11
-1.4702386220472441
21
-0.5642631102362204
0
LINE
8
BLACK
6
CONTINUOUS
10
-1.4702386220472441
20
-0.5642631102362204
11
-1.4976945275590552
21
-0.4867376771653543
0
LINE
8
BLACK
6
CONTINUOUS
10
-1.4976945275590552
20
-0.4867376771653543
11
-1.4977574803149607
21
-0.4865440157480315
0
LINE
8
BLACK
6
CONTINUOUS
10
-1.4977574803149607
20
-0.4865440157480315
11
-1.4985093307086614
21
-0.4840055511811023
0
LINE
8
BLACK
6
CONTINUOUS
10
-1.4985093307086614
20
-0.4840055511811023
11
-1.5211131102362205
21
-0.4076878346456693
0
LINE
8
BLACK
6
CONTINUOUS
10
-1.5211131102362205
20
-0.4076878346456693
11
-1.5211658267716535
21
-0.4074909448818897
0
LINE
8
BLACK
6
CONTINUOUS
10
-1.5211658267716535
20
-0.4074909448818897
11
-1.5377099212598424
21
-0.3385826377952756
0
LINE
8
BLACK
6
CONTINUOUS
10
-1.5377099212598424
20
-0.3385826377952756
11
-1.5403661417322834
21
-0.3275191732283464
0
LINE
8
BLACK
6
CONTINUOUS
10
-1.5403661417322834
20
-0.3275191732283464
11
-1.5404085826771654
21
-0.3273194881889764
0
LINE
8
BLACK
6
CONTINUOUS
10
-1.5404085826771654
20
-0.3273194881889764
11
-1.5405308267716535
21
-0.3266598425196851
0
LINE
8
BLACK
6
CONTINUOUS
10
-1.5405308267716535
20
-0.3266598425196851
11
-1.5553950787401574
21
-0.2464531102362205
0
LINE
8
BLACK
6
CONTINUOUS
10
-1.5553950787401574
20
-0.2464531102362205
11
-1.555426653543307
21
-0.246254094488189
0
LINE
8
BLACK
6
CONTINUOUS
10
-1.555426653543307
20
-0.246254094488189
11
-1.5661640157480314
21
-0.1647126771653543
0
LINE
8
BLACK
6
CONTINUOUS
10
-1.5661640157480314
20
-0.1647126771653543
11
-1.56618531496063
21
-0.164509842519685
0
LINE
8
BLACK
6
CONTINUOUS
10
-1.56618531496063
20
-0.164509842519685
11
-1.5662471653543306
21
-0.1637241732283465
0
LINE
8
BLACK
6
CONTINUOUS
10
-1.5662471653543306
20
-0.1637241732283465
11
-1.5726377952755906
21
-0.0825204330708661
0
LINE
8
BLACK
6
CONTINUOUS
10
-1.5726377952755906
20
-0.0825204330708661
11
-1.5726484251968504
21
-0.0823167322834646
0
LINE
8
BLACK
6
CONTINUOUS
10
-1.5726484251968504
20
-0.0823167322834646
11
-1.5729159842519684
21
-0.0720957874015748
0
LINE
8
BLACK
6
CONTINUOUS
10
-1.5729159842519684
20
-0.0720957874015748
11
-1.5748005118110235
21
-0.0001007480314961
0
LINE
8
BLACK
6
CONTINUOUS
10
-1.5748005118110235
20
-0.0001007480314961
11
-1.5748005118110235
21
0.0001007874015748
0
LINE
8
BLACK
6
CONTINUOUS
10
-1.5748005118110235
20
0.0001007874015748
11
-1.5726484251968504
21
0.0823170472440945
0
LINE
8
BLACK
6
CONTINUOUS
10
-1.5726484251968504
20
0.0823170472440945
11
-1.5726377559055118
21
0.0825207086614173
0
LINE
8
BLACK
6
CONTINUOUS
10
-1.5726377559055118
20
0.0825207086614173
11
-1.5712399606299212
21
0.100281968503937
0
LINE
8
BLACK
6
CONTINUOUS
10
-1.5712399606299212
20
0.100281968503937
11
-1.56618531496063
21
0.1645104724409449
0
LINE
8
BLACK
6
CONTINUOUS
10
-1.56618531496063
20
0.1645104724409449
11
-1.5661639763779527
21
0.1647131496062992
0
LINE
8
BLACK
6
CONTINUOUS
10
-1.5661639763779527
20
0.1647131496062992
11
-1.5554266141732283
21
0.2462547244094488
0
LINE
8
BLACK
6
CONTINUOUS
10
-1.5554266141732283
20
0.2462547244094488
11
-1.5553951181102361
21
0.2464532677165354
0
LINE
8
BLACK
6
CONTINUOUS
10
-1.5553951181102361
20
0.2464532677165354
11
-1.5404085433070867
21
0.3273201968503937
0
LINE
8
BLACK
6
CONTINUOUS
10
-1.5404085433070867
20
0.3273201968503937
11
-1.5403662598425196
21
0.3275191732283464
0
LINE
8
BLACK
6
CONTINUOUS
10
-1.5403662598425196
20
0.3275191732283464
11
-1.521165748031496
21
0.4074917716535433
0
LINE
8
BLACK
6
CONTINUOUS
10
-1.521165748031496
20
0.4074917716535433
11
-1.5211130708661418
21
0.4076883070866142
0
LINE
8
BLACK
6
CONTINUOUS
10
-1.5211130708661418
20
0.4076883070866142
11
-1.4977571653543307
21
0.4865454724409449
0
LINE
8
BLACK
6
CONTINUOUS
10
-1.4977571653543307
20
0.4865454724409449
11
-1.4976946456692912
21
0.4867377165354331
0
LINE
8
BLACK
6
CONTINUOUS
10
-1.4976946456692912
20
0.4867377165354331
11
-1.4702384645669291
21
0.5642638976377953
0
LINE
8
BLACK
6
CONTINUOUS
10
-1.4702384645669291
20
0.5642638976377953
11
-1.4701665748031496
21
0.5644511811023621
0
LINE
8
BLACK
6
CONTINUOUS
10
-1.4701665748031496
20
0.5644511811023621
11
-1.4386923228346455
21
0.6404387401574803
0
LINE
8
BLACK
6
CONTINUOUS
10
-1.4386923228346455
20
0.6404387401574803
11
-1.4386100393700787
21
0.6406235039370078
0
LINE
8
BLACK
6
CONTINUOUS
10
-1.4386100393700787
20
0.6406235039370078
11
-1.4338474409448818
21
0.650608779527559
0
LINE
8
BLACK
6
CONTINUOUS
10
-1.4338474409448818
20
0.650608779527559
11
-1.4032054330708661
21
0.7148532677165355
0
LINE
8
BLACK
6
CONTINUOUS
10
-1.4032054330708661
20
0.7148532677165355
11
-1.4031130314960629
21
0.7150346456692913
0
LINE
8
BLACK
6
CONTINUOUS
10
-1.4031130314960629
20
0.7150346456692913
11
-1.3680946062992125
21
0.7795275984251968
0
LINE
8
BLACK
6
CONTINUOUS
10
-1.3680946062992125
20
0.7795275984251968
11
-1.3638674409448819
21
0.7873126771653544
0
LINE
8
BLACK
6
CONTINUOUS
10
-1.3638674409448819
20
0.7873126771653544
11
-1.3637664566929133
21
0.7874876377952755
0
LINE
8
BLACK
6
CONTINUOUS
10
-1.3637664566929133
20
0.7874876377952755
11
-1.320792716535433
21
0.8576155511811023
0
LINE
8
BLACK
6
CONTINUOUS
10
-1.320792716535433
20
0.8576155511811023
11
-1.3206834251968504
21
0.8577838188976378
0
LINE
8
BLACK
6
CONTINUOUS
10
-1.3206834251968504
20
0.8577838188976378
11
-1.2741005511811023
21
0.9255627952755905
0
LINE
8
BLACK
6
CONTINUOUS
10
-1.2741005511811023
20
0.9255627952755905
11
-1.2739819685039371
21
0.9257260236220473
0
LINE
8
BLACK
6
CONTINUOUS
10
-1.2739819685039371
20
0.9257260236220473
11
-1.2239120866141733
21
0.9909751574803149
0
LINE
8
BLACK
6
CONTINUOUS
10
-1.2239120866141733
20
0.9909751574803149
11
-1.2237840551181103
21
0.9911331889763779
0
LINE
8
BLACK
6
CONTINUOUS
10
-1.2237840551181103
20
0.9911331889763779
11
-1.1703727559055117
21
1.053671496062992
0
LINE
8
BLACK
6
CONTINUOUS
10
-1.1703727559055117
20
1.053671496062992
11
-1.1702372834645669
21
1.0538219291338582
0
LINE
8
BLACK
6
CONTINUOUS
10
-1.1702372834645669
20
1.0538219291338582
11
-1.1136246850393701
21
1.1134821653543308
0
LINE
8
BLACK
6
CONTINUOUS
10
-1.1136246850393701
20
1.1134821653543308
11
-1.1134820078740157
21
1.1136248425196851
0
LINE
8
BLACK
6
CONTINUOUS
10
-1.1134820078740157
20
1.1136248425196851
11
-1.0538211417322834
21
1.1702380708661417
0
LINE
8
BLACK
6
CONTINUOUS
10
-1.0538211417322834
20
1.1702380708661417
11
-1.053671338582677
21
1.1703729133858267
0
LINE
8
BLACK
6
CONTINUOUS
10
-1.053671338582677
20
1.1703729133858267
11
-0.9911326377952756
21
1.2237845275590551
0
LINE
8
BLACK
6
CONTINUOUS
10
-0.9911326377952756
20
1.2237845275590551
11
-0.9909745669291339
21
1.2239124803149606
0
LINE
8
BLACK
6
CONTINUOUS
10
-0.9909745669291339
20
1.2239124803149606
11
-0.9257268503937007
21
1.2739813779527558
0
LINE
8
BLACK
6
CONTINUOUS
10
-0.9257268503937007
20
1.2739813779527558
11
-0.9255626771653543
21
1.2741007086614173
0
LINE
8
BLACK
6
CONTINUOUS
10
-0.9255626771653543
20
1.2741007086614173
11
-0.8577836614173228
21
1.3206835826771652
0
LINE
8
BLACK
6
CONTINUOUS
10
-0.8577836614173228
20
1.3206835826771652
11
-0.8576153937007874
21
1.320792874015748
0
LINE
8
BLACK
6
CONTINUOUS
10
-0.8576153937007874
20
1.320792874015748
11
-0.7874874803149606
21
1.3637666141732283
0
LINE
8
BLACK
6
CONTINUOUS
10
-0.7874874803149606
20
1.3637666141732283
11
-0.7873125196850393
21
1.3638675984251969
0
LINE
8
BLACK
6
CONTINUOUS
10
-0.7873125196850393
20
1.3638675984251969
11
-0.715034094488189
21
1.4031132677165354
0
LINE
8
BLACK
6
CONTINUOUS
10
-0.715034094488189
20
1.4031132677165354
11
-0.7148540157480315
21
1.403205
0
LINE
8
BLACK
6
CONTINUOUS
10
-0.7148540157480315
20
1.403205
11
-0.640621653543307
21
1.4386108267716535
0
LINE
8
BLACK
6
CONTINUOUS
10
-0.640621653543307
20
1.4386108267716535
11
-0.6404385039370079
21
1.4386923228346455
0
LINE
8
BLACK
6
CONTINUOUS
10
-0.6404385039370079
20
1.4386923228346455
11
-0.5644510236220472
21
1.4701665748031496
0
LINE
8
BLACK
6
CONTINUOUS
10
-0.5644510236220472
20
1.4701665748031496
11
-0.5642637401574803
21
1.4702384645669291
0
LINE
8
BLACK
6
CONTINUOUS
10
-0.5642637401574803
20
1.4702384645669291
11
-0.4867374015748032
21
1.49769468503937
0
LINE
8
BLACK
6
CONTINUOUS
10
-0.4867374015748032
20
1.49769468503937
11
-0.4865452362204724
21
1.4977571653543307
0
LINE
8
BLACK
6
CONTINUOUS
10
-0.4865452362204724
20
1.4977571653543307
11
-0.4076875196850394
21
1.5211132283464566
0
LINE
8
BLACK
6
CONTINUOUS
10
-0.4076875196850394
20
1.5211132283464566
11
-0.4074914566929134
21
1.521165748031496
0
LINE
8
BLACK
6
CONTINUOUS
10
-0.4074914566929134
20
1.521165748031496
11
-0.3275190551181102
21
1.5403662598425196
0
LINE
8
BLACK
6
CONTINUOUS
10
-0.3275190551181102
20
1.5403662598425196
11
-0.3273200787401574
21
1.5404085433070867
0
LINE
8
BLACK
6
CONTINUOUS
10
-0.3273200787401574
20
1.5404085433070867
11
-0.2464531102362205
21
1.5553951181102361
0
LINE
8
BLACK
6
CONTINUOUS
10
-0.2464531102362205
20
1.5553951181102361
11
-0.2462545669291339
21
1.5554266141732283
0
LINE
8
BLACK
6
CONTINUOUS
10
-0.2462545669291339
20
1.5554266141732283
11
-0.1647125984251968
21
1.5661640551181102
0
LINE
8
BLACK
6
CONTINUOUS
10
-0.1647125984251968
20
1.5661640551181102
11
-0.1645103149606299
21
1.56618531496063
0
LINE
8
BLACK
6
CONTINUOUS
10
-0.1645103149606299
20
1.56618531496063
11
-0.0825204330708661
21
1.5726377952755906
0
LINE
8
BLACK
6
CONTINUOUS
10
-0.0825204330708661
20
1.5726377952755906
11
-0.0823169291338583
21
1.5726484251968504
0
LINE
8
BLACK
6
CONTINUOUS
10
-0.0823169291338583
20
1.5726484251968504
11
-0.0001007874015748
21
1.5748005118110235
0
LINE
8
BLACK
6
CONTINUOUS
10
-0.0001007874015748
20
1.5748005118110235
11
0.0001007480314961
21
1.5748005118110235
0
LINE
8
BLACK
6
CONTINUOUS
10
0.0001007480314961
20
1.5748005118110235
11
0.0823166929133858
21
1.5726481496062992
0
LINE
8
BLACK
6
CONTINUOUS
10
0.4564763779527559
20
-0.2375876771653543
11
0.4564763779527559
21
-0.4252362204724409
0
LINE
8
BLACK
6
CONTINUOUS
10
0.4564763779527559
20
-0.4252362204724409
11
0.4564961417322835
21
-0.4254872440944882
0
LINE
8
BLACK
6
CONTINUOUS
10
0.4564961417322835
20
-0.4254872440944882
11
0.4565759842519685
21
-0.4265016929133858
0
LINE
8
BLACK
6
CONTINUOUS
10
0.4565759842519685
20
-0.4265016929133858
11
0.4567670472440945
21
-0.4277083858267716
0
LINE
8
BLACK
6
CONTINUOUS
10
0.4567670472440945
20
-0.4277083858267716
11
0.4567970866141732
21
-0.4278850787401575
0
LINE
8
BLACK
6
CONTINUOUS
10
0.4567970866141732
20
-0.4278850787401575
11
0.456797125984252
21
-0.4278852755905512
0
LINE
8
BLACK
6
CONTINUOUS
10
0.456797125984252
20
-0.4278852755905512
11
0.4582122440944882
21
-0.4311961417322834
0
LINE
8
BLACK
6
CONTINUOUS
10
0.4582122440944882
20
-0.4311961417322834
11
0.4582122834645669
21
-0.4311961811023622
0
LINE
8
BLACK
6
CONTINUOUS
10
0.4582122834645669
20
-0.4311961811023622
11
0.4596281889763779
21
-0.433145
0
LINE
8
BLACK
6
CONTINUOUS
10
0.4596281889763779
20
-0.433145
11
0.4605825590551181
21
-0.4342373228346457
0
LINE
8
BLACK
6
CONTINUOUS
10
0.4605825590551181
20
-0.4342373228346457
11
0.4636735039370078
21
-0.436084094488189
0
LINE
8
BLACK
6
CONTINUOUS
10
0.4636735039370078
20
-0.436084094488189
11
0.4659644881889763
21
-0.4368284645669291
0
LINE
8
BLACK
6
CONTINUOUS
10
0.4659644881889763
20
-0.4368284645669291
11
0.4664644881889763
21
-0.4369076377952756
0
LINE
8
BLACK
6
CONTINUOUS
10
0.4664644881889763
20
-0.4369076377952756
11
0.4684644094488189
21
-0.4372244094488189
0
LINE
8
BLACK
6
CONTINUOUS
10
0.4684644094488189
20
-0.4372244094488189
11
0.4684645669291339
21
-0.4372244094488189
0
LINE
8
BLACK
6
CONTINUOUS
10
0.4684645669291339
20
-0.4372244094488189
11
0.5703685039370079
21
-0.4372244094488189
0
LINE
8
BLACK
6
CONTINUOUS
10
0.5703685039370079
20
-0.4372244094488189
11
0.5726594881889764
21
-0.437968779527559
0
LINE
8
BLACK
6
CONTINUOUS
10
0.5726594881889764
20
-0.437968779527559
11
0.5729046062992126
21
-0.4381623622047244
0
LINE
8
BLACK
6
CONTINUOUS
10
0.5729046062992126
20
-0.4381623622047244
11
0.5929106299212599
21
-0.4553103543307087
0
LINE
8
BLACK
6
CONTINUOUS
10
0.5929106299212599
20
-0.4553103543307087
11
0.5941655511811024
21
-0.4573663779527559
0
LINE
8
BLACK
6
CONTINUOUS
10
0.5941655511811024
20
-0.4573663779527559
11
0.594271653543307
21
-0.4582695669291338
0
LINE
8
BLACK
6
CONTINUOUS
10
0.594271653543307
20
-0.4582695669291338
11
0.594271653543307
21
-0.6338582283464567
0
LINE
8
BLACK
6
CONTINUOUS
10
0.594271653543307
20
-0.6338582283464567
11
0.594271653543307
21
-0.7283858267716535
0
LINE
8
BLACK
6
CONTINUOUS
10
0.594271653543307
20
-0.7283858267716535
11
0.5943712598425197
21
-0.7296512992125984
0
LINE
8
BLACK
6
CONTINUOUS
10
0.5943712598425197
20
-0.7296512992125984
11
0.5945623228346456
21
-0.7308579921259842
0
LINE
8
BLACK
6
CONTINUOUS
10
0.5945623228346456
20
-0.7308579921259842
11
0.5945923622047244
21
-0.7310346850393701
0
LINE
8
BLACK
6
CONTINUOUS
10
0.5945923622047244
20
-0.7310346850393701
11
0.5945924015748031
21
-0.7310348818897637
0
LINE
8
BLACK
6
CONTINUOUS
10
0.5945924015748031
20
-0.7310348818897637
11
0.5960075196850394
21
-0.734345748031496
0
LINE
8
BLACK
6
CONTINUOUS
10
0.5960075196850394
20
-0.734345748031496
11
0.596007559055118
21
-0.7343457874015747
0
LINE
8
BLACK
6
CONTINUOUS
10
0.596007559055118
20
-0.7343457874015747
11
0.5974234645669291
21
-0.7362946062992126
0
LINE
8
BLACK
6
CONTINUOUS
10
0.5974234645669291
20
-0.7362946062992126
11
0.5983778346456693
21
-0.7373869291338583
0
LINE
8
BLACK
6
CONTINUOUS
10
0.5983778346456693
20
-0.7373869291338583
11
0.6014687795275591
21
-0.7392337007874016
0
LINE
8
BLACK
6
CONTINUOUS
10
0.6014687795275591
20
-0.7392337007874016
11
0.6037597637795276
21
-0.7399780708661418
0
LINE
8
BLACK
6
CONTINUOUS
10
0.6037597637795276
20
-0.7399780708661418
11
0.6040747244094488
21
-0.7400279527559055
0
LINE
8
BLACK
6
CONTINUOUS
10
0.6040747244094488
20
-0.7400279527559055
11
0.6062596850393701
21
-0.7403740157480315
0
LINE
8
BLACK
6
CONTINUOUS
10
0.6062596850393701
20
-0.7403740157480315
11
0.606259842519685
21
-0.7403740157480315
0
LINE
8
BLACK
6
CONTINUOUS
10
0.606259842519685
20
-0.7403740157480315
11
0.9016138976377952
21
-0.7403740157480315
0
LINE
8
BLACK
6
CONTINUOUS
10
0.9016138976377952
20
-0.7403740157480315
11
0.9016141732283465
21
-0.7403740157480315
0
LINE
8
BLACK
6
CONTINUOUS
10
0.9016141732283465
20
-0.7403740157480315
11
0.9028796850393701
21
-0.7402744094488188
0
LINE
8
BLACK
6
CONTINUOUS
10
0.9028796850393701
20
-0.7402744094488188
11
0.9040841338582677
21
-0.7400836614173228
0
LINE
8
BLACK
6
CONTINUOUS
10
0.9040841338582677
20
-0.7400836614173228
11
0.9040845669291339
21
-0.7400835826771653
0
LINE
8
BLACK
6
CONTINUOUS
10
0.9040845669291339
20
-0.7400835826771653
11
0.9040863385826772
21
-0.7400833070866142
0
LINE
8
BLACK
6
CONTINUOUS
10
0.9040863385826772
20
-0.7400833070866142
11
0.904263031496063
21
-0.7400532677165355
0
LINE
8
BLACK
6
CONTINUOUS
10
0.904263031496063
20
-0.7400532677165355
11
0.9042629921259843
21
-0.7400532677165355
0
LINE
8
BLACK
6
CONTINUOUS
10
0.9042629921259843
20
-0.7400532677165355
11
0.9042632677165354
21
-0.7400532283464567
0
LINE
8
BLACK
6
CONTINUOUS
10
0.9042632677165354
20
-0.7400532283464567
11
0.9075741338582677
21
-0.7386381102362205
0
LINE
8
BLACK
6
CONTINUOUS
10
0.9075741338582677
20
-0.7386381102362205
11
0.9095229527559054
21
-0.7372222047244095
0
LINE
8
BLACK
6
CONTINUOUS
10
0.9095229527559054
20
-0.7372222047244095
11
0.9106152755905511
21
-0.7362678346456693
0
LINE
8
BLACK
6
CONTINUOUS
10
0.9106152755905511
20
-0.7362678346456693
11
0.9124620472440945
21
-0.7331768897637795
0
LINE
8
BLACK
6
CONTINUOUS
10
0.9124620472440945
20
-0.7331768897637795
11
0.9132064173228346
21
-0.730885905511811
0
LINE
8
BLACK
6
CONTINUOUS
10
0.9132064173228346
20
-0.730885905511811
11
0.9136023622047243
21
-0.7283858267716535
0
LINE
8
BLACK
6
CONTINUOUS
10
0.9136023622047243
20
-0.7283858267716535
11
0.9136023622047243
21
-0.4275238188976378
0
LINE
8
BLACK
6
CONTINUOUS
10
0.9136023622047243
20
-0.4275238188976378
11
0.9143467322834645
21
-0.4252328346456693
0
LINE
8
BLACK
6
CONTINUOUS
10
0.9143467322834645
20
-0.4252328346456693
11
0.9152742125984252
21
-0.4243242125984252
0
LINE
8
BLACK
6
CONTINUOUS
10
0.9152742125984252
20
-0.4243242125984252
11
0.9394713385826772
21
-0.4074914566929134
0
LINE
8
BLACK
6
CONTINUOUS
10
0.9394713385826772
20
-0.4074914566929134
11
1.0456373228346456
21
-0.3336368897637795
0
LINE
8
BLACK
6
CONTINUOUS
10
1.0456373228346456
20
-0.3336368897637795
11
1.0881480708661417
21
-0.3040641338582677
0
LINE
8
BLACK
6
CONTINUOUS
10
1.0881480708661417
20
-0.3040641338582677
11
1.0903738582677165
21
-0.3033661417322834
0
LINE
8
BLACK
6
CONTINUOUS
10
1.0903738582677165
20
-0.3033661417322834
11
1.3806440157480315
21
-0.3033661417322834
0
LINE
8
BLACK
6
CONTINUOUS
10
1.3806440157480315
20
-0.3033661417322834
11
1.382935
21
-0.3041105118110236
0
LINE
8
BLACK
6
CONTINUOUS
10
1.382935
20
-0.3041105118110236
11
1.3843509055118111
21
-0.3060593307086614
0
LINE
8
BLACK
6
CONTINUOUS
10
1.3843509055118111
20
-0.3060593307086614
11
1.3844667716535433
21
-0.3080241338582677
0
LINE
8
BLACK
6
CONTINUOUS
10
1.3844667716535433
20
-0.3080241338582677
11
1.3798727559055117
21
-0.3311207874015748
0
LINE
8
BLACK
6
CONTINUOUS
10
1.3798727559055117
20
-0.3311207874015748
11
1.3798012992125983
21
-0.3314183858267716
0
LINE
8
BLACK
6
CONTINUOUS
10
1.3798012992125983
20
-0.3314183858267716
11
1.3496408267716535
21
-0.4383626771653543
0
LINE
8
BLACK
6
CONTINUOUS
10
1.3496408267716535
20
-0.4383626771653543
11
1.3495462598425196
21
-0.438653779527559
0
LINE
8
BLACK
6
CONTINUOUS
10
1.3495462598425196
20
-0.438653779527559
11
1.3110870866141733
21
-0.5429015354330708
0
LINE
8
BLACK
6
CONTINUOUS
10
1.3110870866141733
20
-0.5429015354330708
11
1.3109699606299212
21
-0.5431842913385827
0
LINE
8
BLACK
6
CONTINUOUS
10
1.3109699606299212
20
-0.5431842913385827
11
1.2644469291338583
21
-0.6440987401574803
0
LINE
8
BLACK
6
CONTINUOUS
10
1.2644469291338583
20
-0.6440987401574803
11
1.2643079921259843
21
-0.6443713779527559
0
LINE
8
BLACK
6
CONTINUOUS
10
1.2643079921259843
20
-0.6443713779527559
11
1.210016968503937
21
-0.741316811023622
0
LINE
8
BLACK
6
CONTINUOUS
10
1.210016968503937
20
-0.741316811023622
11
1.2098570472440944
21
-0.7415777952755905
0
LINE
8
BLACK
6
CONTINUOUS
10
1.2098570472440944
20
-0.7415777952755905
11
1.1481210236220472
21
-0.8339701968503936
0
LINE
8
BLACK
6
CONTINUOUS
10
1.1481210236220472
20
-0.8339701968503936
11
1.1479411417322833
21
-0.8342177559055118
0
LINE
8
BLACK
6
CONTINUOUS
10
1.1479411417322833
20
-0.8342177559055118
11
1.0791488188976377
21
-0.92148
0
LINE
8
BLACK
6
CONTINUOUS
10
1.0791488188976377
20
-0.92148
11
1.0789500787401574
21
-0.9217127559055118
0
LINE
8
BLACK
6
CONTINUOUS
10
1.0789500787401574
20
-0.9217127559055118
11
1.0035235826771653
21
-1.0033077952755904
0
LINE
8
BLACK
6
CONTINUOUS
10
1.0035235826771653
20
-1.0033077952755904
11
1.0033072047244094
21
-1.0035241338582677
0
LINE
8
BLACK
6
CONTINUOUS
10
1.0033072047244094
20
-1.0035241338582677
11
0.9217137007874016
21
-1.0789494488188975
0
LINE
8
BLACK
6
CONTINUOUS
10
0.9217137007874016
20
-1.0789494488188975
11
0.9214809448818897
21
-1.0791482283464566
0
LINE
8
BLACK
6
CONTINUOUS
10
0.9214809448818897
20
-1.0791482283464566
11
0.9133510236220472
21
-1.0855573228346456
0
LINE
8
BLACK
6
CONTINUOUS
10
0.9133510236220472
20
-1.0855573228346456
11
0.9129831102362205
21
-1.0858521653543307
0
LINE
8
BLACK
6
CONTINUOUS
10
0.9129831102362205
20
-1.0858521653543307
11
0.9129605511811023
21
-1.0858705118110237
0
LINE
8
BLACK
6
CONTINUOUS
10
0.9129605511811023
20
-1.0858705118110237
11
0.9092404724409449
21
-1.0894827952755906
0
LINE
8
BLACK
6
CONTINUOUS
10
0.9092404724409449
20
-1.0894827952755906
11
0.9053615748031496
21
-1.0951958267716535
0
LINE
8
BLACK
6
CONTINUOUS
10
0.9053615748031496
20
-1.0951958267716535
11
0.9053611417322834
21
-1.0951965748031496
0
LINE
8
BLACK
6
CONTINUOUS
10
0.9053611417322834
20
-1.0951965748031496
11
0.9050272047244095
21
-1.0958377559055117
0
LINE
8
BLACK
6
CONTINUOUS
10
0.9050272047244095
20
-1.0958377559055117
11
0.9039309842519685
21
-1.0981875196850392
0
LINE
8
BLACK
6
CONTINUOUS
10
0.9039309842519685
20
-1.0981875196850392
11
0.903930905511811
21
-1.0981877559055118
0
LINE
8
BLACK
6
CONTINUOUS
10
0.903930905511811
20
-1.0981877559055118
11
0.9020453543307086
21
-1.1048311417322834
0
LINE
8
BLACK
6
CONTINUOUS
10
0.9020453543307086
20
-1.1048311417322834
11
0.9017425984251969
21
-1.1117305905511812
0
LINE
8
BLACK
6
CONTINUOUS
10
0.9017425984251969
20
-1.1117305905511812
11
0.9017426377952755
21
-1.1117307086614172
0
LINE
8
BLACK
6
CONTINUOUS
10
0.9017426377952755
20
-1.1117307086614172
11
0.9017426377952755
21
-1.1117308267716535
0
LINE
8
BLACK
6
CONTINUOUS
10
0.9017426377952755
20
-1.1117308267716535
11
0.9023909448818898
21
-1.1151224803149606
0
LINE
8
BLACK
6
CONTINUOUS
10
0.9023909448818898
20
-1.1151224803149606
11
0.9030392519685039
21
-1.1185142913385826
0
LINE
8
BLACK
6
CONTINUOUS
10
0.9030392519685039
20
-1.1185142913385826
11
0.9032566929133858
21
-1.1192043700787402
0
LINE
8
BLACK
6
CONTINUOUS
10
0.9032566929133858
20
-1.1192043700787402
11
0.9050431496062992
21
-1.1236099212598425
0
LINE
8
BLACK
6
CONTINUOUS
10
0.9050431496062992
20
-1.1236099212598425
11
0.9050432677165354
21
-1.1236101181102363
0
LINE
8
BLACK
6
CONTINUOUS
10
0.9050432677165354
20
-1.1236101181102363
11
0.9088372440944882
21
-1.1293807874015749
0
LINE
8
BLACK
6
CONTINUOUS
10
0.9088372440944882
20
-1.1293807874015749
11
0.9177405118110236
21
-1.1399950787401574
0
LINE
8
BLACK
6
CONTINUOUS
10
0.9177405118110236
20
-1.1399950787401574
11
0.9177406692913386
21
-1.1399952362204724
0
LINE
8
BLACK
6
CONTINUOUS
10
0.9177406692913386
20
-1.1399952362204724
11
0.9177408661417322
21
-1.1399954724409449
0
LINE
8
BLACK
6
CONTINUOUS
10
0.9177408661417322
20
-1.1399954724409449
11
0.9207371653543307
21
-1.1430832677165355
0
LINE
8
BLACK
6
CONTINUOUS
10
0.9207371653543307
20
-1.1430832677165355
11
0.9207373622047244
21
-1.143083464566929
0
LINE
8
BLACK
6
CONTINUOUS
10
0.9207373622047244
20
-1.143083464566929
11
0.9263913385826772
21
-1.1470492519685038
0
LINE
8
BLACK
6
CONTINUOUS
10
0.9263913385826772
20
-1.1470492519685038
11
0.9263914566929133
21
-1.1470492913385826
0
LINE
8
BLACK
6
CONTINUOUS
10
0.9263914566929133
20
-1.1470492913385826
11
0.9263915354330708
21
-1.1470493700787401
0
LINE
8
BLACK
6
CONTINUOUS
10
0.9263915354330708
20
-1.1470493700787401
11
0.9263916535433071
21
-1.1470494488188976
0
LINE
8
BLACK
6
CONTINUOUS
10
0.9263916535433071
20
-1.1470494488188976
11
0.927004527559055
21
-1.1473805511811024
0
LINE
8
BLACK
6
CONTINUOUS
10
0.927004527559055
20
-1.1473805511811024
11
0.9282377952755906
21
-1.1479904330708661
0
LINE
8
BLACK
6
CONTINUOUS
10
0.9282377952755906
20
-1.1479904330708661
11
0.9289255905511811
21
-1.1483305905511811
0
LINE
8
BLACK
6
CONTINUOUS
10
0.9289255905511811
20
-1.1483305905511811
11
0.935509094488189
21
-1.1504168897637794
0
LINE
8
BLACK
6
CONTINUOUS
10
0.935509094488189
20
-1.1504168897637794
11
0.9423962598425196
21
-1.1509287007874016
0
LINE
8
BLACK
6
CONTINUOUS
10
0.9423962598425196
20
-1.1509287007874016
11
0.9492158267716535
21
-1.1498384251968503
0
LINE
8
BLACK
6
CONTINUOUS
10
0.9492158267716535
20
-1.1498384251968503
11
0.9499118503937007
21
-1.149642125984252
0
LINE
8
BLACK
6
CONTINUOUS
10
0.9499118503937007
20
-1.149642125984252
11
0.9543687401574803
21
-1.1479905511811024
0
LINE
8
BLACK
6
CONTINUOUS
10
0.9543687401574803
20
-1.1479905511811024
11
0.9602520472440945
21
-1.144373622047244
0
LINE
8
BLACK
6
CONTINUOUS
10
0.9602520472440945
20
-1.144373622047244
11
0.9695462598425196
21
-1.1370469291338583
0
LINE
8
BLACK
6
CONTINUOUS
10
0.9695462598425196
20
-1.1370469291338583
11
0.9704504724409448
21
-1.1363048425196851
0
LINE
8
BLACK
6
CONTINUOUS
10
0.9704504724409448
20
-1.1363048425196851
11
0.9705068897637795
21
-1.136256653543307
0
LINE
8
BLACK
6
CONTINUOUS
10
0.9705068897637795
20
-1.136256653543307
11
0.9713788582677165
21
-1.1354817716535432
0
LINE
8
BLACK
6
CONTINUOUS
10
0.9713788582677165
20
-1.1354817716535432
11
1.0557690551181103
21
-1.0574732677165355
0
LINE
8
BLACK
6
CONTINUOUS
10
1.0557690551181103
20
-1.0574732677165355
11
1.0566111417322834
21
-1.0566636220472441
0
LINE
8
BLACK
6
CONTINUOUS
10
1.0566111417322834
20
-1.0566636220472441
11
1.0566636220472441
21
-1.0566111417322834
0
LINE
8
BLACK
6
CONTINUOUS
10
1.0566636220472441
20
-1.0566111417322834
11
1.0574732677165355
21
-1.0557690551181103
0
LINE
8
BLACK
6
CONTINUOUS
10
1.0574732677165355
20
-1.0557690551181103
11
1.1354817716535432
21
-0.9713788582677165
0
LINE
8
BLACK
6
CONTINUOUS
10
1.1354817716535432
20
-0.9713788582677165
11
1.136256653543307
21
-0.9705068897637795
0
LINE
8
BLACK
6
CONTINUOUS
10
1.136256653543307
20
-0.9705068897637795
11
1.1363048425196851
21
-0.9704504724409448
0
LINE
8
BLACK
6
CONTINUOUS
10
1.1363048425196851
20
-0.9704504724409448
11
1.1370469291338583
21
-0.9695462598425196
0
LINE
8
BLACK
6
CONTINUOUS
10
1.1370469291338583
20
-0.9695462598425196
11
1.2081940551181103
21
-0.8792934251968504
0
LINE
8
BLACK
6
CONTINUOUS
10
1.2081940551181103
20
-0.8792934251968504
11
1.2089005511811024
21
-0.87836
0
LINE
8
BLACK
6
CONTINUOUS
10
1.2089005511811024
20
-0.87836
11
1.2089441338582676
21
-0.8783
0
LINE
8
BLACK
6
CONTINUOUS
10
1.2089441338582676
20
-0.8783
11
1.2096101181102361
21
-0.8773443700787401
0
LINE
8
BLACK
6
CONTINUOUS
10
1.2096101181102361
20
-0.8773443700787401
11
1.2734586614173229
21
-0.781788031496063
0
LINE
8
BLACK
6
CONTINUOUS
10
1.2734586614173229
20
-0.781788031496063
11
1.2740867322834646
21
-0.7808069685039369
0
LINE
8
BLACK
6
CONTINUOUS
10
1.2740867322834646
20
-0.7808069685039369
11
1.2741255118110235
21
-0.7807437007874015
0
LINE
8
BLACK
6
CONTINUOUS
10
1.2741255118110235
20
-0.7807437007874015
11
1.2747178346456693
21
-0.7797332283464566
0
LINE
8
BLACK
6
CONTINUOUS
10
1.2747178346456693
20
-0.7797332283464566
11
1.3179516535433071
21
-0.7025322047244095
0
LINE
8
BLACK
6
CONTINUOUS
10
1.3179516535433071
20
-0.7025322047244095
11
1.3308702362204725
21
-0.6794640157480315
0
LINE
8
BLACK
6
CONTINUOUS
10
1.3308702362204725
20
-0.6794640157480315
11
1.3309044881889764
21
-0.6793999212598425
0
LINE
8
BLACK
6
CONTINUOUS
10
1.3309044881889764
20
-0.6793999212598425
11
1.3314243307086613
21
-0.6784270472440945
0
LINE
8
BLACK
6
CONTINUOUS
10
1.3314243307086613
20
-0.6784270472440945
11
1.3314579921259841
21
-0.6783609448818897
0
LINE
8
BLACK
6
CONTINUOUS
10
1.3314579921259841
20
-0.6783609448818897
11
1.3314979527559054
21
-0.6782785826771653
0
LINE
8
BLACK
6
CONTINUOUS
10
1.3314979527559054
20
-0.6782785826771653
11
1.3317480708661418
21
-0.6777627165354331
0
LINE
8
BLACK
6
CONTINUOUS
10
1.3317480708661418
20
-0.6777627165354331
11
1.3319644488188975
21
-0.6773165354330708
0
LINE
8
BLACK
6
CONTINUOUS
10
1.3319644488188975
20
-0.6773165354330708
11
1.3800787795275591
21
-0.5729514566929134
0
LINE
8
BLACK
6
CONTINUOUS
10
1.3800787795275591
20
-0.5729514566929134
11
1.3805422047244094
21
-0.5718925984251968
0
LINE
8
BLACK
6
CONTINUOUS
10
1.3805422047244094
20
-0.5718925984251968
11
1.3805706299212599
21
-0.5718240551181102
0
LINE
8
BLACK
6
CONTINUOUS
10
1.3805706299212599
20
-0.5718240551181102
11
1.3810010236220471
21
-0.5707250393700787
0
LINE
8
BLACK
6
CONTINUOUS
10
1.3810010236220471
20
-0.5707250393700787
11
1.4207786614173228
21
-0.4629045275590551
0
LINE
8
BLACK
6
CONTINUOUS
10
1.4207786614173228
20
-0.4629045275590551
11
1.421162559055118
21
-0.4617972047244094
0
LINE
8
BLACK
6
CONTINUOUS
10
1.421162559055118
20
-0.4617972047244094
11
1.421185472440945
21
-0.4617266535433071
0
LINE
8
BLACK
6
CONTINUOUS
10
1.421185472440945
20
-0.4617266535433071
11
1.4213121259842518
21
-0.4613090551181102
0
LINE
8
BLACK
6
CONTINUOUS
10
1.4213121259842518
20
-0.4613090551181102
11
1.4215228346456692
21
-0.4606144488188976
0
LINE
8
BLACK
6
CONTINUOUS
10
1.4215228346456692
20
-0.4606144488188976
11
1.4229703543307086
21
-0.4554821653543307
0
LINE
8
BLACK
6
CONTINUOUS
10
1.4229703543307086
20
-0.4554821653543307
11
1.4527193307086614
21
-0.3500061417322834
0
LINE
8
BLACK
6
CONTINUOUS
10
1.4527193307086614
20
-0.3500061417322834
11
1.4530145669291339
21
-0.3488746456692913
0
LINE
8
BLACK
6
CONTINUOUS
10
1.4530145669291339
20
-0.3488746456692913
11
1.4530318897637795
21
-0.3488024803149606
0
LINE
8
BLACK
6
CONTINUOUS
10
1.4530318897637795
20
-0.3488024803149606
11
1.4532820472440944
21
-0.3476622440944882
0
LINE
8
BLACK
6
CONTINUOUS
10
1.4532820472440944
20
-0.3476622440944882
11
1.4757009448818896
21
-0.2349475590551181
0
LINE
8
BLACK
6
CONTINUOUS
10
1.4757009448818896
20
-0.2349475590551181
11
1.4757687795275589
21
-0.234567874015748
0
LINE
8
BLACK
6
CONTINUOUS
10
1.4757687795275589
20
-0.234567874015748
11
1.4759055118110236
21
-0.2338024803149606
0
LINE
8
BLACK
6
CONTINUOUS
10
1.4759055118110236
20
-0.2338024803149606
11
1.4759171259842518
21
-0.2337291338582677
0
LINE
8
BLACK
6
CONTINUOUS
10
1.4759171259842518
20
-0.2337291338582677
11
1.4759262598425196
21
-0.2336631496062992
0
LINE
8
BLACK
6
CONTINUOUS
10
1.4759262598425196
20
-0.2336631496062992
11
1.4760778740157481
21
-0.2325676377952756
0
LINE
8
BLACK
6
CONTINUOUS
10
1.4760778740157481
20
-0.2325676377952756
11
1.4895846456692914
21
-0.1184407874015748
0
LINE
8
BLACK
6
CONTINUOUS
10
1.4895846456692914
20
-0.1184407874015748
11
1.4897001968503936
21
-0.1172648818897638
0
LINE
8
BLACK
6
CONTINUOUS
10
1.4897001968503936
20
-0.1172648818897638
11
1.4897059842519684
21
-0.117190905511811
0
LINE
8
BLACK
6
CONTINUOUS
10
1.4897059842519684
20
-0.117190905511811
11
1.489773622047244
21
-0.1160390157480315
0
LINE
8
BLACK
6
CONTINUOUS
10
1.489773622047244
20
-0.1160390157480315
11
1.4942864173228345
21
-0.0012050393700787
0
LINE
8
BLACK
6
CONTINUOUS
10
1.4942864173228345
20
-0.0012050393700787
11
1.4943093700787402
21
-0.0000370472440945
0
LINE
8
BLACK
6
CONTINUOUS
10
1.4943093700787402
20
-0.0000370472440945
11
1.4943093700787402
21
0.000037125984252
0
LINE
8
BLACK
6
CONTINUOUS
10
1.4943093700787402
20
0.000037125984252
11
1.4942864173228345
21
0.0012051181102362
0
LINE
8
BLACK
6
CONTINUOUS
10
1.4942864173228345
20
0.0012051181102362
11
1.489773622047244
21
0.1160392519685039
0
LINE
8
BLACK
6
CONTINUOUS
10
1.489773622047244
20
0.1160392519685039
11
1.4897059842519684
21
0.1171911417322835
0
LINE
8
BLACK
6
CONTINUOUS
10
1.4897059842519684
20
0.1171911417322835
11
1.4897001968503936
21
0.1172651181102362
0
LINE
8
BLACK
6
CONTINUOUS
10
1.4897001968503936
20
0.1172651181102362
11
1.4895909842519686
21
0.1183763385826772
0
LINE
8
BLACK
6
CONTINUOUS
10
1.4895909842519686
20
0.1183763385826772
11
1.4895847244094489
21
0.1184402362204724
0
LINE
8
BLACK
6
CONTINUOUS
10
1.4895847244094489
20
0.1184402362204724
11
1.4889116535433071
21
0.1241275590551181
0
LINE
8
BLACK
6
CONTINUOUS
10
1.4889116535433071
20
0.1241275590551181
11
1.4760778740157481
21
0.232567874015748
0
LINE
8
BLACK
6
CONTINUOUS
10
1.4760778740157481
20
0.232567874015748
11
1.4759172047244093
21
0.2337288976377953
0
LINE
8
BLACK
6
CONTINUOUS
10
1.4759172047244093
20
0.2337288976377953
11
1.4759055905511811
21
0.2338021653543307
0
LINE
8
BLACK
6
CONTINUOUS
10
1.4759055905511811
20
0.2338021653543307
11
1.4757009448818896
21
0.2349477559055118
0
LINE
8
BLACK
6
CONTINUOUS
10
1.4757009448818896
20
0.2349477559055118
11
1.4532820472440944
21
0.3476625984251969
0
LINE
8
BLACK
6
CONTINUOUS
10
1.4532820472440944
20
0.3476625984251969
11
1.4530318897637795
21
0.348802874015748
0
LINE
8
BLACK
6
CONTINUOUS
10
1.4530318897637795
20
0.348802874015748
11
1.4530145669291339
21
0.3488750393700787
0
LINE
8
BLACK
6
CONTINUOUS
10
1.4530145669291339
20
0.3488750393700787
11
1.4527193307086614
21
0.3500065354330709
0
LINE
8
BLACK
6
CONTINUOUS
10
1.4527193307086614
20
0.3500065354330709
11
1.4215232283464567
21
0.4606132283464567
0
LINE
8
BLACK
6
CONTINUOUS
10
1.4215232283464567
20
0.4606132283464567
11
1.4215228346456692
21
0.4606146456692913
0
LINE
8
BLACK
6
CONTINUOUS
10
1.4215228346456692
20
0.4606146456692913
11
1.4211857086614172
21
0.4617260236220472
0
LINE
8
BLACK
6
CONTINUOUS
10
1.4211857086614172
20
0.4617260236220472
11
1.421162716535433
21
0.4617968503937008
0
LINE
8
BLACK
6
CONTINUOUS
10
1.421162716535433
20
0.4617968503937008
11
1.421162559055118
21
0.4617973622047244
0
LINE
8
BLACK
6
CONTINUOUS
10
1.421162559055118
20
0.4617973622047244
11
1.4207786614173228
21
0.4629046456692913
0
LINE
8
BLACK
6
CONTINUOUS
10
1.4207786614173228
20
0.4629046456692913
11
1.3810010236220471
21
0.5707252362204724
0
LINE
8
BLACK
6
CONTINUOUS
10
1.3810010236220471
20
0.5707252362204724
11
1.3805706299212599
21
0.5718242913385827
0
LINE
8
BLACK
6
CONTINUOUS
10
1.3805706299212599
20
0.5718242913385827
11
1.3805422047244094
21
0.5718928346456693
0
LINE
8
BLACK
6
CONTINUOUS
10
1.3805422047244094
20
0.5718928346456693
11
1.3800787795275591
21
0.5729516929133858
0
LINE
8
BLACK
6
CONTINUOUS
10
1.3800787795275591
20
0.5729516929133858
11
1.3319644488188975
21
0.6773168110236221
0
LINE
8
BLACK
6
CONTINUOUS
10
1.3319644488188975
20
0.6773168110236221
11
1.3317058267716535
21
0.6778501181102362
0
LINE
8
BLACK
6
CONTINUOUS
10
1.3317058267716535
20
0.6778501181102362
11
1.3314582677165354
21
0.6783607086614173
0
LINE
8
BLACK
6
CONTINUOUS
10
1.3314582677165354
20
0.6783607086614173
11
1.3314440551181101
21
0.6783885826771653
0
LINE
8
BLACK
6
CONTINUOUS
10
1.3314440551181101
20
0.6783885826771653
11
1.3314243307086613
21
0.6784273228346457
0
LINE
8
BLACK
6
CONTINUOUS
10
1.3314243307086613
20
0.6784273228346457
11
1.3308707480314961
21
0.6794633464566929
0
LINE
8
BLACK
6
CONTINUOUS
10
1.3308707480314961
20
0.6794633464566929
11
1.3308702362204725
21
0.6794643307086614
0
LINE
8
BLACK
6
CONTINUOUS
10
1.3308702362204725
20
0.6794643307086614
11
1.2747179921259841
21
0.7797332283464566
0
LINE
8
BLACK
6
CONTINUOUS
10
1.2747179921259841
20
0.7797332283464566
11
1.2741251968503937
21
0.7807444488188976
0
LINE
8
BLACK
6
CONTINUOUS
10
1.2741251968503937
20
0.7807444488188976
11
1.2740872047244094
21
0.7808064566929134
0
LINE
8
BLACK
6
CONTINUOUS
10
1.2740872047244094
20
0.7808064566929134
11
1.2740867322834646
21
0.7808072047244095
0
LINE
8
BLACK
6
CONTINUOUS
10
1.2740867322834646
20
0.7808072047244095
11
1.2734586614173229
21
0.7817882677165354
0
LINE
8
BLACK
6
CONTINUOUS
10
1.2734586614173229
20
0.7817882677165354
11
1.2227937007874015
21
0.8576138582677165
0
LINE
8
BLACK
6
CONTINUOUS
10
1.2227937007874015
20
0.8576138582677165
11
1.2096100787401574
21
0.8773446062992126
0
LINE
8
BLACK
6
CONTINUOUS
10
1.2096100787401574
20
0.8773446062992126
11
1.2089440551181103
21
0.8783002755905511
0
LINE
8
BLACK
6
CONTINUOUS
10
1.2089440551181103
20
0.8783002755905511
11
1.2089368503937008
21
0.8783101968503937
0
LINE
8
BLACK
6
CONTINUOUS
10
1.2089368503937008
20
0.8783101968503937
11
1.2089005511811024
21
0.8783601574803149
0
LINE
8
BLACK
6
CONTINUOUS
10
1.2089005511811024
20
0.8783601574803149
11
1.2081940551181103
21
0.8792935826771653
0
LINE
8
BLACK
6
CONTINUOUS
10
1.2081940551181103
20
0.8792935826771653
11
1.1749376377952756
21
0.9214806299212598
0
LINE
8
BLACK
6
CONTINUOUS
10
1.1749376377952756
20
0.9214806299212598
11
1.1370473622047244
21
0.9695459448818897
0
LINE
8
BLACK
6
CONTINUOUS
10
1.1370473622047244
20
0.9695459448818897
11
1.1363053543307087
21
0.9704500787401574
0
LINE
8
BLACK
6
CONTINUOUS
10
1.1363053543307087
20
0.9704500787401574
11
1.1363050393700787
21
0.9704504724409448
0
LINE
8
BLACK
6
CONTINUOUS
10
1.1363050393700787
20
0.9704504724409448
11
1.1362570866141732
21
0.9705066141732284
0
LINE
8
BLACK
6
CONTINUOUS
10
1.1362570866141732
20
0.9705066141732284
11
1.1354820078740158
21
0.971378779527559
0
LINE
8
BLACK
6
CONTINUOUS
10
1.1354820078740158
20
0.971378779527559
11
1.1354818897637795
21
0.971378937007874
0
LINE
8
BLACK
6
CONTINUOUS
10
1.1354818897637795
20
0.971378937007874
11
1.1354813385826772
21
0.9713795275590551
0
LINE
8
BLACK
6
CONTINUOUS
10
1.1354813385826772
20
0.9713795275590551
11
1.0574730708661417
21
1.0557696062992126
0
LINE
8
BLACK
6
CONTINUOUS
10
1.0574730708661417
20
1.0557696062992126
11
1.0566644881889764
21
1.0566105511811024
0
LINE
8
BLACK
6
CONTINUOUS
10
1.0566644881889764
20
1.0566105511811024
11
1.0566643700787401
21
1.0566106692913386
0
LINE
8
BLACK
6
CONTINUOUS
10
1.0566643700787401
20
1.0566106692913386
11
1.0566634251968503
21
1.056611653543307
0
LINE
8
BLACK
6
CONTINUOUS
10
1.0566634251968503
20
1.056611653543307
11
1.0566111417322834
21
1.0566639370078741
0
LINE
8
BLACK
6
CONTINUOUS
10
1.0566111417322834
20
1.0566639370078741
11
1.055769094488189
21
1.0574735826771653
0
LINE
8
BLACK
6
CONTINUOUS
10
1.055769094488189
20
1.0574735826771653
11
1.0557690157480315
21
1.057473622047244
0
LINE
8
BLACK
6
CONTINUOUS
10
1.0557690157480315
20
1.057473622047244
11
1.0557681102362204
21
1.0574745275590551
0
LINE
8
BLACK
6
CONTINUOUS
10
1.0557681102362204
20
1.0574745275590551
11
0.9843077952755905
21
1.1235309842519685
0
LINE
8
BLACK
6
CONTINUOUS
10
0.9843077952755905
20
1.1235309842519685
11
0.9713783858267716
21
1.1354826771653543
0
LINE
8
BLACK
6
CONTINUOUS
10
0.9713783858267716
20
1.1354826771653543
11
0.9705003543307087
21
1.1362627559055118
0
LINE
8
BLACK
6
CONTINUOUS
10
0.9705003543307087
20
1.1362627559055118
11
0.9704464173228347
21
1.136308779527559
0
LINE
8
BLACK
6
CONTINUOUS
10
0.9704464173228347
20
1.136308779527559
11
0.9704450393700788
21
1.1363099212598424
0
LINE
8
BLACK
6
CONTINUOUS
10
0.9704450393700788
20
1.1363099212598424
11
0.969546653543307
21
1.1370470472440946
0
LINE
8
BLACK
6
CONTINUOUS
10
0.969546653543307
20
1.1370470472440946
11
0.9602517716535433
21
1.1443742913385826
0
LINE
8
BLACK
6
CONTINUOUS
10
0.9602517716535433
20
1.1443742913385826
11
0.9566879133858267
21
1.1467872047244094
0
LINE
8
BLACK
6
CONTINUOUS
10
0.9566879133858267
20
1.1467872047244094
11
0.9503442519685039
21
1.1495172047244093
0
LINE
8
BLACK
6
CONTINUOUS
10
0.9503442519685039
20
1.1495172047244093
11
0.950343937007874
21
1.1495173228346456
0
LINE
8
BLACK
6
CONTINUOUS
10
0.950343937007874
20
1.1495173228346456
11
0.9503437007874016
21
1.1495174015748031
0
LINE
8
BLACK
6
CONTINUOUS
10
0.9503437007874016
20
1.1495174015748031
11
0.9496772440944882
21
1.1497163385826772
0
LINE
8
BLACK
6
CONTINUOUS
10
0.9496772440944882
20
1.1497163385826772
11
0.9476039763779527
21
1.1502546062992125
0
LINE
8
BLACK
6
CONTINUOUS
10
0.9476039763779527
20
1.1502546062992125
11
0.9407333070866142
21
1.150955590551181
0
LINE
8
BLACK
6
CONTINUOUS
10
0.9407333070866142
20
1.150955590551181
11
0.9338865748031496
21
1.1500531496062991
0
LINE
8
BLACK
6
CONTINUOUS
10
0.9338865748031496
20
1.1500531496062991
11
0.9338863779527559
21
1.1500531102362204
0
LINE
8
BLACK
6
CONTINUOUS
10
0.9338863779527559
20
1.1500531102362204
11
0.9274319685039369
21
1.1475959448818898
0
LINE
8
BLACK
6
CONTINUOUS
10
0.9274319685039369
20
1.1475959448818898
11
0.9267909448818897
21
1.1472621653543307
0
LINE
8
BLACK
6
CONTINUOUS
10
0.9267909448818897
20
1.1472621653543307
11
0.9227622440944881
21
1.1447356299212599
0
LINE
8
BLACK
6
CONTINUOUS
10
0.9227622440944881
20
1.1447356299212599
11
0.922762125984252
21
1.1447355118110236
0
LINE
8
BLACK
6
CONTINUOUS
10
0.922762125984252
20
1.1447355118110236
11
0.9177401968503937
21
1.1399956299212599
0
LINE
8
BLACK
6
CONTINUOUS
10
0.9177401968503937
20
1.1399956299212599
11
0.9177395669291338
21
1.1399949999999999
0
LINE
8
BLACK
6
CONTINUOUS
10
0.9177395669291338
20
1.1399949999999999
11
0.9088340551181102
21
1.1293775196850393
0
LINE
8
BLACK
6
CONTINUOUS
10
0.9088340551181102
20
1.1293775196850393
11
0.9085171653543307
21
1.1289932283464568
0
LINE
8
BLACK
6
CONTINUOUS
10
0.9085171653543307
20
1.1289932283464568
11
0.9084987401574803
21
1.1289704724409448
0
LINE
8
BLACK
6
CONTINUOUS
10
0.9084987401574803
20
1.1289704724409448
11
0.9056147637795275
21
1.1247033858267717
0
LINE
8
BLACK
6
CONTINUOUS
10
0.9056147637795275
20
1.1247033858267717
11
0.9029808267716535
21
1.1183192519685039
0
LINE
8
BLACK
6
CONTINUOUS
10
0.9029808267716535
20
1.1183192519685039
11
0.9029807874015748
21
1.1183191338582676
0
LINE
8
BLACK
6
CONTINUOUS
10
0.9029807874015748
20
1.1183191338582676
11
0.9027845669291339
21
1.1176234251968504
0
LINE
8
BLACK
6
CONTINUOUS
10
0.9027845669291339
20
1.1176234251968504
11
0.9021890157480315
21
1.1150943307086614
0
LINE
8
BLACK
6
CONTINUOUS
10
0.9021890157480315
20
1.1150943307086614
11
0.9016975984251968
21
1.1082057874015747
0
LINE
8
BLACK
6
CONTINUOUS
10
0.9016975984251968
20
1.1082057874015747
11
0.9028080314960629
21
1.1013894881889763
0
LINE
8
BLACK
6
CONTINUOUS
10
0.9028080314960629
20
1.1013894881889763
11
0.9054603937007873
21
1.0950131889763779
0
LINE
8
BLACK
6
CONTINUOUS
10
0.9054603937007873
20
1.0950131889763779
11
0.9058135433070866
21
1.0943825590551182
0
LINE
8
BLACK
6
CONTINUOUS
10
0.9058135433070866
20
1.0943825590551182
11
0.9058138976377953
21
1.0943820078740156
0
LINE
8
BLACK
6
CONTINUOUS
10
0.9058138976377953
20
1.0943820078740156
11
0.9084596456692913
21
1.0904349212598425
0
LINE
8
BLACK
6
CONTINUOUS
10
0.9084596456692913
20
1.0904349212598425
11
0.9108872440944882
21
1.0880143700787401
0
LINE
8
BLACK
6
CONTINUOUS
10
0.9108872440944882
20
1.0880143700787401
11
0.9133501574803149
21
1.0855585433070867
0
LINE
8
BLACK
6
CONTINUOUS
10
0.9133501574803149
20
1.0855585433070867
11
0.9212263779527559
21
1.0793492913385827
0
LINE
8
BLACK
6
CONTINUOUS
10
0.9212263779527559
20
1.0793492913385827
11
0.9214804330708661
21
1.0791490157480315
0
LINE
8
BLACK
6
CONTINUOUS
10
0.9214804330708661
20
1.0791490157480315
11
0.9217131496062992
21
1.0789502362204724
0
LINE
8
BLACK
6
CONTINUOUS
10
0.9217131496062992
20
1.0789502362204724
11
0.9922588188976378
21
1.0137375984251968
0
LINE
8
BLACK
6
CONTINUOUS
10
0.9922588188976378
20
1.0137375984251968
11
0.9922588582677165
21
1.0137375984251968
0
LINE
8
BLACK
6
CONTINUOUS
10
0.9922588582677165
20
1.0137375984251968
11
1.0033077559055117
21
1.0035239763779527
0
LINE
8
BLACK
6
CONTINUOUS
10
1.0033077559055117
20
1.0035239763779527
11
1.0035231889763778
21
1.0033085433070865
0
LINE
8
BLACK
6
CONTINUOUS
10
1.0035231889763778
20
1.0033085433070865
11
1.0753920866141733
21
0.9255621259842519
0
LINE
8
BLACK
6
CONTINUOUS
10
1.0753920866141733
20
0.9255621259842519
11
1.0789499212598426
21
0.9217133464566929
0
LINE
8
BLACK
6
CONTINUOUS
10
1.0789499212598426
20
0.9217133464566929
11
1.0791485039370079
21
0.9214807874015748
0
LINE
8
BLACK
6
CONTINUOUS
10
1.0791485039370079
20
0.9214807874015748
11
1.1124064566929133
21
0.8792935826771653
0
LINE
8
BLACK
6
CONTINUOUS
10
1.1124064566929133
20
0.8792935826771653
11
1.1479413779527559
21
0.8342179921259842
0
LINE
8
BLACK
6
CONTINUOUS
10
1.1479413779527559
20
0.8342179921259842
11
1.1481212598425197
21
0.8339703937007874
0
LINE
8
BLACK
6
CONTINUOUS
10
1.1481212598425197
20
0.8339703937007874
11
1.2047515354330709
21
0.7492189763779528
0
LINE
8
BLACK
6
CONTINUOUS
10
1.2047515354330709
20
0.7492189763779528
11
1.2047515748031496
21
0.7492188582677165
0
LINE
8
BLACK
6
CONTINUOUS
10
1.2047515748031496
20
0.7492188582677165
11
1.2098571653543306
21
0.7415779921259842
0
LINE
8
BLACK
6
CONTINUOUS
10
1.2098571653543306
20
0.7415779921259842
11
1.2100170866141733
21
0.7413170078740158
0
LINE
8
BLACK
6
CONTINUOUS
10
1.2100170866141733
20
0.7413170078740158
11
1.2643079921259843
21
0.644371968503937
0
LINE
8
BLACK
6
CONTINUOUS
10
1.2643079921259843
20
0.644371968503937
11
1.2644469291338583
21
0.6440993307086614
0
LINE
8
BLACK
6
CONTINUOUS
10
1.2644469291338583
20
0.6440993307086614
11
1.3085676377952755
21
0.5483956692913385
0
LINE
8
BLACK
6
CONTINUOUS
10
1.3085676377952755
20
0.5483956692913385
11
1.3085678346456693
21
0.5483951968503937
0
LINE
8
BLACK
6
CONTINUOUS
10
1.3085678346456693
20
0.5483951968503937
11
1.31097
21
0.5431844488188976
0
LINE
8
BLACK
6
CONTINUOUS
10
1.31097
20
0.5431844488188976
11
1.311087125984252
21
0.5429017322834645
0
LINE
8
BLACK
6
CONTINUOUS
10
1.311087125984252
20
0.5429017322834645
11
1.3495462598425196
21
0.4386542125984252
0
LINE
8
BLACK
6
CONTINUOUS
10
1.3495462598425196
20
0.4386542125984252
11
1.3496408267716535
21
0.4383631102362205
0
LINE
8
BLACK
6
CONTINUOUS
10
1.3496408267716535
20
0.4383631102362205
11
1.3798012992125983
21
0.3314188188976378
0
LINE
8
BLACK
6
CONTINUOUS
10
1.3798012992125983
20
0.3314188188976378
11
1.3798727559055117
21
0.3311212204724409
0
LINE
8
BLACK
6
CONTINUOUS
10
1.3798727559055117
20
0.3311212204724409
11
1.3805514173228346
21
0.3277091732283465
0
LINE
8
BLACK
6
CONTINUOUS
10
1.3805514173228346
20
0.3277091732283465
11
1.3802682677165354
21
0.3253170078740157
0
LINE
8
BLACK
6
CONTINUOUS
10
1.3802682677165354
20
0.3253170078740157
11
1.3786331102362204
21
0.3235481102362205
0
LINE
8
BLACK
6
CONTINUOUS
10
1.3786331102362204
20
0.3235481102362205
11
1.3767286614173229
21
0.3230511811023622
0
LINE
8
BLACK
6
CONTINUOUS
10
1.3767286614173229
20
0.3230511811023622
11
0.6731889763779527
21
0.3230511811023622
0
LINE
8
BLACK
6
CONTINUOUS
10
0.6731889763779527
20
0.3230511811023622
11
0.6719234645669291
21
0.3229515748031496
0
LINE
8
BLACK
6
CONTINUOUS
10
0.6719234645669291
20
0.3229515748031496
11
0.6707167716535433
21
0.3227605118110236
0
LINE
8
BLACK
6
CONTINUOUS
10
0.6707167716535433
20
0.3227605118110236
11
0.6705400787401574
21
0.3227304724409449
0
LINE
8
BLACK
6
CONTINUOUS
10
0.6705400787401574
20
0.3227304724409449
11
0.6705398818897638
21
0.3227304330708661
0
LINE
8
BLACK
6
CONTINUOUS
10
0.6705398818897638
20
0.3227304330708661
11
0.6672290157480315
21
0.3213153149606299
0
LINE
8
BLACK
6
CONTINUOUS
10
0.6672290157480315
20
0.3213153149606299
11
0.6652802362204724
21
0.3198994094488189
0
LINE
8
BLACK
6
CONTINUOUS
10
0.6652802362204724
20
0.3198994094488189
11
0.664187874015748
21
0.318945
0
LINE
8
BLACK
6
CONTINUOUS
10
0.664187874015748
20
0.318945
11
0.6623411023622047
21
0.3158540551181102
0
LINE
8
BLACK
6
CONTINUOUS
10
0.6623411023622047
20
0.3158540551181102
11
0.6623410236220473
21
0.315853937007874
0
LINE
8
BLACK
6
CONTINUOUS
10
0.6623410236220473
20
0.315853937007874
11
0.6615966929133859
21
0.313563031496063
0
LINE
8
BLACK
6
CONTINUOUS
10
0.6615966929133859
20
0.313563031496063
11
0.6612007874015748
21
0.3110631496062992
0
LINE
8
BLACK
6
CONTINUOUS
10
0.6612007874015748
20
0.3110631496062992
11
0.6612007874015748
21
0.0085203149606299
0
LINE
8
BLACK
6
CONTINUOUS
10
0.6612007874015748
20
0.0085203149606299
11
0.6604564173228347
21
0.0062293307086614
0
LINE
8
BLACK
6
CONTINUOUS
10
0.6604564173228347
20
0.0062293307086614
11
0.6602066929133859
21
0.0059201181102362
0
LINE
8
BLACK
6
CONTINUOUS
10
0.6602066929133859
20
0.0059201181102362
11
0.6315332283464566
21
-0.0260986614173228
0
LINE
8
BLACK
6
CONTINUOUS
10
0.6315332283464566
20
-0.0260986614173228
11
0.6266997637795275
21
-0.0314960236220472
0
LINE
8
BLACK
6
CONTINUOUS
10
0.6266997637795275
20
-0.0314960236220472
11
0.5452259842519684
21
-0.1224749606299213
0
LINE
8
BLACK
6
CONTINUOUS
10
0.5452259842519684
20
-0.1224749606299213
11
0.5450791338582677
21
-0.1226435826771654
0
LINE
8
BLACK
6
CONTINUOUS
10
0.5450791338582677
20
-0.1226435826771654
11
0.544937874015748
21
-0.1228104330708661
0
LINE
8
BLACK
6
CONTINUOUS
10
0.544937874015748
20
-0.1228104330708661
11
0.5447969291338582
21
-0.1229816535433071
0
LINE
8
BLACK
6
CONTINUOUS
10
0.5447969291338582
20
-0.1229816535433071
11
0.4591028346456693
21
-0.2300992913385827
0
LINE
8
BLACK
6
CONTINUOUS
10
0.4591028346456693
20
-0.2300992913385827
11
0.4589874015748032
21
-0.2302470866141732
0
LINE
8
BLACK
6
CONTINUOUS
10
0.4589874015748032
20
-0.2302470866141732
11
0.4588783464566929
21
-0.2303900393700787
0
LINE
8
BLACK
6
CONTINUOUS
10
0.4588783464566929
20
-0.2303900393700787
11
0.4576166929133858
21
-0.2327965354330709
0
LINE
8
BLACK
6
CONTINUOUS
10
0.4576166929133858
20
-0.2327965354330709
11
0.4576166535433071
21
-0.2327966535433071
0
LINE
8
BLACK
6
CONTINUOUS
10
0.4576166535433071
20
-0.2327966535433071
11
0.4568722834645669
21
-0.2350876377952756
0
LINE
8
BLACK
6
CONTINUOUS
10
0.4568722834645669
20
-0.2350876377952756
11
0.4564763779527559
21
-0.2375875196850394
0
LINE
8
BLACK
6
CONTINUOUS
10
0.4564763779527559
20
-0.2375875196850394
11
0.4564763779527559
21
-0.2375876771653543
0
LINE
8
BLACK
6
CONTINUOUS
10
-0.9706961417322835
20
-0.7460629921259843
11
-0.9698836614173229
21
-0.7522345669291338
0
LINE
8
BLACK
6
CONTINUOUS
10
-0.9698836614173229
20
-0.7522345669291338
11
-0.9698835826771653
21
-0.7522348818897637
0
LINE
8
BLACK
6
CONTINUOUS
10
-0.9698835826771653
20
-0.7522348818897637
11
-0.9675014960629921
21
-0.7579857480314961
0
LINE
8
BLACK
6
CONTINUOUS
10
-0.9675014960629921
20
-0.7579857480314961
11
-0.9675014960629921
21
-0.7579857874015747
0
LINE
8
BLACK
6
CONTINUOUS
10
-0.9675014960629921
20
-0.7579857874015747
11
-0.9640903149606299
21
-0.7624313385826772
0
LINE
8
BLACK
6
CONTINUOUS
10
-0.9640903149606299
20
-0.7624313385826772
11
-0.9637118897637795
21
-0.7629244881889764
0
LINE
8
BLACK
6
CONTINUOUS
10
-0.9637118897637795
20
-0.7629244881889764
11
-0.9587732677165354
21
-0.7667140157480314
0
LINE
8
BLACK
6
CONTINUOUS
10
-0.9587732677165354
20
-0.7667140157480314
11
-0.9587732283464566
21
-0.7667140157480314
0
LINE
8
BLACK
6
CONTINUOUS
10
-0.9587732283464566
20
-0.7667140157480314
11
-0.958773188976378
21
-0.7667140551181102
0
LINE
8
BLACK
6
CONTINUOUS
10
-0.958773188976378
20
-0.7667140551181102
11
-0.9530223228346456
21
-0.7690961417322835
0
LINE
8
BLACK
6
CONTINUOUS
10
-0.9530223228346456
20
-0.7690961417322835
11
-0.953022125984252
21
-0.769096220472441
0
LINE
8
BLACK
6
CONTINUOUS
10
-0.953022125984252
20
-0.769096220472441
11
-0.9483933464566929
21
-0.769705590551181
0
LINE
8
BLACK
6
CONTINUOUS
10
-0.9483933464566929
20
-0.769705590551181
11
-0.9468504330708661
21
-0.7699087401574803
0
LINE
8
BLACK
6
CONTINUOUS
10
-0.9468504330708661
20
-0.7699087401574803
11
-0.9468503937007874
21
-0.7699087401574803
0
LINE
8
BLACK
6
CONTINUOUS
10
-0.9468503937007874
20
-0.7699087401574803
11
-0.9468503543307086
21
-0.7699087401574803
0
LINE
8
BLACK
6
CONTINUOUS
10
-0.9468503543307086
20
-0.7699087401574803
11
-0.945616062992126
21
-0.7697462204724409
0
LINE
8
BLACK
6
CONTINUOUS
10
-0.945616062992126
20
-0.7697462204724409
11
-0.9406786614173228
21
-0.769096220472441
0
LINE
8
BLACK
6
CONTINUOUS
10
-0.9406786614173228
20
-0.769096220472441
11
-0.9349275196850394
21
-0.7667140157480314
0
LINE
8
BLACK
6
CONTINUOUS
10
-0.9349275196850394
20
-0.7667140157480314
11
-0.9348772440944881
21
-0.7666753937007874
0
LINE
8
BLACK
6
CONTINUOUS
10
-0.9348772440944881
20
-0.7666753937007874
11
-0.9347438582677166
21
-0.7665731102362204
0
LINE
8
BLACK
6
CONTINUOUS
10
-0.9347438582677166
20
-0.7665731102362204
11
-0.9324731496062992
21
-0.7657690551181102
0
LINE
8
BLACK
6
CONTINUOUS
10
-0.9324731496062992
20
-0.7657690551181102
11
-0.9323711811023622
21
-0.7657677165354331
0
LINE
8
BLACK
6
CONTINUOUS
10
-0.9323711811023622
20
-0.7657677165354331
11
-0.6161746062992126
21
-0.7657677165354331
0
LINE
8
BLACK
6
CONTINUOUS
10
-0.6161746062992126
20
-0.7657677165354331
11
-0.6138836220472441
21
-0.7665120866141732
0
LINE
8
BLACK
6
CONTINUOUS
10
-0.6138836220472441
20
-0.7665120866141732
11
-0.6134185433070866
21
-0.7669092913385827
0
LINE
8
BLACK
6
CONTINUOUS
10
-0.6134185433070866
20
-0.7669092913385827
11
-0.4000183858267716
21
-0.9803094094488188
0
LINE
8
BLACK
6
CONTINUOUS
10
-0.4000183858267716
20
-0.9803094094488188
11
-0.4000183070866142
21
-0.9803095275590551
0
LINE
8
BLACK
6
CONTINUOUS
10
-0.4000183070866142
20
-0.9803095275590551
11
-0.3976323622047244
21
-0.9826954724409449
0
LINE
8
BLACK
6
CONTINUOUS
10
-0.3976323622047244
20
-0.9826954724409449
11
-0.3976322834645669
21
-0.9826955118110235
0
LINE
8
BLACK
6
CONTINUOUS
10
-0.3976322834645669
20
-0.9826955118110235
11
-0.3947103149606299
21
-0.9843825196850393
0
LINE
8
BLACK
6
CONTINUOUS
10
-0.3947103149606299
20
-0.9843825196850393
11
-0.394710157480315
21
-0.9843825984251968
0
LINE
8
BLACK
6
CONTINUOUS
10
-0.394710157480315
20
-0.9843825984251968
11
-0.3914510236220473
21
-0.985255905511811
0
LINE
8
BLACK
6
CONTINUOUS
10
-0.3914510236220473
20
-0.985255905511811
11
-0.3914509448818898
21
-0.9852559448818897
0
LINE
8
BLACK
6
CONTINUOUS
10
-0.3914509448818898
20
-0.9852559448818897
11
-0.391450905511811
21
-0.9852559448818897
0
LINE
8
BLACK
6
CONTINUOUS
10
-0.391450905511811
20
-0.9852559448818897
11
-0.3878379527559055
21
-0.9852559448818897
0
LINE
8
BLACK
6
CONTINUOUS
10
-0.3878379527559055
20
-0.9852559448818897
11
-0.3878373228346457
21
-0.985255905511811
0
LINE
8
BLACK
6
CONTINUOUS
10
-0.3878373228346457
20
-0.985255905511811
11
0.0922382283464567
21
-0.985255905511811
0
LINE
8
BLACK
6
CONTINUOUS
10
0.0922382283464567
20
-0.985255905511811
11
0.0922383070866142
21
-0.985255905511811
0
LINE
8
BLACK
6
CONTINUOUS
10
0.0922383070866142
20
-0.985255905511811
11
0.0954975984251969
21
-0.9843825984251968
0
LINE
8
BLACK
6
CONTINUOUS
10
0.0954975984251969
20
-0.9843825984251968
11
0.0954976771653543
21
-0.9843825196850393
0
LINE
8
BLACK
6
CONTINUOUS
10
0.0954976771653543
20
-0.9843825196850393
11
0.0954977559055118
21
-0.9843825196850393
0
LINE
8
BLACK
6
CONTINUOUS
10
0.0954977559055118
20
-0.9843825196850393
11
0.0984195669291339
21
-0.9826955905511811
0
LINE
8
BLACK
6
CONTINUOUS
10
0.0984195669291339
20
-0.9826955905511811
11
0.0984195669291339
21
-0.9826955511811023
0
LINE
8
BLACK
6
CONTINUOUS
10
0.0984195669291339
20
-0.9826955511811023
11
0.0984197637795276
21
-0.9826954724409449
0
LINE
8
BLACK
6
CONTINUOUS
10
0.0984197637795276
20
-0.9826954724409449
11
0.1313793307086614
21
-0.9497358267716535
0
LINE
8
BLACK
6
CONTINUOUS
10
0.1313793307086614
20
-0.9497358267716535
11
0.1335255905511811
21
-0.9486423228346457
0
LINE
8
BLACK
6
CONTINUOUS
10
0.1335255905511811
20
-0.9486423228346457
11
0.1346438188976378
21
-0.9486276771653543
0
LINE
8
BLACK
6
CONTINUOUS
10
0.1346438188976378
20
-0.9486276771653543
11
0.1377952755905512
21
-0.9490425984251968
0
LINE
8
BLACK
6
CONTINUOUS
10
0.1377952755905512
20
-0.9490425984251968
11
0.1439670078740158
21
-0.9482300787401574
0
LINE
8
BLACK
6
CONTINUOUS
10
0.1439670078740158
20
-0.9482300787401574
11
0.1497181496062992
21
-0.945847874015748
0
LINE
8
BLACK
6
CONTINUOUS
10
0.1497181496062992
20
-0.945847874015748
11
0.1546567716535433
21
-0.9420583464566928
0
LINE
8
BLACK
6
CONTINUOUS
10
0.1546567716535433
20
-0.9420583464566928
11
0.1584462992125984
21
-0.9371197244094488
0
LINE
8
BLACK
6
CONTINUOUS
10
0.1584462992125984
20
-0.9371197244094488
11
0.1608285039370079
21
-0.9313685826771654
0
LINE
8
BLACK
6
CONTINUOUS
10
0.1608285039370079
20
-0.9313685826771654
11
0.1616410236220472
21
-0.9251968503937008
0
LINE
8
BLACK
6
CONTINUOUS
10
0.1616410236220472
20
-0.9251968503937008
11
0.1608285039370079
21
-0.9190251181102362
0
LINE
8
BLACK
6
CONTINUOUS
10
0.1608285039370079
20
-0.9190251181102362
11
0.1600770866141732
21
-0.9172110236220472
0
LINE
8
BLACK
6
CONTINUOUS
10
0.1600770866141732
20
-0.9172110236220472
11
0.1584463385826771
21
-0.9132740551181102
0
LINE
8
BLACK
6
CONTINUOUS
10
0.1584463385826771
20
-0.9132740551181102
11
0.1584463385826771
21
-0.9132740157480315
0
LINE
8
BLACK
6
CONTINUOUS
10
0.1584463385826771
20
-0.9132740157480315
11
0.1546569291338583
21
-0.9083355511811023
0
LINE
8
BLACK
6
CONTINUOUS
10
0.1546569291338583
20
-0.9083355511811023
11
0.1546568897637795
21
-0.9083355118110236
0
LINE
8
BLACK
6
CONTINUOUS
10
0.1546568897637795
20
-0.9083355118110236
11
0.1546567716535433
21
-0.9083353543307087
0
LINE
8
BLACK
6
CONTINUOUS
10
0.1546567716535433
20
-0.9083353543307087
11
0.1546565748031496
21
-0.9083351968503937
0
LINE
8
BLACK
6
CONTINUOUS
10
0.1546565748031496
20
-0.9083351968503937
11
0.1546565354330709
21
-0.9083351574803149
0
LINE
8
BLACK
6
CONTINUOUS
10
0.1546565354330709
20
-0.9083351574803149
11
0.149718031496063
21
-0.904545748031496
0
LINE
8
BLACK
6
CONTINUOUS
10
0.149718031496063
20
-0.904545748031496
11
0.1439671653543307
21
-0.9021636614173228
0
LINE
8
BLACK
6
CONTINUOUS
10
0.1439671653543307
20
-0.9021636614173228
11
0.1439668503937008
21
-0.9021635826771653
0
LINE
8
BLACK
6
CONTINUOUS
10
0.1439668503937008
20
-0.9021635826771653
11
0.1377953149606299
21
-0.9013511023622047
0
LINE
8
BLACK
6
CONTINUOUS
10
0.1377953149606299
20
-0.9013511023622047
11
0.1377952362204724
21
-0.9013511023622047
0
LINE
8
BLACK
6
CONTINUOUS
10
0.1377952362204724
20
-0.9013511023622047
11
0.1316236614173228
21
-0.9021635826771653
0
LINE
8
BLACK
6
CONTINUOUS
10
0.1316236614173228
20
-0.9021635826771653
11
0.1316233464566929
21
-0.9021636614173228
0
LINE
8
BLACK
6
CONTINUOUS
10
0.1316233464566929
20
-0.9021636614173228
11
0.1258724803149606
21
-0.904545748031496
0
LINE
8
BLACK
6
CONTINUOUS
10
0.1258724803149606
20
-0.904545748031496
11
0.1258724409448819
21
-0.904545748031496
0
LINE
8
BLACK
6
CONTINUOUS
10
0.1258724409448819
20
-0.904545748031496
11
0.1209339763779528
21
-0.9083351574803149
0
LINE
8
BLACK
6
CONTINUOUS
10
0.1209339763779528
20
-0.9083351574803149
11
0.1209335826771653
21
-0.9083355511811023
0
LINE
8
BLACK
6
CONTINUOUS
10
0.1209335826771653
20
-0.9083355511811023
11
0.1171442125984252
21
-0.9132740157480315
0
LINE
8
BLACK
6
CONTINUOUS
10
0.1171442125984252
20
-0.9132740157480315
11
0.1149902755905512
21
-0.918474094488189
0
LINE
8
BLACK
6
CONTINUOUS
10
0.1149902755905512
20
-0.918474094488189
11
0.1134258267716535
21
-0.9203057874015748
0
LINE
8
BLACK
6
CONTINUOUS
10
0.1134258267716535
20
-0.9203057874015748
11
0.1110835039370079
21
-0.9208681496062991
0
LINE
8
BLACK
6
CONTINUOUS
10
0.1110835039370079
20
-0.9208681496062991
11
0.108858031496063
21
-0.9199462992125984
0
LINE
8
BLACK
6
CONTINUOUS
10
0.108858031496063
20
-0.9199462992125984
11
0.1077883858267717
21
-0.9184740551181102
0
LINE
8
BLACK
6
CONTINUOUS
10
0.1077883858267717
20
-0.9184740551181102
11
0.1072652362204724
21
-0.917211062992126
0
LINE
8
BLACK
6
CONTINUOUS
10
0.1072652362204724
20
-0.917211062992126
11
0.1072652362204724
21
-0.9172110236220472
0
LINE
8
BLACK
6
CONTINUOUS
10
0.1072652362204724
20
-0.9172110236220472
11
0.1034758267716535
21
-0.9122725590551181
0
LINE
8
BLACK
6
CONTINUOUS
10
0.1034758267716535
20
-0.9122725590551181
11
0.1034757874015748
21
-0.9122725196850393
0
LINE
8
BLACK
6
CONTINUOUS
10
0.1034757874015748
20
-0.9122725196850393
11
0.1034756692913386
21
-0.9122723622047244
0
LINE
8
BLACK
6
CONTINUOUS
10
0.1034756692913386
20
-0.9122723622047244
11
0.1034754724409449
21
-0.9122722047244094
0
LINE
8
BLACK
6
CONTINUOUS
10
0.1034754724409449
20
-0.9122722047244094
11
0.1034754330708661
21
-0.9122721653543306
0
LINE
8
BLACK
6
CONTINUOUS
10
0.1034754330708661
20
-0.9122721653543306
11
0.0985369291338583
21
-0.9084827559055118
0
LINE
8
BLACK
6
CONTINUOUS
10
0.0985369291338583
20
-0.9084827559055118
11
0.092786062992126
21
-0.9061006692913386
0
LINE
8
BLACK
6
CONTINUOUS
10
0.092786062992126
20
-0.9061006692913386
11
0.0927857480314961
21
-0.9061005905511811
0
LINE
8
BLACK
6
CONTINUOUS
10
0.0927857480314961
20
-0.9061005905511811
11
0.0866142125984252
21
-0.9052881102362205
0
LINE
8
BLACK
6
CONTINUOUS
10
0.0866142125984252
20
-0.9052881102362205
11
0.0866141338582677
21
-0.9052881102362205
0
LINE
8
BLACK
6
CONTINUOUS
10
0.0866141338582677
20
-0.9052881102362205
11
0.0804425590551181
21
-0.9061005905511811
0
LINE
8
BLACK
6
CONTINUOUS
10
0.0804425590551181
20
-0.9061005905511811
11
0.0804422440944882
21
-0.9061006692913386
0
LINE
8
BLACK
6
CONTINUOUS
10
0.0804422440944882
20
-0.9061006692913386
11
0.0746913779527559
21
-0.9084827559055118
0
LINE
8
BLACK
6
CONTINUOUS
10
0.0746913779527559
20
-0.9084827559055118
11
0.0746913385826772
21
-0.9084827559055118
0
LINE
8
BLACK
6
CONTINUOUS
10
0.0746913385826772
20
-0.9084827559055118
11
0.069752874015748
21
-0.9122721653543306
0
LINE
8
BLACK
6
CONTINUOUS
10
0.069752874015748
20
-0.9122721653543306
11
0.0697524803149606
21
-0.9122725590551181
0
LINE
8
BLACK
6
CONTINUOUS
10
0.0697524803149606
20
-0.9122725590551181
11
0.0659631102362205
21
-0.9172110236220472
0
LINE
8
BLACK
6
CONTINUOUS
10
0.0659631102362205
20
-0.9172110236220472
11
0.065616968503937
21
-0.9180466929133858
0
LINE
8
BLACK
6
CONTINUOUS
10
0.065616968503937
20
-0.9180466929133858
11
0.0640525196850394
21
-0.9198784251968504
0
LINE
8
BLACK
6
CONTINUOUS
10
0.0640525196850394
20
-0.9198784251968504
11
0.0620160236220472
21
-0.9204527559055118
0
LINE
8
BLACK
6
CONTINUOUS
10
0.0620160236220472
20
-0.9204527559055118
11
-0.3668962992125984
21
-0.9204527559055118
0
LINE
8
BLACK
6
CONTINUOUS
10
-0.3668962992125984
20
-0.9204527559055118
11
-0.3691872834645669
21
-0.9197083858267716
0
LINE
8
BLACK
6
CONTINUOUS
10
-0.3691872834645669
20
-0.9197083858267716
11
-0.3696523622047244
21
-0.9193111811023622
0
LINE
8
BLACK
6
CONTINUOUS
10
-0.3696523622047244
20
-0.9193111811023622
11
-0.4246451181102362
21
-0.8643184251968504
0
LINE
8
BLACK
6
CONTINUOUS
10
-0.4246451181102362
20
-0.8643184251968504
11
-0.4257387007874016
21
-0.8621720866141732
0
LINE
8
BLACK
6
CONTINUOUS
10
-0.4257387007874016
20
-0.8621720866141732
11
-0.4253618897637795
21
-0.859792874015748
0
LINE
8
BLACK
6
CONTINUOUS
10
-0.4253618897637795
20
-0.859792874015748
11
-0.4236585433070866
21
-0.8580895275590551
0
LINE
8
BLACK
6
CONTINUOUS
10
-0.4236585433070866
20
-0.8580895275590551
11
-0.4213803937007874
21
-0.8576980708661417
0
LINE
8
BLACK
6
CONTINUOUS
10
-0.4213803937007874
20
-0.8576980708661417
11
-0.4153543307086614
21
-0.8584914173228346
0
LINE
8
BLACK
6
CONTINUOUS
10
-0.4153543307086614
20
-0.8584914173228346
11
-0.4122031102362205
21
-0.8580764960629921
0
LINE
8
BLACK
6
CONTINUOUS
10
-0.4122031102362205
20
-0.8580764960629921
11
-0.4098346850393701
21
-0.8585154330708661
0
LINE
8
BLACK
6
CONTINUOUS
10
-0.4098346850393701
20
-0.8585154330708661
11
-0.4089385039370079
21
-0.8591846062992126
0
LINE
8
BLACK
6
CONTINUOUS
10
-0.4089385039370079
20
-0.8591846062992126
11
-0.387789842519685
21
-0.8803332677165354
0
LINE
8
BLACK
6
CONTINUOUS
10
-0.387789842519685
20
-0.8803332677165354
11
-0.3877897637795276
21
-0.8803333070866142
0
LINE
8
BLACK
6
CONTINUOUS
10
-0.3877897637795276
20
-0.8803333070866142
11
-0.3877896850393701
21
-0.8803333858267717
0
LINE
8
BLACK
6
CONTINUOUS
10
-0.3877896850393701
20
-0.8803333858267717
11
-0.3848678346456693
21
-0.8820203149606299
0
LINE
8
BLACK
6
CONTINUOUS
10
-0.3848678346456693
20
-0.8820203149606299
11
-0.3848679133858268
21
-0.8820203149606299
0
LINE
8
BLACK
6
CONTINUOUS
10
-0.3848679133858268
20
-0.8820203149606299
11
-0.3848677559055118
21
-0.8820203543307087
0
LINE
8
BLACK
6
CONTINUOUS
10
-0.3848677559055118
20
-0.8820203543307087
11
-0.3848676771653543
21
-0.8820203937007873
0
LINE
8
BLACK
6
CONTINUOUS
10
-0.3848676771653543
20
-0.8820203937007873
11
-0.3816083858267716
21
-0.8828937007874016
0
LINE
8
BLACK
6
CONTINUOUS
10
-0.3816083858267716
20
-0.8828937007874016
11
-0.1662837401574803
21
-0.8828937007874016
0
LINE
8
BLACK
6
CONTINUOUS
10
-0.1662837401574803
20
-0.8828937007874016
11
-0.1639927559055118
21
-0.8836380708661418
0
LINE
8
BLACK
6
CONTINUOUS
10
-0.1639927559055118
20
-0.8836380708661418
11
-0.1626828346456693
21
-0.8852996850393701
0
LINE
8
BLACK
6
CONTINUOUS
10
-0.1626828346456693
20
-0.8852996850393701
11
-0.1624427952755906
21
-0.8858791338582677
0
LINE
8
BLACK
6
CONTINUOUS
10
-0.1624427952755906
20
-0.8858791338582677
11
-0.1586532677165354
21
-0.8908177559055118
0
LINE
8
BLACK
6
CONTINUOUS
10
-0.1586532677165354
20
-0.8908177559055118
11
-0.1537146456692913
21
-0.8946072834645669
0
LINE
8
BLACK
6
CONTINUOUS
10
-0.1537146456692913
20
-0.8946072834645669
11
-0.1479635039370079
21
-0.8969894881889764
0
LINE
8
BLACK
6
CONTINUOUS
10
-0.1479635039370079
20
-0.8969894881889764
11
-0.1433347244094488
21
-0.8975988582677165
0
LINE
8
BLACK
6
CONTINUOUS
10
-0.1433347244094488
20
-0.8975988582677165
11
-0.141791811023622
21
-0.8978020078740158
0
LINE
8
BLACK
6
CONTINUOUS
10
-0.141791811023622
20
-0.8978020078740158
11
-0.1417917716535433
21
-0.8978020078740158
0
LINE
8
BLACK
6
CONTINUOUS
10
-0.1417917716535433
20
-0.8978020078740158
11
-0.1417917322834646
21
-0.8978020078740158
0
LINE
8
BLACK
6
CONTINUOUS
10
-0.1417917322834646
20
-0.8978020078740158
11
-0.1405574409448819
21
-0.8976394881889763
0
LINE
8
BLACK
6
CONTINUOUS
10
-0.1405574409448819
20
-0.8976394881889763
11
-0.1356200393700787
21
-0.8969894881889764
0
LINE
8
BLACK
6
CONTINUOUS
10
-0.1356200393700787
20
-0.8969894881889764
11
-0.1298688976377953
21
-0.8946072834645669
0
LINE
8
BLACK
6
CONTINUOUS
10
-0.1298688976377953
20
-0.8946072834645669
11
-0.1249302755905512
21
-0.8908177559055118
0
LINE
8
BLACK
6
CONTINUOUS
10
-0.1249302755905512
20
-0.8908177559055118
11
-0.1211407480314961
21
-0.8858791338582677
0
LINE
8
BLACK
6
CONTINUOUS
10
-0.1211407480314961
20
-0.8858791338582677
11
-0.1209007480314961
21
-0.8852996850393701
0
LINE
8
BLACK
6
CONTINUOUS
10
-0.1209007480314961
20
-0.8852996850393701
11
-0.1193362992125984
21
-0.883468031496063
0
LINE
8
BLACK
6
CONTINUOUS
10
-0.1193362992125984
20
-0.883468031496063
11
-0.1172998031496063
21
-0.8828937007874016
0
LINE
8
BLACK
6
CONTINUOUS
10
-0.1172998031496063
20
-0.8828937007874016
11
0.478065
21
-0.8828937007874016
0
LINE
8
BLACK
6
CONTINUOUS
10
0.478065
20
-0.8828937007874016
11
0.4780650787401575
21
-0.8828937007874016
0
LINE
8
BLACK
6
CONTINUOUS
10
0.4780650787401575
20
-0.8828937007874016
11
0.4813243700787401
21
-0.8820203937007873
0
LINE
8
BLACK
6
CONTINUOUS
10
0.4813243700787401
20
-0.8820203937007873
11
0.4813244488188976
21
-0.8820203149606299
0
LINE
8
BLACK
6
CONTINUOUS
10
0.4813244488188976
20
-0.8820203149606299
11
0.4813245275590551
21
-0.8820203149606299
0
LINE
8
BLACK
6
CONTINUOUS
10
0.4813245275590551
20
-0.8820203149606299
11
0.4842463385826771
21
-0.8803333858267717
0
LINE
8
BLACK
6
CONTINUOUS
10
0.4842463385826771
20
-0.8803333858267717
11
0.4842463385826771
21
-0.8803333464566929
0
LINE
8
BLACK
6
CONTINUOUS
10
0.4842463385826771
20
-0.8803333464566929
11
0.4842465354330708
21
-0.8803332677165354
0
LINE
8
BLACK
6
CONTINUOUS
10
0.4842465354330708
20
-0.8803332677165354
11
0.5417505905511811
21
-0.8228292125984252
0
LINE
8
BLACK
6
CONTINUOUS
10
0.5417505905511811
20
-0.8228292125984252
11
0.5417507086614173
21
-0.8228290157480315
0
LINE
8
BLACK
6
CONTINUOUS
10
0.5417507086614173
20
-0.8228290157480315
11
0.5434376377952755
21
-0.8199072047244095
0
LINE
8
BLACK
6
CONTINUOUS
10
0.5434376377952755
20
-0.8199072047244095
11
0.5434376377952755
21
-0.819907125984252
0
LINE
8
BLACK
6
CONTINUOUS
10
0.5434376377952755
20
-0.819907125984252
11
0.543437716535433
21
-0.8199070472440945
0
LINE
8
BLACK
6
CONTINUOUS
10
0.543437716535433
20
-0.8199070472440945
11
0.5443110236220472
21
-0.8166477559055118
0
LINE
8
BLACK
6
CONTINUOUS
10
0.5443110236220472
20
-0.8166477559055118
11
0.5443110236220472
21
-0.8132735039370078
0
LINE
8
BLACK
6
CONTINUOUS
10
0.5443110236220472
20
-0.8132735039370078
11
0.5443110236220472
21
-0.8014161417322835
0
LINE
8
BLACK
6
CONTINUOUS
10
0.5443110236220472
20
-0.8014161417322835
11
0.5450553937007874
21
-0.799125157480315
0
LINE
8
BLACK
6
CONTINUOUS
10
0.5450553937007874
20
-0.799125157480315
11
0.5458359448818898
21
-0.798323937007874
0
LINE
8
BLACK
6
CONTINUOUS
10
0.5458359448818898
20
-0.798323937007874
11
0.5458938188976378
21
-0.7982795275590551
0
LINE
8
BLACK
6
CONTINUOUS
10
0.5458938188976378
20
-0.7982795275590551
11
0.5483575590551181
21
-0.7963890551181102
0
LINE
8
BLACK
6
CONTINUOUS
10
0.5483575590551181
20
-0.7963890551181102
11
0.5521470866141732
21
-0.7914504330708662
0
LINE
8
BLACK
6
CONTINUOUS
10
0.5521470866141732
20
-0.7914504330708662
11
0.5545292913385826
21
-0.7856992913385826
0
LINE
8
BLACK
6
CONTINUOUS
10
0.5545292913385826
20
-0.7856992913385826
11
0.555341811023622
21
-0.7795275590551181
0
LINE
8
BLACK
6
CONTINUOUS
10
0.555341811023622
20
-0.7795275590551181
11
0.5553109055118111
21
-0.7792929527559055
0
LINE
8
BLACK
6
CONTINUOUS
10
0.5553109055118111
20
-0.7792929527559055
11
0.555111653543307
21
-0.7777792519685039
0
LINE
8
BLACK
6
CONTINUOUS
10
0.555111653543307
20
-0.7777792519685039
11
0.5545292913385826
21
-0.7733558267716535
0
LINE
8
BLACK
6
CONTINUOUS
10
0.5545292913385826
20
-0.7733558267716535
11
0.5524373228346456
21
-0.7683053543307087
0
LINE
8
BLACK
6
CONTINUOUS
10
0.5524373228346456
20
-0.7683053543307087
11
0.552147125984252
21
-0.7676047637795276
0
LINE
8
BLACK
6
CONTINUOUS
10
0.552147125984252
20
-0.7676047637795276
11
0.552147125984252
21
-0.7676047244094488
0
LINE
8
BLACK
6
CONTINUOUS
10
0.552147125984252
20
-0.7676047244094488
11
0.5483577165354331
21
-0.7626662598425197
0
LINE
8
BLACK
6
CONTINUOUS
10
0.5483577165354331
20
-0.7626662598425197
11
0.5483576771653543
21
-0.7626662204724409
0
LINE
8
BLACK
6
CONTINUOUS
10
0.5483576771653543
20
-0.7626662204724409
11
0.5483575590551181
21
-0.7626660629921259
0
LINE
8
BLACK
6
CONTINUOUS
10
0.5483575590551181
20
-0.7626660629921259
11
0.5483573622047244
21
-0.762665905511811
0
LINE
8
BLACK
6
CONTINUOUS
10
0.5483573622047244
20
-0.762665905511811
11
0.5483573228346457
21
-0.7626658661417323
0
LINE
8
BLACK
6
CONTINUOUS
10
0.5483573228346457
20
-0.7626658661417323
11
0.5441527559055118
21
-0.7594396062992126
0
LINE
8
BLACK
6
CONTINUOUS
10
0.5441527559055118
20
-0.7594396062992126
11
0.543418937007874
21
-0.7588765354330709
0
LINE
8
BLACK
6
CONTINUOUS
10
0.543418937007874
20
-0.7588765354330709
11
0.5434188976377953
21
-0.7588764960629921
0
LINE
8
BLACK
6
CONTINUOUS
10
0.5434188976377953
20
-0.7588764960629921
11
0.5434188188976378
21
-0.7588764566929134
0
LINE
8
BLACK
6
CONTINUOUS
10
0.5434188188976378
20
-0.7588764566929134
11
0.5376679527559055
21
-0.7564943700787401
0
LINE
8
BLACK
6
CONTINUOUS
10
0.5376679527559055
20
-0.7564943700787401
11
0.5376676377952756
21
-0.7564942913385827
0
LINE
8
BLACK
6
CONTINUOUS
10
0.5376676377952756
20
-0.7564942913385827
11
0.5314961023622047
21
-0.7556818110236221
0
LINE
8
BLACK
6
CONTINUOUS
10
0.5314961023622047
20
-0.7556818110236221
11
0.5314960236220473
21
-0.7556818110236221
0
LINE
8
BLACK
6
CONTINUOUS
10
0.5314960236220473
20
-0.7556818110236221
11
0.5253244488188976
21
-0.7564942913385827
0
LINE
8
BLACK
6
CONTINUOUS
10
0.5253244488188976
20
-0.7564942913385827
11
0.5253241338582677
21
-0.7564943700787401
0
LINE
8
BLACK
6
CONTINUOUS
10
0.5253241338582677
20
-0.7564943700787401
11
0.5195732677165354
21
-0.7588764566929134
0
LINE
8
BLACK
6
CONTINUOUS
10
0.5195732677165354
20
-0.7588764566929134
11
0.5195732283464567
21
-0.7588764566929134
0
LINE
8
BLACK
6
CONTINUOUS
10
0.5195732283464567
20
-0.7588764566929134
11
0.5146347637795275
21
-0.7626658661417323
0
LINE
8
BLACK
6
CONTINUOUS
10
0.5146347637795275
20
-0.7626658661417323
11
0.5146343700787401
21
-0.7626662598425197
0
LINE
8
BLACK
6
CONTINUOUS
10
0.5146343700787401
20
-0.7626662598425197
11
0.5108449606299212
21
-0.7676047244094488
0
LINE
8
BLACK
6
CONTINUOUS
10
0.5108449606299212
20
-0.7676047244094488
11
0.5108449606299212
21
-0.7676047637795276
0
LINE
8
BLACK
6
CONTINUOUS
10
0.5108449606299212
20
-0.7676047637795276
11
0.508462874015748
21
-0.7733556299212598
0
LINE
8
BLACK
6
CONTINUOUS
10
0.508462874015748
20
-0.7733556299212598
11
0.5084627952755906
21
-0.7733559448818897
0
LINE
8
BLACK
6
CONTINUOUS
10
0.5084627952755906
20
-0.7733559448818897
11
0.50765031496063
21
-0.7795275196850393
0
LINE
8
BLACK
6
CONTINUOUS
10
0.50765031496063
20
-0.7795275196850393
11
0.50765031496063
21
-0.7795275590551181
0
LINE
8
BLACK
6
CONTINUOUS
10
0.50765031496063
20
-0.7795275590551181
11
0.5084627952755906
21
-0.7856991338582677
0
LINE
8
BLACK
6
CONTINUOUS
10
0.5084627952755906
20
-0.7856991338582677
11
0.508462874015748
21
-0.7856994488188976
0
LINE
8
BLACK
6
CONTINUOUS
10
0.508462874015748
20
-0.7856994488188976
11
0.5108449606299212
21
-0.7914503149606299
0
LINE
8
BLACK
6
CONTINUOUS
10
0.5108449606299212
20
-0.7914503149606299
11
0.5108449606299212
21
-0.7914503543307086
0
LINE
8
BLACK
6
CONTINUOUS
10
0.5108449606299212
20
-0.7914503543307086
11
0.5146343700787401
21
-0.7963888188976378
0
LINE
8
BLACK
6
CONTINUOUS
10
0.5146343700787401
20
-0.7963888188976378
11
0.5146345669291339
21
-0.7963890551181102
0
LINE
8
BLACK
6
CONTINUOUS
10
0.5146345669291339
20
-0.7963890551181102
11
0.5160960236220472
21
-0.7975104724409449
0
LINE
8
BLACK
6
CONTINUOUS
10
0.5160960236220472
20
-0.7975104724409449
11
0.5171561811023622
21
-0.798323937007874
0
LINE
8
BLACK
6
CONTINUOUS
10
0.5171561811023622
20
-0.798323937007874
11
0.518520590551181
21
-0.8003091338582677
0
LINE
8
BLACK
6
CONTINUOUS
10
0.518520590551181
20
-0.8003091338582677
11
0.5186811023622047
21
-0.8014161417322835
0
LINE
8
BLACK
6
CONTINUOUS
10
0.5186811023622047
20
-0.8014161417322835
11
0.5186811023622047
21
-0.8080379921259843
0
LINE
8
BLACK
6
CONTINUOUS
10
0.5186811023622047
20
-0.8080379921259843
11
0.5179367322834646
21
-0.8103289763779528
0
LINE
8
BLACK
6
CONTINUOUS
10
0.5179367322834646
20
-0.8103289763779528
11
0.5175395275590551
21
-0.8107940551181102
0
LINE
8
BLACK
6
CONTINUOUS
10
0.5175395275590551
20
-0.8107940551181102
11
0.4722113779527559
21
-0.8561222047244095
0
LINE
8
BLACK
6
CONTINUOUS
10
0.4722113779527559
20
-0.8561222047244095
11
0.4700650393700787
21
-0.8572157874015748
0
LINE
8
BLACK
6
CONTINUOUS
10
0.4700650393700787
20
-0.8572157874015748
11
0.4694553149606299
21
-0.8572637795275591
0
LINE
8
BLACK
6
CONTINUOUS
10
0.4694553149606299
20
-0.8572637795275591
11
-0.1233869291338583
21
-0.8572637795275591
0
LINE
8
BLACK
6
CONTINUOUS
10
-0.1233869291338583
20
-0.8572637795275591
11
-0.1256779133858268
21
-0.8565194094488189
0
LINE
8
BLACK
6
CONTINUOUS
10
-0.1256779133858268
20
-0.8565194094488189
11
-0.1257596456692913
21
-0.8564583464566929
0
LINE
8
BLACK
6
CONTINUOUS
10
-0.1257596456692913
20
-0.8564583464566929
11
-0.1298690157480315
21
-0.853305157480315
0
LINE
8
BLACK
6
CONTINUOUS
10
-0.1298690157480315
20
-0.853305157480315
11
-0.1356198818897638
21
-0.8509230708661417
0
LINE
8
BLACK
6
CONTINUOUS
10
-0.1356198818897638
20
-0.8509230708661417
11
-0.1356201968503937
21
-0.8509229921259842
0
LINE
8
BLACK
6
CONTINUOUS
10
-0.1356201968503937
20
-0.8509229921259842
11
-0.1417917322834646
21
-0.8501105118110236
0
LINE
8
BLACK
6
CONTINUOUS
10
-0.1417917322834646
20
-0.8501105118110236
11
-0.141791811023622
21
-0.8501105118110236
0
LINE
8
BLACK
6
CONTINUOUS
10
-0.141791811023622
20
-0.8501105118110236
11
-0.1479633858267717
21
-0.8509229921259842
0
LINE
8
BLACK
6
CONTINUOUS
10
-0.1479633858267717
20
-0.8509229921259842
11
-0.1479637007874016
21
-0.8509230708661417
0
LINE
8
BLACK
6
CONTINUOUS
10
-0.1479637007874016
20
-0.8509230708661417
11
-0.1537145669291339
21
-0.853305157480315
0
LINE
8
BLACK
6
CONTINUOUS
10
-0.1537145669291339
20
-0.853305157480315
11
-0.1537146062992126
21
-0.853305157480315
0
LINE
8
BLACK
6
CONTINUOUS
10
-0.1537146062992126
20
-0.853305157480315
11
-0.1578238976377953
21
-0.8564583464566929
0
LINE
8
BLACK
6
CONTINUOUS
10
-0.1578238976377953
20
-0.8564583464566929
11
-0.1600946062992126
21
-0.8572624409448819
0
LINE
8
BLACK
6
CONTINUOUS
10
-0.1600946062992126
20
-0.8572624409448819
11
-0.1601966141732283
21
-0.8572637795275591
0
LINE
8
BLACK
6
CONTINUOUS
10
-0.1601966141732283
20
-0.8572637795275591
11
-0.3729986220472441
21
-0.8572637795275591
0
LINE
8
BLACK
6
CONTINUOUS
10
-0.3729986220472441
20
-0.8572637795275591
11
-0.3752896062992126
21
-0.8565194094488189
0
LINE
8
BLACK
6
CONTINUOUS
10
-0.3752896062992126
20
-0.8565194094488189
11
-0.3757546850393701
21
-0.8561222047244095
0
LINE
8
BLACK
6
CONTINUOUS
10
-0.3757546850393701
20
-0.8561222047244095
11
-0.3908152755905512
21
-0.8410616141732283
0
LINE
8
BLACK
6
CONTINUOUS
10
-0.3908152755905512
20
-0.8410616141732283
11
-0.3919088582677165
21
-0.8389152755905511
0
LINE
8
BLACK
6
CONTINUOUS
10
-0.3919088582677165
20
-0.8389152755905511
11
-0.3919235039370079
21
-0.8377970472440944
0
LINE
8
BLACK
6
CONTINUOUS
10
-0.3919235039370079
20
-0.8377970472440944
11
-0.3915085826771653
21
-0.8346456692913385
0
LINE
8
BLACK
6
CONTINUOUS
10
-0.3915085826771653
20
-0.8346456692913385
11
-0.3923211023622047
21
-0.828473937007874
0
LINE
8
BLACK
6
CONTINUOUS
10
-0.3923211023622047
20
-0.828473937007874
11
-0.3947032677165354
21
-0.8227228740157481
0
LINE
8
BLACK
6
CONTINUOUS
10
-0.3947032677165354
20
-0.8227228740157481
11
-0.3947032677165354
21
-0.8227228346456693
0
LINE
8
BLACK
6
CONTINUOUS
10
-0.3947032677165354
20
-0.8227228346456693
11
-0.3984926771653543
21
-0.8177843700787402
0
LINE
8
BLACK
6
CONTINUOUS
10
-0.3984926771653543
20
-0.8177843700787402
11
-0.3984927165354331
21
-0.8177843307086614
0
LINE
8
BLACK
6
CONTINUOUS
10
-0.3984927165354331
20
-0.8177843307086614
11
-0.3984928346456693
21
-0.8177841732283464
0
LINE
8
BLACK
6
CONTINUOUS
10
-0.3984928346456693
20
-0.8177841732283464
11
-0.398493031496063
21
-0.8177840157480315
0
LINE
8
BLACK
6
CONTINUOUS
10
-0.398493031496063
20
-0.8177840157480315
11
-0.3984930708661417
21
-0.8177839763779527
0
LINE
8
BLACK
6
CONTINUOUS
10
-0.3984930708661417
20
-0.8177839763779527
11
-0.4034315748031496
21
-0.8139945669291339
0
LINE
8
BLACK
6
CONTINUOUS
10
-0.4034315748031496
20
-0.8139945669291339
11
-0.4091824409448819
21
-0.8116124803149606
0
LINE
8
BLACK
6
CONTINUOUS
10
-0.4091824409448819
20
-0.8116124803149606
11
-0.4091827559055118
21
-0.8116124015748031
0
LINE
8
BLACK
6
CONTINUOUS
10
-0.4091827559055118
20
-0.8116124015748031
11
-0.4153542913385826
21
-0.8107999212598425
0
LINE
8
BLACK
6
CONTINUOUS
10
-0.4153542913385826
20
-0.8107999212598425
11
-0.4153543700787402
21
-0.8107999212598425
0
LINE
8
BLACK
6
CONTINUOUS
10
-0.4153543700787402
20
-0.8107999212598425
11
-0.4215259448818898
21
-0.8116124015748031
0
LINE
8
BLACK
6
CONTINUOUS
10
-0.4215259448818898
20
-0.8116124015748031
11
-0.4215262598425197
21
-0.8116124803149606
0
LINE
8
BLACK
6
CONTINUOUS
10
-0.4215262598425197
20
-0.8116124803149606
11
-0.4272771259842519
21
-0.8139945669291339
0
LINE
8
BLACK
6
CONTINUOUS
10
-0.4272771259842519
20
-0.8139945669291339
11
-0.4272771653543307
21
-0.8139945669291339
0
LINE
8
BLACK
6
CONTINUOUS
10
-0.4272771653543307
20
-0.8139945669291339
11
-0.4322156299212598
21
-0.8177839763779527
0
LINE
8
BLACK
6
CONTINUOUS
10
-0.4322156299212598
20
-0.8177839763779527
11
-0.4322160236220473
21
-0.8177843700787402
0
LINE
8
BLACK
6
CONTINUOUS
10
-0.4322160236220473
20
-0.8177843700787402
11
-0.4360054330708661
21
-0.8227228346456693
0
LINE
8
BLACK
6
CONTINUOUS
10
-0.4360054330708661
20
-0.8227228346456693
11
-0.4360054330708661
21
-0.8227228740157481
0
LINE
8
BLACK
6
CONTINUOUS
10
-0.4360054330708661
20
-0.8227228740157481
11
-0.4383875196850394
21
-0.8284737401574803
0
LINE
8
BLACK
6
CONTINUOUS
10
-0.4383875196850394
20
-0.8284737401574803
11
-0.4383875984251969
21
-0.8284740551181102
0
LINE
8
BLACK
6
CONTINUOUS
10
-0.4383875984251969
20
-0.8284740551181102
11
-0.4392000787401575
21
-0.8346456299212598
0
LINE
8
BLACK
6
CONTINUOUS
10
-0.4392000787401575
20
-0.8346456299212598
11
-0.4392000787401575
21
-0.8346456692913385
0
LINE
8
BLACK
6
CONTINUOUS
10
-0.4392000787401575
20
-0.8346456692913385
11
-0.4384067716535433
21
-0.8406716141732283
0
LINE
8
BLACK
6
CONTINUOUS
10
-0.4384067716535433
20
-0.8406716141732283
11
-0.4388457480314961
21
-0.8430401574803149
0
LINE
8
BLACK
6
CONTINUOUS
10
-0.4388457480314961
20
-0.8430401574803149
11
-0.4405931102362204
21
-0.8446983070866142
0
LINE
8
BLACK
6
CONTINUOUS
10
-0.4405931102362204
20
-0.8446983070866142
11
-0.4429813779527559
21
-0.8450127165354331
0
LINE
8
BLACK
6
CONTINUOUS
10
-0.4429813779527559
20
-0.8450127165354331
11
-0.445027125984252
21
-0.8439364173228346
0
LINE
8
BLACK
6
CONTINUOUS
10
-0.445027125984252
20
-0.8439364173228346
11
-0.4812039763779528
21
-0.8077595669291339
0
LINE
8
BLACK
6
CONTINUOUS
10
-0.4812039763779528
20
-0.8077595669291339
11
-0.5944936220472441
21
-0.6944698818897638
0
LINE
8
BLACK
6
CONTINUOUS
10
-0.5944936220472441
20
-0.6944698818897638
11
-0.5944937401574804
21
-0.6944698031496063
0
LINE
8
BLACK
6
CONTINUOUS
10
-0.5944937401574804
20
-0.6944698031496063
11
-0.5944938188976377
21
-0.6944697244094488
0
LINE
8
BLACK
6
CONTINUOUS
10
-0.5944938188976377
20
-0.6944697244094488
11
-0.5974156692913386
21
-0.6927827952755905
0
LINE
8
BLACK
6
CONTINUOUS
10
-0.5974156692913386
20
-0.6927827952755905
11
-0.5974155905511811
21
-0.6927827952755905
0
LINE
8
BLACK
6
CONTINUOUS
10
-0.5974155905511811
20
-0.6927827952755905
11
-0.5986802755905511
21
-0.692443937007874
0
LINE
8
BLACK
6
CONTINUOUS
10
-0.5986802755905511
20
-0.692443937007874
11
-0.6006750787401575
21
-0.6919094488188976
0
LINE
8
BLACK
6
CONTINUOUS
10
-0.6006750787401575
20
-0.6919094488188976
11
-0.600675157480315
21
-0.6919094488188976
0
LINE
8
BLACK
6
CONTINUOUS
10
-0.600675157480315
20
-0.6919094488188976
11
-0.9025261811023622
21
-0.6919094488188976
0
LINE
8
BLACK
6
CONTINUOUS
10
-0.9025261811023622
20
-0.6919094488188976
11
-0.9048171653543307
21
-0.6911650787401574
0
LINE
8
BLACK
6
CONTINUOUS
10
-0.9048171653543307
20
-0.6911650787401574
11
-0.9052822440944882
21
-0.690767874015748
0
LINE
8
BLACK
6
CONTINUOUS
10
-0.9052822440944882
20
-0.690767874015748
11
-0.9164058267716535
21
-0.6796442913385826
0
LINE
8
BLACK
6
CONTINUOUS
10
-0.9164058267716535
20
-0.6796442913385826
11
-0.9174994094488189
21
-0.6774979527559055
0
LINE
8
BLACK
6
CONTINUOUS
10
-0.9174994094488189
20
-0.6774979527559055
11
-0.9175140551181102
21
-0.6763797244094488
0
LINE
8
BLACK
6
CONTINUOUS
10
-0.9175140551181102
20
-0.6763797244094488
11
-0.9170991338582677
21
-0.6732283464566929
0
LINE
8
BLACK
6
CONTINUOUS
10
-0.9170991338582677
20
-0.6732283464566929
11
-0.9179116535433071
21
-0.6670566141732284
0
LINE
8
BLACK
6
CONTINUOUS
10
-0.9179116535433071
20
-0.6670566141732284
11
-0.9202475196850394
21
-0.6614173228346456
0
LINE
8
BLACK
6
CONTINUOUS
10
-0.9202475196850394
20
-0.6614173228346456
11
-0.9202938188976377
21
-0.6613055511811023
0
LINE
8
BLACK
6
CONTINUOUS
10
-0.9202938188976377
20
-0.6613055511811023
11
-0.9202938188976377
21
-0.6613055118110236
0
LINE
8
BLACK
6
CONTINUOUS
10
-0.9202938188976377
20
-0.6613055118110236
11
-0.9240832283464566
21
-0.6563670472440944
0
LINE
8
BLACK
6
CONTINUOUS
10
-0.9240832283464566
20
-0.6563670472440944
11
-0.9240832677165354
21
-0.6563670078740157
0
LINE
8
BLACK
6
CONTINUOUS
10
-0.9240832677165354
20
-0.6563670078740157
11
-0.9240833858267716
21
-0.6563668503937008
0
LINE
8
BLACK
6
CONTINUOUS
10
-0.9240833858267716
20
-0.6563668503937008
11
-0.9240835826771653
21
-0.6563666929133858
0
LINE
8
BLACK
6
CONTINUOUS
10
-0.9240835826771653
20
-0.6563666929133858
11
-0.924083622047244
21
-0.656366653543307
0
LINE
8
BLACK
6
CONTINUOUS
10
-0.924083622047244
20
-0.656366653543307
11
-0.9290221259842519
21
-0.6525772440944881
0
LINE
8
BLACK
6
CONTINUOUS
10
-0.9290221259842519
20
-0.6525772440944881
11
-0.9347729921259842
21
-0.650195157480315
0
LINE
8
BLACK
6
CONTINUOUS
10
-0.9347729921259842
20
-0.650195157480315
11
-0.9347733070866141
21
-0.6501950787401575
0
LINE
8
BLACK
6
CONTINUOUS
10
-0.9347733070866141
20
-0.6501950787401575
11
-0.940944842519685
21
-0.6493825984251969
0
LINE
8
BLACK
6
CONTINUOUS
10
-0.940944842519685
20
-0.6493825984251969
11
-0.9409449212598425
21
-0.6493825984251969
0
LINE
8
BLACK
6
CONTINUOUS
10
-0.9409449212598425
20
-0.6493825984251969
11
-0.9471164960629921
21
-0.6501950787401575
0
LINE
8
BLACK
6
CONTINUOUS
10
-0.9471164960629921
20
-0.6501950787401575
11
-0.947116811023622
21
-0.650195157480315
0
LINE
8
BLACK
6
CONTINUOUS
10
-0.947116811023622
20
-0.650195157480315
11
-0.9528676771653543
21
-0.6525772440944881
0
LINE
8
BLACK
6
CONTINUOUS
10
-0.9528676771653543
20
-0.6525772440944881
11
-0.952867716535433
21
-0.6525772440944881
0
LINE
8
BLACK
6
CONTINUOUS
10
-0.952867716535433
20
-0.6525772440944881
11
-0.9578061811023622
21
-0.656366653543307
0
LINE
8
BLACK
6
CONTINUOUS
10
-0.9578061811023622
20
-0.656366653543307
11
-0.9578065748031496
21
-0.6563670472440944
0
LINE
8
BLACK
6
CONTINUOUS
10
-0.9578065748031496
20
-0.6563670472440944
11
-0.9615959842519685
21
-0.6613055118110236
0
LINE
8
BLACK
6
CONTINUOUS
10
-0.9615959842519685
20
-0.6613055118110236
11
-0.9615959842519685
21
-0.6613055511811023
0
LINE
8
BLACK
6
CONTINUOUS
10
-0.9615959842519685
20
-0.6613055511811023
11
-0.9639780708661417
21
-0.6670564173228346
0
LINE
8
BLACK
6
CONTINUOUS
10
-0.9639780708661417
20
-0.6670564173228346
11
-0.9639781496062992
21
-0.6670567322834645
0
LINE
8
BLACK
6
CONTINUOUS
10
-0.9639781496062992
20
-0.6670567322834645
11
-0.9647906299212599
21
-0.6732283070866142
0
LINE
8
BLACK
6
CONTINUOUS
10
-0.9647906299212599
20
-0.6732283070866142
11
-0.9647906299212599
21
-0.6732283464566929
0
LINE
8
BLACK
6
CONTINUOUS
10
-0.9647906299212599
20
-0.6732283464566929
11
-0.9639781496062992
21
-0.6793999212598425
0
LINE
8
BLACK
6
CONTINUOUS
10
-0.9639781496062992
20
-0.6793999212598425
11
-0.9639780708661417
21
-0.6794002362204724
0
LINE
8
BLACK
6
CONTINUOUS
10
-0.9639780708661417
20
-0.6794002362204724
11
-0.9615959842519685
21
-0.6851511023622047
0
LINE
8
BLACK
6
CONTINUOUS
10
-0.9615959842519685
20
-0.6851511023622047
11
-0.9615959842519685
21
-0.6851511417322834
0
LINE
8
BLACK
6
CONTINUOUS
10
-0.9615959842519685
20
-0.6851511417322834
11
-0.9578065748031496
21
-0.6900896062992126
0
LINE
8
BLACK
6
CONTINUOUS
10
-0.9578065748031496
20
-0.6900896062992126
11
-0.9578063779527559
21
-0.690089842519685
0
LINE
8
BLACK
6
CONTINUOUS
10
-0.9578063779527559
20
-0.690089842519685
11
-0.9528677559055118
21
-0.6938793700787401
0
LINE
8
BLACK
6
CONTINUOUS
10
-0.9528677559055118
20
-0.6938793700787401
11
-0.952867716535433
21
-0.6938793700787401
0
LINE
8
BLACK
6
CONTINUOUS
10
-0.952867716535433
20
-0.6938793700787401
11
-0.9528676771653543
21
-0.6938794094488189
0
LINE
8
BLACK
6
CONTINUOUS
10
-0.9528676771653543
20
-0.6938794094488189
11
-0.947116811023622
21
-0.6962614960629921
0
LINE
8
BLACK
6
CONTINUOUS
10
-0.947116811023622
20
-0.6962614960629921
11
-0.9471166141732283
21
-0.6962615748031495
0
LINE
8
BLACK
6
CONTINUOUS
10
-0.9471166141732283
20
-0.6962615748031495
11
-0.9409448818897638
21
-0.6970740944881889
0
LINE
8
BLACK
6
CONTINUOUS
10
-0.9409448818897638
20
-0.6970740944881889
11
-0.9377936614173228
21
-0.6966591732283465
0
LINE
8
BLACK
6
CONTINUOUS
10
-0.9377936614173228
20
-0.6966591732283465
11
-0.9354252362204725
21
-0.6970981102362205
0
LINE
8
BLACK
6
CONTINUOUS
10
-0.9354252362204725
20
-0.6970981102362205
11
-0.9345290551181102
21
-0.697767283464567
0
LINE
8
BLACK
6
CONTINUOUS
10
-0.9345290551181102
20
-0.697767283464567
11
-0.9173174015748031
21
-0.714978937007874
0
LINE
8
BLACK
6
CONTINUOUS
10
-0.9173174015748031
20
-0.714978937007874
11
-0.9173173228346456
21
-0.7149789763779527
0
LINE
8
BLACK
6
CONTINUOUS
10
-0.9173173228346456
20
-0.7149789763779527
11
-0.9173172440944881
21
-0.7149790551181102
0
LINE
8
BLACK
6
CONTINUOUS
10
-0.9173172440944881
20
-0.7149790551181102
11
-0.9143953937007874
21
-0.7166659842519685
0
LINE
8
BLACK
6
CONTINUOUS
10
-0.9143953937007874
20
-0.7166659842519685
11
-0.9143954724409449
21
-0.7166659842519685
0
LINE
8
BLACK
6
CONTINUOUS
10
-0.9143954724409449
20
-0.7166659842519685
11
-0.9143953149606299
21
-0.7166660236220472
0
LINE
8
BLACK
6
CONTINUOUS
10
-0.9143953149606299
20
-0.7166660236220472
11
-0.9143952362204725
21
-0.716666062992126
0
LINE
8
BLACK
6
CONTINUOUS
10
-0.9143952362204725
20
-0.716666062992126
11
-0.9111359448818898
21
-0.7175393700787401
0
LINE
8
BLACK
6
CONTINUOUS
10
-0.9111359448818898
20
-0.7175393700787401
11
-0.9077616929133858
21
-0.7175393700787401
0
LINE
8
BLACK
6
CONTINUOUS
10
-0.9077616929133858
20
-0.7175393700787401
11
-0.6092848425196851
21
-0.7175393700787401
0
LINE
8
BLACK
6
CONTINUOUS
10
-0.6092848425196851
20
-0.7175393700787401
11
-0.6069938582677166
21
-0.7182837401574803
0
LINE
8
BLACK
6
CONTINUOUS
10
-0.6069938582677166
20
-0.7182837401574803
11
-0.606528779527559
21
-0.7186809448818897
0
LINE
8
BLACK
6
CONTINUOUS
10
-0.606528779527559
20
-0.7186809448818897
11
-0.4940735039370079
21
-0.8311361811023622
0
LINE
8
BLACK
6
CONTINUOUS
10
-0.4940735039370079
20
-0.8311361811023622
11
-0.3840735039370078
21
-0.9411361811023622
0
LINE
8
BLACK
6
CONTINUOUS
10
-0.3840735039370078
20
-0.9411361811023622
11
-0.3840734251968504
21
-0.9411362992125984
0
LINE
8
BLACK
6
CONTINUOUS
10
-0.3840734251968504
20
-0.9411362992125984
11
-0.3816874803149606
21
-0.9435222440944881
0
LINE
8
BLACK
6
CONTINUOUS
10
-0.3816874803149606
20
-0.9435222440944881
11
-0.3803112992125984
21
-0.9443167716535433
0
LINE
8
BLACK
6
CONTINUOUS
10
-0.3803112992125984
20
-0.9443167716535433
11
-0.3787653149606299
21
-0.9452093700787402
0
LINE
8
BLACK
6
CONTINUOUS
10
-0.3787653149606299
20
-0.9452093700787402
11
-0.3755060236220472
21
-0.9460827165354331
0
LINE
8
BLACK
6
CONTINUOUS
10
-0.3755060236220472
20
-0.9460827165354331
11
-0.3755059448818898
21
-0.9460827165354331
0
LINE
8
BLACK
6
CONTINUOUS
10
-0.3755059448818898
20
-0.9460827165354331
11
-0.3718930708661417
21
-0.9460827165354331
0
LINE
8
BLACK
6
CONTINUOUS
10
-0.3718930708661417
20
-0.9460827165354331
11
-0.3718924409448819
21
-0.9460826771653543
0
LINE
8
BLACK
6
CONTINUOUS
10
-0.3718924409448819
20
-0.9460826771653543
11
0.0685434251968504
21
-0.9460826771653543
0
LINE
8
BLACK
6
CONTINUOUS
10
0.0685434251968504
20
-0.9460826771653543
11
0.0708344094488189
21
-0.9468270472440945
0
LINE
8
BLACK
6
CONTINUOUS
10
0.0708344094488189
20
-0.9468270472440945
11
0.0709152362204724
21
-0.9468874015748031
0
LINE
8
BLACK
6
CONTINUOUS
10
0.0709152362204724
20
-0.9468874015748031
11
0.0746912992125984
21
-0.9497848818897637
0
LINE
8
BLACK
6
CONTINUOUS
10
0.0746912992125984
20
-0.9497848818897637
11
0.0746913385826772
21
-0.9497848818897637
0
LINE
8
BLACK
6
CONTINUOUS
10
0.0746913385826772
20
-0.9497848818897637
11
0.0746913779527559
21
-0.9497849212598425
0
LINE
8
BLACK
6
CONTINUOUS
10
0.0746913779527559
20
-0.9497849212598425
11
0.0803466141732283
21
-0.9521274015748031
0
LINE
8
BLACK
6
CONTINUOUS
10
0.0803466141732283
20
-0.9521274015748031
11
0.0821783464566929
21
-0.953691811023622
0
LINE
8
BLACK
6
CONTINUOUS
10
0.0821783464566929
20
-0.953691811023622
11
0.0827407086614173
21
-0.9560341338582677
0
LINE
8
BLACK
6
CONTINUOUS
10
0.0827407086614173
20
-0.9560341338582677
11
0.0818188582677165
21
-0.9582596456692913
0
LINE
8
BLACK
6
CONTINUOUS
10
0.0818188582677165
20
-0.9582596456692913
11
0.0797649606299213
21
-0.9595183070866141
0
LINE
8
BLACK
6
CONTINUOUS
10
0.0797649606299213
20
-0.9595183070866141
11
0.0788550787401575
21
-0.9596259842519684
0
LINE
8
BLACK
6
CONTINUOUS
10
0.0788550787401575
20
-0.9596259842519684
11
-0.3828411811023622
21
-0.9596259842519684
0
LINE
8
BLACK
6
CONTINUOUS
10
-0.3828411811023622
20
-0.9596259842519684
11
-0.3851321653543307
21
-0.9588816141732284
0
LINE
8
BLACK
6
CONTINUOUS
10
-0.3851321653543307
20
-0.9588816141732284
11
-0.3855972440944882
21
-0.9584844094488189
0
LINE
8
BLACK
6
CONTINUOUS
10
-0.3855972440944882
20
-0.9584844094488189
11
-0.4925744881889764
21
-0.8515071653543307
0
LINE
8
BLACK
6
CONTINUOUS
10
-0.4925744881889764
20
-0.8515071653543307
11
-0.6013833858267716
21
-0.7426982283464567
0
LINE
8
BLACK
6
CONTINUOUS
10
-0.6013833858267716
20
-0.7426982283464567
11
-0.6013835039370079
21
-0.7426981496062992
0
LINE
8
BLACK
6
CONTINUOUS
10
-0.6013835039370079
20
-0.7426981496062992
11
-0.6013835826771653
21
-0.7426980708661417
0
LINE
8
BLACK
6
CONTINUOUS
10
-0.6013835826771653
20
-0.7426980708661417
11
-0.6043054330708661
21
-0.7410111417322834
0
LINE
8
BLACK
6
CONTINUOUS
10
-0.6043054330708661
20
-0.7410111417322834
11
-0.6043053543307086
21
-0.7410111417322834
0
LINE
8
BLACK
6
CONTINUOUS
10
-0.6043053543307086
20
-0.7410111417322834
11
-0.6055700393700787
21
-0.7406722834645669
0
LINE
8
BLACK
6
CONTINUOUS
10
-0.6055700393700787
20
-0.7406722834645669
11
-0.607564842519685
21
-0.7401377952755905
0
LINE
8
BLACK
6
CONTINUOUS
10
-0.607564842519685
20
-0.7401377952755905
11
-0.6075649212598425
21
-0.7401377952755905
0
LINE
8
BLACK
6
CONTINUOUS
10
-0.6075649212598425
20
-0.7401377952755905
11
-0.9211107086614173
21
-0.7401377952755905
0
LINE
8
BLACK
6
CONTINUOUS
10
-0.9211107086614173
20
-0.7401377952755905
11
-0.9234016929133858
21
-0.7393934251968504
0
LINE
8
BLACK
6
CONTINUOUS
10
-0.9234016929133858
20
-0.7393934251968504
11
-0.9247116535433071
21
-0.7377317322834646
0
LINE
8
BLACK
6
CONTINUOUS
10
-0.9247116535433071
20
-0.7377317322834646
11
-0.9255092913385826
21
-0.7358061417322834
0
LINE
8
BLACK
6
CONTINUOUS
10
-0.9255092913385826
20
-0.7358061417322834
11
-0.9261993700787401
21
-0.7341401181102362
0
LINE
8
BLACK
6
CONTINUOUS
10
-0.9261993700787401
20
-0.7341401181102362
11
-0.9293235826771653
21
-0.7300685826771653
0
LINE
8
BLACK
6
CONTINUOUS
10
-0.9293235826771653
20
-0.7300685826771653
11
-0.9299887401574803
21
-0.7292016929133858
0
LINE
8
BLACK
6
CONTINUOUS
10
-0.9299887401574803
20
-0.7292016929133858
11
-0.929988779527559
21
-0.729201653543307
0
LINE
8
BLACK
6
CONTINUOUS
10
-0.929988779527559
20
-0.729201653543307
11
-0.9299888976377952
21
-0.7292014960629921
0
LINE
8
BLACK
6
CONTINUOUS
10
-0.9299888976377952
20
-0.7292014960629921
11
-0.929989094488189
21
-0.7292013385826771
0
LINE
8
BLACK
6
CONTINUOUS
10
-0.929989094488189
20
-0.7292013385826771
11
-0.9299891338582676
21
-0.7292012992125985
0
LINE
8
BLACK
6
CONTINUOUS
10
-0.9299891338582676
20
-0.7292012992125985
11
-0.9336686614173229
21
-0.7263779133858268
0
LINE
8
BLACK
6
CONTINUOUS
10
-0.9336686614173229
20
-0.7263779133858268
11
-0.9349275196850394
21
-0.725411968503937
0
LINE
8
BLACK
6
CONTINUOUS
10
-0.9349275196850394
20
-0.725411968503937
11
-0.934927559055118
21
-0.7254119291338582
0
LINE
8
BLACK
6
CONTINUOUS
10
-0.934927559055118
20
-0.7254119291338582
11
-0.9349276377952755
21
-0.7254118897637795
0
LINE
8
BLACK
6
CONTINUOUS
10
-0.9349276377952755
20
-0.7254118897637795
11
-0.9406785039370078
21
-0.7230298031496063
0
LINE
8
BLACK
6
CONTINUOUS
10
-0.9406785039370078
20
-0.7230298031496063
11
-0.9406788188976378
21
-0.7230297244094488
0
LINE
8
BLACK
6
CONTINUOUS
10
-0.9406788188976378
20
-0.7230297244094488
11
-0.9468503543307086
21
-0.7222172440944882
0
LINE
8
BLACK
6
CONTINUOUS
10
-0.9468503543307086
20
-0.7222172440944882
11
-0.9468504330708661
21
-0.7222172440944882
0
LINE
8
BLACK
6
CONTINUOUS
10
-0.9468504330708661
20
-0.7222172440944882
11
-0.9530220078740157
21
-0.7230297244094488
0
LINE
8
BLACK
6
CONTINUOUS
10
-0.9530220078740157
20
-0.7230297244094488
11
-0.9530223228346456
21
-0.7230298031496063
0
LINE
8
BLACK
6
CONTINUOUS
10
-0.9530223228346456
20
-0.7230298031496063
11
-0.958773188976378
21
-0.7254118897637795
0
LINE
8
BLACK
6
CONTINUOUS
10
-0.958773188976378
20
-0.7254118897637795
11
-0.9587732283464566
21
-0.7254118897637795
0
LINE
8
BLACK
6
CONTINUOUS
10
-0.9587732283464566
20
-0.7254118897637795
11
-0.9637116929133858
21
-0.7292012992125985
0
LINE
8
BLACK
6
CONTINUOUS
10
-0.9637116929133858
20
-0.7292012992125985
11
-0.9637120866141732
21
-0.7292016929133858
0
LINE
8
BLACK
6
CONTINUOUS
10
-0.9637120866141732
20
-0.7292016929133858
11
-0.9675014960629921
21
-0.7341401574803149
0
LINE
8
BLACK
6
CONTINUOUS
10
-0.9675014960629921
20
-0.7341401574803149
11
-0.9675014960629921
21
-0.7341401968503937
0
LINE
8
BLACK
6
CONTINUOUS
10
-0.9675014960629921
20
-0.7341401968503937
11
-0.9698835826771653
21
-0.7398910629921259
0
LINE
8
BLACK
6
CONTINUOUS
10
-0.9698835826771653
20
-0.7398910629921259
11
-0.9698836614173229
21
-0.7398913779527558
0
LINE
8
BLACK
6
CONTINUOUS
10
-0.9698836614173229
20
-0.7398913779527558
11
-0.9706961417322835
21
-0.7460629527559055
0
LINE
8
BLACK
6
CONTINUOUS
10
-0.9706961417322835
20
-0.7460629527559055
11
-0.9706961417322835
21
-0.7460629921259843
0
LINE
8
BLACK
6
CONTINUOUS
10
-1.0356567716535432
20
0.5433070866141733
11
-1.0348442913385827
21
0.5371355118110236
0
LINE
8
BLACK
6
CONTINUOUS
10
-1.0348442913385827
20
0.5371355118110236
11
-1.0348442125984252
21
0.5371351968503937
0
LINE
8
BLACK
6
CONTINUOUS
10
-1.0348442125984252
20
0.5371351968503937
11
-1.0324621259842519
21
0.5313843307086614
0
LINE
8
BLACK
6
CONTINUOUS
10
-1.0324621259842519
20
0.5313843307086614
11
-1.0324621259842519
21
0.5313842913385827
0
LINE
8
BLACK
6
CONTINUOUS
10
-1.0324621259842519
20
0.5313842913385827
11
-1.0324620472440944
21
0.5313842125984252
0
LINE
8
BLACK
6
CONTINUOUS
10
-1.0324620472440944
20
0.5313842125984252
11
-1.0286725196850393
21
0.5264455905511811
0
LINE
8
BLACK
6
CONTINUOUS
10
-1.0286725196850393
20
0.5264455905511811
11
-1.0237338976377952
21
0.522656062992126
0
LINE
8
BLACK
6
CONTINUOUS
10
-1.0237338976377952
20
0.522656062992126
11
-1.0179827559055117
21
0.5202738582677165
0
LINE
8
BLACK
6
CONTINUOUS
10
-1.0179827559055117
20
0.5202738582677165
11
-1.0118110236220472
21
0.5194613385826772
0
LINE
8
BLACK
6
CONTINUOUS
10
-1.0118110236220472
20
0.5194613385826772
11
-1.0086598031496063
21
0.5198762598425197
0
LINE
8
BLACK
6
CONTINUOUS
10
-1.0086598031496063
20
0.5198762598425197
11
-1.0062914173228346
21
0.5194373228346456
0
LINE
8
BLACK
6
CONTINUOUS
10
-1.0062914173228346
20
0.5194373228346456
11
-1.0053950787401575
21
0.518768031496063
0
LINE
8
BLACK
6
CONTINUOUS
10
-1.0053950787401575
20
0.518768031496063
11
-0.7068699212598425
21
0.220242874015748
0
LINE
8
BLACK
6
CONTINUOUS
10
-0.7068699212598425
20
0.220242874015748
11
-0.7057763385826772
21
0.2180965354330709
0
LINE
8
BLACK
6
CONTINUOUS
10
-0.7057763385826772
20
0.2180965354330709
11
-0.7057283464566929
21
0.2174868110236221
0
LINE
8
BLACK
6
CONTINUOUS
10
-0.7057283464566929
20
0.2174868110236221
11
-0.7057283464566929
21
-0.1601232283464567
0
LINE
8
BLACK
6
CONTINUOUS
10
-0.7057283464566929
20
-0.1601232283464567
11
-0.7064727165354331
21
-0.1624142125984252
0
LINE
8
BLACK
6
CONTINUOUS
10
-0.7064727165354331
20
-0.1624142125984252
11
-0.7084215354330708
21
-0.1638301181102362
0
LINE
8
BLACK
6
CONTINUOUS
10
-0.7084215354330708
20
-0.1638301181102362
11
-0.7108304330708661
21
-0.1638301181102362
0
LINE
8
BLACK
6
CONTINUOUS
10
-0.7108304330708661
20
-0.1638301181102362
11
-0.7111175196850393
21
-0.1637241732283465
0
LINE
8
BLACK
6
CONTINUOUS
10
-0.7111175196850393
20
-0.1637241732283465
11
-0.7152651181102362
21
-0.1620061811023622
0
LINE
8
BLACK
6
CONTINUOUS
10
-0.7152651181102362
20
-0.1620061811023622
11
-0.7152654330708661
21
-0.1620061023622047
0
LINE
8
BLACK
6
CONTINUOUS
10
-0.7152654330708661
20
-0.1620061023622047
11
-0.721436968503937
21
-0.1611936220472441
0
LINE
8
BLACK
6
CONTINUOUS
10
-0.721436968503937
20
-0.1611936220472441
11
-0.7214370472440945
21
-0.1611936220472441
0
LINE
8
BLACK
6
CONTINUOUS
10
-0.7214370472440945
20
-0.1611936220472441
11
-0.7276086220472441
21
-0.1620061023622047
0
LINE
8
BLACK
6
CONTINUOUS
10
-0.7276086220472441
20
-0.1620061023622047
11
-0.727608937007874
21
-0.1620061811023622
0
LINE
8
BLACK
6
CONTINUOUS
10
-0.727608937007874
20
-0.1620061811023622
11
-0.7333598031496062
21
-0.1643882677165354
0
LINE
8
BLACK
6
CONTINUOUS
10
-0.7333598031496062
20
-0.1643882677165354
11
-0.733359842519685
21
-0.1643882677165354
0
LINE
8
BLACK
6
CONTINUOUS
10
-0.733359842519685
20
-0.1643882677165354
11
-0.7382983070866141
21
-0.1681776771653543
0
LINE
8
BLACK
6
CONTINUOUS
10
-0.7382983070866141
20
-0.1681776771653543
11
-0.7382987007874016
21
-0.1681780708661417
0
LINE
8
BLACK
6
CONTINUOUS
10
-0.7382987007874016
20
-0.1681780708661417
11
-0.7420881102362205
21
-0.1731165354330709
0
LINE
8
BLACK
6
CONTINUOUS
10
-0.7420881102362205
20
-0.1731165354330709
11
-0.7420881102362205
21
-0.1731165748031496
0
LINE
8
BLACK
6
CONTINUOUS
10
-0.7420881102362205
20
-0.1731165748031496
11
-0.7444701968503937
21
-0.1788674409448819
0
LINE
8
BLACK
6
CONTINUOUS
10
-0.7444701968503937
20
-0.1788674409448819
11
-0.7444702755905511
21
-0.1788677559055118
0
LINE
8
BLACK
6
CONTINUOUS
10
-0.7444702755905511
20
-0.1788677559055118
11
-0.7452827559055117
21
-0.1850393307086614
0
LINE
8
BLACK
6
CONTINUOUS
10
-0.7452827559055117
20
-0.1850393307086614
11
-0.7452827559055117
21
-0.1850393700787402
0
LINE
8
BLACK
6
CONTINUOUS
10
-0.7452827559055117
20
-0.1850393700787402
11
-0.7444702755905511
21
-0.1912109448818897
0
LINE
8
BLACK
6
CONTINUOUS
10
-0.7444702755905511
20
-0.1912109448818897
11
-0.7444701968503937
21
-0.1912112598425197
0
LINE
8
BLACK
6
CONTINUOUS
10
-0.7444701968503937
20
-0.1912112598425197
11
-0.7420881102362205
21
-0.196962125984252
0
LINE
8
BLACK
6
CONTINUOUS
10
-0.7420881102362205
20
-0.196962125984252
11
-0.7420881102362205
21
-0.1969621653543307
0
LINE
8
BLACK
6
CONTINUOUS
10
-0.7420881102362205
20
-0.1969621653543307
11
-0.7382987007874016
21
-0.2019006299212598
0
LINE
8
BLACK
6
CONTINUOUS
10
-0.7382987007874016
20
-0.2019006299212598
11
-0.7382985039370079
21
-0.2019008661417323
0
LINE
8
BLACK
6
CONTINUOUS
10
-0.7382985039370079
20
-0.2019008661417323
11
-0.7382983464566929
21
-0.2019009842519685
0
LINE
8
BLACK
6
CONTINUOUS
10
-0.7382983464566929
20
-0.2019009842519685
11
-0.7382983070866141
21
-0.2019010236220472
0
LINE
8
BLACK
6
CONTINUOUS
10
-0.7382983070866141
20
-0.2019010236220472
11
-0.7371457086614173
21
-0.2027854330708661
0
LINE
8
BLACK
6
CONTINUOUS
10
-0.7371457086614173
20
-0.2027854330708661
11
-0.7333598818897638
21
-0.2056903937007874
0
LINE
8
BLACK
6
CONTINUOUS
10
-0.7333598818897638
20
-0.2056903937007874
11
-0.733359842519685
21
-0.2056903937007874
0
LINE
8
BLACK
6
CONTINUOUS
10
-0.733359842519685
20
-0.2056903937007874
11
-0.7333598031496062
21
-0.2056904330708661
0
LINE
8
BLACK
6
CONTINUOUS
10
-0.7333598031496062
20
-0.2056904330708661
11
-0.7285194881889764
21
-0.2076953543307087
0
LINE
8
BLACK
6
CONTINUOUS
10
-0.7285194881889764
20
-0.2076953543307087
11
-0.7276087401574803
21
-0.2080725984251968
0
LINE
8
BLACK
6
CONTINUOUS
10
-0.7276087401574803
20
-0.2080725984251968
11
-0.7229799606299212
21
-0.208681968503937
0
LINE
8
BLACK
6
CONTINUOUS
10
-0.7229799606299212
20
-0.208681968503937
11
-0.7214370472440945
21
-0.2088851181102362
0
LINE
8
BLACK
6
CONTINUOUS
10
-0.7214370472440945
20
-0.2088851181102362
11
-0.7214370078740158
21
-0.2088851181102362
0
LINE
8
BLACK
6
CONTINUOUS
10
-0.7214370078740158
20
-0.2088851181102362
11
-0.721436968503937
21
-0.2088851181102362
0
LINE
8
BLACK
6
CONTINUOUS
10
-0.721436968503937
20
-0.2088851181102362
11
-0.7202026771653544
21
-0.2087225984251969
0
LINE
8
BLACK
6
CONTINUOUS
10
-0.7202026771653544
20
-0.2087225984251969
11
-0.7152652755905512
21
-0.2080725984251968
0
LINE
8
BLACK
6
CONTINUOUS
10
-0.7152652755905512
20
-0.2080725984251968
11
-0.7111174803149606
21
-0.2063544881889764
0
LINE
8
BLACK
6
CONTINUOUS
10
-0.7111174803149606
20
-0.2063544881889764
11
-0.7087161023622047
21
-0.2061655118110236
0
LINE
8
BLACK
6
CONTINUOUS
10
-0.7087161023622047
20
-0.2061655118110236
11
-0.7066622047244094
21
-0.2074241338582677
0
LINE
8
BLACK
6
CONTINUOUS
10
-0.7066622047244094
20
-0.2074241338582677
11
-0.7057403543307087
21
-0.2096496456692913
0
LINE
8
BLACK
6
CONTINUOUS
10
-0.7057403543307087
20
-0.2096496456692913
11
-0.7057283464566929
21
-0.2099554724409449
0
LINE
8
BLACK
6
CONTINUOUS
10
-0.7057283464566929
20
-0.2099554724409449
11
-0.7057283464566929
21
-0.2296092125984252
0
LINE
8
BLACK
6
CONTINUOUS
10
-0.7057283464566929
20
-0.2296092125984252
11
-0.7064727165354331
21
-0.2319001968503937
0
LINE
8
BLACK
6
CONTINUOUS
10
-0.7064727165354331
20
-0.2319001968503937
11
-0.7084215354330708
21
-0.2333161023622047
0
LINE
8
BLACK
6
CONTINUOUS
10
-0.7084215354330708
20
-0.2333161023622047
11
-0.7108304330708661
21
-0.2333161023622047
0
LINE
8
BLACK
6
CONTINUOUS
10
-0.7108304330708661
20
-0.2333161023622047
11
-0.712718188976378
21
-0.2319819291338583
0
LINE
8
BLACK
6
CONTINUOUS
10
-0.712718188976378
20
-0.2319819291338583
11
-0.7157075984251968
21
-0.228086062992126
0
LINE
8
BLACK
6
CONTINUOUS
10
-0.7157075984251968
20
-0.228086062992126
11
-0.7157076377952756
21
-0.2280860236220472
0
LINE
8
BLACK
6
CONTINUOUS
10
-0.7157076377952756
20
-0.2280860236220472
11
-0.7157077559055118
21
-0.2280858661417323
0
LINE
8
BLACK
6
CONTINUOUS
10
-0.7157077559055118
20
-0.2280858661417323
11
-0.7157079527559055
21
-0.2280857086614173
0
LINE
8
BLACK
6
CONTINUOUS
10
-0.7157079527559055
20
-0.2280857086614173
11
-0.7157079921259842
21
-0.2280856692913386
0
LINE
8
BLACK
6
CONTINUOUS
10
-0.7157079921259842
20
-0.2280856692913386
11
-0.7206464960629921
21
-0.2242962598425197
0
LINE
8
BLACK
6
CONTINUOUS
10
-0.7206464960629921
20
-0.2242962598425197
11
-0.7263973622047244
21
-0.2219141732283464
0
LINE
8
BLACK
6
CONTINUOUS
10
-0.7263973622047244
20
-0.2219141732283464
11
-0.7263976771653543
21
-0.221914094488189
0
LINE
8
BLACK
6
CONTINUOUS
10
-0.7263976771653543
20
-0.221914094488189
11
-0.7325692125984252
21
-0.2211016141732284
0
LINE
8
BLACK
6
CONTINUOUS
10
-0.7325692125984252
20
-0.2211016141732284
11
-0.7325692913385826
21
-0.2211016141732284
0
LINE
8
BLACK
6
CONTINUOUS
10
-0.7325692913385826
20
-0.2211016141732284
11
-0.7387408661417323
21
-0.221914094488189
0
LINE
8
BLACK
6
CONTINUOUS
10
-0.7387408661417323
20
-0.221914094488189
11
-0.7387411811023622
21
-0.2219141732283464
0
LINE
8
BLACK
6
CONTINUOUS
10
-0.7387411811023622
20
-0.2219141732283464
11
-0.7444920472440945
21
-0.2242962598425197
0
LINE
8
BLACK
6
CONTINUOUS
10
-0.7444920472440945
20
-0.2242962598425197
11
-0.7444920866141732
21
-0.2242962598425197
0
LINE
8
BLACK
6
CONTINUOUS
10
-0.7444920866141732
20
-0.2242962598425197
11
-0.7494305511811024
21
-0.2280856692913386
0
LINE
8
BLACK
6
CONTINUOUS
10
-0.7494305511811024
20
-0.2280856692913386
11
-0.7494309448818898
21
-0.228086062992126
0
LINE
8
BLACK
6
CONTINUOUS
10
-0.7494309448818898
20
-0.228086062992126
11
-0.7532203543307087
21
-0.2330245275590551
0
LINE
8
BLACK
6
CONTINUOUS
10
-0.7532203543307087
20
-0.2330245275590551
11
-0.7532203543307087
21
-0.2330245669291338
0
LINE
8
BLACK
6
CONTINUOUS
10
-0.7532203543307087
20
-0.2330245669291338
11
-0.7556024409448818
21
-0.2387754330708661
0
LINE
8
BLACK
6
CONTINUOUS
10
-0.7556024409448818
20
-0.2387754330708661
11
-0.7556025196850393
21
-0.2387757480314961
0
LINE
8
BLACK
6
CONTINUOUS
10
-0.7556025196850393
20
-0.2387757480314961
11
-0.7564149999999999
21
-0.2449473228346457
0
LINE
8
BLACK
6
CONTINUOUS
10
-0.7564149999999999
20
-0.2449473228346457
11
-0.7564149999999999
21
-0.2449473622047244
0
LINE
8
BLACK
6
CONTINUOUS
10
-0.7564149999999999
20
-0.2449473622047244
11
-0.7556025196850393
21
-0.251118937007874
0
LINE
8
BLACK
6
CONTINUOUS
10
-0.7556025196850393
20
-0.251118937007874
11
-0.7556024409448818
21
-0.2511192519685039
0
LINE
8
BLACK
6
CONTINUOUS
10
-0.7556024409448818
20
-0.2511192519685039
11
-0.7532203543307087
21
-0.2568701181102362
0
LINE
8
BLACK
6
CONTINUOUS
10
-0.7532203543307087
20
-0.2568701181102362
11
-0.7532203543307087
21
-0.2568701574803149
0
LINE
8
BLACK
6
CONTINUOUS
10
-0.7532203543307087
20
-0.2568701574803149
11
-0.75059968503937
21
-0.2602854724409449
0
LINE
8
BLACK
6
CONTINUOUS
10
-0.75059968503937
20
-0.2602854724409449
11
-0.749430748031496
21
-0.2618088582677165
0
LINE
8
BLACK
6
CONTINUOUS
10
-0.749430748031496
20
-0.2618088582677165
11
-0.744492125984252
21
-0.2655983858267716
0
LINE
8
BLACK
6
CONTINUOUS
10
-0.744492125984252
20
-0.2655983858267716
11
-0.7444920866141732
21
-0.2655983858267716
0
LINE
8
BLACK
6
CONTINUOUS
10
-0.7444920866141732
20
-0.2655983858267716
11
-0.7444920472440945
21
-0.2655984251968504
0
LINE
8
BLACK
6
CONTINUOUS
10
-0.7444920472440945
20
-0.2655984251968504
11
-0.7387411811023622
21
-0.2679805118110236
0
LINE
8
BLACK
6
CONTINUOUS
10
-0.7387411811023622
20
-0.2679805118110236
11
-0.7387409842519684
21
-0.2679805905511811
0
LINE
8
BLACK
6
CONTINUOUS
10
-0.7387409842519684
20
-0.2679805905511811
11
-0.7341122047244094
21
-0.2685899606299212
0
LINE
8
BLACK
6
CONTINUOUS
10
-0.7341122047244094
20
-0.2685899606299212
11
-0.7325692913385826
21
-0.2687931102362205
0
LINE
8
BLACK
6
CONTINUOUS
10
-0.7325692913385826
20
-0.2687931102362205
11
-0.7325692519685039
21
-0.2687931102362205
0
LINE
8
BLACK
6
CONTINUOUS
10
-0.7325692519685039
20
-0.2687931102362205
11
-0.7325692125984252
21
-0.2687931102362205
0
LINE
8
BLACK
6
CONTINUOUS
10
-0.7325692125984252
20
-0.2687931102362205
11
-0.7313349212598425
21
-0.2686305905511811
0
LINE
8
BLACK
6
CONTINUOUS
10
-0.7313349212598425
20
-0.2686305905511811
11
-0.7263975196850394
21
-0.2679805905511811
0
LINE
8
BLACK
6
CONTINUOUS
10
-0.7263975196850394
20
-0.2679805905511811
11
-0.7206463779527559
21
-0.2655983858267716
0
LINE
8
BLACK
6
CONTINUOUS
10
-0.7206463779527559
20
-0.2655983858267716
11
-0.7157077559055118
21
-0.2618088582677165
0
LINE
8
BLACK
6
CONTINUOUS
10
-0.7157077559055118
20
-0.2618088582677165
11
-0.712718188976378
21
-0.2579127165354331
0
LINE
8
BLACK
6
CONTINUOUS
10
-0.712718188976378
20
-0.2579127165354331
11
-0.7107329921259843
21
-0.2565483464566929
0
LINE
8
BLACK
6
CONTINUOUS
10
-0.7107329921259843
20
-0.2565483464566929
11
-0.7083249212598425
21
-0.2566113779527559
0
LINE
8
BLACK
6
CONTINUOUS
10
-0.7083249212598425
20
-0.2566113779527559
11
-0.7064138582677165
21
-0.2580777952755905
0
LINE
8
BLACK
6
CONTINUOUS
10
-0.7064138582677165
20
-0.2580777952755905
11
-0.7057283464566929
21
-0.2602854724409449
0
LINE
8
BLACK
6
CONTINUOUS
10
-0.7057283464566929
20
-0.2602854724409449
11
-0.7057283464566929
21
-0.4488484645669291
0
LINE
8
BLACK
6
CONTINUOUS
10
-0.7057283464566929
20
-0.4488484645669291
11
-0.7057283464566929
21
-0.4522227165354331
0
LINE
8
BLACK
6
CONTINUOUS
10
-0.7057283464566929
20
-0.4522227165354331
11
-0.705586968503937
21
-0.4527503149606299
0
LINE
8
BLACK
6
CONTINUOUS
10
-0.705586968503937
20
-0.4527503149606299
11
-0.704855
21
-0.4554821653543307
0
LINE
8
BLACK
6
CONTINUOUS
10
-0.704855
20
-0.4554821653543307
11
-0.7031680708661417
21
-0.4584039763779528
0
LINE
8
BLACK
6
CONTINUOUS
10
-0.7031680708661417
20
-0.4584039763779528
11
-0.7031679921259842
21
-0.4584040551181102
0
LINE
8
BLACK
6
CONTINUOUS
10
-0.7031679921259842
20
-0.4584040551181102
11
-0.7031679133858267
21
-0.4584041732283464
0
LINE
8
BLACK
6
CONTINUOUS
10
-0.7031679133858267
20
-0.4584041732283464
11
-0.5615905118110236
21
-0.5999815354330709
0
LINE
8
BLACK
6
CONTINUOUS
10
-0.5615905118110236
20
-0.5999815354330709
11
-0.4277729921259842
21
-0.7337990551181102
0
LINE
8
BLACK
6
CONTINUOUS
10
-0.4277729921259842
20
-0.7337990551181102
11
-0.4266794094488189
21
-0.7359453937007874
0
LINE
8
BLACK
6
CONTINUOUS
10
-0.4266794094488189
20
-0.7359453937007874
11
-0.427056220472441
21
-0.7383246062992126
0
LINE
8
BLACK
6
CONTINUOUS
10
-0.427056220472441
20
-0.7383246062992126
11
-0.4287595669291339
21
-0.7400279527559055
0
LINE
8
BLACK
6
CONTINUOUS
10
-0.4287595669291339
20
-0.7400279527559055
11
-0.4305290551181102
21
-0.7404527559055117
0
LINE
8
BLACK
6
CONTINUOUS
10
-0.4305290551181102
20
-0.7404527559055117
11
-0.4633476377952756
21
-0.7404527559055117
0
LINE
8
BLACK
6
CONTINUOUS
10
-0.4633476377952756
20
-0.7404527559055117
11
-0.4656386220472441
21
-0.7397083858267717
0
LINE
8
BLACK
6
CONTINUOUS
10
-0.4656386220472441
20
-0.7397083858267717
11
-0.466439842519685
21
-0.7389278346456692
0
LINE
8
BLACK
6
CONTINUOUS
10
-0.466439842519685
20
-0.7389278346456692
11
-0.4664520866141732
21
-0.7389118897637795
0
LINE
8
BLACK
6
CONTINUOUS
10
-0.4664520866141732
20
-0.7389118897637795
11
-0.4683747244094488
21
-0.736406220472441
0
LINE
8
BLACK
6
CONTINUOUS
10
-0.4683747244094488
20
-0.736406220472441
11
-0.4683749212598425
21
-0.736406062992126
0
LINE
8
BLACK
6
CONTINUOUS
10
-0.4683749212598425
20
-0.736406062992126
11
-0.4683749606299212
21
-0.7364060236220472
0
LINE
8
BLACK
6
CONTINUOUS
10
-0.4683749606299212
20
-0.7364060236220472
11
-0.4715294094488189
21
-0.7339855511811023
0
LINE
8
BLACK
6
CONTINUOUS
10
-0.4715294094488189
20
-0.7339855511811023
11
-0.4733133464566929
21
-0.7326166929133858
0
LINE
8
BLACK
6
CONTINUOUS
10
-0.4733133464566929
20
-0.7326166929133858
11
-0.4733133858267716
21
-0.7326166535433071
0
LINE
8
BLACK
6
CONTINUOUS
10
-0.4733133858267716
20
-0.7326166535433071
11
-0.4733134645669291
21
-0.7326166141732283
0
LINE
8
BLACK
6
CONTINUOUS
10
-0.4733134645669291
20
-0.7326166141732283
11
-0.4790643307086614
21
-0.730234527559055
0
LINE
8
BLACK
6
CONTINUOUS
10
-0.4790643307086614
20
-0.730234527559055
11
-0.4790646456692913
21
-0.7302344488188977
0
LINE
8
BLACK
6
CONTINUOUS
10
-0.4790646456692913
20
-0.7302344488188977
11
-0.4852361811023622
21
-0.729421968503937
0
LINE
8
BLACK
6
CONTINUOUS
10
-0.4852361811023622
20
-0.729421968503937
11
-0.4852362598425197
21
-0.729421968503937
0
LINE
8
BLACK
6
CONTINUOUS
10
-0.4852362598425197
20
-0.729421968503937
11
-0.4914078346456693
21
-0.7302344488188977
0
LINE
8
BLACK
6
CONTINUOUS
10
-0.4914078346456693
20
-0.7302344488188977
11
-0.4914081496062992
21
-0.730234527559055
0
LINE
8
BLACK
6
CONTINUOUS
10
-0.4914081496062992
20
-0.730234527559055
11
-0.4971590157480315
21
-0.7326166141732283
0
LINE
8
BLACK
6
CONTINUOUS
10
-0.4971590157480315
20
-0.7326166141732283
11
-0.4971590551181102
21
-0.7326166141732283
0
LINE
8
BLACK
6
CONTINUOUS
10
-0.4971590551181102
20
-0.7326166141732283
11
-0.5020975196850394
21
-0.7364060236220472
0
LINE
8
BLACK
6
CONTINUOUS
10
-0.5020975196850394
20
-0.7364060236220472
11
-0.5020979133858268
21
-0.7364064173228346
0
LINE
8
BLACK
6
CONTINUOUS
10
-0.5020979133858268
20
-0.7364064173228346
11
-0.5058873228346457
21
-0.7413448818897638
0
LINE
8
BLACK
6
CONTINUOUS
10
-0.5058873228346457
20
-0.7413448818897638
11
-0.5058873228346457
21
-0.7413449212598425
0
LINE
8
BLACK
6
CONTINUOUS
10
-0.5058873228346457
20
-0.7413449212598425
11
-0.5082694094488189
21
-0.7470957874015748
0
LINE
8
BLACK
6
CONTINUOUS
10
-0.5082694094488189
20
-0.7470957874015748
11
-0.5082694881889763
21
-0.7470961023622047
0
LINE
8
BLACK
6
CONTINUOUS
10
-0.5082694881889763
20
-0.7470961023622047
11
-0.5090819685039369
21
-0.7532676771653544
0
LINE
8
BLACK
6
CONTINUOUS
10
-0.5090819685039369
20
-0.7532676771653544
11
-0.5090819685039369
21
-0.753267716535433
0
LINE
8
BLACK
6
CONTINUOUS
10
-0.5090819685039369
20
-0.753267716535433
11
-0.5082694881889763
21
-0.7594392913385827
0
LINE
8
BLACK
6
CONTINUOUS
10
-0.5082694881889763
20
-0.7594392913385827
11
-0.5082694094488189
21
-0.7594396062992126
0
LINE
8
BLACK
6
CONTINUOUS
10
-0.5082694094488189
20
-0.7594396062992126
11
-0.5058873228346457
21
-0.7651904724409448
0
LINE
8
BLACK
6
CONTINUOUS
10
-0.5058873228346457
20
-0.7651904724409448
11
-0.5058873228346457
21
-0.7651905118110236
0
LINE
8
BLACK
6
CONTINUOUS
10
-0.5058873228346457
20
-0.7651905118110236
11
-0.503268779527559
21
-0.7686030708661418
0
LINE
8
BLACK
6
CONTINUOUS
10
-0.503268779527559
20
-0.7686030708661418
11
-0.5020977165354331
21
-0.7701292125984252
0
LINE
8
BLACK
6
CONTINUOUS
10
-0.5020977165354331
20
-0.7701292125984252
11
-0.497159094488189
21
-0.7739187401574803
0
LINE
8
BLACK
6
CONTINUOUS
10
-0.497159094488189
20
-0.7739187401574803
11
-0.4971590551181102
21
-0.7739187401574803
0
LINE
8
BLACK
6
CONTINUOUS
10
-0.4971590551181102
20
-0.7739187401574803
11
-0.4971590157480315
21
-0.7739187795275591
0
LINE
8
BLACK
6
CONTINUOUS
10
-0.4971590157480315
20
-0.7739187795275591
11
-0.4914081496062992
21
-0.7763008661417322
0
LINE
8
BLACK
6
CONTINUOUS
10
-0.4914081496062992
20
-0.7763008661417322
11
-0.4914079527559055
21
-0.7763009448818897
0
LINE
8
BLACK
6
CONTINUOUS
10
-0.4914079527559055
20
-0.7763009448818897
11
-0.4867791732283465
21
-0.7769103149606299
0
LINE
8
BLACK
6
CONTINUOUS
10
-0.4867791732283465
20
-0.7769103149606299
11
-0.4852362598425197
21
-0.7771134645669291
0
LINE
8
BLACK
6
CONTINUOUS
10
-0.4852362598425197
20
-0.7771134645669291
11
-0.4852362204724409
21
-0.7771134645669291
0
LINE
8
BLACK
6
CONTINUOUS
10
-0.4852362204724409
20
-0.7771134645669291
11
-0.4852361811023622
21
-0.7771134645669291
0
LINE
8
BLACK
6
CONTINUOUS
10
-0.4852361811023622
20
-0.7771134645669291
11
-0.4840018897637795
21
-0.7769509448818898
0
LINE
8
BLACK
6
CONTINUOUS
10
-0.4840018897637795
20
-0.7769509448818898
11
-0.4790644881889763
21
-0.7763009448818897
0
LINE
8
BLACK
6
CONTINUOUS
10
-0.4790644881889763
20
-0.7763009448818897
11
-0.4733133464566929
21
-0.7739187401574803
0
LINE
8
BLACK
6
CONTINUOUS
10
-0.4733133464566929
20
-0.7739187401574803
11
-0.4683747244094488
21
-0.7701292125984252
0
LINE
8
BLACK
6
CONTINUOUS
10
-0.4683747244094488
20
-0.7701292125984252
11
-0.466439842519685
21
-0.7676075590551181
0
LINE
8
BLACK
6
CONTINUOUS
10
-0.466439842519685
20
-0.7676075590551181
11
-0.4644546456692913
21
-0.7662431889763779
0
LINE
8
BLACK
6
CONTINUOUS
10
-0.4644546456692913
20
-0.7662431889763779
11
-0.4633476377952756
21
-0.7660826771653543
0
LINE
8
BLACK
6
CONTINUOUS
10
-0.4633476377952756
20
-0.7660826771653543
11
-0.4221588582677165
21
-0.7660826771653543
0
LINE
8
BLACK
6
CONTINUOUS
10
-0.4221588582677165
20
-0.7660826771653543
11
-0.419867874015748
21
-0.7668270472440945
0
LINE
8
BLACK
6
CONTINUOUS
10
-0.419867874015748
20
-0.7668270472440945
11
-0.4194027952755905
21
-0.767224251968504
0
LINE
8
BLACK
6
CONTINUOUS
10
-0.4194027952755905
20
-0.767224251968504
11
-0.387205905511811
21
-0.7994211023622048
0
LINE
8
BLACK
6
CONTINUOUS
10
-0.387205905511811
20
-0.7994211023622048
11
-0.3554908267716536
21
-0.8311361811023622
0
LINE
8
BLACK
6
CONTINUOUS
10
-0.3554908267716536
20
-0.8311361811023622
11
-0.3554907480314961
21
-0.8311362992125985
0
LINE
8
BLACK
6
CONTINUOUS
10
-0.3554907480314961
20
-0.8311362992125985
11
-0.3531048031496063
21
-0.8335222440944882
0
LINE
8
BLACK
6
CONTINUOUS
10
-0.3531048031496063
20
-0.8335222440944882
11
-0.3521085826771653
21
-0.8340974015748032
0
LINE
8
BLACK
6
CONTINUOUS
10
-0.3521085826771653
20
-0.8340974015748032
11
-0.3501826377952756
21
-0.8352093700787402
0
LINE
8
BLACK
6
CONTINUOUS
10
-0.3501826377952756
20
-0.8352093700787402
11
-0.3469234645669291
21
-0.8360826771653543
0
LINE
8
BLACK
6
CONTINUOUS
10
-0.3469234645669291
20
-0.8360826771653543
11
-0.3469233858267716
21
-0.8360827165354331
0
LINE
8
BLACK
6
CONTINUOUS
10
-0.3469233858267716
20
-0.8360827165354331
11
-0.3469233464566929
21
-0.8360827165354331
0
LINE
8
BLACK
6
CONTINUOUS
10
-0.3469233464566929
20
-0.8360827165354331
11
-0.3433103937007874
21
-0.8360827165354331
0
LINE
8
BLACK
6
CONTINUOUS
10
-0.3433103937007874
20
-0.8360827165354331
11
-0.3433097637795275
21
-0.8360826771653543
0
LINE
8
BLACK
6
CONTINUOUS
10
-0.3433097637795275
20
-0.8360826771653543
11
-0.2237443700787402
21
-0.8360826771653543
0
LINE
8
BLACK
6
CONTINUOUS
10
-0.2237443700787402
20
-0.8360826771653543
11
-0.2214533858267717
21
-0.8368270472440945
0
LINE
8
BLACK
6
CONTINUOUS
10
-0.2214533858267717
20
-0.8368270472440945
11
-0.2213716535433071
21
-0.8368881102362205
0
LINE
8
BLACK
6
CONTINUOUS
10
-0.2213716535433071
20
-0.8368881102362205
11
-0.2200031889763779
21
-0.8379381496062992
0
LINE
8
BLACK
6
CONTINUOUS
10
-0.2200031889763779
20
-0.8379381496062992
11
-0.2166472834645669
21
-0.8405132283464567
0
LINE
8
BLACK
6
CONTINUOUS
10
-0.2166472834645669
20
-0.8405132283464567
11
-0.2166472440944882
21
-0.8405132283464567
0
LINE
8
BLACK
6
CONTINUOUS
10
-0.2166472440944882
20
-0.8405132283464567
11
-0.2166472047244094
21
-0.8405132677165355
0
LINE
8
BLACK
6
CONTINUOUS
10
-0.2166472047244094
20
-0.8405132677165355
11
-0.2108963385826772
21
-0.8428953543307086
0
LINE
8
BLACK
6
CONTINUOUS
10
-0.2108963385826772
20
-0.8428953543307086
11
-0.2108961417322835
21
-0.8428954330708661
0
LINE
8
BLACK
6
CONTINUOUS
10
-0.2108961417322835
20
-0.8428954330708661
11
-0.2062673622047244
21
-0.8435048031496063
0
LINE
8
BLACK
6
CONTINUOUS
10
-0.2062673622047244
20
-0.8435048031496063
11
-0.2047244488188976
21
-0.8437079527559055
0
LINE
8
BLACK
6
CONTINUOUS
10
-0.2047244488188976
20
-0.8437079527559055
11
-0.2047244094488189
21
-0.8437079527559055
0
LINE
8
BLACK
6
CONTINUOUS
10
-0.2047244094488189
20
-0.8437079527559055
11
-0.2047243700787401
21
-0.8437079527559055
0
LINE
8
BLACK
6
CONTINUOUS
10
-0.2047243700787401
20
-0.8437079527559055
11
-0.2034900787401575
21
-0.8435454330708662
0
LINE
8
BLACK
6
CONTINUOUS
10
-0.2034900787401575
20
-0.8435454330708662
11
-0.1985526771653543
21
-0.8428954330708661
0
LINE
8
BLACK
6
CONTINUOUS
10
-0.1985526771653543
20
-0.8428954330708661
11
-0.1928015354330709
21
-0.8405132283464567
0
LINE
8
BLACK
6
CONTINUOUS
10
-0.1928015354330709
20
-0.8405132283464567
11
-0.1894456692913386
21
-0.8379381496062992
0
LINE
8
BLACK
6
CONTINUOUS
10
-0.1894456692913386
20
-0.8379381496062992
11
-0.1880771653543307
21
-0.8368881102362205
0
LINE
8
BLACK
6
CONTINUOUS
10
-0.1880771653543307
20
-0.8368881102362205
11
-0.1858064566929134
21
-0.8360840157480315
0
LINE
8
BLACK
6
CONTINUOUS
10
-0.1858064566929134
20
-0.8360840157480315
11
-0.1857044488188976
21
-0.8360826771653543
0
LINE
8
BLACK
6
CONTINUOUS
10
-0.1857044488188976
20
-0.8360826771653543
11
0.2974941338582677
21
-0.8360826771653543
0
LINE
8
BLACK
6
CONTINUOUS
10
0.2974941338582677
20
-0.8360826771653543
11
0.2974942125984252
21
-0.8360826771653543
0
LINE
8
BLACK
6
CONTINUOUS
10
0.2974942125984252
20
-0.8360826771653543
11
0.3007535039370079
21
-0.8352093700787402
0
LINE
8
BLACK
6
CONTINUOUS
10
0.3007535039370079
20
-0.8352093700787402
11
0.3007535826771653
21
-0.8352092913385827
0
LINE
8
BLACK
6
CONTINUOUS
10
0.3007535826771653
20
-0.8352092913385827
11
0.3007536614173228
21
-0.8352092913385827
0
LINE
8
BLACK
6
CONTINUOUS
10
0.3007536614173228
20
-0.8352092913385827
11
0.3036754724409449
21
-0.8335223622047244
0
LINE
8
BLACK
6
CONTINUOUS
10
0.3036754724409449
20
-0.8335223622047244
11
0.3036754724409449
21
-0.8335223228346457
0
LINE
8
BLACK
6
CONTINUOUS
10
0.3036754724409449
20
-0.8335223228346457
11
0.3036756692913386
21
-0.8335222440944882
0
LINE
8
BLACK
6
CONTINUOUS
10
0.3036756692913386
20
-0.8335222440944882
11
0.3377768110236221
21
-0.7994211023622048
0
LINE
8
BLACK
6
CONTINUOUS
10
0.3377768110236221
20
-0.7994211023622048
11
0.3399231496062992
21
-0.7983275196850393
0
LINE
8
BLACK
6
CONTINUOUS
10
0.3399231496062992
20
-0.7983275196850393
11
0.340532874015748
21
-0.7982795275590551
0
LINE
8
BLACK
6
CONTINUOUS
10
0.340532874015748
20
-0.7982795275590551
11
0.4525523622047244
21
-0.7982795275590551
0
LINE
8
BLACK
6
CONTINUOUS
10
0.4525523622047244
20
-0.7982795275590551
11
0.4548433464566929
21
-0.7990238976377952
0
LINE
8
BLACK
6
CONTINUOUS
10
0.4548433464566929
20
-0.7990238976377952
11
0.4556444881889763
21
-0.7998043700787402
0
LINE
8
BLACK
6
CONTINUOUS
10
0.4556444881889763
20
-0.7998043700787402
11
0.4575794488188976
21
-0.8023260629921259
0
LINE
8
BLACK
6
CONTINUOUS
10
0.4575794488188976
20
-0.8023260629921259
11
0.4625180708661417
21
-0.8061155905511811
0
LINE
8
BLACK
6
CONTINUOUS
10
0.4625180708661417
20
-0.8061155905511811
11
0.4682692125984252
21
-0.8084977952755905
0
LINE
8
BLACK
6
CONTINUOUS
10
0.4682692125984252
20
-0.8084977952755905
11
0.4728979921259843
21
-0.8091071653543307
0
LINE
8
BLACK
6
CONTINUOUS
10
0.4728979921259843
20
-0.8091071653543307
11
0.474440905511811
21
-0.8093103149606299
0
LINE
8
BLACK
6
CONTINUOUS
10
0.474440905511811
20
-0.8093103149606299
11
0.4744409448818898
21
-0.8093103149606299
0
LINE
8
BLACK
6
CONTINUOUS
10
0.4744409448818898
20
-0.8093103149606299
11
0.4744409842519685
21
-0.8093103149606299
0
LINE
8
BLACK
6
CONTINUOUS
10
0.4744409842519685
20
-0.8093103149606299
11
0.4756752755905512
21
-0.8091477952755906
0
LINE
8
BLACK
6
CONTINUOUS
10
0.4756752755905512
20
-0.8091477952755906
11
0.4806126771653543
21
-0.8084977952755905
0
LINE
8
BLACK
6
CONTINUOUS
10
0.4806126771653543
20
-0.8084977952755905
11
0.4863638188976378
21
-0.8061155905511811
0
LINE
8
BLACK
6
CONTINUOUS
10
0.4863638188976378
20
-0.8061155905511811
11
0.4913024409448819
21
-0.8023260629921259
0
LINE
8
BLACK
6
CONTINUOUS
10
0.4913024409448819
20
-0.8023260629921259
11
0.495091968503937
21
-0.7973874409448819
0
LINE
8
BLACK
6
CONTINUOUS
10
0.495091968503937
20
-0.7973874409448819
11
0.4974741732283465
21
-0.7916362992125984
0
LINE
8
BLACK
6
CONTINUOUS
10
0.4974741732283465
20
-0.7916362992125984
11
0.4982866929133858
21
-0.7854645669291338
0
LINE
8
BLACK
6
CONTINUOUS
10
0.4982866929133858
20
-0.7854645669291338
11
0.4982474803149606
21
-0.7851668503937008
0
LINE
8
BLACK
6
CONTINUOUS
10
0.4982474803149606
20
-0.7851668503937008
11
0.4976735039370079
21
-0.7808069685039369
0
LINE
8
BLACK
6
CONTINUOUS
10
0.4976735039370079
20
-0.7808069685039369
11
0.4974741732283465
21
-0.7792928346456692
0
LINE
8
BLACK
6
CONTINUOUS
10
0.4974741732283465
20
-0.7792928346456692
11
0.4957829527559055
21
-0.7752098818897638
0
LINE
8
BLACK
6
CONTINUOUS
10
0.4957829527559055
20
-0.7752098818897638
11
0.4950920078740157
21
-0.7735417716535433
0
LINE
8
BLACK
6
CONTINUOUS
10
0.4950920078740157
20
-0.7735417716535433
11
0.4950920078740157
21
-0.7735417322834646
0
LINE
8
BLACK
6
CONTINUOUS
10
0.4950920078740157
20
-0.7735417322834646
11
0.4913025984251969
21
-0.7686032677165354
0
LINE
8
BLACK
6
CONTINUOUS
10
0.4913025984251969
20
-0.7686032677165354
11
0.4913025590551181
21
-0.7686032283464567
0
LINE
8
BLACK
6
CONTINUOUS
10
0.4913025590551181
20
-0.7686032283464567
11
0.4913024409448819
21
-0.7686030708661418
0
LINE
8
BLACK
6
CONTINUOUS
10
0.4913024409448819
20
-0.7686030708661418
11
0.4913022440944882
21
-0.7686029133858268
0
LINE
8
BLACK
6
CONTINUOUS
10
0.4913022440944882
20
-0.7686029133858268
11
0.4913022047244094
21
-0.768602874015748
0
LINE
8
BLACK
6
CONTINUOUS
10
0.4913022047244094
20
-0.768602874015748
11
0.4876073228346456
21
-0.7657677165354331
0
LINE
8
BLACK
6
CONTINUOUS
10
0.4876073228346456
20
-0.7657677165354331
11
0.4863638188976378
21
-0.7648135433070866
0
LINE
8
BLACK
6
CONTINUOUS
10
0.4863638188976378
20
-0.7648135433070866
11
0.486363779527559
21
-0.7648135039370079
0
LINE
8
BLACK
6
CONTINUOUS
10
0.486363779527559
20
-0.7648135039370079
11
0.4863637007874015
21
-0.7648134645669291
0
LINE
8
BLACK
6
CONTINUOUS
10
0.4863637007874015
20
-0.7648134645669291
11
0.4806128346456693
21
-0.7624313779527558
0
LINE
8
BLACK
6
CONTINUOUS
10
0.4806128346456693
20
-0.7624313779527558
11
0.4806125196850394
21
-0.7624312992125984
0
LINE
8
BLACK
6
CONTINUOUS
10
0.4806125196850394
20
-0.7624312992125984
11
0.4744409842519685
21
-0.7616188188976378
0
LINE
8
BLACK
6
CONTINUOUS
10
0.4744409842519685
20
-0.7616188188976378
11
0.474440905511811
21
-0.7616188188976378
0
LINE
8
BLACK
6
CONTINUOUS
10
0.474440905511811
20
-0.7616188188976378
11
0.4682693307086614
21
-0.7624312992125984
0
LINE
8
BLACK
6
CONTINUOUS
10
0.4682693307086614
20
-0.7624312992125984
11
0.4682690157480315
21
-0.7624313779527558
0
LINE
8
BLACK
6
CONTINUOUS
10
0.4682690157480315
20
-0.7624313779527558
11
0.4625181496062992
21
-0.7648134645669291
0
LINE
8
BLACK
6
CONTINUOUS
10
0.4625181496062992
20
-0.7648134645669291
11
0.4625181102362205
21
-0.7648134645669291
0
LINE
8
BLACK
6
CONTINUOUS
10
0.4625181102362205
20
-0.7648134645669291
11
0.4575796456692913
21
-0.768602874015748
0
LINE
8
BLACK
6
CONTINUOUS
10
0.4575796456692913
20
-0.768602874015748
11
0.4575792913385827
21
-0.7686032283464567
0
LINE
8
BLACK
6
CONTINUOUS
10
0.4575792913385827
20
-0.7686032283464567
11
0.4556445669291339
21
-0.77112468503937
0
LINE
8
BLACK
6
CONTINUOUS
10
0.4556445669291339
20
-0.77112468503937
11
0.4536593700787401
21
-0.7724890944881889
0
LINE
8
BLACK
6
CONTINUOUS
10
0.4536593700787401
20
-0.7724890944881889
11
0.4525523622047244
21
-0.7726496062992125
0
LINE
8
BLACK
6
CONTINUOUS
10
0.4525523622047244
20
-0.7726496062992125
11
0.3352973622047244
21
-0.7726496062992125
0
LINE
8
BLACK
6
CONTINUOUS
10
0.3352973622047244
20
-0.7726496062992125
11
0.3319231102362205
21
-0.7726496062992125
0
LINE
8
BLACK
6
CONTINUOUS
10
0.3319231102362205
20
-0.7726496062992125
11
0.3299282677165354
21
-0.7731840944881889
0
LINE
8
BLACK
6
CONTINUOUS
10
0.3299282677165354
20
-0.7731840944881889
11
0.3286636220472441
21
-0.7735229527559055
0
LINE
8
BLACK
6
CONTINUOUS
10
0.3286636220472441
20
-0.7735229527559055
11
0.325741811023622
21
-0.7752098818897638
0
LINE
8
BLACK
6
CONTINUOUS
10
0.325741811023622
20
-0.7752098818897638
11
0.2916405118110236
21
-0.8093111811023622
0
LINE
8
BLACK
6
CONTINUOUS
10
0.2916405118110236
20
-0.8093111811023622
11
0.2894941732283465
21
-0.8104047637795275
0
LINE
8
BLACK
6
CONTINUOUS
10
0.2894941732283465
20
-0.8104047637795275
11
0.2888844488188976
21
-0.8104527559055118
0
LINE
8
BLACK
6
CONTINUOUS
10
0.2888844488188976
20
-0.8104527559055118
11
0.1680766929133858
21
-0.8104527559055118
0
LINE
8
BLACK
6
CONTINUOUS
10
0.1680766929133858
20
-0.8104527559055118
11
0.1657857086614173
21
-0.8097083858267716
0
LINE
8
BLACK
6
CONTINUOUS
10
0.1657857086614173
20
-0.8097083858267716
11
0.1643698031496063
21
-0.8077595669291339
0
LINE
8
BLACK
6
CONTINUOUS
10
0.1643698031496063
20
-0.8077595669291339
11
0.1643698031496063
21
-0.8053506692913386
0
LINE
8
BLACK
6
CONTINUOUS
10
0.1643698031496063
20
-0.8053506692913386
11
0.1649844488188976
21
-0.8041824409448819
0
LINE
8
BLACK
6
CONTINUOUS
10
0.1649844488188976
20
-0.8041824409448819
11
0.1650066141732283
21
-0.8041535433070865
0
LINE
8
BLACK
6
CONTINUOUS
10
0.1650066141732283
20
-0.8041535433070865
11
0.1656911417322835
21
-0.8032614566929134
0
LINE
8
BLACK
6
CONTINUOUS
10
0.1656911417322835
20
-0.8032614566929134
11
0.1680733464566929
21
-0.7975103149606299
0
LINE
8
BLACK
6
CONTINUOUS
10
0.1680733464566929
20
-0.7975103149606299
11
0.1688858661417323
21
-0.7913385826771653
0
LINE
8
BLACK
6
CONTINUOUS
10
0.1688858661417323
20
-0.7913385826771653
11
0.1680733464566929
21
-0.7851668503937008
0
LINE
8
BLACK
6
CONTINUOUS
10
0.1680733464566929
20
-0.7851668503937008
11
0.1657374803149606
21
-0.7795275590551181
0
LINE
8
BLACK
6
CONTINUOUS
10
0.1657374803149606
20
-0.7795275590551181
11
0.1656911811023622
21
-0.7794157874015748
0
LINE
8
BLACK
6
CONTINUOUS
10
0.1656911811023622
20
-0.7794157874015748
11
0.1656911811023622
21
-0.779415748031496
0
LINE
8
BLACK
6
CONTINUOUS
10
0.1656911811023622
20
-0.779415748031496
11
0.1619017716535433
21
-0.7744772834645669
0
LINE
8
BLACK
6
CONTINUOUS
10
0.1619017716535433
20
-0.7744772834645669
11
0.1619017322834646
21
-0.7744772440944881
0
LINE
8
BLACK
6
CONTINUOUS
10
0.1619017322834646
20
-0.7744772440944881
11
0.1619016141732283
21
-0.7744770866141732
0
LINE
8
BLACK
6
CONTINUOUS
10
0.1619016141732283
20
-0.7744770866141732
11
0.1619014173228346
21
-0.7744769291338582
0
LINE
8
BLACK
6
CONTINUOUS
10
0.1619014173228346
20
-0.7744769291338582
11
0.1619013779527559
21
-0.7744768897637795
0
LINE
8
BLACK
6
CONTINUOUS
10
0.1619013779527559
20
-0.7744768897637795
11
0.1590993307086614
21
-0.772326811023622
0
LINE
8
BLACK
6
CONTINUOUS
10
0.1590993307086614
20
-0.772326811023622
11
0.1569629921259842
21
-0.7706875590551181
0
LINE
8
BLACK
6
CONTINUOUS
10
0.1569629921259842
20
-0.7706875590551181
11
0.1569629527559055
21
-0.7706875196850393
0
LINE
8
BLACK
6
CONTINUOUS
10
0.1569629527559055
20
-0.7706875196850393
11
0.156962874015748
21
-0.7706874803149606
0
LINE
8
BLACK
6
CONTINUOUS
10
0.156962874015748
20
-0.7706874803149606
11
0.1512120078740158
21
-0.7683053937007874
0
LINE
8
BLACK
6
CONTINUOUS
10
0.1512120078740158
20
-0.7683053937007874
11
0.1512116929133858
21
-0.7683053149606299
0
LINE
8
BLACK
6
CONTINUOUS
10
0.1512116929133858
20
-0.7683053149606299
11
0.145040157480315
21
-0.7674928346456693
0
LINE
8
BLACK
6
CONTINUOUS
10
0.145040157480315
20
-0.7674928346456693
11
0.1450400787401575
21
-0.7674928346456693
0
LINE
8
BLACK
6
CONTINUOUS
10
0.1450400787401575
20
-0.7674928346456693
11
0.1388685039370079
21
-0.7683053149606299
0
LINE
8
BLACK
6
CONTINUOUS
10
0.1388685039370079
20
-0.7683053149606299
11
0.138868188976378
21
-0.7683053937007874
0
LINE
8
BLACK
6
CONTINUOUS
10
0.138868188976378
20
-0.7683053937007874
11
0.1331173228346457
21
-0.7706874803149606
0
LINE
8
BLACK
6
CONTINUOUS
10
0.1331173228346457
20
-0.7706874803149606
11
0.1331172834645669
21
-0.7706874803149606
0
LINE
8
BLACK
6
CONTINUOUS
10
0.1331172834645669
20
-0.7706874803149606
11
0.1281788188976378
21
-0.7744768897637795
0
LINE
8
BLACK
6
CONTINUOUS
10
0.1281788188976378
20
-0.7744768897637795
11
0.1281784645669291
21
-0.7744772440944881
0
LINE
8
BLACK
6
CONTINUOUS
10
0.1281784645669291
20
-0.7744772440944881
11
0.1262437401574803
21
-0.7769987007874015
0
LINE
8
BLACK
6
CONTINUOUS
10
0.1262437401574803
20
-0.7769987007874015
11
0.1242585433070866
21
-0.7783631102362204
0
LINE
8
BLACK
6
CONTINUOUS
10
0.1242585433070866
20
-0.7783631102362204
11
0.1231515354330709
21
-0.7785236220472441
0
LINE
8
BLACK
6
CONTINUOUS
10
0.1231515354330709
20
-0.7785236220472441
11
-0.3451877952755906
21
-0.7785236220472441
0
LINE
8
BLACK
6
CONTINUOUS
10
-0.3451877952755906
20
-0.7785236220472441
11
-0.3474787795275591
21
-0.7777792519685039
0
LINE
8
BLACK
6
CONTINUOUS
10
-0.3474787795275591
20
-0.7777792519685039
11
-0.3479438582677165
21
-0.7773820472440944
0
LINE
8
BLACK
6
CONTINUOUS
10
-0.3479438582677165
20
-0.7773820472440944
11
-0.6789568503937008
21
-0.4463690157480315
0
LINE
8
BLACK
6
CONTINUOUS
10
-0.6789568503937008
20
-0.4463690157480315
11
-0.6800504330708661
21
-0.4442226771653543
0
LINE
8
BLACK
6
CONTINUOUS
10
-0.6800504330708661
20
-0.4442226771653543
11
-0.6800984251968504
21
-0.4436129527559055
0
LINE
8
BLACK
6
CONTINUOUS
10
-0.6800984251968504
20
-0.4436129527559055
11
-0.6800984251968504
21
0.2260965354330709
0
LINE
8
BLACK
6
CONTINUOUS
10
-0.6800984251968504
20
0.2260965354330709
11
-0.6800984251968504
21
0.2260965748031496
0
LINE
8
BLACK
6
CONTINUOUS
10
-0.6800984251968504
20
0.2260965748031496
11
-0.6809717322834645
21
0.2293558267716535
0
LINE
8
BLACK
6
CONTINUOUS
10
-0.6809717322834645
20
0.2293558267716535
11
-0.6809717322834645
21
0.2293558661417323
0
LINE
8
BLACK
6
CONTINUOUS
10
-0.6809717322834645
20
0.2293558661417323
11
-0.6809717322834645
21
0.229355905511811
0
LINE
8
BLACK
6
CONTINUOUS
10
-0.6809717322834645
20
0.229355905511811
11
-0.6826587401574803
21
0.232277874015748
0
LINE
8
BLACK
6
CONTINUOUS
10
-0.6826587401574803
20
0.232277874015748
11
-0.682658779527559
21
0.2322779133858268
0
LINE
8
BLACK
6
CONTINUOUS
10
-0.682658779527559
20
0.2322779133858268
11
-0.6826588188976378
21
0.2322779527559055
0
LINE
8
BLACK
6
CONTINUOUS
10
-0.6826588188976378
20
0.2322779527559055
11
-0.6826588582677166
21
0.232278031496063
0
LINE
8
BLACK
6
CONTINUOUS
10
-0.6826588582677166
20
0.232278031496063
11
-0.9872719685039369
21
0.5368911417322835
0
LINE
8
BLACK
6
CONTINUOUS
10
-0.9872719685039369
20
0.5368911417322835
11
-0.9883655511811024
21
0.5390374803149606
0
LINE
8
BLACK
6
CONTINUOUS
10
-0.9883655511811024
20
0.5390374803149606
11
-0.9883801968503937
21
0.5401557086614173
0
LINE
8
BLACK
6
CONTINUOUS
10
-0.9883801968503937
20
0.5401557086614173
11
-0.9879652755905511
21
0.5433070866141733
0
LINE
8
BLACK
6
CONTINUOUS
10
-0.9879652755905511
20
0.5433070866141733
11
-0.9887777952755905
21
0.5494788188976378
0
LINE
8
BLACK
6
CONTINUOUS
10
-0.9887777952755905
20
0.5494788188976378
11
-0.9911599606299213
21
0.5552298818897637
0
LINE
8
BLACK
6
CONTINUOUS
10
-0.9911599606299213
20
0.5552298818897637
11
-0.9911599606299213
21
0.5552299212598425
0
LINE
8
BLACK
6
CONTINUOUS
10
-0.9911599606299213
20
0.5552299212598425
11
-0.9949493700787402
21
0.5601683858267716
0
LINE
8
BLACK
6
CONTINUOUS
10
-0.9949493700787402
20
0.5601683858267716
11
-0.9949494094488188
21
0.5601684251968504
0
LINE
8
BLACK
6
CONTINUOUS
10
-0.9949494094488188
20
0.5601684251968504
11
-0.9949495275590551
21
0.5601685826771653
0
LINE
8
BLACK
6
CONTINUOUS
10
-0.9949495275590551
20
0.5601685826771653
11
-0.9949497244094488
21
0.5601687401574803
0
LINE
8
BLACK
6
CONTINUOUS
10
-0.9949497244094488
20
0.5601687401574803
11
-0.9949497637795275
21
0.5601687795275591
0
LINE
8
BLACK
6
CONTINUOUS
10
-0.9949497637795275
20
0.5601687795275591
11
-0.9998882677165354
21
0.5639581889763779
0
LINE
8
BLACK
6
CONTINUOUS
10
-0.9998882677165354
20
0.5639581889763779
11
-1.0056391338582678
21
0.5663402755905512
0
LINE
8
BLACK
6
CONTINUOUS
10
-1.0056391338582678
20
0.5663402755905512
11
-1.0056394488188976
21
0.5663403543307086
0
LINE
8
BLACK
6
CONTINUOUS
10
-1.0056394488188976
20
0.5663403543307086
11
-1.0118109842519685
21
0.5671528346456692
0
LINE
8
BLACK
6
CONTINUOUS
10
-1.0118109842519685
20
0.5671528346456692
11
-1.011811062992126
21
0.5671528346456692
0
LINE
8
BLACK
6
CONTINUOUS
10
-1.011811062992126
20
0.5671528346456692
11
-1.0179826377952756
21
0.5663403543307086
0
LINE
8
BLACK
6
CONTINUOUS
10
-1.0179826377952756
20
0.5663403543307086
11
-1.0179829527559054
21
0.5663402755905512
0
LINE
8
BLACK
6
CONTINUOUS
10
-1.0179829527559054
20
0.5663402755905512
11
-1.0237338188976377
21
0.5639581889763779
0
LINE
8
BLACK
6
CONTINUOUS
10
-1.0237338188976377
20
0.5639581889763779
11
-1.0237338582677165
21
0.5639581889763779
0
LINE
8
BLACK
6
CONTINUOUS
10
-1.0237338582677165
20
0.5639581889763779
11
-1.0286723228346457
21
0.5601687795275591
0
LINE
8
BLACK
6
CONTINUOUS
10
-1.0286723228346457
20
0.5601687795275591
11
-1.028672716535433
21
0.5601683858267716
0
LINE
8
BLACK
6
CONTINUOUS
10
-1.028672716535433
20
0.5601683858267716
11
-1.0324621259842519
21
0.5552299212598425
0
LINE
8
BLACK
6
CONTINUOUS
10
-1.0324621259842519
20
0.5552299212598425
11
-1.0324621259842519
21
0.5552298818897637
0
LINE
8
BLACK
6
CONTINUOUS
10
-1.0324621259842519
20
0.5552298818897637
11
-1.0348442125984252
21
0.5494790157480315
0
LINE
8
BLACK
6
CONTINUOUS
10
-1.0348442125984252
20
0.5494790157480315
11
-1.0348442913385827
21
0.5494787007874016
0
LINE
8
BLACK
6
CONTINUOUS
10
-1.0348442913385827
20
0.5494787007874016
11
-1.0356567716535432
21
0.5433071259842519
0
LINE
8
BLACK
6
CONTINUOUS
10
-1.0356567716535432
20
0.5433071259842519
11
-1.0356567716535432
21
0.5433070866141733
0
LINE
8
BLACK
6
CONTINUOUS
10
0.5060932283464566
20
-0.7155708661417323
11
0.5069057086614173
21
-0.7217424409448818
0
LINE
8
BLACK
6
CONTINUOUS
10
0.5069057086614173
20
-0.7217424409448818
11
0.5069057874015748
21
-0.7217427559055118
0
LINE
8
BLACK
6
CONTINUOUS
10
0.5069057874015748
20
-0.7217427559055118
11
0.509287874015748
21
-0.7274936220472441
0
LINE
8
BLACK
6
CONTINUOUS
10
0.509287874015748
20
-0.7274936220472441
11
0.509287874015748
21
-0.7274936614173229
0
LINE
8
BLACK
6
CONTINUOUS
10
0.509287874015748
20
-0.7274936614173229
11
0.5130772834645669
21
-0.732432125984252
0
LINE
8
BLACK
6
CONTINUOUS
10
0.5130772834645669
20
-0.732432125984252
11
0.5130774803149606
21
-0.7324323622047244
0
LINE
8
BLACK
6
CONTINUOUS
10
0.5130774803149606
20
-0.7324323622047244
11
0.5130776377952756
21
-0.7324324803149607
0
LINE
8
BLACK
6
CONTINUOUS
10
0.5130776377952756
20
-0.7324324803149607
11
0.5130776771653544
21
-0.7324325196850393
0
LINE
8
BLACK
6
CONTINUOUS
10
0.5130776771653544
20
-0.7324325196850393
11
0.5132305905511811
21
-0.732549842519685
0
LINE
8
BLACK
6
CONTINUOUS
10
0.5132305905511811
20
-0.732549842519685
11
0.5180161023622047
21
-0.7362218897637796
0
LINE
8
BLACK
6
CONTINUOUS
10
0.5180161023622047
20
-0.7362218897637796
11
0.5180161417322835
21
-0.7362218897637796
0
LINE
8
BLACK
6
CONTINUOUS
10
0.5180161417322835
20
-0.7362218897637796
11
0.5180161811023621
21
-0.7362219291338582
0
LINE
8
BLACK
6
CONTINUOUS
10
0.5180161811023621
20
-0.7362219291338582
11
0.5237670472440945
21
-0.7386040157480315
0
LINE
8
BLACK
6
CONTINUOUS
10
0.5237670472440945
20
-0.7386040157480315
11
0.5237672440944882
21
-0.738604094488189
0
LINE
8
BLACK
6
CONTINUOUS
10
0.5237672440944882
20
-0.738604094488189
11
0.5283960236220472
21
-0.7392134645669292
0
LINE
8
BLACK
6
CONTINUOUS
10
0.5283960236220472
20
-0.7392134645669292
11
0.529938937007874
21
-0.7394166141732283
0
LINE
8
BLACK
6
CONTINUOUS
10
0.529938937007874
20
-0.7394166141732283
11
0.5299389763779527
21
-0.7394166141732283
0
LINE
8
BLACK
6
CONTINUOUS
10
0.5299389763779527
20
-0.7394166141732283
11
0.5299390157480315
21
-0.7394166141732283
0
LINE
8
BLACK
6
CONTINUOUS
10
0.5299390157480315
20
-0.7394166141732283
11
0.5314818897637795
21
-0.7392134645669292
0
LINE
8
BLACK
6
CONTINUOUS
10
0.5314818897637795
20
-0.7392134645669292
11
0.5361107086614173
21
-0.738604094488189
0
LINE
8
BLACK
6
CONTINUOUS
10
0.5361107086614173
20
-0.738604094488189
11
0.5374073228346457
21
-0.7380669685039369
0
LINE
8
BLACK
6
CONTINUOUS
10
0.5374073228346457
20
-0.7380669685039369
11
0.5398087007874015
21
-0.7378779921259843
0
LINE
8
BLACK
6
CONTINUOUS
10
0.5398087007874015
20
-0.7378779921259843
11
0.5416549212598425
21
-0.7389118897637795
0
LINE
8
BLACK
6
CONTINUOUS
10
0.5416549212598425
20
-0.7389118897637795
11
0.5879097244094488
21
-0.7851666535433071
0
LINE
8
BLACK
6
CONTINUOUS
10
0.5879097244094488
20
-0.7851666535433071
11
0.6275406692913386
21
-0.8247975984251968
0
LINE
8
BLACK
6
CONTINUOUS
10
0.6275406692913386
20
-0.8247975984251968
11
0.6275407480314961
21
-0.8247977165354331
0
LINE
8
BLACK
6
CONTINUOUS
10
0.6275407480314961
20
-0.8247977165354331
11
0.6299266929133858
21
-0.8271836614173228
0
LINE
8
BLACK
6
CONTINUOUS
10
0.6299266929133858
20
-0.8271836614173228
11
0.6309518503937007
21
-0.8277755118110236
0
LINE
8
BLACK
6
CONTINUOUS
10
0.6309518503937007
20
-0.8277755118110236
11
0.6309519291338582
21
-0.8277755905511811
0
LINE
8
BLACK
6
CONTINUOUS
10
0.6309519291338582
20
-0.8277755905511811
11
0.630951968503937
21
-0.8277755905511811
0
LINE
8
BLACK
6
CONTINUOUS
10
0.630951968503937
20
-0.8277755905511811
11
0.6328488582677165
21
-0.8288707874015748
0
LINE
8
BLACK
6
CONTINUOUS
10
0.6328488582677165
20
-0.8288707874015748
11
0.6361081496062992
21
-0.829744094488189
0
LINE
8
BLACK
6
CONTINUOUS
10
0.6361081496062992
20
-0.829744094488189
11
0.6361082283464566
21
-0.829744094488189
0
LINE
8
BLACK
6
CONTINUOUS
10
0.6361082283464566
20
-0.829744094488189
11
0.946568937007874
21
-0.829744094488189
0
LINE
8
BLACK
6
CONTINUOUS
10
0.946568937007874
20
-0.829744094488189
11
0.9465690157480314
21
-0.829744094488189
0
LINE
8
BLACK
6
CONTINUOUS
10
0.9465690157480314
20
-0.829744094488189
11
0.9498283070866141
21
-0.8288707874015748
0
LINE
8
BLACK
6
CONTINUOUS
10
0.9498283070866141
20
-0.8288707874015748
11
0.9498283858267716
21
-0.8288707086614173
0
LINE
8
BLACK
6
CONTINUOUS
10
0.9498283858267716
20
-0.8288707086614173
11
0.9498284645669292
21
-0.8288707086614173
0
LINE
8
BLACK
6
CONTINUOUS
10
0.9498284645669292
20
-0.8288707086614173
11
0.9527502755905511
21
-0.8271837795275591
0
LINE
8
BLACK
6
CONTINUOUS
10
0.9527502755905511
20
-0.8271837795275591
11
0.9527502755905511
21
-0.8271837401574803
0
LINE
8
BLACK
6
CONTINUOUS
10
0.9527502755905511
20
-0.8271837401574803
11
0.9527504724409449
21
-0.8271836614173228
0
LINE
8
BLACK
6
CONTINUOUS
10
0.9527504724409449
20
-0.8271836614173228
11
1.0889946850393701
21
-0.6909394488188976
0
LINE
8
BLACK
6
CONTINUOUS
10
1.0889946850393701
20
-0.6909394488188976
11
1.090681811023622
21
-0.6880172834645669
0
LINE
8
BLACK
6
CONTINUOUS
10
1.090681811023622
20
-0.6880172834645669
11
1.0915551181102361
21
-0.6847579921259842
0
LINE
8
BLACK
6
CONTINUOUS
10
1.0915551181102361
20
-0.6847579921259842
11
1.0915551181102361
21
-0.6813837401574803
0
LINE
8
BLACK
6
CONTINUOUS
10
1.0915551181102361
20
-0.6813837401574803
11
1.0915551181102361
21
-0.5455106299212599
0
LINE
8
BLACK
6
CONTINUOUS
10
1.0915551181102361
20
-0.5455106299212599
11
1.0922994881889763
21
-0.5432196456692914
0
LINE
8
BLACK
6
CONTINUOUS
10
1.0922994881889763
20
-0.5432196456692914
11
1.0930800393700788
21
-0.5424184251968504
0
LINE
8
BLACK
6
CONTINUOUS
10
1.0930800393700788
20
-0.5424184251968504
11
1.0956016535433071
21
-0.5404835433070866
0
LINE
8
BLACK
6
CONTINUOUS
10
1.0956016535433071
20
-0.5404835433070866
11
1.0993911811023622
21
-0.5355449212598425
0
LINE
8
BLACK
6
CONTINUOUS
10
1.0993911811023622
20
-0.5355449212598425
11
1.1017733858267715
21
-0.529793779527559
0
LINE
8
BLACK
6
CONTINUOUS
10
1.1017733858267715
20
-0.529793779527559
11
1.102585905511811
21
-0.5236220472440944
0
LINE
8
BLACK
6
CONTINUOUS
10
1.102585905511811
20
-0.5236220472440944
11
1.1017733858267715
21
-0.5174503149606299
0
LINE
8
BLACK
6
CONTINUOUS
10
1.1017733858267715
20
-0.5174503149606299
11
1.1000171259842519
21
-0.5132103149606299
0
LINE
8
BLACK
6
CONTINUOUS
10
1.1000171259842519
20
-0.5132103149606299
11
1.099391220472441
21
-0.511699251968504
0
LINE
8
BLACK
6
CONTINUOUS
10
1.099391220472441
20
-0.511699251968504
11
1.099391220472441
21
-0.5116992125984252
0
LINE
8
BLACK
6
CONTINUOUS
10
1.099391220472441
20
-0.5116992125984252
11
1.0956018110236221
21
-0.5067607480314961
0
LINE
8
BLACK
6
CONTINUOUS
10
1.0956018110236221
20
-0.5067607480314961
11
1.0956017716535433
21
-0.5067607086614173
0
LINE
8
BLACK
6
CONTINUOUS
10
1.0956017716535433
20
-0.5067607086614173
11
1.0956016535433071
21
-0.5067605511811023
0
LINE
8
BLACK
6
CONTINUOUS
10
1.0956016535433071
20
-0.5067605511811023
11
1.0956014566929133
21
-0.5067603937007874
0
LINE
8
BLACK
6
CONTINUOUS
10
1.0956014566929133
20
-0.5067603937007874
11
1.0956014173228346
21
-0.5067603543307087
0
LINE
8
BLACK
6
CONTINUOUS
10
1.0956014173228346
20
-0.5067603543307087
11
1.0906629133858268
21
-0.5029709448818898
0
LINE
8
BLACK
6
CONTINUOUS
10
1.0906629133858268
20
-0.5029709448818898
11
1.0849120472440945
21
-0.5005888582677165
0
LINE
8
BLACK
6
CONTINUOUS
10
1.0849120472440945
20
-0.5005888582677165
11
1.0849117322834645
21
-0.5005887795275591
0
LINE
8
BLACK
6
CONTINUOUS
10
1.0849117322834645
20
-0.5005887795275591
11
1.0787401968503936
21
-0.4997762992125984
0
LINE
8
BLACK
6
CONTINUOUS
10
1.0787401968503936
20
-0.4997762992125984
11
1.0787401181102363
21
-0.4997762992125984
0
LINE
8
BLACK
6
CONTINUOUS
10
1.0787401181102363
20
-0.4997762992125984
11
1.0725685433070866
21
-0.5005887795275591
0
LINE
8
BLACK
6
CONTINUOUS
10
1.0725685433070866
20
-0.5005887795275591
11
1.0725682283464566
21
-0.5005888582677165
0
LINE
8
BLACK
6
CONTINUOUS
10
1.0725682283464566
20
-0.5005888582677165
11
1.0668173622047243
21
-0.5029709448818898
0
LINE
8
BLACK
6
CONTINUOUS
10
1.0668173622047243
20
-0.5029709448818898
11
1.0668173228346456
21
-0.5029709448818898
0
LINE
8
BLACK
6
CONTINUOUS
10
1.0668173228346456
20
-0.5029709448818898
11
1.0618788582677166
21
-0.5067603543307087
0
LINE
8
BLACK
6
CONTINUOUS
10
1.0618788582677166
20
-0.5067603543307087
11
1.061878464566929
21
-0.5067607480314961
0
LINE
8
BLACK
6
CONTINUOUS
10
1.061878464566929
20
-0.5067607480314961
11
1.0580890551181101
21
-0.5116992125984252
0
LINE
8
BLACK
6
CONTINUOUS
10
1.0580890551181101
20
-0.5116992125984252
11
1.0580890551181101
21
-0.511699251968504
0
LINE
8
BLACK
6
CONTINUOUS
10
1.0580890551181101
20
-0.511699251968504
11
1.0557069685039371
21
-0.5174501181102362
0
LINE
8
BLACK
6
CONTINUOUS
10
1.0557069685039371
20
-0.5174501181102362
11
1.0557068897637796
21
-0.5174504330708661
0
LINE
8
BLACK
6
CONTINUOUS
10
1.0557068897637796
20
-0.5174504330708661
11
1.0548944094488188
21
-0.5236220078740157
0
LINE
8
BLACK
6
CONTINUOUS
10
1.0548944094488188
20
-0.5236220078740157
11
1.0548944094488188
21
-0.5236220472440944
0
LINE
8
BLACK
6
CONTINUOUS
10
1.0548944094488188
20
-0.5236220472440944
11
1.0557068897637796
21
-0.5297936220472441
0
LINE
8
BLACK
6
CONTINUOUS
10
1.0557068897637796
20
-0.5297936220472441
11
1.0557069685039371
21
-0.529793937007874
0
LINE
8
BLACK
6
CONTINUOUS
10
1.0557069685039371
20
-0.529793937007874
11
1.0580890551181101
21
-0.5355448031496063
0
LINE
8
BLACK
6
CONTINUOUS
10
1.0580890551181101
20
-0.5355448031496063
11
1.0580890551181101
21
-0.535544842519685
0
LINE
8
BLACK
6
CONTINUOUS
10
1.0580890551181101
20
-0.535544842519685
11
1.0580891338582676
21
-0.5355449212598425
0
LINE
8
BLACK
6
CONTINUOUS
10
1.0580891338582676
20
-0.5355449212598425
11
1.0618786614173228
21
-0.5404835433070866
0
LINE
8
BLACK
6
CONTINUOUS
10
1.0618786614173228
20
-0.5404835433070866
11
1.0618788188976378
21
-0.5404836614173228
0
LINE
8
BLACK
6
CONTINUOUS
10
1.0618788188976378
20
-0.5404836614173228
11
1.0644002755905511
21
-0.5424184251968504
0
LINE
8
BLACK
6
CONTINUOUS
10
1.0644002755905511
20
-0.5424184251968504
11
1.0657646850393701
21
-0.5444036220472441
0
LINE
8
BLACK
6
CONTINUOUS
10
1.0657646850393701
20
-0.5444036220472441
11
1.0659251968503938
21
-0.5455106299212599
0
LINE
8
BLACK
6
CONTINUOUS
10
1.0659251968503938
20
-0.5455106299212599
11
1.0659251968503938
21
-0.6761482283464567
0
LINE
8
BLACK
6
CONTINUOUS
10
1.0659251968503938
20
-0.6761482283464567
11
1.0651808267716536
21
-0.6784392125984252
0
LINE
8
BLACK
6
CONTINUOUS
10
1.0651808267716536
20
-0.6784392125984252
11
1.064783622047244
21
-0.6789042913385827
0
LINE
8
BLACK
6
CONTINUOUS
10
1.064783622047244
20
-0.6789042913385827
11
0.9407153149606299
21
-0.8029725984251969
0
LINE
8
BLACK
6
CONTINUOUS
10
0.9407153149606299
20
-0.8029725984251969
11
0.9385689763779528
21
-0.8040661811023622
0
LINE
8
BLACK
6
CONTINUOUS
10
0.9385689763779528
20
-0.8040661811023622
11
0.9379592519685039
21
-0.8041141732283464
0
LINE
8
BLACK
6
CONTINUOUS
10
0.9379592519685039
20
-0.8041141732283464
11
0.644717874015748
21
-0.8041141732283464
0
LINE
8
BLACK
6
CONTINUOUS
10
0.644717874015748
20
-0.8041141732283464
11
0.6424268897637795
21
-0.8033698031496063
0
LINE
8
BLACK
6
CONTINUOUS
10
0.6424268897637795
20
-0.8033698031496063
11
0.641961811023622
21
-0.8029725984251969
0
LINE
8
BLACK
6
CONTINUOUS
10
0.641961811023622
20
-0.8029725984251969
11
0.5546026771653543
21
-0.7156134251968503
0
LINE
8
BLACK
6
CONTINUOUS
10
0.5546026771653543
20
-0.7156134251968503
11
0.553509094488189
21
-0.7134670866141732
0
LINE
8
BLACK
6
CONTINUOUS
10
0.553509094488189
20
-0.7134670866141732
11
0.5534944488188976
21
-0.7133661023622047
0
LINE
8
BLACK
6
CONTINUOUS
10
0.5534944488188976
20
-0.7133661023622047
11
0.5531335039370079
21
-0.7106244881889764
0
LINE
8
BLACK
6
CONTINUOUS
10
0.5531335039370079
20
-0.7106244881889764
11
0.5529722047244094
21
-0.7093991338582677
0
LINE
8
BLACK
6
CONTINUOUS
10
0.5529722047244094
20
-0.7093991338582677
11
0.5505900393700788
21
-0.7036480708661417
0
LINE
8
BLACK
6
CONTINUOUS
10
0.5505900393700788
20
-0.7036480708661417
11
0.5505900393700788
21
-0.703648031496063
0
LINE
8
BLACK
6
CONTINUOUS
10
0.5505900393700788
20
-0.703648031496063
11
0.5468006299212599
21
-0.6987095669291339
0
LINE
8
BLACK
6
CONTINUOUS
10
0.5468006299212599
20
-0.6987095669291339
11
0.5468005905511811
21
-0.6987095275590551
0
LINE
8
BLACK
6
CONTINUOUS
10
0.5468005905511811
20
-0.6987095275590551
11
0.5468004724409449
21
-0.6987093700787401
0
LINE
8
BLACK
6
CONTINUOUS
10
0.5468004724409449
20
-0.6987093700787401
11
0.5468002755905512
21
-0.6987092125984252
0
LINE
8
BLACK
6
CONTINUOUS
10
0.5468002755905512
20
-0.6987092125984252
11
0.5468002362204725
21
-0.6987091732283465
0
LINE
8
BLACK
6
CONTINUOUS
10
0.5468002362204725
20
-0.6987091732283465
11
0.5418617322834646
21
-0.6949197637795276
0
LINE
8
BLACK
6
CONTINUOUS
10
0.5418617322834646
20
-0.6949197637795276
11
0.5361108661417323
21
-0.6925376771653543
0
LINE
8
BLACK
6
CONTINUOUS
10
0.5361108661417323
20
-0.6925376771653543
11
0.5361105511811024
21
-0.6925375984251968
0
LINE
8
BLACK
6
CONTINUOUS
10
0.5361105511811024
20
-0.6925375984251968
11
0.5299390157480315
21
-0.6917251181102362
0
LINE
8
BLACK
6
CONTINUOUS
10
0.5299390157480315
20
-0.6917251181102362
11
0.529938937007874
21
-0.6917251181102362
0
LINE
8
BLACK
6
CONTINUOUS
10
0.529938937007874
20
-0.6917251181102362
11
0.5237673622047244
21
-0.6925375984251968
0
LINE
8
BLACK
6
CONTINUOUS
10
0.5237673622047244
20
-0.6925375984251968
11
0.5237670472440945
21
-0.6925376771653543
0
LINE
8
BLACK
6
CONTINUOUS
10
0.5237670472440945
20
-0.6925376771653543
11
0.5180161811023621
21
-0.6949197637795276
0
LINE
8
BLACK
6
CONTINUOUS
10
0.5180161811023621
20
-0.6949197637795276
11
0.5180161417322835
21
-0.6949197637795276
0
LINE
8
BLACK
6
CONTINUOUS
10
0.5180161417322835
20
-0.6949197637795276
11
0.5130776771653544
21
-0.6987091732283465
0
LINE
8
BLACK
6
CONTINUOUS
10
0.5130776771653544
20
-0.6987091732283465
11
0.5130772834645669
21
-0.6987095669291339
0
LINE
8
BLACK
6
CONTINUOUS
10
0.5130772834645669
20
-0.6987095669291339
11
0.509287874015748
21
-0.703648031496063
0
LINE
8
BLACK
6
CONTINUOUS
10
0.509287874015748
20
-0.703648031496063
11
0.509287874015748
21
-0.7036480708661417
0
LINE
8
BLACK
6
CONTINUOUS
10
0.509287874015748
20
-0.7036480708661417
11
0.5069057874015748
21
-0.709398937007874
0
LINE
8
BLACK
6
CONTINUOUS
10
0.5069057874015748
20
-0.709398937007874
11
0.5069057086614173
21
-0.709399251968504
0
LINE
8
BLACK
6
CONTINUOUS
10
0.5069057086614173
20
-0.709399251968504
11
0.5060932283464566
21
-0.7155708267716535
0
LINE
8
BLACK
6
CONTINUOUS
10
0.5060932283464566
20
-0.7155708267716535
11
0.5060932283464566
21
-0.7155708661417323
0
LINE
8
BLACK
6
CONTINUOUS
10
-0.9608536220472441
20
0.5708661417322834
11
-0.9600411417322834
21
0.5646945669291339
0
LINE
8
BLACK
6
CONTINUOUS
10
-0.9600411417322834
20
0.5646945669291339
11
-0.960041062992126
21
0.564694251968504
0
LINE
8
BLACK
6
CONTINUOUS
10
-0.960041062992126
20
0.564694251968504
11
-0.9576589763779527
21
0.5589433858267716
0
LINE
8
BLACK
6
CONTINUOUS
10
-0.9576589763779527
20
0.5589433858267716
11
-0.9576589763779527
21
0.5589433464566929
0
LINE
8
BLACK
6
CONTINUOUS
10
-0.9576589763779527
20
0.5589433464566929
11
-0.9548095669291339
21
0.5552299212598425
0
LINE
8
BLACK
6
CONTINUOUS
10
-0.9548095669291339
20
0.5552299212598425
11
-0.9538693700787402
21
0.5540046456692913
0
LINE
8
BLACK
6
CONTINUOUS
10
-0.9538693700787402
20
0.5540046456692913
11
-0.948930748031496
21
0.5502151181102362
0
LINE
8
BLACK
6
CONTINUOUS
10
-0.948930748031496
20
0.5502151181102362
11
-0.9489307086614173
21
0.5502151181102362
0
LINE
8
BLACK
6
CONTINUOUS
10
-0.9489307086614173
20
0.5502151181102362
11
-0.9489306692913385
21
0.5502150787401575
0
LINE
8
BLACK
6
CONTINUOUS
10
-0.9489306692913385
20
0.5502150787401575
11
-0.9436114960629921
21
0.5480118110236221
0
LINE
8
BLACK
6
CONTINUOUS
10
-0.9436114960629921
20
0.5480118110236221
11
-0.9431796062992126
21
0.5478329133858267
0
LINE
8
BLACK
6
CONTINUOUS
10
-0.9431796062992126
20
0.5478329133858267
11
-0.937007874015748
21
0.5470203937007874
0
LINE
8
BLACK
6
CONTINUOUS
10
-0.937007874015748
20
0.5470203937007874
11
-0.9321171653543306
21
0.5476642913385826
0
LINE
8
BLACK
6
CONTINUOUS
10
-0.9321171653543306
20
0.5476642913385826
11
-0.9297487007874016
21
0.5472253149606299
0
LINE
8
BLACK
6
CONTINUOUS
10
-0.9297487007874016
20
0.5472253149606299
11
-0.9288524015748031
21
0.546556062992126
0
LINE
8
BLACK
6
CONTINUOUS
10
-0.9288524015748031
20
0.546556062992126
11
-0.6478148031496063
21
0.2655185039370079
0
LINE
8
BLACK
6
CONTINUOUS
10
-0.6478148031496063
20
0.2655185039370079
11
-0.646721220472441
21
0.2633721653543307
0
LINE
8
BLACK
6
CONTINUOUS
10
-0.646721220472441
20
0.2633721653543307
11
-0.6466732283464567
21
0.2627624409448819
0
LINE
8
BLACK
6
CONTINUOUS
10
-0.6466732283464567
20
0.2627624409448819
11
-0.6466732283464567
21
-0.4431947637795275
0
LINE
8
BLACK
6
CONTINUOUS
10
-0.6466732283464567
20
-0.4431947637795275
11
-0.6466732283464567
21
-0.4465690157480315
0
LINE
8
BLACK
6
CONTINUOUS
10
-0.6466732283464567
20
-0.4465690157480315
11
-0.6459030708661417
21
-0.4494434251968504
0
LINE
8
BLACK
6
CONTINUOUS
10
-0.6459030708661417
20
-0.4494434251968504
11
-0.6457998818897638
21
-0.4498284645669291
0
LINE
8
BLACK
6
CONTINUOUS
10
-0.6457998818897638
20
-0.4498284645669291
11
-0.6441129527559055
21
-0.4527502755905511
0
LINE
8
BLACK
6
CONTINUOUS
10
-0.6441129527559055
20
-0.4527502755905511
11
-0.6441129133858268
21
-0.4527503149606299
0
LINE
8
BLACK
6
CONTINUOUS
10
-0.6441129133858268
20
-0.4527503149606299
11
-0.644112874015748
21
-0.4527503543307086
0
LINE
8
BLACK
6
CONTINUOUS
10
-0.644112874015748
20
-0.4527503543307086
11
-0.6441127952755905
21
-0.4527504724409449
0
LINE
8
BLACK
6
CONTINUOUS
10
-0.6441127952755905
20
-0.4527504724409449
11
-0.4905640944881889
21
-0.6062991732283465
0
LINE
8
BLACK
6
CONTINUOUS
10
-0.4905640944881889
20
-0.6062991732283465
11
-0.3468687401574803
21
-0.749994527559055
0
LINE
8
BLACK
6
CONTINUOUS
10
-0.3468687401574803
20
-0.749994527559055
11
-0.3468687007874016
21
-0.7499945669291338
0
LINE
8
BLACK
6
CONTINUOUS
10
-0.3468687007874016
20
-0.7499945669291338
11
-0.3468687401574803
21
-0.7499945669291338
0
LINE
8
BLACK
6
CONTINUOUS
10
-0.3468687401574803
20
-0.7499945669291338
11
-0.3453290157480315
21
-0.7515342519685039
0
LINE
8
BLACK
6
CONTINUOUS
10
-0.3453290157480315
20
-0.7515342519685039
11
-0.3444827559055118
21
-0.7523805118110236
0
LINE
8
BLACK
6
CONTINUOUS
10
-0.3444827559055118
20
-0.7523805118110236
11
-0.3415605511811023
21
-0.7540676377952755
0
LINE
8
BLACK
6
CONTINUOUS
10
-0.3415605511811023
20
-0.7540676377952755
11
-0.3383012992125984
21
-0.7549409448818898
0
LINE
8
BLACK
6
CONTINUOUS
10
-0.3383012992125984
20
-0.7549409448818898
11
-0.3349270472440945
21
-0.7549409448818898
0
LINE
8
BLACK
6
CONTINUOUS
10
-0.3349270472440945
20
-0.7549409448818898
11
0.2440666535433071
21
-0.7549409448818898
0
LINE
8
BLACK
6
CONTINUOUS
10
0.2440666535433071
20
-0.7549409448818898
11
0.2463576377952756
21
-0.7556853149606299
0
LINE
8
BLACK
6
CONTINUOUS
10
0.2463576377952756
20
-0.7556853149606299
11
0.2471588188976378
21
-0.7564658267716535
0
LINE
8
BLACK
6
CONTINUOUS
10
0.2471588188976378
20
-0.7564658267716535
11
0.2494379921259842
21
-0.7594361023622047
0
LINE
8
BLACK
6
CONTINUOUS
10
0.2494379921259842
20
-0.7594361023622047
11
0.2494381496062992
21
-0.759436220472441
0
LINE
8
BLACK
6
CONTINUOUS
10
0.2494381496062992
20
-0.759436220472441
11
0.249438188976378
21
-0.7594362598425197
0
LINE
8
BLACK
6
CONTINUOUS
10
0.249438188976378
20
-0.7594362598425197
11
0.2494423622047244
21
-0.7594394488188976
0
LINE
8
BLACK
6
CONTINUOUS
10
0.2494423622047244
20
-0.7594394488188976
11
0.2543766141732283
21
-0.7632256299212599
0
LINE
8
BLACK
6
CONTINUOUS
10
0.2543766141732283
20
-0.7632256299212599
11
0.2601277559055118
21
-0.7656078346456693
0
LINE
8
BLACK
6
CONTINUOUS
10
0.2601277559055118
20
-0.7656078346456693
11
0.2647565354330709
21
-0.7662172047244095
0
LINE
8
BLACK
6
CONTINUOUS
10
0.2647565354330709
20
-0.7662172047244095
11
0.2662994488188976
21
-0.7664203543307087
0
LINE
8
BLACK
6
CONTINUOUS
10
0.2662994488188976
20
-0.7664203543307087
11
0.2662994881889764
21
-0.7664203543307087
0
LINE
8
BLACK
6
CONTINUOUS
10
0.2662994881889764
20
-0.7664203543307087
11
0.2662995275590551
21
-0.7664203543307087
0
LINE
8
BLACK
6
CONTINUOUS
10
0.2662995275590551
20
-0.7664203543307087
11
0.2676451968503937
21
-0.7662431889763779
0
LINE
8
BLACK
6
CONTINUOUS
10
0.2676451968503937
20
-0.7662431889763779
11
0.2724712204724409
21
-0.7656078346456693
0
LINE
8
BLACK
6
CONTINUOUS
10
0.2724712204724409
20
-0.7656078346456693
11
0.2782223622047244
21
-0.7632256299212599
0
LINE
8
BLACK
6
CONTINUOUS
10
0.2782223622047244
20
-0.7632256299212599
11
0.2831609842519685
21
-0.7594361023622047
0
LINE
8
BLACK
6
CONTINUOUS
10
0.2831609842519685
20
-0.7594361023622047
11
0.2855125196850394
21
-0.7563714566929134
0
LINE
8
BLACK
6
CONTINUOUS
10
0.2855125196850394
20
-0.7563714566929134
11
0.2874976377952756
21
-0.7550071653543307
0
LINE
8
BLACK
6
CONTINUOUS
10
0.2874976377952756
20
-0.7550071653543307
11
0.2899056692913386
21
-0.7550701968503937
0
LINE
8
BLACK
6
CONTINUOUS
10
0.2899056692913386
20
-0.7550701968503937
11
0.2916968503937008
21
-0.7563715748031495
0
LINE
8
BLACK
6
CONTINUOUS
10
0.2916968503937008
20
-0.7563715748031495
11
0.2917910236220472
21
-0.7564943307086615
0
LINE
8
BLACK
6
CONTINUOUS
10
0.2917910236220472
20
-0.7564943307086615
11
0.2921936220472441
21
-0.7570189763779528
0
LINE
8
BLACK
6
CONTINUOUS
10
0.2921936220472441
20
-0.7570189763779528
11
0.2971322440944882
21
-0.7608085039370078
0
LINE
8
BLACK
6
CONTINUOUS
10
0.2971322440944882
20
-0.7608085039370078
11
0.2971322834645669
21
-0.7608085039370078
0
LINE
8
BLACK
6
CONTINUOUS
10
0.2971322834645669
20
-0.7608085039370078
11
0.2971323228346457
21
-0.7608085433070866
0
LINE
8
BLACK
6
CONTINUOUS
10
0.2971323228346457
20
-0.7608085433070866
11
0.3022406692913386
21
-0.7629244881889764
0
LINE
8
BLACK
6
CONTINUOUS
10
0.3022406692913386
20
-0.7629244881889764
11
0.3028833858267717
21
-0.7631907086614174
0
LINE
8
BLACK
6
CONTINUOUS
10
0.3028833858267717
20
-0.7631907086614174
11
0.3075121653543307
21
-0.7638000787401574
0
LINE
8
BLACK
6
CONTINUOUS
10
0.3075121653543307
20
-0.7638000787401574
11
0.3090550787401575
21
-0.7640032283464567
0
LINE
8
BLACK
6
CONTINUOUS
10
0.3090550787401575
20
-0.7640032283464567
11
0.3090551181102362
21
-0.7640032283464567
0
LINE
8
BLACK
6
CONTINUOUS
10
0.3090551181102362
20
-0.7640032283464567
11
0.309055157480315
21
-0.7640032283464567
0
LINE
8
BLACK
6
CONTINUOUS
10
0.309055157480315
20
-0.7640032283464567
11
0.3102894488188976
21
-0.7638407086614173
0
LINE
8
BLACK
6
CONTINUOUS
10
0.3102894488188976
20
-0.7638407086614173
11
0.3152268503937008
21
-0.7631907086614174
0
LINE
8
BLACK
6
CONTINUOUS
10
0.3152268503937008
20
-0.7631907086614174
11
0.3209779921259843
21
-0.7608085039370078
0
LINE
8
BLACK
6
CONTINUOUS
10
0.3209779921259843
20
-0.7608085039370078
11
0.3259166141732283
21
-0.7570189763779528
0
LINE
8
BLACK
6
CONTINUOUS
10
0.3259166141732283
20
-0.7570189763779528
11
0.3297061417322835
21
-0.7520803543307086
0
LINE
8
BLACK
6
CONTINUOUS
10
0.3297061417322835
20
-0.7520803543307086
11
0.3320883464566929
21
-0.7463292125984252
0
LINE
8
BLACK
6
CONTINUOUS
10
0.3320883464566929
20
-0.7463292125984252
11
0.3329008661417323
21
-0.7401574803149606
0
LINE
8
BLACK
6
CONTINUOUS
10
0.3329008661417323
20
-0.7401574803149606
11
0.332887125984252
21
-0.7400532283464567
0
LINE
8
BLACK
6
CONTINUOUS
10
0.332887125984252
20
-0.7400532283464567
11
0.3325361023622047
21
-0.7373868897637795
0
LINE
8
BLACK
6
CONTINUOUS
10
0.3325361023622047
20
-0.7373868897637795
11
0.3320883464566929
21
-0.7339857480314961
0
LINE
8
BLACK
6
CONTINUOUS
10
0.3320883464566929
20
-0.7339857480314961
11
0.3314935039370079
21
-0.73254968503937
0
LINE
8
BLACK
6
CONTINUOUS
10
0.3314935039370079
20
-0.73254968503937
11
0.3297061811023622
21
-0.7282346850393701
0
LINE
8
BLACK
6
CONTINUOUS
10
0.3297061811023622
20
-0.7282346850393701
11
0.3297061417322835
21
-0.7282346456692913
0
LINE
8
BLACK
6
CONTINUOUS
10
0.3297061417322835
20
-0.7282346456692913
11
0.3297061417322835
21
-0.7282346062992126
0
LINE
8
BLACK
6
CONTINUOUS
10
0.3297061417322835
20
-0.7282346062992126
11
0.3279118897637795
21
-0.7258962992125985
0
LINE
8
BLACK
6
CONTINUOUS
10
0.3279118897637795
20
-0.7258962992125985
11
0.3271078346456693
21
-0.7236256299212598
0
LINE
8
BLACK
6
CONTINUOUS
10
0.3271078346456693
20
-0.7236256299212598
11
0.3277920078740157
21
-0.7213159842519685
0
LINE
8
BLACK
6
CONTINUOUS
10
0.3277920078740157
20
-0.7213159842519685
11
0.3297030708661417
21
-0.7198495275590551
0
LINE
8
BLACK
6
CONTINUOUS
10
0.3297030708661417
20
-0.7198495275590551
11
0.3310041338582677
21
-0.7196259842519684
0
LINE
8
BLACK
6
CONTINUOUS
10
0.3310041338582677
20
-0.7196259842519684
11
0.4351972047244094
21
-0.7196259842519684
0
LINE
8
BLACK
6
CONTINUOUS
10
0.4351972047244094
20
-0.7196259842519684
11
0.4374881889763779
21
-0.7203703543307086
0
LINE
8
BLACK
6
CONTINUOUS
10
0.4374881889763779
20
-0.7203703543307086
11
0.438904094488189
21
-0.7223191732283465
0
LINE
8
BLACK
6
CONTINUOUS
10
0.438904094488189
20
-0.7223191732283465
11
0.4390614566929134
21
-0.7240322834645669
0
LINE
8
BLACK
6
CONTINUOUS
10
0.4390614566929134
20
-0.7240322834645669
11
0.4387526771653543
21
-0.7263779133858268
0
LINE
8
BLACK
6
CONTINUOUS
10
0.4387526771653543
20
-0.7263779133858268
11
0.4387526771653543
21
-0.7263779527559054
0
LINE
8
BLACK
6
CONTINUOUS
10
0.4387526771653543
20
-0.7263779527559054
11
0.4395651574803149
21
-0.7325495275590551
0
LINE
8
BLACK
6
CONTINUOUS
10
0.4395651574803149
20
-0.7325495275590551
11
0.4395652362204724
21
-0.732549842519685
0
LINE
8
BLACK
6
CONTINUOUS
10
0.4395652362204724
20
-0.732549842519685
11
0.4419473228346457
21
-0.7383007086614173
0
LINE
8
BLACK
6
CONTINUOUS
10
0.4419473228346457
20
-0.7383007086614173
11
0.4419473228346457
21
-0.738300748031496
0
LINE
8
BLACK
6
CONTINUOUS
10
0.4419473228346457
20
-0.738300748031496
11
0.4457367322834646
21
-0.7432392125984252
0
LINE
8
BLACK
6
CONTINUOUS
10
0.4457367322834646
20
-0.7432392125984252
11
0.4457369291338583
21
-0.7432394488188976
0
LINE
8
BLACK
6
CONTINUOUS
10
0.4457369291338583
20
-0.7432394488188976
11
0.4506755511811024
21
-0.7470289763779527
0
LINE
8
BLACK
6
CONTINUOUS
10
0.4506755511811024
20
-0.7470289763779527
11
0.4564266929133858
21
-0.7494111811023622
0
LINE
8
BLACK
6
CONTINUOUS
10
0.4564266929133858
20
-0.7494111811023622
11
0.4610554724409449
21
-0.7500205511811023
0
LINE
8
BLACK
6
CONTINUOUS
10
0.4610554724409449
20
-0.7500205511811023
11
0.4625983858267717
21
-0.7502237007874015
0
LINE
8
BLACK
6
CONTINUOUS
10
0.4625983858267717
20
-0.7502237007874015
11
0.4625984251968504
21
-0.7502237007874015
0
LINE
8
BLACK
6
CONTINUOUS
10
0.4625984251968504
20
-0.7502237007874015
11
0.4625984645669291
21
-0.7502237007874015
0
LINE
8
BLACK
6
CONTINUOUS
10
0.4625984645669291
20
-0.7502237007874015
11
0.4638327559055118
21
-0.7500611811023622
0
LINE
8
BLACK
6
CONTINUOUS
10
0.4638327559055118
20
-0.7500611811023622
11
0.468770157480315
21
-0.7494111811023622
0
LINE
8
BLACK
6
CONTINUOUS
10
0.468770157480315
20
-0.7494111811023622
11
0.4745212992125984
21
-0.7470289763779527
0
LINE
8
BLACK
6
CONTINUOUS
10
0.4745212992125984
20
-0.7470289763779527
11
0.4794599212598425
21
-0.7432394488188976
0
LINE
8
BLACK
6
CONTINUOUS
10
0.4794599212598425
20
-0.7432394488188976
11
0.4832494488188976
21
-0.7383008267716535
0
LINE
8
BLACK
6
CONTINUOUS
10
0.4832494488188976
20
-0.7383008267716535
11
0.4856316535433071
21
-0.73254968503937
0
LINE
8
BLACK
6
CONTINUOUS
10
0.4856316535433071
20
-0.73254968503937
11
0.4864441732283464
21
-0.7263779527559054
0
LINE
8
BLACK
6
CONTINUOUS
10
0.4864441732283464
20
-0.7263779527559054
11
0.4856316535433071
21
-0.720206220472441
0
LINE
8
BLACK
6
CONTINUOUS
10
0.4856316535433071
20
-0.720206220472441
11
0.4848353543307086
21
-0.7182837401574803
0
LINE
8
BLACK
6
CONTINUOUS
10
0.4848353543307086
20
-0.7182837401574803
11
0.4837116141732283
21
-0.7155708267716535
0
LINE
8
BLACK
6
CONTINUOUS
10
0.4837116141732283
20
-0.7155708267716535
11
0.4832494881889763
21
-0.714455157480315
0
LINE
8
BLACK
6
CONTINUOUS
10
0.4832494881889763
20
-0.714455157480315
11
0.4832494881889763
21
-0.7144551181102362
0
LINE
8
BLACK
6
CONTINUOUS
10
0.4832494881889763
20
-0.7144551181102362
11
0.4794600787401574
21
-0.7095166535433071
0
LINE
8
BLACK
6
CONTINUOUS
10
0.4794600787401574
20
-0.7095166535433071
11
0.4794600393700787
21
-0.7095166141732283
0
LINE
8
BLACK
6
CONTINUOUS
10
0.4794600393700787
20
-0.7095166141732283
11
0.4794599212598425
21
-0.7095164566929134
0
LINE
8
BLACK
6
CONTINUOUS
10
0.4794599212598425
20
-0.7095164566929134
11
0.4794597244094488
21
-0.7095162992125984
0
LINE
8
BLACK
6
CONTINUOUS
10
0.4794597244094488
20
-0.7095162992125984
11
0.4794596850393701
21
-0.7095162598425196
0
LINE
8
BLACK
6
CONTINUOUS
10
0.4794596850393701
20
-0.7095162598425196
11
0.4745211811023622
21
-0.7057268503937008
0
LINE
8
BLACK
6
CONTINUOUS
10
0.4745211811023622
20
-0.7057268503937008
11
0.4687703149606299
21
-0.7033447637795276
0
LINE
8
BLACK
6
CONTINUOUS
10
0.4687703149606299
20
-0.7033447637795276
11
0.46877
21
-0.7033446850393701
0
LINE
8
BLACK
6
CONTINUOUS
10
0.46877
20
-0.7033446850393701
11
0.4625984645669291
21
-0.7025322047244095
0
LINE
8
BLACK
6
CONTINUOUS
10
0.4625984645669291
20
-0.7025322047244095
11
0.4625983858267717
21
-0.7025322047244095
0
LINE
8
BLACK
6
CONTINUOUS
10
0.4625983858267717
20
-0.7025322047244095
11
0.4594472047244094
21
-0.7029470472440945
0
LINE
8
BLACK
6
CONTINUOUS
10
0.4594472047244094
20
-0.7029470472440945
11
0.4570786614173228
21
-0.7025080708661418
0
LINE
8
BLACK
6
CONTINUOUS
10
0.4570786614173228
20
-0.7025080708661418
11
0.4561824409448819
21
-0.7018388188976378
0
LINE
8
BLACK
6
CONTINUOUS
10
0.4561824409448819
20
-0.7018388188976378
11
0.4509000787401575
21
-0.6965564960629921
0
LINE
8
BLACK
6
CONTINUOUS
10
0.4509000787401575
20
-0.6965564960629921
11
0.4508998818897638
21
-0.6965563385826772
0
LINE
8
BLACK
6
CONTINUOUS
10
0.4508998818897638
20
-0.6965563385826772
11
0.447978031496063
21
-0.6948694094488189
0
LINE
8
BLACK
6
CONTINUOUS
10
0.447978031496063
20
-0.6948694094488189
11
0.4479781102362205
21
-0.6948694094488189
0
LINE
8
BLACK
6
CONTINUOUS
10
0.4479781102362205
20
-0.6948694094488189
11
0.4464863779527559
21
-0.6944697244094488
0
LINE
8
BLACK
6
CONTINUOUS
10
0.4464863779527559
20
-0.6944697244094488
11
0.4447186220472441
21
-0.693996062992126
0
LINE
8
BLACK
6
CONTINUOUS
10
0.4447186220472441
20
-0.693996062992126
11
0.4447185433070866
21
-0.693996062992126
0
LINE
8
BLACK
6
CONTINUOUS
10
0.4447185433070866
20
-0.693996062992126
11
0.3121588582677166
21
-0.693996062992126
0
LINE
8
BLACK
6
CONTINUOUS
10
0.3121588582677166
20
-0.693996062992126
11
0.309867874015748
21
-0.6932516929133858
0
LINE
8
BLACK
6
CONTINUOUS
10
0.309867874015748
20
-0.6932516929133858
11
0.3094028346456693
21
-0.6928544881889763
0
LINE
8
BLACK
6
CONTINUOUS
10
0.3094028346456693
20
-0.6928544881889763
11
0.2913331496062992
21
-0.6747848425196851
0
LINE
8
BLACK
6
CONTINUOUS
10
0.2913331496062992
20
-0.6747848425196851
11
0.2913329527559055
21
-0.6747846850393701
0
LINE
8
BLACK
6
CONTINUOUS
10
0.2913329527559055
20
-0.6747846850393701
11
0.2884111023622047
21
-0.6730977559055118
0
LINE
8
BLACK
6
CONTINUOUS
10
0.2884111023622047
20
-0.6730977559055118
11
0.2884111811023622
21
-0.6730977559055118
0
LINE
8
BLACK
6
CONTINUOUS
10
0.2884111811023622
20
-0.6730977559055118
11
0.2871464960629921
21
-0.6727588976377953
0
LINE
8
BLACK
6
CONTINUOUS
10
0.2871464960629921
20
-0.6727588976377953
11
0.2851516929133858
21
-0.6722244094488189
0
LINE
8
BLACK
6
CONTINUOUS
10
0.2851516929133858
20
-0.6722244094488189
11
0.2851516141732283
21
-0.6722244094488189
0
LINE
8
BLACK
6
CONTINUOUS
10
0.2851516141732283
20
-0.6722244094488189
11
0.1230917322834646
21
-0.6722244094488189
0
LINE
8
BLACK
6
CONTINUOUS
10
0.1230917322834646
20
-0.6722244094488189
11
0.1208007480314961
21
-0.6714800393700787
0
LINE
8
BLACK
6
CONTINUOUS
10
0.1208007480314961
20
-0.6714800393700787
11
0.1203356692913386
21
-0.6710828346456693
0
LINE
8
BLACK
6
CONTINUOUS
10
0.1203356692913386
20
-0.6710828346456693
11
0.0968905905511811
21
-0.6476377559055118
0
LINE
8
BLACK
6
CONTINUOUS
10
0.0968905905511811
20
-0.6476377559055118
11
-0.0520267322834646
21
-0.4987204330708661
0
LINE
8
BLACK
6
CONTINUOUS
10
-0.0520267322834646
20
-0.4987204330708661
11
-0.2827486614173229
21
-0.2679985039370079
0
LINE
8
BLACK
6
CONTINUOUS
10
-0.2827486614173229
20
-0.2679985039370079
11
-0.2838422440944882
21
-0.2658521653543307
0
LINE
8
BLACK
6
CONTINUOUS
10
-0.2838422440944882
20
-0.2658521653543307
11
-0.2835935826771653
21
-0.2637509842519685
0
LINE
8
BLACK
6
CONTINUOUS
10
-0.2835935826771653
20
-0.2637509842519685
11
-0.2820848818897638
21
-0.2601087401574803
0
LINE
8
BLACK
6
CONTINUOUS
10
-0.2820848818897638
20
-0.2601087401574803
11
-0.2812723622047244
21
-0.2539370078740157
0
LINE
8
BLACK
6
CONTINUOUS
10
-0.2812723622047244
20
-0.2539370078740157
11
-0.2820848818897638
21
-0.2477652755905512
0
LINE
8
BLACK
6
CONTINUOUS
10
-0.2820848818897638
20
-0.2477652755905512
11
-0.2844670472440945
21
-0.2420142125984252
0
LINE
8
BLACK
6
CONTINUOUS
10
-0.2844670472440945
20
-0.2420142125984252
11
-0.2844670472440945
21
-0.2420141732283465
0
LINE
8
BLACK
6
CONTINUOUS
10
-0.2844670472440945
20
-0.2420141732283465
11
-0.2882564566929134
21
-0.2370757086614173
0
LINE
8
BLACK
6
CONTINUOUS
10
-0.2882564566929134
20
-0.2370757086614173
11
-0.2882564960629921
21
-0.2370756692913386
0
LINE
8
BLACK
6
CONTINUOUS
10
-0.2882564960629921
20
-0.2370756692913386
11
-0.2882566141732283
21
-0.2370755118110236
0
LINE
8
BLACK
6
CONTINUOUS
10
-0.2882566141732283
20
-0.2370755118110236
11
-0.2882568110236221
21
-0.2370753543307086
0
LINE
8
BLACK
6
CONTINUOUS
10
-0.2882568110236221
20
-0.2370753543307086
11
-0.2882568503937008
21
-0.2370753149606299
0
LINE
8
BLACK
6
CONTINUOUS
10
-0.2882568503937008
20
-0.2370753149606299
11
-0.2917297637795275
21
-0.2344104724409449
0
LINE
8
BLACK
6
CONTINUOUS
10
-0.2917297637795275
20
-0.2344104724409449
11
-0.2931952362204724
21
-0.2332859842519685
0
LINE
8
BLACK
6
CONTINUOUS
10
-0.2931952362204724
20
-0.2332859842519685
11
-0.2931952755905512
21
-0.2332859448818898
0
LINE
8
BLACK
6
CONTINUOUS
10
-0.2931952755905512
20
-0.2332859448818898
11
-0.2931953543307086
21
-0.233285905511811
0
LINE
8
BLACK
6
CONTINUOUS
10
-0.2931953543307086
20
-0.233285905511811
11
-0.298946220472441
21
-0.2309038188976378
0
LINE
8
BLACK
6
CONTINUOUS
10
-0.298946220472441
20
-0.2309038188976378
11
-0.2989465354330709
21
-0.2309037401574803
0
LINE
8
BLACK
6
CONTINUOUS
10
-0.2989465354330709
20
-0.2309037401574803
11
-0.3051180708661417
21
-0.2300912598425197
0
LINE
8
BLACK
6
CONTINUOUS
10
-0.3051180708661417
20
-0.2300912598425197
11
-0.3051181496062992
21
-0.2300912598425197
0
LINE
8
BLACK
6
CONTINUOUS
10
-0.3051181496062992
20
-0.2300912598425197
11
-0.3112897244094488
21
-0.2309037401574803
0
LINE
8
BLACK
6
CONTINUOUS
10
-0.3112897244094488
20
-0.2309037401574803
11
-0.3112900393700787
21
-0.2309038188976378
0
LINE
8
BLACK
6
CONTINUOUS
10
-0.3112900393700787
20
-0.2309038188976378
11
-0.317040905511811
21
-0.233285905511811
0
LINE
8
BLACK
6
CONTINUOUS
10
-0.317040905511811
20
-0.233285905511811
11
-0.3170409448818898
21
-0.233285905511811
0
LINE
8
BLACK
6
CONTINUOUS
10
-0.3170409448818898
20
-0.233285905511811
11
-0.3219794094488189
21
-0.2370753149606299
0
LINE
8
BLACK
6
CONTINUOUS
10
-0.3219794094488189
20
-0.2370753149606299
11
-0.3219798031496063
21
-0.2370757086614173
0
LINE
8
BLACK
6
CONTINUOUS
10
-0.3219798031496063
20
-0.2370757086614173
11
-0.3257692125984252
21
-0.2420141732283465
0
LINE
8
BLACK
6
CONTINUOUS
10
-0.3257692125984252
20
-0.2420141732283465
11
-0.3257692125984252
21
-0.2420142125984252
0
LINE
8
BLACK
6
CONTINUOUS
10
-0.3257692125984252
20
-0.2420142125984252
11
-0.3281512992125984
21
-0.2477650787401575
0
LINE
8
BLACK
6
CONTINUOUS
10
-0.3281512992125984
20
-0.2477650787401575
11
-0.3281513779527559
21
-0.2477653937007874
0
LINE
8
BLACK
6
CONTINUOUS
10
-0.3281513779527559
20
-0.2477653937007874
11
-0.3289638582677165
21
-0.253936968503937
0
LINE
8
BLACK
6
CONTINUOUS
10
-0.3289638582677165
20
-0.253936968503937
11
-0.3289638582677165
21
-0.2539370078740157
0
LINE
8
BLACK
6
CONTINUOUS
10
-0.3289638582677165
20
-0.2539370078740157
11
-0.3281513779527559
21
-0.2601085826771654
0
LINE
8
BLACK
6
CONTINUOUS
10
-0.3281513779527559
20
-0.2601085826771654
11
-0.3281512992125984
21
-0.2601088976377953
0
LINE
8
BLACK
6
CONTINUOUS
10
-0.3281512992125984
20
-0.2601088976377953
11
-0.3257692125984252
21
-0.2658597637795276
0
LINE
8
BLACK
6
CONTINUOUS
10
-0.3257692125984252
20
-0.2658597637795276
11
-0.3257692125984252
21
-0.2658598031496063
0
LINE
8
BLACK
6
CONTINUOUS
10
-0.3257692125984252
20
-0.2658598031496063
11
-0.3219798031496063
21
-0.2707982677165354
0
LINE
8
BLACK
6
CONTINUOUS
10
-0.3219798031496063
20
-0.2707982677165354
11
-0.3219796062992126
21
-0.2707985039370079
0
LINE
8
BLACK
6
CONTINUOUS
10
-0.3219796062992126
20
-0.2707985039370079
11
-0.3170409842519685
21
-0.274588031496063
0
LINE
8
BLACK
6
CONTINUOUS
10
-0.3170409842519685
20
-0.274588031496063
11
-0.3112898425196851
21
-0.2769702362204725
0
LINE
8
BLACK
6
CONTINUOUS
10
-0.3112898425196851
20
-0.2769702362204725
11
-0.3111432283464567
21
-0.2769895275590551
0
LINE
8
BLACK
6
CONTINUOUS
10
-0.3111432283464567
20
-0.2769895275590551
11
-0.3110476771653543
21
-0.2770350787401575
0
LINE
8
BLACK
6
CONTINUOUS
10
-0.3110476771653543
20
-0.2770350787401575
11
-0.311043031496063
21
-0.2770363385826772
0
LINE
8
BLACK
6
CONTINUOUS
10
-0.311043031496063
20
-0.2770363385826772
11
-0.3110432677165354
21
-0.2770371653543307
0
LINE
8
BLACK
6
CONTINUOUS
10
-0.3110432677165354
20
-0.2770371653543307
11
-0.3089690157480315
21
-0.2780262992125984
0
LINE
8
BLACK
6
CONTINUOUS
10
-0.3089690157480315
20
-0.2780262992125984
11
-0.3088956299212599
21
-0.2780977559055118
0
LINE
8
BLACK
6
CONTINUOUS
10
-0.3088956299212599
20
-0.2780977559055118
11
-0.2600053543307086
21
-0.326988031496063
0
LINE
8
BLACK
6
CONTINUOUS
10
-0.2600053543307086
20
-0.326988031496063
11
-0.2589117716535433
21
-0.3291343700787401
0
LINE
8
BLACK
6
CONTINUOUS
10
-0.2589117716535433
20
-0.3291343700787401
11
-0.2592885826771654
21
-0.3315135826771654
0
LINE
8
BLACK
6
CONTINUOUS
10
-0.2592885826771654
20
-0.3315135826771654
11
-0.2609919291338583
21
-0.3332169291338583
0
LINE
8
BLACK
6
CONTINUOUS
10
-0.2609919291338583
20
-0.3332169291338583
11
-0.2627614173228346
21
-0.3336417322834646
0
LINE
8
BLACK
6
CONTINUOUS
10
-0.2627614173228346
20
-0.3336417322834646
11
-0.2715497244094488
21
-0.3336417322834646
0
LINE
8
BLACK
6
CONTINUOUS
10
-0.2715497244094488
20
-0.3336417322834646
11
-0.2738407086614173
21
-0.3328973622047244
0
LINE
8
BLACK
6
CONTINUOUS
10
-0.2738407086614173
20
-0.3328973622047244
11
-0.2751506692913386
21
-0.3312356692913386
0
LINE
8
BLACK
6
CONTINUOUS
10
-0.2751506692913386
20
-0.3312356692913386
11
-0.276021062992126
21
-0.3291343700787401
0
LINE
8
BLACK
6
CONTINUOUS
10
-0.276021062992126
20
-0.3291343700787401
11
-0.2768670078740157
21
-0.3270920866141732
0
LINE
8
BLACK
6
CONTINUOUS
10
-0.2768670078740157
20
-0.3270920866141732
11
-0.2806565354330708
21
-0.3221534645669291
0
LINE
8
BLACK
6
CONTINUOUS
10
-0.2806565354330708
20
-0.3221534645669291
11
-0.2806567322834645
21
-0.3221533070866142
0
LINE
8
BLACK
6
CONTINUOUS
10
-0.2806567322834645
20
-0.3221533070866142
11
-0.2806567716535433
21
-0.3221532677165354
0
LINE
8
BLACK
6
CONTINUOUS
10
-0.2806567716535433
20
-0.3221532677165354
11
-0.2855952755905512
21
-0.3183638582677165
0
LINE
8
BLACK
6
CONTINUOUS
10
-0.2855952755905512
20
-0.3183638582677165
11
-0.2913461417322835
21
-0.3159817716535433
0
LINE
8
BLACK
6
CONTINUOUS
10
-0.2913461417322835
20
-0.3159817716535433
11
-0.2913464566929134
21
-0.3159816929133858
0
LINE
8
BLACK
6
CONTINUOUS
10
-0.2913464566929134
20
-0.3159816929133858
11
-0.2975179921259842
21
-0.3151692125984252
0
LINE
8
BLACK
6
CONTINUOUS
10
-0.2975179921259842
20
-0.3151692125984252
11
-0.2975180708661417
21
-0.3151692125984252
0
LINE
8
BLACK
6
CONTINUOUS
10
-0.2975180708661417
20
-0.3151692125984252
11
-0.3036896456692914
21
-0.3159816929133858
0
LINE
8
BLACK
6
CONTINUOUS
10
-0.3036896456692914
20
-0.3159816929133858
11
-0.3036899606299213
21
-0.3159817716535433
0
LINE
8
BLACK
6
CONTINUOUS
10
-0.3036899606299213
20
-0.3159817716535433
11
-0.3094408267716535
21
-0.3183638582677165
0
LINE
8
BLACK
6
CONTINUOUS
10
-0.3094408267716535
20
-0.3183638582677165
11
-0.3094408661417323
21
-0.3183638582677165
0
LINE
8
BLACK
6
CONTINUOUS
10
-0.3094408661417323
20
-0.3183638582677165
11
-0.3143793307086614
21
-0.3221532677165354
0
LINE
8
BLACK
6
CONTINUOUS
10
-0.3143793307086614
20
-0.3221532677165354
11
-0.3143797244094488
21
-0.3221536614173228
0
LINE
8
BLACK
6
CONTINUOUS
10
-0.3143797244094488
20
-0.3221536614173228
11
-0.3181691338582677
21
-0.327092125984252
0
LINE
8
BLACK
6
CONTINUOUS
10
-0.3181691338582677
20
-0.327092125984252
11
-0.3181691338582677
21
-0.3270921653543307
0
LINE
8
BLACK
6
CONTINUOUS
10
-0.3181691338582677
20
-0.3270921653543307
11
-0.3205512204724409
21
-0.332843031496063
0
LINE
8
BLACK
6
CONTINUOUS
10
-0.3205512204724409
20
-0.332843031496063
11
-0.3205512992125984
21
-0.3328433464566929
0
LINE
8
BLACK
6
CONTINUOUS
10
-0.3205512992125984
20
-0.3328433464566929
11
-0.3213637795275591
21
-0.3390149212598425
0
LINE
8
BLACK
6
CONTINUOUS
10
-0.3213637795275591
20
-0.3390149212598425
11
-0.3213637795275591
21
-0.3390149606299213
0
LINE
8
BLACK
6
CONTINUOUS
10
-0.3213637795275591
20
-0.3390149606299213
11
-0.3205512992125984
21
-0.3451865354330709
0
LINE
8
BLACK
6
CONTINUOUS
10
-0.3205512992125984
20
-0.3451865354330709
11
-0.3205512204724409
21
-0.3451868503937008
0
LINE
8
BLACK
6
CONTINUOUS
10
-0.3205512204724409
20
-0.3451868503937008
11
-0.3181691338582677
21
-0.350937716535433
0
LINE
8
BLACK
6
CONTINUOUS
10
-0.3181691338582677
20
-0.350937716535433
11
-0.3181691338582677
21
-0.3509377559055118
0
LINE
8
BLACK
6
CONTINUOUS
10
-0.3181691338582677
20
-0.3509377559055118
11
-0.3143797244094488
21
-0.3558762204724409
0
LINE
8
BLACK
6
CONTINUOUS
10
-0.3143797244094488
20
-0.3558762204724409
11
-0.3143795275590551
21
-0.3558764566929134
0
LINE
8
BLACK
6
CONTINUOUS
10
-0.3143795275590551
20
-0.3558764566929134
11
-0.309440905511811
21
-0.3596659842519685
0
LINE
8
BLACK
6
CONTINUOUS
10
-0.309440905511811
20
-0.3596659842519685
11
-0.3094408661417323
21
-0.3596659842519685
0
LINE
8
BLACK
6
CONTINUOUS
10
-0.3094408661417323
20
-0.3596659842519685
11
-0.3094408267716535
21
-0.3596660236220472
0
LINE
8
BLACK
6
CONTINUOUS
10
-0.3094408267716535
20
-0.3596660236220472
11
-0.3047335826771653
21
-0.3616158267716535
0
LINE
8
BLACK
6
CONTINUOUS
10
-0.3047335826771653
20
-0.3616158267716535
11
-0.3036897637795276
21
-0.362048188976378
0
LINE
8
BLACK
6
CONTINUOUS
10
-0.3036897637795276
20
-0.362048188976378
11
-0.2990609842519685
21
-0.3626575590551181
0
LINE
8
BLACK
6
CONTINUOUS
10
-0.2990609842519685
20
-0.3626575590551181
11
-0.2975180708661417
21
-0.3628607086614173
0
LINE
8
BLACK
6
CONTINUOUS
10
-0.2975180708661417
20
-0.3628607086614173
11
-0.297518031496063
21
-0.3628607086614173
0
LINE
8
BLACK
6
CONTINUOUS
10
-0.297518031496063
20
-0.3628607086614173
11
-0.2975179921259842
21
-0.3628607086614173
0
LINE
8
BLACK
6
CONTINUOUS
10
-0.2975179921259842
20
-0.3628607086614173
11
-0.2962837007874016
21
-0.362698188976378
0
LINE
8
BLACK
6
CONTINUOUS
10
-0.2962837007874016
20
-0.362698188976378
11
-0.2913462992125984
21
-0.362048188976378
0
LINE
8
BLACK
6
CONTINUOUS
10
-0.2913462992125984
20
-0.362048188976378
11
-0.2894300787401575
21
-0.3612544488188976
0
LINE
8
BLACK
6
CONTINUOUS
10
-0.2894300787401575
20
-0.3612544488188976
11
-0.2853593700787401
21
-0.3595683464566929
0
LINE
8
BLACK
6
CONTINUOUS
10
-0.2853593700787401
20
-0.3595683464566929
11
-0.2838678346456693
21
-0.3592716535433071
0
LINE
8
BLACK
6
CONTINUOUS
10
-0.2838678346456693
20
-0.3592716535433071
11
-0.2549541338582677
21
-0.3592716535433071
0
LINE
8
BLACK
6
CONTINUOUS
10
-0.2549541338582677
20
-0.3592716535433071
11
-0.2526631496062992
21
-0.3600160236220472
0
LINE
8
BLACK
6
CONTINUOUS
10
-0.2526631496062992
20
-0.3600160236220472
11
-0.2521980708661417
21
-0.3604132283464567
0
LINE
8
BLACK
6
CONTINUOUS
10
-0.2521980708661417
20
-0.3604132283464567
11
0.0980131102362205
21
-0.7106243700787401
0
LINE
8
BLACK
6
CONTINUOUS
10
0.0980131102362205
20
-0.7106243700787401
11
0.098013188976378
21
-0.7106244881889764
0
LINE
8
BLACK
6
CONTINUOUS
10
0.098013188976378
20
-0.7106244881889764
11
0.1003991338582677
21
-0.7130104330708661
0
LINE
8
BLACK
6
CONTINUOUS
10
0.1003991338582677
20
-0.7130104330708661
11
0.1011823228346457
21
-0.7134625984251969
0
LINE
8
BLACK
6
CONTINUOUS
10
0.1011823228346457
20
-0.7134625984251969
11
0.1033212992125984
21
-0.7146975590551181
0
LINE
8
BLACK
6
CONTINUOUS
10
0.1033212992125984
20
-0.7146975590551181
11
0.1065804724409449
21
-0.7155708661417323
0
LINE
8
BLACK
6
CONTINUOUS
10
0.1065804724409449
20
-0.7155708661417323
11
0.1065805511811024
21
-0.715570905511811
0
LINE
8
BLACK
6
CONTINUOUS
10
0.1065805511811024
20
-0.715570905511811
11
0.1065805905511811
21
-0.715570905511811
0
LINE
8
BLACK
6
CONTINUOUS
10
0.1065805905511811
20
-0.715570905511811
11
0.1101935433070866
21
-0.715570905511811
0
LINE
8
BLACK
6
CONTINUOUS
10
0.1101935433070866
20
-0.715570905511811
11
0.1101941732283465
21
-0.7155708661417323
0
LINE
8
BLACK
6
CONTINUOUS
10
0.1101941732283465
20
-0.7155708661417323
11
0.2511735826771653
21
-0.7155708661417323
0
LINE
8
BLACK
6
CONTINUOUS
10
0.2511735826771653
20
-0.7155708661417323
11
0.2534645669291338
21
-0.7163152362204724
0
LINE
8
BLACK
6
CONTINUOUS
10
0.2534645669291338
20
-0.7163152362204724
11
0.2548804724409449
21
-0.7182640551181102
0
LINE
8
BLACK
6
CONTINUOUS
10
0.2548804724409449
20
-0.7182640551181102
11
0.2548804724409449
21
-0.7206729527559055
0
LINE
8
BLACK
6
CONTINUOUS
10
0.2548804724409449
20
-0.7206729527559055
11
0.2535462992125984
21
-0.7225607086614173
0
LINE
8
BLACK
6
CONTINUOUS
10
0.2535462992125984
20
-0.7225607086614173
11
0.249438188976378
21
-0.7257129133858268
0
LINE
8
BLACK
6
CONTINUOUS
10
0.249438188976378
20
-0.7257129133858268
11
0.2494377559055118
21
-0.7257133464566929
0
LINE
8
BLACK
6
CONTINUOUS
10
0.2494377559055118
20
-0.7257133464566929
11
0.2478472440944882
21
-0.7277861417322834
0
LINE
8
BLACK
6
CONTINUOUS
10
0.2478472440944882
20
-0.7277861417322834
11
0.2458620472440945
21
-0.7291505118110236
0
LINE
8
BLACK
6
CONTINUOUS
10
0.2458620472440945
20
-0.7291505118110236
11
0.2447550787401575
21
-0.7293110236220472
0
LINE
8
BLACK
6
CONTINUOUS
10
0.2447550787401575
20
-0.7293110236220472
11
-0.3296915354330708
21
-0.7293110236220472
0
LINE
8
BLACK
6
CONTINUOUS
10
-0.3296915354330708
20
-0.7293110236220472
11
-0.3319825196850394
21
-0.7285666535433071
0
LINE
8
BLACK
6
CONTINUOUS
10
-0.3319825196850394
20
-0.7285666535433071
11
-0.3324475984251968
21
-0.7281694488188977
0
LINE
8
BLACK
6
CONTINUOUS
10
-0.3324475984251968
20
-0.7281694488188977
11
-0.5133729921259842
21
-0.5472440551181103
0
LINE
8
BLACK
6
CONTINUOUS
10
-0.5133729921259842
20
-0.5472440551181103
11
-0.6199017322834646
21
-0.4407153149606299
0
LINE
8
BLACK
6
CONTINUOUS
10
-0.6199017322834646
20
-0.4407153149606299
11
-0.6209953149606299
21
-0.4385689763779527
0
LINE
8
BLACK
6
CONTINUOUS
10
-0.6209953149606299
20
-0.4385689763779527
11
-0.6210433070866141
21
-0.4379592519685039
0
LINE
8
BLACK
6
CONTINUOUS
10
-0.6210433070866141
20
-0.4379592519685039
11
-0.6210433070866141
21
-0.214968031496063
0
LINE
8
BLACK
6
CONTINUOUS
10
-0.6210433070866141
20
-0.214968031496063
11
-0.620298937007874
21
-0.2126770472440945
0
LINE
8
BLACK
6
CONTINUOUS
10
-0.620298937007874
20
-0.2126770472440945
11
-0.6183501181102362
21
-0.2112611417322835
0
LINE
8
BLACK
6
CONTINUOUS
10
-0.6183501181102362
20
-0.2112611417322835
11
-0.6159412204724409
21
-0.2112611417322835
0
LINE
8
BLACK
6
CONTINUOUS
10
-0.6159412204724409
20
-0.2112611417322835
11
-0.6143898031496063
21
-0.2122118503937008
0
LINE
8
BLACK
6
CONTINUOUS
10
-0.6143898031496063
20
-0.2122118503937008
11
-0.6034411811023622
21
-0.2231604330708661
0
LINE
8
BLACK
6
CONTINUOUS
10
-0.6034411811023622
20
-0.2231604330708661
11
-0.6023476377952756
21
-0.2253066929133858
0
LINE
8
BLACK
6
CONTINUOUS
10
-0.6023476377952756
20
-0.2253066929133858
11
-0.6023329921259842
21
-0.2264251181102362
0
LINE
8
BLACK
6
CONTINUOUS
10
-0.6023329921259842
20
-0.2264251181102362
11
-0.602585905511811
21
-0.2283463385826772
0
LINE
8
BLACK
6
CONTINUOUS
10
-0.602585905511811
20
-0.2283463385826772
11
-0.602585905511811
21
-0.2283464566929134
0
LINE
8
BLACK
6
CONTINUOUS
10
-0.602585905511811
20
-0.2283464566929134
11
-0.6017734251968504
21
-0.234518031496063
0
LINE
8
BLACK
6
CONTINUOUS
10
-0.6017734251968504
20
-0.234518031496063
11
-0.6017733464566929
21
-0.2345183464566929
0
LINE
8
BLACK
6
CONTINUOUS
10
-0.6017733464566929
20
-0.2345183464566929
11
-0.5993912598425196
21
-0.2402692125984252
0
LINE
8
BLACK
6
CONTINUOUS
10
-0.5993912598425196
20
-0.2402692125984252
11
-0.5993912598425196
21
-0.2402692519685039
0
LINE
8
BLACK
6
CONTINUOUS
10
-0.5993912598425196
20
-0.2402692519685039
11
-0.5958016535433071
21
-0.2449473228346457
0
LINE
8
BLACK
6
CONTINUOUS
10
-0.5958016535433071
20
-0.2449473228346457
11
-0.5956016535433071
21
-0.2452079527559055
0
LINE
8
BLACK
6
CONTINUOUS
10
-0.5956016535433071
20
-0.2452079527559055
11
-0.590663031496063
21
-0.2489974803149606
0
LINE
8
BLACK
6
CONTINUOUS
10
-0.590663031496063
20
-0.2489974803149606
11
-0.5906629921259843
21
-0.2489974803149606
0
LINE
8
BLACK
6
CONTINUOUS
10
-0.5906629921259843
20
-0.2489974803149606
11
-0.5906629527559055
21
-0.2489975196850394
0
LINE
8
BLACK
6
CONTINUOUS
10
-0.5906629527559055
20
-0.2489975196850394
11
-0.5855410236220472
21
-0.251119094488189
0
LINE
8
BLACK
6
CONTINUOUS
10
-0.5855410236220472
20
-0.251119094488189
11
-0.5849118897637795
21
-0.2513796850393701
0
LINE
8
BLACK
6
CONTINUOUS
10
-0.5849118897637795
20
-0.2513796850393701
11
-0.5802831102362205
21
-0.2519890551181102
0
LINE
8
BLACK
6
CONTINUOUS
10
-0.5802831102362205
20
-0.2519890551181102
11
-0.5787401968503937
21
-0.2521922047244095
0
LINE
8
BLACK
6
CONTINUOUS
10
-0.5787401968503937
20
-0.2521922047244095
11
-0.5787401574803149
21
-0.2521922047244095
0
LINE
8
BLACK
6
CONTINUOUS
10
-0.5787401574803149
20
-0.2521922047244095
11
-0.5787401181102362
21
-0.2521922047244095
0
LINE
8
BLACK
6
CONTINUOUS
10
-0.5787401181102362
20
-0.2521922047244095
11
-0.5775058267716535
21
-0.2520296850393701
0
LINE
8
BLACK
6
CONTINUOUS
10
-0.5775058267716535
20
-0.2520296850393701
11
-0.5725684251968504
21
-0.2513796850393701
0
LINE
8
BLACK
6
CONTINUOUS
10
-0.5725684251968504
20
-0.2513796850393701
11
-0.5668172834645669
21
-0.2489974803149606
0
LINE
8
BLACK
6
CONTINUOUS
10
-0.5668172834645669
20
-0.2489974803149606
11
-0.5618786614173228
21
-0.2452079527559055
0
LINE
8
BLACK
6
CONTINUOUS
10
-0.5618786614173228
20
-0.2452079527559055
11
-0.5580891338582677
21
-0.2402693307086614
0
LINE
8
BLACK
6
CONTINUOUS
10
-0.5580891338582677
20
-0.2402693307086614
11
-0.5557069291338582
21
-0.2345181889763779
0
LINE
8
BLACK
6
CONTINUOUS
10
-0.5557069291338582
20
-0.2345181889763779
11
-0.5548944094488188
21
-0.2283464566929134
0
LINE
8
BLACK
6
CONTINUOUS
10
-0.5548944094488188
20
-0.2283464566929134
11
-0.5557069291338582
21
-0.2221747244094488
0
LINE
8
BLACK
6
CONTINUOUS
10
-0.5557069291338582
20
-0.2221747244094488
11
-0.5578313779527559
21
-0.2170458661417323
0
LINE
8
BLACK
6
CONTINUOUS
10
-0.5578313779527559
20
-0.2170458661417323
11
-0.558089094488189
21
-0.2164236614173228
0
LINE
8
BLACK
6
CONTINUOUS
10
-0.558089094488189
20
-0.2164236614173228
11
-0.558089094488189
21
-0.2164236220472441
0
LINE
8
BLACK
6
CONTINUOUS
10
-0.558089094488189
20
-0.2164236220472441
11
-0.5618785039370079
21
-0.211485157480315
0
LINE
8
BLACK
6
CONTINUOUS
10
-0.5618785039370079
20
-0.211485157480315
11
-0.5618785433070866
21
-0.2114851181102362
0
LINE
8
BLACK
6
CONTINUOUS
10
-0.5618785433070866
20
-0.2114851181102362
11
-0.5618786614173228
21
-0.2114849606299213
0
LINE
8
BLACK
6
CONTINUOUS
10
-0.5618786614173228
20
-0.2114849606299213
11
-0.5618788582677166
21
-0.2114848031496063
0
LINE
8
BLACK
6
CONTINUOUS
10
-0.5618788582677166
20
-0.2114848031496063
11
-0.5618788976377953
21
-0.2114847637795275
0
LINE
8
BLACK
6
CONTINUOUS
10
-0.5618788976377953
20
-0.2114847637795275
11
-0.566325748031496
21
-0.2080725984251968
0
LINE
8
BLACK
6
CONTINUOUS
10
-0.566325748031496
20
-0.2080725984251968
11
-0.5668172834645669
21
-0.2076954330708661
0
LINE
8
BLACK
6
CONTINUOUS
10
-0.5668172834645669
20
-0.2076954330708661
11
-0.5668173228346457
21
-0.2076953937007874
0
LINE
8
BLACK
6
CONTINUOUS
10
-0.5668173228346457
20
-0.2076953937007874
11
-0.5668174015748031
21
-0.2076953543307087
0
LINE
8
BLACK
6
CONTINUOUS
10
-0.5668174015748031
20
-0.2076953543307087
11
-0.5725682677165355
21
-0.2053132677165354
0
LINE
8
BLACK
6
CONTINUOUS
10
-0.5725682677165355
20
-0.2053132677165354
11
-0.5725685826771654
21
-0.205313188976378
0
LINE
8
BLACK
6
CONTINUOUS
10
-0.5725685826771654
20
-0.205313188976378
11
-0.5787401181102362
21
-0.2045007086614173
0
LINE
8
BLACK
6
CONTINUOUS
10
-0.5787401181102362
20
-0.2045007086614173
11
-0.5787402362204724
21
-0.2045007086614173
0
LINE
8
BLACK
6
CONTINUOUS
10
-0.5787402362204724
20
-0.2045007086614173
11
-0.5806614960629921
21
-0.2047536220472441
0
LINE
8
BLACK
6
CONTINUOUS
10
-0.5806614960629921
20
-0.2047536220472441
11
-0.5830300393700787
21
-0.2043146062992126
0
LINE
8
BLACK
6
CONTINUOUS
10
-0.5830300393700787
20
-0.2043146062992126
11
-0.5839262598425197
21
-0.2036453543307087
0
LINE
8
BLACK
6
CONTINUOUS
10
-0.5839262598425197
20
-0.2036453543307087
11
-0.5903938582677165
21
-0.1971777165354331
0
LINE
8
BLACK
6
CONTINUOUS
10
-0.5903938582677165
20
-0.1971777165354331
11
-0.5914874409448819
21
-0.1950314173228346
0
LINE
8
BLACK
6
CONTINUOUS
10
-0.5914874409448819
20
-0.1950314173228346
11
-0.5915354330708661
21
-0.1944216929133858
0
LINE
8
BLACK
6
CONTINUOUS
10
-0.5915354330708661
20
-0.1944216929133858
11
-0.5915354330708661
21
-0.1351936220472441
0
LINE
8
BLACK
6
CONTINUOUS
10
-0.5915354330708661
20
-0.1351936220472441
11
-0.590791062992126
21
-0.1329026377952756
0
LINE
8
BLACK
6
CONTINUOUS
10
-0.590791062992126
20
-0.1329026377952756
11
-0.5900105118110236
21
-0.1321014173228346
0
LINE
8
BLACK
6
CONTINUOUS
10
-0.5900105118110236
20
-0.1321014173228346
11
-0.5896259448818898
21
-0.1318063385826772
0
LINE
8
BLACK
6
CONTINUOUS
10
-0.5896259448818898
20
-0.1318063385826772
11
-0.5884731496062992
21
-0.1309217716535433
0
LINE
8
BLACK
6
CONTINUOUS
10
-0.5884731496062992
20
-0.1309217716535433
11
-0.5846836220472441
21
-0.1259831496062992
0
LINE
8
BLACK
6
CONTINUOUS
10
-0.5846836220472441
20
-0.1259831496062992
11
-0.5823014173228346
21
-0.1202320078740158
0
LINE
8
BLACK
6
CONTINUOUS
10
-0.5823014173228346
20
-0.1202320078740158
11
-0.5814888976377952
21
-0.1140602755905512
0
LINE
8
BLACK
6
CONTINUOUS
10
-0.5814888976377952
20
-0.1140602755905512
11
-0.5823014173228346
21
-0.1078885433070866
0
LINE
8
BLACK
6
CONTINUOUS
10
-0.5823014173228346
20
-0.1078885433070866
11
-0.5833841338582677
21
-0.1052746456692913
0
LINE
8
BLACK
6
CONTINUOUS
10
-0.5833841338582677
20
-0.1052746456692913
11
-0.5846835826771654
21
-0.1021374803149606
0
LINE
8
BLACK
6
CONTINUOUS
10
-0.5846835826771654
20
-0.1021374803149606
11
-0.5846835826771654
21
-0.1021374409448819
0
LINE
8
BLACK
6
CONTINUOUS
10
-0.5846835826771654
20
-0.1021374409448819
11
-0.5884729921259843
21
-0.0971989763779528
0
LINE
8
BLACK
6
CONTINUOUS
10
-0.5884729921259843
20
-0.0971989763779528
11
-0.588473031496063
21
-0.097198937007874
0
LINE
8
BLACK
6
CONTINUOUS
10
-0.588473031496063
20
-0.097198937007874
11
-0.5884731496062992
21
-0.0971987795275591
0
LINE
8
BLACK
6
CONTINUOUS
10
-0.5884731496062992
20
-0.0971987795275591
11
-0.5884733464566929
21
-0.0971986220472441
0
LINE
8
BLACK
6
CONTINUOUS
10
-0.5884733464566929
20
-0.0971986220472441
11
-0.5884733858267717
21
-0.0971985826771654
0
LINE
8
BLACK
6
CONTINUOUS
10
-0.5884733858267717
20
-0.0971985826771654
11
-0.5918508267716536
21
-0.0946070078740157
0
LINE
8
BLACK
6
CONTINUOUS
10
-0.5918508267716536
20
-0.0946070078740157
11
-0.5934117716535433
21
-0.0934092519685039
0
LINE
8
BLACK
6
CONTINUOUS
10
-0.5934117716535433
20
-0.0934092519685039
11
-0.5934118110236221
21
-0.0934092125984252
0
LINE
8
BLACK
6
CONTINUOUS
10
-0.5934118110236221
20
-0.0934092125984252
11
-0.5934118897637796
21
-0.0934091732283465
0
LINE
8
BLACK
6
CONTINUOUS
10
-0.5934118897637796
20
-0.0934091732283465
11
-0.5991627559055118
21
-0.0910270866141732
0
LINE
8
BLACK
6
CONTINUOUS
10
-0.5991627559055118
20
-0.0910270866141732
11
-0.5991630708661417
21
-0.0910270078740157
0
LINE
8
BLACK
6
CONTINUOUS
10
-0.5991630708661417
20
-0.0910270078740157
11
-0.6053346062992125
21
-0.0902145275590551
0
LINE
8
BLACK
6
CONTINUOUS
10
-0.6053346062992125
20
-0.0902145275590551
11
-0.60533468503937
21
-0.0902145275590551
0
LINE
8
BLACK
6
CONTINUOUS
10
-0.60533468503937
20
-0.0902145275590551
11
-0.6115062598425197
21
-0.0910270078740157
0
LINE
8
BLACK
6
CONTINUOUS
10
-0.6115062598425197
20
-0.0910270078740157
11
-0.6115065748031496
21
-0.0910270866141732
0
LINE
8
BLACK
6
CONTINUOUS
10
-0.6115065748031496
20
-0.0910270866141732
11
-0.6156541338582677
21
-0.0927450787401575
0
LINE
8
BLACK
6
CONTINUOUS
10
-0.6156541338582677
20
-0.0927450787401575
11
-0.6180555511811023
21
-0.092934094488189
0
LINE
8
BLACK
6
CONTINUOUS
10
-0.6180555511811023
20
-0.092934094488189
11
-0.6201094488188976
21
-0.0916754330708661
0
LINE
8
BLACK
6
CONTINUOUS
10
-0.6201094488188976
20
-0.0916754330708661
11
-0.6210312992125984
21
-0.0894499212598425
0
LINE
8
BLACK
6
CONTINUOUS
10
-0.6210312992125984
20
-0.0894499212598425
11
-0.6210433070866141
21
-0.0891441338582677
0
LINE
8
BLACK
6
CONTINUOUS
10
-0.6210433070866141
20
-0.0891441338582677
11
-0.6210433070866141
21
0.0393700787401575
0
LINE
8
BLACK
6
CONTINUOUS
10
-0.6210433070866141
20
0.0393700787401575
11
-0.6210433070866141
21
0.1929134251968504
0
LINE
8
BLACK
6
CONTINUOUS
10
-0.6210433070866141
20
0.1929134251968504
11
-0.6210433070866141
21
0.2676834645669292
0
LINE
8
BLACK
6
CONTINUOUS
10
-0.6210433070866141
20
0.2676834645669292
11
-0.6210432677165354
21
0.2676839763779528
0
LINE
8
BLACK
6
CONTINUOUS
10
-0.6210432677165354
20
0.2676839763779528
11
-0.6210432677165354
21
0.2713720866141732
0
LINE
8
BLACK
6
CONTINUOUS
10
-0.6210432677165354
20
0.2713720866141732
11
-0.6210432677165354
21
0.2713721653543307
0
LINE
8
BLACK
6
CONTINUOUS
10
-0.6210432677165354
20
0.2713721653543307
11
-0.6219166141732283
21
0.2746314566929134
0
LINE
8
BLACK
6
CONTINUOUS
10
-0.6219166141732283
20
0.2746314566929134
11
-0.6219788582677165
21
0.2747392913385827
0
LINE
8
BLACK
6
CONTINUOUS
10
-0.6219788582677165
20
0.2747392913385827
11
-0.6227601181102362
21
0.2760924803149606
0
LINE
8
BLACK
6
CONTINUOUS
10
-0.6227601181102362
20
0.2760924803149606
11
-0.6227602755905511
21
0.2760926377952756
0
LINE
8
BLACK
6
CONTINUOUS
10
-0.6227602755905511
20
0.2760926377952756
11
-0.6236037401574803
21
0.2775536220472441
0
LINE
8
BLACK
6
CONTINUOUS
10
-0.6236037401574803
20
0.2775536220472441
11
-0.62598968503937
21
0.2799395669291339
0
LINE
8
BLACK
6
CONTINUOUS
10
-0.62598968503937
20
0.2799395669291339
11
-0.6259898031496063
21
0.2799396456692914
0
LINE
8
BLACK
6
CONTINUOUS
10
-0.6259898031496063
20
0.2799396456692914
11
-0.7661274015748031
21
0.4200772440944882
0
LINE
8
BLACK
6
CONTINUOUS
10
-0.7661274015748031
20
0.4200772440944882
11
-0.7692785433070866
21
0.4232283858267716
0
LINE
8
BLACK
6
CONTINUOUS
10
-0.7692785433070866
20
0.4232283858267716
11
-0.8027431102362205
21
0.4566929527559055
0
LINE
8
BLACK
6
CONTINUOUS
10
-0.8027431102362205
20
0.4566929527559055
11
-0.84014468503937
21
0.4940945275590551
0
LINE
8
BLACK
6
CONTINUOUS
10
-0.84014468503937
20
0.4940945275590551
11
-0.8932942913385826
21
0.5472441732283464
0
LINE
8
BLACK
6
CONTINUOUS
10
-0.8932942913385826
20
0.5472441732283464
11
-0.9122397637795275
21
0.5661896456692913
0
LINE
8
BLACK
6
CONTINUOUS
10
-0.9122397637795275
20
0.5661896456692913
11
-0.9133333464566928
21
0.5683359842519685
0
LINE
8
BLACK
6
CONTINUOUS
10
-0.9133333464566928
20
0.5683359842519685
11
-0.9133479921259843
21
0.5694544881889764
0
LINE
8
BLACK
6
CONTINUOUS
10
-0.9133479921259843
20
0.5694544881889764
11
-0.9131621259842519
21
0.5708661811023622
0
LINE
8
BLACK
6
CONTINUOUS
10
-0.9131621259842519
20
0.5708661811023622
11
-0.9134367716535433
21
0.5729523228346457
0
LINE
8
BLACK
6
CONTINUOUS
10
-0.9134367716535433
20
0.5729523228346457
11
-0.9139746456692913
21
0.577037874015748
0
LINE
8
BLACK
6
CONTINUOUS
10
-0.9139746456692913
20
0.577037874015748
11
-0.916356811023622
21
0.582788937007874
0
LINE
8
BLACK
6
CONTINUOUS
10
-0.916356811023622
20
0.582788937007874
11
-0.916356811023622
21
0.5827889763779528
0
LINE
8
BLACK
6
CONTINUOUS
10
-0.916356811023622
20
0.5827889763779528
11
-0.9201462204724409
21
0.5877274409448818
0
LINE
8
BLACK
6
CONTINUOUS
10
-0.9201462204724409
20
0.5877274409448818
11
-0.9201462598425196
21
0.5877274803149606
0
LINE
8
BLACK
6
CONTINUOUS
10
-0.9201462598425196
20
0.5877274803149606
11
-0.9201463779527559
21
0.5877276377952756
0
LINE
8
BLACK
6
CONTINUOUS
10
-0.9201463779527559
20
0.5877276377952756
11
-0.9201465748031495
21
0.5877277952755905
0
LINE
8
BLACK
6
CONTINUOUS
10
-0.9201465748031495
20
0.5877277952755905
11
-0.9201466141732283
21
0.5877278346456692
0
LINE
8
BLACK
6
CONTINUOUS
10
-0.9201466141732283
20
0.5877278346456692
11
-0.9250851181102362
21
0.5915172440944881
0
LINE
8
BLACK
6
CONTINUOUS
10
-0.9250851181102362
20
0.5915172440944881
11
-0.9308359842519685
21
0.5938993307086614
0
LINE
8
BLACK
6
CONTINUOUS
10
-0.9308359842519685
20
0.5938993307086614
11
-0.9308362992125984
21
0.5938994094488189
0
LINE
8
BLACK
6
CONTINUOUS
10
-0.9308362992125984
20
0.5938994094488189
11
-0.9370078346456693
21
0.5947118897637795
0
LINE
8
BLACK
6
CONTINUOUS
10
-0.9370078346456693
20
0.5947118897637795
11
-0.9370079133858268
21
0.5947118897637795
0
LINE
8
BLACK
6
CONTINUOUS
10
-0.9370079133858268
20
0.5947118897637795
11
-0.9431794881889763
21
0.5938994094488189
0
LINE
8
BLACK
6
CONTINUOUS
10
-0.9431794881889763
20
0.5938994094488189
11
-0.9431798031496063
21
0.5938993307086614
0
LINE
8
BLACK
6
CONTINUOUS
10
-0.9431798031496063
20
0.5938993307086614
11
-0.9489306692913385
21
0.5915172440944881
0
LINE
8
BLACK
6
CONTINUOUS
10
-0.9489306692913385
20
0.5915172440944881
11
-0.9489307086614173
21
0.5915172440944881
0
LINE
8
BLACK
6
CONTINUOUS
10
-0.9489307086614173
20
0.5915172440944881
11
-0.9538691732283464
21
0.5877278346456692
0
LINE
8
BLACK
6
CONTINUOUS
10
-0.9538691732283464
20
0.5877278346456692
11
-0.9538695669291338
21
0.5877274409448818
0
LINE
8
BLACK
6
CONTINUOUS
10
-0.9538695669291338
20
0.5877274409448818
11
-0.9576589763779527
21
0.5827889763779528
0
LINE
8
BLACK
6
CONTINUOUS
10
-0.9576589763779527
20
0.5827889763779528
11
-0.9576589763779527
21
0.582788937007874
0
LINE
8
BLACK
6
CONTINUOUS
10
-0.9576589763779527
20
0.582788937007874
11
-0.960041062992126
21
0.5770380708661417
0
LINE
8
BLACK
6
CONTINUOUS
10
-0.960041062992126
20
0.5770380708661417
11
-0.9600411417322834
21
0.5770377559055118
0
LINE
8
BLACK
6
CONTINUOUS
10
-0.9600411417322834
20
0.5770377559055118
11
-0.9608536220472441
21
0.5708661811023622
0
LINE
8
BLACK
6
CONTINUOUS
10
-0.9608536220472441
20
0.5708661811023622
11
-0.9608536220472441
21
0.5708661417322834
0
LINE
8
BLACK
6
CONTINUOUS
10
-0.0152827559055118
20
-0.4987204724409449
11
-0.0144702755905512
21
-0.5048920472440944
0
LINE
8
BLACK
6
CONTINUOUS
10
-0.0144702755905512
20
-0.5048920472440944
11
-0.0144701968503937
21
-0.5048923622047244
0
LINE
8
BLACK
6
CONTINUOUS
10
-0.0144701968503937
20
-0.5048923622047244
11
-0.0120881102362205
21
-0.5106432283464567
0
LINE
8
BLACK
6
CONTINUOUS
10
-0.0120881102362205
20
-0.5106432283464567
11
-0.0120881102362205
21
-0.5106432677165355
0
LINE
8
BLACK
6
CONTINUOUS
10
-0.0120881102362205
20
-0.5106432677165355
11
-0.0083588188976378
21
-0.5155033858267717
0
LINE
8
BLACK
6
CONTINUOUS
10
-0.0083588188976378
20
-0.5155033858267717
11
-0.0082985039370079
21
-0.515581968503937
0
LINE
8
BLACK
6
CONTINUOUS
10
-0.0082985039370079
20
-0.515581968503937
11
-0.0033598818897638
21
-0.5193714960629922
0
LINE
8
BLACK
6
CONTINUOUS
10
-0.0033598818897638
20
-0.5193714960629922
11
-0.003359842519685
21
-0.5193714960629922
0
LINE
8
BLACK
6
CONTINUOUS
10
-0.003359842519685
20
-0.5193714960629922
11
-0.0033598031496063
21
-0.5193715354330709
0
LINE
8
BLACK
6
CONTINUOUS
10
-0.0033598031496063
20
-0.5193715354330709
11
0.002391062992126
21
-0.5217536220472441
0
LINE
8
BLACK
6
CONTINUOUS
10
0.002391062992126
20
-0.5217536220472441
11
0.0023912598425197
21
-0.5217537007874016
0
LINE
8
BLACK
6
CONTINUOUS
10
0.0023912598425197
20
-0.5217537007874016
11
0.0070200393700787
21
-0.5223630708661418
0
LINE
8
BLACK
6
CONTINUOUS
10
0.0070200393700787
20
-0.5223630708661418
11
0.0085629527559055
21
-0.5225662204724409
0
LINE
8
BLACK
6
CONTINUOUS
10
0.0085629527559055
20
-0.5225662204724409
11
0.0085629921259843
21
-0.5225662204724409
0
LINE
8
BLACK
6
CONTINUOUS
10
0.0085629921259843
20
-0.5225662204724409
11
0.008563031496063
21
-0.5225662204724409
0
LINE
8
BLACK
6
CONTINUOUS
10
0.008563031496063
20
-0.5225662204724409
11
0.0097973228346457
21
-0.5224037007874016
0
LINE
8
BLACK
6
CONTINUOUS
10
0.0097973228346457
20
-0.5224037007874016
11
0.0147347244094488
21
-0.5217537007874016
0
LINE
8
BLACK
6
CONTINUOUS
10
0.0147347244094488
20
-0.5217537007874016
11
0.0204858661417323
21
-0.5193714960629922
0
LINE
8
BLACK
6
CONTINUOUS
10
0.0204858661417323
20
-0.5193714960629922
11
0.023234842519685
21
-0.5172620866141732
0
LINE
8
BLACK
6
CONTINUOUS
10
0.023234842519685
20
-0.5172620866141732
11
0.0255055511811024
21
-0.516458031496063
0
LINE
8
BLACK
6
CONTINUOUS
10
0.0255055511811024
20
-0.516458031496063
11
0.0256075590551181
21
-0.5164566929133858
0
LINE
8
BLACK
6
CONTINUOUS
10
0.0256075590551181
20
-0.5164566929133858
11
0.0311735826771654
21
-0.5164566929133858
0
LINE
8
BLACK
6
CONTINUOUS
10
0.0311735826771654
20
-0.5164566929133858
11
0.034731062992126
21
-0.5155034251968503
0
LINE
8
BLACK
6
CONTINUOUS
10
0.034731062992126
20
-0.5155034251968503
11
0.0347311811023622
21
-0.5155034251968503
0
LINE
8
BLACK
6
CONTINUOUS
10
0.0347311811023622
20
-0.5155034251968503
11
0.0352520866141732
21
-0.5153638188976378
0
LINE
8
BLACK
6
CONTINUOUS
10
0.0352520866141732
20
-0.5153638188976378
11
0.0356845275590551
21
-0.5152479921259843
0
LINE
8
BLACK
6
CONTINUOUS
10
0.0356845275590551
20
-0.5152479921259843
11
0.0397288976377953
21
-0.5129129527559055
0
LINE
8
BLACK
6
CONTINUOUS
10
0.0397288976377953
20
-0.5129129527559055
11
0.0624647244094488
21
-0.4901771259842519
0
LINE
8
BLACK
6
CONTINUOUS
10
0.0624647244094488
20
-0.4901771259842519
11
0.3500886614173228
21
-0.2025531496062992
0
LINE
8
BLACK
6
CONTINUOUS
10
0.3500886614173228
20
-0.2025531496062992
11
0.3522349606299213
21
-0.2014596456692913
0
LINE
8
BLACK
6
CONTINUOUS
10
0.3522349606299213
20
-0.2014596456692913
11
0.3546141732283464
21
-0.2018364566929134
0
LINE
8
BLACK
6
CONTINUOUS
10
0.3546141732283464
20
-0.2018364566929134
11
0.3563175196850394
21
-0.2035398031496063
0
LINE
8
BLACK
6
CONTINUOUS
10
0.3563175196850394
20
-0.2035398031496063
11
0.3567089763779527
21
-0.205818031496063
0
LINE
8
BLACK
6
CONTINUOUS
10
0.3567089763779527
20
-0.205818031496063
11
0.3560755118110236
21
-0.2106298818897638
0
LINE
8
BLACK
6
CONTINUOUS
10
0.3560755118110236
20
-0.2106298818897638
11
0.3560755118110236
21
-0.2106299212598425
0
LINE
8
BLACK
6
CONTINUOUS
10
0.3560755118110236
20
-0.2106299212598425
11
0.3564903543307086
21
-0.2137811023622047
0
LINE
8
BLACK
6
CONTINUOUS
10
0.3564903543307086
20
-0.2137811023622047
11
0.3560513779527559
21
-0.2161496456692913
0
LINE
8
BLACK
6
CONTINUOUS
10
0.3560513779527559
20
-0.2161496456692913
11
0.355382125984252
21
-0.2170458661417323
0
LINE
8
BLACK
6
CONTINUOUS
10
0.355382125984252
20
-0.2170458661417323
11
0.3519501968503937
21
-0.2204777952755906
0
LINE
8
BLACK
6
CONTINUOUS
10
0.3519501968503937
20
-0.2204777952755906
11
0.3519501968503937
21
-0.2204778346456693
0
LINE
8
BLACK
6
CONTINUOUS
10
0.3519501968503937
20
-0.2204778346456693
11
0.350263031496063
21
-0.2234000787401575
0
LINE
8
BLACK
6
CONTINUOUS
10
0.350263031496063
20
-0.2234000787401575
11
0.3502298818897638
21
-0.2235238188976378
0
LINE
8
BLACK
6
CONTINUOUS
10
0.3502298818897638
20
-0.2235238188976378
11
0.3502241732283464
21
-0.2235452755905512
0
LINE
8
BLACK
6
CONTINUOUS
10
0.3502241732283464
20
-0.2235452755905512
11
0.3493897637795276
21
-0.2266593307086614
0
LINE
8
BLACK
6
CONTINUOUS
10
0.3493897637795276
20
-0.2266593307086614
11
0.3493897637795276
21
-0.5632735039370078
0
LINE
8
BLACK
6
CONTINUOUS
10
0.3493897637795276
20
-0.5632735039370078
11
0.3493897637795276
21
-0.5666477559055118
0
LINE
8
BLACK
6
CONTINUOUS
10
0.3493897637795276
20
-0.5666477559055118
11
0.3501599212598425
21
-0.5695221653543306
0
LINE
8
BLACK
6
CONTINUOUS
10
0.3501599212598425
20
-0.5695221653543306
11
0.3502631102362205
21
-0.5699072047244095
0
LINE
8
BLACK
6
CONTINUOUS
10
0.3502631102362205
20
-0.5699072047244095
11
0.3519500393700787
21
-0.5728290157480315
0
LINE
8
BLACK
6
CONTINUOUS
10
0.3519500393700787
20
-0.5728290157480315
11
0.3519501181102362
21
-0.572829094488189
0
LINE
8
BLACK
6
CONTINUOUS
10
0.3519501181102362
20
-0.572829094488189
11
0.3519501968503937
21
-0.5728292125984252
0
LINE
8
BLACK
6
CONTINUOUS
10
0.3519501968503937
20
-0.5728292125984252
11
0.4507928346456693
21
-0.6716718503937008
0
LINE
8
BLACK
6
CONTINUOUS
10
0.4507928346456693
20
-0.6716718503937008
11
0.4507929133858268
21
-0.6716718897637796
0
LINE
8
BLACK
6
CONTINUOUS
10
0.4507929133858268
20
-0.6716718897637796
11
0.4507929921259842
21
-0.671671968503937
0
LINE
8
BLACK
6
CONTINUOUS
10
0.4507929921259842
20
-0.671671968503937
11
0.453714842519685
21
-0.6733588976377952
0
LINE
8
BLACK
6
CONTINUOUS
10
0.453714842519685
20
-0.6733588976377952
11
0.4537147637795276
21
-0.6733588976377952
0
LINE
8
BLACK
6
CONTINUOUS
10
0.4537147637795276
20
-0.6733588976377952
11
0.4537149212598425
21
-0.673358937007874
0
LINE
8
BLACK
6
CONTINUOUS
10
0.4537149212598425
20
-0.673358937007874
11
0.453715
21
-0.6733589763779527
0
LINE
8
BLACK
6
CONTINUOUS
10
0.453715
20
-0.6733589763779527
11
0.4569742913385827
21
-0.6742322834645669
0
LINE
8
BLACK
6
CONTINUOUS
10
0.4569742913385827
20
-0.6742322834645669
11
0.4603485433070866
21
-0.6742322834645669
0
LINE
8
BLACK
6
CONTINUOUS
10
0.4603485433070866
20
-0.6742322834645669
11
0.5253555118110236
21
-0.6742322834645669
0
LINE
8
BLACK
6
CONTINUOUS
10
0.5253555118110236
20
-0.6742322834645669
11
0.5276464960629921
21
-0.674976653543307
0
LINE
8
BLACK
6
CONTINUOUS
10
0.5276464960629921
20
-0.674976653543307
11
0.5284476377952756
21
-0.675757125984252
0
LINE
8
BLACK
6
CONTINUOUS
10
0.5284476377952756
20
-0.675757125984252
11
0.5303825984251969
21
-0.6782788188976377
0
LINE
8
BLACK
6
CONTINUOUS
10
0.5303825984251969
20
-0.6782788188976377
11
0.5303827559055118
21
-0.678278937007874
0
LINE
8
BLACK
6
CONTINUOUS
10
0.5303827559055118
20
-0.678278937007874
11
0.5303827952755905
21
-0.6782789763779528
0
LINE
8
BLACK
6
CONTINUOUS
10
0.5303827952755905
20
-0.6782789763779528
11
0.5305916141732283
21
-0.6784392125984252
0
LINE
8
BLACK
6
CONTINUOUS
10
0.5305916141732283
20
-0.6784392125984252
11
0.5353212204724409
21
-0.6820683464566929
0
LINE
8
BLACK
6
CONTINUOUS
10
0.5353212204724409
20
-0.6820683464566929
11
0.5410723622047244
21
-0.6844505511811023
0
LINE
8
BLACK
6
CONTINUOUS
10
0.5410723622047244
20
-0.6844505511811023
11
0.5457011417322835
21
-0.6850599212598425
0
LINE
8
BLACK
6
CONTINUOUS
10
0.5457011417322835
20
-0.6850599212598425
11
0.5472440551181103
21
-0.6852630708661417
0
LINE
8
BLACK
6
CONTINUOUS
10
0.5472440551181103
20
-0.6852630708661417
11
0.547244094488189
21
-0.6852630708661417
0
LINE
8
BLACK
6
CONTINUOUS
10
0.547244094488189
20
-0.6852630708661417
11
0.5472441338582678
21
-0.6852630708661417
0
LINE
8
BLACK
6
CONTINUOUS
10
0.5472441338582678
20
-0.6852630708661417
11
0.5484784251968504
21
-0.6851005511811024
0
LINE
8
BLACK
6
CONTINUOUS
10
0.5484784251968504
20
-0.6851005511811024
11
0.5534158267716536
21
-0.6844505511811023
0
LINE
8
BLACK
6
CONTINUOUS
10
0.5534158267716536
20
-0.6844505511811023
11
0.559166968503937
21
-0.6820683464566929
0
LINE
8
BLACK
6
CONTINUOUS
10
0.559166968503937
20
-0.6820683464566929
11
0.564105590551181
21
-0.6782788188976377
0
LINE
8
BLACK
6
CONTINUOUS
10
0.564105590551181
20
-0.6782788188976377
11
0.5678951181102362
21
-0.6733401968503937
0
LINE
8
BLACK
6
CONTINUOUS
10
0.5678951181102362
20
-0.6733401968503937
11
0.5702773228346456
21
-0.6675890551181102
0
LINE
8
BLACK
6
CONTINUOUS
10
0.5702773228346456
20
-0.6675890551181102
11
0.571089842519685
21
-0.6614173228346456
0
LINE
8
BLACK
6
CONTINUOUS
10
0.571089842519685
20
-0.6614173228346456
11
0.5702773228346456
21
-0.655245590551181
0
LINE
8
BLACK
6
CONTINUOUS
10
0.5702773228346456
20
-0.655245590551181
11
0.5702772440944882
21
-0.6552453937007874
0
LINE
8
BLACK
6
CONTINUOUS
10
0.5702772440944882
20
-0.6552453937007874
11
0.5678951574803149
21
-0.6494945275590551
0
LINE
8
BLACK
6
CONTINUOUS
10
0.5678951574803149
20
-0.6494945275590551
11
0.5678951574803149
21
-0.6494944881889764
0
LINE
8
BLACK
6
CONTINUOUS
10
0.5678951574803149
20
-0.6494944881889764
11
0.564105748031496
21
-0.6445560236220472
0
LINE
8
BLACK
6
CONTINUOUS
10
0.564105748031496
20
-0.6445560236220472
11
0.5641057086614173
21
-0.6445559842519685
0
LINE
8
BLACK
6
CONTINUOUS
10
0.5641057086614173
20
-0.6445559842519685
11
0.564105590551181
21
-0.6445558267716536
0
LINE
8
BLACK
6
CONTINUOUS
10
0.564105590551181
20
-0.6445558267716536
11
0.5641053937007874
21
-0.6445556692913386
0
LINE
8
BLACK
6
CONTINUOUS
10
0.5641053937007874
20
-0.6445556692913386
11
0.5641053543307086
21
-0.6445556299212598
0
LINE
8
BLACK
6
CONTINUOUS
10
0.5641053543307086
20
-0.6445556299212598
11
0.5609287007874015
21
-0.6421181102362205
0
LINE
8
BLACK
6
CONTINUOUS
10
0.5609287007874015
20
-0.6421181102362205
11
0.559166968503937
21
-0.6407662992125984
0
LINE
8
BLACK
6
CONTINUOUS
10
0.559166968503937
20
-0.6407662992125984
11
0.5591669291338582
21
-0.6407662598425197
0
LINE
8
BLACK
6
CONTINUOUS
10
0.5591669291338582
20
-0.6407662598425197
11
0.5591668503937007
21
-0.6407662204724409
0
LINE
8
BLACK
6
CONTINUOUS
10
0.5591668503937007
20
-0.6407662204724409
11
0.5534159842519685
21
-0.6383841338582678
0
LINE
8
BLACK
6
CONTINUOUS
10
0.5534159842519685
20
-0.6383841338582678
11
0.5534156692913386
21
-0.6383840551181102
0
LINE
8
BLACK
6
CONTINUOUS
10
0.5534156692913386
20
-0.6383840551181102
11
0.5472441338582678
21
-0.6375715748031496
0
LINE
8
BLACK
6
CONTINUOUS
10
0.5472441338582678
20
-0.6375715748031496
11
0.5472440551181103
21
-0.6375715748031496
0
LINE
8
BLACK
6
CONTINUOUS
10
0.5472440551181103
20
-0.6375715748031496
11
0.5410724803149606
21
-0.6383840551181102
0
LINE
8
BLACK
6
CONTINUOUS
10
0.5410724803149606
20
-0.6383840551181102
11
0.5410721653543307
21
-0.6383841338582678
0
LINE
8
BLACK
6
CONTINUOUS
10
0.5410721653543307
20
-0.6383841338582678
11
0.5353212992125984
21
-0.6407662204724409
0
LINE
8
BLACK
6
CONTINUOUS
10
0.5353212992125984
20
-0.6407662204724409
11
0.5353212598425197
21
-0.6407662204724409
0
LINE
8
BLACK
6
CONTINUOUS
10
0.5353212598425197
20
-0.6407662204724409
11
0.5303827952755905
21
-0.6445556299212598
0
LINE
8
BLACK
6
CONTINUOUS
10
0.5303827952755905
20
-0.6445556299212598
11
0.5303824409448818
21
-0.6445559842519685
0
LINE
8
BLACK
6
CONTINUOUS
10
0.5303824409448818
20
-0.6445559842519685
11
0.5284477165354331
21
-0.6470774409448818
0
LINE
8
BLACK
6
CONTINUOUS
10
0.5284477165354331
20
-0.6470774409448818
11
0.5264625196850393
21
-0.6484418503937007
0
LINE
8
BLACK
6
CONTINUOUS
10
0.5264625196850393
20
-0.6484418503937007
11
0.5253555118110236
21
-0.6486023622047244
0
LINE
8
BLACK
6
CONTINUOUS
10
0.5253555118110236
20
-0.6486023622047244
11
0.4655840551181102
21
-0.6486023622047244
0
LINE
8
BLACK
6
CONTINUOUS
10
0.4655840551181102
20
-0.6486023622047244
11
0.4632930708661417
21
-0.6478579921259843
0
LINE
8
BLACK
6
CONTINUOUS
10
0.4632930708661417
20
-0.6478579921259843
11
0.4628279921259842
21
-0.6474607874015748
0
LINE
8
BLACK
6
CONTINUOUS
10
0.4628279921259842
20
-0.6474607874015748
11
0.4216663779527559
21
-0.6062991732283465
0
LINE
8
BLACK
6
CONTINUOUS
10
0.4216663779527559
20
-0.6062991732283465
11
0.3761612598425197
21
-0.5607940551181102
0
LINE
8
BLACK
6
CONTINUOUS
10
0.3761612598425197
20
-0.5607940551181102
11
0.3750676771653543
21
-0.5586477165354331
0
LINE
8
BLACK
6
CONTINUOUS
10
0.3750676771653543
20
-0.5586477165354331
11
0.3750196850393701
21
-0.5580379921259843
0
LINE
8
BLACK
6
CONTINUOUS
10
0.3750196850393701
20
-0.5580379921259843
11
0.3750196850393701
21
-0.5400552362204725
0
LINE
8
BLACK
6
CONTINUOUS
10
0.3750196850393701
20
-0.5400552362204725
11
0.3750196850393701
21
-0.5118109842519685
0
LINE
8
BLACK
6
CONTINUOUS
10
0.3750196850393701
20
-0.5118109842519685
11
0.3750196850393701
21
-0.2382747637795276
0
LINE
8
BLACK
6
CONTINUOUS
10
0.3750196850393701
20
-0.2382747637795276
11
0.3752429921259842
21
-0.2375875196850394
0
LINE
8
BLACK
6
CONTINUOUS
10
0.3752429921259842
20
-0.2375875196850394
11
0.3757640551181102
21
-0.2359837795275591
0
LINE
8
BLACK
6
CONTINUOUS
10
0.3757640551181102
20
-0.2359837795275591
11
0.377712874015748
21
-0.234567874015748
0
LINE
8
BLACK
6
CONTINUOUS
10
0.377712874015748
20
-0.234567874015748
11
0.379426062992126
21
-0.2344104724409449
0
LINE
8
BLACK
6
CONTINUOUS
10
0.379426062992126
20
-0.2344104724409449
11
0.3799212598425197
21
-0.2344756692913386
0
LINE
8
BLACK
6
CONTINUOUS
10
0.3799212598425197
20
-0.2344756692913386
11
0.3860929921259842
21
-0.2336631496062992
0
LINE
8
BLACK
6
CONTINUOUS
10
0.3860929921259842
20
-0.2336631496062992
11
0.3918441338582677
21
-0.2312809448818898
0
LINE
8
BLACK
6
CONTINUOUS
10
0.3918441338582677
20
-0.2312809448818898
11
0.3967827559055118
21
-0.2274914173228346
0
LINE
8
BLACK
6
CONTINUOUS
10
0.3967827559055118
20
-0.2274914173228346
11
0.4005722834645669
21
-0.2225527952755905
0
LINE
8
BLACK
6
CONTINUOUS
10
0.4005722834645669
20
-0.2225527952755905
11
0.4029544881889764
21
-0.2168016535433071
0
LINE
8
BLACK
6
CONTINUOUS
10
0.4029544881889764
20
-0.2168016535433071
11
0.4037670078740158
21
-0.2106299212598425
0
LINE
8
BLACK
6
CONTINUOUS
10
0.4037670078740158
20
-0.2106299212598425
11
0.4029544881889764
21
-0.2044581889763779
0
LINE
8
BLACK
6
CONTINUOUS
10
0.4029544881889764
20
-0.2044581889763779
11
0.40088
21
-0.1994499212598425
0
LINE
8
BLACK
6
CONTINUOUS
10
0.40088
20
-0.1994499212598425
11
0.4005723228346457
21
-0.198707125984252
0
LINE
8
BLACK
6
CONTINUOUS
10
0.4005723228346457
20
-0.198707125984252
11
0.4005723228346457
21
-0.1987070866141732
0
LINE
8
BLACK
6
CONTINUOUS
10
0.4005723228346457
20
-0.1987070866141732
11
0.3994426771653543
21
-0.1972349212598425
0
LINE
8
BLACK
6
CONTINUOUS
10
0.3994426771653543
20
-0.1972349212598425
11
0.3986385826771653
21
-0.1949642125984252
0
LINE
8
BLACK
6
CONTINUOUS
10
0.3986385826771653
20
-0.1949642125984252
11
0.3993227559055118
21
-0.1926545669291339
0
LINE
8
BLACK
6
CONTINUOUS
10
0.3993227559055118
20
-0.1926545669291339
11
0.4012338188976378
21
-0.1911881102362205
0
LINE
8
BLACK
6
CONTINUOUS
10
0.4012338188976378
20
-0.1911881102362205
11
0.4025348818897638
21
-0.1909645669291339
0
LINE
8
BLACK
6
CONTINUOUS
10
0.4025348818897638
20
-0.1909645669291339
11
0.4239003149606299
21
-0.1909645669291339
0
LINE
8
BLACK
6
CONTINUOUS
10
0.4239003149606299
20
-0.1909645669291339
11
0.4261912992125984
21
-0.191708937007874
0
LINE
8
BLACK
6
CONTINUOUS
10
0.4261912992125984
20
-0.191708937007874
11
0.4262722440944882
21
-0.1917694094488189
0
LINE
8
BLACK
6
CONTINUOUS
10
0.4262722440944882
20
-0.1917694094488189
11
0.4290220078740157
21
-0.1938793700787401
0
LINE
8
BLACK
6
CONTINUOUS
10
0.4290220078740157
20
-0.1938793700787401
11
0.4290220472440945
21
-0.1938793700787401
0
LINE
8
BLACK
6
CONTINUOUS
10
0.4290220472440945
20
-0.1938793700787401
11
0.4290220866141732
21
-0.1938794094488189
0
LINE
8
BLACK
6
CONTINUOUS
10
0.4290220866141732
20
-0.1938794094488189
11
0.4342288976377953
21
-0.1960361417322835
0
LINE
8
BLACK
6
CONTINUOUS
10
0.4342288976377953
20
-0.1960361417322835
11
0.4347731496062992
21
-0.1962615748031496
0
LINE
8
BLACK
6
CONTINUOUS
10
0.4347731496062992
20
-0.1962615748031496
11
0.4394019291338583
21
-0.1968709448818897
0
LINE
8
BLACK
6
CONTINUOUS
10
0.4394019291338583
20
-0.1968709448818897
11
0.440944842519685
21
-0.197074094488189
0
LINE
8
BLACK
6
CONTINUOUS
10
0.440944842519685
20
-0.197074094488189
11
0.4409448818897638
21
-0.197074094488189
0
LINE
8
BLACK
6
CONTINUOUS
10
0.4409448818897638
20
-0.197074094488189
11
0.4409449212598425
21
-0.197074094488189
0
LINE
8
BLACK
6
CONTINUOUS
10
0.4409449212598425
20
-0.197074094488189
11
0.4421792125984252
21
-0.1969115748031496
0
LINE
8
BLACK
6
CONTINUOUS
10
0.4421792125984252
20
-0.1969115748031496
11
0.4471166141732283
21
-0.1962615748031496
0
LINE
8
BLACK
6
CONTINUOUS
10
0.4471166141732283
20
-0.1962615748031496
11
0.4528677559055118
21
-0.1938793700787401
0
LINE
8
BLACK
6
CONTINUOUS
10
0.4528677559055118
20
-0.1938793700787401
11
0.4578063779527559
21
-0.190089842519685
0
LINE
8
BLACK
6
CONTINUOUS
10
0.4578063779527559
20
-0.190089842519685
11
0.461595905511811
21
-0.185151220472441
0
LINE
8
BLACK
6
CONTINUOUS
10
0.461595905511811
20
-0.185151220472441
11
0.4639781102362205
21
-0.1794000787401575
0
LINE
8
BLACK
6
CONTINUOUS
10
0.4639781102362205
20
-0.1794000787401575
11
0.4647906299212599
21
-0.1732283464566929
0
LINE
8
BLACK
6
CONTINUOUS
10
0.4647906299212599
20
-0.1732283464566929
11
0.4639781102362205
21
-0.1670566141732283
0
LINE
8
BLACK
6
CONTINUOUS
10
0.4639781102362205
20
-0.1670566141732283
11
0.4618861417322834
21
-0.1620061417322834
0
LINE
8
BLACK
6
CONTINUOUS
10
0.4618861417322834
20
-0.1620061417322834
11
0.4615959448818898
21
-0.1613055511811023
0
LINE
8
BLACK
6
CONTINUOUS
10
0.4615959448818898
20
-0.1613055511811023
11
0.4615959448818898
21
-0.1613055118110236
0
LINE
8
BLACK
6
CONTINUOUS
10
0.4615959448818898
20
-0.1613055118110236
11
0.4578065354330709
21
-0.1563670472440945
0
LINE
8
BLACK
6
CONTINUOUS
10
0.4578065354330709
20
-0.1563670472440945
11
0.4578064960629921
21
-0.1563670078740158
0
LINE
8
BLACK
6
CONTINUOUS
10
0.4578064960629921
20
-0.1563670078740158
11
0.4578063779527559
21
-0.1563668503937008
0
LINE
8
BLACK
6
CONTINUOUS
10
0.4578063779527559
20
-0.1563668503937008
11
0.4578061811023622
21
-0.1563666929133858
0
LINE
8
BLACK
6
CONTINUOUS
10
0.4578061811023622
20
-0.1563666929133858
11
0.4578061417322835
21
-0.1563666535433071
0
LINE
8
BLACK
6
CONTINUOUS
10
0.4578061417322835
20
-0.1563666535433071
11
0.4528676377952756
21
-0.1525772440944882
0
LINE
8
BLACK
6
CONTINUOUS
10
0.4528676377952756
20
-0.1525772440944882
11
0.4471167716535433
21
-0.150195157480315
0
LINE
8
BLACK
6
CONTINUOUS
10
0.4471167716535433
20
-0.150195157480315
11
0.4471164566929134
21
-0.1501950787401575
0
LINE
8
BLACK
6
CONTINUOUS
10
0.4471164566929134
20
-0.1501950787401575
11
0.4409449212598425
21
-0.1493825984251969
0
LINE
8
BLACK
6
CONTINUOUS
10
0.4409449212598425
20
-0.1493825984251969
11
0.440944842519685
21
-0.1493825984251969
0
LINE
8
BLACK
6
CONTINUOUS
10
0.440944842519685
20
-0.1493825984251969
11
0.4347732677165354
21
-0.1501950787401575
0
LINE
8
BLACK
6
CONTINUOUS
10
0.4347732677165354
20
-0.1501950787401575
11
0.4347729527559055
21
-0.150195157480315
0
LINE
8
BLACK
6
CONTINUOUS
10
0.4347729527559055
20
-0.150195157480315
11
0.4290220866141732
21
-0.1525772440944882
0
LINE
8
BLACK
6
CONTINUOUS
10
0.4290220866141732
20
-0.1525772440944882
11
0.4275194488188976
21
-0.1537302362204724
0
LINE
8
BLACK
6
CONTINUOUS
10
0.4275194488188976
20
-0.1537302362204724
11
0.4262729921259842
21
-0.1546866929133858
0
LINE
8
BLACK
6
CONTINUOUS
10
0.4262729921259842
20
-0.1546866929133858
11
0.4240023228346457
21
-0.1554907874015748
0
LINE
8
BLACK
6
CONTINUOUS
10
0.4240023228346457
20
-0.1554907874015748
11
0.4239003149606299
21
-0.155492125984252
0
LINE
8
BLACK
6
CONTINUOUS
10
0.4239003149606299
20
-0.155492125984252
11
0.3519957086614173
21
-0.155492125984252
0
LINE
8
BLACK
6
CONTINUOUS
10
0.3519957086614173
20
-0.155492125984252
11
0.3474848031496063
21
-0.1567008267716535
0
LINE
8
BLACK
6
CONTINUOUS
10
0.3474848031496063
20
-0.1567008267716535
11
0.3434403937007874
21
-0.1590358267716535
0
LINE
8
BLACK
6
CONTINUOUS
10
0.3434403937007874
20
-0.1590358267716535
11
0.0250863779527559
21
-0.4773898031496063
0
LINE
8
BLACK
6
CONTINUOUS
10
0.0250863779527559
20
-0.4773898031496063
11
0.0229400393700787
21
-0.4784833858267716
0
LINE
8
BLACK
6
CONTINUOUS
10
0.0229400393700787
20
-0.4784833858267716
11
0.0207355511811024
21
-0.4781342125984252
0
LINE
8
BLACK
6
CONTINUOUS
10
0.0207355511811024
20
-0.4781342125984252
11
0.0207219291338583
21
-0.4781672047244094
0
LINE
8
BLACK
6
CONTINUOUS
10
0.0207219291338583
20
-0.4781672047244094
11
0.0205846456692913
21
-0.4781103149606299
0
LINE
8
BLACK
6
CONTINUOUS
10
0.0205846456692913
20
-0.4781103149606299
11
0.0205608267716535
21
-0.4781065748031496
0
LINE
8
BLACK
6
CONTINUOUS
10
0.0205608267716535
20
-0.4781065748031496
11
0.0205135039370079
21
-0.4780808661417323
0
LINE
8
BLACK
6
CONTINUOUS
10
0.0205135039370079
20
-0.4780808661417323
11
0.0147348818897638
21
-0.4756872834645669
0
LINE
8
BLACK
6
CONTINUOUS
10
0.0147348818897638
20
-0.4756872834645669
11
0.0147345669291339
21
-0.4756872047244095
0
LINE
8
BLACK
6
CONTINUOUS
10
0.0147345669291339
20
-0.4756872047244095
11
0.008563031496063
21
-0.4748747244094488
0
LINE
8
BLACK
6
CONTINUOUS
10
0.008563031496063
20
-0.4748747244094488
11
0.0085629527559055
21
-0.4748747244094488
0
LINE
8
BLACK
6
CONTINUOUS
10
0.0085629527559055
20
-0.4748747244094488
11
0.0023913779527559
21
-0.4756872047244095
0
LINE
8
BLACK
6
CONTINUOUS
10
0.0023913779527559
20
-0.4756872047244095
11
0.002391062992126
21
-0.4756872834645669
0
LINE
8
BLACK
6
CONTINUOUS
10
0.002391062992126
20
-0.4756872834645669
11
-0.0033598031496063
21
-0.4780693700787401
0
LINE
8
BLACK
6
CONTINUOUS
10
-0.0033598031496063
20
-0.4780693700787401
11
-0.003359842519685
21
-0.4780693700787401
0
LINE
8
BLACK
6
CONTINUOUS
10
-0.003359842519685
20
-0.4780693700787401
11
-0.0082983070866142
21
-0.4818587795275591
0
LINE
8
BLACK
6
CONTINUOUS
10
-0.0082983070866142
20
-0.4818587795275591
11
-0.0082987007874016
21
-0.4818591732283464
0
LINE
8
BLACK
6
CONTINUOUS
10
-0.0082987007874016
20
-0.4818591732283464
11
-0.0120881102362205
21
-0.4867976377952756
0
LINE
8
BLACK
6
CONTINUOUS
10
-0.0120881102362205
20
-0.4867976377952756
11
-0.0120881102362205
21
-0.4867976771653543
0
LINE
8
BLACK
6
CONTINUOUS
10
-0.0120881102362205
20
-0.4867976771653543
11
-0.0144701968503937
21
-0.4925485433070866
0
LINE
8
BLACK
6
CONTINUOUS
10
-0.0144701968503937
20
-0.4925485433070866
11
-0.0144702755905512
21
-0.4925488582677165
0
LINE
8
BLACK
6
CONTINUOUS
10
-0.0144702755905512
20
-0.4925488582677165
11
-0.0152827559055118
21
-0.4987204330708661
0
LINE
8
BLACK
6
CONTINUOUS
10
-0.0152827559055118
20
-0.4987204330708661
11
-0.0152827559055118
21
-0.4987204724409449
0
LINE
8
BLACK
6
CONTINUOUS
10
-1.1458929921259842
20
-0.6476377952755905
11
-1.1450805118110237
21
-0.6538093700787402
0
LINE
8
BLACK
6
CONTINUOUS
10
-1.1450805118110237
20
-0.6538093700787402
11
-1.1450804330708662
21
-0.6538096850393701
0
LINE
8
BLACK
6
CONTINUOUS
10
-1.1450804330708662
20
-0.6538096850393701
11
-1.1426983464566929
21
-0.6595605511811024
0
LINE
8
BLACK
6
CONTINUOUS
10
-1.1426983464566929
20
-0.6595605511811024
11
-1.1426983464566929
21
-0.6595605905511811
0
LINE
8
BLACK
6
CONTINUOUS
10
-1.1426983464566929
20
-0.6595605905511811
11
-1.1412736220472441
21
-0.6614173228346456
0
LINE
8
BLACK
6
CONTINUOUS
10
-1.1412736220472441
20
-0.6614173228346456
11
-1.1389087401574802
21
-0.6644992913385827
0
LINE
8
BLACK
6
CONTINUOUS
10
-1.1389087401574802
20
-0.6644992913385827
11
-1.1339701181102362
21
-0.6682888188976378
0
LINE
8
BLACK
6
CONTINUOUS
10
-1.1339701181102362
20
-0.6682888188976378
11
-1.1282189763779527
21
-0.6706710236220472
0
LINE
8
BLACK
6
CONTINUOUS
10
-1.1282189763779527
20
-0.6706710236220472
11
-1.1235901968503936
21
-0.6712803937007874
0
LINE
8
BLACK
6
CONTINUOUS
10
-1.1235901968503936
20
-0.6712803937007874
11
-1.1220472834645669
21
-0.6714835433070866
0
LINE
8
BLACK
6
CONTINUOUS
10
-1.1220472834645669
20
-0.6714835433070866
11
-1.1220472440944882
21
-0.6714835433070866
0
LINE
8
BLACK
6
CONTINUOUS
10
-1.1220472440944882
20
-0.6714835433070866
11
-1.1220472047244094
21
-0.6714835433070866
0
LINE
8
BLACK
6
CONTINUOUS
10
-1.1220472047244094
20
-0.6714835433070866
11
-1.1208129133858267
21
-0.6713210236220473
0
LINE
8
BLACK
6
CONTINUOUS
10
-1.1208129133858267
20
-0.6713210236220473
11
-1.1158755118110235
21
-0.6706710236220472
0
LINE
8
BLACK
6
CONTINUOUS
10
-1.1158755118110235
20
-0.6706710236220472
11
-1.1101243700787402
21
-0.6682888188976378
0
LINE
8
BLACK
6
CONTINUOUS
10
-1.1101243700787402
20
-0.6682888188976378
11
-1.1051857480314959
21
-0.6644992913385827
0
LINE
8
BLACK
6
CONTINUOUS
10
-1.1051857480314959
20
-0.6644992913385827
11
-1.101396220472441
21
-0.6595606692913386
0
LINE
8
BLACK
6
CONTINUOUS
10
-1.101396220472441
20
-0.6595606692913386
11
-1.0990140157480315
21
-0.6538095275590551
0
LINE
8
BLACK
6
CONTINUOUS
10
-1.0990140157480315
20
-0.6538095275590551
11
-1.098201496062992
21
-0.6476377952755905
0
LINE
8
BLACK
6
CONTINUOUS
10
-1.098201496062992
20
-0.6476377952755905
11
-1.0986164173228345
21
-0.6444864960629921
0
LINE
8
BLACK
6
CONTINUOUS
10
-1.0986164173228345
20
-0.6444864960629921
11
-1.0981774803149607
21
-0.6421181102362205
0
LINE
8
BLACK
6
CONTINUOUS
10
-1.0981774803149607
20
-0.6421181102362205
11
-1.0975081496062993
21
-0.6412217716535433
0
LINE
8
BLACK
6
CONTINUOUS
10
-1.0975081496062993
20
-0.6412217716535433
11
-1.0804790551181103
21
-0.6241927559055118
0
LINE
8
BLACK
6
CONTINUOUS
10
-1.0804790551181103
20
-0.6241927559055118
11
-1.0783327559055118
21
-0.6230991732283464
0
LINE
8
BLACK
6
CONTINUOUS
10
-1.0783327559055118
20
-0.6230991732283464
11
-1.0777230314960631
21
-0.6230511811023622
0
LINE
8
BLACK
6
CONTINUOUS
10
-1.0777230314960631
20
-0.6230511811023622
11
-0.7293242125984252
21
-0.6230511811023622
0
LINE
8
BLACK
6
CONTINUOUS
10
-0.7293242125984252
20
-0.6230511811023622
11
-0.7270332283464567
21
-0.6237955511811023
0
LINE
8
BLACK
6
CONTINUOUS
10
-0.7270332283464567
20
-0.6237955511811023
11
-0.7265681496062992
21
-0.6241927559055118
0
LINE
8
BLACK
6
CONTINUOUS
10
-0.7265681496062992
20
-0.6241927559055118
11
-0.7026690551181102
21
-0.6480918503937008
0
LINE
8
BLACK
6
CONTINUOUS
10
-0.7026690551181102
20
-0.6480918503937008
11
-0.7015754724409449
21
-0.650238188976378
0
LINE
8
BLACK
6
CONTINUOUS
10
-0.7015754724409449
20
-0.650238188976378
11
-0.7015608267716535
21
-0.6513566535433071
0
LINE
8
BLACK
6
CONTINUOUS
10
-0.7015608267716535
20
-0.6513566535433071
11
-0.7019756692913386
21
-0.6545078346456693
0
LINE
8
BLACK
6
CONTINUOUS
10
-0.7019756692913386
20
-0.6545078346456693
11
-0.7019756692913386
21
-0.6545078740157481
0
LINE
8
BLACK
6
CONTINUOUS
10
-0.7019756692913386
20
-0.6545078740157481
11
-0.701163188976378
21
-0.6606794488188976
0
LINE
8
BLACK
6
CONTINUOUS
10
-0.701163188976378
20
-0.6606794488188976
11
-0.7011631102362205
21
-0.6606797637795275
0
LINE
8
BLACK
6
CONTINUOUS
10
-0.7011631102362205
20
-0.6606797637795275
11
-0.6987810236220472
21
-0.6664306299212598
0
LINE
8
BLACK
6
CONTINUOUS
10
-0.6987810236220472
20
-0.6664306299212598
11
-0.6987810236220472
21
-0.6664306692913385
0
LINE
8
BLACK
6
CONTINUOUS
10
-0.6987810236220472
20
-0.6664306692913385
11
-0.6955272834645669
21
-0.6706710236220472
0
LINE
8
BLACK
6
CONTINUOUS
10
-0.6955272834645669
20
-0.6706710236220472
11
-0.6949914173228346
21
-0.6713693700787401
0
LINE
8
BLACK
6
CONTINUOUS
10
-0.6949914173228346
20
-0.6713693700787401
11
-0.6949912598425196
21
-0.6713694881889763
0
LINE
8
BLACK
6
CONTINUOUS
10
-0.6949912598425196
20
-0.6713694881889763
11
-0.6949912204724409
21
-0.6713695275590551
0
LINE
8
BLACK
6
CONTINUOUS
10
-0.6949912204724409
20
-0.6713695275590551
11
-0.6938770866141732
21
-0.6722244094488189
0
LINE
8
BLACK
6
CONTINUOUS
10
-0.6938770866141732
20
-0.6722244094488189
11
-0.6900527952755905
21
-0.6751588976377952
0
LINE
8
BLACK
6
CONTINUOUS
10
-0.6900527952755905
20
-0.6751588976377952
11
-0.6900527559055118
21
-0.6751588976377952
0
LINE
8
BLACK
6
CONTINUOUS
10
-0.6900527559055118
20
-0.6751588976377952
11
-0.6900527165354331
21
-0.675158937007874
0
LINE
8
BLACK
6
CONTINUOUS
10
-0.6900527165354331
20
-0.675158937007874
11
-0.687106220472441
21
-0.6763794094488189
0
LINE
8
BLACK
6
CONTINUOUS
10
-0.687106220472441
20
-0.6763794094488189
11
-0.6843016535433071
21
-0.6775411023622047
0
LINE
8
BLACK
6
CONTINUOUS
10
-0.6843016535433071
20
-0.6775411023622047
11
-0.6796728740157481
21
-0.6781504724409448
0
LINE
8
BLACK
6
CONTINUOUS
10
-0.6796728740157481
20
-0.6781504724409448
11
-0.6781299606299213
21
-0.678353622047244
0
LINE
8
BLACK
6
CONTINUOUS
10
-0.6781299606299213
20
-0.678353622047244
11
-0.6781299212598425
21
-0.678353622047244
0
LINE
8
BLACK
6
CONTINUOUS
10
-0.6781299212598425
20
-0.678353622047244
11
-0.6781298818897638
21
-0.678353622047244
0
LINE
8
BLACK
6
CONTINUOUS
10
-0.6781298818897638
20
-0.678353622047244
11
-0.6768955905511811
21
-0.6781911023622047
0
LINE
8
BLACK
6
CONTINUOUS
10
-0.6768955905511811
20
-0.6781911023622047
11
-0.6719581889763779
21
-0.6775411023622047
0
LINE
8
BLACK
6
CONTINUOUS
10
-0.6719581889763779
20
-0.6775411023622047
11
-0.6662070472440945
21
-0.6751588976377952
0
LINE
8
BLACK
6
CONTINUOUS
10
-0.6662070472440945
20
-0.6751588976377952
11
-0.6612684251968504
21
-0.6713693700787401
0
LINE
8
BLACK
6
CONTINUOUS
10
-0.6612684251968504
20
-0.6713693700787401
11
-0.6574788976377952
21
-0.666430748031496
0
LINE
8
BLACK
6
CONTINUOUS
10
-0.6574788976377952
20
-0.666430748031496
11
-0.6550966929133858
21
-0.6606796062992126
0
LINE
8
BLACK
6
CONTINUOUS
10
-0.6550966929133858
20
-0.6606796062992126
11
-0.6542841732283464
21
-0.6545078740157481
0
LINE
8
BLACK
6
CONTINUOUS
10
-0.6542841732283464
20
-0.6545078740157481
11
-0.6550966929133858
21
-0.6483361417322835
0
LINE
8
BLACK
6
CONTINUOUS
10
-0.6550966929133858
20
-0.6483361417322835
11
-0.6566626377952756
21
-0.6445556299212598
0
LINE
8
BLACK
6
CONTINUOUS
10
-0.6566626377952756
20
-0.6445556299212598
11
-0.6574788582677166
21
-0.6425850787401575
0
LINE
8
BLACK
6
CONTINUOUS
10
-0.6574788582677166
20
-0.6425850787401575
11
-0.6574788582677166
21
-0.6425850393700787
0
LINE
8
BLACK
6
CONTINUOUS
10
-0.6574788582677166
20
-0.6425850393700787
11
-0.6612682677165355
21
-0.6376465748031496
0
LINE
8
BLACK
6
CONTINUOUS
10
-0.6612682677165355
20
-0.6376465748031496
11
-0.6612683070866141
21
-0.6376465354330708
0
LINE
8
BLACK
6
CONTINUOUS
10
-0.6612683070866141
20
-0.6376465354330708
11
-0.6612684251968504
21
-0.6376463779527559
0
LINE
8
BLACK
6
CONTINUOUS
10
-0.6612684251968504
20
-0.6376463779527559
11
-0.6612686220472441
21
-0.6376462204724409
0
LINE
8
BLACK
6
CONTINUOUS
10
-0.6612686220472441
20
-0.6376462204724409
11
-0.6612686614173228
21
-0.6376461811023622
0
LINE
8
BLACK
6
CONTINUOUS
10
-0.6612686614173228
20
-0.6376461811023622
11
-0.6640707086614173
21
-0.6354961023622047
0
LINE
8
BLACK
6
CONTINUOUS
10
-0.6640707086614173
20
-0.6354961023622047
11
-0.6662070472440945
21
-0.6338568503937008
0
LINE
8
BLACK
6
CONTINUOUS
10
-0.6662070472440945
20
-0.6338568503937008
11
-0.6662070866141732
21
-0.633856811023622
0
LINE
8
BLACK
6
CONTINUOUS
10
-0.6662070866141732
20
-0.633856811023622
11
-0.6662071653543307
21
-0.6338567716535433
0
LINE
8
BLACK
6
CONTINUOUS
10
-0.6662071653543307
20
-0.6338567716535433
11
-0.6719580314960629
21
-0.6314746850393701
0
LINE
8
BLACK
6
CONTINUOUS
10
-0.6719580314960629
20
-0.6314746850393701
11
-0.6719583464566929
21
-0.6314746062992126
0
LINE
8
BLACK
6
CONTINUOUS
10
-0.6719583464566929
20
-0.6314746062992126
11
-0.6781298818897638
21
-0.630662125984252
0
LINE
8
BLACK
6
CONTINUOUS
10
-0.6781298818897638
20
-0.630662125984252
11
-0.6781299606299213
21
-0.630662125984252
0
LINE
8
BLACK
6
CONTINUOUS
10
-0.6781299606299213
20
-0.630662125984252
11
-0.6812811417322835
21
-0.631076968503937
0
LINE
8
BLACK
6
CONTINUOUS
10
-0.6812811417322835
20
-0.631076968503937
11
-0.6836496850393701
21
-0.6306379921259843
0
LINE
8
BLACK
6
CONTINUOUS
10
-0.6836496850393701
20
-0.6306379921259843
11
-0.6845459448818898
21
-0.6299687401574803
0
LINE
8
BLACK
6
CONTINUOUS
10
-0.6845459448818898
20
-0.6299687401574803
11
-0.696292716535433
21
-0.618221968503937
0
LINE
8
BLACK
6
CONTINUOUS
10
-0.696292716535433
20
-0.618221968503937
11
-0.7145329921259842
21
-0.5999816929133858
0
LINE
8
BLACK
6
CONTINUOUS
10
-0.7145329921259842
20
-0.5999816929133858
11
-0.7145331102362205
21
-0.5999816141732284
0
LINE
8
BLACK
6
CONTINUOUS
10
-0.7145331102362205
20
-0.5999816141732284
11
-0.7145331496062992
21
-0.5999815748031496
0
LINE
8
BLACK
6
CONTINUOUS
10
-0.7145331496062992
20
-0.5999815748031496
11
-0.714533188976378
21
-0.5999815354330709
0
LINE
8
BLACK
6
CONTINUOUS
10
-0.714533188976378
20
-0.5999815354330709
11
-0.7174550393700787
21
-0.5982946062992126
0
LINE
8
BLACK
6
CONTINUOUS
10
-0.7174550393700787
20
-0.5982946062992126
11
-0.7174549606299212
21
-0.5982946062992126
0
LINE
8
BLACK
6
CONTINUOUS
10
-0.7174549606299212
20
-0.5982946062992126
11
-0.7187196456692914
21
-0.5979557480314961
0
LINE
8
BLACK
6
CONTINUOUS
10
-0.7187196456692914
20
-0.5979557480314961
11
-0.7207144488188976
21
-0.5974212598425197
0
LINE
8
BLACK
6
CONTINUOUS
10
-0.7207144488188976
20
-0.5974212598425197
11
-1.0829585433070865
21
-0.5974212598425197
0
LINE
8
BLACK
6
CONTINUOUS
10
-1.0829585433070865
20
-0.5974212598425197
11
-1.0863327952755906
21
-0.5974212598425197
0
LINE
8
BLACK
6
CONTINUOUS
10
-1.0863327952755906
20
-0.5974212598425197
11
-1.0883276377952755
21
-0.5979557480314961
0
LINE
8
BLACK
6
CONTINUOUS
10
-1.0883276377952755
20
-0.5979557480314961
11
-1.0895922834645668
21
-0.5982946062992126
0
LINE
8
BLACK
6
CONTINUOUS
10
-1.0895922834645668
20
-0.5982946062992126
11
-1.092514094488189
21
-0.5999815354330709
0
LINE
8
BLACK
6
CONTINUOUS
10
-1.092514094488189
20
-0.5999815354330709
11
-1.0925142913385826
21
-0.5999816929133858
0
LINE
8
BLACK
6
CONTINUOUS
10
-1.0925142913385826
20
-0.5999816929133858
11
-1.115631338582677
21
-0.6230986614173228
0
LINE
8
BLACK
6
CONTINUOUS
10
-1.115631338582677
20
-0.6230986614173228
11
-1.1177776377952755
21
-0.6241922440944881
0
LINE
8
BLACK
6
CONTINUOUS
10
-1.1177776377952755
20
-0.6241922440944881
11
-1.1188961023622046
21
-0.6242068897637795
0
LINE
8
BLACK
6
CONTINUOUS
10
-1.1188961023622046
20
-0.6242068897637795
11
-1.1220472047244094
21
-0.6237920472440944
0
LINE
8
BLACK
6
CONTINUOUS
10
-1.1220472047244094
20
-0.6237920472440944
11
-1.1220472834645669
21
-0.6237920472440944
0
LINE
8
BLACK
6
CONTINUOUS
10
-1.1220472834645669
20
-0.6237920472440944
11
-1.1282188582677166
21
-0.6246045275590552
0
LINE
8
BLACK
6
CONTINUOUS
10
-1.1282188582677166
20
-0.6246045275590552
11
-1.1282191732283464
21
-0.6246046062992126
0
LINE
8
BLACK
6
CONTINUOUS
10
-1.1282191732283464
20
-0.6246046062992126
11
-1.1339700393700787
21
-0.6269866929133858
0
LINE
8
BLACK
6
CONTINUOUS
10
-1.1339700393700787
20
-0.6269866929133858
11
-1.1339700787401574
21
-0.6269866929133858
0
LINE
8
BLACK
6
CONTINUOUS
10
-1.1339700787401574
20
-0.6269866929133858
11
-1.1389085433070867
21
-0.6307761023622047
0
LINE
8
BLACK
6
CONTINUOUS
10
-1.1389085433070867
20
-0.6307761023622047
11
-1.138908937007874
21
-0.6307764960629921
0
LINE
8
BLACK
6
CONTINUOUS
10
-1.138908937007874
20
-0.6307764960629921
11
-1.1426983464566929
21
-0.6357149606299213
0
LINE
8
BLACK
6
CONTINUOUS
10
-1.1426983464566929
20
-0.6357149606299213
11
-1.1426983464566929
21
-0.635715
0
LINE
8
BLACK
6
CONTINUOUS
10
-1.1426983464566929
20
-0.635715
11
-1.1450804330708662
21
-0.6414658661417323
0
LINE
8
BLACK
6
CONTINUOUS
10
-1.1450804330708662
20
-0.6414658661417323
11
-1.1450805118110237
21
-0.6414661811023622
0
LINE
8
BLACK
6
CONTINUOUS
10
-1.1450805118110237
20
-0.6414661811023622
11
-1.1458929921259842
21
-0.6476377559055118
0
LINE
8
BLACK
6
CONTINUOUS
10
-1.1458929921259842
20
-0.6476377559055118
11
-1.1458929921259842
21
-0.6476377952755905
0
LINE
8
BLACK
6
CONTINUOUS
10
0.3206424409448819
20
-0.6476377952755905
11
0.3214549212598425
21
-0.6538093700787402
0
LINE
8
BLACK
6
CONTINUOUS
10
0.3214549212598425
20
-0.6538093700787402
11
0.321455
21
-0.6538096850393701
0
LINE
8
BLACK
6
CONTINUOUS
10
0.321455
20
-0.6538096850393701
11
0.3238370866141732
21
-0.6595605511811024
0
LINE
8
BLACK
6
CONTINUOUS
10
0.3238370866141732
20
-0.6595605511811024
11
0.3238370866141732
21
-0.6595605905511811
0
LINE
8
BLACK
6
CONTINUOUS
10
0.3238370866141732
20
-0.6595605905511811
11
0.3252618110236221
21
-0.6614173228346456
0
LINE
8
BLACK
6
CONTINUOUS
10
0.3252618110236221
20
-0.6614173228346456
11
0.3276266929133858
21
-0.6644992913385827
0
LINE
8
BLACK
6
CONTINUOUS
10
0.3276266929133858
20
-0.6644992913385827
11
0.3325653149606299
21
-0.6682888188976378
0
LINE
8
BLACK
6
CONTINUOUS
10
0.3325653149606299
20
-0.6682888188976378
11
0.3383164566929134
21
-0.6706710236220472
0
LINE
8
BLACK
6
CONTINUOUS
10
0.3383164566929134
20
-0.6706710236220472
11
0.3429452362204725
21
-0.6712803937007874
0
LINE
8
BLACK
6
CONTINUOUS
10
0.3429452362204725
20
-0.6712803937007874
11
0.3444881496062992
21
-0.6714835433070866
0
LINE
8
BLACK
6
CONTINUOUS
10
0.3444881496062992
20
-0.6714835433070866
11
0.344488188976378
21
-0.6714835433070866
0
LINE
8
BLACK
6
CONTINUOUS
10
0.344488188976378
20
-0.6714835433070866
11
0.3444882283464567
21
-0.6714835433070866
0
LINE
8
BLACK
6
CONTINUOUS
10
0.3444882283464567
20
-0.6714835433070866
11
0.3457225196850394
21
-0.6713210236220473
0
LINE
8
BLACK
6
CONTINUOUS
10
0.3457225196850394
20
-0.6713210236220473
11
0.3506599212598425
21
-0.6706710236220472
0
LINE
8
BLACK
6
CONTINUOUS
10
0.3506599212598425
20
-0.6706710236220472
11
0.356411062992126
21
-0.6682888188976378
0
LINE
8
BLACK
6
CONTINUOUS
10
0.356411062992126
20
-0.6682888188976378
11
0.3613496850393701
21
-0.6644992913385827
0
LINE
8
BLACK
6
CONTINUOUS
10
0.3613496850393701
20
-0.6644992913385827
11
0.3651392125984252
21
-0.6595606692913386
0
LINE
8
BLACK
6
CONTINUOUS
10
0.3651392125984252
20
-0.6595606692913386
11
0.3675214173228347
21
-0.6538095275590551
0
LINE
8
BLACK
6
CONTINUOUS
10
0.3675214173228347
20
-0.6538095275590551
11
0.368333937007874
21
-0.6476377952755905
0
LINE
8
BLACK
6
CONTINUOUS
10
0.368333937007874
20
-0.6476377952755905
11
0.3675214173228347
21
-0.6414660629921259
0
LINE
8
BLACK
6
CONTINUOUS
10
0.3675214173228347
20
-0.6414660629921259
11
0.366244842519685
21
-0.6383841338582678
0
LINE
8
BLACK
6
CONTINUOUS
10
0.366244842519685
20
-0.6383841338582678
11
0.3651392519685039
21
-0.635715
0
LINE
8
BLACK
6
CONTINUOUS
10
0.3651392519685039
20
-0.635715
11
0.3651392519685039
21
-0.6357149606299213
0
LINE
8
BLACK
6
CONTINUOUS
10
0.3651392519685039
20
-0.6357149606299213
11
0.361349842519685
21
-0.6307764960629921
0
LINE
8
BLACK
6
CONTINUOUS
10
0.361349842519685
20
-0.6307764960629921
11
0.3613498031496063
21
-0.6307764566929134
0
LINE
8
BLACK
6
CONTINUOUS
10
0.3613498031496063
20
-0.6307764566929134
11
0.3613496850393701
21
-0.6307762992125984
0
LINE
8
BLACK
6
CONTINUOUS
10
0.3613496850393701
20
-0.6307762992125984
11
0.3613494881889764
21
-0.6307761417322835
0
LINE
8
BLACK
6
CONTINUOUS
10
0.3613494881889764
20
-0.6307761417322835
11
0.3613494488188976
21
-0.6307761023622047
0
LINE
8
BLACK
6
CONTINUOUS
10
0.3613494488188976
20
-0.6307761023622047
11
0.3564109448818897
21
-0.6269866929133858
0
LINE
8
BLACK
6
CONTINUOUS
10
0.3564109448818897
20
-0.6269866929133858
11
0.3506600787401575
21
-0.6246046062992126
0
LINE
8
BLACK
6
CONTINUOUS
10
0.3506600787401575
20
-0.6246046062992126
11
0.3506597637795276
21
-0.6246045275590552
0
LINE
8
BLACK
6
CONTINUOUS
10
0.3506597637795276
20
-0.6246045275590552
11
0.3444882283464567
21
-0.6237920472440944
0
LINE
8
BLACK
6
CONTINUOUS
10
0.3444882283464567
20
-0.6237920472440944
11
0.3444881496062992
21
-0.6237920472440944
0
LINE
8
BLACK
6
CONTINUOUS
10
0.3444881496062992
20
-0.6237920472440944
11
0.3383165748031496
21
-0.6246045275590552
0
LINE
8
BLACK
6
CONTINUOUS
10
0.3383165748031496
20
-0.6246045275590552
11
0.3383162598425197
21
-0.6246046062992126
0
LINE
8
BLACK
6
CONTINUOUS
10
0.3383162598425197
20
-0.6246046062992126
11
0.3325653937007874
21
-0.6269866929133858
0
LINE
8
BLACK
6
CONTINUOUS
10
0.3325653937007874
20
-0.6269866929133858
11
0.3325653543307087
21
-0.6269866929133858
0
LINE
8
BLACK
6
CONTINUOUS
10
0.3325653543307087
20
-0.6269866929133858
11
0.3276268897637795
21
-0.6307761023622047
0
LINE
8
BLACK
6
CONTINUOUS
10
0.3276268897637795
20
-0.6307761023622047
11
0.3276264960629921
21
-0.6307764960629921
0
LINE
8
BLACK
6
CONTINUOUS
10
0.3276264960629921
20
-0.6307764960629921
11
0.3238370866141732
21
-0.6357149606299213
0
LINE
8
BLACK
6
CONTINUOUS
10
0.3238370866141732
20
-0.6357149606299213
11
0.3238370866141732
21
-0.635715
0
LINE
8
BLACK
6
CONTINUOUS
10
0.3238370866141732
20
-0.635715
11
0.321455
21
-0.6414658661417323
0
LINE
8
BLACK
6
CONTINUOUS
10
0.321455
20
-0.6414658661417323
11
0.3214549212598425
21
-0.6414661811023622
0
LINE
8
BLACK
6
CONTINUOUS
10
0.3214549212598425
20
-0.6414661811023622
11
0.3206424409448819
21
-0.6476377559055118
0
LINE
8
BLACK
6
CONTINUOUS
10
0.3206424409448819
20
-0.6476377559055118
11
0.3206424409448819
21
-0.6476377952755905
0
LINE
8
BLACK
6
CONTINUOUS
10
0.4781227559055118
20
-0.6062992125984252
11
0.4789352362204724
21
-0.6124707874015748
0
LINE
8
BLACK
6
CONTINUOUS
10
0.4789352362204724
20
-0.6124707874015748
11
0.4789353149606299
21
-0.6124711023622047
0
LINE
8
BLACK
6
CONTINUOUS
10
0.4789353149606299
20
-0.6124711023622047
11
0.4813174015748031
21
-0.618221968503937
0
LINE
8
BLACK
6
CONTINUOUS
10
0.4813174015748031
20
-0.618221968503937
11
0.4813174015748031
21
-0.6182220078740157
0
LINE
8
BLACK
6
CONTINUOUS
10
0.4813174015748031
20
-0.6182220078740157
11
0.485106811023622
21
-0.6231604724409449
0
LINE
8
BLACK
6
CONTINUOUS
10
0.485106811023622
20
-0.6231604724409449
11
0.4851070078740157
21
-0.6231607086614173
0
LINE
8
BLACK
6
CONTINUOUS
10
0.4851070078740157
20
-0.6231607086614173
11
0.4900456299212598
21
-0.6269502362204724
0
LINE
8
BLACK
6
CONTINUOUS
10
0.4900456299212598
20
-0.6269502362204724
11
0.4900456692913386
21
-0.6269502362204724
0
LINE
8
BLACK
6
CONTINUOUS
10
0.4900456692913386
20
-0.6269502362204724
11
0.4900457086614173
21
-0.6269502755905512
0
LINE
8
BLACK
6
CONTINUOUS
10
0.4900457086614173
20
-0.6269502755905512
11
0.4901338188976378
21
-0.6269867716535433
0
LINE
8
BLACK
6
CONTINUOUS
10
0.4901338188976378
20
-0.6269867716535433
11
0.4957967716535433
21
-0.6293324409448818
0
LINE
8
BLACK
6
CONTINUOUS
10
0.4957967716535433
20
-0.6293324409448818
11
0.5004255511811023
21
-0.629941811023622
0
LINE
8
BLACK
6
CONTINUOUS
10
0.5004255511811023
20
-0.629941811023622
11
0.5019684645669291
21
-0.6301449606299212
0
LINE
8
BLACK
6
CONTINUOUS
10
0.5019684645669291
20
-0.6301449606299212
11
0.5019685039370079
21
-0.6301449606299212
0
LINE
8
BLACK
6
CONTINUOUS
10
0.5019685039370079
20
-0.6301449606299212
11
0.5019685433070866
21
-0.6301449606299212
0
LINE
8
BLACK
6
CONTINUOUS
10
0.5019685433070866
20
-0.6301449606299212
11
0.5033070472440945
21
-0.6299687401574803
0
LINE
8
BLACK
6
CONTINUOUS
10
0.5033070472440945
20
-0.6299687401574803
11
0.5081402362204724
21
-0.6293324409448818
0
LINE
8
BLACK
6
CONTINUOUS
10
0.5081402362204724
20
-0.6293324409448818
11
0.5138913779527559
21
-0.6269502362204724
0
LINE
8
BLACK
6
CONTINUOUS
10
0.5138913779527559
20
-0.6269502362204724
11
0.51883
21
-0.6231607086614173
0
LINE
8
BLACK
6
CONTINUOUS
10
0.51883
20
-0.6231607086614173
11
0.5226195275590551
21
-0.6182220866141732
0
LINE
8
BLACK
6
CONTINUOUS
10
0.5226195275590551
20
-0.6182220866141732
11
0.5250017322834646
21
-0.6124709448818898
0
LINE
8
BLACK
6
CONTINUOUS
10
0.5250017322834646
20
-0.6124709448818898
11
0.525814251968504
21
-0.6062992125984252
0
LINE
8
BLACK
6
CONTINUOUS
10
0.525814251968504
20
-0.6062992125984252
11
0.5250017322834646
21
-0.6001274803149607
0
LINE
8
BLACK
6
CONTINUOUS
10
0.5250017322834646
20
-0.6001274803149607
11
0.5226195669291338
21
-0.5943764173228346
0
LINE
8
BLACK
6
CONTINUOUS
10
0.5226195669291338
20
-0.5943764173228346
11
0.5226195669291338
21
-0.5943763779527559
0
LINE
8
BLACK
6
CONTINUOUS
10
0.5226195669291338
20
-0.5943763779527559
11
0.5188301574803149
21
-0.5894379133858267
0
LINE
8
BLACK
6
CONTINUOUS
10
0.5188301574803149
20
-0.5894379133858267
11
0.5188301181102362
21
-0.589437874015748
0
LINE
8
BLACK
6
CONTINUOUS
10
0.5188301181102362
20
-0.589437874015748
11
0.51883
21
-0.5894377165354331
0
LINE
8
BLACK
6
CONTINUOUS
10
0.51883
20
-0.5894377165354331
11
0.5188298031496063
21
-0.5894375590551181
0
LINE
8
BLACK
6
CONTINUOUS
10
0.5188298031496063
20
-0.5894375590551181
11
0.5188297637795275
21
-0.5894375196850393
0
LINE
8
BLACK
6
CONTINUOUS
10
0.5188297637795275
20
-0.5894375196850393
11
0.5160277165354331
21
-0.5872874409448818
0
LINE
8
BLACK
6
CONTINUOUS
10
0.5160277165354331
20
-0.5872874409448818
11
0.5138913779527559
21
-0.5856481889763779
0
LINE
8
BLACK
6
CONTINUOUS
10
0.5138913779527559
20
-0.5856481889763779
11
0.5138913385826771
21
-0.5856481496062992
0
LINE
8
BLACK
6
CONTINUOUS
10
0.5138913385826771
20
-0.5856481496062992
11
0.5138912598425197
21
-0.5856481102362204
0
LINE
8
BLACK
6
CONTINUOUS
10
0.5138912598425197
20
-0.5856481102362204
11
0.5081403937007873
21
-0.5832660236220473
0
LINE
8
BLACK
6
CONTINUOUS
10
0.5081403937007873
20
-0.5832660236220473
11
0.5081400787401574
21
-0.5832659448818898
0
LINE
8
BLACK
6
CONTINUOUS
10
0.5081400787401574
20
-0.5832659448818898
11
0.5019685433070866
21
-0.5824534645669291
0
LINE
8
BLACK
6
CONTINUOUS
10
0.5019685433070866
20
-0.5824534645669291
11
0.5019684645669291
21
-0.5824534645669291
0
LINE
8
BLACK
6
CONTINUOUS
10
0.5019684645669291
20
-0.5824534645669291
11
0.4957968897637795
21
-0.5832659448818898
0
LINE
8
BLACK
6
CONTINUOUS
10
0.4957968897637795
20
-0.5832659448818898
11
0.4957965748031496
21
-0.5832660236220473
0
LINE
8
BLACK
6
CONTINUOUS
10
0.4957965748031496
20
-0.5832660236220473
11
0.4900457086614173
21
-0.5856481102362204
0
LINE
8
BLACK
6
CONTINUOUS
10
0.4900457086614173
20
-0.5856481102362204
11
0.4900456692913386
21
-0.5856481102362204
0
LINE
8
BLACK
6
CONTINUOUS
10
0.4900456692913386
20
-0.5856481102362204
11
0.4851072047244094
21
-0.5894375196850393
0
LINE
8
BLACK
6
CONTINUOUS
10
0.4851072047244094
20
-0.5894375196850393
11
0.485106811023622
21
-0.5894379133858267
0
LINE
8
BLACK
6
CONTINUOUS
10
0.485106811023622
20
-0.5894379133858267
11
0.4813174015748031
21
-0.5943763779527559
0
LINE
8
BLACK
6
CONTINUOUS
10
0.4813174015748031
20
-0.5943763779527559
11
0.4813174015748031
21
-0.5943764173228346
0
LINE
8
BLACK
6
CONTINUOUS
10
0.4813174015748031
20
-0.5943764173228346
11
0.4789353149606299
21
-0.6001272834645669
0
LINE
8
BLACK
6
CONTINUOUS
10
0.4789353149606299
20
-0.6001272834645669
11
0.4789352362204724
21
-0.6001275984251968
0
LINE
8
BLACK
6
CONTINUOUS
10
0.4789352362204724
20
-0.6001275984251968
11
0.4781227559055118
21
-0.6062991732283465
0
LINE
8
BLACK
6
CONTINUOUS
10
0.4781227559055118
20
-0.6062991732283465
11
0.4781227559055118
21
-0.6062992125984252
0
LINE
8
BLACK
6
CONTINUOUS
10
0.4990911023622047
20
-0.5400552755905512
11
0.4999035826771653
21
-0.5462268503937008
0
LINE
8
BLACK
6
CONTINUOUS
10
0.4999035826771653
20
-0.5462268503937008
11
0.4999036614173228
21
-0.5462271653543307
0
LINE
8
BLACK
6
CONTINUOUS
10
0.4999036614173228
20
-0.5462271653543307
11
0.5022857480314961
21
-0.5519780314960629
0
LINE
8
BLACK
6
CONTINUOUS
10
0.5022857480314961
20
-0.5519780314960629
11
0.5022857480314961
21
-0.5519780708661417
0
LINE
8
BLACK
6
CONTINUOUS
10
0.5022857480314961
20
-0.5519780708661417
11
0.5022858267716536
21
-0.5519781496062992
0
LINE
8
BLACK
6
CONTINUOUS
10
0.5022858267716536
20
-0.5519781496062992
11
0.5060753543307086
21
-0.5569167716535433
0
LINE
8
BLACK
6
CONTINUOUS
10
0.5060753543307086
20
-0.5569167716535433
11
0.5110139763779528
21
-0.5607062992125984
0
LINE
8
BLACK
6
CONTINUOUS
10
0.5110139763779528
20
-0.5607062992125984
11
0.5167651181102362
21
-0.5630885039370078
0
LINE
8
BLACK
6
CONTINUOUS
10
0.5167651181102362
20
-0.5630885039370078
11
0.5213938976377953
21
-0.563697874015748
0
LINE
8
BLACK
6
CONTINUOUS
10
0.5213938976377953
20
-0.563697874015748
11
0.522936811023622
21
-0.5639010236220472
0
LINE
8
BLACK
6
CONTINUOUS
10
0.522936811023622
20
-0.5639010236220472
11
0.5229368503937007
21
-0.5639010236220472
0
LINE
8
BLACK
6
CONTINUOUS
10
0.5229368503937007
20
-0.5639010236220472
11
0.5229368897637795
21
-0.5639010236220472
0
LINE
8
BLACK
6
CONTINUOUS
10
0.5229368897637795
20
-0.5639010236220472
11
0.5241711811023622
21
-0.5637385039370079
0
LINE
8
BLACK
6
CONTINUOUS
10
0.5241711811023622
20
-0.5637385039370079
11
0.5291085826771653
21
-0.5630885039370078
0
LINE
8
BLACK
6
CONTINUOUS
10
0.5291085826771653
20
-0.5630885039370078
11
0.5348597244094488
21
-0.5607062992125984
0
LINE
8
BLACK
6
CONTINUOUS
10
0.5348597244094488
20
-0.5607062992125984
11
0.5397983464566929
21
-0.5569167716535433
0
LINE
8
BLACK
6
CONTINUOUS
10
0.5397983464566929
20
-0.5569167716535433
11
0.543587874015748
21
-0.5519781496062992
0
LINE
8
BLACK
6
CONTINUOUS
10
0.543587874015748
20
-0.5519781496062992
11
0.5459700787401575
21
-0.5462270078740158
0
LINE
8
BLACK
6
CONTINUOUS
10
0.5459700787401575
20
-0.5462270078740158
11
0.5467825984251968
21
-0.5400552755905512
0
LINE
8
BLACK
6
CONTINUOUS
10
0.5467825984251968
20
-0.5400552755905512
11
0.5459700787401575
21
-0.5338835433070866
0
LINE
8
BLACK
6
CONTINUOUS
10
0.5459700787401575
20
-0.5338835433070866
11
0.5442761023622047
21
-0.529793937007874
0
LINE
8
BLACK
6
CONTINUOUS
10
0.5442761023622047
20
-0.529793937007874
11
0.5435879133858268
21
-0.5281324803149606
0
LINE
8
BLACK
6
CONTINUOUS
10
0.5435879133858268
20
-0.5281324803149606
11
0.5435879133858268
21
-0.5281324409448819
0
LINE
8
BLACK
6
CONTINUOUS
10
0.5435879133858268
20
-0.5281324409448819
11
0.5397985039370079
21
-0.5231939763779527
0
LINE
8
BLACK
6
CONTINUOUS
10
0.5397985039370079
20
-0.5231939763779527
11
0.5397984645669291
21
-0.523193937007874
0
LINE
8
BLACK
6
CONTINUOUS
10
0.5397984645669291
20
-0.523193937007874
11
0.5397983464566929
21
-0.5231937795275591
0
LINE
8
BLACK
6
CONTINUOUS
10
0.5397983464566929
20
-0.5231937795275591
11
0.5397981496062992
21
-0.5231936220472441
0
LINE
8
BLACK
6
CONTINUOUS
10
0.5397981496062992
20
-0.5231936220472441
11
0.5397981102362205
21
-0.5231935826771653
0
LINE
8
BLACK
6
CONTINUOUS
10
0.5397981102362205
20
-0.5231935826771653
11
0.5348596062992126
21
-0.5194041732283464
0
LINE
8
BLACK
6
CONTINUOUS
10
0.5348596062992126
20
-0.5194041732283464
11
0.5291087401574803
21
-0.5170220866141733
0
LINE
8
BLACK
6
CONTINUOUS
10
0.5291087401574803
20
-0.5170220866141733
11
0.5291084251968504
21
-0.5170220078740158
0
LINE
8
BLACK
6
CONTINUOUS
10
0.5291084251968504
20
-0.5170220078740158
11
0.5229368897637795
21
-0.5162095275590551
0
LINE
8
BLACK
6
CONTINUOUS
10
0.5229368897637795
20
-0.5162095275590551
11
0.522936811023622
21
-0.5162095275590551
0
LINE
8
BLACK
6
CONTINUOUS
10
0.522936811023622
20
-0.5162095275590551
11
0.5167652362204724
21
-0.5170220078740158
0
LINE
8
BLACK
6
CONTINUOUS
10
0.5167652362204724
20
-0.5170220078740158
11
0.5167649212598425
21
-0.5170220866141733
0
LINE
8
BLACK
6
CONTINUOUS
10
0.5167649212598425
20
-0.5170220866141733
11
0.5110140551181103
21
-0.5194041732283464
0
LINE
8
BLACK
6
CONTINUOUS
10
0.5110140551181103
20
-0.5194041732283464
11
0.5110140157480315
21
-0.5194041732283464
0
LINE
8
BLACK
6
CONTINUOUS
10
0.5110140157480315
20
-0.5194041732283464
11
0.5060755511811024
21
-0.5231935826771653
0
LINE
8
BLACK
6
CONTINUOUS
10
0.5060755511811024
20
-0.5231935826771653
11
0.506075157480315
21
-0.5231939763779527
0
LINE
8
BLACK
6
CONTINUOUS
10
0.506075157480315
20
-0.5231939763779527
11
0.5022857480314961
21
-0.5281324409448819
0
LINE
8
BLACK
6
CONTINUOUS
10
0.5022857480314961
20
-0.5281324409448819
11
0.5022857480314961
21
-0.5281324803149606
0
LINE
8
BLACK
6
CONTINUOUS
10
0.5022857480314961
20
-0.5281324803149606
11
0.4999036614173228
21
-0.5338833464566929
0
LINE
8
BLACK
6
CONTINUOUS
10
0.4999036614173228
20
-0.5338833464566929
11
0.4999035826771653
21
-0.5338836614173228
0
LINE
8
BLACK
6
CONTINUOUS
10
0.4999035826771653
20
-0.5338836614173228
11
0.4990911023622047
21
-0.5400552362204725
0
LINE
8
BLACK
6
CONTINUOUS
10
0.4990911023622047
20
-0.5400552362204725
11
0.4990911023622047
21
-0.5400552755905512
0
LINE
8
BLACK
6
CONTINUOUS
10
0.397414094488189
20
-0.5118110236220472
11
0.3982265748031496
21
-0.5179825984251969
0
LINE
8
BLACK
6
CONTINUOUS
10
0.3982265748031496
20
-0.5179825984251969
11
0.3982266535433071
21
-0.5179829133858268
0
LINE
8
BLACK
6
CONTINUOUS
10
0.3982266535433071
20
-0.5179829133858268
11
0.4006087401574803
21
-0.5237337795275591
0
LINE
8
BLACK
6
CONTINUOUS
10
0.4006087401574803
20
-0.5237337795275591
11
0.4006087401574803
21
-0.5237338188976378
0
LINE
8
BLACK
6
CONTINUOUS
10
0.4006087401574803
20
-0.5237338188976378
11
0.4043981496062992
21
-0.528672283464567
0
LINE
8
BLACK
6
CONTINUOUS
10
0.4043981496062992
20
-0.528672283464567
11
0.4043983464566929
21
-0.5286725196850394
0
LINE
8
BLACK
6
CONTINUOUS
10
0.4043983464566929
20
-0.5286725196850394
11
0.409336968503937
21
-0.5324620472440945
0
LINE
8
BLACK
6
CONTINUOUS
10
0.409336968503937
20
-0.5324620472440945
11
0.4093370078740157
21
-0.5324620472440945
0
LINE
8
BLACK
6
CONTINUOUS
10
0.4093370078740157
20
-0.5324620472440945
11
0.4093370472440945
21
-0.5324620866141733
0
LINE
8
BLACK
6
CONTINUOUS
10
0.4093370472440945
20
-0.5324620866141733
11
0.4150879133858267
21
-0.5348441732283464
0
LINE
8
BLACK
6
CONTINUOUS
10
0.4150879133858267
20
-0.5348441732283464
11
0.4150881102362204
21
-0.5348442519685039
0
LINE
8
BLACK
6
CONTINUOUS
10
0.4150881102362204
20
-0.5348442519685039
11
0.4197168897637795
21
-0.5354536220472441
0
LINE
8
BLACK
6
CONTINUOUS
10
0.4197168897637795
20
-0.5354536220472441
11
0.4212598031496063
21
-0.5356567716535433
0
LINE
8
BLACK
6
CONTINUOUS
10
0.4212598031496063
20
-0.5356567716535433
11
0.421259842519685
21
-0.5356567716535433
0
LINE
8
BLACK
6
CONTINUOUS
10
0.421259842519685
20
-0.5356567716535433
11
0.4212598818897638
21
-0.5356567716535433
0
LINE
8
BLACK
6
CONTINUOUS
10
0.4212598818897638
20
-0.5356567716535433
11
0.4224941732283464
21
-0.535494251968504
0
LINE
8
BLACK
6
CONTINUOUS
10
0.4224941732283464
20
-0.535494251968504
11
0.4274315748031496
21
-0.5348442519685039
0
LINE
8
BLACK
6
CONTINUOUS
10
0.4274315748031496
20
-0.5348442519685039
11
0.4331827165354331
21
-0.5324620472440945
0
LINE
8
BLACK
6
CONTINUOUS
10
0.4331827165354331
20
-0.5324620472440945
11
0.4381213385826772
21
-0.5286725196850394
0
LINE
8
BLACK
6
CONTINUOUS
10
0.4381213385826772
20
-0.5286725196850394
11
0.4419108661417323
21
-0.5237338976377952
0
LINE
8
BLACK
6
CONTINUOUS
10
0.4419108661417323
20
-0.5237338976377952
11
0.4442930708661417
21
-0.5179827559055118
0
LINE
8
BLACK
6
CONTINUOUS
10
0.4442930708661417
20
-0.5179827559055118
11
0.4451055905511811
21
-0.5118110236220472
0
LINE
8
BLACK
6
CONTINUOUS
10
0.4451055905511811
20
-0.5118110236220472
11
0.4442930708661417
21
-0.5056392913385827
0
LINE
8
BLACK
6
CONTINUOUS
10
0.4442930708661417
20
-0.5056392913385827
11
0.4431877952755905
21
-0.5029709448818898
0
LINE
8
BLACK
6
CONTINUOUS
10
0.4431877952755905
20
-0.5029709448818898
11
0.441910905511811
21
-0.4998882283464567
0
LINE
8
BLACK
6
CONTINUOUS
10
0.441910905511811
20
-0.4998882283464567
11
0.441910905511811
21
-0.4998881889763779
0
LINE
8
BLACK
6
CONTINUOUS
10
0.441910905511811
20
-0.4998881889763779
11
0.4381214960629921
21
-0.4949497244094488
0
LINE
8
BLACK
6
CONTINUOUS
10
0.4381214960629921
20
-0.4949497244094488
11
0.4381214566929134
21
-0.4949496850393701
0
LINE
8
BLACK
6
CONTINUOUS
10
0.4381214566929134
20
-0.4949496850393701
11
0.4381213385826772
21
-0.4949495275590551
0
LINE
8
BLACK
6
CONTINUOUS
10
0.4381213385826772
20
-0.4949495275590551
11
0.4381211417322834
21
-0.4949493700787401
0
LINE
8
BLACK
6
CONTINUOUS
10
0.4381211417322834
20
-0.4949493700787401
11
0.4381211023622047
21
-0.4949493307086614
0
LINE
8
BLACK
6
CONTINUOUS
10
0.4381211023622047
20
-0.4949493307086614
11
0.4331825984251969
21
-0.4911599212598425
0
LINE
8
BLACK
6
CONTINUOUS
10
0.4331825984251969
20
-0.4911599212598425
11
0.4274317322834645
21
-0.4887778346456693
0
LINE
8
BLACK
6
CONTINUOUS
10
0.4274317322834645
20
-0.4887778346456693
11
0.4274314173228346
21
-0.4887777559055118
0
LINE
8
BLACK
6
CONTINUOUS
10
0.4274314173228346
20
-0.4887777559055118
11
0.4212598818897638
21
-0.4879652755905512
0
LINE
8
BLACK
6
CONTINUOUS
10
0.4212598818897638
20
-0.4879652755905512
11
0.4212598031496063
21
-0.4879652755905512
0
LINE
8
BLACK
6
CONTINUOUS
10
0.4212598031496063
20
-0.4879652755905512
11
0.4150882283464567
21
-0.4887777559055118
0
LINE
8
BLACK
6
CONTINUOUS
10
0.4150882283464567
20
-0.4887777559055118
11
0.4150879133858267
21
-0.4887778346456693
0
LINE
8
BLACK
6
CONTINUOUS
10
0.4150879133858267
20
-0.4887778346456693
11
0.4093370472440945
21
-0.4911599212598425
0
LINE
8
BLACK
6
CONTINUOUS
10
0.4093370472440945
20
-0.4911599212598425
11
0.4093370078740157
21
-0.4911599212598425
0
LINE
8
BLACK
6
CONTINUOUS
10
0.4093370078740157
20
-0.4911599212598425
11
0.4043985433070866
21
-0.4949493307086614
0
LINE
8
BLACK
6
CONTINUOUS
10
0.4043985433070866
20
-0.4949493307086614
11
0.4043981496062992
21
-0.4949497244094488
0
LINE
8
BLACK
6
CONTINUOUS
10
0.4043981496062992
20
-0.4949497244094488
11
0.4006087401574803
21
-0.4998881889763779
0
LINE
8
BLACK
6
CONTINUOUS
10
0.4006087401574803
20
-0.4998881889763779
11
0.4006087401574803
21
-0.4998882283464567
0
LINE
8
BLACK
6
CONTINUOUS
10
0.4006087401574803
20
-0.4998882283464567
11
0.3982266535433071
21
-0.505639094488189
0
LINE
8
BLACK
6
CONTINUOUS
10
0.3982266535433071
20
-0.505639094488189
11
0.3982265748031496
21
-0.5056394094488189
0
LINE
8
BLACK
6
CONTINUOUS
10
0.3982265748031496
20
-0.5056394094488189
11
0.397414094488189
21
-0.5118109842519685
0
LINE
8
BLACK
6
CONTINUOUS
10
0.397414094488189
20
-0.5118109842519685
11
0.397414094488189
21
-0.5118110236220472
0
LINE
8
BLACK
6
CONTINUOUS
10
0.2281227559055118
20
-0.4901771653543307
11
0.2289352362204724
21
-0.4963487401574803
0
LINE
8
BLACK
6
CONTINUOUS
10
0.2289352362204724
20
-0.4963487401574803
11
0.2289353149606299
21
-0.4963490551181102
0
LINE
8
BLACK
6
CONTINUOUS
10
0.2289353149606299
20
-0.4963490551181102
11
0.2313174015748032
21
-0.5020999212598425
0
LINE
8
BLACK
6
CONTINUOUS
10
0.2313174015748032
20
-0.5020999212598425
11
0.2313174015748032
21
-0.5020999606299212
0
LINE
8
BLACK
6
CONTINUOUS
10
0.2313174015748032
20
-0.5020999606299212
11
0.2348937401574803
21
-0.5067607480314961
0
LINE
8
BLACK
6
CONTINUOUS
10
0.2348937401574803
20
-0.5067607480314961
11
0.2351070078740158
21
-0.5070386614173228
0
LINE
8
BLACK
6
CONTINUOUS
10
0.2351070078740158
20
-0.5070386614173228
11
0.2400456299212598
21
-0.5108281889763779
0
LINE
8
BLACK
6
CONTINUOUS
10
0.2400456299212598
20
-0.5108281889763779
11
0.2400456692913386
21
-0.5108281889763779
0
LINE
8
BLACK
6
CONTINUOUS
10
0.2400456692913386
20
-0.5108281889763779
11
0.2400457086614173
21
-0.5108282283464567
0
LINE
8
BLACK
6
CONTINUOUS
10
0.2400457086614173
20
-0.5108282283464567
11
0.2450788582677165
21
-0.5129130314960629
0
LINE
8
BLACK
6
CONTINUOUS
10
0.2450788582677165
20
-0.5129130314960629
11
0.2457967716535433
21
-0.5132103937007874
0
LINE
8
BLACK
6
CONTINUOUS
10
0.2457967716535433
20
-0.5132103937007874
11
0.2504255511811024
21
-0.5138197637795275
0
LINE
8
BLACK
6
CONTINUOUS
10
0.2504255511811024
20
-0.5138197637795275
11
0.2519684645669291
21
-0.5140229133858267
0
LINE
8
BLACK
6
CONTINUOUS
10
0.2519684645669291
20
-0.5140229133858267
11
0.2519685039370079
21
-0.5140229133858267
0
LINE
8
BLACK
6
CONTINUOUS
10
0.2519685039370079
20
-0.5140229133858267
11
0.2519685433070866
21
-0.5140229133858267
0
LINE
8
BLACK
6
CONTINUOUS
10
0.2519685433070866
20
-0.5140229133858267
11
0.2532028346456693
21
-0.5138603937007874
0
LINE
8
BLACK
6
CONTINUOUS
10
0.2532028346456693
20
-0.5138603937007874
11
0.2581402362204724
21
-0.5132103937007874
0
LINE
8
BLACK
6
CONTINUOUS
10
0.2581402362204724
20
-0.5132103937007874
11
0.2638913779527559
21
-0.5108281889763779
0
LINE
8
BLACK
6
CONTINUOUS
10
0.2638913779527559
20
-0.5108281889763779
11
0.26883
21
-0.5070386614173228
0
LINE
8
BLACK
6
CONTINUOUS
10
0.26883
20
-0.5070386614173228
11
0.2726195275590551
21
-0.5021000393700787
0
LINE
8
BLACK
6
CONTINUOUS
10
0.2726195275590551
20
-0.5021000393700787
11
0.2750017322834646
21
-0.4963488976377953
0
LINE
8
BLACK
6
CONTINUOUS
10
0.2750017322834646
20
-0.4963488976377953
11
0.275814251968504
21
-0.4901771653543307
0
LINE
8
BLACK
6
CONTINUOUS
10
0.275814251968504
20
-0.4901771653543307
11
0.2750017322834646
21
-0.4840054330708661
0
LINE
8
BLACK
6
CONTINUOUS
10
0.2750017322834646
20
-0.4840054330708661
11
0.2726195669291339
21
-0.4782543700787402
0
LINE
8
BLACK
6
CONTINUOUS
10
0.2726195669291339
20
-0.4782543700787402
11
0.2726195669291339
21
-0.4782543307086614
0
LINE
8
BLACK
6
CONTINUOUS
10
0.2726195669291339
20
-0.4782543307086614
11
0.268830157480315
21
-0.4733158661417323
0
LINE
8
BLACK
6
CONTINUOUS
10
0.268830157480315
20
-0.4733158661417323
11
0.2688301181102362
21
-0.4733158267716535
0
LINE
8
BLACK
6
CONTINUOUS
10
0.2688301181102362
20
-0.4733158267716535
11
0.26883
21
-0.4733156692913386
0
LINE
8
BLACK
6
CONTINUOUS
10
0.26883
20
-0.4733156692913386
11
0.2688298031496063
21
-0.4733155118110236
0
LINE
8
BLACK
6
CONTINUOUS
10
0.2688298031496063
20
-0.4733155118110236
11
0.2688297637795276
21
-0.4733154724409449
0
LINE
8
BLACK
6
CONTINUOUS
10
0.2688297637795276
20
-0.4733154724409449
11
0.2638912598425197
21
-0.469526062992126
0
LINE
8
BLACK
6
CONTINUOUS
10
0.2638912598425197
20
-0.469526062992126
11
0.2581403937007874
21
-0.4671439763779527
0
LINE
8
BLACK
6
CONTINUOUS
10
0.2581403937007874
20
-0.4671439763779527
11
0.2581400787401575
21
-0.4671438976377953
0
LINE
8
BLACK
6
CONTINUOUS
10
0.2581400787401575
20
-0.4671438976377953
11
0.2519685433070866
21
-0.4663314173228346
0
LINE
8
BLACK
6
CONTINUOUS
10
0.2519685433070866
20
-0.4663314173228346
11
0.2519684645669291
21
-0.4663314173228346
0
LINE
8
BLACK
6
CONTINUOUS
10
0.2519684645669291
20
-0.4663314173228346
11
0.2457968897637795
21
-0.4671438976377953
0
LINE
8
BLACK
6
CONTINUOUS
10
0.2457968897637795
20
-0.4671438976377953
11
0.2457965748031496
21
-0.4671439763779527
0
LINE
8
BLACK
6
CONTINUOUS
10
0.2457965748031496
20
-0.4671439763779527
11
0.2400457086614173
21
-0.469526062992126
0
LINE
8
BLACK
6
CONTINUOUS
10
0.2400457086614173
20
-0.469526062992126
11
0.2400456692913386
21
-0.469526062992126
0
LINE
8
BLACK
6
CONTINUOUS
10
0.2400456692913386
20
-0.469526062992126
11
0.2351072047244094
21
-0.4733154724409449
0
LINE
8
BLACK
6
CONTINUOUS
10
0.2351072047244094
20
-0.4733154724409449
11
0.235106811023622
21
-0.4733158661417323
0
LINE
8
BLACK
6
CONTINUOUS
10
0.235106811023622
20
-0.4733158661417323
11
0.2313174015748032
21
-0.4782543307086614
0
LINE
8
BLACK
6
CONTINUOUS
10
0.2313174015748032
20
-0.4782543307086614
11
0.2313174015748032
21
-0.4782543700787402
0
LINE
8
BLACK
6
CONTINUOUS
10
0.2313174015748032
20
-0.4782543700787402
11
0.2289353149606299
21
-0.4840052362204724
0
LINE
8
BLACK
6
CONTINUOUS
10
0.2289353149606299
20
-0.4840052362204724
11
0.2289352362204724
21
-0.4840055511811023
0
LINE
8
BLACK
6
CONTINUOUS
10
0.2289352362204724
20
-0.4840055511811023
11
0.2281227559055118
21
-0.4901771259842519
0
LINE
8
BLACK
6
CONTINUOUS
10
0.2281227559055118
20
-0.4901771259842519
11
0.2281227559055118
21
-0.4901771653543307
0
LINE
8
BLACK
6
CONTINUOUS
10
-1.2190819685039369
20
-0.3385826771653543
11
-1.2182694881889764
21
-0.344754251968504
0
LINE
8
BLACK
6
CONTINUOUS
10
-1.2182694881889764
20
-0.344754251968504
11
-1.2182694094488189
21
-0.3447545669291339
0
LINE
8
BLACK
6
CONTINUOUS
10
-1.2182694094488189
20
-0.3447545669291339
11
-1.2158873228346456
21
-0.3505054330708661
0
LINE
8
BLACK
6
CONTINUOUS
10
-1.2158873228346456
20
-0.3505054330708661
11
-1.2158873228346456
21
-0.3505054724409449
0
LINE
8
BLACK
6
CONTINUOUS
10
-1.2158873228346456
20
-0.3505054724409449
11
-1.2155555511811023
21
-0.3509378346456693
0
LINE
8
BLACK
6
CONTINUOUS
10
-1.2155555511811023
20
-0.3509378346456693
11
-1.212097716535433
21
-0.3554441732283464
0
LINE
8
BLACK
6
CONTINUOUS
10
-1.212097716535433
20
-0.3554441732283464
11
-1.2071590944881889
21
-0.3592337007874016
0
LINE
8
BLACK
6
CONTINUOUS
10
-1.2071590944881889
20
-0.3592337007874016
11
-1.2071590551181102
21
-0.3592337007874016
0
LINE
8
BLACK
6
CONTINUOUS
10
-1.2071590551181102
20
-0.3592337007874016
11
-1.2071590157480314
21
-0.3592337401574803
0
LINE
8
BLACK
6
CONTINUOUS
10
-1.2071590157480314
20
-0.3592337401574803
11
-1.2014081496062992
21
-0.3616158267716535
0
LINE
8
BLACK
6
CONTINUOUS
10
-1.2014081496062992
20
-0.3616158267716535
11
-1.2014079527559054
21
-0.361615905511811
0
LINE
8
BLACK
6
CONTINUOUS
10
-1.2014079527559054
20
-0.361615905511811
11
-1.1967791732283464
21
-0.3622252755905512
0
LINE
8
BLACK
6
CONTINUOUS
10
-1.1967791732283464
20
-0.3622252755905512
11
-1.1952362598425197
21
-0.3624284251968504
0
LINE
8
BLACK
6
CONTINUOUS
10
-1.1952362598425197
20
-0.3624284251968504
11
-1.1952362204724409
21
-0.3624284251968504
0
LINE
8
BLACK
6
CONTINUOUS
10
-1.1952362204724409
20
-0.3624284251968504
11
-1.1952361811023622
21
-0.3624284251968504
0
LINE
8
BLACK
6
CONTINUOUS
10
-1.1952361811023622
20
-0.3624284251968504
11
-1.1940018897637794
21
-0.362265905511811
0
LINE
8
BLACK
6
CONTINUOUS
10
-1.1940018897637794
20
-0.362265905511811
11
-1.1890644881889763
21
-0.361615905511811
0
LINE
8
BLACK
6
CONTINUOUS
10
-1.1890644881889763
20
-0.361615905511811
11
-1.1833133464566929
21
-0.3592337007874016
0
LINE
8
BLACK
6
CONTINUOUS
10
-1.1833133464566929
20
-0.3592337007874016
11
-1.1783747244094487
21
-0.3554441732283464
0
LINE
8
BLACK
6
CONTINUOUS
10
-1.1783747244094487
20
-0.3554441732283464
11
-1.1745851968503938
21
-0.3505055511811024
0
LINE
8
BLACK
6
CONTINUOUS
10
-1.1745851968503938
20
-0.3505055511811024
11
-1.1722029921259842
21
-0.3447544094488189
0
LINE
8
BLACK
6
CONTINUOUS
10
-1.1722029921259842
20
-0.3447544094488189
11
-1.171390472440945
21
-0.3385826771653543
0
LINE
8
BLACK
6
CONTINUOUS
10
-1.171390472440945
20
-0.3385826771653543
11
-1.1722029921259842
21
-0.3324109448818898
0
LINE
8
BLACK
6
CONTINUOUS
10
-1.1722029921259842
20
-0.3324109448818898
11
-1.1742288188976377
21
-0.3275201574803149
0
LINE
8
BLACK
6
CONTINUOUS
10
-1.1742288188976377
20
-0.3275201574803149
11
-1.174585157480315
21
-0.3266598818897637
0
LINE
8
BLACK
6
CONTINUOUS
10
-1.174585157480315
20
-0.3266598818897637
11
-1.174585157480315
21
-0.3266598425196851
0
LINE
8
BLACK
6
CONTINUOUS
10
-1.174585157480315
20
-0.3266598425196851
11
-1.1766945669291338
21
-0.3239107874015748
0
LINE
8
BLACK
6
CONTINUOUS
10
-1.1766945669291338
20
-0.3239107874015748
11
-1.1774986614173228
21
-0.3216400787401575
0
LINE
8
BLACK
6
CONTINUOUS
10
-1.1774986614173228
20
-0.3216400787401575
11
-1.1775
21
-0.3215380708661417
0
LINE
8
BLACK
6
CONTINUOUS
10
-1.1775
20
-0.3215380708661417
11
-1.1775
21
-0.0782676771653543
0
LINE
8
BLACK
6
CONTINUOUS
10
-1.1775
20
-0.0782676771653543
11
-1.1775
21
0.5433071259842519
0
LINE
8
BLACK
6
CONTINUOUS
10
-1.1775
20
0.5433071259842519
11
-1.1775
21
0.5708661811023622
0
LINE
8
BLACK
6
CONTINUOUS
10
-1.1775
20
0.5708661811023622
11
-1.1775
21
0.6141732677165355
0
LINE
8
BLACK
6
CONTINUOUS
10
-1.1775
20
0.6141732677165355
11
-1.1775
21
0.6147003937007874
0
LINE
8
BLACK
6
CONTINUOUS
10
-1.1775
20
0.6147003937007874
11
-1.1767556299212598
21
0.6169913779527559
0
LINE
8
BLACK
6
CONTINUOUS
10
-1.1767556299212598
20
0.6169913779527559
11
-1.1763586614173227
21
0.617456220472441
0
LINE
8
BLACK
6
CONTINUOUS
10
-1.1763586614173227
20
0.617456220472441
11
-1.1471487007874015
21
0.6466662204724409
0
LINE
8
BLACK
6
CONTINUOUS
10
-1.1471487007874015
20
0.6466662204724409
11
-1.1450024409448818
21
0.6477597244094488
0
LINE
8
BLACK
6
CONTINUOUS
10
-1.1450024409448818
20
0.6477597244094488
11
-1.1449027559055118
21
0.6477742125984252
0
LINE
8
BLACK
6
CONTINUOUS
10
-1.1449027559055118
20
0.6477742125984252
11
-1.1414660629921261
21
0.6482266141732284
0
LINE
8
BLACK
6
CONTINUOUS
10
-1.1414660629921261
20
0.6482266141732284
11
-1.1357149212598425
21
0.6506088188976378
0
LINE
8
BLACK
6
CONTINUOUS
10
-1.1357149212598425
20
0.6506088188976378
11
-1.1307762992125985
21
0.6543983464566929
0
LINE
8
BLACK
6
CONTINUOUS
10
-1.1307762992125985
20
0.6543983464566929
11
-1.1269867716535433
21
0.659336968503937
0
LINE
8
BLACK
6
CONTINUOUS
10
-1.1269867716535433
20
0.659336968503937
11
-1.1246045669291338
21
0.6650881102362205
0
LINE
8
BLACK
6
CONTINUOUS
10
-1.1246045669291338
20
0.6650881102362205
11
-1.1237920472440945
21
0.6712598425196851
0
LINE
8
BLACK
6
CONTINUOUS
10
-1.1237920472440945
20
0.6712598425196851
11
-1.1246045669291338
21
0.6774315748031496
0
LINE
8
BLACK
6
CONTINUOUS
10
-1.1246045669291338
20
0.6774315748031496
11
-1.1269867322834646
21
0.6831826377952755
0
LINE
8
BLACK
6
CONTINUOUS
10
-1.1269867322834646
20
0.6831826377952755
11
-1.1269867322834646
21
0.6831826771653543
0
LINE
8
BLACK
6
CONTINUOUS
10
-1.1269867322834646
20
0.6831826771653543
11
-1.1307761417322835
21
0.6881211417322834
0
LINE
8
BLACK
6
CONTINUOUS
10
-1.1307761417322835
20
0.6881211417322834
11
-1.1307761811023622
21
0.6881211811023622
0
LINE
8
BLACK
6
CONTINUOUS
10
-1.1307761811023622
20
0.6881211811023622
11
-1.1307762992125985
21
0.6881213385826771
0
LINE
8
BLACK
6
CONTINUOUS
10
-1.1307762992125985
20
0.6881213385826771
11
-1.130776496062992
21
0.6881214960629921
0
LINE
8
BLACK
6
CONTINUOUS
10
-1.130776496062992
20
0.6881214960629921
11
-1.1307765354330708
21
0.6881215354330709
0
LINE
8
BLACK
6
CONTINUOUS
10
-1.1307765354330708
20
0.6881215354330709
11
-1.1357150393700788
21
0.6919109448818898
0
LINE
8
BLACK
6
CONTINUOUS
10
-1.1357150393700788
20
0.6919109448818898
11
-1.141465905511811
21
0.694293031496063
0
LINE
8
BLACK
6
CONTINUOUS
10
-1.141465905511811
20
0.694293031496063
11
-1.1414662204724408
21
0.6942931102362204
0
LINE
8
BLACK
6
CONTINUOUS
10
-1.1414662204724408
20
0.6942931102362204
11
-1.1476377559055118
21
0.695105590551181
0
LINE
8
BLACK
6
CONTINUOUS
10
-1.1476377559055118
20
0.695105590551181
11
-1.1476378346456693
21
0.695105590551181
0
LINE
8
BLACK
6
CONTINUOUS
10
-1.1476378346456693
20
0.695105590551181
11
-1.1538094094488189
21
0.6942931102362204
0
LINE
8
BLACK
6
CONTINUOUS
10
-1.1538094094488189
20
0.6942931102362204
11
-1.1538097244094487
21
0.694293031496063
0
LINE
8
BLACK
6
CONTINUOUS
10
-1.1538097244094487
20
0.694293031496063
11
-1.159560590551181
21
0.6919109448818898
0
LINE
8
BLACK
6
CONTINUOUS
10
-1.159560590551181
20
0.6919109448818898
11
-1.1595606299212597
21
0.6919109448818898
0
LINE
8
BLACK
6
CONTINUOUS
10
-1.1595606299212597
20
0.6919109448818898
11
-1.164499094488189
21
0.6881215354330709
0
LINE
8
BLACK
6
CONTINUOUS
10
-1.164499094488189
20
0.6881215354330709
11
-1.1644994881889763
21
0.6881211417322834
0
LINE
8
BLACK
6
CONTINUOUS
10
-1.1644994881889763
20
0.6881211417322834
11
-1.1682888976377952
21
0.6831826771653543
0
LINE
8
BLACK
6
CONTINUOUS
10
-1.1682888976377952
20
0.6831826771653543
11
-1.1682888976377952
21
0.6831826377952755
0
LINE
8
BLACK
6
CONTINUOUS
10
-1.1682888976377952
20
0.6831826377952755
11
-1.1706710236220472
21
0.6774316141732283
0
LINE
8
BLACK
6
CONTINUOUS
10
-1.1706710236220472
20
0.6774316141732283
11
-1.1711233464566928
21
0.6739962204724409
0
LINE
8
BLACK
6
CONTINUOUS
10
-1.1711233464566928
20
0.6739962204724409
11
-1.1721604330708661
21
0.6718220078740157
0
LINE
8
BLACK
6
CONTINUOUS
10
-1.1721604330708661
20
0.6718220078740157
11
-1.1722315748031495
21
0.6717489763779527
0
LINE
8
BLACK
6
CONTINUOUS
10
-1.1722315748031495
20
0.6717489763779527
11
-1.2094287007874016
21
0.6345517716535433
0
LINE
8
BLACK
6
CONTINUOUS
10
-1.2094287007874016
20
0.6345517716535433
11
-1.2094288582677164
21
0.6345515748031496
0
LINE
8
BLACK
6
CONTINUOUS
10
-1.2094288582677164
20
0.6345515748031496
11
-1.2117637795275591
21
0.6305074015748031
0
LINE
8
BLACK
6
CONTINUOUS
10
-1.2117637795275591
20
0.6305074015748031
11
-1.2117637795275591
21
0.6305073622047244
0
LINE
8
BLACK
6
CONTINUOUS
10
-1.2117637795275591
20
0.6305073622047244
11
-1.2117637401574803
21
0.6305073228346456
0
LINE
8
BLACK
6
CONTINUOUS
10
-1.2117637401574803
20
0.6305073228346456
11
-1.2129457086614173
21
0.6260961023622047
0
LINE
8
BLACK
6
CONTINUOUS
10
-1.2129457086614173
20
0.6260961023622047
11
-1.2129724409448819
21
0.6259963779527559
0
LINE
8
BLACK
6
CONTINUOUS
10
-1.2129724409448819
20
0.6259963779527559
11
-1.2129724409448819
21
-0.3215380708661417
0
LINE
8
BLACK
6
CONTINUOUS
10
-1.2129724409448819
20
-0.3215380708661417
11
-1.2137168110236221
21
-0.3238290551181102
0
LINE
8
BLACK
6
CONTINUOUS
10
-1.2137168110236221
20
-0.3238290551181102
11
-1.2137778740157481
21
-0.3239107874015748
0
LINE
8
BLACK
6
CONTINUOUS
10
-1.2137778740157481
20
-0.3239107874015748
11
-1.2158873228346456
21
-0.3266598425196851
0
LINE
8
BLACK
6
CONTINUOUS
10
-1.2158873228346456
20
-0.3266598425196851
11
-1.2158873228346456
21
-0.3266598818897637
0
LINE
8
BLACK
6
CONTINUOUS
10
-1.2158873228346456
20
-0.3266598818897637
11
-1.2182694094488189
21
-0.3324107480314961
0
LINE
8
BLACK
6
CONTINUOUS
10
-1.2182694094488189
20
-0.3324107480314961
11
-1.2182694881889764
21
-0.332411062992126
0
LINE
8
BLACK
6
CONTINUOUS
10
-1.2182694881889764
20
-0.332411062992126
11
-1.2190819685039369
21
-0.3385826377952756
0
LINE
8
BLACK
6
CONTINUOUS
10
-1.2190819685039369
20
-0.3385826377952756
11
-1.2190819685039369
21
-0.3385826771653543
0
LINE
8
BLACK
6
CONTINUOUS
10
-0.0165859448818898
20
0.3164949606299213
11
-0.0165865354330709
21
0.3164949606299213
0
LINE
8
BLACK
6
CONTINUOUS
10
-0.0165865354330709
20
0.3164949606299213
11
-0.0165867322834646
21
0.3164949212598425
0
LINE
8
BLACK
6
CONTINUOUS
10
-0.0165867322834646
20
0.3164949212598425
11
-0.0271329133858268
21
0.3156648818897638
0
LINE
8
BLACK
6
CONTINUOUS
10
-0.0271329133858268
20
0.3156648818897638
11
-0.0331276771653543
21
0.315193031496063
0
LINE
8
BLACK
6
CONTINUOUS
10
-0.0331276771653543
20
0.315193031496063
11
-0.0331289763779528
21
0.3151929133858268
0
LINE
8
BLACK
6
CONTINUOUS
10
-0.0331289763779528
20
0.3151929133858268
11
-0.0495787795275591
21
0.3130272047244094
0
LINE
8
BLACK
6
CONTINUOUS
10
-0.0495787795275591
20
0.3130272047244094
11
-0.0495798818897638
21
0.3130270078740157
0
LINE
8
BLACK
6
CONTINUOUS
10
-0.0495798818897638
20
0.3130270078740157
11
-0.0658922440944882
21
0.3100038976377953
0
LINE
8
BLACK
6
CONTINUOUS
10
-0.0658922440944882
20
0.3100038976377953
11
-0.0658943700787402
21
0.3100034645669291
0
LINE
8
BLACK
6
CONTINUOUS
10
-0.0658943700787402
20
0.3100034645669291
11
-0.0820266141732283
21
0.3061300787401575
0
LINE
8
BLACK
6
CONTINUOUS
10
-0.0820266141732283
20
0.3061300787401575
11
-0.0820266929133858
21
0.3061300787401575
0
LINE
8
BLACK
6
CONTINUOUS
10
-0.0820266929133858
20
0.3061300787401575
11
-0.0979362598425197
21
0.3014174409448819
0
LINE
8
BLACK
6
CONTINUOUS
10
-0.0979362598425197
20
0.3014174409448819
11
-0.1090478346456693
21
0.2974826771653543
0
LINE
8
BLACK
6
CONTINUOUS
10
-0.1090478346456693
20
0.2974826771653543
11
-0.1135772047244095
21
0.2958787401574803
0
LINE
8
BLACK
6
CONTINUOUS
10
-0.1135772047244095
20
0.2958787401574803
11
-0.1289067322834646
21
0.2895292519685039
0
LINE
8
BLACK
6
CONTINUOUS
10
-0.1289067322834646
20
0.2895292519685039
11
-0.1289073228346457
21
0.2895290157480315
0
LINE
8
BLACK
6
CONTINUOUS
10
-0.1289073228346457
20
0.2895290157480315
11
-0.1289075984251968
21
0.2895288582677165
0
LINE
8
BLACK
6
CONTINUOUS
10
-0.1289075984251968
20
0.2895288582677165
11
-0.1289079527559055
21
0.2895287007874016
0
LINE
8
BLACK
6
CONTINUOUS
10
-0.1289079527559055
20
0.2895287007874016
11
-0.1438821653543307
21
0.2823861417322834
0
LINE
8
BLACK
6
CONTINUOUS
10
-0.1438821653543307
20
0.2823861417322834
11
-0.1438827952755906
21
0.2823858267716535
0
LINE
8
BLACK
6
CONTINUOUS
10
-0.1438827952755906
20
0.2823858267716535
11
-0.1584642125984252
21
0.2744688188976378
0
LINE
8
BLACK
6
CONTINUOUS
10
-0.1584642125984252
20
0.2744688188976378
11
-0.1584644881889764
21
0.2744686614173228
0
LINE
8
BLACK
6
CONTINUOUS
10
-0.1584644881889764
20
0.2744686614173228
11
-0.1726122440944882
21
0.2657989763779527
0
LINE
8
BLACK
6
CONTINUOUS
10
-0.1726122440944882
20
0.2657989763779527
11
-0.1813263385826772
21
0.2598099606299212
0
LINE
8
BLACK
6
CONTINUOUS
10
-0.1813263385826772
20
0.2598099606299212
11
-0.1862862598425197
21
0.2564011417322835
0
LINE
8
BLACK
6
CONTINUOUS
10
-0.1862862598425197
20
0.2564011417322835
11
-0.1862867322834646
21
0.2564007874015748
0
LINE
8
BLACK
6
CONTINUOUS
10
-0.1862867322834646
20
0.2564007874015748
11
-0.1862873228346457
21
0.2564003543307087
0
LINE
8
BLACK
6
CONTINUOUS
10
-0.1862873228346457
20
0.2564003543307087
11
-0.1994483858267717
21
0.2463012992125984
0
LINE
8
BLACK
6
CONTINUOUS
10
-0.1994483858267717
20
0.2463012992125984
11
-0.1994505905511811
21
0.2462994881889764
0
LINE
8
BLACK
6
CONTINUOUS
10
-0.1994505905511811
20
0.2462994881889764
11
-0.2120671653543307
21
0.2355242913385827
0
LINE
8
BLACK
6
CONTINUOUS
10
-0.2120671653543307
20
0.2355242913385827
11
-0.2120675984251968
21
0.2355238582677165
0
LINE
8
BLACK
6
CONTINUOUS
10
-0.2120675984251968
20
0.2355238582677165
11
-0.2241020472440945
21
0.2241036220472441
0
LINE
8
BLACK
6
CONTINUOUS
10
-0.2241020472440945
20
0.2241036220472441
11
-0.2241036220472441
21
0.2241020472440945
0
LINE
8
BLACK
6
CONTINUOUS
10
-0.2241036220472441
20
0.2241020472440945
11
-0.2355238582677165
21
0.2120675984251968
0
LINE
8
BLACK
6
CONTINUOUS
10
-0.2355238582677165
20
0.2120675984251968
11
-0.2355242913385827
21
0.2120671653543307
0
LINE
8
BLACK
6
CONTINUOUS
10
-0.2355242913385827
20
0.2120671653543307
11
-0.2462994881889764
21
0.1994505905511811
0
LINE
8
BLACK
6
CONTINUOUS
10
-0.2462994881889764
20
0.1994505905511811
11
-0.2463012992125984
21
0.1994483858267717
0
LINE
8
BLACK
6
CONTINUOUS
10
-0.2463012992125984
20
0.1994483858267717
11
-0.2564003543307087
21
0.1862873228346457
0
LINE
8
BLACK
6
CONTINUOUS
10
-0.2564003543307087
20
0.1862873228346457
11
-0.2564007874015748
21
0.1862867322834646
0
LINE
8
BLACK
6
CONTINUOUS
10
-0.2564007874015748
20
0.1862867322834646
11
-0.2564011417322835
21
0.1862862598425197
0
LINE
8
BLACK
6
CONTINUOUS
10
-0.2564011417322835
20
0.1862862598425197
11
-0.2595398031496063
21
0.1817194881889764
0
LINE
8
BLACK
6
CONTINUOUS
10
-0.2595398031496063
20
0.1817194881889764
11
-0.2657989763779527
21
0.1726122440944882
0
LINE
8
BLACK
6
CONTINUOUS
10
-0.2657989763779527
20
0.1726122440944882
11
-0.2744686614173228
21
0.1584644881889764
0
LINE
8
BLACK
6
CONTINUOUS
10
-0.2744686614173228
20
0.1584644881889764
11
-0.2744688188976378
21
0.1584642125984252
0
LINE
8
BLACK
6
CONTINUOUS
10
-0.2744688188976378
20
0.1584642125984252
11
-0.2823858267716535
21
0.1438827952755906
0
LINE
8
BLACK
6
CONTINUOUS
10
-0.2823858267716535
20
0.1438827952755906
11
-0.2823861417322834
21
0.1438821653543307
0
LINE
8
BLACK
6
CONTINUOUS
10
-0.2823861417322834
20
0.1438821653543307
11
-0.2895287007874016
21
0.1289079527559055
0
LINE
8
BLACK
6
CONTINUOUS
10
-0.2895287007874016
20
0.1289079527559055
11
-0.2895288582677165
21
0.1289075984251968
0
LINE
8
BLACK
6
CONTINUOUS
10
-0.2895288582677165
20
0.1289075984251968
11
-0.2895292519685039
21
0.1289067322834646
0
LINE
8
BLACK
6
CONTINUOUS
10
-0.2895292519685039
20
0.1289067322834646
11
-0.2958787401574803
21
0.1135772047244095
0
LINE
8
BLACK
6
CONTINUOUS
10
-0.2958787401574803
20
0.1135772047244095
11
-0.2958788582677165
21
0.1135768503937008
0
LINE
8
BLACK
6
CONTINUOUS
10
-0.2958788582677165
20
0.1135768503937008
11
-0.3014174409448819
21
0.0979362598425197
0
LINE
8
BLACK
6
CONTINUOUS
10
-0.3014174409448819
20
0.0979362598425197
11
-0.3061300787401575
21
0.0820266929133858
0
LINE
8
BLACK
6
CONTINUOUS
10
-0.3061300787401575
20
0.0820266929133858
11
-0.3061300787401575
21
0.0820266141732283
0
LINE
8
BLACK
6
CONTINUOUS
10
-0.3061300787401575
20
0.0820266141732283
11
-0.3100034645669291
21
0.0658943700787402
0
LINE
8
BLACK
6
CONTINUOUS
10
-0.3100034645669291
20
0.0658943700787402
11
-0.3100038976377953
21
0.0658922440944882
0
LINE
8
BLACK
6
CONTINUOUS
10
-0.3100038976377953
20
0.0658922440944882
11
-0.3130270078740157
21
0.0495798818897638
0
LINE
8
BLACK
6
CONTINUOUS
10
-0.3130270078740157
20
0.0495798818897638
11
-0.3130272047244094
21
0.0495787795275591
0
LINE
8
BLACK
6
CONTINUOUS
10
-0.3130272047244094
20
0.0495787795275591
11
-0.3150912598425197
21
0.0339007874015748
0
LINE
8
BLACK
6
CONTINUOUS
10
-0.3150912598425197
20
0.0339007874015748
11
-0.3161283070866142
21
0.0317265748031496
0
LINE
8
BLACK
6
CONTINUOUS
10
-0.3161283070866142
20
0.0317265748031496
11
-0.3182452755905512
21
0.0305771653543307
0
LINE
8
BLACK
6
CONTINUOUS
10
-0.3182452755905512
20
0.0305771653543307
11
-0.3189555511811024
21
0.0305118897637795
0
LINE
8
BLACK
6
CONTINUOUS
10
-0.3189555511811024
20
0.0305118897637795
11
-0.4449212598425197
21
0.0305118897637795
0
LINE
8
BLACK
6
CONTINUOUS
10
-0.4449212598425197
20
0.0305118897637795
11
-0.4472122440944882
21
0.0312562598425197
0
LINE
8
BLACK
6
CONTINUOUS
10
-0.4472122440944882
20
0.0312562598425197
11
-0.4486281496062992
21
0.0332050787401575
0
LINE
8
BLACK
6
CONTINUOUS
10
-0.4486281496062992
20
0.0332050787401575
11
-0.4488188976377953
21
0.0344095275590551
0
LINE
8
BLACK
6
CONTINUOUS
10
-0.4488188976377953
20
0.0344095275590551
11
-0.4488188976377953
21
0.0393699212598425
0
LINE
8
BLACK
6
CONTINUOUS
10
-0.4488188976377953
20
0.0393699212598425
11
-0.4488188976377953
21
0.0393699606299213
0
LINE
8
BLACK
6
CONTINUOUS
10
-0.4488188976377953
20
0.0393699606299213
11
-0.4488188976377953
21
0.0393700787401575
0
LINE
8
BLACK
6
CONTINUOUS
10
-0.4488188976377953
20
0.0393700787401575
11
-0.4508425590551181
21
0.0521445275590551
0
LINE
8
BLACK
6
CONTINUOUS
10
-0.4508425590551181
20
0.0521445275590551
11
-0.4567126377952756
21
0.0636680708661417
0
LINE
8
BLACK
6
CONTINUOUS
10
-0.4567126377952756
20
0.0636680708661417
11
-0.458938937007874
21
0.0658943700787402
0
LINE
8
BLACK
6
CONTINUOUS
10
-0.458938937007874
20
0.0658943700787402
11
-0.4658581889763779
21
0.0728137007874016
0
LINE
8
BLACK
6
CONTINUOUS
10
-0.4658581889763779
20
0.0728137007874016
11
-0.4658582677165354
21
0.072813779527559
0
LINE
8
BLACK
6
CONTINUOUS
10
-0.4658582677165354
20
0.072813779527559
11
-0.4773817716535433
21
0.0786854724409449
0
LINE
8
BLACK
6
CONTINUOUS
10
-0.4773817716535433
20
0.0786854724409449
11
-0.4773818897637795
21
0.0786855118110236
0
LINE
8
BLACK
6
CONTINUOUS
10
-0.4773818897637795
20
0.0786855118110236
11
-0.4901575196850393
21
0.0807086614173228
0
LINE
8
BLACK
6
CONTINUOUS
10
-0.4901575196850393
20
0.0807086614173228
11
-0.5029330708661417
21
0.0786855118110236
0
LINE
8
BLACK
6
CONTINUOUS
10
-0.5029330708661417
20
0.0786855118110236
11
-0.5029332283464567
21
0.0786854724409449
0
LINE
8
BLACK
6
CONTINUOUS
10
-0.5029332283464567
20
0.0786854724409449
11
-0.5144566141732283
21
0.0728138188976378
0
LINE
8
BLACK
6
CONTINUOUS
10
-0.5144566141732283
20
0.0728138188976378
11
-0.5236023622047244
21
0.0636680708661417
0
LINE
8
BLACK
6
CONTINUOUS
10
-0.5236023622047244
20
0.0636680708661417
11
-0.5294724803149606
21
0.0521445669291339
0
LINE
8
BLACK
6
CONTINUOUS
10
-0.5294724803149606
20
0.0521445669291339
11
-0.5299146062992126
21
0.0493533858267717
0
LINE
8
BLACK
6
CONTINUOUS
10
-0.5299146062992126
20
0.0493533858267717
11
-0.5314960629921259
21
0.0393700787401575
0
LINE
8
BLACK
6
CONTINUOUS
10
-0.5314960629921259
20
0.0393700787401575
11
-0.5314960629921259
21
-0.0393700787401575
0
LINE
8
BLACK
6
CONTINUOUS
10
-0.5314960629921259
20
-0.0393700787401575
11
-0.5294724803149606
21
-0.0521444881889764
0
LINE
8
BLACK
6
CONTINUOUS
10
-0.5294724803149606
20
-0.0521444881889764
11
-0.5236024015748031
21
-0.0636679921259843
0
LINE
8
BLACK
6
CONTINUOUS
10
-0.5236024015748031
20
-0.0636679921259843
11
-0.5236023228346457
21
-0.0636680708661417
0
LINE
8
BLACK
6
CONTINUOUS
10
-0.5236023228346457
20
-0.0636680708661417
11
-0.5144568110236221
21
-0.072813779527559
0
LINE
8
BLACK
6
CONTINUOUS
10
-0.5144568110236221
20
-0.072813779527559
11
-0.5144568503937008
21
-0.072813779527559
0
LINE
8
BLACK
6
CONTINUOUS
10
-0.5144568503937008
20
-0.072813779527559
11
-0.5144566929133858
21
-0.0728138582677165
0
LINE
8
BLACK
6
CONTINUOUS
10
-0.5144566929133858
20
-0.0728138582677165
11
-0.5029330708661417
21
-0.0786854724409449
0
LINE
8
BLACK
6
CONTINUOUS
10
-0.5029330708661417
20
-0.0786854724409449
11
-0.4901575196850393
21
-0.0807086220472441
0
LINE
8
BLACK
6
CONTINUOUS
10
-0.4901575196850393
20
-0.0807086220472441
11
-0.4773818897637795
21
-0.0786854724409449
0
LINE
8
BLACK
6
CONTINUOUS
10
-0.4773818897637795
20
-0.0786854724409449
11
-0.4658582677165354
21
-0.0728138582677165
0
LINE
8
BLACK
6
CONTINUOUS
10
-0.4658582677165354
20
-0.0728138582677165
11
-0.4567126377952756
21
-0.063668031496063
0
LINE
8
BLACK
6
CONTINUOUS
10
-0.4567126377952756
20
-0.063668031496063
11
-0.4559938582677165
21
-0.0622570472440945
0
LINE
8
BLACK
6
CONTINUOUS
10
-0.4559938582677165
20
-0.0622570472440945
11
-0.454830905511811
21
-0.059973937007874
0
LINE
8
BLACK
6
CONTINUOUS
10
-0.454830905511811
20
-0.059973937007874
11
-0.4508425590551181
21
-0.0521444881889764
0
LINE
8
BLACK
6
CONTINUOUS
10
-0.4508425590551181
20
-0.0521444881889764
11
-0.4488188976377953
21
-0.0393700787401575
0
LINE
8
BLACK
6
CONTINUOUS
10
-0.4488188976377953
20
-0.0393700787401575
11
-0.4488188976377953
21
-0.0344094881889764
0
LINE
8
BLACK
6
CONTINUOUS
10
-0.4488188976377953
20
-0.0344094881889764
11
-0.4480745275590551
21
-0.0321185039370079
0
LINE
8
BLACK
6
CONTINUOUS
10
-0.4480745275590551
20
-0.0321185039370079
11
-0.4461257086614173
21
-0.0307025984251969
0
LINE
8
BLACK
6
CONTINUOUS
10
-0.4461257086614173
20
-0.0307025984251969
11
-0.4449212598425197
21
-0.0305118503937008
0
LINE
8
BLACK
6
CONTINUOUS
10
-0.4449212598425197
20
-0.0305118503937008
11
-0.3189555511811024
21
-0.0305118503937008
0
LINE
8
BLACK
6
CONTINUOUS
10
-0.3189555511811024
20
-0.0305118503937008
11
-0.3166645669291339
21
-0.0312562204724409
0
LINE
8
BLACK
6
CONTINUOUS
10
-0.3166645669291339
20
-0.0312562204724409
11
-0.3152486614173228
21
-0.0332050393700787
0
LINE
8
BLACK
6
CONTINUOUS
10
-0.3152486614173228
20
-0.0332050393700787
11
-0.3150912992125984
21
-0.0339006692913386
0
LINE
8
BLACK
6
CONTINUOUS
10
-0.3150912992125984
20
-0.0339006692913386
11
-0.3150242913385827
21
-0.0344094881889764
0
LINE
8
BLACK
6
CONTINUOUS
10
-0.3150242913385827
20
-0.0344094881889764
11
-0.3130272047244094
21
-0.0495787007874016
0
LINE
8
BLACK
6
CONTINUOUS
10
-0.3130272047244094
20
-0.0495787007874016
11
-0.3130270078740157
21
-0.0495798031496063
0
LINE
8
BLACK
6
CONTINUOUS
10
-0.3130270078740157
20
-0.0495798031496063
11
-0.3100038976377953
21
-0.0658921653543307
0
LINE
8
BLACK
6
CONTINUOUS
10
-0.3100038976377953
20
-0.0658921653543307
11
-0.3100034645669291
21
-0.0658942913385827
0
LINE
8
BLACK
6
CONTINUOUS
10
-0.3100034645669291
20
-0.0658942913385827
11
-0.3061300787401575
21
-0.0820265354330709
0
LINE
8
BLACK
6
CONTINUOUS
10
-0.3061300787401575
20
-0.0820265354330709
11
-0.3061300787401575
21
-0.0820266141732283
0
LINE
8
BLACK
6
CONTINUOUS
10
-0.3061300787401575
20
-0.0820266141732283
11
-0.3014174409448819
21
-0.0979361811023622
0
LINE
8
BLACK
6
CONTINUOUS
10
-0.3014174409448819
20
-0.0979361811023622
11
-0.3014172834645669
21
-0.0979366141732283
0
LINE
8
BLACK
6
CONTINUOUS
10
-0.3014172834645669
20
-0.0979366141732283
11
-0.2958787401574803
21
-0.1135771653543307
0
LINE
8
BLACK
6
CONTINUOUS
10
-0.2958787401574803
20
-0.1135771653543307
11
-0.2895292519685039
21
-0.1289066929133858
0
LINE
8
BLACK
6
CONTINUOUS
10
-0.2895292519685039
20
-0.1289066929133858
11
-0.2895288976377953
21
-0.1289074803149606
0
LINE
8
BLACK
6
CONTINUOUS
10
-0.2895288976377953
20
-0.1289074803149606
11
-0.2895288582677165
21
-0.1289075196850394
0
LINE
8
BLACK
6
CONTINUOUS
10
-0.2895288582677165
20
-0.1289075196850394
11
-0.2895287007874016
21
-0.128907874015748
0
LINE
8
BLACK
6
CONTINUOUS
10
-0.2895287007874016
20
-0.128907874015748
11
-0.2823861417322834
21
-0.1438820866141732
0
LINE
8
BLACK
6
CONTINUOUS
10
-0.2823861417322834
20
-0.1438820866141732
11
-0.2823858267716535
21
-0.1438827165354331
0
LINE
8
BLACK
6
CONTINUOUS
10
-0.2823858267716535
20
-0.1438827165354331
11
-0.275391811023622
21
-0.1567642125984252
0
LINE
8
BLACK
6
CONTINUOUS
10
-0.275391811023622
20
-0.1567642125984252
11
-0.2744685433070866
21
-0.1584646062992126
0
LINE
8
BLACK
6
CONTINUOUS
10
-0.2744685433070866
20
-0.1584646062992126
11
-0.2692033464566929
21
-0.1670567322834646
0
LINE
8
BLACK
6
CONTINUOUS
10
-0.2692033464566929
20
-0.1670567322834646
11
-0.2657989763779527
21
-0.1726121653543307
0
LINE
8
BLACK
6
CONTINUOUS
10
-0.2657989763779527
20
-0.1726121653543307
11
-0.2653755118110236
21
-0.1732283070866142
0
LINE
8
BLACK
6
CONTINUOUS
10
-0.2653755118110236
20
-0.1732283070866142
11
-0.2564011417322835
21
-0.1862862204724409
0
LINE
8
BLACK
6
CONTINUOUS
10
-0.2564011417322835
20
-0.1862862204724409
11
-0.2564003543307087
21
-0.1862872440944882
0
LINE
8
BLACK
6
CONTINUOUS
10
-0.2564003543307087
20
-0.1862872440944882
11
-0.2463012992125984
21
-0.1994483070866142
0
LINE
8
BLACK
6
CONTINUOUS
10
-0.2463012992125984
20
-0.1994483070866142
11
-0.2463003937007874
21
-0.1994494094488189
0
LINE
8
BLACK
6
CONTINUOUS
10
-0.2463003937007874
20
-0.1994494094488189
11
-0.2463
21
-0.1994499212598425
0
LINE
8
BLACK
6
CONTINUOUS
10
-0.2463
20
-0.1994499212598425
11
-0.2462994881889764
21
-0.1994505118110236
0
LINE
8
BLACK
6
CONTINUOUS
10
-0.2462994881889764
20
-0.1994505118110236
11
-0.2355242913385827
21
-0.2120670866141732
0
LINE
8
BLACK
6
CONTINUOUS
10
-0.2355242913385827
20
-0.2120670866141732
11
-0.2355238582677165
21
-0.2120675196850394
0
LINE
8
BLACK
6
CONTINUOUS
10
-0.2355238582677165
20
-0.2120675196850394
11
-0.2255738188976378
21
-0.2225527165354331
0
LINE
8
BLACK
6
CONTINUOUS
10
-0.2255738188976378
20
-0.2225527165354331
11
-0.2241028346456693
21
-0.2241027952755905
0
LINE
8
BLACK
6
CONTINUOUS
10
-0.2241028346456693
20
-0.2241027952755905
11
-0.2241020866141732
21
-0.2241035039370079
0
LINE
8
BLACK
6
CONTINUOUS
10
-0.2241020866141732
20
-0.2241035039370079
11
-0.2241020472440945
21
-0.2241035433070866
0
LINE
8
BLACK
6
CONTINUOUS
10
-0.2241020472440945
20
-0.2241035433070866
11
-0.2120675984251968
21
-0.235523779527559
0
LINE
8
BLACK
6
CONTINUOUS
10
-0.2120675984251968
20
-0.235523779527559
11
-0.2120671653543307
21
-0.2355242125984252
0
LINE
8
BLACK
6
CONTINUOUS
10
-0.2120671653543307
20
-0.2355242125984252
11
-0.2082599606299212
21
-0.2387757480314961
0
LINE
8
BLACK
6
CONTINUOUS
10
-0.2082599606299212
20
-0.2387757480314961
11
-0.1994499606299213
21
-0.2462999606299213
0
LINE
8
BLACK
6
CONTINUOUS
10
-0.1994499606299213
20
-0.2462999606299213
11
-0.1994493700787401
21
-0.2463004330708661
0
LINE
8
BLACK
6
CONTINUOUS
10
-0.1994493700787401
20
-0.2463004330708661
11
-0.1994483858267717
21
-0.2463012204724409
0
LINE
8
BLACK
6
CONTINUOUS
10
-0.1994483858267717
20
-0.2463012204724409
11
-0.1917712598425197
21
-0.2521922047244095
0
LINE
8
BLACK
6
CONTINUOUS
10
-0.1917712598425197
20
-0.2521922047244095
11
-0.1862862598425197
21
-0.2564011023622047
0
LINE
8
BLACK
6
CONTINUOUS
10
-0.1862862598425197
20
-0.2564011023622047
11
-0.1726117716535433
21
-0.2657992125984252
0
LINE
8
BLACK
6
CONTINUOUS
10
-0.1726117716535433
20
-0.2657992125984252
11
-0.1584646456692913
21
-0.2744685039370079
0
LINE
8
BLACK
6
CONTINUOUS
10
-0.1584646456692913
20
-0.2744685039370079
11
-0.1438827559055118
21
-0.2823857874015748
0
LINE
8
BLACK
6
CONTINUOUS
10
-0.1438827559055118
20
-0.2823857874015748
11
-0.1289067322834646
21
-0.2895292125984252
0
LINE
8
BLACK
6
CONTINUOUS
10
-0.1289067322834646
20
-0.2895292125984252
11
-0.1135772047244095
21
-0.2958787007874016
0
LINE
8
BLACK
6
CONTINUOUS
10
-0.1135772047244095
20
-0.2958787007874016
11
-0.0979366535433071
21
-0.3014172440944882
0
LINE
8
BLACK
6
CONTINUOUS
10
-0.0979366535433071
20
-0.3014172440944882
11
-0.082027125984252
21
-0.3061298818897638
0
LINE
8
BLACK
6
CONTINUOUS
10
-0.082027125984252
20
-0.3061298818897638
11
-0.0820267716535433
21
-0.3061299606299213
0
LINE
8
BLACK
6
CONTINUOUS
10
-0.0820267716535433
20
-0.3061299606299213
11
-0.0820266535433071
21
-0.30613
0
LINE
8
BLACK
6
CONTINUOUS
10
-0.0820266535433071
20
-0.30613
11
-0.0658943700787402
21
-0.3100033858267717
0
LINE
8
BLACK
6
CONTINUOUS
10
-0.0658943700787402
20
-0.3100033858267717
11
-0.0658941338582677
21
-0.3100034251968504
0
LINE
8
BLACK
6
CONTINUOUS
10
-0.0658941338582677
20
-0.3100034251968504
11
-0.0658933464566929
21
-0.3100036220472441
0
LINE
8
BLACK
6
CONTINUOUS
10
-0.0658933464566929
20
-0.3100036220472441
11
-0.057736062992126
21
-0.3115153543307086
0
LINE
8
BLACK
6
CONTINUOUS
10
-0.057736062992126
20
-0.3115153543307086
11
-0.0495798818897638
21
-0.3130269291338583
0
LINE
8
BLACK
6
CONTINUOUS
10
-0.0495798818897638
20
-0.3130269291338583
11
-0.0495787795275591
21
-0.313027125984252
0
LINE
8
BLACK
6
CONTINUOUS
10
-0.0495787795275591
20
-0.313027125984252
11
-0.0331281102362205
21
-0.3151929527559055
0
LINE
8
BLACK
6
CONTINUOUS
10
-0.0331281102362205
20
-0.3151929527559055
11
-0.0165867322834646
21
-0.3164948818897638
0
LINE
8
BLACK
6
CONTINUOUS
10
-0.0165867322834646
20
-0.3164948818897638
11
-0.0027644881889764
21
-0.3168566929133858
0
LINE
8
BLACK
6
CONTINUOUS
10
-0.0027644881889764
20
-0.3168566929133858
11
-0.000000157480315
21
-0.316929094488189
0
LINE
8
BLACK
6
CONTINUOUS
10
-0.000000157480315
20
-0.316929094488189
11
0.
21
-0.316929094488189
0
LINE
8
BLACK
6
CONTINUOUS
10
0.
20
-0.316929094488189
11
0.000000157480315
21
-0.316929094488189
0
LINE
8
BLACK
6
CONTINUOUS
10
0.000000157480315
20
-0.316929094488189
11
0.0026538582677165
21
-0.3168596062992126
0
LINE
8
BLACK
6
CONTINUOUS
10
0.0026538582677165
20
-0.3168596062992126
11
0.0165866929133858
21
-0.3164948818897638
0
LINE
8
BLACK
6
CONTINUOUS
10
0.0165866929133858
20
-0.3164948818897638
11
0.0331280708661417
21
-0.3151929527559055
0
LINE
8
BLACK
6
CONTINUOUS
10
0.0331280708661417
20
-0.3151929527559055
11
0.0495787401574803
21
-0.313027125984252
0
LINE
8
BLACK
6
CONTINUOUS
10
0.0495787401574803
20
-0.313027125984252
11
0.0658933070866142
21
-0.3100036220472441
0
LINE
8
BLACK
6
CONTINUOUS
10
0.0658933070866142
20
-0.3100036220472441
11
0.0820270866141732
21
-0.3061298818897638
0
LINE
8
BLACK
6
CONTINUOUS
10
0.0820270866141732
20
-0.3061298818897638
11
0.0979366141732283
21
-0.3014172440944882
0
LINE
8
BLACK
6
CONTINUOUS
10
0.0979366141732283
20
-0.3014172440944882
11
0.1135771653543307
21
-0.2958787007874016
0
LINE
8
BLACK
6
CONTINUOUS
10
0.1135771653543307
20
-0.2958787007874016
11
0.1289066929133858
21
-0.2895292125984252
0
LINE
8
BLACK
6
CONTINUOUS
10
0.1289066929133858
20
-0.2895292125984252
11
0.1438827165354331
21
-0.2823857874015748
0
LINE
8
BLACK
6
CONTINUOUS
10
0.1438827165354331
20
-0.2823857874015748
11
0.1584646062992126
21
-0.2744685039370079
0
LINE
8
BLACK
6
CONTINUOUS
10
0.1584646062992126
20
-0.2744685039370079
11
0.1726117322834646
21
-0.2657992125984252
0
LINE
8
BLACK
6
CONTINUOUS
10
0.1726117322834646
20
-0.2657992125984252
11
0.1862862204724409
21
-0.2564011023622047
0
LINE
8
BLACK
6
CONTINUOUS
10
0.1862862204724409
20
-0.2564011023622047
11
0.1975401968503937
21
-0.2477653937007874
0
LINE
8
BLACK
6
CONTINUOUS
10
0.1975401968503937
20
-0.2477653937007874
11
0.1994483070866142
21
-0.2463012204724409
0
LINE
8
BLACK
6
CONTINUOUS
10
0.1994483070866142
20
-0.2463012204724409
11
0.1994486614173228
21
-0.2463008661417323
0
LINE
8
BLACK
6
CONTINUOUS
10
0.1994486614173228
20
-0.2463008661417323
11
0.1994499212598425
21
-0.2462999606299213
0
LINE
8
BLACK
6
CONTINUOUS
10
0.1994499212598425
20
-0.2462999606299213
11
0.212066968503937
21
-0.2355243307086614
0
LINE
8
BLACK
6
CONTINUOUS
10
0.212066968503937
20
-0.2355243307086614
11
0.2241027952755905
21
-0.2241027952755905
0
LINE
8
BLACK
6
CONTINUOUS
10
0.2241027952755905
20
-0.2241027952755905
11
0.2355243307086614
21
-0.212066968503937
0
LINE
8
BLACK
6
CONTINUOUS
10
0.2355243307086614
20
-0.212066968503937
11
0.2462999606299213
21
-0.1994499212598425
0
LINE
8
BLACK
6
CONTINUOUS
10
0.2462999606299213
20
-0.1994499212598425
11
0.2463008661417323
21
-0.1994486614173228
0
LINE
8
BLACK
6
CONTINUOUS
10
0.2463008661417323
20
-0.1994486614173228
11
0.2463012204724409
21
-0.1994483070866142
0
LINE
8
BLACK
6
CONTINUOUS
10
0.2463012204724409
20
-0.1994483070866142
11
0.2515143700787402
21
-0.1926545669291339
0
LINE
8
BLACK
6
CONTINUOUS
10
0.2515143700787402
20
-0.1926545669291339
11
0.2564011023622047
21
-0.1862862204724409
0
LINE
8
BLACK
6
CONTINUOUS
10
0.2564011023622047
20
-0.1862862204724409
11
0.2657992125984252
21
-0.1726117322834646
0
LINE
8
BLACK
6
CONTINUOUS
10
0.2657992125984252
20
-0.1726117322834646
11
0.2744685039370079
21
-0.1584646062992126
0
LINE
8
BLACK
6
CONTINUOUS
10
0.2744685039370079
20
-0.1584646062992126
11
0.2823857874015748
21
-0.1438827165354331
0
LINE
8
BLACK
6
CONTINUOUS
10
0.2823857874015748
20
-0.1438827165354331
11
0.2895292125984252
21
-0.1289066929133858
0
LINE
8
BLACK
6
CONTINUOUS
10
0.2895292125984252
20
-0.1289066929133858
11
0.2958787007874016
21
-0.1135771653543307
0
LINE
8
BLACK
6
CONTINUOUS
10
0.2958787007874016
20
-0.1135771653543307
11
0.3014172440944882
21
-0.0979366141732283
0
LINE
8
BLACK
6
CONTINUOUS
10
0.3014172440944882
20
-0.0979366141732283
11
0.3061298818897638
21
-0.0820270866141732
0
LINE
8
BLACK
6
CONTINUOUS
10
0.3061298818897638
20
-0.0820270866141732
11
0.3100036220472441
21
-0.0658933070866142
0
LINE
8
BLACK
6
CONTINUOUS
10
0.3100036220472441
20
-0.0658933070866142
11
0.313027125984252
21
-0.0495787401574803
0
LINE
8
BLACK
6
CONTINUOUS
10
0.313027125984252
20
-0.0495787401574803
11
0.3151929527559055
21
-0.0331280708661417
0
LINE
8
BLACK
6
CONTINUOUS
10
0.3151929527559055
20
-0.0331280708661417
11
0.3164948818897638
21
-0.0165866929133858
0
LINE
8
BLACK
6
CONTINUOUS
10
0.3164948818897638
20
-0.0165866929133858
11
0.3169264173228347
21
-0.000101968503937
0
LINE
8
BLACK
6
CONTINUOUS
10
0.3169264173228347
20
-0.000101968503937
11
0.316929094488189
21
-0.0000000787401575
0
LINE
8
BLACK
6
CONTINUOUS
10
0.316929094488189
20
-0.0000000787401575
11
0.316929094488189
21
0.0000001181102362
0
LINE
8
BLACK
6
CONTINUOUS
10
0.316929094488189
20
0.0000001181102362
11
0.3168015748031496
21
0.0048710236220472
0
LINE
8
BLACK
6
CONTINUOUS
10
0.3168015748031496
20
0.0048710236220472
11
0.3164948818897638
21
0.0165867322834646
0
LINE
8
BLACK
6
CONTINUOUS
10
0.3164948818897638
20
0.0165867322834646
11
0.3151929527559055
21
0.0331281102362205
0
LINE
8
BLACK
6
CONTINUOUS
10
0.3151929527559055
20
0.0331281102362205
11
0.313027125984252
21
0.0495787795275591
0
LINE
8
BLACK
6
CONTINUOUS
10
0.313027125984252
20
0.0495787795275591
11
0.3100036220472441
21
0.0658933464566929
0
LINE
8
BLACK
6
CONTINUOUS
10
0.3100036220472441
20
0.0658933464566929
11
0.3083420078740157
21
0.0728137401574803
0
LINE
8
BLACK
6
CONTINUOUS
10
0.3083420078740157
20
0.0728137401574803
11
0.30613
21
0.0820266141732283
0
LINE
8
BLACK
6
CONTINUOUS
10
0.30613
20
0.0820266141732283
11
0.30613
21
0.0820266929133858
0
LINE
8
BLACK
6
CONTINUOUS
10
0.30613
20
0.0820266929133858
11
0.3060440157480315
21
0.0823169291338583
0
LINE
8
BLACK
6
CONTINUOUS
10
0.3060440157480315
20
0.0823169291338583
11
0.3014172440944882
21
0.0979366535433071
0
LINE
8
BLACK
6
CONTINUOUS
10
0.3014172440944882
20
0.0979366535433071
11
0.2958787007874016
21
0.1135772047244095
0
LINE
8
BLACK
6
CONTINUOUS
10
0.2958787007874016
20
0.1135772047244095
11
0.2895292125984252
21
0.1289067322834646
0
LINE
8
BLACK
6
CONTINUOUS
10
0.2895292125984252
20
0.1289067322834646
11
0.2823857874015748
21
0.1438827559055118
0
LINE
8
BLACK
6
CONTINUOUS
10
0.2823857874015748
20
0.1438827559055118
11
0.2744685039370079
21
0.1584646456692913
0
LINE
8
BLACK
6
CONTINUOUS
10
0.2744685039370079
20
0.1584646456692913
11
0.2657992125984252
21
0.1726117716535433
0
LINE
8
BLACK
6
CONTINUOUS
10
0.2657992125984252
20
0.1726117716535433
11
0.2564011023622047
21
0.1862862598425197
0
LINE
8
BLACK
6
CONTINUOUS
10
0.2564011023622047
20
0.1862862598425197
11
0.2546090157480315
21
0.1886216535433071
0
LINE
8
BLACK
6
CONTINUOUS
10
0.2546090157480315
20
0.1886216535433071
11
0.2463012204724409
21
0.1994483858267717
0
LINE
8
BLACK
6
CONTINUOUS
10
0.2463012204724409
20
0.1994483858267717
11
0.2463004330708661
21
0.1994493700787401
0
LINE
8
BLACK
6
CONTINUOUS
10
0.2463004330708661
20
0.1994493700787401
11
0.2462999606299213
21
0.1994499606299213
0
LINE
8
BLACK
6
CONTINUOUS
10
0.2462999606299213
20
0.1994499606299213
11
0.239257874015748
21
0.2076954724409449
0
LINE
8
BLACK
6
CONTINUOUS
10
0.239257874015748
20
0.2076954724409449
11
0.2355242125984252
21
0.2120671653543307
0
LINE
8
BLACK
6
CONTINUOUS
10
0.2355242125984252
20
0.2120671653543307
11
0.235523779527559
21
0.2120675984251968
0
LINE
8
BLACK
6
CONTINUOUS
10
0.235523779527559
20
0.2120675984251968
11
0.2241035433070866
21
0.2241020472440945
0
LINE
8
BLACK
6
CONTINUOUS
10
0.2241035433070866
20
0.2241020472440945
11
0.2241035039370079
21
0.2241020866141732
0
LINE
8
BLACK
6
CONTINUOUS
10
0.2241035039370079
20
0.2241020866141732
11
0.2241027952755905
21
0.2241028346456693
0
LINE
8
BLACK
6
CONTINUOUS
10
0.2241027952755905
20
0.2241028346456693
11
0.212066968503937
21
0.2355243700787402
0
LINE
8
BLACK
6
CONTINUOUS
10
0.212066968503937
20
0.2355243700787402
11
0.1994500787401575
21
0.2463
0
LINE
8
BLACK
6
CONTINUOUS
10
0.1994500787401575
20
0.2463
11
0.1994493700787401
21
0.2463005511811024
0
LINE
8
BLACK
6
CONTINUOUS
10
0.1994493700787401
20
0.2463005511811024
11
0.1994484645669291
21
0.2463012992125984
0
LINE
8
BLACK
6
CONTINUOUS
10
0.1994484645669291
20
0.2463012992125984
11
0.1862872440944882
21
0.2564003937007874
0
LINE
8
BLACK
6
CONTINUOUS
10
0.1862872440944882
20
0.2564003937007874
11
0.1862864173228346
21
0.2564009842519685
0
LINE
8
BLACK
6
CONTINUOUS
10
0.1862864173228346
20
0.2564009842519685
11
0.1862862204724409
21
0.2564011417322835
0
LINE
8
BLACK
6
CONTINUOUS
10
0.1862862204724409
20
0.2564011417322835
11
0.1813262992125984
21
0.2598099606299212
0
LINE
8
BLACK
6
CONTINUOUS
10
0.1813262992125984
20
0.2598099606299212
11
0.1726121653543307
21
0.2657989763779527
0
LINE
8
BLACK
6
CONTINUOUS
10
0.1726121653543307
20
0.2657989763779527
11
0.1695369291338583
21
0.2676834645669292
0
LINE
8
BLACK
6
CONTINUOUS
10
0.1695369291338583
20
0.2676834645669292
11
0.1584646062992126
21
0.2744685433070866
0
LINE
8
BLACK
6
CONTINUOUS
10
0.1584646062992126
20
0.2744685433070866
11
0.1584645669291339
21
0.2744685826771653
0
LINE
8
BLACK
6
CONTINUOUS
10
0.1584645669291339
20
0.2744685826771653
11
0.1584644094488189
21
0.2744686614173228
0
LINE
8
BLACK
6
CONTINUOUS
10
0.1584644094488189
20
0.2744686614173228
11
0.1584641338582677
21
0.2744688188976378
0
LINE
8
BLACK
6
CONTINUOUS
10
0.1584641338582677
20
0.2744688188976378
11
0.1438827165354331
21
0.2823858267716535
0
LINE
8
BLACK
6
CONTINUOUS
10
0.1438827165354331
20
0.2823858267716535
11
0.1438820866141732
21
0.2823861417322834
0
LINE
8
BLACK
6
CONTINUOUS
10
0.1438820866141732
20
0.2823861417322834
11
0.128907874015748
21
0.2895287007874016
0
LINE
8
BLACK
6
CONTINUOUS
10
0.128907874015748
20
0.2895287007874016
11
0.1289075196850394
21
0.2895288582677165
0
LINE
8
BLACK
6
CONTINUOUS
10
0.1289075196850394
20
0.2895288582677165
11
0.1289074803149606
21
0.2895288976377953
0
LINE
8
BLACK
6
CONTINUOUS
10
0.1289074803149606
20
0.2895288976377953
11
0.1289066929133858
21
0.2895292519685039
0
LINE
8
BLACK
6
CONTINUOUS
10
0.1289066929133858
20
0.2895292519685039
11
0.1135771653543307
21
0.2958787401574803
0
LINE
8
BLACK
6
CONTINUOUS
10
0.1135771653543307
20
0.2958787401574803
11
0.0979366141732283
21
0.3014172834645669
0
LINE
8
BLACK
6
CONTINUOUS
10
0.0979366141732283
20
0.3014172834645669
11
0.0979366535433071
21
0.3014172834645669
0
LINE
8
BLACK
6
CONTINUOUS
10
0.0979366535433071
20
0.3014172834645669
11
0.0979361811023622
21
0.3014174409448819
0
LINE
8
BLACK
6
CONTINUOUS
10
0.0979361811023622
20
0.3014174409448819
11
0.0820265748031496
21
0.3061300787401575
0
LINE
8
BLACK
6
CONTINUOUS
10
0.0820265748031496
20
0.3061300787401575
11
0.0658942913385827
21
0.3100034645669291
0
LINE
8
BLACK
6
CONTINUOUS
10
0.0658942913385827
20
0.3100034645669291
11
0.0658921653543307
21
0.3100038976377953
0
LINE
8
BLACK
6
CONTINUOUS
10
0.0658921653543307
20
0.3100038976377953
11
0.0495798031496063
21
0.3130270078740157
0
LINE
8
BLACK
6
CONTINUOUS
10
0.0495798031496063
20
0.3130270078740157
11
0.0495787007874016
21
0.3130272047244094
0
LINE
8
BLACK
6
CONTINUOUS
10
0.0495787007874016
20
0.3130272047244094
11
0.0331288976377953
21
0.3151929133858268
0
LINE
8
BLACK
6
CONTINUOUS
10
0.0331288976377953
20
0.3151929133858268
11
0.0331281496062992
21
0.3151929921259842
0
LINE
8
BLACK
6
CONTINUOUS
10
0.0331281496062992
20
0.3151929921259842
11
0.0331280708661417
21
0.3151929921259842
0
LINE
8
BLACK
6
CONTINUOUS
10
0.0331280708661417
20
0.3151929921259842
11
0.0331277559055118
21
0.315193031496063
0
LINE
8
BLACK
6
CONTINUOUS
10
0.0331277559055118
20
0.315193031496063
11
0.0331275984251969
21
0.315193031496063
0
LINE
8
BLACK
6
CONTINUOUS
10
0.0331275984251969
20
0.315193031496063
11
0.0306482283464567
21
0.3153881889763779
0
LINE
8
BLACK
6
CONTINUOUS
10
0.0306482283464567
20
0.3153881889763779
11
0.0165866929133858
21
0.3164949212598425
0
LINE
8
BLACK
6
CONTINUOUS
10
0.0165866929133858
20
0.3164949212598425
11
0.0165863779527559
21
0.3164949606299213
0
LINE
8
BLACK
6
CONTINUOUS
10
0.0165863779527559
20
0.3164949606299213
11
0.0165858661417323
21
0.3164949606299213
0
LINE
8
BLACK
6
CONTINUOUS
10
0.0165858661417323
20
0.3164949606299213
11
0.000000157480315
21
0.3169291338582677
0
LINE
8
BLACK
6
CONTINUOUS
10
0.000000157480315
20
0.3169291338582677
11
-0.000000157480315
21
0.3169291338582677
0
LINE
8
BLACK
6
CONTINUOUS
10
-0.000000157480315
20
0.3169291338582677
11
-0.0165859448818898
21
0.3164949606299213
0
LINE
8
BLACK
6
CONTINUOUS
10
-1.164081968503937
20
-0.0782677165354331
11
-1.1632694881889762
21
-0.0844392913385827
0
LINE
8
BLACK
6
CONTINUOUS
10
-1.1632694881889762
20
-0.0844392913385827
11
-1.163269409448819
21
-0.0844396062992126
0
LINE
8
BLACK
6
CONTINUOUS
10
-1.163269409448819
20
-0.0844396062992126
11
-1.1608873228346457
21
-0.0901904724409449
0
LINE
8
BLACK
6
CONTINUOUS
10
-1.1608873228346457
20
-0.0901904724409449
11
-1.1608873228346457
21
-0.0901905118110236
0
LINE
8
BLACK
6
CONTINUOUS
10
-1.1608873228346457
20
-0.0901905118110236
11
-1.1577926771653544
21
-0.0942235433070866
0
LINE
8
BLACK
6
CONTINUOUS
10
-1.1577926771653544
20
-0.0942235433070866
11
-1.157097716535433
21
-0.0951292125984252
0
LINE
8
BLACK
6
CONTINUOUS
10
-1.157097716535433
20
-0.0951292125984252
11
-1.152159094488189
21
-0.0989187401574803
0
LINE
8
BLACK
6
CONTINUOUS
10
-1.152159094488189
20
-0.0989187401574803
11
-1.1464079527559055
21
-0.1013009448818898
0
LINE
8
BLACK
6
CONTINUOUS
10
-1.1464079527559055
20
-0.1013009448818898
11
-1.1417791732283464
21
-0.1019103149606299
0
LINE
8
BLACK
6
CONTINUOUS
10
-1.1417791732283464
20
-0.1019103149606299
11
-1.1402362598425198
21
-0.1021134645669291
0
LINE
8
BLACK
6
CONTINUOUS
10
-1.1402362598425198
20
-0.1021134645669291
11
-1.140236220472441
21
-0.1021134645669291
0
LINE
8
BLACK
6
CONTINUOUS
10
-1.140236220472441
20
-0.1021134645669291
11
-1.1402361811023622
21
-0.1021134645669291
0
LINE
8
BLACK
6
CONTINUOUS
10
-1.1402361811023622
20
-0.1021134645669291
11
-1.1390018897637795
21
-0.1019509448818898
0
LINE
8
BLACK
6
CONTINUOUS
10
-1.1390018897637795
20
-0.1019509448818898
11
-1.1340644881889763
21
-0.1013009448818898
0
LINE
8
BLACK
6
CONTINUOUS
10
-1.1340644881889763
20
-0.1013009448818898
11
-1.1283133464566928
21
-0.0989187401574803
0
LINE
8
BLACK
6
CONTINUOUS
10
-1.1283133464566928
20
-0.0989187401574803
11
-1.1233747244094487
21
-0.0951292125984252
0
LINE
8
BLACK
6
CONTINUOUS
10
-1.1233747244094487
20
-0.0951292125984252
11
-1.1229739763779527
21
-0.0946068897637795
0
LINE
8
BLACK
6
CONTINUOUS
10
-1.1229739763779527
20
-0.0946068897637795
11
-1.1209889370078741
21
-0.0932425196850394
0
LINE
8
BLACK
6
CONTINUOUS
10
-1.1209889370078741
20
-0.0932425196850394
11
-1.1185808661417322
21
-0.0933054724409449
0
LINE
8
BLACK
6
CONTINUOUS
10
-1.1185808661417322
20
-0.0933054724409449
11
-1.1171257086614172
21
-0.0942235433070866
0
LINE
8
BLACK
6
CONTINUOUS
10
-1.1171257086614172
20
-0.0942235433070866
11
-1.0729238582677165
21
-0.1384253543307087
0
LINE
8
BLACK
6
CONTINUOUS
10
-1.0729238582677165
20
-0.1384253543307087
11
-1.0718302755905511
21
-0.1405716929133858
0
LINE
8
BLACK
6
CONTINUOUS
10
-1.0718302755905511
20
-0.1405716929133858
11
-1.0718156299212598
21
-0.1416901181102362
0
LINE
8
BLACK
6
CONTINUOUS
10
-1.0718156299212598
20
-0.1416901181102362
11
-1.0722304724409448
21
-0.1448413385826772
0
LINE
8
BLACK
6
CONTINUOUS
10
-1.0722304724409448
20
-0.1448413385826772
11
-1.0722304724409448
21
-0.1448414173228346
0
LINE
8
BLACK
6
CONTINUOUS
10
-1.0722304724409448
20
-0.1448414173228346
11
-1.0714179921259843
21
-0.1510129921259842
0
LINE
8
BLACK
6
CONTINUOUS
10
-1.0714179921259843
20
-0.1510129921259842
11
-1.0714179133858268
21
-0.1510133070866142
0
LINE
8
BLACK
6
CONTINUOUS
10
-1.0714179133858268
20
-0.1510133070866142
11
-1.0690358267716535
21
-0.1567641732283465
0
LINE
8
BLACK
6
CONTINUOUS
10
-1.0690358267716535
20
-0.1567641732283465
11
-1.0690358267716535
21
-0.1567642125984252
0
LINE
8
BLACK
6
CONTINUOUS
10
-1.0690358267716535
20
-0.1567642125984252
11
-1.0655511417322834
21
-0.1613055511811023
0
LINE
8
BLACK
6
CONTINUOUS
10
-1.0655511417322834
20
-0.1613055511811023
11
-1.0652462204724409
21
-0.1617029133858268
0
LINE
8
BLACK
6
CONTINUOUS
10
-1.0652462204724409
20
-0.1617029133858268
11
-1.0603075984251968
21
-0.1654924409448819
0
LINE
8
BLACK
6
CONTINUOUS
10
-1.0603075984251968
20
-0.1654924409448819
11
-1.0603075590551181
21
-0.1654924409448819
0
LINE
8
BLACK
6
CONTINUOUS
10
-1.0603075590551181
20
-0.1654924409448819
11
-1.0603075196850393
21
-0.1654924803149606
0
LINE
8
BLACK
6
CONTINUOUS
10
-1.0603075196850393
20
-0.1654924803149606
11
-1.0565310629921261
21
-0.1670567322834646
0
LINE
8
BLACK
6
CONTINUOUS
10
-1.0565310629921261
20
-0.1670567322834646
11
-1.0545564566929133
21
-0.1678746456692913
0
LINE
8
BLACK
6
CONTINUOUS
10
-1.0545564566929133
20
-0.1678746456692913
11
-1.0499276771653543
21
-0.1684840157480315
0
LINE
8
BLACK
6
CONTINUOUS
10
-1.0499276771653543
20
-0.1684840157480315
11
-1.0483847637795276
21
-0.1686871653543307
0
LINE
8
BLACK
6
CONTINUOUS
10
-1.0483847637795276
20
-0.1686871653543307
11
-1.0483847244094489
21
-0.1686871653543307
0
LINE
8
BLACK
6
CONTINUOUS
10
-1.0483847244094489
20
-0.1686871653543307
11
-1.0483846850393701
21
-0.1686871653543307
0
LINE
8
BLACK
6
CONTINUOUS
10
-1.0483846850393701
20
-0.1686871653543307
11
-1.0471503937007873
21
-0.1685246456692913
0
LINE
8
BLACK
6
CONTINUOUS
10
-1.0471503937007873
20
-0.1685246456692913
11
-1.0422129921259842
21
-0.1678746456692913
0
LINE
8
BLACK
6
CONTINUOUS
10
-1.0422129921259842
20
-0.1678746456692913
11
-1.0364618503937009
21
-0.1654924409448819
0
LINE
8
BLACK
6
CONTINUOUS
10
-1.0364618503937009
20
-0.1654924409448819
11
-1.0315232283464566
21
-0.1617029133858268
0
LINE
8
BLACK
6
CONTINUOUS
10
-1.0315232283464566
20
-0.1617029133858268
11
-1.0277337007874014
21
-0.1567642913385827
0
LINE
8
BLACK
6
CONTINUOUS
10
-1.0277337007874014
20
-0.1567642913385827
11
-1.0253514960629921
21
-0.1510131496062992
0
LINE
8
BLACK
6
CONTINUOUS
10
-1.0253514960629921
20
-0.1510131496062992
11
-1.0245389763779527
21
-0.1448414173228346
0
LINE
8
BLACK
6
CONTINUOUS
10
-1.0245389763779527
20
-0.1448414173228346
11
-1.0253514960629921
21
-0.1386696850393701
0
LINE
8
BLACK
6
CONTINUOUS
10
-1.0253514960629921
20
-0.1386696850393701
11
-1.0277336614173229
21
-0.1329186220472441
0
LINE
8
BLACK
6
CONTINUOUS
10
-1.0277336614173229
20
-0.1329186220472441
11
-1.0277336614173229
21
-0.1329185826771654
0
LINE
8
BLACK
6
CONTINUOUS
10
-1.0277336614173229
20
-0.1329185826771654
11
-1.0315230708661418
21
-0.1279801181102362
0
LINE
8
BLACK
6
CONTINUOUS
10
-1.0315230708661418
20
-0.1279801181102362
11
-1.0315231102362203
21
-0.1279800787401575
0
LINE
8
BLACK
6
CONTINUOUS
10
-1.0315231102362203
20
-0.1279800787401575
11
-1.0315232283464566
21
-0.1279799212598425
0
LINE
8
BLACK
6
CONTINUOUS
10
-1.0315232283464566
20
-0.1279799212598425
11
-1.0315234251968504
21
-0.1279797637795276
0
LINE
8
BLACK
6
CONTINUOUS
10
-1.0315234251968504
20
-0.1279797637795276
11
-1.0315234645669291
21
-0.1279797244094488
0
LINE
8
BLACK
6
CONTINUOUS
10
-1.0315234645669291
20
-0.1279797244094488
11
-1.0364619685039369
21
-0.1241903149606299
0
LINE
8
BLACK
6
CONTINUOUS
10
-1.0364619685039369
20
-0.1241903149606299
11
-1.0422128346456692
21
-0.1218082283464567
0
LINE
8
BLACK
6
CONTINUOUS
10
-1.0422128346456692
20
-0.1218082283464567
11
-1.0422131496062992
21
-0.1218081496062992
0
LINE
8
BLACK
6
CONTINUOUS
10
-1.0422131496062992
20
-0.1218081496062992
11
-1.0483846850393701
21
-0.1209956692913386
0
LINE
8
BLACK
6
CONTINUOUS
10
-1.0483846850393701
20
-0.1209956692913386
11
-1.0483848031496064
21
-0.1209956692913386
0
LINE
8
BLACK
6
CONTINUOUS
10
-1.0483848031496064
20
-0.1209956692913386
11
-1.0515360236220472
21
-0.1214105118110236
0
LINE
8
BLACK
6
CONTINUOUS
10
-1.0515360236220472
20
-0.1214105118110236
11
-1.0539045275590551
21
-0.1209715354330709
0
LINE
8
BLACK
6
CONTINUOUS
10
-1.0539045275590551
20
-0.1209715354330709
11
-1.0548007874015748
21
-0.1203022834645669
0
LINE
8
BLACK
6
CONTINUOUS
10
-1.0548007874015748
20
-0.1203022834645669
11
-1.0698284251968504
21
-0.1052746456692913
0
LINE
8
BLACK
6
CONTINUOUS
10
-1.0698284251968504
20
-0.1052746456692913
11
-1.0709220078740158
21
-0.1031283070866142
0
LINE
8
BLACK
6
CONTINUOUS
10
-1.0709220078740158
20
-0.1031283070866142
11
-1.0705451968503936
21
-0.100749094488189
0
LINE
8
BLACK
6
CONTINUOUS
10
-1.0705451968503936
20
-0.100749094488189
11
-1.0698284251968504
21
-0.0997625196850394
0
LINE
8
BLACK
6
CONTINUOUS
10
-1.0698284251968504
20
-0.0997625196850394
11
-1.0218766929133858
21
-0.0518107874015748
0
LINE
8
BLACK
6
CONTINUOUS
10
-1.0218766929133858
20
-0.0518107874015748
11
-0.970065748031496
21
0.0000001181102362
0
LINE
8
BLACK
6
CONTINUOUS
10
-0.970065748031496
20
0.0000001181102362
11
-0.9680919291338582
21
0.001973937007874
0
LINE
8
BLACK
6
CONTINUOUS
10
-0.9680919291338582
20
0.001973937007874
11
-0.9675655905511811
21
0.0028855905511811
0
LINE
8
BLACK
6
CONTINUOUS
10
-0.9675655905511811
20
0.0028855905511811
11
-0.9664048818897638
21
0.0048959448818898
0
LINE
8
BLACK
6
CONTINUOUS
10
-0.9664048818897638
20
0.0048959448818898
11
-0.9664048818897638
21
0.0048960236220472
0
LINE
8
BLACK
6
CONTINUOUS
10
-0.9664048818897638
20
0.0048960236220472
11
-0.9664048031496063
21
0.0048961023622047
0
LINE
8
BLACK
6
CONTINUOUS
10
-0.9664048031496063
20
0.0048961023622047
11
-0.9655314960629922
21
0.0081553937007874
0
LINE
8
BLACK
6
CONTINUOUS
10
-0.9655314960629922
20
0.0081553937007874
11
-0.9655314960629922
21
0.0115296456692913
0
LINE
8
BLACK
6
CONTINUOUS
10
-0.9655314960629922
20
0.0115296456692913
11
-0.9655314960629922
21
0.2598094488188976
0
LINE
8
BLACK
6
CONTINUOUS
10
-0.9655314960629922
20
0.2598094488188976
11
-0.9655314566929134
21
0.2598099606299212
0
LINE
8
BLACK
6
CONTINUOUS
10
-0.9655314566929134
20
0.2598099606299212
11
-0.9655314566929134
21
0.2634981889763779
0
LINE
8
BLACK
6
CONTINUOUS
10
-0.9655314566929134
20
0.2634981889763779
11
-0.9655314960629922
21
0.2634982677165355
0
LINE
8
BLACK
6
CONTINUOUS
10
-0.9655314960629922
20
0.2634982677165355
11
-0.9664047637795276
21
0.2667572834645669
0
LINE
8
BLACK
6
CONTINUOUS
10
-0.9664047637795276
20
0.2667572834645669
11
-0.9664048425196851
21
0.2667574803149606
0
LINE
8
BLACK
6
CONTINUOUS
10
-0.9664048425196851
20
0.2667574803149606
11
-0.9675162204724409
21
0.2686824803149606
0
LINE
8
BLACK
6
CONTINUOUS
10
-0.9675162204724409
20
0.2686824803149606
11
-0.9680918897637795
21
0.2696795275590551
0
LINE
8
BLACK
6
CONTINUOUS
10
-0.9680918897637795
20
0.2696795275590551
11
-0.9680919291338582
21
0.2696796062992126
0
LINE
8
BLACK
6
CONTINUOUS
10
-0.9680919291338582
20
0.2696796062992126
11
-0.970477874015748
21
0.2720655511811024
0
LINE
8
BLACK
6
CONTINUOUS
10
-0.970477874015748
20
0.2720655511811024
11
-0.9704779921259842
21
0.2720656299212598
0
LINE
8
BLACK
6
CONTINUOUS
10
-0.9704779921259842
20
0.2720656299212598
11
-1.0792964566929133
21
0.3808841338582677
0
LINE
8
BLACK
6
CONTINUOUS
10
-1.0792964566929133
20
0.3808841338582677
11
-1.0801413385826772
21
0.3821486614173228
0
LINE
8
BLACK
6
CONTINUOUS
10
-1.0801413385826772
20
0.3821486614173228
11
-1.0802815354330708
21
0.3824871259842519
0
LINE
8
BLACK
6
CONTINUOUS
10
-1.0802815354330708
20
0.3824871259842519
11
-1.0817111811023621
21
0.3859386220472441
0
LINE
8
BLACK
6
CONTINUOUS
10
-1.0817111811023621
20
0.3859386220472441
11
-1.0817112204724408
21
0.3859386614173228
0
LINE
8
BLACK
6
CONTINUOUS
10
-1.0817112204724408
20
0.3859386614173228
11
-1.0817112204724408
21
0.3859387007874016
0
LINE
8
BLACK
6
CONTINUOUS
10
-1.0817112204724408
20
0.3859387007874016
11
-1.0855005511811024
21
0.3908770472440945
0
LINE
8
BLACK
6
CONTINUOUS
10
-1.0855005511811024
20
0.3908770472440945
11
-1.085500590551181
21
0.3908770866141732
0
LINE
8
BLACK
6
CONTINUOUS
10
-1.085500590551181
20
0.3908770866141732
11
-1.0855007086614172
21
0.3908772440944882
0
LINE
8
BLACK
6
CONTINUOUS
10
-1.0855007086614172
20
0.3908772440944882
11
-1.085500905511811
21
0.3908774015748032
0
LINE
8
BLACK
6
CONTINUOUS
10
-1.085500905511811
20
0.3908774015748032
11
-1.0855009448818898
21
0.3908774409448819
0
LINE
8
BLACK
6
CONTINUOUS
10
-1.0855009448818898
20
0.3908774409448819
11
-1.0904394488188975
21
0.3946668503937008
0
LINE
8
BLACK
6
CONTINUOUS
10
-1.0904394488188975
20
0.3946668503937008
11
-1.0961903149606298
21
0.397048937007874
0
LINE
8
BLACK
6
CONTINUOUS
10
-1.0961903149606298
20
0.397048937007874
11
-1.0961906299212598
21
0.3970490157480315
0
LINE
8
BLACK
6
CONTINUOUS
10
-1.0961906299212598
20
0.3970490157480315
11
-1.1023621653543307
21
0.3978614960629921
0
LINE
8
BLACK
6
CONTINUOUS
10
-1.1023621653543307
20
0.3978614960629921
11
-1.1023622440944882
21
0.3978614960629921
0
LINE
8
BLACK
6
CONTINUOUS
10
-1.1023622440944882
20
0.3978614960629921
11
-1.1085338188976377
21
0.3970490157480315
0
LINE
8
BLACK
6
CONTINUOUS
10
-1.1085338188976377
20
0.3970490157480315
11
-1.1085341338582677
21
0.397048937007874
0
LINE
8
BLACK
6
CONTINUOUS
10
-1.1085341338582677
20
0.397048937007874
11
-1.114285
21
0.3946668503937008
0
LINE
8
BLACK
6
CONTINUOUS
10
-1.114285
20
0.3946668503937008
11
-1.1142850393700787
21
0.3946668503937008
0
LINE
8
BLACK
6
CONTINUOUS
10
-1.1142850393700787
20
0.3946668503937008
11
-1.1192235039370078
21
0.3908774409448819
0
LINE
8
BLACK
6
CONTINUOUS
10
-1.1192235039370078
20
0.3908774409448819
11
-1.1192238976377953
21
0.3908770472440945
0
LINE
8
BLACK
6
CONTINUOUS
10
-1.1192238976377953
20
0.3908770472440945
11
-1.1230133070866142
21
0.3859385826771654
0
LINE
8
BLACK
6
CONTINUOUS
10
-1.1230133070866142
20
0.3859385826771654
11
-1.1230133070866142
21
0.3859385433070866
0
LINE
8
BLACK
6
CONTINUOUS
10
-1.1230133070866142
20
0.3859385433070866
11
-1.1253953937007874
21
0.3801876771653543
0
LINE
8
BLACK
6
CONTINUOUS
10
-1.1253953937007874
20
0.3801876771653543
11
-1.125395472440945
21
0.3801873622047244
0
LINE
8
BLACK
6
CONTINUOUS
10
-1.125395472440945
20
0.3801873622047244
11
-1.1262079527559055
21
0.3740157874015748
0
LINE
8
BLACK
6
CONTINUOUS
10
-1.1262079527559055
20
0.3740157874015748
11
-1.1262079527559055
21
0.3740157480314961
0
LINE
8
BLACK
6
CONTINUOUS
10
-1.1262079527559055
20
0.3740157480314961
11
-1.125395472440945
21
0.3678441732283464
0
LINE
8
BLACK
6
CONTINUOUS
10
-1.125395472440945
20
0.3678441732283464
11
-1.1253953937007874
21
0.3678438582677165
0
LINE
8
BLACK
6
CONTINUOUS
10
-1.1253953937007874
20
0.3678438582677165
11
-1.1230133070866142
21
0.3620929921259842
0
LINE
8
BLACK
6
CONTINUOUS
10
-1.1230133070866142
20
0.3620929921259842
11
-1.1230133070866142
21
0.3620929527559055
0
LINE
8
BLACK
6
CONTINUOUS
10
-1.1230133070866142
20
0.3620929527559055
11
-1.1230132283464567
21
0.362092874015748
0
LINE
8
BLACK
6
CONTINUOUS
10
-1.1230132283464567
20
0.362092874015748
11
-1.1192237007874015
21
0.3571542519685039
0
LINE
8
BLACK
6
CONTINUOUS
10
-1.1192237007874015
20
0.3571542519685039
11
-1.1142850787401575
21
0.3533647244094488
0
LINE
8
BLACK
6
CONTINUOUS
10
-1.1142850787401575
20
0.3533647244094488
11
-1.1142850393700787
21
0.3533647244094488
0
LINE
8
BLACK
6
CONTINUOUS
10
-1.1142850393700787
20
0.3533647244094488
11
-1.114285
21
0.3533646850393701
0
LINE
8
BLACK
6
CONTINUOUS
10
-1.114285
20
0.3533646850393701
11
-1.1135874409448818
21
0.3530757480314961
0
LINE
8
BLACK
6
CONTINUOUS
10
-1.1135874409448818
20
0.3530757480314961
11
-1.1085339370078739
21
0.3509825196850394
0
LINE
8
BLACK
6
CONTINUOUS
10
-1.1085339370078739
20
0.3509825196850394
11
-1.1039051574803149
21
0.3503731496062992
0
LINE
8
BLACK
6
CONTINUOUS
10
-1.1039051574803149
20
0.3503731496062992
11
-1.1023622440944882
21
0.35017
0
LINE
8
BLACK
6
CONTINUOUS
10
-1.1023622440944882
20
0.35017
11
-1.1023622047244095
21
0.35017
0
LINE
8
BLACK
6
CONTINUOUS
10
-1.1023622047244095
20
0.35017
11
-1.1023621653543307
21
0.35017
0
LINE
8
BLACK
6
CONTINUOUS
10
-1.1023621653543307
20
0.35017
11
-1.101127874015748
21
0.3503325196850394
0
LINE
8
BLACK
6
CONTINUOUS
10
-1.101127874015748
20
0.3503325196850394
11
-1.0961904724409448
21
0.3509825196850394
0
LINE
8
BLACK
6
CONTINUOUS
10
-1.0961904724409448
20
0.3509825196850394
11
-1.0911369685039369
21
0.3530757874015748
0
LINE
8
BLACK
6
CONTINUOUS
10
-1.0911369685039369
20
0.3530757874015748
11
-1.0887355905511811
21
0.3532647637795275
0
LINE
8
BLACK
6
CONTINUOUS
10
-1.0887355905511811
20
0.3532647637795275
11
-1.0868894094488188
21
0.3522308661417323
0
LINE
8
BLACK
6
CONTINUOUS
10
-1.0868894094488188
20
0.3522308661417323
11
-0.9923029921259843
21
0.2576444881889764
0
LINE
8
BLACK
6
CONTINUOUS
10
-0.9923029921259843
20
0.2576444881889764
11
-0.9912094094488189
21
0.2554981496062992
0
LINE
8
BLACK
6
CONTINUOUS
10
-0.9912094094488189
20
0.2554981496062992
11
-0.9911614173228346
21
0.2548884251968504
0
LINE
8
BLACK
6
CONTINUOUS
10
-0.9911614173228346
20
0.2548884251968504
11
-0.9911614173228346
21
0.0167651968503937
0
LINE
8
BLACK
6
CONTINUOUS
10
-0.9911614173228346
20
0.0167651968503937
11
-0.9919057874015748
21
0.0144742125984252
0
LINE
8
BLACK
6
CONTINUOUS
10
-0.9919057874015748
20
0.0144742125984252
11
-0.9923029921259843
21
0.0140091338582677
0
LINE
8
BLACK
6
CONTINUOUS
10
-0.9923029921259843
20
0.0140091338582677
11
-1.0396894881889764
21
-0.0333773228346457
0
LINE
8
BLACK
6
CONTINUOUS
10
-1.0396894881889764
20
-0.0333773228346457
11
-1.0418358267716534
21
-0.034470905511811
0
LINE
8
BLACK
6
CONTINUOUS
10
-1.0418358267716534
20
-0.034470905511811
11
-1.0442150393700786
21
-0.034094094488189
0
LINE
8
BLACK
6
CONTINUOUS
10
-1.0442150393700786
20
-0.034094094488189
11
-1.0459183858267715
21
-0.0323907480314961
0
LINE
8
BLACK
6
CONTINUOUS
10
-1.0459183858267715
20
-0.0323907480314961
11
-1.046046496062992
21
-0.0321127952755905
0
LINE
8
BLACK
6
CONTINUOUS
10
-1.046046496062992
20
-0.0321127952755905
11
-1.0466306299212598
21
-0.0307025984251969
0
LINE
8
BLACK
6
CONTINUOUS
10
-1.0466306299212598
20
-0.0307025984251969
11
-1.0477644488188975
21
-0.0279652362204724
0
LINE
8
BLACK
6
CONTINUOUS
10
-1.0477644488188975
20
-0.0279652362204724
11
-1.0477644488188975
21
-0.0279651968503937
0
LINE
8
BLACK
6
CONTINUOUS
10
-1.0477644488188975
20
-0.0279651968503937
11
-1.0515540551181102
21
-0.0230264566929134
0
LINE
8
BLACK
6
CONTINUOUS
10
-1.0515540551181102
20
-0.0230264566929134
11
-1.0515540944881889
21
-0.0230264173228346
0
LINE
8
BLACK
6
CONTINUOUS
10
-1.0515540944881889
20
-0.0230264173228346
11
-1.0538661811023622
21
-0.0212523228346457
0
LINE
8
BLACK
6
CONTINUOUS
10
-1.0538661811023622
20
-0.0212523228346457
11
-1.0552305905511812
21
-0.019267125984252
0
LINE
8
BLACK
6
CONTINUOUS
10
-1.0552305905511812
20
-0.019267125984252
11
-1.0551675590551182
21
-0.0168590551181102
0
LINE
8
BLACK
6
CONTINUOUS
10
-1.0551675590551182
20
-0.0168590551181102
11
-1.0542496062992126
21
-0.0154041732283465
0
LINE
8
BLACK
6
CONTINUOUS
10
-1.0542496062992126
20
-0.0154041732283465
11
-1.0416522047244094
21
-0.0028067322834646
0
LINE
8
BLACK
6
CONTINUOUS
10
-1.0416522047244094
20
-0.0028067322834646
11
-1.0395059448818897
21
-0.001713188976378
0
LINE
8
BLACK
6
CONTINUOUS
10
-1.0395059448818897
20
-0.001713188976378
11
-1.0383876771653544
21
-0.0016985433070866
0
LINE
8
BLACK
6
CONTINUOUS
10
-1.0383876771653544
20
-0.0016985433070866
11
-1.035236220472441
21
-0.0021134645669291
0
LINE
8
BLACK
6
CONTINUOUS
10
-1.035236220472441
20
-0.0021134645669291
11
-1.0290644881889763
21
-0.0013009448818898
0
LINE
8
BLACK
6
CONTINUOUS
10
-1.0290644881889763
20
-0.0013009448818898
11
-1.0233133464566928
21
0.0010812598425197
0
LINE
8
BLACK
6
CONTINUOUS
10
-1.0233133464566928
20
0.0010812598425197
11
-1.0183747244094488
21
0.0048707874015748
0
LINE
8
BLACK
6
CONTINUOUS
10
-1.0183747244094488
20
0.0048707874015748
11
-1.0145851968503936
21
0.0098094094488189
0
LINE
8
BLACK
6
CONTINUOUS
10
-1.0145851968503936
20
0.0098094094488189
11
-1.0122029921259843
21
0.0155605511811024
0
LINE
8
BLACK
6
CONTINUOUS
10
-1.0122029921259843
20
0.0155605511811024
11
-1.0113904724409448
21
0.0217322834645669
0
LINE
8
BLACK
6
CONTINUOUS
10
-1.0113904724409448
20
0.0217322834645669
11
-1.0122029921259843
21
0.0279040157480315
0
LINE
8
BLACK
6
CONTINUOUS
10
-1.0122029921259843
20
0.0279040157480315
11
-1.012626496062992
21
0.0289264566929134
0
LINE
8
BLACK
6
CONTINUOUS
10
-1.012626496062992
20
0.0289264566929134
11
-1.0145851574803149
21
0.0336550787401575
0
LINE
8
BLACK
6
CONTINUOUS
10
-1.0145851574803149
20
0.0336550787401575
11
-1.0145851574803149
21
0.0336551181102362
0
LINE
8
BLACK
6
CONTINUOUS
10
-1.0145851574803149
20
0.0336551181102362
11
-1.0183745669291338
21
0.0385935826771654
0
LINE
8
BLACK
6
CONTINUOUS
10
-1.0183745669291338
20
0.0385935826771654
11
-1.0183746062992125
21
0.0385936220472441
0
LINE
8
BLACK
6
CONTINUOUS
10
-1.0183746062992125
20
0.0385936220472441
11
-1.0183747244094488
21
0.0385937795275591
0
LINE
8
BLACK
6
CONTINUOUS
10
-1.0183747244094488
20
0.0385937795275591
11
-1.0183749212598425
21
0.038593937007874
0
LINE
8
BLACK
6
CONTINUOUS
10
-1.0183749212598425
20
0.038593937007874
11
-1.0183749606299213
21
0.0385939763779528
0
LINE
8
BLACK
6
CONTINUOUS
10
-1.0183749606299213
20
0.0385939763779528
11
-1.0233134645669291
21
0.0423833858267717
0
LINE
8
BLACK
6
CONTINUOUS
10
-1.0233134645669291
20
0.0423833858267717
11
-1.0290643307086613
21
0.0447654724409449
0
LINE
8
BLACK
6
CONTINUOUS
10
-1.0290643307086613
20
0.0447654724409449
11
-1.0290646456692913
21
0.0447655511811024
0
LINE
8
BLACK
6
CONTINUOUS
10
-1.0290646456692913
20
0.0447655511811024
11
-1.0352361811023623
21
0.045578031496063
0
LINE
8
BLACK
6
CONTINUOUS
10
-1.0352361811023623
20
0.045578031496063
11
-1.0352362598425198
21
0.045578031496063
0
LINE
8
BLACK
6
CONTINUOUS
10
-1.0352362598425198
20
0.045578031496063
11
-1.0414078346456692
21
0.0447655511811024
0
LINE
8
BLACK
6
CONTINUOUS
10
-1.0414078346456692
20
0.0447655511811024
11
-1.0414081496062992
21
0.0447654724409449
0
LINE
8
BLACK
6
CONTINUOUS
10
-1.0414081496062992
20
0.0447654724409449
11
-1.04731031496063
21
0.0423207086614173
0
LINE
8
BLACK
6
CONTINUOUS
10
-1.04731031496063
20
0.0423207086614173
11
-1.0497117322834646
21
0.0421316929133858
0
LINE
8
BLACK
6
CONTINUOUS
10
-1.0497117322834646
20
0.0421316929133858
11
-1.0517656299212599
21
0.0433903543307087
0
LINE
8
BLACK
6
CONTINUOUS
10
-1.0517656299212599
20
0.0433903543307087
11
-1.0526874803149606
21
0.0456158661417323
0
LINE
8
BLACK
6
CONTINUOUS
10
-1.0526874803149606
20
0.0456158661417323
11
-1.0526994881889764
21
0.0459216535433071
0
LINE
8
BLACK
6
CONTINUOUS
10
-1.0526994881889764
20
0.0459216535433071
11
-1.0526994881889764
21
0.0466475196850394
0
LINE
8
BLACK
6
CONTINUOUS
10
-1.0526994881889764
20
0.0466475196850394
11
-1.0526995275590552
21
0.0466482283464567
0
LINE
8
BLACK
6
CONTINUOUS
10
-1.0526995275590552
20
0.0466482283464567
11
-1.0526995275590552
21
0.2118627952755905
0
LINE
8
BLACK
6
CONTINUOUS
10
-1.0526995275590552
20
0.2118627952755905
11
-1.051955157480315
21
0.214153779527559
0
LINE
8
BLACK
6
CONTINUOUS
10
-1.051955157480315
20
0.214153779527559
11
-1.0518940551181102
21
0.2142355511811024
0
LINE
8
BLACK
6
CONTINUOUS
10
-1.0518940551181102
20
0.2142355511811024
11
-1.0505811417322835
21
0.2159465748031496
0
LINE
8
BLACK
6
CONTINUOUS
10
-1.0505811417322835
20
0.2159465748031496
11
-1.0502151181102362
21
0.2164235826771654
0
LINE
8
BLACK
6
CONTINUOUS
10
-1.0502151181102362
20
0.2164235826771654
11
-1.0478329133858268
21
0.2221747244094488
0
LINE
8
BLACK
6
CONTINUOUS
10
-1.0478329133858268
20
0.2221747244094488
11
-1.0470203937007874
21
0.2283464566929134
0
LINE
8
BLACK
6
CONTINUOUS
10
-1.0470203937007874
20
0.2283464566929134
11
-1.0478329133858268
21
0.2345181889763779
0
LINE
8
BLACK
6
CONTINUOUS
10
-1.0478329133858268
20
0.2345181889763779
11
-1.0502150787401574
21
0.2402692519685039
0
LINE
8
BLACK
6
CONTINUOUS
10
-1.0502150787401574
20
0.2402692519685039
11
-1.0502150787401574
21
0.2402692913385827
0
LINE
8
BLACK
6
CONTINUOUS
10
-1.0502150787401574
20
0.2402692913385827
11
-1.0540044881889763
21
0.2452077559055118
0
LINE
8
BLACK
6
CONTINUOUS
10
-1.0540044881889763
20
0.2452077559055118
11
-1.054004527559055
21
0.2452077952755906
0
LINE
8
BLACK
6
CONTINUOUS
10
-1.054004527559055
20
0.2452077952755906
11
-1.0540046456692913
21
0.2452079527559055
0
LINE
8
BLACK
6
CONTINUOUS
10
-1.0540046456692913
20
0.2452079527559055
11
-1.0540048425196851
21
0.2452081102362205
0
LINE
8
BLACK
6
CONTINUOUS
10
-1.0540048425196851
20
0.2452081102362205
11
-1.0540048818897638
21
0.2452081496062992
0
LINE
8
BLACK
6
CONTINUOUS
10
-1.0540048818897638
20
0.2452081496062992
11
-1.0589433858267716
21
0.2489975590551181
0
LINE
8
BLACK
6
CONTINUOUS
10
-1.0589433858267716
20
0.2489975590551181
11
-1.0646942519685039
21
0.2513796456692913
0
LINE
8
BLACK
6
CONTINUOUS
10
-1.0646942519685039
20
0.2513796456692913
11
-1.0646945669291339
21
0.2513797244094488
0
LINE
8
BLACK
6
CONTINUOUS
10
-1.0646945669291339
20
0.2513797244094488
11
-1.0708661023622048
21
0.2521922047244095
0
LINE
8
BLACK
6
CONTINUOUS
10
-1.0708661023622048
20
0.2521922047244095
11
-1.0708661811023621
21
0.2521922047244095
0
LINE
8
BLACK
6
CONTINUOUS
10
-1.0708661811023621
20
0.2521922047244095
11
-1.0770377559055118
21
0.2513797244094488
0
LINE
8
BLACK
6
CONTINUOUS
10
-1.0770377559055118
20
0.2513797244094488
11
-1.0770380708661418
21
0.2513796456692913
0
LINE
8
BLACK
6
CONTINUOUS
10
-1.0770380708661418
20
0.2513796456692913
11
-1.082788937007874
21
0.2489975590551181
0
LINE
8
BLACK
6
CONTINUOUS
10
-1.082788937007874
20
0.2489975590551181
11
-1.0827889763779528
21
0.2489975590551181
0
LINE
8
BLACK
6
CONTINUOUS
10
-1.0827889763779528
20
0.2489975590551181
11
-1.0877274409448818
21
0.2452081496062992
0
LINE
8
BLACK
6
CONTINUOUS
10
-1.0877274409448818
20
0.2452081496062992
11
-1.0877278346456694
21
0.2452077559055118
0
LINE
8
BLACK
6
CONTINUOUS
10
-1.0877278346456694
20
0.2452077559055118
11
-1.0915172440944882
21
0.2402692913385827
0
LINE
8
BLACK
6
CONTINUOUS
10
-1.0915172440944882
20
0.2402692913385827
11
-1.0915172440944882
21
0.2402692519685039
0
LINE
8
BLACK
6
CONTINUOUS
10
-1.0915172440944882
20
0.2402692519685039
11
-1.0938993307086613
21
0.2345183858267716
0
LINE
8
BLACK
6
CONTINUOUS
10
-1.0938993307086613
20
0.2345183858267716
11
-1.0938994094488188
21
0.2345180708661417
0
LINE
8
BLACK
6
CONTINUOUS
10
-1.0938994094488188
20
0.2345180708661417
11
-1.0947118897637795
21
0.2283464960629921
0
LINE
8
BLACK
6
CONTINUOUS
10
-1.0947118897637795
20
0.2283464960629921
11
-1.0947118897637795
21
0.2283464566929134
0
LINE
8
BLACK
6
CONTINUOUS
10
-1.0947118897637795
20
0.2283464566929134
11
-1.0938994094488188
21
0.2221748818897638
0
LINE
8
BLACK
6
CONTINUOUS
10
-1.0938994094488188
20
0.2221748818897638
11
-1.0938993307086613
21
0.2221745669291338
0
LINE
8
BLACK
6
CONTINUOUS
10
-1.0938993307086613
20
0.2221745669291338
11
-1.0915172440944882
21
0.2164237007874016
0
LINE
8
BLACK
6
CONTINUOUS
10
-1.0915172440944882
20
0.2164237007874016
11
-1.0915172440944882
21
0.2164236614173228
0
LINE
8
BLACK
6
CONTINUOUS
10
-1.0915172440944882
20
0.2164236614173228
11
-1.088017559055118
21
0.2118627952755905
0
LINE
8
BLACK
6
CONTINUOUS
10
-1.088017559055118
20
0.2118627952755905
11
-1.0877276377952756
21
0.2114849606299213
0
LINE
8
BLACK
6
CONTINUOUS
10
-1.0877276377952756
20
0.2114849606299213
11
-1.0877274803149606
21
0.211484842519685
0
LINE
8
BLACK
6
CONTINUOUS
10
-1.0877274803149606
20
0.211484842519685
11
-1.0877274409448818
21
0.2114848031496063
0
LINE
8
BLACK
6
CONTINUOUS
10
-1.0877274409448818
20
0.2114848031496063
11
-1.0827890944881891
21
0.2076954724409449
0
LINE
8
BLACK
6
CONTINUOUS
10
-1.0827890944881891
20
0.2076954724409449
11
-1.0827890551181103
21
0.2076954724409449
0
LINE
8
BLACK
6
CONTINUOUS
10
-1.0827890551181103
20
0.2076954724409449
11
-1.0827890157480315
21
0.2076954330708661
0
LINE
8
BLACK
6
CONTINUOUS
10
-1.0827890157480315
20
0.2076954330708661
11
-1.0807355118110236
21
0.2068448818897638
0
LINE
8
BLACK
6
CONTINUOUS
10
-1.0807355118110236
20
0.2068448818897638
11
-1.0789038188976379
21
0.2052804724409449
0
LINE
8
BLACK
6
CONTINUOUS
10
-1.0789038188976379
20
0.2052804724409449
11
-1.0783294488188977
21
0.203243937007874
0
LINE
8
BLACK
6
CONTINUOUS
10
-1.0783294488188977
20
0.203243937007874
11
-1.0783294488188977
21
0.0516443700787402
0
LINE
8
BLACK
6
CONTINUOUS
10
-1.0783294488188977
20
0.0516443700787402
11
-1.0790738188976379
21
0.0493533858267717
0
LINE
8
BLACK
6
CONTINUOUS
10
-1.0790738188976379
20
0.0493533858267717
11
-1.0794710236220473
21
0.0488883070866142
0
LINE
8
BLACK
6
CONTINUOUS
10
-1.0794710236220473
20
0.0488883070866142
11
-1.1254737795275591
21
0.0028855905511811
0
LINE
8
BLACK
6
CONTINUOUS
10
-1.1254737795275591
20
0.0028855905511811
11
-1.1276201181102361
21
0.0017920078740157
0
LINE
8
BLACK
6
CONTINUOUS
10
-1.1276201181102361
20
0.0017920078740157
11
-1.1287385826771654
21
0.0017773622047244
0
LINE
8
BLACK
6
CONTINUOUS
10
-1.1287385826771654
20
0.0017773622047244
11
-1.1318897244094488
21
0.0021922047244094
0
LINE
8
BLACK
6
CONTINUOUS
10
-1.1318897244094488
20
0.0021922047244094
11
-1.1318898031496063
21
0.0021922047244094
0
LINE
8
BLACK
6
CONTINUOUS
10
-1.1318898031496063
20
0.0021922047244094
11
-1.138061377952756
21
0.0013797244094488
0
LINE
8
BLACK
6
CONTINUOUS
10
-1.138061377952756
20
0.0013797244094488
11
-1.1380616929133858
21
0.0013796456692913
0
LINE
8
BLACK
6
CONTINUOUS
10
-1.1380616929133858
20
0.0013796456692913
11
-1.143812559055118
21
-0.0010024409448819
0
LINE
8
BLACK
6
CONTINUOUS
10
-1.143812559055118
20
-0.0010024409448819
11
-1.1438125984251968
21
-0.0010024409448819
0
LINE
8
BLACK
6
CONTINUOUS
10
-1.1438125984251968
20
-0.0010024409448819
11
-1.148751062992126
21
-0.0047918503937008
0
LINE
8
BLACK
6
CONTINUOUS
10
-1.148751062992126
20
-0.0047918503937008
11
-1.1487514566929133
21
-0.0047922440944882
0
LINE
8
BLACK
6
CONTINUOUS
10
-1.1487514566929133
20
-0.0047922440944882
11
-1.1525408661417322
21
-0.0097307086614173
0
LINE
8
BLACK
6
CONTINUOUS
10
-1.1525408661417322
20
-0.0097307086614173
11
-1.1525408661417322
21
-0.0097307480314961
0
LINE
8
BLACK
6
CONTINUOUS
10
-1.1525408661417322
20
-0.0097307480314961
11
-1.1549229527559055
21
-0.0154816141732283
0
LINE
8
BLACK
6
CONTINUOUS
10
-1.1549229527559055
20
-0.0154816141732283
11
-1.154923031496063
21
-0.0154819291338583
0
LINE
8
BLACK
6
CONTINUOUS
10
-1.154923031496063
20
-0.0154819291338583
11
-1.1557355118110235
21
-0.0216535039370079
0
LINE
8
BLACK
6
CONTINUOUS
10
-1.1557355118110235
20
-0.0216535039370079
11
-1.1557355118110235
21
-0.0216535433070866
0
LINE
8
BLACK
6
CONTINUOUS
10
-1.1557355118110235
20
-0.0216535433070866
11
-1.154923031496063
21
-0.0278251181102362
0
LINE
8
BLACK
6
CONTINUOUS
10
-1.154923031496063
20
-0.0278251181102362
11
-1.1549229527559055
21
-0.0278254330708661
0
LINE
8
BLACK
6
CONTINUOUS
10
-1.1549229527559055
20
-0.0278254330708661
11
-1.1525408661417322
21
-0.0335762992125984
0
LINE
8
BLACK
6
CONTINUOUS
10
-1.1525408661417322
20
-0.0335762992125984
11
-1.1525408661417322
21
-0.0335763385826772
0
LINE
8
BLACK
6
CONTINUOUS
10
-1.1525408661417322
20
-0.0335763385826772
11
-1.1488032283464567
21
-0.0384473228346457
0
LINE
8
BLACK
6
CONTINUOUS
10
-1.1488032283464567
20
-0.0384473228346457
11
-1.1487512598425196
21
-0.0385150393700787
0
LINE
8
BLACK
6
CONTINUOUS
10
-1.1487512598425196
20
-0.0385150393700787
11
-1.1438126377952755
21
-0.0423045669291339
0
LINE
8
BLACK
6
CONTINUOUS
10
-1.1438126377952755
20
-0.0423045669291339
11
-1.138061496062992
21
-0.0446867716535433
0
LINE
8
BLACK
6
CONTINUOUS
10
-1.138061496062992
20
-0.0446867716535433
11
-1.133432716535433
21
-0.0452961417322835
0
LINE
8
BLACK
6
CONTINUOUS
10
-1.133432716535433
20
-0.0452961417322835
11
-1.1318898031496063
21
-0.0454992913385827
0
LINE
8
BLACK
6
CONTINUOUS
10
-1.1318898031496063
20
-0.0454992913385827
11
-1.1318897637795275
21
-0.0454992913385827
0
LINE
8
BLACK
6
CONTINUOUS
10
-1.1318897637795275
20
-0.0454992913385827
11
-1.1318897244094488
21
-0.0454992913385827
0
LINE
8
BLACK
6
CONTINUOUS
10
-1.1318897244094488
20
-0.0454992913385827
11
-1.130655433070866
21
-0.0453367716535433
0
LINE
8
BLACK
6
CONTINUOUS
10
-1.130655433070866
20
-0.0453367716535433
11
-1.1257180314960629
21
-0.0446867716535433
0
LINE
8
BLACK
6
CONTINUOUS
10
-1.1257180314960629
20
-0.0446867716535433
11
-1.1199668897637796
21
-0.0423045669291339
0
LINE
8
BLACK
6
CONTINUOUS
10
-1.1199668897637796
20
-0.0423045669291339
11
-1.1150282677165355
21
-0.0385150393700787
0
LINE
8
BLACK
6
CONTINUOUS
10
-1.1150282677165355
20
-0.0385150393700787
11
-1.1112387401574804
21
-0.0335764173228346
0
LINE
8
BLACK
6
CONTINUOUS
10
-1.1112387401574804
20
-0.0335764173228346
11
-1.1088565354330708
21
-0.0278252755905512
0
LINE
8
BLACK
6
CONTINUOUS
10
-1.1088565354330708
20
-0.0278252755905512
11
-1.1080440157480316
21
-0.0216535433070866
0
LINE
8
BLACK
6
CONTINUOUS
10
-1.1080440157480316
20
-0.0216535433070866
11
-1.1084589370078739
21
-0.0185022047244094
0
LINE
8
BLACK
6
CONTINUOUS
10
-1.1084589370078739
20
-0.0185022047244094
11
-1.10802
21
-0.0161338188976378
0
LINE
8
BLACK
6
CONTINUOUS
10
-1.10802
20
-0.0161338188976378
11
-1.1073508267716534
21
-0.0152375984251968
0
LINE
8
BLACK
6
CONTINUOUS
10
-1.1073508267716534
20
-0.0152375984251968
11
-1.0654879133858268
21
0.0266253149606299
0
LINE
8
BLACK
6
CONTINUOUS
10
-1.0654879133858268
20
0.0266253149606299
11
-1.0633416535433071
21
0.0277188188976378
0
LINE
8
BLACK
6
CONTINUOUS
10
-1.0633416535433071
20
0.0277188188976378
11
-1.0609624409448819
21
0.0273420078740157
0
LINE
8
BLACK
6
CONTINUOUS
10
-1.0609624409448819
20
0.0273420078740157
11
-1.059259094488189
21
0.0256386614173228
0
LINE
8
BLACK
6
CONTINUOUS
10
-1.059259094488189
20
0.0256386614173228
11
-1.0588676377952755
21
0.0233604724409449
0
LINE
8
BLACK
6
CONTINUOUS
10
-1.0588676377952755
20
0.0233604724409449
11
-1.059081968503937
21
0.0217324015748031
0
LINE
8
BLACK
6
CONTINUOUS
10
-1.059081968503937
20
0.0217324015748031
11
-1.059081968503937
21
0.0217322834645669
0
LINE
8
BLACK
6
CONTINUOUS
10
-1.059081968503937
20
0.0217322834645669
11
-1.0586671259842519
21
0.0185811417322835
0
LINE
8
BLACK
6
CONTINUOUS
10
-1.0586671259842519
20
0.0185811417322835
11
-1.0591061023622046
21
0.0162125984251969
0
LINE
8
BLACK
6
CONTINUOUS
10
-1.0591061023622046
20
0.0162125984251969
11
-1.0597753543307087
21
0.0153163779527559
0
LINE
8
BLACK
6
CONTINUOUS
10
-1.0597753543307087
20
0.0153163779527559
11
-1.0786700393700788
21
-0.0035783858267717
0
LINE
8
BLACK
6
CONTINUOUS
10
-1.0786700393700788
20
-0.0035783858267717
11
-1.0786701968503938
21
-0.0035785826771654
0
LINE
8
BLACK
6
CONTINUOUS
10
-1.0786701968503938
20
-0.0035785826771654
11
-1.0803570866141732
21
-0.0065003543307087
0
LINE
8
BLACK
6
CONTINUOUS
10
-1.0803570866141732
20
-0.0065003543307087
11
-1.0803571653543307
21
-0.0065005118110236
0
LINE
8
BLACK
6
CONTINUOUS
10
-1.0803571653543307
20
-0.0065005118110236
11
-1.0803571653543307
21
-0.0065005905511811
0
LINE
8
BLACK
6
CONTINUOUS
10
-1.0803571653543307
20
-0.0065005905511811
11
-1.0809567322834646
21
-0.008738188976378
0
LINE
8
BLACK
6
CONTINUOUS
10
-1.0809567322834646
20
-0.008738188976378
11
-1.0809567716535433
21
-0.0087382283464567
0
LINE
8
BLACK
6
CONTINUOUS
10
-1.0809567716535433
20
-0.0087382283464567
11
-1.0812304724409449
21
-0.0097597244094488
0
LINE
8
BLACK
6
CONTINUOUS
10
-1.0812304724409449
20
-0.0097597244094488
11
-1.0812304724409449
21
-0.0179993700787402
0
LINE
8
BLACK
6
CONTINUOUS
10
-1.0812304724409449
20
-0.0179993700787402
11
-1.0819748425196851
21
-0.0202903543307087
0
LINE
8
BLACK
6
CONTINUOUS
10
-1.0819748425196851
20
-0.0202903543307087
11
-1.0827553543307087
21
-0.0210915748031496
0
LINE
8
BLACK
6
CONTINUOUS
10
-1.0827553543307087
20
-0.0210915748031496
11
-1.0852770078740157
21
-0.0230264960629921
0
LINE
8
BLACK
6
CONTINUOUS
10
-1.0852770078740157
20
-0.0230264960629921
11
-1.0890666141732284
21
-0.0279651968503937
0
LINE
8
BLACK
6
CONTINUOUS
10
-1.0890666141732284
20
-0.0279651968503937
11
-1.0890666141732284
21
-0.0279652362204724
0
LINE
8
BLACK
6
CONTINUOUS
10
-1.0890666141732284
20
-0.0279652362204724
11
-1.0914487007874016
21
-0.0337161023622047
0
LINE
8
BLACK
6
CONTINUOUS
10
-1.0914487007874016
20
-0.0337161023622047
11
-1.0914487795275589
21
-0.0337164173228346
0
LINE
8
BLACK
6
CONTINUOUS
10
-1.0914487795275589
20
-0.0337164173228346
11
-1.0922612598425196
21
-0.0398879921259842
0
LINE
8
BLACK
6
CONTINUOUS
10
-1.0922612598425196
20
-0.0398879921259842
11
-1.0922612598425196
21
-0.039888031496063
0
LINE
8
BLACK
6
CONTINUOUS
10
-1.0922612598425196
20
-0.039888031496063
11
-1.0914487795275589
21
-0.0460596062992126
0
LINE
8
BLACK
6
CONTINUOUS
10
-1.0914487795275589
20
-0.0460596062992126
11
-1.0914487007874016
21
-0.0460599212598425
0
LINE
8
BLACK
6
CONTINUOUS
10
-1.0914487007874016
20
-0.0460599212598425
11
-1.0890666141732284
21
-0.0518107874015748
0
LINE
8
BLACK
6
CONTINUOUS
10
-1.0890666141732284
20
-0.0518107874015748
11
-1.0890666141732284
21
-0.0518108267716535
0
LINE
8
BLACK
6
CONTINUOUS
10
-1.0890666141732284
20
-0.0518108267716535
11
-1.0852772047244095
21
-0.0567492913385827
0
LINE
8
BLACK
6
CONTINUOUS
10
-1.0852772047244095
20
-0.0567492913385827
11
-1.0852770078740157
21
-0.0567495275590551
0
LINE
8
BLACK
6
CONTINUOUS
10
-1.0852770078740157
20
-0.0567495275590551
11
-1.0803383858267717
21
-0.0605390551181102
0
LINE
8
BLACK
6
CONTINUOUS
10
-1.0803383858267717
20
-0.0605390551181102
11
-1.0761907086614173
21
-0.0622570472440945
0
LINE
8
BLACK
6
CONTINUOUS
10
-1.0761907086614173
20
-0.0622570472440945
11
-1.0743590157480314
21
-0.0638214566929134
0
LINE
8
BLACK
6
CONTINUOUS
10
-1.0743590157480314
20
-0.0638214566929134
11
-1.073796653543307
21
-0.0661637795275591
0
LINE
8
BLACK
6
CONTINUOUS
10
-1.073796653543307
20
-0.0661637795275591
11
-1.0747184645669292
21
-0.0683892913385827
0
LINE
8
BLACK
6
CONTINUOUS
10
-1.0747184645669292
20
-0.0683892913385827
11
-1.074926220472441
21
-0.0686140551181102
0
LINE
8
BLACK
6
CONTINUOUS
10
-1.074926220472441
20
-0.0686140551181102
11
-1.0879515748031496
21
-0.0816394094488189
0
LINE
8
BLACK
6
CONTINUOUS
10
-1.0879515748031496
20
-0.0816394094488189
11
-1.0900979133858268
21
-0.0827329921259843
0
LINE
8
BLACK
6
CONTINUOUS
10
-1.0900979133858268
20
-0.0827329921259843
11
-1.0924771259842518
21
-0.0823561811023622
0
LINE
8
BLACK
6
CONTINUOUS
10
-1.0924771259842518
20
-0.0823561811023622
11
-1.0934637007874015
21
-0.0816393700787402
0
LINE
8
BLACK
6
CONTINUOUS
10
-1.0934637007874015
20
-0.0816393700787402
11
-1.1070898425196851
21
-0.068013188976378
0
LINE
8
BLACK
6
CONTINUOUS
10
-1.1070898425196851
20
-0.068013188976378
11
-1.1070900393700787
21
-0.068013031496063
0
LINE
8
BLACK
6
CONTINUOUS
10
-1.1070900393700787
20
-0.068013031496063
11
-1.1100118897637794
21
-0.0663261023622047
0
LINE
8
BLACK
6
CONTINUOUS
10
-1.1100118897637794
20
-0.0663261023622047
11
-1.1100118110236221
21
-0.0663261023622047
0
LINE
8
BLACK
6
CONTINUOUS
10
-1.1100118110236221
20
-0.0663261023622047
11
-1.1112764960629922
21
-0.0659872440944882
0
LINE
8
BLACK
6
CONTINUOUS
10
-1.1112764960629922
20
-0.0659872440944882
11
-1.1132712992125984
21
-0.0654527559055118
0
LINE
8
BLACK
6
CONTINUOUS
10
-1.1132712992125984
20
-0.0654527559055118
11
-1.1132713779527559
21
-0.0654527559055118
0
LINE
8
BLACK
6
CONTINUOUS
10
-1.1132713779527559
20
-0.0654527559055118
11
-1.1183476377952755
21
-0.0654527559055118
0
LINE
8
BLACK
6
CONTINUOUS
10
-1.1183476377952755
20
-0.0654527559055118
11
-1.120638622047244
21
-0.0647083858267717
0
LINE
8
BLACK
6
CONTINUOUS
10
-1.120638622047244
20
-0.0647083858267717
11
-1.121439842519685
21
-0.0639278346456693
0
LINE
8
BLACK
6
CONTINUOUS
10
-1.121439842519685
20
-0.0639278346456693
11
-1.1216392125984251
21
-0.063668031496063
0
LINE
8
BLACK
6
CONTINUOUS
10
-1.1216392125984251
20
-0.063668031496063
11
-1.1233747244094487
21
-0.0614062204724409
0
LINE
8
BLACK
6
CONTINUOUS
10
-1.1233747244094487
20
-0.0614062204724409
11
-1.1233749212598425
21
-0.061406062992126
0
LINE
8
BLACK
6
CONTINUOUS
10
-1.1233749212598425
20
-0.061406062992126
11
-1.1233749606299213
21
-0.0614060236220472
0
LINE
8
BLACK
6
CONTINUOUS
10
-1.1233749606299213
20
-0.0614060236220472
11
-1.128313464566929
21
-0.0576166141732283
0
LINE
8
BLACK
6
CONTINUOUS
10
-1.128313464566929
20
-0.0576166141732283
11
-1.1340643307086613
21
-0.0552345275590551
0
LINE
8
BLACK
6
CONTINUOUS
10
-1.1340643307086613
20
-0.0552345275590551
11
-1.1340646456692913
21
-0.0552344488188976
0
LINE
8
BLACK
6
CONTINUOUS
10
-1.1340646456692913
20
-0.0552344488188976
11
-1.1402361811023622
21
-0.054421968503937
0
LINE
8
BLACK
6
CONTINUOUS
10
-1.1402361811023622
20
-0.054421968503937
11
-1.1402362598425198
21
-0.054421968503937
0
LINE
8
BLACK
6
CONTINUOUS
10
-1.1402362598425198
20
-0.054421968503937
11
-1.1464078346456692
21
-0.0552344488188976
0
LINE
8
BLACK
6
CONTINUOUS
10
-1.1464078346456692
20
-0.0552344488188976
11
-1.1464081496062992
21
-0.0552345275590551
0
LINE
8
BLACK
6
CONTINUOUS
10
-1.1464081496062992
20
-0.0552345275590551
11
-1.1521590157480315
21
-0.0576166141732283
0
LINE
8
BLACK
6
CONTINUOUS
10
-1.1521590157480315
20
-0.0576166141732283
11
-1.1521590551181102
21
-0.0576166141732283
0
LINE
8
BLACK
6
CONTINUOUS
10
-1.1521590551181102
20
-0.0576166141732283
11
-1.1570975196850393
21
-0.0614060236220472
0
LINE
8
BLACK
6
CONTINUOUS
10
-1.1570975196850393
20
-0.0614060236220472
11
-1.1570979133858268
21
-0.0614064173228346
0
LINE
8
BLACK
6
CONTINUOUS
10
-1.1570979133858268
20
-0.0614064173228346
11
-1.1608873228346457
21
-0.0663448818897638
0
LINE
8
BLACK
6
CONTINUOUS
10
-1.1608873228346457
20
-0.0663448818897638
11
-1.1608873228346457
21
-0.0663449212598425
0
LINE
8
BLACK
6
CONTINUOUS
10
-1.1608873228346457
20
-0.0663449212598425
11
-1.163269409448819
21
-0.0720957874015748
0
LINE
8
BLACK
6
CONTINUOUS
10
-1.163269409448819
20
-0.0720957874015748
11
-1.1632694881889762
21
-0.0720961023622047
0
LINE
8
BLACK
6
CONTINUOUS
10
-1.1632694881889762
20
-0.0720961023622047
11
-1.164081968503937
21
-0.0782676771653543
0
LINE
8
BLACK
6
CONTINUOUS
10
-1.164081968503937
20
-0.0782676771653543
11
-1.164081968503937
21
-0.0782677165354331
0
LINE
8
BLACK
6
CONTINUOUS
10
0.3048944094488189
20
0.4232283464566929
11
0.3057068897637795
21
0.4170567716535433
0
LINE
8
BLACK
6
CONTINUOUS
10
0.3057068897637795
20
0.4170567716535433
11
0.305706968503937
21
0.4170564566929134
0
LINE
8
BLACK
6
CONTINUOUS
10
0.305706968503937
20
0.4170564566929134
11
0.3080890551181102
21
0.4113055905511811
0
LINE
8
BLACK
6
CONTINUOUS
10
0.3080890551181102
20
0.4113055905511811
11
0.3080890551181102
21
0.4113055511811023
0
LINE
8
BLACK
6
CONTINUOUS
10
0.3080890551181102
20
0.4113055511811023
11
0.3118784645669291
21
0.4063670866141732
0
LINE
8
BLACK
6
CONTINUOUS
10
0.3118784645669291
20
0.4063670866141732
11
0.3118786614173228
21
0.4063668503937008
0
LINE
8
BLACK
6
CONTINUOUS
10
0.3118786614173228
20
0.4063668503937008
11
0.3168172834645669
21
0.4025773228346456
0
LINE
8
BLACK
6
CONTINUOUS
10
0.3168172834645669
20
0.4025773228346456
11
0.3225684251968504
21
0.4001951181102362
0
LINE
8
BLACK
6
CONTINUOUS
10
0.3225684251968504
20
0.4001951181102362
11
0.3287401574803149
21
0.3993825984251969
0
LINE
8
BLACK
6
CONTINUOUS
10
0.3287401574803149
20
0.3993825984251969
11
0.3318913779527559
21
0.3997975196850393
0
LINE
8
BLACK
6
CONTINUOUS
10
0.3318913779527559
20
0.3997975196850393
11
0.3342597637795275
21
0.3993585826771653
0
LINE
8
BLACK
6
CONTINUOUS
10
0.3342597637795275
20
0.3993585826771653
11
0.3351561023622047
21
0.3986892913385827
0
LINE
8
BLACK
6
CONTINUOUS
10
0.3351561023622047
20
0.3986892913385827
11
0.3502166929133858
21
0.3836287007874016
0
LINE
8
BLACK
6
CONTINUOUS
10
0.3502166929133858
20
0.3836287007874016
11
0.3513102755905512
21
0.3814823622047244
0
LINE
8
BLACK
6
CONTINUOUS
10
0.3513102755905512
20
0.3814823622047244
11
0.3513582677165354
21
0.3808726377952756
0
LINE
8
BLACK
6
CONTINUOUS
10
0.3513582677165354
20
0.3808726377952756
11
0.3513582677165354
21
0.1340933858267717
0
LINE
8
BLACK
6
CONTINUOUS
10
0.3513582677165354
20
0.1340933858267717
11
0.3506138976377953
21
0.1318024015748031
0
LINE
8
BLACK
6
CONTINUOUS
10
0.3506138976377953
20
0.1318024015748031
11
0.3498333858267716
21
0.1310011811023622
0
LINE
8
BLACK
6
CONTINUOUS
10
0.3498333858267716
20
0.1310011811023622
11
0.3473117322834646
21
0.1290662598425197
0
LINE
8
BLACK
6
CONTINUOUS
10
0.3473117322834646
20
0.1290662598425197
11
0.343522125984252
21
0.1241275590551181
0
LINE
8
BLACK
6
CONTINUOUS
10
0.343522125984252
20
0.1241275590551181
11
0.343522125984252
21
0.1241275196850394
0
LINE
8
BLACK
6
CONTINUOUS
10
0.343522125984252
20
0.1241275196850394
11
0.3411400393700788
21
0.1183766535433071
0
LINE
8
BLACK
6
CONTINUOUS
10
0.3411400393700788
20
0.1183766535433071
11
0.3411399606299212
21
0.1183763385826772
0
LINE
8
BLACK
6
CONTINUOUS
10
0.3411399606299212
20
0.1183763385826772
11
0.3403274803149606
21
0.1122047637795276
0
LINE
8
BLACK
6
CONTINUOUS
10
0.3403274803149606
20
0.1122047637795276
11
0.3403274803149606
21
0.1122047244094488
0
LINE
8
BLACK
6
CONTINUOUS
10
0.3403274803149606
20
0.1122047244094488
11
0.3411399606299212
21
0.1060331496062992
0
LINE
8
BLACK
6
CONTINUOUS
10
0.3411399606299212
20
0.1060331496062992
11
0.3411400393700788
21
0.1060328346456693
0
LINE
8
BLACK
6
CONTINUOUS
10
0.3411400393700788
20
0.1060328346456693
11
0.343522125984252
21
0.100281968503937
0
LINE
8
BLACK
6
CONTINUOUS
10
0.343522125984252
20
0.100281968503937
11
0.343522125984252
21
0.1002819291338583
0
LINE
8
BLACK
6
CONTINUOUS
10
0.343522125984252
20
0.1002819291338583
11
0.3473115354330709
21
0.0953434645669291
0
LINE
8
BLACK
6
CONTINUOUS
10
0.3473115354330709
20
0.0953434645669291
11
0.3473117322834646
21
0.0953432283464567
0
LINE
8
BLACK
6
CONTINUOUS
10
0.3473117322834646
20
0.0953432283464567
11
0.3522503543307087
21
0.0915537007874016
0
LINE
8
BLACK
6
CONTINUOUS
10
0.3522503543307087
20
0.0915537007874016
11
0.3580014960629921
21
0.0891714960629921
0
LINE
8
BLACK
6
CONTINUOUS
10
0.3580014960629921
20
0.0891714960629921
11
0.3626302755905512
21
0.088562125984252
0
LINE
8
BLACK
6
CONTINUOUS
10
0.3626302755905512
20
0.088562125984252
11
0.364173188976378
21
0.0883589763779528
0
LINE
8
BLACK
6
CONTINUOUS
10
0.364173188976378
20
0.0883589763779528
11
0.3641732283464567
21
0.0883589763779528
0
LINE
8
BLACK
6
CONTINUOUS
10
0.3641732283464567
20
0.0883589763779528
11
0.3641732677165354
21
0.0883589763779528
0
LINE
8
BLACK
6
CONTINUOUS
10
0.3641732677165354
20
0.0883589763779528
11
0.3654075590551181
21
0.0885214960629921
0
LINE
8
BLACK
6
CONTINUOUS
10
0.3654075590551181
20
0.0885214960629921
11
0.3703449606299212
21
0.0891714960629921
0
LINE
8
BLACK
6
CONTINUOUS
10
0.3703449606299212
20
0.0891714960629921
11
0.3760961023622047
21
0.0915537007874016
0
LINE
8
BLACK
6
CONTINUOUS
10
0.3760961023622047
20
0.0915537007874016
11
0.3810347244094488
21
0.0953432283464567
0
LINE
8
BLACK
6
CONTINUOUS
10
0.3810347244094488
20
0.0953432283464567
11
0.3848242519685039
21
0.1002818503937008
0
LINE
8
BLACK
6
CONTINUOUS
10
0.3848242519685039
20
0.1002818503937008
11
0.3872064566929134
21
0.1060329921259842
0
LINE
8
BLACK
6
CONTINUOUS
10
0.3872064566929134
20
0.1060329921259842
11
0.3880189763779527
21
0.1122047244094488
0
LINE
8
BLACK
6
CONTINUOUS
10
0.3880189763779527
20
0.1122047244094488
11
0.3878382677165354
21
0.1135772047244095
0
LINE
8
BLACK
6
CONTINUOUS
10
0.3878382677165354
20
0.1135772047244095
11
0.3878158267716535
21
0.1137476771653543
0
LINE
8
BLACK
6
CONTINUOUS
10
0.3878158267716535
20
0.1137476771653543
11
0.3872064566929134
21
0.1183764566929134
0
LINE
8
BLACK
6
CONTINUOUS
10
0.3872064566929134
20
0.1183764566929134
11
0.3848242913385826
21
0.1241275196850394
0
LINE
8
BLACK
6
CONTINUOUS
10
0.3848242913385826
20
0.1241275196850394
11
0.3848242913385826
21
0.1241275590551181
0
LINE
8
BLACK
6
CONTINUOUS
10
0.3848242913385826
20
0.1241275590551181
11
0.3811570866141732
21
0.1289067322834646
0
LINE
8
BLACK
6
CONTINUOUS
10
0.3811570866141732
20
0.1289067322834646
11
0.3810347244094488
21
0.1290662204724409
0
LINE
8
BLACK
6
CONTINUOUS
10
0.3810347244094488
20
0.1290662204724409
11
0.3785130708661417
21
0.1310011811023622
0
LINE
8
BLACK
6
CONTINUOUS
10
0.3785130708661417
20
0.1310011811023622
11
0.3771487007874016
21
0.1329864173228346
0
LINE
8
BLACK
6
CONTINUOUS
10
0.3771487007874016
20
0.1329864173228346
11
0.3769881889763779
21
0.1340933858267717
0
LINE
8
BLACK
6
CONTINUOUS
10
0.3769881889763779
20
0.1340933858267717
11
0.3769881889763779
21
0.3894823622047244
0
LINE
8
BLACK
6
CONTINUOUS
10
0.3769881889763779
20
0.3894823622047244
11
0.3769881889763779
21
0.3894824015748031
0
LINE
8
BLACK
6
CONTINUOUS
10
0.3769881889763779
20
0.3894824015748031
11
0.3761148818897638
21
0.3927416535433071
0
LINE
8
BLACK
6
CONTINUOUS
10
0.3761148818897638
20
0.3927416535433071
11
0.3761148818897638
21
0.3927416929133858
0
LINE
8
BLACK
6
CONTINUOUS
10
0.3761148818897638
20
0.3927416929133858
11
0.3761148818897638
21
0.3927417322834645
0
LINE
8
BLACK
6
CONTINUOUS
10
0.3761148818897638
20
0.3927417322834645
11
0.374427874015748
21
0.3956637007874015
0
LINE
8
BLACK
6
CONTINUOUS
10
0.374427874015748
20
0.3956637007874015
11
0.3744277952755906
21
0.395663779527559
0
LINE
8
BLACK
6
CONTINUOUS
10
0.3744277952755906
20
0.395663779527559
11
0.3744277559055118
21
0.3956638582677166
0
LINE
8
BLACK
6
CONTINUOUS
10
0.3744277559055118
20
0.3956638582677166
11
0.3532791338582677
21
0.4168124803149606
0
LINE
8
BLACK
6
CONTINUOUS
10
0.3532791338582677
20
0.4168124803149606
11
0.3521856299212598
21
0.4189587007874016
0
LINE
8
BLACK
6
CONTINUOUS
10
0.3521856299212598
20
0.4189587007874016
11
0.3521709842519685
21
0.420076968503937
0
LINE
8
BLACK
6
CONTINUOUS
10
0.3521709842519685
20
0.420076968503937
11
0.352585905511811
21
0.4232283464566929
0
LINE
8
BLACK
6
CONTINUOUS
10
0.352585905511811
20
0.4232283464566929
11
0.3517733858267716
21
0.4294000787401575
0
LINE
8
BLACK
6
CONTINUOUS
10
0.3517733858267716
20
0.4294000787401575
11
0.3493912204724409
21
0.4351511417322835
0
LINE
8
BLACK
6
CONTINUOUS
10
0.3493912204724409
20
0.4351511417322835
11
0.3493912204724409
21
0.4351511811023622
0
LINE
8
BLACK
6
CONTINUOUS
10
0.3493912204724409
20
0.4351511811023622
11
0.345601811023622
21
0.4400896456692913
0
LINE
8
BLACK
6
CONTINUOUS
10
0.345601811023622
20
0.4400896456692913
11
0.3456017716535433
21
0.4400896850393701
0
LINE
8
BLACK
6
CONTINUOUS
10
0.3456017716535433
20
0.4400896850393701
11
0.3456016535433071
21
0.440089842519685
0
LINE
8
BLACK
6
CONTINUOUS
10
0.3456016535433071
20
0.440089842519685
11
0.3456014566929134
21
0.44009
0
LINE
8
BLACK
6
CONTINUOUS
10
0.3456014566929134
20
0.44009
11
0.3456014173228346
21
0.4400900393700787
0
LINE
8
BLACK
6
CONTINUOUS
10
0.3456014173228346
20
0.4400900393700787
11
0.3406629133858268
21
0.4438794488188976
0
LINE
8
BLACK
6
CONTINUOUS
10
0.3406629133858268
20
0.4438794488188976
11
0.3349120472440945
21
0.4462615354330708
0
LINE
8
BLACK
6
CONTINUOUS
10
0.3349120472440945
20
0.4462615354330708
11
0.3349117322834645
21
0.4462616141732283
0
LINE
8
BLACK
6
CONTINUOUS
10
0.3349117322834645
20
0.4462616141732283
11
0.3287401968503937
21
0.447074094488189
0
LINE
8
BLACK
6
CONTINUOUS
10
0.3287401968503937
20
0.447074094488189
11
0.3287401181102362
21
0.447074094488189
0
LINE
8
BLACK
6
CONTINUOUS
10
0.3287401181102362
20
0.447074094488189
11
0.3225685433070866
21
0.4462616141732283
0
LINE
8
BLACK
6
CONTINUOUS
10
0.3225685433070866
20
0.4462616141732283
11
0.3225682283464567
21
0.4462615354330708
0
LINE
8
BLACK
6
CONTINUOUS
10
0.3225682283464567
20
0.4462615354330708
11
0.3168173622047244
21
0.4438794488188976
0
LINE
8
BLACK
6
CONTINUOUS
10
0.3168173622047244
20
0.4438794488188976
11
0.3168173228346456
21
0.4438794488188976
0
LINE
8
BLACK
6
CONTINUOUS
10
0.3168173228346456
20
0.4438794488188976
11
0.3118788582677166
21
0.4400900393700787
0
LINE
8
BLACK
6
CONTINUOUS
10
0.3118788582677166
20
0.4400900393700787
11
0.3118784645669291
21
0.4400896456692913
0
LINE
8
BLACK
6
CONTINUOUS
10
0.3118784645669291
20
0.4400896456692913
11
0.3080890551181102
21
0.4351511811023622
0
LINE
8
BLACK
6
CONTINUOUS
10
0.3080890551181102
20
0.4351511811023622
11
0.3080890551181102
21
0.4351511417322835
0
LINE
8
BLACK
6
CONTINUOUS
10
0.3080890551181102
20
0.4351511417322835
11
0.305706968503937
21
0.4294002755905512
0
LINE
8
BLACK
6
CONTINUOUS
10
0.305706968503937
20
0.4294002755905512
11
0.3057068897637795
21
0.4293999606299213
0
LINE
8
BLACK
6
CONTINUOUS
10
0.3057068897637795
20
0.4293999606299213
11
0.3048944094488189
21
0.4232283858267716
0
LINE
8
BLACK
6
CONTINUOUS
10
0.3048944094488189
20
0.4232283858267716
11
0.3048944094488189
21
0.4232283464566929
0
LINE
8
BLACK
6
CONTINUOUS
10
-0.602585905511811
20
0.1929133858267716
11
-0.6017734251968504
21
0.1867418110236221
0
LINE
8
BLACK
6
CONTINUOUS
10
-0.6017734251968504
20
0.1867418110236221
11
-0.6017733464566929
21
0.1867414960629921
0
LINE
8
BLACK
6
CONTINUOUS
10
-0.6017733464566929
20
0.1867414960629921
11
-0.5993912598425196
21
0.1809906299212598
0
LINE
8
BLACK
6
CONTINUOUS
10
-0.5993912598425196
20
0.1809906299212598
11
-0.5993912598425196
21
0.1809905905511811
0
LINE
8
BLACK
6
CONTINUOUS
10
-0.5993912598425196
20
0.1809905905511811
11
-0.5993911811023622
21
0.1809905118110236
0
LINE
8
BLACK
6
CONTINUOUS
10
-0.5993911811023622
20
0.1809905118110236
11
-0.5956016535433071
21
0.1760518897637795
0
LINE
8
BLACK
6
CONTINUOUS
10
-0.5956016535433071
20
0.1760518897637795
11
-0.590663031496063
21
0.1722623622047244
0
LINE
8
BLACK
6
CONTINUOUS
10
-0.590663031496063
20
0.1722623622047244
11
-0.5849118897637795
21
0.169880157480315
0
LINE
8
BLACK
6
CONTINUOUS
10
-0.5849118897637795
20
0.169880157480315
11
-0.5802831102362205
21
0.1692707874015748
0
LINE
8
BLACK
6
CONTINUOUS
10
-0.5802831102362205
20
0.1692707874015748
11
-0.5787401968503937
21
0.1690676377952756
0
LINE
8
BLACK
6
CONTINUOUS
10
-0.5787401968503937
20
0.1690676377952756
11
-0.5787401574803149
21
0.1690676377952756
0
LINE
8
BLACK
6
CONTINUOUS
10
-0.5787401574803149
20
0.1690676377952756
11
-0.5787401181102362
21
0.1690676377952756
0
LINE
8
BLACK
6
CONTINUOUS
10
-0.5787401181102362
20
0.1690676377952756
11
-0.5775058267716535
21
0.1692301574803149
0
LINE
8
BLACK
6
CONTINUOUS
10
-0.5775058267716535
20
0.1692301574803149
11
-0.5725684251968504
21
0.169880157480315
0
LINE
8
BLACK
6
CONTINUOUS
10
-0.5725684251968504
20
0.169880157480315
11
-0.5668172834645669
21
0.1722623622047244
0
LINE
8
BLACK
6
CONTINUOUS
10
-0.5668172834645669
20
0.1722623622047244
11
-0.5618786614173228
21
0.1760518897637795
0
LINE
8
BLACK
6
CONTINUOUS
10
-0.5618786614173228
20
0.1760518897637795
11
-0.5580891338582677
21
0.1809905118110236
0
LINE
8
BLACK
6
CONTINUOUS
10
-0.5580891338582677
20
0.1809905118110236
11
-0.5557069291338582
21
0.1867416535433071
0
LINE
8
BLACK
6
CONTINUOUS
10
-0.5557069291338582
20
0.1867416535433071
11
-0.5548944094488188
21
0.1929133858267716
0
LINE
8
BLACK
6
CONTINUOUS
10
-0.5548944094488188
20
0.1929133858267716
11
-0.5557069291338582
21
0.1990851181102362
0
LINE
8
BLACK
6
CONTINUOUS
10
-0.5557069291338582
20
0.1990851181102362
11
-0.5558577952755905
21
0.1994493700787401
0
LINE
8
BLACK
6
CONTINUOUS
10
-0.5558577952755905
20
0.1994493700787401
11
-0.558089094488189
21
0.2048361811023622
0
LINE
8
BLACK
6
CONTINUOUS
10
-0.558089094488189
20
0.2048361811023622
11
-0.558089094488189
21
0.2048362204724409
0
LINE
8
BLACK
6
CONTINUOUS
10
-0.558089094488189
20
0.2048362204724409
11
-0.5618785039370079
21
0.2097746850393701
0
LINE
8
BLACK
6
CONTINUOUS
10
-0.5618785039370079
20
0.2097746850393701
11
-0.5618785433070866
21
0.2097747244094488
0
LINE
8
BLACK
6
CONTINUOUS
10
-0.5618785433070866
20
0.2097747244094488
11
-0.5618786614173228
21
0.2097748818897638
0
LINE
8
BLACK
6
CONTINUOUS
10
-0.5618786614173228
20
0.2097748818897638
11
-0.5618788582677166
21
0.2097750393700787
0
LINE
8
BLACK
6
CONTINUOUS
10
-0.5618788582677166
20
0.2097750393700787
11
-0.5618788976377953
21
0.2097750787401575
0
LINE
8
BLACK
6
CONTINUOUS
10
-0.5618788976377953
20
0.2097750787401575
11
-0.5648666141732284
21
0.2120675984251968
0
LINE
8
BLACK
6
CONTINUOUS
10
-0.5648666141732284
20
0.2120675984251968
11
-0.5668172834645669
21
0.2135644094488189
0
LINE
8
BLACK
6
CONTINUOUS
10
-0.5668172834645669
20
0.2135644094488189
11
-0.5668173228346457
21
0.2135644488188976
0
LINE
8
BLACK
6
CONTINUOUS
10
-0.5668173228346457
20
0.2135644488188976
11
-0.5668174015748031
21
0.2135644881889764
0
LINE
8
BLACK
6
CONTINUOUS
10
-0.5668174015748031
20
0.2135644881889764
11
-0.5725682677165355
21
0.2159465748031496
0
LINE
8
BLACK
6
CONTINUOUS
10
-0.5725682677165355
20
0.2159465748031496
11
-0.5725685826771654
21
0.2159466535433071
0
LINE
8
BLACK
6
CONTINUOUS
10
-0.5725685826771654
20
0.2159466535433071
11
-0.5787401181102362
21
0.2167591338582677
0
LINE
8
BLACK
6
CONTINUOUS
10
-0.5787401181102362
20
0.2167591338582677
11
-0.5787401968503937
21
0.2167591338582677
0
LINE
8
BLACK
6
CONTINUOUS
10
-0.5787401968503937
20
0.2167591338582677
11
-0.5849117716535432
21
0.2159466535433071
0
LINE
8
BLACK
6
CONTINUOUS
10
-0.5849117716535432
20
0.2159466535433071
11
-0.5849120866141733
21
0.2159465748031496
0
LINE
8
BLACK
6
CONTINUOUS
10
-0.5849120866141733
20
0.2159465748031496
11
-0.5906629527559055
21
0.2135644881889764
0
LINE
8
BLACK
6
CONTINUOUS
10
-0.5906629527559055
20
0.2135644881889764
11
-0.5906629921259843
21
0.2135644881889764
0
LINE
8
BLACK
6
CONTINUOUS
10
-0.5906629921259843
20
0.2135644881889764
11
-0.5956014566929134
21
0.2097750787401575
0
LINE
8
BLACK
6
CONTINUOUS
10
-0.5956014566929134
20
0.2097750787401575
11
-0.5956018503937007
21
0.2097746850393701
0
LINE
8
BLACK
6
CONTINUOUS
10
-0.5956018503937007
20
0.2097746850393701
11
-0.5993912598425196
21
0.2048362204724409
0
LINE
8
BLACK
6
CONTINUOUS
10
-0.5993912598425196
20
0.2048362204724409
11
-0.5993912598425196
21
0.2048361811023622
0
LINE
8
BLACK
6
CONTINUOUS
10
-0.5993912598425196
20
0.2048361811023622
11
-0.6017733464566929
21
0.1990853149606299
0
LINE
8
BLACK
6
CONTINUOUS
10
-0.6017733464566929
20
0.1990853149606299
11
-0.6017734251968504
21
0.199085
0
LINE
8
BLACK
6
CONTINUOUS
10
-0.6017734251968504
20
0.199085
11
-0.602585905511811
21
0.1929134251968504
0
LINE
8
BLACK
6
CONTINUOUS
10
-0.602585905511811
20
0.1929134251968504
11
-0.602585905511811
21
0.1929133858267716
0
LINE
8
BLACK
6
CONTINUOUS
10
-0.6291803937007874
20
0.4566929133858267
11
-0.6283679133858268
21
0.4505213385826772
0
LINE
8
BLACK
6
CONTINUOUS
10
-0.6283679133858268
20
0.4505213385826772
11
-0.6283678346456693
21
0.4505210236220472
0
LINE
8
BLACK
6
CONTINUOUS
10
-0.6283678346456693
20
0.4505210236220472
11
-0.6259857480314961
21
0.444770157480315
0
LINE
8
BLACK
6
CONTINUOUS
10
-0.6259857480314961
20
0.444770157480315
11
-0.6259857480314961
21
0.4447701181102362
0
LINE
8
BLACK
6
CONTINUOUS
10
-0.6259857480314961
20
0.4447701181102362
11
-0.6253022440944882
21
0.4438793700787401
0
LINE
8
BLACK
6
CONTINUOUS
10
-0.6253022440944882
20
0.4438793700787401
11
-0.6221961417322834
21
0.4398314173228347
0
LINE
8
BLACK
6
CONTINUOUS
10
-0.6221961417322834
20
0.4398314173228347
11
-0.6172575196850394
21
0.4360418897637795
0
LINE
8
BLACK
6
CONTINUOUS
10
-0.6172575196850394
20
0.4360418897637795
11
-0.6172574803149606
21
0.4360418897637795
0
LINE
8
BLACK
6
CONTINUOUS
10
-0.6172574803149606
20
0.4360418897637795
11
-0.6172574409448819
21
0.4360418503937008
0
LINE
8
BLACK
6
CONTINUOUS
10
-0.6172574409448819
20
0.4360418503937008
11
-0.6151071653543307
21
0.4351511811023622
0
LINE
8
BLACK
6
CONTINUOUS
10
-0.6151071653543307
20
0.4351511811023622
11
-0.6115063779527559
21
0.4336596850393701
0
LINE
8
BLACK
6
CONTINUOUS
10
-0.6115063779527559
20
0.4336596850393701
11
-0.6068775984251968
21
0.4330503149606299
0
LINE
8
BLACK
6
CONTINUOUS
10
-0.6068775984251968
20
0.4330503149606299
11
-0.60533468503937
21
0.4328471653543307
0
LINE
8
BLACK
6
CONTINUOUS
10
-0.60533468503937
20
0.4328471653543307
11
-0.6053346456692913
21
0.4328471653543307
0
LINE
8
BLACK
6
CONTINUOUS
10
-0.6053346456692913
20
0.4328471653543307
11
-0.6053346062992125
21
0.4328471653543307
0
LINE
8
BLACK
6
CONTINUOUS
10
-0.6053346062992125
20
0.4328471653543307
11
-0.6041003149606299
21
0.4330096850393701
0
LINE
8
BLACK
6
CONTINUOUS
10
-0.6041003149606299
20
0.4330096850393701
11
-0.5991629133858267
21
0.4336596850393701
0
LINE
8
BLACK
6
CONTINUOUS
10
-0.5991629133858267
20
0.4336596850393701
11
-0.5934117716535433
21
0.4360418897637795
0
LINE
8
BLACK
6
CONTINUOUS
10
-0.5934117716535433
20
0.4360418897637795
11
-0.5884731496062992
21
0.4398314173228347
0
LINE
8
BLACK
6
CONTINUOUS
10
-0.5884731496062992
20
0.4398314173228347
11
-0.5846836220472441
21
0.4447700393700788
0
LINE
8
BLACK
6
CONTINUOUS
10
-0.5846836220472441
20
0.4447700393700788
11
-0.5823014173228346
21
0.4505211811023622
0
LINE
8
BLACK
6
CONTINUOUS
10
-0.5823014173228346
20
0.4505211811023622
11
-0.5814888976377952
21
0.4566929133858267
0
LINE
8
BLACK
6
CONTINUOUS
10
-0.5814888976377952
20
0.4566929133858267
11
-0.5823014173228346
21
0.4628646456692913
0
LINE
8
BLACK
6
CONTINUOUS
10
-0.5823014173228346
20
0.4628646456692913
11
-0.5846835826771654
21
0.4686157086614173
0
LINE
8
BLACK
6
CONTINUOUS
10
-0.5846835826771654
20
0.4686157086614173
11
-0.5846835826771654
21
0.468615748031496
0
LINE
8
BLACK
6
CONTINUOUS
10
-0.5846835826771654
20
0.468615748031496
11
-0.5884729921259843
21
0.4735542125984252
0
LINE
8
BLACK
6
CONTINUOUS
10
-0.5884729921259843
20
0.4735542125984252
11
-0.588473031496063
21
0.4735542519685039
0
LINE
8
BLACK
6
CONTINUOUS
10
-0.588473031496063
20
0.4735542519685039
11
-0.5884731496062992
21
0.4735544094488189
0
LINE
8
BLACK
6
CONTINUOUS
10
-0.5884731496062992
20
0.4735544094488189
11
-0.5884733464566929
21
0.4735545669291338
0
LINE
8
BLACK
6
CONTINUOUS
10
-0.5884733464566929
20
0.4735545669291338
11
-0.5884733858267717
21
0.4735546062992126
0
LINE
8
BLACK
6
CONTINUOUS
10
-0.5884733858267717
20
0.4735546062992126
11
-0.5912754330708662
21
0.4757046850393701
0
LINE
8
BLACK
6
CONTINUOUS
10
-0.5912754330708662
20
0.4757046850393701
11
-0.5934117716535433
21
0.477343937007874
0
LINE
8
BLACK
6
CONTINUOUS
10
-0.5934117716535433
20
0.477343937007874
11
-0.5934118110236221
21
0.4773439763779527
0
LINE
8
BLACK
6
CONTINUOUS
10
-0.5934118110236221
20
0.4773439763779527
11
-0.5934118897637796
21
0.4773440157480315
0
LINE
8
BLACK
6
CONTINUOUS
10
-0.5934118897637796
20
0.4773440157480315
11
-0.5991627559055118
21
0.4797261023622047
0
LINE
8
BLACK
6
CONTINUOUS
10
-0.5991627559055118
20
0.4797261023622047
11
-0.5991630708661417
21
0.4797261811023622
0
LINE
8
BLACK
6
CONTINUOUS
10
-0.5991630708661417
20
0.4797261811023622
11
-0.6053346062992125
21
0.4805386614173228
0
LINE
8
BLACK
6
CONTINUOUS
10
-0.6053346062992125
20
0.4805386614173228
11
-0.60533468503937
21
0.4805386614173228
0
LINE
8
BLACK
6
CONTINUOUS
10
-0.60533468503937
20
0.4805386614173228
11
-0.6115062598425197
21
0.4797261811023622
0
LINE
8
BLACK
6
CONTINUOUS
10
-0.6115062598425197
20
0.4797261811023622
11
-0.6115065748031496
21
0.4797261023622047
0
LINE
8
BLACK
6
CONTINUOUS
10
-0.6115065748031496
20
0.4797261023622047
11
-0.6172574409448819
21
0.4773440157480315
0
LINE
8
BLACK
6
CONTINUOUS
10
-0.6172574409448819
20
0.4773440157480315
11
-0.6172574803149606
21
0.4773440157480315
0
LINE
8
BLACK
6
CONTINUOUS
10
-0.6172574803149606
20
0.4773440157480315
11
-0.6221959448818898
21
0.4735546062992126
0
LINE
8
BLACK
6
CONTINUOUS
10
-0.6221959448818898
20
0.4735546062992126
11
-0.6221963385826772
21
0.4735542125984252
0
LINE
8
BLACK
6
CONTINUOUS
10
-0.6221963385826772
20
0.4735542125984252
11
-0.6259857480314961
21
0.468615748031496
0
LINE
8
BLACK
6
CONTINUOUS
10
-0.6259857480314961
20
0.468615748031496
11
-0.6259857480314961
21
0.4686157086614173
0
LINE
8
BLACK
6
CONTINUOUS
10
-0.6259857480314961
20
0.4686157086614173
11
-0.6283678346456693
21
0.462864842519685
0
LINE
8
BLACK
6
CONTINUOUS
10
-0.6283678346456693
20
0.462864842519685
11
-0.6283679133858268
21
0.4628645275590551
0
LINE
8
BLACK
6
CONTINUOUS
10
-0.6283679133858268
20
0.4628645275590551
11
-0.6291803937007874
21
0.4566929527559055
0
LINE
8
BLACK
6
CONTINUOUS
10
-0.6291803937007874
20
0.4566929527559055
11
-0.6291803937007874
21
0.4566929133858267
0
LINE
8
BLACK
6
CONTINUOUS
10
0.3147369291338583
20
0.4940944881889764
11
0.3155494094488189
21
0.4879229133858268
0
LINE
8
BLACK
6
CONTINUOUS
10
0.3155494094488189
20
0.4879229133858268
11
0.3155494881889764
21
0.4879225984251969
0
LINE
8
BLACK
6
CONTINUOUS
10
0.3155494881889764
20
0.4879225984251969
11
0.3179315748031496
21
0.4821717322834645
0
LINE
8
BLACK
6
CONTINUOUS
10
0.3179315748031496
20
0.4821717322834645
11
0.3179315748031496
21
0.4821716929133858
0
LINE
8
BLACK
6
CONTINUOUS
10
0.3179315748031496
20
0.4821716929133858
11
0.3217209842519685
21
0.4772332283464567
0
LINE
8
BLACK
6
CONTINUOUS
10
0.3217209842519685
20
0.4772332283464567
11
0.3217211811023622
21
0.4772329921259842
0
LINE
8
BLACK
6
CONTINUOUS
10
0.3217211811023622
20
0.4772329921259842
11
0.3266598031496063
21
0.4734434645669292
0
LINE
8
BLACK
6
CONTINUOUS
10
0.3266598031496063
20
0.4734434645669292
11
0.3324109448818898
21
0.4710612598425197
0
LINE
8
BLACK
6
CONTINUOUS
10
0.3324109448818898
20
0.4710612598425197
11
0.3370397244094488
21
0.4704518897637795
0
LINE
8
BLACK
6
CONTINUOUS
10
0.3370397244094488
20
0.4704518897637795
11
0.3385826377952756
21
0.4702487401574803
0
LINE
8
BLACK
6
CONTINUOUS
10
0.3385826377952756
20
0.4702487401574803
11
0.3385826771653543
21
0.4702487401574803
0
LINE
8
BLACK
6
CONTINUOUS
10
0.3385826771653543
20
0.4702487401574803
11
0.338582716535433
21
0.4702487401574803
0
LINE
8
BLACK
6
CONTINUOUS
10
0.338582716535433
20
0.4702487401574803
11
0.3398170078740158
21
0.4704112598425197
0
LINE
8
BLACK
6
CONTINUOUS
10
0.3398170078740158
20
0.4704112598425197
11
0.3447544094488189
21
0.4710612598425197
0
LINE
8
BLACK
6
CONTINUOUS
10
0.3447544094488189
20
0.4710612598425197
11
0.3505055511811024
21
0.4734434645669292
0
LINE
8
BLACK
6
CONTINUOUS
10
0.3505055511811024
20
0.4734434645669292
11
0.3554441732283464
21
0.4772329921259842
0
LINE
8
BLACK
6
CONTINUOUS
10
0.3554441732283464
20
0.4772329921259842
11
0.3592337007874016
21
0.4821716141732283
0
LINE
8
BLACK
6
CONTINUOUS
10
0.3592337007874016
20
0.4821716141732283
11
0.361615905511811
21
0.4879227559055118
0
LINE
8
BLACK
6
CONTINUOUS
10
0.361615905511811
20
0.4879227559055118
11
0.3624284251968504
21
0.4940944881889764
0
LINE
8
BLACK
6
CONTINUOUS
10
0.3624284251968504
20
0.4940944881889764
11
0.361615905511811
21
0.500266220472441
0
LINE
8
BLACK
6
CONTINUOUS
10
0.361615905511811
20
0.500266220472441
11
0.3592337401574803
21
0.5060172834645669
0
LINE
8
BLACK
6
CONTINUOUS
10
0.3592337401574803
20
0.5060172834645669
11
0.3592337401574803
21
0.5060173228346456
0
LINE
8
BLACK
6
CONTINUOUS
10
0.3592337401574803
20
0.5060173228346456
11
0.3554443307086614
21
0.5109557874015748
0
LINE
8
BLACK
6
CONTINUOUS
10
0.3554443307086614
20
0.5109557874015748
11
0.3554442913385827
21
0.5109558267716535
0
LINE
8
BLACK
6
CONTINUOUS
10
0.3554442913385827
20
0.5109558267716535
11
0.3554441732283464
21
0.5109559842519685
0
LINE
8
BLACK
6
CONTINUOUS
10
0.3554441732283464
20
0.5109559842519685
11
0.3554439763779528
21
0.5109561417322834
0
LINE
8
BLACK
6
CONTINUOUS
10
0.3554439763779528
20
0.5109561417322834
11
0.355443937007874
21
0.5109561811023622
0
LINE
8
BLACK
6
CONTINUOUS
10
0.355443937007874
20
0.5109561811023622
11
0.3505054330708661
21
0.5147455905511811
0
LINE
8
BLACK
6
CONTINUOUS
10
0.3505054330708661
20
0.5147455905511811
11
0.3447545669291339
21
0.5171276771653543
0
LINE
8
BLACK
6
CONTINUOUS
10
0.3447545669291339
20
0.5171276771653543
11
0.344754251968504
21
0.5171277559055119
0
LINE
8
BLACK
6
CONTINUOUS
10
0.344754251968504
20
0.5171277559055119
11
0.338582716535433
21
0.5179402362204725
0
LINE
8
BLACK
6
CONTINUOUS
10
0.338582716535433
20
0.5179402362204725
11
0.3385826377952756
21
0.5179402362204725
0
LINE
8
BLACK
6
CONTINUOUS
10
0.3385826377952756
20
0.5179402362204725
11
0.332411062992126
21
0.5171277559055119
0
LINE
8
BLACK
6
CONTINUOUS
10
0.332411062992126
20
0.5171277559055119
11
0.3324107480314961
21
0.5171276771653543
0
LINE
8
BLACK
6
CONTINUOUS
10
0.3324107480314961
20
0.5171276771653543
11
0.3266598818897637
21
0.5147455905511811
0
LINE
8
BLACK
6
CONTINUOUS
10
0.3266598818897637
20
0.5147455905511811
11
0.3266598425196851
21
0.5147455905511811
0
LINE
8
BLACK
6
CONTINUOUS
10
0.3266598425196851
20
0.5147455905511811
11
0.3217213779527559
21
0.5109561811023622
0
LINE
8
BLACK
6
CONTINUOUS
10
0.3217213779527559
20
0.5109561811023622
11
0.3217209842519685
21
0.5109557874015748
0
LINE
8
BLACK
6
CONTINUOUS
10
0.3217209842519685
20
0.5109557874015748
11
0.3179315748031496
21
0.5060173228346456
0
LINE
8
BLACK
6
CONTINUOUS
10
0.3179315748031496
20
0.5060173228346456
11
0.3179315748031496
21
0.5060172834645669
0
LINE
8
BLACK
6
CONTINUOUS
10
0.3179315748031496
20
0.5060172834645669
11
0.3155494881889764
21
0.5002664173228346
0
LINE
8
BLACK
6
CONTINUOUS
10
0.3155494881889764
20
0.5002664173228346
11
0.3155494094488189
21
0.5002661023622047
0
LINE
8
BLACK
6
CONTINUOUS
10
0.3155494094488189
20
0.5002661023622047
11
0.3147369291338583
21
0.4940945275590551
0
LINE
8
BLACK
6
CONTINUOUS
10
0.3147369291338583
20
0.4940945275590551
11
0.3147369291338583
21
0.4940944881889764
0
LINE
8
BLACK
6
CONTINUOUS
10
0.2753668503937008
20
0.6141732283464567
11
0.2761793307086614
21
0.608001653543307
0
LINE
8
BLACK
6
CONTINUOUS
10
0.2761793307086614
20
0.608001653543307
11
0.2761794094488189
21
0.6080013385826771
0
LINE
8
BLACK
6
CONTINUOUS
10
0.2761794094488189
20
0.6080013385826771
11
0.2785614960629921
21
0.6022504724409449
0
LINE
8
BLACK
6
CONTINUOUS
10
0.2785614960629921
20
0.6022504724409449
11
0.2785614960629921
21
0.6022504330708661
0
LINE
8
BLACK
6
CONTINUOUS
10
0.2785614960629921
20
0.6022504330708661
11
0.2785615748031496
21
0.6022503543307086
0
LINE
8
BLACK
6
CONTINUOUS
10
0.2785615748031496
20
0.6022503543307086
11
0.2823511023622047
21
0.5973117322834646
0
LINE
8
BLACK
6
CONTINUOUS
10
0.2823511023622047
20
0.5973117322834646
11
0.2872897244094488
21
0.5935222047244094
0
LINE
8
BLACK
6
CONTINUOUS
10
0.2872897244094488
20
0.5935222047244094
11
0.2930408661417323
21
0.59114
0
LINE
8
BLACK
6
CONTINUOUS
10
0.2930408661417323
20
0.59114
11
0.2976696456692913
21
0.5905306299212598
0
LINE
8
BLACK
6
CONTINUOUS
10
0.2976696456692913
20
0.5905306299212598
11
0.2992125590551181
21
0.5903274803149606
0
LINE
8
BLACK
6
CONTINUOUS
10
0.2992125590551181
20
0.5903274803149606
11
0.2992125984251968
21
0.5903274803149606
0
LINE
8
BLACK
6
CONTINUOUS
10
0.2992125984251968
20
0.5903274803149606
11
0.2992126377952756
21
0.5903274803149606
0
LINE
8
BLACK
6
CONTINUOUS
10
0.2992126377952756
20
0.5903274803149606
11
0.3004469291338583
21
0.59049
0
LINE
8
BLACK
6
CONTINUOUS
10
0.3004469291338583
20
0.59049
11
0.3053843307086614
21
0.59114
0
LINE
8
BLACK
6
CONTINUOUS
10
0.3053843307086614
20
0.59114
11
0.3111354724409449
21
0.5935222047244094
0
LINE
8
BLACK
6
CONTINUOUS
10
0.3111354724409449
20
0.5935222047244094
11
0.316074094488189
21
0.5973117322834646
0
LINE
8
BLACK
6
CONTINUOUS
10
0.316074094488189
20
0.5973117322834646
11
0.3198636220472441
21
0.6022503543307086
0
LINE
8
BLACK
6
CONTINUOUS
10
0.3198636220472441
20
0.6022503543307086
11
0.3222458267716535
21
0.6080014960629921
0
LINE
8
BLACK
6
CONTINUOUS
10
0.3222458267716535
20
0.6080014960629921
11
0.3230583464566929
21
0.6141732283464567
0
LINE
8
BLACK
6
CONTINUOUS
10
0.3230583464566929
20
0.6141732283464567
11
0.3222458267716535
21
0.6203449606299213
0
LINE
8
BLACK
6
CONTINUOUS
10
0.3222458267716535
20
0.6203449606299213
11
0.3198636614173228
21
0.6260960236220472
0
LINE
8
BLACK
6
CONTINUOUS
10
0.3198636614173228
20
0.6260960236220472
11
0.3198636614173228
21
0.6260960629921259
0
LINE
8
BLACK
6
CONTINUOUS
10
0.3198636614173228
20
0.6260960629921259
11
0.3160742519685039
21
0.6310345275590551
0
LINE
8
BLACK
6
CONTINUOUS
10
0.3160742519685039
20
0.6310345275590551
11
0.3160742125984252
21
0.6310345669291338
0
LINE
8
BLACK
6
CONTINUOUS
10
0.3160742125984252
20
0.6310345669291338
11
0.316074094488189
21
0.6310347244094489
0
LINE
8
BLACK
6
CONTINUOUS
10
0.316074094488189
20
0.6310347244094489
11
0.3160738976377953
21
0.6310348818897638
0
LINE
8
BLACK
6
CONTINUOUS
10
0.3160738976377953
20
0.6310348818897638
11
0.3160738582677165
21
0.6310349212598425
0
LINE
8
BLACK
6
CONTINUOUS
10
0.3160738582677165
20
0.6310349212598425
11
0.3114906299212598
21
0.6345517322834645
0
LINE
8
BLACK
6
CONTINUOUS
10
0.3114906299212598
20
0.6345517322834645
11
0.3111354724409449
21
0.6348242519685039
0
LINE
8
BLACK
6
CONTINUOUS
10
0.3111354724409449
20
0.6348242519685039
11
0.3111354330708661
21
0.6348242913385826
0
LINE
8
BLACK
6
CONTINUOUS
10
0.3111354330708661
20
0.6348242913385826
11
0.3111353543307087
21
0.6348243307086614
0
LINE
8
BLACK
6
CONTINUOUS
10
0.3111353543307087
20
0.6348243307086614
11
0.3053844881889763
21
0.6372064173228347
0
LINE
8
BLACK
6
CONTINUOUS
10
0.3053844881889763
20
0.6372064173228347
11
0.3053841732283464
21
0.6372064960629921
0
LINE
8
BLACK
6
CONTINUOUS
10
0.3053841732283464
20
0.6372064960629921
11
0.2992126377952756
21
0.6380189763779528
0
LINE
8
BLACK
6
CONTINUOUS
10
0.2992126377952756
20
0.6380189763779528
11
0.2992125590551181
21
0.6380189763779528
0
LINE
8
BLACK
6
CONTINUOUS
10
0.2992125590551181
20
0.6380189763779528
11
0.2930409842519685
21
0.6372064960629921
0
LINE
8
BLACK
6
CONTINUOUS
10
0.2930409842519685
20
0.6372064960629921
11
0.2930406692913386
21
0.6372064173228347
0
LINE
8
BLACK
6
CONTINUOUS
10
0.2930406692913386
20
0.6372064173228347
11
0.2872898031496063
21
0.6348243307086614
0
LINE
8
BLACK
6
CONTINUOUS
10
0.2872898031496063
20
0.6348243307086614
11
0.2872897637795275
21
0.6348243307086614
0
LINE
8
BLACK
6
CONTINUOUS
10
0.2872897637795275
20
0.6348243307086614
11
0.2823512992125984
21
0.6310349212598425
0
LINE
8
BLACK
6
CONTINUOUS
10
0.2823512992125984
20
0.6310349212598425
11
0.282350905511811
21
0.6310345275590551
0
LINE
8
BLACK
6
CONTINUOUS
10
0.282350905511811
20
0.6310345275590551
11
0.2785614960629921
21
0.6260960629921259
0
LINE
8
BLACK
6
CONTINUOUS
10
0.2785614960629921
20
0.6260960629921259
11
0.2785614960629921
21
0.6260960236220472
0
LINE
8
BLACK
6
CONTINUOUS
10
0.2785614960629921
20
0.6260960236220472
11
0.2761794094488189
21
0.6203451574803149
0
LINE
8
BLACK
6
CONTINUOUS
10
0.2761794094488189
20
0.6203451574803149
11
0.2761793307086614
21
0.620344842519685
0
LINE
8
BLACK
6
CONTINUOUS
10
0.2761793307086614
20
0.620344842519685
11
0.2753668503937008
21
0.6141732677165355
0
LINE
8
BLACK
6
CONTINUOUS
10
0.2753668503937008
20
0.6141732677165355
11
0.2753668503937008
21
0.6141732283464567
0
LINE
8
BLACK
6
CONTINUOUS
10
-0.2542031102362204
20
0.8025608267716535
11
-0.2542034251968504
21
0.802560748031496
0
LINE
8
BLACK
6
CONTINUOUS
10
-0.2542034251968504
20
0.802560748031496
11
-0.2599542913385827
21
0.8001786614173229
0
LINE
8
BLACK
6
CONTINUOUS
10
-0.2599542913385827
20
0.8001786614173229
11
-0.2599543307086614
21
0.8001786614173229
0
LINE
8
BLACK
6
CONTINUOUS
10
-0.2599543307086614
20
0.8001786614173229
11
-0.2648927952755906
21
0.796389251968504
0
LINE
8
BLACK
6
CONTINUOUS
10
-0.2648927952755906
20
0.796389251968504
11
-0.2648931889763779
21
0.7963888582677165
0
LINE
8
BLACK
6
CONTINUOUS
10
-0.2648931889763779
20
0.7963888582677165
11
-0.2686825984251968
21
0.7914503937007874
0
LINE
8
BLACK
6
CONTINUOUS
10
-0.2686825984251968
20
0.7914503937007874
11
-0.2686825984251968
21
0.7914503543307086
0
LINE
8
BLACK
6
CONTINUOUS
10
-0.2686825984251968
20
0.7914503543307086
11
-0.2710646850393701
21
0.7856994881889764
0
LINE
8
BLACK
6
CONTINUOUS
10
-0.2710646850393701
20
0.7856994881889764
11
-0.2710647637795275
21
0.7856991732283465
0
LINE
8
BLACK
6
CONTINUOUS
10
-0.2710647637795275
20
0.7856991732283465
11
-0.2718772440944882
21
0.7795275984251968
0
LINE
8
BLACK
6
CONTINUOUS
10
-0.2718772440944882
20
0.7795275984251968
11
-0.2718772440944882
21
0.7795275590551181
0
LINE
8
BLACK
6
CONTINUOUS
10
-0.2718772440944882
20
0.7795275590551181
11
-0.2710647637795275
21
0.7733559842519685
0
LINE
8
BLACK
6
CONTINUOUS
10
-0.2710647637795275
20
0.7733559842519685
11
-0.2710646850393701
21
0.7733556692913386
0
LINE
8
BLACK
6
CONTINUOUS
10
-0.2710646850393701
20
0.7733556692913386
11
-0.2686825984251968
21
0.7676048031496063
0
LINE
8
BLACK
6
CONTINUOUS
10
-0.2686825984251968
20
0.7676048031496063
11
-0.2686825984251968
21
0.7676047637795276
0
LINE
8
BLACK
6
CONTINUOUS
10
-0.2686825984251968
20
0.7676047637795276
11
-0.2686825196850394
21
0.7676046850393701
0
LINE
8
BLACK
6
CONTINUOUS
10
-0.2686825196850394
20
0.7676046850393701
11
-0.2648929921259843
21
0.7626660629921259
0
LINE
8
BLACK
6
CONTINUOUS
10
-0.2648929921259843
20
0.7626660629921259
11
-0.2599543700787402
21
0.7588765354330709
0
LINE
8
BLACK
6
CONTINUOUS
10
-0.2599543700787402
20
0.7588765354330709
11
-0.2542032283464567
21
0.7564943307086615
0
LINE
8
BLACK
6
CONTINUOUS
10
-0.2542032283464567
20
0.7564943307086615
11
-0.2495744488188976
21
0.7558849606299213
0
LINE
8
BLACK
6
CONTINUOUS
10
-0.2495744488188976
20
0.7558849606299213
11
-0.2480315354330709
21
0.7556818110236221
0
LINE
8
BLACK
6
CONTINUOUS
10
-0.2480315354330709
20
0.7556818110236221
11
-0.2480314960629921
21
0.7556818110236221
0
LINE
8
BLACK
6
CONTINUOUS
10
-0.2480314960629921
20
0.7556818110236221
11
-0.2480314566929134
21
0.7556818110236221
0
LINE
8
BLACK
6
CONTINUOUS
10
-0.2480314566929134
20
0.7556818110236221
11
-0.2467971653543307
21
0.7558443307086614
0
LINE
8
BLACK
6
CONTINUOUS
10
-0.2467971653543307
20
0.7558443307086614
11
-0.2418597637795276
21
0.7564943307086615
0
LINE
8
BLACK
6
CONTINUOUS
10
-0.2418597637795276
20
0.7564943307086615
11
-0.2361086220472441
21
0.7588765354330709
0
LINE
8
BLACK
6
CONTINUOUS
10
-0.2361086220472441
20
0.7588765354330709
11
-0.23117
21
0.7626660629921259
0
LINE
8
BLACK
6
CONTINUOUS
10
-0.23117
20
0.7626660629921259
11
-0.2273804724409449
21
0.7676046850393701
0
LINE
8
BLACK
6
CONTINUOUS
10
-0.2273804724409449
20
0.7676046850393701
11
-0.2249982677165354
21
0.7733558267716535
0
LINE
8
BLACK
6
CONTINUOUS
10
-0.2249982677165354
20
0.7733558267716535
11
-0.224185748031496
21
0.7795275590551181
0
LINE
8
BLACK
6
CONTINUOUS
10
-0.224185748031496
20
0.7795275590551181
11
-0.224212874015748
21
0.7797334645669292
0
LINE
8
BLACK
6
CONTINUOUS
10
-0.224212874015748
20
0.7797334645669292
11
-0.2249982677165354
21
0.7856991732283465
0
LINE
8
BLACK
6
CONTINUOUS
10
-0.2249982677165354
20
0.7856991732283465
11
-0.2249982677165354
21
0.7856992913385826
0
LINE
8
BLACK
6
CONTINUOUS
10
-0.2249982677165354
20
0.7856992913385826
11
-0.2273804330708661
21
0.7914503543307086
0
LINE
8
BLACK
6
CONTINUOUS
10
-0.2273804330708661
20
0.7914503543307086
11
-0.2273804330708661
21
0.7914503937007874
0
LINE
8
BLACK
6
CONTINUOUS
10
-0.2273804330708661
20
0.7914503937007874
11
-0.231169842519685
21
0.7963888582677165
0
LINE
8
BLACK
6
CONTINUOUS
10
-0.231169842519685
20
0.7963888582677165
11
-0.2311698818897638
21
0.7963888976377953
0
LINE
8
BLACK
6
CONTINUOUS
10
-0.2311698818897638
20
0.7963888976377953
11
-0.23117
21
0.7963890551181102
0
LINE
8
BLACK
6
CONTINUOUS
10
-0.23117
20
0.7963890551181102
11
-0.2311701968503937
21
0.7963892125984252
0
LINE
8
BLACK
6
CONTINUOUS
10
-0.2311701968503937
20
0.7963892125984252
11
-0.2311702362204724
21
0.796389251968504
0
LINE
8
BLACK
6
CONTINUOUS
10
-0.2311702362204724
20
0.796389251968504
11
-0.2361087401574803
21
0.8001786614173229
0
LINE
8
BLACK
6
CONTINUOUS
10
-0.2361087401574803
20
0.8001786614173229
11
-0.2418596062992126
21
0.802560748031496
0
LINE
8
BLACK
6
CONTINUOUS
10
-0.2418596062992126
20
0.802560748031496
11
-0.2418599212598425
21
0.8025608267716535
0
LINE
8
BLACK
6
CONTINUOUS
10
-0.2418599212598425
20
0.8025608267716535
11
-0.2480314566929134
21
0.8033733070866141
0
LINE
8
BLACK
6
CONTINUOUS
10
-0.2480314566929134
20
0.8033733070866141
11
-0.2480315354330709
21
0.8033733070866141
0
LINE
8
BLACK
6
CONTINUOUS
10
-0.2480315354330709
20
0.8033733070866141
11
-0.2542031102362204
21
0.8025608267716535
0
LINE
8
BLACK
6
CONTINUOUS
10
-0.3248031496062992
20
-0.5472441732283464
11
-0.3223945275590551
21
-0.5624526377952755
0
LINE
8
BLACK
6
CONTINUOUS
10
-0.3223945275590551
20
-0.5624526377952755
11
-0.3223944881889764
21
-0.5624528346456693
0
LINE
8
BLACK
6
CONTINUOUS
10
-0.3223944881889764
20
-0.5624528346456693
11
-0.318179094488189
21
-0.5707244488188976
0
LINE
8
BLACK
6
CONTINUOUS
10
-0.318179094488189
20
-0.5707244488188976
11
-0.3154042913385827
21
-0.5761692913385826
0
LINE
8
BLACK
6
CONTINUOUS
10
-0.3154042913385827
20
-0.5761692913385826
11
-0.3045169291338582
21
-0.5870590551181102
0
LINE
8
BLACK
6
CONTINUOUS
10
-0.3045169291338582
20
-0.5870590551181102
11
-0.2907979921259842
21
-0.5940471653543307
0
LINE
8
BLACK
6
CONTINUOUS
10
-0.2907979921259842
20
-0.5940471653543307
11
-0.2907979527559055
21
-0.5940471653543307
0
LINE
8
BLACK
6
CONTINUOUS
10
-0.2907979527559055
20
-0.5940471653543307
11
-0.290797874015748
21
-0.5940472047244094
0
LINE
8
BLACK
6
CONTINUOUS
10
-0.290797874015748
20
-0.5940472047244094
11
-0.2755905905511811
21
-0.5964567322834645
0
LINE
8
BLACK
6
CONTINUOUS
10
-0.2755905905511811
20
-0.5964567322834645
11
-0.2755905511811024
21
-0.5964567322834645
0
LINE
8
BLACK
6
CONTINUOUS
10
-0.2755905511811024
20
-0.5964567322834645
11
-0.2755904724409449
21
-0.5964567322834645
0
LINE
8
BLACK
6
CONTINUOUS
10
-0.2755904724409449
20
-0.5964567322834645
11
-0.2603833070866142
21
-0.5940472047244094
0
LINE
8
BLACK
6
CONTINUOUS
10
-0.2603833070866142
20
-0.5940472047244094
11
-0.2603832677165354
21
-0.5940471653543307
0
LINE
8
BLACK
6
CONTINUOUS
10
-0.2603832677165354
20
-0.5940471653543307
11
-0.2603831496062992
21
-0.5940471653543307
0
LINE
8
BLACK
6
CONTINUOUS
10
-0.2603831496062992
20
-0.5940471653543307
11
-0.2466642125984252
21
-0.5870590551181102
0
LINE
8
BLACK
6
CONTINUOUS
10
-0.2466642125984252
20
-0.5870590551181102
11
-0.2357768503937008
21
-0.5761692913385826
0
LINE
8
BLACK
6
CONTINUOUS
10
-0.2357768503937008
20
-0.5761692913385826
11
-0.2287866535433071
21
-0.5624527559055118
0
LINE
8
BLACK
6
CONTINUOUS
10
-0.2287866535433071
20
-0.5624527559055118
11
-0.2263779527559055
21
-0.5472441338582678
0
LINE
8
BLACK
6
CONTINUOUS
10
-0.2263779527559055
20
-0.5472441338582678
11
-0.2268278346456693
21
-0.5444036220472441
0
LINE
8
BLACK
6
CONTINUOUS
10
-0.2268278346456693
20
-0.5444036220472441
11
-0.2282308267716535
21
-0.535544842519685
0
LINE
8
BLACK
6
CONTINUOUS
10
-0.2282308267716535
20
-0.535544842519685
11
-0.2287866535433071
21
-0.5320353543307087
0
LINE
8
BLACK
6
CONTINUOUS
10
-0.2287866535433071
20
-0.5320353543307087
11
-0.2287866929133858
21
-0.5320352755905512
0
LINE
8
BLACK
6
CONTINUOUS
10
-0.2287866929133858
20
-0.5320352755905512
11
-0.2287866929133858
21
-0.5320352362204724
0
LINE
8
BLACK
6
CONTINUOUS
10
-0.2287866929133858
20
-0.5320352362204724
11
-0.2330172834645669
21
-0.5237337795275591
0
LINE
8
BLACK
6
CONTINUOUS
10
-0.2330172834645669
20
-0.5237337795275591
11
-0.2357768503937008
21
-0.5183188188976378
0
LINE
8
BLACK
6
CONTINUOUS
10
-0.2357768503937008
20
-0.5183188188976378
11
-0.2466642125984252
21
-0.5074290551181102
0
LINE
8
BLACK
6
CONTINUOUS
10
-0.2466642125984252
20
-0.5074290551181102
11
-0.2603831496062992
21
-0.5004409448818897
0
LINE
8
BLACK
6
CONTINUOUS
10
-0.2603831496062992
20
-0.5004409448818897
11
-0.260383188976378
21
-0.500440905511811
0
LINE
8
BLACK
6
CONTINUOUS
10
-0.260383188976378
20
-0.500440905511811
11
-0.2603832283464567
21
-0.500440905511811
0
LINE
8
BLACK
6
CONTINUOUS
10
-0.2603832283464567
20
-0.500440905511811
11
-0.2603833858267717
21
-0.5004408661417322
0
LINE
8
BLACK
6
CONTINUOUS
10
-0.2603833858267717
20
-0.5004408661417322
11
-0.2755904724409449
21
-0.4980315354330709
0
LINE
8
BLACK
6
CONTINUOUS
10
-0.2755904724409449
20
-0.4980315354330709
11
-0.2755906299212598
21
-0.4980315354330709
0
LINE
8
BLACK
6
CONTINUOUS
10
-0.2755906299212598
20
-0.4980315354330709
11
-0.2907977952755905
21
-0.5004408661417322
0
LINE
8
BLACK
6
CONTINUOUS
10
-0.2907977952755905
20
-0.5004408661417322
11
-0.2907979527559055
21
-0.500440905511811
0
LINE
8
BLACK
6
CONTINUOUS
10
-0.2907979527559055
20
-0.500440905511811
11
-0.304516968503937
21
-0.5074290551181102
0
LINE
8
BLACK
6
CONTINUOUS
10
-0.304516968503937
20
-0.5074290551181102
11
-0.3154042913385827
21
-0.5183187401574803
0
LINE
8
BLACK
6
CONTINUOUS
10
-0.3154042913385827
20
-0.5183187401574803
11
-0.3223945275590551
21
-0.5320355905511811
0
LINE
8
BLACK
6
CONTINUOUS
10
-0.3223945275590551
20
-0.5320355905511811
11
-0.3248031496062992
21
-0.5472440551181103
0
LINE
8
BLACK
6
CONTINUOUS
10
-0.3248031496062992
20
-0.5472440551181103
11
-0.3248031496062992
21
-0.5472441732283464
0
LINE
8
BLACK
6
CONTINUOUS
10
-0.9389764173228347
20
-0.0000000787401575
11
-0.9365670078740157
21
-0.0152074015748032
0
LINE
8
BLACK
6
CONTINUOUS
10
-0.9365670078740157
20
-0.0152074015748032
11
-0.9295787401574803
21
-0.0289263779527559
0
LINE
8
BLACK
6
CONTINUOUS
10
-0.9295787401574803
20
-0.0289263779527559
11
-0.9186914173228347
21
-0.0398112598425197
0
LINE
8
BLACK
6
CONTINUOUS
10
-0.9186914173228347
20
-0.0398112598425197
11
-0.9186889763779528
21
-0.0398137007874016
0
LINE
8
BLACK
6
CONTINUOUS
10
-0.9186889763779528
20
-0.0398137007874016
11
-0.9138011811023622
21
-0.0423046062992126
0
LINE
8
BLACK
6
CONTINUOUS
10
-0.9138011811023622
20
-0.0423046062992126
11
-0.9049725590551181
21
-0.0468038582677165
0
LINE
8
BLACK
6
CONTINUOUS
10
-0.9049725590551181
20
-0.0468038582677165
11
-0.9049725196850393
21
-0.0468038582677165
0
LINE
8
BLACK
6
CONTINUOUS
10
-0.9049725196850393
20
-0.0468038582677165
11
-0.9049724409448818
21
-0.0468038976377953
0
LINE
8
BLACK
6
CONTINUOUS
10
-0.9049724409448818
20
-0.0468038976377953
11
-0.8973681496062992
21
-0.0480082283464567
0
LINE
8
BLACK
6
CONTINUOUS
10
-0.8973681496062992
20
-0.0480082283464567
11
-0.8897638976377953
21
-0.0492125984251968
0
LINE
8
BLACK
6
CONTINUOUS
10
-0.8897638976377953
20
-0.0492125984251968
11
-0.8897638188976378
21
-0.0492125984251968
0
LINE
8
BLACK
6
CONTINUOUS
10
-0.8897638188976378
20
-0.0492125984251968
11
-0.8897637401574803
21
-0.0492125984251968
0
LINE
8
BLACK
6
CONTINUOUS
10
-0.8897637401574803
20
-0.0492125984251968
11
-0.8836803543307087
21
-0.048249094488189
0
LINE
8
BLACK
6
CONTINUOUS
10
-0.8836803543307087
20
-0.048249094488189
11
-0.8745551181102362
21
-0.0468038976377953
0
LINE
8
BLACK
6
CONTINUOUS
10
-0.8745551181102362
20
-0.0468038976377953
11
-0.8608385826771653
21
-0.0398137007874016
0
LINE
8
BLACK
6
CONTINUOUS
10
-0.8608385826771653
20
-0.0398137007874016
11
-0.8499488188976377
21
-0.0289263385826772
0
LINE
8
BLACK
6
CONTINUOUS
10
-0.8499488188976377
20
-0.0289263385826772
11
-0.8429606299212599
21
-0.0152075590551181
0
LINE
8
BLACK
6
CONTINUOUS
10
-0.8429606299212599
20
-0.0152075590551181
11
-0.8429605905511811
21
-0.0152073228346457
0
LINE
8
BLACK
6
CONTINUOUS
10
-0.8429605905511811
20
-0.0152073228346457
11
-0.8405512204724409
21
-0.0000000787401575
0
LINE
8
BLACK
6
CONTINUOUS
10
-0.8405512204724409
20
-0.0000000787401575
11
-0.8405512204724409
21
0.0000001181102362
0
LINE
8
BLACK
6
CONTINUOUS
10
-0.8405512204724409
20
0.0000001181102362
11
-0.8429606692913386
21
0.0152074803149606
0
LINE
8
BLACK
6
CONTINUOUS
10
-0.8429606692913386
20
0.0152074803149606
11
-0.8429607086614173
21
0.0152075590551181
0
LINE
8
BLACK
6
CONTINUOUS
10
-0.8429607086614173
20
0.0152075590551181
11
-0.8429607086614173
21
0.0152075984251968
0
LINE
8
BLACK
6
CONTINUOUS
10
-0.8429607086614173
20
0.0152075984251968
11
-0.8499488976377952
21
0.0289263779527559
0
LINE
8
BLACK
6
CONTINUOUS
10
-0.8499488976377952
20
0.0289263779527559
11
-0.849948937007874
21
0.0289264566929134
0
LINE
8
BLACK
6
CONTINUOUS
10
-0.849948937007874
20
0.0289264566929134
11
-0.8608386614173228
21
0.0398137401574803
0
LINE
8
BLACK
6
CONTINUOUS
10
-0.8608386614173228
20
0.0398137401574803
11
-0.8608387401574803
21
0.0398137795275591
0
LINE
8
BLACK
6
CONTINUOUS
10
-0.8608387401574803
20
0.0398137795275591
11
-0.8745551181102362
21
0.046803937007874
0
LINE
8
BLACK
6
CONTINUOUS
10
-0.8745551181102362
20
0.046803937007874
11
-0.8745553149606299
21
0.0468039763779528
0
LINE
8
BLACK
6
CONTINUOUS
10
-0.8745553149606299
20
0.0468039763779528
11
-0.8897637401574803
21
0.0492125984251968
0
LINE
8
BLACK
6
CONTINUOUS
10
-0.8897637401574803
20
0.0492125984251968
11
-0.8897638976377953
21
0.0492125984251968
0
LINE
8
BLACK
6
CONTINUOUS
10
-0.8897638976377953
20
0.0492125984251968
11
-0.9049723622047244
21
0.0468039763779528
0
LINE
8
BLACK
6
CONTINUOUS
10
-0.9049723622047244
20
0.0468039763779528
11
-0.9049725590551181
21
0.046803937007874
0
LINE
8
BLACK
6
CONTINUOUS
10
-0.9049725590551181
20
0.046803937007874
11
-0.918688937007874
21
0.0398137795275591
0
LINE
8
BLACK
6
CONTINUOUS
10
-0.918688937007874
20
0.0398137795275591
11
-0.9186890157480315
21
0.0398137401574803
0
LINE
8
BLACK
6
CONTINUOUS
10
-0.9186890157480315
20
0.0398137401574803
11
-0.9295787401574803
21
0.0289264566929134
0
LINE
8
BLACK
6
CONTINUOUS
10
-0.9295787401574803
20
0.0289264566929134
11
-0.9365670078740157
21
0.0152074803149606
0
LINE
8
BLACK
6
CONTINUOUS
10
-0.9365670078740157
20
0.0152074803149606
11
-0.9389764173228347
21
0.0000001181102362
0
LINE
8
BLACK
6
CONTINUOUS
10
-0.9389764173228347
20
0.0000001181102362
11
-0.9389764173228347
21
-0.0000000787401575
0
LINE
8
BLACK
6
CONTINUOUS
10
-0.3248031496062992
20
0.5472440551181103
11
-0.3223945275590551
21
0.5320354330708661
0
LINE
8
BLACK
6
CONTINUOUS
10
-0.3223945275590551
20
0.5320354330708661
11
-0.3223944881889764
21
0.5320352362204724
0
LINE
8
BLACK
6
CONTINUOUS
10
-0.3223944881889764
20
0.5320352362204724
11
-0.3154043307086614
21
0.5183188582677165
0
LINE
8
BLACK
6
CONTINUOUS
10
-0.3154043307086614
20
0.5183188582677165
11
-0.3154042913385827
21
0.518318779527559
0
LINE
8
BLACK
6
CONTINUOUS
10
-0.3154042913385827
20
0.518318779527559
11
-0.3045170078740158
21
0.5074290551181102
0
LINE
8
BLACK
6
CONTINUOUS
10
-0.3045170078740158
20
0.5074290551181102
11
-0.3045169291338582
21
0.5074290157480315
0
LINE
8
BLACK
6
CONTINUOUS
10
-0.3045169291338582
20
0.5074290157480315
11
-0.2907979921259842
21
0.5004408267716536
0
LINE
8
BLACK
6
CONTINUOUS
10
-0.2907979921259842
20
0.5004408267716536
11
-0.2907979133858268
21
0.5004408267716536
0
LINE
8
BLACK
6
CONTINUOUS
10
-0.2907979133858268
20
0.5004408267716536
11
-0.2907977952755905
21
0.5004407874015748
0
LINE
8
BLACK
6
CONTINUOUS
10
-0.2907977952755905
20
0.5004407874015748
11
-0.2755906692913386
21
0.4980314960629921
0
LINE
8
BLACK
6
CONTINUOUS
10
-0.2755906692913386
20
0.4980314960629921
11
-0.2755905511811024
21
0.4980314960629921
0
LINE
8
BLACK
6
CONTINUOUS
10
-0.2755905511811024
20
0.4980314960629921
11
-0.2755904330708661
21
0.4980314960629921
0
LINE
8
BLACK
6
CONTINUOUS
10
-0.2755904330708661
20
0.4980314960629921
11
-0.2603833070866142
21
0.5004409448818897
0
LINE
8
BLACK
6
CONTINUOUS
10
-0.2603833070866142
20
0.5004409448818897
11
-0.2603832677165354
21
0.5004409842519685
0
LINE
8
BLACK
6
CONTINUOUS
10
-0.2603832677165354
20
0.5004409842519685
11
-0.2603831496062992
21
0.5004409842519685
0
LINE
8
BLACK
6
CONTINUOUS
10
-0.2603831496062992
20
0.5004409842519685
11
-0.2466642125984252
21
0.507429094488189
0
LINE
8
BLACK
6
CONTINUOUS
10
-0.2466642125984252
20
0.507429094488189
11
-0.2357768503937008
21
0.5183188582677165
0
LINE
8
BLACK
6
CONTINUOUS
10
-0.2357768503937008
20
0.5183188582677165
11
-0.2287866535433071
21
0.5320353937007873
0
LINE
8
BLACK
6
CONTINUOUS
10
-0.2287866535433071
20
0.5320353937007873
11
-0.2264133858267716
21
0.5470204330708661
0
LINE
8
BLACK
6
CONTINUOUS
10
-0.2264133858267716
20
0.5470204330708661
11
-0.2263779527559055
21
0.5472440551181103
0
LINE
8
BLACK
6
CONTINUOUS
10
-0.2263779527559055
20
0.5472440551181103
11
-0.2263779527559055
21
0.5472441732283464
0
LINE
8
BLACK
6
CONTINUOUS
10
-0.2263779527559055
20
0.5472441732283464
11
-0.2282308267716535
21
0.5589433464566929
0
LINE
8
BLACK
6
CONTINUOUS
10
-0.2282308267716535
20
0.5589433464566929
11
-0.2287866535433071
21
0.5624527952755906
0
LINE
8
BLACK
6
CONTINUOUS
10
-0.2287866535433071
20
0.5624527952755906
11
-0.2287866929133858
21
0.5624528740157481
0
LINE
8
BLACK
6
CONTINUOUS
10
-0.2287866929133858
20
0.5624528740157481
11
-0.2287866929133858
21
0.5624529133858268
0
LINE
8
BLACK
6
CONTINUOUS
10
-0.2287866929133858
20
0.5624529133858268
11
-0.2330742519685039
21
0.5708661417322834
0
LINE
8
BLACK
6
CONTINUOUS
10
-0.2330742519685039
20
0.5708661417322834
11
-0.2357768503937008
21
0.5761693307086614
0
LINE
8
BLACK
6
CONTINUOUS
10
-0.2357768503937008
20
0.5761693307086614
11
-0.2466642125984252
21
0.5870590944881889
0
LINE
8
BLACK
6
CONTINUOUS
10
-0.2466642125984252
20
0.5870590944881889
11
-0.2603831496062992
21
0.5940472047244094
0
LINE
8
BLACK
6
CONTINUOUS
10
-0.2603831496062992
20
0.5940472047244094
11
-0.2603832283464567
21
0.5940472440944882
0
LINE
8
BLACK
6
CONTINUOUS
10
-0.2603832283464567
20
0.5940472440944882
11
-0.2603833464566929
21
0.5940472834645669
0
LINE
8
BLACK
6
CONTINUOUS
10
-0.2603833464566929
20
0.5940472834645669
11
-0.2603833070866142
21
0.5940472834645669
0
LINE
8
BLACK
6
CONTINUOUS
10
-0.2603833070866142
20
0.5940472834645669
11
-0.2755904724409449
21
0.5964566929133858
0
LINE
8
BLACK
6
CONTINUOUS
10
-0.2755904724409449
20
0.5964566929133858
11
-0.2755906299212598
21
0.5964566929133858
0
LINE
8
BLACK
6
CONTINUOUS
10
-0.2755906299212598
20
0.5964566929133858
11
-0.290797874015748
21
0.5940472834645669
0
LINE
8
BLACK
6
CONTINUOUS
10
-0.290797874015748
20
0.5940472834645669
11
-0.304516968503937
21
0.5870590944881889
0
LINE
8
BLACK
6
CONTINUOUS
10
-0.304516968503937
20
0.5870590944881889
11
-0.3154042913385827
21
0.5761693700787401
0
LINE
8
BLACK
6
CONTINUOUS
10
-0.3154042913385827
20
0.5761693700787401
11
-0.3154043307086614
21
0.5761692913385826
0
LINE
8
BLACK
6
CONTINUOUS
10
-0.3154043307086614
20
0.5761692913385826
11
-0.3223944881889764
21
0.5624529133858268
0
LINE
8
BLACK
6
CONTINUOUS
10
-0.3223944881889764
20
0.5624529133858268
11
-0.3223945275590551
21
0.5624527165354331
0
LINE
8
BLACK
6
CONTINUOUS
10
-0.3223945275590551
20
0.5624527165354331
11
-0.3248031496062992
21
0.5472441732283464
0
LINE
8
BLACK
6
CONTINUOUS
10
-0.3248031496062992
20
0.5472441732283464
11
-0.3248031496062992
21
0.5472440551181103
0
CIRCLE
8
BLACK
10
1.3700787401574803
20
-0.1732283464566929
40
0.0068897637795276
0
CIRCLE
8
BLACK
10
0.734251968503937
20
-0.2519685039370079
40
0.0078740157480315
0
CIRCLE
8
BLACK
10
1.2165354330708662
20
-0.1889763779527559
40
0.0078740157480315
0
CIRCLE
8
BLACK
10
1.3543307086614174
20
-0.2618110236220472
40
0.0078740157480315
0
CIRCLE
8
BLACK
10
1.0295275590551181
20
-0.2992125984251968
40
0.0078740157480315
0
CIRCLE
8
BLACK
10
1.3562992125984252
20
0.2480314960629921
40
0.0078740157480315
0
CIRCLE
8
BLACK
10
1.3385826771653544
20
0.1043307086614173
40
0.0078740157480315
0
CIRCLE
8
BLACK
10
0.8188976377952756
20
-0.610236220472441
40
0.0078740157480315
0
CIRCLE
8
BLACK
10
0.8779527559055118
20
-0.5688976377952756
40
0.0078740157480315
0
CIRCLE
8
BLACK
10
0.8877952755905512
20
-0.6968503937007874
40
0.0078740157480315
0
CIRCLE
8
BLACK
10
0.8779527559055118
20
-0.452755905511811
40
0.0078740157480315
0
CIRCLE
8
BLACK
10
0.5511811023622047
20
-0.1929133858267716
40
0.0078740157480315
0
CIRCLE
8
BLACK
10
1.1574803149606299
20
0.1968503937007874
40
0.0078740157480315
0
CIRCLE
8
BLACK
10
0.9960629921259843
20
-0.0452755905511811
40
0.0078740157480315
0
CIRCLE
8
BLACK
10
0.6338582677165354
20
-0.2795275590551181
40
0.0078740157480315
0
CIRCLE
8
BLACK
10
1.0393700787401574
20
0.1377952755905512
40
0.0078740157480315
0
CIRCLE
8
BLACK
10
-0.2480314960629921
20
0.7795275590551181
40
0.0078740157480315
0
CIRCLE
8
BLACK
10
-1.1952362204724409
20
-0.3385826771653543
40
0.0078740157480315
0
CIRCLE
8
BLACK
10
-1.1476377952755905
20
0.6712598425196851
40
0.0078740157480315
0
CIRCLE
8
BLACK
10
0.344488188976378
20
-0.6476377952755905
40
0.0078740157480315
0
CIRCLE
8
BLACK
10
-0.6053346456692913
20
-0.1140602755905512
40
0.0078740157480315
0
CIRCLE
8
BLACK
10
-0.5787401574803149
20
-0.2283464566929134
40
0.0078740157480315
0
CIRCLE
8
BLACK
10
0.4409448818897638
20
-0.1732283464566929
40
0.0078740157480315
0
CIRCLE
8
BLACK
10
0.0085629921259843
20
-0.4987204724409449
40
0.0078740157480315
0
CIRCLE
8
BLACK
10
0.5229368503937007
20
-0.5400552755905512
40
0.0078740157480315
0
CIRCLE
8
BLACK
10
0.2519685039370079
20
-0.4901771653543307
40
0.0078740157480315
0
CIRCLE
8
BLACK
10
0.421259842519685
20
-0.5118110236220472
40
0.0078740157480315
0
CIRCLE
8
BLACK
10
0.5019685039370079
20
-0.6062992125984252
40
0.0078740157480315
0
CIRCLE
8
BLACK
10
-0.297518031496063
20
-0.3390149606299213
40
0.0078740157480315
0
CIRCLE
8
BLACK
10
0.3090551181102362
20
-0.7401574803149606
40
0.0078740157480315
0
CIRCLE
8
BLACK
10
-0.7325692519685039
20
-0.2449473622047244
40
0.0078740157480315
0
CIRCLE
8
BLACK
10
-0.6053346456692913
20
0.4566929133858267
40
0.0078740157480315
0
CIRCLE
8
BLACK
10
-0.4153543307086614
20
-0.8346456692913385
40
0.0078740157480315
0
CIRCLE
8
BLACK
10
-1.1318897637795275
20
-0.0216535433070866
40
0.0078740157480315
0
CIRCLE
8
BLACK
10
0.5314960629921259
20
-0.7795275590551181
40
0.0078740157480315
0
CIRCLE
8
BLACK
10
-1.0708661417322833
20
0.2283464566929134
40
0.0078740157480315
0
CIRCLE
8
BLACK
10
-0.1417917716535433
20
-0.8739562598425197
40
0.0078740157480315
0
CIRCLE
8
BLACK
10
0.4744409448818898
20
-0.7854645669291338
40
0.0078740157480315
0
CIRCLE
8
BLACK
10
-1.0483847244094489
20
-0.1448414173228346
40
0.0078740157480315
0
CIRCLE
8
BLACK
10
-0.2047244094488189
20
-0.8198622047244094
40
0.0078740157480315
0
CIRCLE
8
BLACK
10
-1.140236220472441
20
-0.0782677165354331
40
0.0078740157480315
0
CIRCLE
8
BLACK
10
-1.1023622047244095
20
0.3740157480314961
40
0.0078740157480315
0
CIRCLE
8
BLACK
10
-0.4852362204724409
20
-0.753267716535433
40
0.0078740157480315
0
CIRCLE
8
BLACK
10
-0.9409448818897638
20
-0.6732283464566929
40
0.0078740157480315
0
CIRCLE
8
BLACK
10
0.0866141732283465
20
-0.9291338582677166
40
0.0078740157480315
0
CIRCLE
8
BLACK
10
-0.9468503937007874
20
-0.7460629921259843
40
0.0078740157480315
0
CIRCLE
8
BLACK
10
0.1377952755905512
20
-0.9251968503937008
40
0.0078740157480315
0
CIRCLE
8
BLACK
10
-0.937007874015748
20
0.5708661417322834
40
0.0078740157480315
0
CIRCLE
8
BLACK
10
0.2662994881889764
20
-0.7425746062992126
40
0.0078740157480315
0
CIRCLE
8
BLACK
10
-1.0118110236220472
20
0.5433070866141733
40
0.0078740157480315
0
CIRCLE
8
BLACK
10
0.1450401181102362
20
-0.7913385826771653
40
0.0078740157480315
0
CIRCLE
8
BLACK
10
0.5299389763779527
20
-0.7155708661417323
40
0.0078740157480315
0
CIRCLE
8
BLACK
10
1.078740157480315
20
-0.5236220472440944
40
0.0078740157480315
0
CIRCLE
8
BLACK
10
-1.0684155118110237
20
-0.039888031496063
40
0.0078740157480315
0
CIRCLE
8
BLACK
10
-1.035236220472441
20
0.0217322834645669
40
0.0078740157480315
0
CIRCLE
8
BLACK
10
1.4173228346456692
20
0.1574607086614173
40
0.0078740157480315
0
CIRCLE
8
BLACK
10
0.9417637795275591
20
1.1117322834645669
40
0.0078740157480315
0
CIRCLE
8
BLACK
10
0.945275590551181
20
-1.1074803149606298
40
0.0078740157480315
0
CIRCLE
8
BLACK
10
0.8877952755905512
20
0.0748031496062992
40
0.0078740157480315
0
CIRCLE
8
BLACK
10
0.8720472440944882
20
-0.0374015748031496
40
0.0078740157480315
0
CIRCLE
8
BLACK
10
-0.3051181102362205
20
-0.2539370078740157
40
0.0078740157480315
0
CIRCLE
8
BLACK
10
0.4625984251968504
20
-0.7263779527559054
40
0.0078740157480315
0
CIRCLE
8
BLACK
10
-1.1220472440944882
20
-0.6476377952755905
40
0.0078740157480315
0
CIRCLE
8
BLACK
10
-0.6781299212598425
20
-0.6545078740157481
40
0.0078740157480315
0
CIRCLE
8
BLACK
10
0.2992125984251968
20
0.6141732283464567
40
0.0078740157480315
0
CIRCLE
8
BLACK
10
-0.7214370078740158
20
-0.1850393700787402
40
0.0078740157480315
0
CIRCLE
8
BLACK
10
-0.5787401574803149
20
0.1929133858267716
40
0.0078740157480315
0
CIRCLE
8
BLACK
10
0.3385826771653543
20
0.4940944881889764
40
0.0078740157480315
0
CIRCLE
8
BLACK
10
0.3799212598425197
20
-0.2106299212598425
40
0.0078740157480315
0
CIRCLE
8
BLACK
10
0.547244094488189
20
-0.6614173228346456
40
0.0078740157480315
0
CIRCLE
8
BLACK
10
0.3287401574803149
20
0.4232283464566929
40
0.0078740157480315
0
CIRCLE
8
BLACK
10
0.3641732283464567
20
0.1122047244094488
40
0.0078740157480315
0
CIRCLE
8
BLACK
10
1.1909448818897637
20
0.0984251968503937
40
0.0078740157480315
0
CIRCLE
8
BLACK
10
0.7637795275590551
20
-0.155511811023622
40
0.0078740157480315
0
CIRCLE
8
BLACK
10
1.1732283464566928
20
-0.0925196850393701
40
0.0078740157480315
0
CIRCLE
8
BLACK
10
0.7106299212598425
20
-0.031496062992126
40
0.0078740157480315
0
CIRCLE
8
BLACK
10
0.7637795275590551
20
-0.6338582677165354
40
0.0078740157480315
0
CIRCLE
8
BLACK
10
0.9094488188976377
20
-0.3031496062992126
40
0.0078740157480315
0
CIRCLE
8
BLACK
10
-0.0078740157480315
20
-0.4153543307086614
40
0.0078740157480315
0
CIRCLE
8
BLACK
10
0.5413385826771654
20
-0.0846456692913386
40
0.0078740157480315
0
CIRCLE
8
BLACK
10
-1.0885826771653544
20
-0.2992125984251968
40
0.0078740157480315
0
CIRCLE
8
BLACK
10
-0.8302362204724409
20
-0.1282677165354331
40
0.0078740157480315
0
CIRCLE
8
BLACK
10
-0.0885826771653543
20
0.9251968503937008
40
0.0078740157480315
0
CIRCLE
8
BLACK
10
-0.3858267716535433
20
0.860236220472441
40
0.0078740157480315
0
CIRCLE
8
BLACK
10
-0.0925196850393701
20
-0.421259842519685
40
0.0078740157480315
0
CIRCLE
8
BLACK
10
0.5885826771653543
20
0.7303149606299213
40
0.0078740157480315
0
CIRCLE
8
BLACK
10
-1.360236220472441
20
-0.6830708661417323
40
0.0078740157480315
0
CIRCLE
8
BLACK
10
0.3366141732283465
20
-0.1102362204724409
40
0.0078740157480315
0
CIRCLE
8
BLACK
10
-1.5314960629921259
20
0.031496062992126
40
0.0078740157480315
0
CIRCLE
8
BLACK
10
-0.1732283464566929
20
-0.9015748031496063
40
0.0078740157480315
0
CIRCLE
8
BLACK
10
-1.1456692913385826
20
-0.9980314960629921
40
0.0078740157480315
0
CIRCLE
8
BLACK
10
0.2578740157480315
20
-0.6220472440944882
40
0.0078740157480315
0
CIRCLE
8
BLACK
10
0.0688976377952756
20
0.6318897637795275
40
0.0078740157480315
0
CIRCLE
8
BLACK
10
0.0295275590551181
20
0.9448818897637795
40
0.0078740157480315
0
CIRCLE
8
BLACK
10
-0.4606299212598425
20
0.1181102362204724
40
0.0078740157480315
0
CIRCLE
8
BLACK
10
0.3070866141732284
20
0.8799212598425197
40
0.0078740157480315
0
CIRCLE
8
BLACK
10
1.5314960629921259
20
0.
40
0.0078740157480315
0
CIRCLE
8
BLACK
10
-0.3779527559055118
20
-0.0551181102362205
40
0.0078740157480315
0
CIRCLE
8
BLACK
10
-0.3346456692913386
20
0.0669291338582677
40
0.0078740157480315
0
CIRCLE
8
BLACK
10
-0.5492125984251969
20
-0.2933070866141732
40
0.0078740157480315
0
CIRCLE
8
BLACK
10
-0.3346456692913386
20
-0.0551181102362205
40
0.0078740157480315
0
CIRCLE
8
BLACK
10
-1.4685039370078741
20
-0.1850393700787402
40
0.0078740157480315
0
CIRCLE
8
BLACK
10
-1.4015748031496063
20
0.5019685039370079
40
0.0078740157480315
0
CIRCLE
8
BLACK
10
-1.4685039370078741
20
-0.2854330708661417
40
0.0078740157480315
0
CIRCLE
8
BLACK
10
-0.4606299212598425
20
-0.1043307086614173
40
0.0078740157480315
0
CIRCLE
8
BLACK
10
-0.5334645669291338
20
0.7874015748031495
40
0.0078740157480315
0
CIRCLE
8
BLACK
10
-0.515748031496063
20
0.1181102362204724
40
0.0078740157480315
0
CIRCLE
8
BLACK
10
-0.1397637795275591
20
0.5767716535433071
40
0.0078740157480315
0
CIRCLE
8
BLACK
10
0.3641732283464567
20
-0.7440944881889764
40
0.0078740157480315
0
CIRCLE
8
BLACK
10
0.4645669291338583
20
0.2519685039370079
40
0.0078740157480315
0
CIRCLE
8
BLACK
10
0.9291338582677166
20
-0.7598425196850394
40
0.0078740157480315
0
CIRCLE
8
BLACK
10
-0.1791338582677165
20
-0.3070866141732284
40
0.0078740157480315
0
CIRCLE
8
BLACK
10
0.4448818897637795
20
0.8228346456692913
40
0.0078740157480315
0
CIRCLE
8
BLACK
10
-1.4704724409448819
20
0.2047244094488189
40
0.0078740157480315
0
CIRCLE
8
BLACK
10
0.1771653543307087
20
0.9094488188976377
40
0.0078740157480315
0
CIRCLE
8
BLACK
10
1.0472440944881889
20
-0.8700787401574803
40
0.0078740157480315
0
CIRCLE
8
BLACK
10
0.4311023622047244
20
0.1771653543307087
40
0.0078740157480315
0
CIRCLE
8
BLACK
10
0.349763779527559
20
-0.0082677165354331
40
0.0078740157480315
0
CIRCLE
8
BLACK
10
-0.4192913385826771
20
-0.0551181102362205
40
0.0078740157480315
0
CIRCLE
8
BLACK
10
1.155511811023622
20
1.0019685039370079
40
0.0078740157480315
0
CIRCLE
8
BLACK
10
-0.562992125984252
20
0.
40
0.0078740157480315
0
CIRCLE
8
BLACK
10
1.1732283464566928
20
-0.3799212598425197
40
0.0078740157480315
0
CIRCLE
8
BLACK
10
-0.4921259842519685
20
-0.5216535433070866
40
0.0078740157480315
0
CIRCLE
8
BLACK
10
-1.234251968503937
20
0.8543307086614172
40
0.0078740157480315
0
CIRCLE
8
BLACK
10
-1.4370078740157479
20
-0.4488188976377953
40
0.0078740157480315
0
CIRCLE
8
BLACK
10
-1.1456692913385826
20
0.9724409448818897
40
0.0078740157480315
0
CIRCLE
8
BLACK
10
1.4311023622047243
20
-0.5669291338582677
40
0.0078740157480315
0
CIRCLE
8
BLACK
10
0.9980314960629921
20
0.8051181102362205
40
0.0078740157480315
0
CIRCLE
8
BLACK
10
-1.2874015748031495
20
0.7578740157480315
40
0.0078740157480315
0
CIRCLE
8
BLACK
10
-0.515748031496063
20
-0.1043307086614173
40
0.0078740157480315
0
CIRCLE
8
BLACK
10
-1.4704724409448819
20
0.3070866141732284
40
0.0078740157480315
0
CIRCLE
8
BLACK
10
-0.562992125984252
20
0.0531496062992126
40
0.0078740157480315
0
CIRCLE
8
BLACK
10
-1.4488188976377951
20
0.4035433070866142
40
0.0078740157480315
0
CIRCLE
8
BLACK
10
-0.562992125984252
20
-0.0511811023622047
40
0.0078740157480315
0
CIRCLE
8
BLACK
10
-1.3858267716535433
20
-0.5393700787401575
40
0.0078740157480315
0
CIRCLE
8
BLACK
10
-0.2775590551181102
20
0.9015748031496063
40
0.0078740157480315
0
CIRCLE
8
BLACK
10
-0.2440944881889764
20
-0.9015748031496063
40
0.0078740157480315
0
CIRCLE
8
BLACK
10
-0.4192913385826771
20
0.0669291338582677
40
0.0078740157480315
0
CIRCLE
8
BLACK
10
0.4704724409448819
20
-0.1299212598425197
40
0.0078740157480315
0
CIRCLE
8
BLACK
10
-0.9311023622047244
20
0.7519685039370079
40
0.0078740157480315
0
CIRCLE
8
BLACK
10
0.3228346456692913
20
0.2952755905511811
40
0.0078740157480315
0
CIRCLE
8
BLACK
10
0.3031496062992126
20
0.1771653543307087
40
0.0078740157480315
0
CIRCLE
8
BLACK
10
0.1535433070866142
20
0.3208661417322834
40
0.0078740157480315
0
CIRCLE
8
BLACK
10
-1.2539370078740157
20
-0.797244094488189
40
0.0078740157480315
0
CIRCLE
8
BLACK
10
1.1515748031496063
20
-0.984251968503937
40
0.0078740157480315
0
CIRCLE
8
BLACK
10
-0.3799212598425197
20
0.0669291338582677
40
0.0078740157480315
0
CIRCLE
8
BLACK
10
0.4704724409448819
20
-0.0492125984251968
40
0.0078740157480315
0
CIRCLE
8
BLACK
10
1.421259842519685
20
0.5885826771653543
40
0.0078740157480315
0
CIRCLE
8
BLACK
10
-1.0295275590551181
20
0.8641732283464567
40
0.0078740157480315
0
CIRCLE
8
BLACK
10
-1.2086614173228347
20
-0.8858267716535433
40
0.0078740157480315
  0
ENDSEC
  0
EOF
