  0
SECTION
  2
HEADER
  9
$ANGBASE
  50
0.0
  9
$ANGDIR
  70
1
  9
$MEASUREMENT
  70
0
  0
ENDSEC
  0
SECTION
  2
TABLES
  0
TABLE
  2
LTYPE
  70
4
  0
LTYPE
  5
40F
  2
CONTINUOUS
  70
0
  3
Solid line
  72
65
  73
0
  40
0.0
  0
LTYPE
  5
410
  2
DASHDOT
 70
0
  3
Dash Dot ____ _ ____ _
 72
65
 73
4
 40
2.0
 49
1.25
 49
-0.25
 49
0.25
 49
-0.25
  0
LTYPE
  5
411
  2
DASHED
 70
0
  3
Dashed __ __ __ __ __
 72
65
 73
2
 40
0.75
 49
0.5
 49
-0.25
  0
LTYPE
  5
43B
  2
DOTTED
 70
0
  3
Dotted .  .  .  .
 72
65
 73
2
 40
0.2
 49
0.0
 49
-0.2
  0
ENDTAB
  0
TABLE
  2
STYLE
  70
4
  0
STYLE
  2
KICAD
  70
0
  40
0
  41
1
  42
1
  50
0
  71
0
  3
isocp.shx
  0
STYLE
  2
KICADB
  70
0
  40
0
  41
1
  42
1
  50
0
  71
0
  3
isocp.shx
  0
STYLE
  2
KICADI
  70
0
  40
0
  41
1
  42
1
  50
15
  71
0
  3
isocp.shx
  0
STYLE
  2
KICADBI
  70
0
  40
0
  41
1
  42
1
  50
15
  71
0
  3
isocp.shx
  0
ENDTAB
  0
TABLE
  2
LAYER
  70
1
  0
LAYER
  2
BLACK
  70
0
  62
7
  6
CONTINUOUS
  0
ENDTAB
  0
ENDSEC
  0
SECTION
  2
ENTITIES
0
LINE
8
BLACK
6
CONTINUOUS
10
0.1754514173228346
20
-1.4301593307086613
11
0.1785271653543307
21
-1.4315126771653544
0
LINE
8
BLACK
6
CONTINUOUS
10
0.1785271653543307
20
-1.4315126771653544
11
0.1808508661417323
21
-1.4339400787401575
0
LINE
8
BLACK
6
CONTINUOUS
10
0.1808508661417323
20
-1.4339400787401575
11
0.1820687401574803
21
-1.4370718897637795
0
LINE
8
BLACK
6
CONTINUOUS
10
0.1820687401574803
20
-1.4370718897637795
11
0.1850597244094488
21
-1.4540346456692914
0
LINE
8
BLACK
6
CONTINUOUS
10
0.1850597244094488
20
-1.4540346456692914
11
0.1849864566929134
21
-1.4573941338582677
0
LINE
8
BLACK
6
CONTINUOUS
10
0.1849864566929134
20
-1.4573941338582677
11
0.1836330708661417
21
-1.4604699212598424
0
LINE
8
BLACK
6
CONTINUOUS
10
0.1836330708661417
20
-1.4604699212598424
11
0.1812057086614173
21
-1.4627936220472442
0
LINE
8
BLACK
6
CONTINUOUS
10
0.1812057086614173
20
-1.4627936220472442
11
0.1780738582677165
21
-1.4640114960629922
0
LINE
8
BLACK
6
CONTINUOUS
10
0.1780738582677165
20
-1.4640114960629922
11
0.1582032283464567
21
-1.4675152362204724
0
LINE
8
BLACK
6
CONTINUOUS
10
0.1582032283464567
20
-1.4675152362204724
11
0.1548437007874016
21
-1.4674419291338583
0
LINE
8
BLACK
6
CONTINUOUS
10
0.1548437007874016
20
-1.4674419291338583
11
0.1517679527559055
21
-1.4660885826771652
0
LINE
8
BLACK
6
CONTINUOUS
10
0.1517679527559055
20
-1.4660885826771652
11
0.1494442519685039
21
-1.4636611811023621
0
LINE
8
BLACK
6
CONTINUOUS
10
0.1494442519685039
20
-1.4636611811023621
11
0.1482263779527559
21
-1.4605293700787401
0
LINE
8
BLACK
6
CONTINUOUS
10
0.1482263779527559
20
-1.4605293700787401
11
0.1452353937007874
21
-1.4435666141732284
0
LINE
8
BLACK
6
CONTINUOUS
10
0.1452353937007874
20
-1.4435666141732284
11
0.1453086614173228
21
-1.4402071259842519
0
LINE
8
BLACK
6
CONTINUOUS
10
0.1453086614173228
20
-1.4402071259842519
11
0.1466620472440945
21
-1.4371313385826772
0
LINE
8
BLACK
6
CONTINUOUS
10
0.1466620472440945
20
-1.4371313385826772
11
0.1490894094488189
21
-1.4348076377952756
0
LINE
8
BLACK
6
CONTINUOUS
10
0.1490894094488189
20
-1.4348076377952756
11
0.1522212598425197
21
-1.4335897637795276
0
LINE
8
BLACK
6
CONTINUOUS
10
0.1522212598425197
20
-1.4335897637795276
11
0.1720918897637795
21
-1.4300860236220472
0
LINE
8
BLACK
6
CONTINUOUS
10
0.1720918897637795
20
-1.4300860236220472
11
0.1754514173228346
21
-1.4301593307086613
0
LINE
8
BLACK
6
CONTINUOUS
10
0.3296101181102362
20
-1.404826968503937
11
0.3321365354330709
21
-1.4070425984251969
0
LINE
8
BLACK
6
CONTINUOUS
10
0.3321365354330709
20
-1.4070425984251969
11
0.3336227559055118
21
-1.410056377952756
0
LINE
8
BLACK
6
CONTINUOUS
10
0.3336227559055118
20
-1.410056377952756
11
0.3380807480314961
21
-1.4266938582677164
0
LINE
8
BLACK
6
CONTINUOUS
10
0.3380807480314961
20
-1.4266938582677164
11
0.3383005511811024
21
-1.430046968503937
0
LINE
8
BLACK
6
CONTINUOUS
10
0.3383005511811024
20
-1.430046968503937
11
0.3372204330708661
21
-1.4332289763779527
0
LINE
8
BLACK
6
CONTINUOUS
10
0.3372204330708661
20
-1.4332289763779527
11
0.3350048031496063
21
-1.4357553937007874
0
LINE
8
BLACK
6
CONTINUOUS
10
0.3350048031496063
20
-1.4357553937007874
11
0.3319910236220472
21
-1.4372416141732283
0
LINE
8
BLACK
6
CONTINUOUS
10
0.3319910236220472
20
-1.4372416141732283
11
0.3125013779527559
21
-1.4424638582677165
0
LINE
8
BLACK
6
CONTINUOUS
10
0.3125013779527559
20
-1.4424638582677165
11
0.3091482677165354
21
-1.4426836614173228
0
LINE
8
BLACK
6
CONTINUOUS
10
0.3091482677165354
20
-1.4426836614173228
11
0.3059662598425197
21
-1.4416035039370079
0
LINE
8
BLACK
6
CONTINUOUS
10
0.3059662598425197
20
-1.4416035039370079
11
0.303439842519685
21
-1.439387874015748
0
LINE
8
BLACK
6
CONTINUOUS
10
0.303439842519685
20
-1.439387874015748
11
0.3019536220472441
21
-1.4363740944881889
0
LINE
8
BLACK
6
CONTINUOUS
10
0.3019536220472441
20
-1.4363740944881889
11
0.2974956299212598
21
-1.4197366141732284
0
LINE
8
BLACK
6
CONTINUOUS
10
0.2974956299212598
20
-1.4197366141732284
11
0.2972758267716535
21
-1.4163835039370078
0
LINE
8
BLACK
6
CONTINUOUS
10
0.2972758267716535
20
-1.4163835039370078
11
0.2983559448818898
21
-1.4132014960629922
0
LINE
8
BLACK
6
CONTINUOUS
10
0.2983559448818898
20
-1.4132014960629922
11
0.3005715748031496
21
-1.4106750787401574
0
LINE
8
BLACK
6
CONTINUOUS
10
0.3005715748031496
20
-1.4106750787401574
11
0.3035853543307087
21
-1.4091888582677166
0
LINE
8
BLACK
6
CONTINUOUS
10
0.3035853543307087
20
-1.4091888582677166
11
0.323075
21
-1.4039666141732283
0
LINE
8
BLACK
6
CONTINUOUS
10
0.323075
20
-1.4039666141732283
11
0.3264281102362205
21
-1.403746811023622
0
LINE
8
BLACK
6
CONTINUOUS
10
0.3264281102362205
20
-1.403746811023622
11
0.3296101181102362
21
-1.404826968503937
0
LINE
8
BLACK
6
CONTINUOUS
10
0.1646838582677165
20
-1.3690935039370078
11
0.1677596062992126
21
-1.3704468503937008
0
LINE
8
BLACK
6
CONTINUOUS
10
0.1677596062992126
20
-1.3704468503937008
11
0.1700833070866142
21
-1.372874251968504
0
LINE
8
BLACK
6
CONTINUOUS
10
0.1700833070866142
20
-1.372874251968504
11
0.1713011811023622
21
-1.376006062992126
0
LINE
8
BLACK
6
CONTINUOUS
10
0.1713011811023622
20
-1.376006062992126
11
0.1742921653543307
21
-1.3929688188976377
0
LINE
8
BLACK
6
CONTINUOUS
10
0.1742921653543307
20
-1.3929688188976377
11
0.1742188976377953
21
-1.3963283070866142
0
LINE
8
BLACK
6
CONTINUOUS
10
0.1742188976377953
20
-1.3963283070866142
11
0.1728655118110236
21
-1.3994040944881889
0
LINE
8
BLACK
6
CONTINUOUS
10
0.1728655118110236
20
-1.3994040944881889
11
0.1704381496062992
21
-1.4017277952755904
0
LINE
8
BLACK
6
CONTINUOUS
10
0.1704381496062992
20
-1.4017277952755904
11
0.1673062992125984
21
-1.4029456692913385
0
LINE
8
BLACK
6
CONTINUOUS
10
0.1673062992125984
20
-1.4029456692913385
11
0.1474356692913386
21
-1.4064494094488189
0
LINE
8
BLACK
6
CONTINUOUS
10
0.1474356692913386
20
-1.4064494094488189
11
0.1440761417322835
21
-1.4063761023622048
0
LINE
8
BLACK
6
CONTINUOUS
10
0.1440761417322835
20
-1.4063761023622048
11
0.1410003937007874
21
-1.4050227559055117
0
LINE
8
BLACK
6
CONTINUOUS
10
0.1410003937007874
20
-1.4050227559055117
11
0.1386766929133858
21
-1.4025953543307086
0
LINE
8
BLACK
6
CONTINUOUS
10
0.1386766929133858
20
-1.4025953543307086
11
0.1374588188976378
21
-1.3994635433070866
0
LINE
8
BLACK
6
CONTINUOUS
10
0.1374588188976378
20
-1.3994635433070866
11
0.1344678346456693
21
-1.3825007874015747
0
LINE
8
BLACK
6
CONTINUOUS
10
0.1344678346456693
20
-1.3825007874015747
11
0.1345411023622047
21
-1.3791412992125984
0
LINE
8
BLACK
6
CONTINUOUS
10
0.1345411023622047
20
-1.3791412992125984
11
0.1358944881889764
21
-1.3760655118110237
0
LINE
8
BLACK
6
CONTINUOUS
10
0.1358944881889764
20
-1.3760655118110237
11
0.1383218503937008
21
-1.3737418110236219
0
LINE
8
BLACK
6
CONTINUOUS
10
0.1383218503937008
20
-1.3737418110236219
11
0.1414537007874016
21
-1.3725239370078739
0
LINE
8
BLACK
6
CONTINUOUS
10
0.1414537007874016
20
-1.3725239370078739
11
0.1613243307086614
21
-1.3690201968503937
0
LINE
8
BLACK
6
CONTINUOUS
10
0.1613243307086614
20
-1.3690201968503937
11
0.1646838582677165
21
-1.3690935039370078
0
LINE
8
BLACK
6
CONTINUOUS
10
0.4755420472440945
20
-1.3630532283464567
11
0.478251968503937
21
-1.3650402362204723
0
LINE
8
BLACK
6
CONTINUOUS
10
0.478251968503937
20
-1.3650402362204723
11
0.4799951968503937
21
-1.367913031496063
0
LINE
8
BLACK
6
CONTINUOUS
10
0.4799951968503937
20
-1.367913031496063
11
0.4858862992125984
21
-1.3840986614173227
0
LINE
8
BLACK
6
CONTINUOUS
10
0.4858862992125984
20
-1.3840986614173227
11
0.4863974803149606
21
-1.3874198818897638
0
LINE
8
BLACK
6
CONTINUOUS
10
0.4863974803149606
20
-1.3874198818897638
11
0.485598779527559
21
-1.3906838976377953
0
LINE
8
BLACK
6
CONTINUOUS
10
0.485598779527559
20
-1.3906838976377953
11
0.4836118110236221
21
-1.3933938188976378
0
LINE
8
BLACK
6
CONTINUOUS
10
0.4836118110236221
20
-1.3933938188976378
11
0.4807390157480315
21
-1.3951370472440945
0
LINE
8
BLACK
6
CONTINUOUS
10
0.4807390157480315
20
-1.3951370472440945
11
0.4617787007874016
21
-1.402038031496063
0
LINE
8
BLACK
6
CONTINUOUS
10
0.4617787007874016
20
-1.402038031496063
11
0.4584574803149606
21
-1.4025492519685039
0
LINE
8
BLACK
6
CONTINUOUS
10
0.4584574803149606
20
-1.4025492519685039
11
0.4551934645669291
21
-1.4017505511811024
0
LINE
8
BLACK
6
CONTINUOUS
10
0.4551934645669291
20
-1.4017505511811024
11
0.4524835433070866
21
-1.3997635433070865
0
LINE
8
BLACK
6
CONTINUOUS
10
0.4524835433070866
20
-1.3997635433070865
11
0.4507403149606299
21
-1.396890748031496
0
LINE
8
BLACK
6
CONTINUOUS
10
0.4507403149606299
20
-1.396890748031496
11
0.4448492125984252
21
-1.3807051181102361
0
LINE
8
BLACK
6
CONTINUOUS
10
0.4448492125984252
20
-1.3807051181102361
11
0.444338031496063
21
-1.3773838976377952
0
LINE
8
BLACK
6
CONTINUOUS
10
0.444338031496063
20
-1.3773838976377952
11
0.4451367322834646
21
-1.3741198818897638
0
LINE
8
BLACK
6
CONTINUOUS
10
0.4451367322834646
20
-1.3741198818897638
11
0.4471237007874015
21
-1.3714099606299213
0
LINE
8
BLACK
6
CONTINUOUS
10
0.4471237007874015
20
-1.3714099606299213
11
0.4499964960629921
21
-1.3696667322834646
0
LINE
8
BLACK
6
CONTINUOUS
10
0.4499964960629921
20
-1.3696667322834646
11
0.468956811023622
21
-1.3627657480314961
0
LINE
8
BLACK
6
CONTINUOUS
10
0.468956811023622
20
-1.3627657480314961
11
0.472278031496063
21
-1.3622545275590552
0
LINE
8
BLACK
6
CONTINUOUS
10
0.472278031496063
20
-1.3622545275590552
11
0.4755420472440945
21
-1.3630532283464567
0
LINE
8
BLACK
6
CONTINUOUS
10
0.3135612992125984
20
-1.3449319291338582
11
0.316087716535433
21
-1.3471475590551181
0
LINE
8
BLACK
6
CONTINUOUS
10
0.316087716535433
20
-1.3471475590551181
11
0.317573937007874
21
-1.3501613385826772
0
LINE
8
BLACK
6
CONTINUOUS
10
0.317573937007874
20
-1.3501613385826772
11
0.3220319291338583
21
-1.3667988188976377
0
LINE
8
BLACK
6
CONTINUOUS
10
0.3220319291338583
20
-1.3667988188976377
11
0.3222517322834645
21
-1.3701519291338582
0
LINE
8
BLACK
6
CONTINUOUS
10
0.3222517322834645
20
-1.3701519291338582
11
0.3211716141732283
21
-1.3733339370078741
0
LINE
8
BLACK
6
CONTINUOUS
10
0.3211716141732283
20
-1.3733339370078741
11
0.3189559842519685
21
-1.3758603543307086
0
LINE
8
BLACK
6
CONTINUOUS
10
0.3189559842519685
20
-1.3758603543307086
11
0.3159422047244094
21
-1.3773465748031495
0
LINE
8
BLACK
6
CONTINUOUS
10
0.3159422047244094
20
-1.3773465748031495
11
0.2964525590551181
21
-1.3825688188976377
0
LINE
8
BLACK
6
CONTINUOUS
10
0.2964525590551181
20
-1.3825688188976377
11
0.2930994488188977
21
-1.3827886220472441
0
LINE
8
BLACK
6
CONTINUOUS
10
0.2930994488188977
20
-1.3827886220472441
11
0.2899174409448819
21
-1.3817084645669291
0
LINE
8
BLACK
6
CONTINUOUS
10
0.2899174409448819
20
-1.3817084645669291
11
0.2873910236220472
21
-1.3794928346456692
0
LINE
8
BLACK
6
CONTINUOUS
10
0.2873910236220472
20
-1.3794928346456692
11
0.2859048031496063
21
-1.3764790551181103
0
LINE
8
BLACK
6
CONTINUOUS
10
0.2859048031496063
20
-1.3764790551181103
11
0.2814468110236221
21
-1.3598415748031496
0
LINE
8
BLACK
6
CONTINUOUS
10
0.2814468110236221
20
-1.3598415748031496
11
0.2812270078740157
21
-1.3564884645669291
0
LINE
8
BLACK
6
CONTINUOUS
10
0.2812270078740157
20
-1.3564884645669291
11
0.2823071259842519
21
-1.3533064566929134
0
LINE
8
BLACK
6
CONTINUOUS
10
0.2823071259842519
20
-1.3533064566929134
11
0.2845227559055118
21
-1.3507800393700786
0
LINE
8
BLACK
6
CONTINUOUS
10
0.2845227559055118
20
-1.3507800393700786
11
0.2875365354330708
21
-1.3492938188976378
0
LINE
8
BLACK
6
CONTINUOUS
10
0.2875365354330708
20
-1.3492938188976378
11
0.3070261811023622
21
-1.3440715748031495
0
LINE
8
BLACK
6
CONTINUOUS
10
0.3070261811023622
20
-1.3440715748031495
11
0.3103792913385827
21
-1.3438517716535432
0
LINE
8
BLACK
6
CONTINUOUS
10
0.3103792913385827
20
-1.3438517716535432
11
0.3135612992125984
21
-1.3449319291338582
0
LINE
8
BLACK
6
CONTINUOUS
10
0.6163158661417323
20
-1.3062050393700788
11
0.6191886220472441
21
-1.3079483070866142
0
LINE
8
BLACK
6
CONTINUOUS
10
0.6191886220472441
20
-1.3079483070866142
11
0.6211755905511811
21
-1.310658188976378
0
LINE
8
BLACK
6
CONTINUOUS
10
0.6211755905511811
20
-1.310658188976378
11
0.6284549606299212
21
-1.3262688188976377
0
LINE
8
BLACK
6
CONTINUOUS
10
0.6284549606299212
20
-1.3262688188976377
11
0.6292536614173229
21
-1.3295328346456692
0
LINE
8
BLACK
6
CONTINUOUS
10
0.6292536614173229
20
-1.3295328346456692
11
0.6287424803149606
21
-1.3328540551181103
0
LINE
8
BLACK
6
CONTINUOUS
10
0.6287424803149606
20
-1.3328540551181103
11
0.6269992519685039
21
-1.3357268503937008
0
LINE
8
BLACK
6
CONTINUOUS
10
0.6269992519685039
20
-1.3357268503937008
11
0.6242893307086614
21
-1.3377138188976379
0
LINE
8
BLACK
6
CONTINUOUS
10
0.6242893307086614
20
-1.3377138188976379
11
0.6060025984251969
21
-1.346241062992126
0
LINE
8
BLACK
6
CONTINUOUS
10
0.6060025984251969
20
-1.346241062992126
11
0.6027385826771653
21
-1.3470397637795275
0
LINE
8
BLACK
6
CONTINUOUS
10
0.6027385826771653
20
-1.3470397637795275
11
0.5994173622047244
21
-1.3465285826771654
0
LINE
8
BLACK
6
CONTINUOUS
10
0.5994173622047244
20
-1.3465285826771654
11
0.5965446062992126
21
-1.3447853149606299
0
LINE
8
BLACK
6
CONTINUOUS
10
0.5965446062992126
20
-1.3447853149606299
11
0.5945576377952756
21
-1.3420754330708662
0
LINE
8
BLACK
6
CONTINUOUS
10
0.5945576377952756
20
-1.3420754330708662
11
0.5872782677165355
21
-1.3264648031496062
0
LINE
8
BLACK
6
CONTINUOUS
10
0.5872782677165355
20
-1.3264648031496062
11
0.5864795669291338
21
-1.3232007874015748
0
LINE
8
BLACK
6
CONTINUOUS
10
0.5864795669291338
20
-1.3232007874015748
11
0.5869907480314961
21
-1.3198795669291339
0
LINE
8
BLACK
6
CONTINUOUS
10
0.5869907480314961
20
-1.3198795669291339
11
0.5887339763779528
21
-1.3170067716535432
0
LINE
8
BLACK
6
CONTINUOUS
10
0.5887339763779528
20
-1.3170067716535432
11
0.5914438976377953
21
-1.3150198031496063
0
LINE
8
BLACK
6
CONTINUOUS
10
0.5914438976377953
20
-1.3150198031496063
11
0.6097306299212598
21
-1.3064925590551182
0
LINE
8
BLACK
6
CONTINUOUS
10
0.6097306299212598
20
-1.3064925590551182
11
0.6129946456692913
21
-1.3056938582677164
0
LINE
8
BLACK
6
CONTINUOUS
10
0.6129946456692913
20
-1.3056938582677164
11
0.6163158661417323
21
-1.3062050393700788
0
LINE
8
BLACK
6
CONTINUOUS
10
0.454334094488189
20
-1.3047848818897638
11
0.4570440157480315
21
-1.3067718897637794
0
LINE
8
BLACK
6
CONTINUOUS
10
0.4570440157480315
20
-1.3067718897637794
11
0.4587872440944882
21
-1.3096446850393701
0
LINE
8
BLACK
6
CONTINUOUS
10
0.4587872440944882
20
-1.3096446850393701
11
0.4646783464566929
21
-1.3258303149606299
0
LINE
8
BLACK
6
CONTINUOUS
10
0.4646783464566929
20
-1.3258303149606299
11
0.4651895275590551
21
-1.3291515354330707
0
LINE
8
BLACK
6
CONTINUOUS
10
0.4651895275590551
20
-1.3291515354330707
11
0.4643908267716536
21
-1.3324155511811024
0
LINE
8
BLACK
6
CONTINUOUS
10
0.4643908267716536
20
-1.3324155511811024
11
0.4624038582677165
21
-1.3351254724409449
0
LINE
8
BLACK
6
CONTINUOUS
10
0.4624038582677165
20
-1.3351254724409449
11
0.459531062992126
21
-1.3368687007874016
0
LINE
8
BLACK
6
CONTINUOUS
10
0.459531062992126
20
-1.3368687007874016
11
0.440570748031496
21
-1.3437696850393701
0
LINE
8
BLACK
6
CONTINUOUS
10
0.440570748031496
20
-1.3437696850393701
11
0.4372495275590551
21
-1.344280905511811
0
LINE
8
BLACK
6
CONTINUOUS
10
0.4372495275590551
20
-1.344280905511811
11
0.4339855118110236
21
-1.3434822047244095
0
LINE
8
BLACK
6
CONTINUOUS
10
0.4339855118110236
20
-1.3434822047244095
11
0.4312755905511811
21
-1.3414951968503936
0
LINE
8
BLACK
6
CONTINUOUS
10
0.4312755905511811
20
-1.3414951968503936
11
0.4295323622047244
21
-1.3386224015748032
0
LINE
8
BLACK
6
CONTINUOUS
10
0.4295323622047244
20
-1.3386224015748032
11
0.4236412598425197
21
-1.3224367716535432
0
LINE
8
BLACK
6
CONTINUOUS
10
0.4236412598425197
20
-1.3224367716535432
11
0.4231300787401575
21
-1.3191155511811024
0
LINE
8
BLACK
6
CONTINUOUS
10
0.4231300787401575
20
-1.3191155511811024
11
0.423928779527559
21
-1.3158515354330709
0
LINE
8
BLACK
6
CONTINUOUS
10
0.423928779527559
20
-1.3158515354330709
11
0.4259157480314961
21
-1.3131416141732284
0
LINE
8
BLACK
6
CONTINUOUS
10
0.4259157480314961
20
-1.3131416141732284
11
0.4287885433070866
21
-1.3113983858267717
0
LINE
8
BLACK
6
CONTINUOUS
10
0.4287885433070866
20
-1.3113983858267717
11
0.4477488582677165
21
-1.3044974015748032
0
LINE
8
BLACK
6
CONTINUOUS
10
0.4477488582677165
20
-1.3044974015748032
11
0.4510700787401575
21
-1.3039861811023621
0
LINE
8
BLACK
6
CONTINUOUS
10
0.4510700787401575
20
-1.3039861811023621
11
0.454334094488189
21
-1.3047848818897638
0
LINE
8
BLACK
6
CONTINUOUS
10
-0.3740157480314961
20
-1.311023622047244
11
-0.3976377952755906
21
-1.311023622047244
0
LINE
8
BLACK
6
CONTINUOUS
10
-0.3976377952755906
20
-1.311023622047244
11
-0.3976377952755906
21
-1.2992125984251968
0
LINE
8
BLACK
6
CONTINUOUS
10
-0.3976377952755906
20
-1.2992125984251968
11
-0.3740157480314961
21
-1.2992125984251968
0
LINE
8
BLACK
6
CONTINUOUS
10
-0.3740157480314961
20
-1.2992125984251968
11
-0.3740157480314961
21
-1.311023622047244
0
LINE
8
BLACK
6
CONTINUOUS
10
-0.2795275590551181
20
-1.311023622047244
11
-0.3031496062992126
21
-1.311023622047244
0
LINE
8
BLACK
6
CONTINUOUS
10
-0.3031496062992126
20
-1.311023622047244
11
-0.3031496062992126
21
-1.2992125984251968
0
LINE
8
BLACK
6
CONTINUOUS
10
-0.3031496062992126
20
-1.2992125984251968
11
-0.2795275590551181
21
-1.2992125984251968
0
LINE
8
BLACK
6
CONTINUOUS
10
-0.2795275590551181
20
-1.2992125984251968
11
-0.2795275590551181
21
-1.311023622047244
0
LINE
8
BLACK
6
CONTINUOUS
10
-0.3267716535433071
20
-1.2956692913385826
11
-0.3503937007874016
21
-1.2956692913385826
0
LINE
8
BLACK
6
CONTINUOUS
10
-0.3503937007874016
20
-1.2956692913385826
11
-0.3503937007874016
21
-1.2555118110236221
0
LINE
8
BLACK
6
CONTINUOUS
10
-0.3503937007874016
20
-1.2555118110236221
11
-0.3267716535433071
21
-1.2555118110236221
0
LINE
8
BLACK
6
CONTINUOUS
10
-0.3267716535433071
20
-1.2555118110236221
11
-0.3267716535433071
21
-1.2956692913385826
0
LINE
8
BLACK
6
CONTINUOUS
10
-0.3740157480314961
20
-1.2913385826771653
11
-0.3976377952755906
21
-1.2913385826771653
0
LINE
8
BLACK
6
CONTINUOUS
10
-0.3976377952755906
20
-1.2913385826771653
11
-0.3976377952755906
21
-1.2795275590551181
0
LINE
8
BLACK
6
CONTINUOUS
10
-0.3976377952755906
20
-1.2795275590551181
11
-0.3740157480314961
21
-1.2795275590551181
0
LINE
8
BLACK
6
CONTINUOUS
10
-0.3740157480314961
20
-1.2795275590551181
11
-0.3740157480314961
21
-1.2913385826771653
0
LINE
8
BLACK
6
CONTINUOUS
10
-0.2795275590551181
20
-1.2913385826771653
11
-0.3031496062992126
21
-1.2913385826771653
0
LINE
8
BLACK
6
CONTINUOUS
10
-0.3031496062992126
20
-1.2913385826771653
11
-0.3031496062992126
21
-1.2795275590551181
0
LINE
8
BLACK
6
CONTINUOUS
10
-0.3031496062992126
20
-1.2795275590551181
11
-0.2795275590551181
21
-1.2795275590551181
0
LINE
8
BLACK
6
CONTINUOUS
10
-0.2795275590551181
20
-1.2795275590551181
11
-0.2795275590551181
21
-1.2913385826771653
0
LINE
8
BLACK
6
CONTINUOUS
10
0.5901101968503937
20
-1.2500068503937007
11
0.5929829527559055
21
-1.2517501181102362
0
LINE
8
BLACK
6
CONTINUOUS
10
0.5929829527559055
20
-1.2517501181102362
11
0.5949699212598425
21
-1.2544599999999999
0
LINE
8
BLACK
6
CONTINUOUS
10
0.5949699212598425
20
-1.2544599999999999
11
0.6022492913385826
21
-1.2700706299212599
0
LINE
8
BLACK
6
CONTINUOUS
10
0.6022492913385826
20
-1.2700706299212599
11
0.6030479921259843
21
-1.2733346456692913
0
LINE
8
BLACK
6
CONTINUOUS
10
0.6030479921259843
20
-1.2733346456692913
11
0.602536811023622
21
-1.2766558661417322
0
LINE
8
BLACK
6
CONTINUOUS
10
0.602536811023622
20
-1.2766558661417322
11
0.6007935826771653
21
-1.2795286614173229
0
LINE
8
BLACK
6
CONTINUOUS
10
0.6007935826771653
20
-1.2795286614173229
11
0.5980836614173228
21
-1.2815156299212598
0
LINE
8
BLACK
6
CONTINUOUS
10
0.5980836614173228
20
-1.2815156299212598
11
0.5797969291338583
21
-1.2900428740157479
0
LINE
8
BLACK
6
CONTINUOUS
10
0.5797969291338583
20
-1.2900428740157479
11
0.5765329133858268
21
-1.2908415748031496
0
LINE
8
BLACK
6
CONTINUOUS
10
0.5765329133858268
20
-1.2908415748031496
11
0.5732116929133858
21
-1.2903303937007873
0
LINE
8
BLACK
6
CONTINUOUS
10
0.5732116929133858
20
-1.2903303937007873
11
0.570338937007874
21
-1.2885871259842518
0
LINE
8
BLACK
6
CONTINUOUS
10
0.570338937007874
20
-1.2885871259842518
11
0.568351968503937
21
-1.2858772440944881
0
LINE
8
BLACK
6
CONTINUOUS
10
0.568351968503937
20
-1.2858772440944881
11
0.5610725984251969
21
-1.2702666141732284
0
LINE
8
BLACK
6
CONTINUOUS
10
0.5610725984251969
20
-1.2702666141732284
11
0.5602738976377952
21
-1.2670025984251969
0
LINE
8
BLACK
6
CONTINUOUS
10
0.5602738976377952
20
-1.2670025984251969
11
0.5607850787401575
21
-1.2636813779527558
0
LINE
8
BLACK
6
CONTINUOUS
10
0.5607850787401575
20
-1.2636813779527558
11
0.5625283070866142
21
-1.2608085826771653
0
LINE
8
BLACK
6
CONTINUOUS
10
0.5625283070866142
20
-1.2608085826771653
11
0.5652382283464567
21
-1.2588216141732282
0
LINE
8
BLACK
6
CONTINUOUS
10
0.5652382283464567
20
-1.2588216141732282
11
0.5835249606299212
21
-1.2502943700787401
0
LINE
8
BLACK
6
CONTINUOUS
10
0.5835249606299212
20
-1.2502943700787401
11
0.5867889763779528
21
-1.2494956692913386
0
LINE
8
BLACK
6
CONTINUOUS
10
0.5867889763779528
20
-1.2494956692913386
11
0.5901101968503937
21
-1.2500068503937007
0
LINE
8
BLACK
6
CONTINUOUS
10
-0.3740157480314961
20
-1.2716535433070866
11
-0.3976377952755906
21
-1.2716535433070866
0
LINE
8
BLACK
6
CONTINUOUS
10
-0.3976377952755906
20
-1.2716535433070866
11
-0.3976377952755906
21
-1.2598425196850394
0
LINE
8
BLACK
6
CONTINUOUS
10
-0.3976377952755906
20
-1.2598425196850394
11
-0.3740157480314961
21
-1.2598425196850394
0
LINE
8
BLACK
6
CONTINUOUS
10
-0.3740157480314961
20
-1.2598425196850394
11
-0.3740157480314961
21
-1.2716535433070866
0
LINE
8
BLACK
6
CONTINUOUS
10
-0.2795275590551181
20
-1.2716535433070866
11
-0.3031496062992126
21
-1.2716535433070866
0
LINE
8
BLACK
6
CONTINUOUS
10
-0.3031496062992126
20
-1.2716535433070866
11
-0.3031496062992126
21
-1.2598425196850394
0
LINE
8
BLACK
6
CONTINUOUS
10
-0.3031496062992126
20
-1.2598425196850394
11
-0.2795275590551181
21
-1.2598425196850394
0
LINE
8
BLACK
6
CONTINUOUS
10
-0.2795275590551181
20
-1.2598425196850394
11
-0.2795275590551181
21
-1.2716535433070866
0
LINE
8
BLACK
6
CONTINUOUS
10
0.2936038188976378
20
-1.2330796850393702
11
0.2961583070866142
21
-1.2347865748031497
0
LINE
8
BLACK
6
CONTINUOUS
10
0.2961583070866142
20
-1.2347865748031497
11
0.2978651968503937
21
-1.237341062992126
0
LINE
8
BLACK
6
CONTINUOUS
10
0.2978651968503937
20
-1.237341062992126
11
0.2984645669291339
21
-1.2403543307086613
0
LINE
8
BLACK
6
CONTINUOUS
10
0.2984645669291339
20
-1.2403543307086613
11
0.2984645669291339
21
-1.2561023622047245
0
LINE
8
BLACK
6
CONTINUOUS
10
0.2984645669291339
20
-1.2561023622047245
11
0.2978651968503937
21
-1.2591156299212598
0
LINE
8
BLACK
6
CONTINUOUS
10
0.2978651968503937
20
-1.2591156299212598
11
0.2961583070866142
21
-1.2616701181102361
0
LINE
8
BLACK
6
CONTINUOUS
10
0.2961583070866142
20
-1.2616701181102361
11
0.2936038188976378
21
-1.2633770078740156
0
LINE
8
BLACK
6
CONTINUOUS
10
0.2936038188976378
20
-1.2633770078740156
11
0.2905905511811023
21
-1.263976377952756
0
LINE
8
BLACK
6
CONTINUOUS
10
0.2905905511811023
20
-1.263976377952756
11
0.2689370078740158
21
-1.263976377952756
0
LINE
8
BLACK
6
CONTINUOUS
10
0.2689370078740158
20
-1.263976377952756
11
0.2659237401574803
21
-1.2633770078740156
0
LINE
8
BLACK
6
CONTINUOUS
10
0.2659237401574803
20
-1.2633770078740156
11
0.2633692519685039
21
-1.2616701181102361
0
LINE
8
BLACK
6
CONTINUOUS
10
0.2633692519685039
20
-1.2616701181102361
11
0.2616623622047244
21
-1.2591156299212598
0
LINE
8
BLACK
6
CONTINUOUS
10
0.2616623622047244
20
-1.2591156299212598
11
0.2610629921259843
21
-1.2561023622047245
0
LINE
8
BLACK
6
CONTINUOUS
10
0.2610629921259843
20
-1.2561023622047245
11
0.2610629921259843
21
-1.2403543307086613
0
LINE
8
BLACK
6
CONTINUOUS
10
0.2610629921259843
20
-1.2403543307086613
11
0.2616623622047244
21
-1.237341062992126
0
LINE
8
BLACK
6
CONTINUOUS
10
0.2616623622047244
20
-1.237341062992126
11
0.2633692519685039
21
-1.2347865748031497
0
LINE
8
BLACK
6
CONTINUOUS
10
0.2633692519685039
20
-1.2347865748031497
11
0.2659237401574803
21
-1.2330796850393702
0
LINE
8
BLACK
6
CONTINUOUS
10
0.2659237401574803
20
-1.2330796850393702
11
0.2689370078740158
21
-1.2324803149606298
0
LINE
8
BLACK
6
CONTINUOUS
10
0.2689370078740158
20
-1.2324803149606298
11
0.2905905511811023
21
-1.2324803149606298
0
LINE
8
BLACK
6
CONTINUOUS
10
0.2905905511811023
20
-1.2324803149606298
11
0.2936038188976378
21
-1.2330796850393702
0
LINE
8
BLACK
6
CONTINUOUS
10
0.3636038188976378
20
-1.2327017322834646
11
0.3661583070866142
21
-1.2344086220472441
0
LINE
8
BLACK
6
CONTINUOUS
10
0.3661583070866142
20
-1.2344086220472441
11
0.3678651968503937
21
-1.2369631102362204
0
LINE
8
BLACK
6
CONTINUOUS
10
0.3678651968503937
20
-1.2369631102362204
11
0.3684645669291339
21
-1.2399763779527559
0
LINE
8
BLACK
6
CONTINUOUS
10
0.3684645669291339
20
-1.2399763779527559
11
0.3684645669291339
21
-1.2557244094488189
0
LINE
8
BLACK
6
CONTINUOUS
10
0.3684645669291339
20
-1.2557244094488189
11
0.3678651968503937
21
-1.2587376771653542
0
LINE
8
BLACK
6
CONTINUOUS
10
0.3678651968503937
20
-1.2587376771653542
11
0.3661583070866142
21
-1.2612921653543308
0
LINE
8
BLACK
6
CONTINUOUS
10
0.3661583070866142
20
-1.2612921653543308
11
0.3636038188976378
21
-1.2629990551181103
0
LINE
8
BLACK
6
CONTINUOUS
10
0.3636038188976378
20
-1.2629990551181103
11
0.3605905511811023
21
-1.2635984251968504
0
LINE
8
BLACK
6
CONTINUOUS
10
0.3605905511811023
20
-1.2635984251968504
11
0.3389370078740158
21
-1.2635984251968504
0
LINE
8
BLACK
6
CONTINUOUS
10
0.3389370078740158
20
-1.2635984251968504
11
0.3359237401574803
21
-1.2629990551181103
0
LINE
8
BLACK
6
CONTINUOUS
10
0.3359237401574803
20
-1.2629990551181103
11
0.3333692519685039
21
-1.2612921653543308
0
LINE
8
BLACK
6
CONTINUOUS
10
0.3333692519685039
20
-1.2612921653543308
11
0.3316623622047244
21
-1.2587376771653542
0
LINE
8
BLACK
6
CONTINUOUS
10
0.3316623622047244
20
-1.2587376771653542
11
0.3310629921259842
21
-1.2557244094488189
0
LINE
8
BLACK
6
CONTINUOUS
10
0.3310629921259842
20
-1.2557244094488189
11
0.3310629921259842
21
-1.2399763779527559
0
LINE
8
BLACK
6
CONTINUOUS
10
0.3310629921259842
20
-1.2399763779527559
11
0.3316623622047244
21
-1.2369631102362204
0
LINE
8
BLACK
6
CONTINUOUS
10
0.3316623622047244
20
-1.2369631102362204
11
0.3333692519685039
21
-1.2344086220472441
0
LINE
8
BLACK
6
CONTINUOUS
10
0.3333692519685039
20
-1.2344086220472441
11
0.3359237401574803
21
-1.2327017322834646
0
LINE
8
BLACK
6
CONTINUOUS
10
0.3359237401574803
20
-1.2327017322834646
11
0.3389370078740158
21
-1.2321023622047245
0
LINE
8
BLACK
6
CONTINUOUS
10
0.3389370078740158
20
-1.2321023622047245
11
0.3605905511811023
21
-1.2321023622047245
0
LINE
8
BLACK
6
CONTINUOUS
10
0.3605905511811023
20
-1.2321023622047245
11
0.3636038188976378
21
-1.2327017322834646
0
LINE
8
BLACK
6
CONTINUOUS
10
0.4336038188976378
20
-1.2305993700787401
11
0.4361583070866142
21
-1.2323062598425196
0
LINE
8
BLACK
6
CONTINUOUS
10
0.4361583070866142
20
-1.2323062598425196
11
0.4378651968503937
21
-1.2348607480314959
0
LINE
8
BLACK
6
CONTINUOUS
10
0.4378651968503937
20
-1.2348607480314959
11
0.4384645669291338
21
-1.2378740157480315
0
LINE
8
BLACK
6
CONTINUOUS
10
0.4384645669291338
20
-1.2378740157480315
11
0.4384645669291338
21
-1.2536220472440944
0
LINE
8
BLACK
6
CONTINUOUS
10
0.4384645669291338
20
-1.2536220472440944
11
0.4378651968503937
21
-1.25663531496063
0
LINE
8
BLACK
6
CONTINUOUS
10
0.4378651968503937
20
-1.25663531496063
11
0.4361583070866142
21
-1.2591898031496063
0
LINE
8
BLACK
6
CONTINUOUS
10
0.4361583070866142
20
-1.2591898031496063
11
0.4336038188976378
21
-1.2608966929133858
0
LINE
8
BLACK
6
CONTINUOUS
10
0.4336038188976378
20
-1.2608966929133858
11
0.4305905511811023
21
-1.2614960629921259
0
LINE
8
BLACK
6
CONTINUOUS
10
0.4305905511811023
20
-1.2614960629921259
11
0.4089370078740157
21
-1.2614960629921259
0
LINE
8
BLACK
6
CONTINUOUS
10
0.4089370078740157
20
-1.2614960629921259
11
0.4059237401574803
21
-1.2608966929133858
0
LINE
8
BLACK
6
CONTINUOUS
10
0.4059237401574803
20
-1.2608966929133858
11
0.4033692519685039
21
-1.2591898031496063
0
LINE
8
BLACK
6
CONTINUOUS
10
0.4033692519685039
20
-1.2591898031496063
11
0.4016623622047244
21
-1.25663531496063
0
LINE
8
BLACK
6
CONTINUOUS
10
0.4016623622047244
20
-1.25663531496063
11
0.4010629921259842
21
-1.2536220472440944
0
LINE
8
BLACK
6
CONTINUOUS
10
0.4010629921259842
20
-1.2536220472440944
11
0.4010629921259842
21
-1.2378740157480315
0
LINE
8
BLACK
6
CONTINUOUS
10
0.4010629921259842
20
-1.2378740157480315
11
0.4016623622047244
21
-1.2348607480314959
0
LINE
8
BLACK
6
CONTINUOUS
10
0.4016623622047244
20
-1.2348607480314959
11
0.4033692519685039
21
-1.2323062598425196
0
LINE
8
BLACK
6
CONTINUOUS
10
0.4033692519685039
20
-1.2323062598425196
11
0.4059237401574803
21
-1.2305993700787401
0
LINE
8
BLACK
6
CONTINUOUS
10
0.4059237401574803
20
-1.2305993700787401
11
0.4089370078740157
21
-1.23
0
LINE
8
BLACK
6
CONTINUOUS
10
0.4089370078740157
20
-1.23
11
0.4305905511811023
21
-1.23
0
LINE
8
BLACK
6
CONTINUOUS
10
0.4305905511811023
20
-1.23
11
0.4336038188976378
21
-1.2305993700787401
0
LINE
8
BLACK
6
CONTINUOUS
10
-0.3740157480314961
20
-1.2519685039370079
11
-0.3976377952755906
21
-1.2519685039370079
0
LINE
8
BLACK
6
CONTINUOUS
10
-0.3976377952755906
20
-1.2519685039370079
11
-0.3976377952755906
21
-1.2401574803149606
0
LINE
8
BLACK
6
CONTINUOUS
10
-0.3976377952755906
20
-1.2401574803149606
11
-0.3740157480314961
21
-1.2401574803149606
0
LINE
8
BLACK
6
CONTINUOUS
10
-0.3740157480314961
20
-1.2401574803149606
11
-0.3740157480314961
21
-1.2519685039370079
0
LINE
8
BLACK
6
CONTINUOUS
10
-0.2795275590551181
20
-1.2519685039370079
11
-0.3031496062992126
21
-1.2519685039370079
0
LINE
8
BLACK
6
CONTINUOUS
10
-0.3031496062992126
20
-1.2519685039370079
11
-0.3031496062992126
21
-1.2401574803149606
0
LINE
8
BLACK
6
CONTINUOUS
10
-0.3031496062992126
20
-1.2401574803149606
11
-0.2795275590551181
21
-1.2401574803149606
0
LINE
8
BLACK
6
CONTINUOUS
10
-0.2795275590551181
20
-1.2401574803149606
11
-0.2795275590551181
21
-1.2519685039370079
0
LINE
8
BLACK
6
CONTINUOUS
10
0.5486038188976378
20
-1.18807968503937
11
0.5511583070866142
21
-1.1897865748031495
0
LINE
8
BLACK
6
CONTINUOUS
10
0.5511583070866142
20
-1.1897865748031495
11
0.5528651968503937
21
-1.1923410629921261
0
LINE
8
BLACK
6
CONTINUOUS
10
0.5528651968503937
20
-1.1923410629921261
11
0.5534645669291338
21
-1.1953543307086614
0
LINE
8
BLACK
6
CONTINUOUS
10
0.5534645669291338
20
-1.1953543307086614
11
0.5534645669291338
21
-1.2111023622047243
0
LINE
8
BLACK
6
CONTINUOUS
10
0.5534645669291338
20
-1.2111023622047243
11
0.5528651968503937
21
-1.2141156299212599
0
LINE
8
BLACK
6
CONTINUOUS
10
0.5528651968503937
20
-1.2141156299212599
11
0.5511583070866142
21
-1.2166701181102362
0
LINE
8
BLACK
6
CONTINUOUS
10
0.5511583070866142
20
-1.2166701181102362
11
0.5486038188976378
21
-1.2183770078740157
0
LINE
8
BLACK
6
CONTINUOUS
10
0.5486038188976378
20
-1.2183770078740157
11
0.5455905511811023
21
-1.2189763779527558
0
LINE
8
BLACK
6
CONTINUOUS
10
0.5455905511811023
20
-1.2189763779527558
11
0.5239370078740158
21
-1.2189763779527558
0
LINE
8
BLACK
6
CONTINUOUS
10
0.5239370078740158
20
-1.2189763779527558
11
0.5209237401574803
21
-1.2183770078740157
0
LINE
8
BLACK
6
CONTINUOUS
10
0.5209237401574803
20
-1.2183770078740157
11
0.5183692519685039
21
-1.2166701181102362
0
LINE
8
BLACK
6
CONTINUOUS
10
0.5183692519685039
20
-1.2166701181102362
11
0.5166623622047244
21
-1.2141156299212599
0
LINE
8
BLACK
6
CONTINUOUS
10
0.5166623622047244
20
-1.2141156299212599
11
0.5160629921259843
21
-1.2111023622047243
0
LINE
8
BLACK
6
CONTINUOUS
10
0.5160629921259843
20
-1.2111023622047243
11
0.5160629921259843
21
-1.1953543307086614
0
LINE
8
BLACK
6
CONTINUOUS
10
0.5160629921259843
20
-1.1953543307086614
11
0.5166623622047244
21
-1.1923410629921261
0
LINE
8
BLACK
6
CONTINUOUS
10
0.5166623622047244
20
-1.1923410629921261
11
0.5183692519685039
21
-1.1897865748031495
0
LINE
8
BLACK
6
CONTINUOUS
10
0.5183692519685039
20
-1.1897865748031495
11
0.5209237401574803
21
-1.18807968503937
0
LINE
8
BLACK
6
CONTINUOUS
10
0.5209237401574803
20
-1.18807968503937
11
0.5239370078740158
21
-1.1874803149606299
0
LINE
8
BLACK
6
CONTINUOUS
10
0.5239370078740158
20
-1.1874803149606299
11
0.5455905511811023
21
-1.1874803149606299
0
LINE
8
BLACK
6
CONTINUOUS
10
0.5455905511811023
20
-1.1874803149606299
11
0.5486038188976378
21
-1.18807968503937
0
LINE
8
BLACK
6
CONTINUOUS
10
0.2936038188976378
20
-1.1681190551181102
11
0.2961583070866142
21
-1.1698259448818897
0
LINE
8
BLACK
6
CONTINUOUS
10
0.2961583070866142
20
-1.1698259448818897
11
0.2978651968503937
21
-1.172380433070866
0
LINE
8
BLACK
6
CONTINUOUS
10
0.2978651968503937
20
-1.172380433070866
11
0.2984645669291339
21
-1.1753937007874016
0
LINE
8
BLACK
6
CONTINUOUS
10
0.2984645669291339
20
-1.1753937007874016
11
0.2984645669291339
21
-1.1911417322834645
0
LINE
8
BLACK
6
CONTINUOUS
10
0.2984645669291339
20
-1.1911417322834645
11
0.2978651968503937
21
-1.1941550000000001
0
LINE
8
BLACK
6
CONTINUOUS
10
0.2978651968503937
20
-1.1941550000000001
11
0.2961583070866142
21
-1.1967094881889764
0
LINE
8
BLACK
6
CONTINUOUS
10
0.2961583070866142
20
-1.1967094881889764
11
0.2936038188976378
21
-1.1984163779527559
0
LINE
8
BLACK
6
CONTINUOUS
10
0.2936038188976378
20
-1.1984163779527559
11
0.2905905511811023
21
-1.199015748031496
0
LINE
8
BLACK
6
CONTINUOUS
10
0.2905905511811023
20
-1.199015748031496
11
0.2689370078740158
21
-1.199015748031496
0
LINE
8
BLACK
6
CONTINUOUS
10
0.2689370078740158
20
-1.199015748031496
11
0.2659237401574803
21
-1.1984163779527559
0
LINE
8
BLACK
6
CONTINUOUS
10
0.2659237401574803
20
-1.1984163779527559
11
0.2633692519685039
21
-1.1967094881889764
0
LINE
8
BLACK
6
CONTINUOUS
10
0.2633692519685039
20
-1.1967094881889764
11
0.2616623622047244
21
-1.1941550000000001
0
LINE
8
BLACK
6
CONTINUOUS
10
0.2616623622047244
20
-1.1941550000000001
11
0.2610629921259843
21
-1.1911417322834645
0
LINE
8
BLACK
6
CONTINUOUS
10
0.2610629921259843
20
-1.1911417322834645
11
0.2610629921259843
21
-1.1753937007874016
0
LINE
8
BLACK
6
CONTINUOUS
10
0.2610629921259843
20
-1.1753937007874016
11
0.2616623622047244
21
-1.172380433070866
0
LINE
8
BLACK
6
CONTINUOUS
10
0.2616623622047244
20
-1.172380433070866
11
0.2633692519685039
21
-1.1698259448818897
0
LINE
8
BLACK
6
CONTINUOUS
10
0.2633692519685039
20
-1.1698259448818897
11
0.2659237401574803
21
-1.1681190551181102
0
LINE
8
BLACK
6
CONTINUOUS
10
0.2659237401574803
20
-1.1681190551181102
11
0.2689370078740158
21
-1.1675196850393701
0
LINE
8
BLACK
6
CONTINUOUS
10
0.2689370078740158
20
-1.1675196850393701
11
0.2905905511811023
21
-1.1675196850393701
0
LINE
8
BLACK
6
CONTINUOUS
10
0.2905905511811023
20
-1.1675196850393701
11
0.2936038188976378
21
-1.1681190551181102
0
LINE
8
BLACK
6
CONTINUOUS
10
-0.317476220472441
20
-1.1640601181102361
11
-0.3146024015748031
21
-1.1659803543307086
0
LINE
8
BLACK
6
CONTINUOUS
10
-0.3146024015748031
20
-1.1659803543307086
11
-0.3126821653543307
21
-1.1688541732283464
0
LINE
8
BLACK
6
CONTINUOUS
10
-0.3126821653543307
20
-1.1688541732283464
11
-0.312007874015748
21
-1.1722440944881889
0
LINE
8
BLACK
6
CONTINUOUS
10
-0.312007874015748
20
-1.1722440944881889
11
-0.312007874015748
21
-1.1899606299212597
0
LINE
8
BLACK
6
CONTINUOUS
10
-0.312007874015748
20
-1.1899606299212597
11
-0.3126821653543307
21
-1.1933505511811022
0
LINE
8
BLACK
6
CONTINUOUS
10
-0.3126821653543307
20
-1.1933505511811022
11
-0.3146024015748031
21
-1.1962243700787401
0
LINE
8
BLACK
6
CONTINUOUS
10
-0.3146024015748031
20
-1.1962243700787401
11
-0.317476220472441
21
-1.1981446062992125
0
LINE
8
BLACK
6
CONTINUOUS
10
-0.317476220472441
20
-1.1981446062992125
11
-0.3208661417322834
21
-1.1988188976377951
0
LINE
8
BLACK
6
CONTINUOUS
10
-0.3208661417322834
20
-1.1988188976377951
11
-0.3405511811023622
21
-1.1988188976377951
0
LINE
8
BLACK
6
CONTINUOUS
10
-0.3405511811023622
20
-1.1988188976377951
11
-0.3439411023622047
21
-1.1981446062992125
0
LINE
8
BLACK
6
CONTINUOUS
10
-0.3439411023622047
20
-1.1981446062992125
11
-0.3468149212598425
21
-1.1962243700787401
0
LINE
8
BLACK
6
CONTINUOUS
10
-0.3468149212598425
20
-1.1962243700787401
11
-0.348735157480315
21
-1.1933505511811022
0
LINE
8
BLACK
6
CONTINUOUS
10
-0.348735157480315
20
-1.1933505511811022
11
-0.3494094488188976
21
-1.1899606299212597
0
LINE
8
BLACK
6
CONTINUOUS
10
-0.3494094488188976
20
-1.1899606299212597
11
-0.3494094488188976
21
-1.1722440944881889
0
LINE
8
BLACK
6
CONTINUOUS
10
-0.3494094488188976
20
-1.1722440944881889
11
-0.348735157480315
21
-1.1688541732283464
0
LINE
8
BLACK
6
CONTINUOUS
10
-0.348735157480315
20
-1.1688541732283464
11
-0.3468149212598425
21
-1.1659803543307086
0
LINE
8
BLACK
6
CONTINUOUS
10
-0.3468149212598425
20
-1.1659803543307086
11
-0.3439411023622047
21
-1.1640601181102361
0
LINE
8
BLACK
6
CONTINUOUS
10
-0.3439411023622047
20
-1.1640601181102361
11
-0.3405511811023622
21
-1.1633858267716535
0
LINE
8
BLACK
6
CONTINUOUS
10
-0.3405511811023622
20
-1.1633858267716535
11
-0.3208661417322834
21
-1.1633858267716535
0
LINE
8
BLACK
6
CONTINUOUS
10
-0.3208661417322834
20
-1.1633858267716535
11
-0.317476220472441
21
-1.1640601181102361
0
LINE
8
BLACK
6
CONTINUOUS
10
0.3636038188976378
20
-1.1677411023622046
11
0.3661583070866142
21
-1.1694479921259842
0
LINE
8
BLACK
6
CONTINUOUS
10
0.3661583070866142
20
-1.1694479921259842
11
0.3678651968503937
21
-1.1720024803149607
0
LINE
8
BLACK
6
CONTINUOUS
10
0.3678651968503937
20
-1.1720024803149607
11
0.3684645669291339
21
-1.175015748031496
0
LINE
8
BLACK
6
CONTINUOUS
10
0.3684645669291339
20
-1.175015748031496
11
0.3684645669291339
21
-1.190763779527559
0
LINE
8
BLACK
6
CONTINUOUS
10
0.3684645669291339
20
-1.190763779527559
11
0.3678651968503937
21
-1.1937770472440945
0
LINE
8
BLACK
6
CONTINUOUS
10
0.3678651968503937
20
-1.1937770472440945
11
0.3661583070866142
21
-1.1963315354330708
0
LINE
8
BLACK
6
CONTINUOUS
10
0.3661583070866142
20
-1.1963315354330708
11
0.3636038188976378
21
-1.1980384251968503
0
LINE
8
BLACK
6
CONTINUOUS
10
0.3636038188976378
20
-1.1980384251968503
11
0.3605905511811023
21
-1.1986377952755904
0
LINE
8
BLACK
6
CONTINUOUS
10
0.3605905511811023
20
-1.1986377952755904
11
0.3389370078740158
21
-1.1986377952755904
0
LINE
8
BLACK
6
CONTINUOUS
10
0.3389370078740158
20
-1.1986377952755904
11
0.3359237401574803
21
-1.1980384251968503
0
LINE
8
BLACK
6
CONTINUOUS
10
0.3359237401574803
20
-1.1980384251968503
11
0.3333692519685039
21
-1.1963315354330708
0
LINE
8
BLACK
6
CONTINUOUS
10
0.3333692519685039
20
-1.1963315354330708
11
0.3316623622047244
21
-1.1937770472440945
0
LINE
8
BLACK
6
CONTINUOUS
10
0.3316623622047244
20
-1.1937770472440945
11
0.3310629921259842
21
-1.190763779527559
0
LINE
8
BLACK
6
CONTINUOUS
10
0.3310629921259842
20
-1.190763779527559
11
0.3310629921259842
21
-1.175015748031496
0
LINE
8
BLACK
6
CONTINUOUS
10
0.3310629921259842
20
-1.175015748031496
11
0.3316623622047244
21
-1.1720024803149607
0
LINE
8
BLACK
6
CONTINUOUS
10
0.3316623622047244
20
-1.1720024803149607
11
0.3333692519685039
21
-1.1694479921259842
0
LINE
8
BLACK
6
CONTINUOUS
10
0.3333692519685039
20
-1.1694479921259842
11
0.3359237401574803
21
-1.1677411023622046
0
LINE
8
BLACK
6
CONTINUOUS
10
0.3359237401574803
20
-1.1677411023622046
11
0.3389370078740158
21
-1.1671417322834645
0
LINE
8
BLACK
6
CONTINUOUS
10
0.3389370078740158
20
-1.1671417322834645
11
0.3605905511811023
21
-1.1671417322834645
0
LINE
8
BLACK
6
CONTINUOUS
10
0.3605905511811023
20
-1.1671417322834645
11
0.3636038188976378
21
-1.1677411023622046
0
LINE
8
BLACK
6
CONTINUOUS
10
0.4336038188976378
20
-1.1656387401574804
11
0.4361583070866142
21
-1.1673456299212599
0
LINE
8
BLACK
6
CONTINUOUS
10
0.4361583070866142
20
-1.1673456299212599
11
0.4378651968503937
21
-1.1699001181102362
0
LINE
8
BLACK
6
CONTINUOUS
10
0.4378651968503937
20
-1.1699001181102362
11
0.4384645669291338
21
-1.1729133858267717
0
LINE
8
BLACK
6
CONTINUOUS
10
0.4384645669291338
20
-1.1729133858267717
11
0.4384645669291338
21
-1.1886614173228347
0
LINE
8
BLACK
6
CONTINUOUS
10
0.4384645669291338
20
-1.1886614173228347
11
0.4378651968503937
21
-1.19167468503937
0
LINE
8
BLACK
6
CONTINUOUS
10
0.4378651968503937
20
-1.19167468503937
11
0.4361583070866142
21
-1.1942291732283463
0
LINE
8
BLACK
6
CONTINUOUS
10
0.4361583070866142
20
-1.1942291732283463
11
0.4336038188976378
21
-1.1959360629921258
0
LINE
8
BLACK
6
CONTINUOUS
10
0.4336038188976378
20
-1.1959360629921258
11
0.4305905511811023
21
-1.1965354330708662
0
LINE
8
BLACK
6
CONTINUOUS
10
0.4305905511811023
20
-1.1965354330708662
11
0.4089370078740157
21
-1.1965354330708662
0
LINE
8
BLACK
6
CONTINUOUS
10
0.4089370078740157
20
-1.1965354330708662
11
0.4059237401574803
21
-1.1959360629921258
0
LINE
8
BLACK
6
CONTINUOUS
10
0.4059237401574803
20
-1.1959360629921258
11
0.4033692519685039
21
-1.1942291732283463
0
LINE
8
BLACK
6
CONTINUOUS
10
0.4033692519685039
20
-1.1942291732283463
11
0.4016623622047244
21
-1.19167468503937
0
LINE
8
BLACK
6
CONTINUOUS
10
0.4016623622047244
20
-1.19167468503937
11
0.4010629921259842
21
-1.1886614173228347
0
LINE
8
BLACK
6
CONTINUOUS
10
0.4010629921259842
20
-1.1886614173228347
11
0.4010629921259842
21
-1.1729133858267717
0
LINE
8
BLACK
6
CONTINUOUS
10
0.4010629921259842
20
-1.1729133858267717
11
0.4016623622047244
21
-1.1699001181102362
0
LINE
8
BLACK
6
CONTINUOUS
10
0.4016623622047244
20
-1.1699001181102362
11
0.4033692519685039
21
-1.1673456299212599
0
LINE
8
BLACK
6
CONTINUOUS
10
0.4033692519685039
20
-1.1673456299212599
11
0.4059237401574803
21
-1.1656387401574804
0
LINE
8
BLACK
6
CONTINUOUS
10
0.4059237401574803
20
-1.1656387401574804
11
0.4089370078740157
21
-1.16503937007874
0
LINE
8
BLACK
6
CONTINUOUS
10
0.4089370078740157
20
-1.16503937007874
11
0.4305905511811023
21
-1.16503937007874
0
LINE
8
BLACK
6
CONTINUOUS
10
0.4305905511811023
20
-1.16503937007874
11
0.4336038188976378
21
-1.1656387401574804
0
LINE
8
BLACK
6
CONTINUOUS
10
0.5486038188976378
20
-1.1231190551181103
11
0.5511583070866142
21
-1.1248259448818898
0
LINE
8
BLACK
6
CONTINUOUS
10
0.5511583070866142
20
-1.1248259448818898
11
0.5528651968503937
21
-1.1273804330708661
0
LINE
8
BLACK
6
CONTINUOUS
10
0.5528651968503937
20
-1.1273804330708661
11
0.5534645669291338
21
-1.1303937007874016
0
LINE
8
BLACK
6
CONTINUOUS
10
0.5534645669291338
20
-1.1303937007874016
11
0.5534645669291338
21
-1.1461417322834646
0
LINE
8
BLACK
6
CONTINUOUS
10
0.5534645669291338
20
-1.1461417322834646
11
0.5528651968503937
21
-1.1491549999999999
0
LINE
8
BLACK
6
CONTINUOUS
10
0.5528651968503937
20
-1.1491549999999999
11
0.5511583070866142
21
-1.1517094881889764
0
LINE
8
BLACK
6
CONTINUOUS
10
0.5511583070866142
20
-1.1517094881889764
11
0.5486038188976378
21
-1.153416377952756
0
LINE
8
BLACK
6
CONTINUOUS
10
0.5486038188976378
20
-1.153416377952756
11
0.5455905511811023
21
-1.1540157480314961
0
LINE
8
BLACK
6
CONTINUOUS
10
0.5455905511811023
20
-1.1540157480314961
11
0.5239370078740158
21
-1.1540157480314961
0
LINE
8
BLACK
6
CONTINUOUS
10
0.5239370078740158
20
-1.1540157480314961
11
0.5209237401574803
21
-1.153416377952756
0
LINE
8
BLACK
6
CONTINUOUS
10
0.5209237401574803
20
-1.153416377952756
11
0.5183692519685039
21
-1.1517094881889764
0
LINE
8
BLACK
6
CONTINUOUS
10
0.5183692519685039
20
-1.1517094881889764
11
0.5166623622047244
21
-1.1491549999999999
0
LINE
8
BLACK
6
CONTINUOUS
10
0.5166623622047244
20
-1.1491549999999999
11
0.5160629921259843
21
-1.1461417322834646
0
LINE
8
BLACK
6
CONTINUOUS
10
0.5160629921259843
20
-1.1461417322834646
11
0.5160629921259843
21
-1.1303937007874016
0
LINE
8
BLACK
6
CONTINUOUS
10
0.5160629921259843
20
-1.1303937007874016
11
0.5166623622047244
21
-1.1273804330708661
0
LINE
8
BLACK
6
CONTINUOUS
10
0.5166623622047244
20
-1.1273804330708661
11
0.5183692519685039
21
-1.1248259448818898
0
LINE
8
BLACK
6
CONTINUOUS
10
0.5183692519685039
20
-1.1248259448818898
11
0.5209237401574803
21
-1.1231190551181103
0
LINE
8
BLACK
6
CONTINUOUS
10
0.5209237401574803
20
-1.1231190551181103
11
0.5239370078740158
21
-1.1225196850393702
0
LINE
8
BLACK
6
CONTINUOUS
10
0.5239370078740158
20
-1.1225196850393702
11
0.5455905511811023
21
-1.1225196850393702
0
LINE
8
BLACK
6
CONTINUOUS
10
0.5455905511811023
20
-1.1225196850393702
11
0.5486038188976378
21
-1.1231190551181103
0
LINE
8
BLACK
6
CONTINUOUS
10
-0.317476220472441
20
-1.1030364960629921
11
-0.3146024015748031
21
-1.1049567322834646
0
LINE
8
BLACK
6
CONTINUOUS
10
-0.3146024015748031
20
-1.1049567322834646
11
-0.3126821653543307
21
-1.1078305511811024
0
LINE
8
BLACK
6
CONTINUOUS
10
-0.3126821653543307
20
-1.1078305511811024
11
-0.312007874015748
21
-1.1112204724409449
0
LINE
8
BLACK
6
CONTINUOUS
10
-0.312007874015748
20
-1.1112204724409449
11
-0.312007874015748
21
-1.1289370078740157
0
LINE
8
BLACK
6
CONTINUOUS
10
-0.312007874015748
20
-1.1289370078740157
11
-0.3126821653543307
21
-1.1323269291338582
0
LINE
8
BLACK
6
CONTINUOUS
10
-0.3126821653543307
20
-1.1323269291338582
11
-0.3146024015748031
21
-1.1352007480314961
0
LINE
8
BLACK
6
CONTINUOUS
10
-0.3146024015748031
20
-1.1352007480314961
11
-0.317476220472441
21
-1.1371209842519685
0
LINE
8
BLACK
6
CONTINUOUS
10
-0.317476220472441
20
-1.1371209842519685
11
-0.3208661417322834
21
-1.1377952755905512
0
LINE
8
BLACK
6
CONTINUOUS
10
-0.3208661417322834
20
-1.1377952755905512
11
-0.3405511811023622
21
-1.1377952755905512
0
LINE
8
BLACK
6
CONTINUOUS
10
-0.3405511811023622
20
-1.1377952755905512
11
-0.3439411023622047
21
-1.1371209842519685
0
LINE
8
BLACK
6
CONTINUOUS
10
-0.3439411023622047
20
-1.1371209842519685
11
-0.3468149212598425
21
-1.1352007480314961
0
LINE
8
BLACK
6
CONTINUOUS
10
-0.3468149212598425
20
-1.1352007480314961
11
-0.348735157480315
21
-1.1323269291338582
0
LINE
8
BLACK
6
CONTINUOUS
10
-0.348735157480315
20
-1.1323269291338582
11
-0.3494094488188976
21
-1.1289370078740157
0
LINE
8
BLACK
6
CONTINUOUS
10
-0.3494094488188976
20
-1.1289370078740157
11
-0.3494094488188976
21
-1.1112204724409449
0
LINE
8
BLACK
6
CONTINUOUS
10
-0.3494094488188976
20
-1.1112204724409449
11
-0.348735157480315
21
-1.1078305511811024
0
LINE
8
BLACK
6
CONTINUOUS
10
-0.348735157480315
20
-1.1078305511811024
11
-0.3468149212598425
21
-1.1049567322834646
0
LINE
8
BLACK
6
CONTINUOUS
10
-0.3468149212598425
20
-1.1049567322834646
11
-0.3439411023622047
21
-1.1030364960629921
0
LINE
8
BLACK
6
CONTINUOUS
10
-0.3439411023622047
20
-1.1030364960629921
11
-0.3405511811023622
21
-1.1023622047244095
0
LINE
8
BLACK
6
CONTINUOUS
10
-0.3405511811023622
20
-1.1023622047244095
11
-0.3208661417322834
21
-1.1023622047244095
0
LINE
8
BLACK
6
CONTINUOUS
10
-0.3208661417322834
20
-1.1023622047244095
11
-0.317476220472441
21
-1.1030364960629921
0
LINE
8
BLACK
6
CONTINUOUS
10
-0.6300532283464567
20
-0.992603031496063
11
-0.6281373228346456
21
-0.993883188976378
0
LINE
8
BLACK
6
CONTINUOUS
10
-0.6281373228346456
20
-0.993883188976378
11
-0.6197856692913386
21
-1.002234842519685
0
LINE
8
BLACK
6
CONTINUOUS
10
-0.6197856692913386
20
-1.002234842519685
11
-0.6185055118110236
21
-1.004150748031496
0
LINE
8
BLACK
6
CONTINUOUS
10
-0.6185055118110236
20
-1.004150748031496
11
-0.6180559842519685
21
-1.0064106692913386
0
LINE
8
BLACK
6
CONTINUOUS
10
-0.6180559842519685
20
-1.0064106692913386
11
-0.6185055118110236
21
-1.008670590551181
0
LINE
8
BLACK
6
CONTINUOUS
10
-0.6185055118110236
20
-1.008670590551181
11
-0.6197856692913386
21
-1.010586496062992
0
LINE
8
BLACK
6
CONTINUOUS
10
-0.6197856692913386
20
-1.010586496062992
11
-0.6657197637795276
21
-1.056520590551181
0
LINE
8
BLACK
6
CONTINUOUS
10
-0.6657197637795276
20
-1.056520590551181
11
-0.6676356692913386
21
-1.0578007480314959
0
LINE
8
BLACK
6
CONTINUOUS
10
-0.6676356692913386
20
-1.0578007480314959
11
-0.6698955905511811
21
-1.0582502755905512
0
LINE
8
BLACK
6
CONTINUOUS
10
-0.6698955905511811
20
-1.0582502755905512
11
-0.6721555118110236
21
-1.0578007480314959
0
LINE
8
BLACK
6
CONTINUOUS
10
-0.6721555118110236
20
-1.0578007480314959
11
-0.6740714173228346
21
-1.056520590551181
0
LINE
8
BLACK
6
CONTINUOUS
10
-0.6740714173228346
20
-1.056520590551181
11
-0.6824230708661417
21
-1.0481689370078739
0
LINE
8
BLACK
6
CONTINUOUS
10
-0.6824230708661417
20
-1.0481689370078739
11
-0.6837032283464567
21
-1.046253031496063
0
LINE
8
BLACK
6
CONTINUOUS
10
-0.6837032283464567
20
-1.046253031496063
11
-0.6841527559055118
21
-1.0439931102362205
0
LINE
8
BLACK
6
CONTINUOUS
10
-0.6841527559055118
20
-1.0439931102362205
11
-0.6837032283464567
21
-1.0417331889763779
0
LINE
8
BLACK
6
CONTINUOUS
10
-0.6837032283464567
20
-1.0417331889763779
11
-0.6824230708661417
21
-1.0398172834645669
0
LINE
8
BLACK
6
CONTINUOUS
10
-0.6824230708661417
20
-1.0398172834645669
11
-0.6364889763779528
21
-0.993883188976378
0
LINE
8
BLACK
6
CONTINUOUS
10
-0.6364889763779528
20
-0.993883188976378
11
-0.6345730708661417
21
-0.992603031496063
0
LINE
8
BLACK
6
CONTINUOUS
10
-0.6345730708661417
20
-0.992603031496063
11
-0.6323131496062993
21
-0.9921535039370079
0
LINE
8
BLACK
6
CONTINUOUS
10
-0.6323131496062993
20
-0.9921535039370079
11
-0.6300532283464567
21
-0.992603031496063
0
LINE
8
BLACK
6
CONTINUOUS
10
-0.6654085433070867
20
-0.9572476771653543
11
-0.6634926377952756
21
-0.9585278346456693
0
LINE
8
BLACK
6
CONTINUOUS
10
-0.6634926377952756
20
-0.9585278346456693
11
-0.6551409842519685
21
-0.9668794881889764
0
LINE
8
BLACK
6
CONTINUOUS
10
-0.6551409842519685
20
-0.9668794881889764
11
-0.6538608267716536
21
-0.9687953937007874
0
LINE
8
BLACK
6
CONTINUOUS
10
-0.6538608267716536
20
-0.9687953937007874
11
-0.6534112992125984
21
-0.9710553149606299
0
LINE
8
BLACK
6
CONTINUOUS
10
-0.6534112992125984
20
-0.9710553149606299
11
-0.6538608267716536
21
-0.9733152362204724
0
LINE
8
BLACK
6
CONTINUOUS
10
-0.6538608267716536
20
-0.9733152362204724
11
-0.6551409842519685
21
-0.9752311417322834
0
LINE
8
BLACK
6
CONTINUOUS
10
-0.6551409842519685
20
-0.9752311417322834
11
-0.7010750787401575
21
-1.0211652362204724
0
LINE
8
BLACK
6
CONTINUOUS
10
-0.7010750787401575
20
-1.0211652362204724
11
-0.7029909842519685
21
-1.0224453937007874
0
LINE
8
BLACK
6
CONTINUOUS
10
-0.7029909842519685
20
-1.0224453937007874
11
-0.705250905511811
21
-1.0228949212598426
0
LINE
8
BLACK
6
CONTINUOUS
10
-0.705250905511811
20
-1.0228949212598426
11
-0.7075108267716536
21
-1.0224453937007874
0
LINE
8
BLACK
6
CONTINUOUS
10
-0.7075108267716536
20
-1.0224453937007874
11
-0.7094267322834645
21
-1.0211652362204724
0
LINE
8
BLACK
6
CONTINUOUS
10
-0.7094267322834645
20
-1.0211652362204724
11
-0.7177783858267717
21
-1.0128135826771654
0
LINE
8
BLACK
6
CONTINUOUS
10
-0.7177783858267717
20
-1.0128135826771654
11
-0.7190585433070866
21
-1.0108976771653544
0
LINE
8
BLACK
6
CONTINUOUS
10
-0.7190585433070866
20
-1.0108976771653544
11
-0.7195080708661418
21
-1.0086377559055117
0
LINE
8
BLACK
6
CONTINUOUS
10
-0.7195080708661418
20
-1.0086377559055117
11
-0.7190585433070866
21
-1.0063778346456693
0
LINE
8
BLACK
6
CONTINUOUS
10
-0.7190585433070866
20
-1.0063778346456693
11
-0.7177783858267717
21
-1.0044619291338583
0
LINE
8
BLACK
6
CONTINUOUS
10
-0.7177783858267717
20
-1.0044619291338583
11
-0.6718442913385827
21
-0.9585278346456693
0
LINE
8
BLACK
6
CONTINUOUS
10
-0.6718442913385827
20
-0.9585278346456693
11
-0.6699283858267716
21
-0.9572476771653543
0
LINE
8
BLACK
6
CONTINUOUS
10
-0.6699283858267716
20
-0.9572476771653543
11
-0.6676684645669291
21
-0.9567981496062992
0
LINE
8
BLACK
6
CONTINUOUS
10
-0.6676684645669291
20
-0.9567981496062992
11
-0.6654085433070867
21
-0.9572476771653543
0
LINE
8
BLACK
6
CONTINUOUS
10
0.4379962204724409
20
-0.9767372834645669
11
0.4408700393700787
21
-0.9786575196850393
0
LINE
8
BLACK
6
CONTINUOUS
10
0.4408700393700787
20
-0.9786575196850393
11
0.4427902755905512
21
-0.9815313385826772
0
LINE
8
BLACK
6
CONTINUOUS
10
0.4427902755905512
20
-0.9815313385826772
11
0.4434645669291338
21
-0.9849212598425197
0
LINE
8
BLACK
6
CONTINUOUS
10
0.4434645669291338
20
-0.9849212598425197
11
0.4434645669291338
21
-1.0026377952755905
0
LINE
8
BLACK
6
CONTINUOUS
10
0.4434645669291338
20
-1.0026377952755905
11
0.4427902755905512
21
-1.006027716535433
0
LINE
8
BLACK
6
CONTINUOUS
10
0.4427902755905512
20
-1.006027716535433
11
0.4408700393700787
21
-1.0089015354330708
0
LINE
8
BLACK
6
CONTINUOUS
10
0.4408700393700787
20
-1.0089015354330708
11
0.4379962204724409
21
-1.0108217716535433
0
LINE
8
BLACK
6
CONTINUOUS
10
0.4379962204724409
20
-1.0108217716535433
11
0.4346062992125984
21
-1.0114960629921259
0
LINE
8
BLACK
6
CONTINUOUS
10
0.4346062992125984
20
-1.0114960629921259
11
0.4149212598425197
21
-1.0114960629921259
0
LINE
8
BLACK
6
CONTINUOUS
10
0.4149212598425197
20
-1.0114960629921259
11
0.4115313385826772
21
-1.0108217716535433
0
LINE
8
BLACK
6
CONTINUOUS
10
0.4115313385826772
20
-1.0108217716535433
11
0.4086575196850394
21
-1.0089015354330708
0
LINE
8
BLACK
6
CONTINUOUS
10
0.4086575196850394
20
-1.0089015354330708
11
0.4067372834645669
21
-1.006027716535433
0
LINE
8
BLACK
6
CONTINUOUS
10
0.4067372834645669
20
-1.006027716535433
11
0.4060629921259842
21
-1.0026377952755905
0
LINE
8
BLACK
6
CONTINUOUS
10
0.4060629921259842
20
-1.0026377952755905
11
0.4060629921259842
21
-0.9849212598425197
0
LINE
8
BLACK
6
CONTINUOUS
10
0.4060629921259842
20
-0.9849212598425197
11
0.4067372834645669
21
-0.9815313385826772
0
LINE
8
BLACK
6
CONTINUOUS
10
0.4067372834645669
20
-0.9815313385826772
11
0.4086575196850394
21
-0.9786575196850393
0
LINE
8
BLACK
6
CONTINUOUS
10
0.4086575196850394
20
-0.9786575196850393
11
0.4115313385826772
21
-0.9767372834645669
0
LINE
8
BLACK
6
CONTINUOUS
10
0.4115313385826772
20
-0.9767372834645669
11
0.4149212598425197
21
-0.9760629921259842
0
LINE
8
BLACK
6
CONTINUOUS
10
0.4149212598425197
20
-0.9760629921259842
11
0.4346062992125984
21
-0.9760629921259842
0
LINE
8
BLACK
6
CONTINUOUS
10
0.4346062992125984
20
-0.9760629921259842
11
0.4379962204724409
21
-0.9767372834645669
0
LINE
8
BLACK
6
CONTINUOUS
10
-0.7007638976377952
20
-0.9218923228346456
11
-0.6988479921259843
21
-0.9231724803149606
0
LINE
8
BLACK
6
CONTINUOUS
10
-0.6988479921259843
20
-0.9231724803149606
11
-0.6904963385826771
21
-0.9315241338582677
0
LINE
8
BLACK
6
CONTINUOUS
10
-0.6904963385826771
20
-0.9315241338582677
11
-0.6892161811023622
21
-0.9334400393700787
0
LINE
8
BLACK
6
CONTINUOUS
10
-0.6892161811023622
20
-0.9334400393700787
11
-0.688766653543307
21
-0.9356999606299212
0
LINE
8
BLACK
6
CONTINUOUS
10
-0.688766653543307
20
-0.9356999606299212
11
-0.6892161811023622
21
-0.9379598818897638
0
LINE
8
BLACK
6
CONTINUOUS
10
-0.6892161811023622
20
-0.9379598818897638
11
-0.6904963385826771
21
-0.9398757874015747
0
LINE
8
BLACK
6
CONTINUOUS
10
-0.6904963385826771
20
-0.9398757874015747
11
-0.7364304330708661
21
-0.9858098818897637
0
LINE
8
BLACK
6
CONTINUOUS
10
-0.7364304330708661
20
-0.9858098818897637
11
-0.7383463385826772
21
-0.9870900393700787
0
LINE
8
BLACK
6
CONTINUOUS
10
-0.7383463385826772
20
-0.9870900393700787
11
-0.7406062598425197
21
-0.9875395669291338
0
LINE
8
BLACK
6
CONTINUOUS
10
-0.7406062598425197
20
-0.9875395669291338
11
-0.7428661811023621
21
-0.9870900393700787
0
LINE
8
BLACK
6
CONTINUOUS
10
-0.7428661811023621
20
-0.9870900393700787
11
-0.7447820866141732
21
-0.9858098818897637
0
LINE
8
BLACK
6
CONTINUOUS
10
-0.7447820866141732
20
-0.9858098818897637
11
-0.7531337401574802
21
-0.9774582283464567
0
LINE
8
BLACK
6
CONTINUOUS
10
-0.7531337401574802
20
-0.9774582283464567
11
-0.7544138976377952
21
-0.9755423228346456
0
LINE
8
BLACK
6
CONTINUOUS
10
-0.7544138976377952
20
-0.9755423228346456
11
-0.7548634251968503
21
-0.9732824015748032
0
LINE
8
BLACK
6
CONTINUOUS
10
-0.7548634251968503
20
-0.9732824015748032
11
-0.7544138976377952
21
-0.9710224803149606
0
LINE
8
BLACK
6
CONTINUOUS
10
-0.7544138976377952
20
-0.9710224803149606
11
-0.7531337401574802
21
-0.9691065748031495
0
LINE
8
BLACK
6
CONTINUOUS
10
-0.7531337401574802
20
-0.9691065748031495
11
-0.7071996456692913
21
-0.9231724803149606
0
LINE
8
BLACK
6
CONTINUOUS
10
-0.7071996456692913
20
-0.9231724803149606
11
-0.7052837401574803
21
-0.9218923228346456
0
LINE
8
BLACK
6
CONTINUOUS
10
-0.7052837401574803
20
-0.9218923228346456
11
-0.7030238188976378
21
-0.9214427952755905
0
LINE
8
BLACK
6
CONTINUOUS
10
-0.7030238188976378
20
-0.9214427952755905
11
-0.7007638976377952
21
-0.9218923228346456
0
LINE
8
BLACK
6
CONTINUOUS
10
-0.7361192519685039
20
-0.8865370078740157
11
-0.7342033464566929
21
-0.8878171653543306
0
LINE
8
BLACK
6
CONTINUOUS
10
-0.7342033464566929
20
-0.8878171653543306
11
-0.7258516929133858
21
-0.8961688188976378
0
LINE
8
BLACK
6
CONTINUOUS
10
-0.7258516929133858
20
-0.8961688188976378
11
-0.7245715354330708
21
-0.8980847244094488
0
LINE
8
BLACK
6
CONTINUOUS
10
-0.7245715354330708
20
-0.8980847244094488
11
-0.7241220078740157
21
-0.9003446456692913
0
LINE
8
BLACK
6
CONTINUOUS
10
-0.7241220078740157
20
-0.9003446456692913
11
-0.7245715354330708
21
-0.9026045669291338
0
LINE
8
BLACK
6
CONTINUOUS
10
-0.7245715354330708
20
-0.9026045669291338
11
-0.7258516929133858
21
-0.9045204724409449
0
LINE
8
BLACK
6
CONTINUOUS
10
-0.7258516929133858
20
-0.9045204724409449
11
-0.7717857874015748
21
-0.9504545669291339
0
LINE
8
BLACK
6
CONTINUOUS
10
-0.7717857874015748
20
-0.9504545669291339
11
-0.7737016929133859
21
-0.9517347244094488
0
LINE
8
BLACK
6
CONTINUOUS
10
-0.7737016929133859
20
-0.9517347244094488
11
-0.7759616141732283
21
-0.9521842519685039
0
LINE
8
BLACK
6
CONTINUOUS
10
-0.7759616141732283
20
-0.9521842519685039
11
-0.7782215354330708
21
-0.9517347244094488
0
LINE
8
BLACK
6
CONTINUOUS
10
-0.7782215354330708
20
-0.9517347244094488
11
-0.7801374409448819
21
-0.9504545669291339
0
LINE
8
BLACK
6
CONTINUOUS
10
-0.7801374409448819
20
-0.9504545669291339
11
-0.7884890944881889
21
-0.9421029133858267
0
LINE
8
BLACK
6
CONTINUOUS
10
-0.7884890944881889
20
-0.9421029133858267
11
-0.7897692519685039
21
-0.9401870078740158
0
LINE
8
BLACK
6
CONTINUOUS
10
-0.7897692519685039
20
-0.9401870078740158
11
-0.790218779527559
21
-0.9379270866141732
0
LINE
8
BLACK
6
CONTINUOUS
10
-0.790218779527559
20
-0.9379270866141732
11
-0.7897692519685039
21
-0.9356671653543307
0
LINE
8
BLACK
6
CONTINUOUS
10
-0.7897692519685039
20
-0.9356671653543307
11
-0.7884890944881889
21
-0.9337512598425196
0
LINE
8
BLACK
6
CONTINUOUS
10
-0.7884890944881889
20
-0.9337512598425196
11
-0.742555
21
-0.8878171653543306
0
LINE
8
BLACK
6
CONTINUOUS
10
-0.742555
20
-0.8878171653543306
11
-0.740639094488189
21
-0.8865370078740157
0
LINE
8
BLACK
6
CONTINUOUS
10
-0.740639094488189
20
-0.8865370078740157
11
-0.7383791732283465
21
-0.8860874803149607
0
LINE
8
BLACK
6
CONTINUOUS
10
-0.7383791732283465
20
-0.8860874803149607
11
-0.7361192519685039
21
-0.8865370078740157
0
LINE
8
BLACK
6
CONTINUOUS
10
0.4379962204724409
20
-0.9157136614173228
11
0.4408700393700787
21
-0.9176338976377952
0
LINE
8
BLACK
6
CONTINUOUS
10
0.4408700393700787
20
-0.9176338976377952
11
0.4427902755905512
21
-0.9205077165354331
0
LINE
8
BLACK
6
CONTINUOUS
10
0.4427902755905512
20
-0.9205077165354331
11
0.4434645669291338
21
-0.9238976377952756
0
LINE
8
BLACK
6
CONTINUOUS
10
0.4434645669291338
20
-0.9238976377952756
11
0.4434645669291338
21
-0.9416141732283464
0
LINE
8
BLACK
6
CONTINUOUS
10
0.4434645669291338
20
-0.9416141732283464
11
0.4427902755905512
21
-0.945004094488189
0
LINE
8
BLACK
6
CONTINUOUS
10
0.4427902755905512
20
-0.945004094488189
11
0.4408700393700787
21
-0.9478779133858267
0
LINE
8
BLACK
6
CONTINUOUS
10
0.4408700393700787
20
-0.9478779133858267
11
0.4379962204724409
21
-0.9497981496062992
0
LINE
8
BLACK
6
CONTINUOUS
10
0.4379962204724409
20
-0.9497981496062992
11
0.4346062992125984
21
-0.9504724409448818
0
LINE
8
BLACK
6
CONTINUOUS
10
0.4346062992125984
20
-0.9504724409448818
11
0.4149212598425197
21
-0.9504724409448818
0
LINE
8
BLACK
6
CONTINUOUS
10
0.4149212598425197
20
-0.9504724409448818
11
0.4115313385826772
21
-0.9497981496062992
0
LINE
8
BLACK
6
CONTINUOUS
10
0.4115313385826772
20
-0.9497981496062992
11
0.4086575196850394
21
-0.9478779133858267
0
LINE
8
BLACK
6
CONTINUOUS
10
0.4086575196850394
20
-0.9478779133858267
11
0.4067372834645669
21
-0.945004094488189
0
LINE
8
BLACK
6
CONTINUOUS
10
0.4067372834645669
20
-0.945004094488189
11
0.4060629921259842
21
-0.9416141732283464
0
LINE
8
BLACK
6
CONTINUOUS
10
0.4060629921259842
20
-0.9416141732283464
11
0.4060629921259842
21
-0.9238976377952756
0
LINE
8
BLACK
6
CONTINUOUS
10
0.4060629921259842
20
-0.9238976377952756
11
0.4067372834645669
21
-0.9205077165354331
0
LINE
8
BLACK
6
CONTINUOUS
10
0.4067372834645669
20
-0.9205077165354331
11
0.4086575196850394
21
-0.9176338976377952
0
LINE
8
BLACK
6
CONTINUOUS
10
0.4086575196850394
20
-0.9176338976377952
11
0.4115313385826772
21
-0.9157136614173228
0
LINE
8
BLACK
6
CONTINUOUS
10
0.4115313385826772
20
-0.9157136614173228
11
0.4149212598425197
21
-0.9150393700787401
0
LINE
8
BLACK
6
CONTINUOUS
10
0.4149212598425197
20
-0.9150393700787401
11
0.4346062992125984
21
-0.9150393700787401
0
LINE
8
BLACK
6
CONTINUOUS
10
0.4346062992125984
20
-0.9150393700787401
11
0.4379962204724409
21
-0.9157136614173228
0
LINE
8
BLACK
6
CONTINUOUS
10
-0.492250905511811
20
-0.8548007086614173
11
-0.490335
21
-0.8560808661417323
0
LINE
8
BLACK
6
CONTINUOUS
10
-0.490335
20
-0.8560808661417323
11
-0.4819833464566929
21
-0.8644325196850393
0
LINE
8
BLACK
6
CONTINUOUS
10
-0.4819833464566929
20
-0.8644325196850393
11
-0.4807031889763779
21
-0.8663484251968504
0
LINE
8
BLACK
6
CONTINUOUS
10
-0.4807031889763779
20
-0.8663484251968504
11
-0.4802536614173228
21
-0.8686083464566929
0
LINE
8
BLACK
6
CONTINUOUS
10
-0.4802536614173228
20
-0.8686083464566929
11
-0.4807031889763779
21
-0.8708682677165354
0
LINE
8
BLACK
6
CONTINUOUS
10
-0.4807031889763779
20
-0.8708682677165354
11
-0.4819833464566929
21
-0.8727841732283464
0
LINE
8
BLACK
6
CONTINUOUS
10
-0.4819833464566929
20
-0.8727841732283464
11
-0.5279174409448819
21
-0.9187182677165354
0
LINE
8
BLACK
6
CONTINUOUS
10
-0.5279174409448819
20
-0.9187182677165354
11
-0.5298333464566929
21
-0.9199984251968504
0
LINE
8
BLACK
6
CONTINUOUS
10
-0.5298333464566929
20
-0.9199984251968504
11
-0.5320932677165354
21
-0.9204479527559055
0
LINE
8
BLACK
6
CONTINUOUS
10
-0.5320932677165354
20
-0.9204479527559055
11
-0.534353188976378
21
-0.9199984251968504
0
LINE
8
BLACK
6
CONTINUOUS
10
-0.534353188976378
20
-0.9199984251968504
11
-0.5362690944881889
21
-0.9187182677165354
0
LINE
8
BLACK
6
CONTINUOUS
10
-0.5362690944881889
20
-0.9187182677165354
11
-0.5446207480314961
21
-0.9103666141732283
0
LINE
8
BLACK
6
CONTINUOUS
10
-0.5446207480314961
20
-0.9103666141732283
11
-0.545900905511811
21
-0.9084507086614173
0
LINE
8
BLACK
6
CONTINUOUS
10
-0.545900905511811
20
-0.9084507086614173
11
-0.5463504330708662
21
-0.9061907874015748
0
LINE
8
BLACK
6
CONTINUOUS
10
-0.5463504330708662
20
-0.9061907874015748
11
-0.545900905511811
21
-0.9039308661417322
0
LINE
8
BLACK
6
CONTINUOUS
10
-0.545900905511811
20
-0.9039308661417322
11
-0.5446207480314961
21
-0.9020149606299213
0
LINE
8
BLACK
6
CONTINUOUS
10
-0.5446207480314961
20
-0.9020149606299213
11
-0.4986866535433071
21
-0.8560808661417323
0
LINE
8
BLACK
6
CONTINUOUS
10
-0.4986866535433071
20
-0.8560808661417323
11
-0.4967707480314961
21
-0.8548007086614173
0
LINE
8
BLACK
6
CONTINUOUS
10
-0.4967707480314961
20
-0.8548007086614173
11
-0.4945108267716535
21
-0.8543511811023622
0
LINE
8
BLACK
6
CONTINUOUS
10
-0.4945108267716535
20
-0.8543511811023622
11
-0.492250905511811
21
-0.8548007086614173
0
LINE
8
BLACK
6
CONTINUOUS
10
-0.020232125984252
20
-0.8646506692913386
11
-0.0173583070866142
21
-0.866570905511811
0
LINE
8
BLACK
6
CONTINUOUS
10
-0.0173583070866142
20
-0.866570905511811
11
-0.0154380708661417
21
-0.8694447244094488
0
LINE
8
BLACK
6
CONTINUOUS
10
-0.0154380708661417
20
-0.8694447244094488
11
-0.0147637795275591
21
-0.8728346456692914
0
LINE
8
BLACK
6
CONTINUOUS
10
-0.0147637795275591
20
-0.8728346456692914
11
-0.0147637795275591
21
-0.8925196850393701
0
LINE
8
BLACK
6
CONTINUOUS
10
-0.0147637795275591
20
-0.8925196850393701
11
-0.0154380708661417
21
-0.8959096062992126
0
LINE
8
BLACK
6
CONTINUOUS
10
-0.0154380708661417
20
-0.8959096062992126
11
-0.0173583070866142
21
-0.8987834251968504
0
LINE
8
BLACK
6
CONTINUOUS
10
-0.0173583070866142
20
-0.8987834251968504
11
-0.020232125984252
21
-0.9007036614173228
0
LINE
8
BLACK
6
CONTINUOUS
10
-0.020232125984252
20
-0.9007036614173228
11
-0.0236220472440945
21
-0.9013779527559055
0
LINE
8
BLACK
6
CONTINUOUS
10
-0.0236220472440945
20
-0.9013779527559055
11
-0.0413385826771654
21
-0.9013779527559055
0
LINE
8
BLACK
6
CONTINUOUS
10
-0.0413385826771654
20
-0.9013779527559055
11
-0.0447285039370079
21
-0.9007036614173228
0
LINE
8
BLACK
6
CONTINUOUS
10
-0.0447285039370079
20
-0.9007036614173228
11
-0.0476023228346457
21
-0.8987834251968504
0
LINE
8
BLACK
6
CONTINUOUS
10
-0.0476023228346457
20
-0.8987834251968504
11
-0.0495225590551181
21
-0.8959096062992126
0
LINE
8
BLACK
6
CONTINUOUS
10
-0.0495225590551181
20
-0.8959096062992126
11
-0.0501968503937008
21
-0.8925196850393701
0
LINE
8
BLACK
6
CONTINUOUS
10
-0.0501968503937008
20
-0.8925196850393701
11
-0.0501968503937008
21
-0.8728346456692914
0
LINE
8
BLACK
6
CONTINUOUS
10
-0.0501968503937008
20
-0.8728346456692914
11
-0.0495225590551181
21
-0.8694447244094488
0
LINE
8
BLACK
6
CONTINUOUS
10
-0.0495225590551181
20
-0.8694447244094488
11
-0.0476023228346457
21
-0.866570905511811
0
LINE
8
BLACK
6
CONTINUOUS
10
-0.0476023228346457
20
-0.866570905511811
11
-0.0447285039370079
21
-0.8646506692913386
0
LINE
8
BLACK
6
CONTINUOUS
10
-0.0447285039370079
20
-0.8646506692913386
11
-0.0413385826771654
21
-0.8639763779527558
0
LINE
8
BLACK
6
CONTINUOUS
10
-0.0413385826771654
20
-0.8639763779527558
11
-0.0236220472440945
21
-0.8639763779527558
0
LINE
8
BLACK
6
CONTINUOUS
10
-0.0236220472440945
20
-0.8639763779527558
11
-0.020232125984252
21
-0.8646506692913386
0
LINE
8
BLACK
6
CONTINUOUS
10
0.0407914960629921
20
-0.8646506692913386
11
0.0436653149606299
21
-0.866570905511811
0
LINE
8
BLACK
6
CONTINUOUS
10
0.0436653149606299
20
-0.866570905511811
11
0.0455855511811024
21
-0.8694447244094488
0
LINE
8
BLACK
6
CONTINUOUS
10
0.0455855511811024
20
-0.8694447244094488
11
0.046259842519685
21
-0.8728346456692914
0
LINE
8
BLACK
6
CONTINUOUS
10
0.046259842519685
20
-0.8728346456692914
11
0.046259842519685
21
-0.8925196850393701
0
LINE
8
BLACK
6
CONTINUOUS
10
0.046259842519685
20
-0.8925196850393701
11
0.0455855511811024
21
-0.8959096062992126
0
LINE
8
BLACK
6
CONTINUOUS
10
0.0455855511811024
20
-0.8959096062992126
11
0.0436653149606299
21
-0.8987834251968504
0
LINE
8
BLACK
6
CONTINUOUS
10
0.0436653149606299
20
-0.8987834251968504
11
0.0407914960629921
21
-0.9007036614173228
0
LINE
8
BLACK
6
CONTINUOUS
10
0.0407914960629921
20
-0.9007036614173228
11
0.0374015748031496
21
-0.9013779527559055
0
LINE
8
BLACK
6
CONTINUOUS
10
0.0374015748031496
20
-0.9013779527559055
11
0.0196850393700787
21
-0.9013779527559055
0
LINE
8
BLACK
6
CONTINUOUS
10
0.0196850393700787
20
-0.9013779527559055
11
0.0162951181102362
21
-0.9007036614173228
0
LINE
8
BLACK
6
CONTINUOUS
10
0.0162951181102362
20
-0.9007036614173228
11
0.0134212992125984
21
-0.8987834251968504
0
LINE
8
BLACK
6
CONTINUOUS
10
0.0134212992125984
20
-0.8987834251968504
11
0.011501062992126
21
-0.8959096062992126
0
LINE
8
BLACK
6
CONTINUOUS
10
0.011501062992126
20
-0.8959096062992126
11
0.0108267716535433
21
-0.8925196850393701
0
LINE
8
BLACK
6
CONTINUOUS
10
0.0108267716535433
20
-0.8925196850393701
11
0.0108267716535433
21
-0.8728346456692914
0
LINE
8
BLACK
6
CONTINUOUS
10
0.0108267716535433
20
-0.8728346456692914
11
0.011501062992126
21
-0.8694447244094488
0
LINE
8
BLACK
6
CONTINUOUS
10
0.011501062992126
20
-0.8694447244094488
11
0.0134212992125984
21
-0.866570905511811
0
LINE
8
BLACK
6
CONTINUOUS
10
0.0134212992125984
20
-0.866570905511811
11
0.0162951181102362
21
-0.8646506692913386
0
LINE
8
BLACK
6
CONTINUOUS
10
0.0162951181102362
20
-0.8646506692913386
11
0.0196850393700787
21
-0.8639763779527558
0
LINE
8
BLACK
6
CONTINUOUS
10
0.0196850393700787
20
-0.8639763779527558
11
0.0374015748031496
21
-0.8639763779527558
0
LINE
8
BLACK
6
CONTINUOUS
10
0.0374015748031496
20
-0.8639763779527558
11
0.0407914960629921
21
-0.8646506692913386
0
LINE
8
BLACK
6
CONTINUOUS
10
-0.5276062598425196
20
-0.8194453937007874
11
-0.5256903543307087
21
-0.8207255511811024
0
LINE
8
BLACK
6
CONTINUOUS
10
-0.5256903543307087
20
-0.8207255511811024
11
-0.5173387007874015
21
-0.8290772047244094
0
LINE
8
BLACK
6
CONTINUOUS
10
-0.5173387007874015
20
-0.8290772047244094
11
-0.5160585433070866
21
-0.8309931102362205
0
LINE
8
BLACK
6
CONTINUOUS
10
-0.5160585433070866
20
-0.8309931102362205
11
-0.5156090157480315
21
-0.833253031496063
0
LINE
8
BLACK
6
CONTINUOUS
10
-0.5156090157480315
20
-0.833253031496063
11
-0.5160585433070866
21
-0.8355129527559055
0
LINE
8
BLACK
6
CONTINUOUS
10
-0.5160585433070866
20
-0.8355129527559055
11
-0.5173387007874015
21
-0.8374288582677165
0
LINE
8
BLACK
6
CONTINUOUS
10
-0.5173387007874015
20
-0.8374288582677165
11
-0.5632727952755905
21
-0.8833629527559055
0
LINE
8
BLACK
6
CONTINUOUS
10
-0.5632727952755905
20
-0.8833629527559055
11
-0.5651887007874016
21
-0.8846431102362204
0
LINE
8
BLACK
6
CONTINUOUS
10
-0.5651887007874016
20
-0.8846431102362204
11
-0.5674486220472441
21
-0.8850926377952756
0
LINE
8
BLACK
6
CONTINUOUS
10
-0.5674486220472441
20
-0.8850926377952756
11
-0.5697085433070866
21
-0.8846431102362204
0
LINE
8
BLACK
6
CONTINUOUS
10
-0.5697085433070866
20
-0.8846431102362204
11
-0.5716244488188976
21
-0.8833629527559055
0
LINE
8
BLACK
6
CONTINUOUS
10
-0.5716244488188976
20
-0.8833629527559055
11
-0.5799761023622048
21
-0.8750112992125985
0
LINE
8
BLACK
6
CONTINUOUS
10
-0.5799761023622048
20
-0.8750112992125985
11
-0.5812562598425197
21
-0.8730953937007874
0
LINE
8
BLACK
6
CONTINUOUS
10
-0.5812562598425197
20
-0.8730953937007874
11
-0.5817057874015747
21
-0.8708354724409448
0
LINE
8
BLACK
6
CONTINUOUS
10
-0.5817057874015747
20
-0.8708354724409448
11
-0.5812562598425197
21
-0.8685755511811023
0
LINE
8
BLACK
6
CONTINUOUS
10
-0.5812562598425197
20
-0.8685755511811023
11
-0.5799761023622048
21
-0.8666596456692913
0
LINE
8
BLACK
6
CONTINUOUS
10
-0.5799761023622048
20
-0.8666596456692913
11
-0.5340420078740158
21
-0.8207255511811024
0
LINE
8
BLACK
6
CONTINUOUS
10
-0.5340420078740158
20
-0.8207255511811024
11
-0.5321261023622047
21
-0.8194453937007874
0
LINE
8
BLACK
6
CONTINUOUS
10
-0.5321261023622047
20
-0.8194453937007874
11
-0.5298661811023622
21
-0.8189958661417323
0
LINE
8
BLACK
6
CONTINUOUS
10
-0.5298661811023622
20
-0.8189958661417323
11
-0.5276062598425196
21
-0.8194453937007874
0
LINE
8
BLACK
6
CONTINUOUS
10
-1.1965114960629921
20
-0.8041235826771653
11
-1.1931607874015748
21
-0.8060000787401574
0
LINE
8
BLACK
6
CONTINUOUS
10
-1.1931607874015748
20
-0.8060000787401574
11
-1.1907832677165353
21
-0.8090159842519685
0
LINE
8
BLACK
6
CONTINUOUS
10
-1.1907832677165353
20
-0.8090159842519685
11
-1.1818464566929134
21
-0.8265554724409448
0
LINE
8
BLACK
6
CONTINUOUS
10
-1.1818464566929134
20
-0.8265554724409448
11
-1.1808040157480315
21
-0.8302516535433071
0
LINE
8
BLACK
6
CONTINUOUS
10
-1.1808040157480315
20
-0.8302516535433071
11
-1.1812553937007875
21
-0.8340653937007874
0
LINE
8
BLACK
6
CONTINUOUS
10
-1.1812553937007875
20
-0.8340653937007874
11
-1.1831318897637795
21
-0.8374161023622047
0
LINE
8
BLACK
6
CONTINUOUS
10
-1.1831318897637795
20
-0.8374161023622047
11
-1.1861477952755906
21
-0.8397936614173228
0
LINE
8
BLACK
6
CONTINUOUS
10
-1.1861477952755906
20
-0.8397936614173228
11
-1.2633215748031497
21
-0.8791156692913386
0
LINE
8
BLACK
6
CONTINUOUS
10
-1.2633215748031497
20
-0.8791156692913386
11
-1.2670177559055118
21
-0.8801581102362205
0
LINE
8
BLACK
6
CONTINUOUS
10
-1.2670177559055118
20
-0.8801581102362205
11
-1.2708314960629921
21
-0.8797067322834645
0
LINE
8
BLACK
6
CONTINUOUS
10
-1.2708314960629921
20
-0.8797067322834645
11
-1.2741822047244094
21
-0.8778302362204724
0
LINE
8
BLACK
6
CONTINUOUS
10
-1.2741822047244094
20
-0.8778302362204724
11
-1.2765597244094489
21
-0.8748143307086614
0
LINE
8
BLACK
6
CONTINUOUS
10
-1.2765597244094489
20
-0.8748143307086614
11
-1.2854965354330707
21
-0.857274842519685
0
LINE
8
BLACK
6
CONTINUOUS
10
-1.2854965354330707
20
-0.857274842519685
11
-1.2865389763779527
21
-0.8535786614173229
0
LINE
8
BLACK
6
CONTINUOUS
10
-1.2865389763779527
20
-0.8535786614173229
11
-1.2860875984251969
21
-0.8497649212598425
0
LINE
8
BLACK
6
CONTINUOUS
10
-1.2860875984251969
20
-0.8497649212598425
11
-1.2842111023622047
21
-0.8464142125984252
0
LINE
8
BLACK
6
CONTINUOUS
10
-1.2842111023622047
20
-0.8464142125984252
11
-1.2811951968503936
21
-0.844036653543307
0
LINE
8
BLACK
6
CONTINUOUS
10
-1.2811951968503936
20
-0.844036653543307
11
-1.2040214173228345
21
-0.8047146456692913
0
LINE
8
BLACK
6
CONTINUOUS
10
-1.2040214173228345
20
-0.8047146456692913
11
-1.2003252362204724
21
-0.8036722047244095
0
LINE
8
BLACK
6
CONTINUOUS
10
-1.2003252362204724
20
-0.8036722047244095
11
-1.1965114960629921
21
-0.8041235826771653
0
LINE
8
BLACK
6
CONTINUOUS
10
0.2647952755905512
20
-0.8692913385826772
11
0.2431417322834646
21
-0.8692913385826772
0
LINE
8
BLACK
6
CONTINUOUS
10
0.2431417322834646
20
-0.8692913385826772
11
0.2431417322834646
21
-0.8102362204724409
0
LINE
8
BLACK
6
CONTINUOUS
10
0.2431417322834646
20
-0.8102362204724409
11
0.2647952755905512
21
-0.8102362204724409
0
LINE
8
BLACK
6
CONTINUOUS
10
0.2647952755905512
20
-0.8102362204724409
11
0.2647952755905512
21
-0.8692913385826772
0
LINE
8
BLACK
6
CONTINUOUS
10
0.2962913385826771
20
-0.8692913385826772
11
0.2746377952755906
21
-0.8692913385826772
0
LINE
8
BLACK
6
CONTINUOUS
10
0.2746377952755906
20
-0.8692913385826772
11
0.2746377952755906
21
-0.8102362204724409
0
LINE
8
BLACK
6
CONTINUOUS
10
0.2746377952755906
20
-0.8102362204724409
11
0.2962913385826771
21
-0.8102362204724409
0
LINE
8
BLACK
6
CONTINUOUS
10
0.2962913385826771
20
-0.8102362204724409
11
0.2962913385826771
21
-0.8692913385826772
0
LINE
8
BLACK
6
CONTINUOUS
10
0.3277874015748031
20
-0.8692913385826772
11
0.3061338582677166
21
-0.8692913385826772
0
LINE
8
BLACK
6
CONTINUOUS
10
0.3061338582677166
20
-0.8692913385826772
11
0.3061338582677166
21
-0.8102362204724409
0
LINE
8
BLACK
6
CONTINUOUS
10
0.3061338582677166
20
-0.8102362204724409
11
0.3277874015748031
21
-0.8102362204724409
0
LINE
8
BLACK
6
CONTINUOUS
10
0.3277874015748031
20
-0.8102362204724409
11
0.3277874015748031
21
-0.8692913385826772
0
LINE
8
BLACK
6
CONTINUOUS
10
0.3592834645669291
20
-0.8692913385826772
11
0.3376299212598425
21
-0.8692913385826772
0
LINE
8
BLACK
6
CONTINUOUS
10
0.3376299212598425
20
-0.8692913385826772
11
0.3376299212598425
21
-0.8102362204724409
0
LINE
8
BLACK
6
CONTINUOUS
10
0.3376299212598425
20
-0.8102362204724409
11
0.3592834645669291
21
-0.8102362204724409
0
LINE
8
BLACK
6
CONTINUOUS
10
0.3592834645669291
20
-0.8102362204724409
11
0.3592834645669291
21
-0.8692913385826772
0
LINE
8
BLACK
6
CONTINUOUS
10
0.3907795275590551
20
-0.8692913385826772
11
0.3691259842519685
21
-0.8692913385826772
0
LINE
8
BLACK
6
CONTINUOUS
10
0.3691259842519685
20
-0.8692913385826772
11
0.3691259842519685
21
-0.8102362204724409
0
LINE
8
BLACK
6
CONTINUOUS
10
0.3691259842519685
20
-0.8102362204724409
11
0.3907795275590551
21
-0.8102362204724409
0
LINE
8
BLACK
6
CONTINUOUS
10
0.3907795275590551
20
-0.8102362204724409
11
0.3907795275590551
21
-0.8692913385826772
0
LINE
8
BLACK
6
CONTINUOUS
10
0.4222755905511811
20
-0.8692913385826772
11
0.4006220472440945
21
-0.8692913385826772
0
LINE
8
BLACK
6
CONTINUOUS
10
0.4006220472440945
20
-0.8692913385826772
11
0.4006220472440945
21
-0.8102362204724409
0
LINE
8
BLACK
6
CONTINUOUS
10
0.4006220472440945
20
-0.8102362204724409
11
0.4222755905511811
21
-0.8102362204724409
0
LINE
8
BLACK
6
CONTINUOUS
10
0.4222755905511811
20
-0.8102362204724409
11
0.4222755905511811
21
-0.8692913385826772
0
LINE
8
BLACK
6
CONTINUOUS
10
0.4537716535433071
20
-0.8692913385826772
11
0.4321181102362205
21
-0.8692913385826772
0
LINE
8
BLACK
6
CONTINUOUS
10
0.4321181102362205
20
-0.8692913385826772
11
0.4321181102362205
21
-0.8102362204724409
0
LINE
8
BLACK
6
CONTINUOUS
10
0.4321181102362205
20
-0.8102362204724409
11
0.4537716535433071
21
-0.8102362204724409
0
LINE
8
BLACK
6
CONTINUOUS
10
0.4537716535433071
20
-0.8102362204724409
11
0.4537716535433071
21
-0.8692913385826772
0
LINE
8
BLACK
6
CONTINUOUS
10
0.485267716535433
20
-0.8692913385826772
11
0.4636141732283465
21
-0.8692913385826772
0
LINE
8
BLACK
6
CONTINUOUS
10
0.4636141732283465
20
-0.8692913385826772
11
0.4636141732283465
21
-0.8102362204724409
0
LINE
8
BLACK
6
CONTINUOUS
10
0.4636141732283465
20
-0.8102362204724409
11
0.485267716535433
21
-0.8102362204724409
0
LINE
8
BLACK
6
CONTINUOUS
10
0.485267716535433
20
-0.8102362204724409
11
0.485267716535433
21
-0.8692913385826772
0
LINE
8
BLACK
6
CONTINUOUS
10
0.516763779527559
20
-0.8692913385826772
11
0.4951102362204725
21
-0.8692913385826772
0
LINE
8
BLACK
6
CONTINUOUS
10
0.4951102362204725
20
-0.8692913385826772
11
0.4951102362204725
21
-0.8102362204724409
0
LINE
8
BLACK
6
CONTINUOUS
10
0.4951102362204725
20
-0.8102362204724409
11
0.516763779527559
21
-0.8102362204724409
0
LINE
8
BLACK
6
CONTINUOUS
10
0.516763779527559
20
-0.8102362204724409
11
0.516763779527559
21
-0.8692913385826772
0
LINE
8
BLACK
6
CONTINUOUS
10
0.5482598425196851
20
-0.8692913385826772
11
0.5266062992125984
21
-0.8692913385826772
0
LINE
8
BLACK
6
CONTINUOUS
10
0.5266062992125984
20
-0.8692913385826772
11
0.5266062992125984
21
-0.8102362204724409
0
LINE
8
BLACK
6
CONTINUOUS
10
0.5266062992125984
20
-0.8102362204724409
11
0.5482598425196851
21
-0.8102362204724409
0
LINE
8
BLACK
6
CONTINUOUS
10
0.5482598425196851
20
-0.8102362204724409
11
0.5482598425196851
21
-0.8692913385826772
0
LINE
8
BLACK
6
CONTINUOUS
10
0.579755905511811
20
-0.8692913385826772
11
0.5581023622047244
21
-0.8692913385826772
0
LINE
8
BLACK
6
CONTINUOUS
10
0.5581023622047244
20
-0.8692913385826772
11
0.5581023622047244
21
-0.8102362204724409
0
LINE
8
BLACK
6
CONTINUOUS
10
0.5581023622047244
20
-0.8102362204724409
11
0.579755905511811
21
-0.8102362204724409
0
LINE
8
BLACK
6
CONTINUOUS
10
0.579755905511811
20
-0.8102362204724409
11
0.579755905511811
21
-0.8692913385826772
0
LINE
8
BLACK
6
CONTINUOUS
10
-0.5629616141732283
20
-0.7840900393700787
11
-0.5610457086614173
21
-0.7853701968503937
0
LINE
8
BLACK
6
CONTINUOUS
10
-0.5610457086614173
20
-0.7853701968503937
11
-0.5526940551181102
21
-0.7937218503937008
0
LINE
8
BLACK
6
CONTINUOUS
10
-0.5526940551181102
20
-0.7937218503937008
11
-0.5514138976377952
21
-0.7956377559055118
0
LINE
8
BLACK
6
CONTINUOUS
10
-0.5514138976377952
20
-0.7956377559055118
11
-0.5509643700787401
21
-0.7978976771653543
0
LINE
8
BLACK
6
CONTINUOUS
10
-0.5509643700787401
20
-0.7978976771653543
11
-0.5514138976377952
21
-0.8001575984251968
0
LINE
8
BLACK
6
CONTINUOUS
10
-0.5514138976377952
20
-0.8001575984251968
11
-0.5526940551181102
21
-0.8020735039370078
0
LINE
8
BLACK
6
CONTINUOUS
10
-0.5526940551181102
20
-0.8020735039370078
11
-0.5986281496062992
21
-0.8480075984251968
0
LINE
8
BLACK
6
CONTINUOUS
10
-0.5986281496062992
20
-0.8480075984251968
11
-0.6005440551181103
21
-0.8492877559055118
0
LINE
8
BLACK
6
CONTINUOUS
10
-0.6005440551181103
20
-0.8492877559055118
11
-0.6028039763779527
21
-0.8497372834645669
0
LINE
8
BLACK
6
CONTINUOUS
10
-0.6028039763779527
20
-0.8497372834645669
11
-0.6050638976377952
21
-0.8492877559055118
0
LINE
8
BLACK
6
CONTINUOUS
10
-0.6050638976377952
20
-0.8492877559055118
11
-0.6069798031496063
21
-0.8480075984251968
0
LINE
8
BLACK
6
CONTINUOUS
10
-0.6069798031496063
20
-0.8480075984251968
11
-0.6153314566929133
21
-0.8396559448818898
0
LINE
8
BLACK
6
CONTINUOUS
10
-0.6153314566929133
20
-0.8396559448818898
11
-0.6166116141732283
21
-0.8377400393700787
0
LINE
8
BLACK
6
CONTINUOUS
10
-0.6166116141732283
20
-0.8377400393700787
11
-0.6170611417322834
21
-0.8354801181102361
0
LINE
8
BLACK
6
CONTINUOUS
10
-0.6170611417322834
20
-0.8354801181102361
11
-0.6166116141732283
21
-0.8332201968503937
0
LINE
8
BLACK
6
CONTINUOUS
10
-0.6166116141732283
20
-0.8332201968503937
11
-0.6153314566929133
21
-0.8313042913385826
0
LINE
8
BLACK
6
CONTINUOUS
10
-0.6153314566929133
20
-0.8313042913385826
11
-0.5693973622047244
21
-0.7853701968503937
0
LINE
8
BLACK
6
CONTINUOUS
10
-0.5693973622047244
20
-0.7853701968503937
11
-0.5674814566929134
21
-0.7840900393700787
0
LINE
8
BLACK
6
CONTINUOUS
10
-0.5674814566929134
20
-0.7840900393700787
11
-0.5652215354330709
21
-0.7836405118110236
0
LINE
8
BLACK
6
CONTINUOUS
10
-0.5652215354330709
20
-0.7836405118110236
11
-0.5629616141732283
21
-0.7840900393700787
0
LINE
8
BLACK
6
CONTINUOUS
10
-0.3772779133858268
20
-0.7757366535433071
11
-0.3747234251968504
21
-0.7774435433070866
0
LINE
8
BLACK
6
CONTINUOUS
10
-0.3747234251968504
20
-0.7774435433070866
11
-0.3594120472440945
21
-0.7927549212598425
0
LINE
8
BLACK
6
CONTINUOUS
10
-0.3594120472440945
20
-0.7927549212598425
11
-0.357705157480315
21
-0.7953094094488189
0
LINE
8
BLACK
6
CONTINUOUS
10
-0.357705157480315
20
-0.7953094094488189
11
-0.3571058267716535
21
-0.7983226771653543
0
LINE
8
BLACK
6
CONTINUOUS
10
-0.3571058267716535
20
-0.7983226771653543
11
-0.357705157480315
21
-0.8013359448818898
0
LINE
8
BLACK
6
CONTINUOUS
10
-0.357705157480315
20
-0.8013359448818898
11
-0.3594120472440945
21
-0.8038904330708662
0
LINE
8
BLACK
6
CONTINUOUS
10
-0.3594120472440945
20
-0.8038904330708662
11
-0.3705475984251969
21
-0.8150259842519685
0
LINE
8
BLACK
6
CONTINUOUS
10
-0.3705475984251969
20
-0.8150259842519685
11
-0.3731020866141732
21
-0.816732874015748
0
LINE
8
BLACK
6
CONTINUOUS
10
-0.3731020866141732
20
-0.816732874015748
11
-0.3761153543307086
21
-0.8173322047244095
0
LINE
8
BLACK
6
CONTINUOUS
10
-0.3761153543307086
20
-0.8173322047244095
11
-0.3791286220472441
21
-0.816732874015748
0
LINE
8
BLACK
6
CONTINUOUS
10
-0.3791286220472441
20
-0.816732874015748
11
-0.3816831102362205
21
-0.8150259842519685
0
LINE
8
BLACK
6
CONTINUOUS
10
-0.3816831102362205
20
-0.8150259842519685
11
-0.3969944881889764
21
-0.7997146062992125
0
LINE
8
BLACK
6
CONTINUOUS
10
-0.3969944881889764
20
-0.7997146062992125
11
-0.3987013779527559
21
-0.7971601181102362
0
LINE
8
BLACK
6
CONTINUOUS
10
-0.3987013779527559
20
-0.7971601181102362
11
-0.3993007086614173
21
-0.7941468503937008
0
LINE
8
BLACK
6
CONTINUOUS
10
-0.3993007086614173
20
-0.7941468503937008
11
-0.3987013779527559
21
-0.7911335826771654
0
LINE
8
BLACK
6
CONTINUOUS
10
-0.3987013779527559
20
-0.7911335826771654
11
-0.3969944881889764
21
-0.788579094488189
0
LINE
8
BLACK
6
CONTINUOUS
10
-0.3969944881889764
20
-0.788579094488189
11
-0.385858937007874
21
-0.7774435433070866
0
LINE
8
BLACK
6
CONTINUOUS
10
-0.385858937007874
20
-0.7774435433070866
11
-0.3833044488188976
21
-0.7757366535433071
0
LINE
8
BLACK
6
CONTINUOUS
10
-0.3833044488188976
20
-0.7757366535433071
11
-0.3802911811023622
21
-0.7751373228346456
0
LINE
8
BLACK
6
CONTINUOUS
10
-0.3802911811023622
20
-0.7751373228346456
11
-0.3772779133858268
21
-0.7757366535433071
0
LINE
8
BLACK
6
CONTINUOUS
10
0.0016377952755906
20
-0.8165905511811024
11
-0.0456062992125984
21
-0.8165905511811024
0
LINE
8
BLACK
6
CONTINUOUS
10
-0.0456062992125984
20
-0.8165905511811024
11
-0.0456062992125984
21
-0.7614724409448819
0
LINE
8
BLACK
6
CONTINUOUS
10
-0.0456062992125984
20
-0.7614724409448819
11
0.0016377952755906
21
-0.7614724409448819
0
LINE
8
BLACK
6
CONTINUOUS
10
0.0016377952755906
20
-0.7614724409448819
11
0.0016377952755906
21
-0.8165905511811024
0
LINE
8
BLACK
6
CONTINUOUS
10
0.0764409448818898
20
-0.8165905511811024
11
0.0291968503937008
21
-0.8165905511811024
0
LINE
8
BLACK
6
CONTINUOUS
10
0.0291968503937008
20
-0.8165905511811024
11
0.0291968503937008
21
-0.7614724409448819
0
LINE
8
BLACK
6
CONTINUOUS
10
0.0291968503937008
20
-0.7614724409448819
11
0.0764409448818898
21
-0.7614724409448819
0
LINE
8
BLACK
6
CONTINUOUS
10
0.0764409448818898
20
-0.7614724409448819
11
0.0764409448818898
21
-0.8165905511811024
0
LINE
8
BLACK
6
CONTINUOUS
10
-0.5983169291338583
20
-0.74873468503937
11
-0.5964010236220473
21
-0.750014842519685
0
LINE
8
BLACK
6
CONTINUOUS
10
-0.5964010236220473
20
-0.750014842519685
11
-0.5880493700787401
21
-0.7583664960629921
0
LINE
8
BLACK
6
CONTINUOUS
10
-0.5880493700787401
20
-0.7583664960629921
11
-0.5867692125984252
21
-0.7602824015748031
0
LINE
8
BLACK
6
CONTINUOUS
10
-0.5867692125984252
20
-0.7602824015748031
11
-0.58631968503937
21
-0.7625423228346456
0
LINE
8
BLACK
6
CONTINUOUS
10
-0.58631968503937
20
-0.7625423228346456
11
-0.5867692125984252
21
-0.7648022440944882
0
LINE
8
BLACK
6
CONTINUOUS
10
-0.5867692125984252
20
-0.7648022440944882
11
-0.5880493700787401
21
-0.7667181496062992
0
LINE
8
BLACK
6
CONTINUOUS
10
-0.5880493700787401
20
-0.7667181496062992
11
-0.6339834645669291
21
-0.8126522440944882
0
LINE
8
BLACK
6
CONTINUOUS
10
-0.6339834645669291
20
-0.8126522440944882
11
-0.6358993700787401
21
-0.8139324015748032
0
LINE
8
BLACK
6
CONTINUOUS
10
-0.6358993700787401
20
-0.8139324015748032
11
-0.6381592913385826
21
-0.8143819291338582
0
LINE
8
BLACK
6
CONTINUOUS
10
-0.6381592913385826
20
-0.8143819291338582
11
-0.6404192125984252
21
-0.8139324015748032
0
LINE
8
BLACK
6
CONTINUOUS
10
-0.6404192125984252
20
-0.8139324015748032
11
-0.6423351181102362
21
-0.8126522440944882
0
LINE
8
BLACK
6
CONTINUOUS
10
-0.6423351181102362
20
-0.8126522440944882
11
-0.6506867716535433
21
-0.8043005905511811
0
LINE
8
BLACK
6
CONTINUOUS
10
-0.6506867716535433
20
-0.8043005905511811
11
-0.6519669291338582
21
-0.8023846850393701
0
LINE
8
BLACK
6
CONTINUOUS
10
-0.6519669291338582
20
-0.8023846850393701
11
-0.6524164566929134
21
-0.8001247637795276
0
LINE
8
BLACK
6
CONTINUOUS
10
-0.6524164566929134
20
-0.8001247637795276
11
-0.6519669291338582
21
-0.797864842519685
0
LINE
8
BLACK
6
CONTINUOUS
10
-0.6519669291338582
20
-0.797864842519685
11
-0.6506867716535433
21
-0.7959489370078739
0
LINE
8
BLACK
6
CONTINUOUS
10
-0.6506867716535433
20
-0.7959489370078739
11
-0.6047526771653543
21
-0.750014842519685
0
LINE
8
BLACK
6
CONTINUOUS
10
-0.6047526771653543
20
-0.750014842519685
11
-0.6028367716535433
21
-0.74873468503937
0
LINE
8
BLACK
6
CONTINUOUS
10
-0.6028367716535433
20
-0.74873468503937
11
-0.6005768503937008
21
-0.748285157480315
0
LINE
8
BLACK
6
CONTINUOUS
10
-0.6005768503937008
20
-0.748285157480315
11
-0.5983169291338583
21
-0.74873468503937
0
LINE
8
BLACK
6
CONTINUOUS
10
0.2165669291338582
20
-0.7836614173228347
11
0.1575118110236221
21
-0.7836614173228347
0
LINE
8
BLACK
6
CONTINUOUS
10
0.1575118110236221
20
-0.7836614173228347
11
0.1575118110236221
21
-0.762007874015748
0
LINE
8
BLACK
6
CONTINUOUS
10
0.1575118110236221
20
-0.762007874015748
11
0.2165669291338582
21
-0.762007874015748
0
LINE
8
BLACK
6
CONTINUOUS
10
0.2165669291338582
20
-0.762007874015748
11
0.2165669291338582
21
-0.7836614173228347
0
LINE
8
BLACK
6
CONTINUOUS
10
0.6653858267716535
20
-0.7836614173228347
11
0.6063307086614174
21
-0.7836614173228347
0
LINE
8
BLACK
6
CONTINUOUS
10
0.6063307086614174
20
-0.7836614173228347
11
0.6063307086614174
21
-0.762007874015748
0
LINE
8
BLACK
6
CONTINUOUS
10
0.6063307086614174
20
-0.762007874015748
11
0.6653858267716535
21
-0.762007874015748
0
LINE
8
BLACK
6
CONTINUOUS
10
0.6653858267716535
20
-0.762007874015748
11
0.6653858267716535
21
-0.7836614173228347
0
LINE
8
BLACK
6
CONTINUOUS
10
-0.3313438188976378
20
-0.729802559055118
11
-0.3287893307086614
21
-0.7315094488188976
0
LINE
8
BLACK
6
CONTINUOUS
10
-0.3287893307086614
20
-0.7315094488188976
11
-0.3134779527559055
21
-0.7468208267716535
0
LINE
8
BLACK
6
CONTINUOUS
10
-0.3134779527559055
20
-0.7468208267716535
11
-0.311771062992126
21
-0.7493753149606299
0
LINE
8
BLACK
6
CONTINUOUS
10
-0.311771062992126
20
-0.7493753149606299
11
-0.3111717322834646
21
-0.7523885826771654
0
LINE
8
BLACK
6
CONTINUOUS
10
-0.3111717322834646
20
-0.7523885826771654
11
-0.311771062992126
21
-0.7554018503937008
0
LINE
8
BLACK
6
CONTINUOUS
10
-0.311771062992126
20
-0.7554018503937008
11
-0.3134779527559055
21
-0.7579563385826772
0
LINE
8
BLACK
6
CONTINUOUS
10
-0.3134779527559055
20
-0.7579563385826772
11
-0.3246135039370079
21
-0.7690918897637795
0
LINE
8
BLACK
6
CONTINUOUS
10
-0.3246135039370079
20
-0.7690918897637795
11
-0.3271679921259842
21
-0.770798779527559
0
LINE
8
BLACK
6
CONTINUOUS
10
-0.3271679921259842
20
-0.770798779527559
11
-0.3301812598425197
21
-0.7713981102362204
0
LINE
8
BLACK
6
CONTINUOUS
10
-0.3301812598425197
20
-0.7713981102362204
11
-0.3331945275590551
21
-0.770798779527559
0
LINE
8
BLACK
6
CONTINUOUS
10
-0.3331945275590551
20
-0.770798779527559
11
-0.3357490157480315
21
-0.7690918897637795
0
LINE
8
BLACK
6
CONTINUOUS
10
-0.3357490157480315
20
-0.7690918897637795
11
-0.3510603937007874
21
-0.7537805118110236
0
LINE
8
BLACK
6
CONTINUOUS
10
-0.3510603937007874
20
-0.7537805118110236
11
-0.3527672834645669
21
-0.7512260236220473
0
LINE
8
BLACK
6
CONTINUOUS
10
-0.3527672834645669
20
-0.7512260236220473
11
-0.3533666141732283
21
-0.7482127559055118
0
LINE
8
BLACK
6
CONTINUOUS
10
-0.3533666141732283
20
-0.7482127559055118
11
-0.3527672834645669
21
-0.7451994881889764
0
LINE
8
BLACK
6
CONTINUOUS
10
-0.3527672834645669
20
-0.7451994881889764
11
-0.3510603937007874
21
-0.742645
0
LINE
8
BLACK
6
CONTINUOUS
10
-0.3510603937007874
20
-0.742645
11
-0.339924842519685
21
-0.7315094488188976
0
LINE
8
BLACK
6
CONTINUOUS
10
-0.339924842519685
20
-0.7315094488188976
11
-0.3373703543307087
21
-0.729802559055118
0
LINE
8
BLACK
6
CONTINUOUS
10
-0.3373703543307087
20
-0.729802559055118
11
-0.3343570866141732
21
-0.7292032283464567
0
LINE
8
BLACK
6
CONTINUOUS
10
-0.3343570866141732
20
-0.7292032283464567
11
-0.3313438188976378
21
-0.729802559055118
0
LINE
8
BLACK
6
CONTINUOUS
10
-0.0851927559055118
20
-0.730005
11
-0.082318937007874
21
-0.7319252362204725
0
LINE
8
BLACK
6
CONTINUOUS
10
-0.082318937007874
20
-0.7319252362204725
11
-0.0803987007874016
21
-0.7347990551181102
0
LINE
8
BLACK
6
CONTINUOUS
10
-0.0803987007874016
20
-0.7347990551181102
11
-0.0797244094488189
21
-0.7381889763779528
0
LINE
8
BLACK
6
CONTINUOUS
10
-0.0797244094488189
20
-0.7381889763779528
11
-0.0797244094488189
21
-0.7559055118110236
0
LINE
8
BLACK
6
CONTINUOUS
10
-0.0797244094488189
20
-0.7559055118110236
11
-0.0803987007874016
21
-0.7592954330708661
0
LINE
8
BLACK
6
CONTINUOUS
10
-0.0803987007874016
20
-0.7592954330708661
11
-0.082318937007874
21
-0.7621692519685039
0
LINE
8
BLACK
6
CONTINUOUS
10
-0.082318937007874
20
-0.7621692519685039
11
-0.0851927559055118
21
-0.7640894881889764
0
LINE
8
BLACK
6
CONTINUOUS
10
-0.0851927559055118
20
-0.7640894881889764
11
-0.0885826771653543
21
-0.764763779527559
0
LINE
8
BLACK
6
CONTINUOUS
10
-0.0885826771653543
20
-0.764763779527559
11
-0.1082677165354331
21
-0.764763779527559
0
LINE
8
BLACK
6
CONTINUOUS
10
-0.1082677165354331
20
-0.764763779527559
11
-0.1116576377952756
21
-0.7640894881889764
0
LINE
8
BLACK
6
CONTINUOUS
10
-0.1116576377952756
20
-0.7640894881889764
11
-0.1145314566929134
21
-0.7621692519685039
0
LINE
8
BLACK
6
CONTINUOUS
10
-0.1145314566929134
20
-0.7621692519685039
11
-0.1164516929133858
21
-0.7592954330708661
0
LINE
8
BLACK
6
CONTINUOUS
10
-0.1164516929133858
20
-0.7592954330708661
11
-0.1171259842519685
21
-0.7559055118110236
0
LINE
8
BLACK
6
CONTINUOUS
10
-0.1171259842519685
20
-0.7559055118110236
11
-0.1171259842519685
21
-0.7381889763779528
0
LINE
8
BLACK
6
CONTINUOUS
10
-0.1171259842519685
20
-0.7381889763779528
11
-0.1164516929133858
21
-0.7347990551181102
0
LINE
8
BLACK
6
CONTINUOUS
10
-0.1164516929133858
20
-0.7347990551181102
11
-0.1145314566929134
21
-0.7319252362204725
0
LINE
8
BLACK
6
CONTINUOUS
10
-0.1145314566929134
20
-0.7319252362204725
11
-0.1116576377952756
21
-0.730005
0
LINE
8
BLACK
6
CONTINUOUS
10
-0.1116576377952756
20
-0.730005
11
-0.1082677165354331
21
-0.7293307086614174
0
LINE
8
BLACK
6
CONTINUOUS
10
-0.1082677165354331
20
-0.7293307086614174
11
-0.0885826771653543
21
-0.7293307086614174
0
LINE
8
BLACK
6
CONTINUOUS
10
-0.0885826771653543
20
-0.7293307086614174
11
-0.0851927559055118
21
-0.730005
0
LINE
8
BLACK
6
CONTINUOUS
10
0.2165669291338582
20
-0.7521653543307086
11
0.1575118110236221
21
-0.7521653543307086
0
LINE
8
BLACK
6
CONTINUOUS
10
0.1575118110236221
20
-0.7521653543307086
11
0.1575118110236221
21
-0.7305118110236221
0
LINE
8
BLACK
6
CONTINUOUS
10
0.1575118110236221
20
-0.7305118110236221
11
0.2165669291338582
21
-0.7305118110236221
0
LINE
8
BLACK
6
CONTINUOUS
10
0.2165669291338582
20
-0.7305118110236221
11
0.2165669291338582
21
-0.7521653543307086
0
LINE
8
BLACK
6
CONTINUOUS
10
0.6653858267716535
20
-0.7521653543307086
11
0.6063307086614174
21
-0.7521653543307086
0
LINE
8
BLACK
6
CONTINUOUS
10
0.6063307086614174
20
-0.7521653543307086
11
0.6063307086614174
21
-0.7305118110236221
0
LINE
8
BLACK
6
CONTINUOUS
10
0.6063307086614174
20
-0.7305118110236221
11
0.6653858267716535
21
-0.7305118110236221
0
LINE
8
BLACK
6
CONTINUOUS
10
0.6653858267716535
20
-0.7305118110236221
11
0.6653858267716535
21
-0.7521653543307086
0
LINE
8
BLACK
6
CONTINUOUS
10
-1.1307857874015748
20
-0.6964334645669291
11
-1.1287753937007874
21
-0.6975593307086614
0
LINE
8
BLACK
6
CONTINUOUS
10
-1.1287753937007874
20
-0.6975593307086614
11
-1.1273488582677165
21
-0.6993688976377953
0
LINE
8
BLACK
6
CONTINUOUS
10
-1.1273488582677165
20
-0.6993688976377953
11
-1.1219867716535432
21
-0.7098925984251968
0
LINE
8
BLACK
6
CONTINUOUS
10
-1.1219867716535432
20
-0.7098925984251968
11
-1.1213612992125983
21
-0.7121103149606299
0
LINE
8
BLACK
6
CONTINUOUS
10
-1.1213612992125983
20
-0.7121103149606299
11
-1.1216321259842519
21
-0.7143985433070866
0
LINE
8
BLACK
6
CONTINUOUS
10
-1.1216321259842519
20
-0.7143985433070866
11
-1.1227579921259843
21
-0.7164089763779528
0
LINE
8
BLACK
6
CONTINUOUS
10
-1.1227579921259843
20
-0.7164089763779528
11
-1.1245675590551181
21
-0.7178355118110236
0
LINE
8
BLACK
6
CONTINUOUS
10
-1.1245675590551181
20
-0.7178355118110236
11
-1.1736781496062991
21
-0.7428585826771653
0
LINE
8
BLACK
6
CONTINUOUS
10
-1.1736781496062991
20
-0.7428585826771653
11
-1.175895905511811
21
-0.7434840551181102
0
LINE
8
BLACK
6
CONTINUOUS
10
-1.175895905511811
20
-0.7434840551181102
11
-1.1781841338582677
21
-0.7432132283464566
0
LINE
8
BLACK
6
CONTINUOUS
10
-1.1781841338582677
20
-0.7432132283464566
11
-1.1801945275590551
21
-0.7420873622047244
0
LINE
8
BLACK
6
CONTINUOUS
10
-1.1801945275590551
20
-0.7420873622047244
11
-1.181621062992126
21
-0.7402777952755906
0
LINE
8
BLACK
6
CONTINUOUS
10
-1.181621062992126
20
-0.7402777952755906
11
-1.1869831496062992
21
-0.729754094488189
0
LINE
8
BLACK
6
CONTINUOUS
10
-1.1869831496062992
20
-0.729754094488189
11
-1.1876086220472442
21
-0.7275363779527559
0
LINE
8
BLACK
6
CONTINUOUS
10
-1.1876086220472442
20
-0.7275363779527559
11
-1.1873377952755906
21
-0.7252481496062992
0
LINE
8
BLACK
6
CONTINUOUS
10
-1.1873377952755906
20
-0.7252481496062992
11
-1.1862119291338582
21
-0.723237716535433
0
LINE
8
BLACK
6
CONTINUOUS
10
-1.1862119291338582
20
-0.723237716535433
11
-1.1844023622047244
21
-0.7218111811023622
0
LINE
8
BLACK
6
CONTINUOUS
10
-1.1844023622047244
20
-0.7218111811023622
11
-1.1352917716535433
21
-0.6967881102362204
0
LINE
8
BLACK
6
CONTINUOUS
10
-1.1352917716535433
20
-0.6967881102362204
11
-1.1330740157480315
21
-0.6961626377952755
0
LINE
8
BLACK
6
CONTINUOUS
10
-1.1330740157480315
20
-0.6961626377952755
11
-1.1307857874015748
21
-0.6964334645669291
0
LINE
8
BLACK
6
CONTINUOUS
10
-0.4522779133858267
20
-0.7007366535433071
11
-0.4497234251968504
21
-0.7024435433070866
0
LINE
8
BLACK
6
CONTINUOUS
10
-0.4497234251968504
20
-0.7024435433070866
11
-0.4344120472440945
21
-0.7177549212598425
0
LINE
8
BLACK
6
CONTINUOUS
10
-0.4344120472440945
20
-0.7177549212598425
11
-0.432705157480315
21
-0.7203094094488188
0
LINE
8
BLACK
6
CONTINUOUS
10
-0.432705157480315
20
-0.7203094094488188
11
-0.4321058267716535
21
-0.7233226771653544
0
LINE
8
BLACK
6
CONTINUOUS
10
-0.4321058267716535
20
-0.7233226771653544
11
-0.432705157480315
21
-0.7263359448818898
0
LINE
8
BLACK
6
CONTINUOUS
10
-0.432705157480315
20
-0.7263359448818898
11
-0.4344120472440945
21
-0.7288904330708661
0
LINE
8
BLACK
6
CONTINUOUS
10
-0.4344120472440945
20
-0.7288904330708661
11
-0.4455475984251969
21
-0.7400259842519685
0
LINE
8
BLACK
6
CONTINUOUS
10
-0.4455475984251969
20
-0.7400259842519685
11
-0.4481020866141732
21
-0.7417328740157481
0
LINE
8
BLACK
6
CONTINUOUS
10
-0.4481020866141732
20
-0.7417328740157481
11
-0.4511153543307087
21
-0.7423322047244094
0
LINE
8
BLACK
6
CONTINUOUS
10
-0.4511153543307087
20
-0.7423322047244094
11
-0.4541286220472441
21
-0.7417328740157481
0
LINE
8
BLACK
6
CONTINUOUS
10
-0.4541286220472441
20
-0.7417328740157481
11
-0.4566831102362204
21
-0.7400259842519685
0
LINE
8
BLACK
6
CONTINUOUS
10
-0.4566831102362204
20
-0.7400259842519685
11
-0.4719944881889764
21
-0.7247146062992126
0
LINE
8
BLACK
6
CONTINUOUS
10
-0.4719944881889764
20
-0.7247146062992126
11
-0.4737013779527559
21
-0.7221601181102362
0
LINE
8
BLACK
6
CONTINUOUS
10
-0.4737013779527559
20
-0.7221601181102362
11
-0.4743007086614173
21
-0.7191468503937007
0
LINE
8
BLACK
6
CONTINUOUS
10
-0.4743007086614173
20
-0.7191468503937007
11
-0.4737013779527559
21
-0.7161335826771653
0
LINE
8
BLACK
6
CONTINUOUS
10
-0.4737013779527559
20
-0.7161335826771653
11
-0.4719944881889764
21
-0.713579094488189
0
LINE
8
BLACK
6
CONTINUOUS
10
-0.4719944881889764
20
-0.713579094488189
11
-0.460858937007874
21
-0.7024435433070866
0
LINE
8
BLACK
6
CONTINUOUS
10
-0.460858937007874
20
-0.7024435433070866
11
-0.4583044488188976
21
-0.7007366535433071
0
LINE
8
BLACK
6
CONTINUOUS
10
-0.4583044488188976
20
-0.7007366535433071
11
-0.4552911811023622
21
-0.7001373228346457
0
LINE
8
BLACK
6
CONTINUOUS
10
-0.4552911811023622
20
-0.7001373228346457
11
-0.4522779133858267
21
-0.7007366535433071
0
LINE
8
BLACK
6
CONTINUOUS
10
0.2165669291338582
20
-0.7206692913385827
11
0.1575118110236221
21
-0.7206692913385827
0
LINE
8
BLACK
6
CONTINUOUS
10
0.1575118110236221
20
-0.7206692913385827
11
0.1575118110236221
21
-0.699015748031496
0
LINE
8
BLACK
6
CONTINUOUS
10
0.1575118110236221
20
-0.699015748031496
11
0.2165669291338582
21
-0.699015748031496
0
LINE
8
BLACK
6
CONTINUOUS
10
0.2165669291338582
20
-0.699015748031496
11
0.2165669291338582
21
-0.7206692913385827
0
LINE
8
BLACK
6
CONTINUOUS
10
0.6653858267716535
20
-0.7206692913385827
11
0.6063307086614174
21
-0.7206692913385827
0
LINE
8
BLACK
6
CONTINUOUS
10
0.6063307086614174
20
-0.7206692913385827
11
0.6063307086614174
21
-0.699015748031496
0
LINE
8
BLACK
6
CONTINUOUS
10
0.6063307086614174
20
-0.699015748031496
11
0.6653858267716535
21
-0.699015748031496
0
LINE
8
BLACK
6
CONTINUOUS
10
0.6653858267716535
20
-0.699015748031496
11
0.6653858267716535
21
-0.7206692913385827
0
LINE
8
BLACK
6
CONTINUOUS
10
-0.545205157480315
20
-0.6733960236220472
11
-0.5423312992125984
21
-0.6753162598425196
0
LINE
8
BLACK
6
CONTINUOUS
10
-0.5423312992125984
20
-0.6753162598425196
11
-0.5298038188976378
21
-0.6878437401574803
0
LINE
8
BLACK
6
CONTINUOUS
10
-0.5298038188976378
20
-0.6878437401574803
11
-0.5278835826771654
21
-0.6907175984251969
0
LINE
8
BLACK
6
CONTINUOUS
10
-0.5278835826771654
20
-0.6907175984251969
11
-0.5272092913385826
21
-0.6941074803149606
0
LINE
8
BLACK
6
CONTINUOUS
10
-0.5272092913385826
20
-0.6941074803149606
11
-0.5278835826771654
21
-0.6974974015748031
0
LINE
8
BLACK
6
CONTINUOUS
10
-0.5278835826771654
20
-0.6974974015748031
11
-0.5298038188976378
21
-0.7003712204724409
0
LINE
8
BLACK
6
CONTINUOUS
10
-0.5298038188976378
20
-0.7003712204724409
11
-0.5437232677165355
21
-0.7142906692913386
0
LINE
8
BLACK
6
CONTINUOUS
10
-0.5437232677165355
20
-0.7142906692913386
11
-0.5465970866141732
21
-0.716210905511811
0
LINE
8
BLACK
6
CONTINUOUS
10
-0.5465970866141732
20
-0.716210905511811
11
-0.5499870078740158
21
-0.7168851968503936
0
LINE
8
BLACK
6
CONTINUOUS
10
-0.5499870078740158
20
-0.7168851968503936
11
-0.5533768897637795
21
-0.716210905511811
0
LINE
8
BLACK
6
CONTINUOUS
10
-0.5533768897637795
20
-0.716210905511811
11
-0.5562507480314961
21
-0.7142906692913386
0
LINE
8
BLACK
6
CONTINUOUS
10
-0.5562507480314961
20
-0.7142906692913386
11
-0.5687782283464566
21
-0.7017631889763779
0
LINE
8
BLACK
6
CONTINUOUS
10
-0.5687782283464566
20
-0.7017631889763779
11
-0.5706984645669291
21
-0.6988893307086614
0
LINE
8
BLACK
6
CONTINUOUS
10
-0.5706984645669291
20
-0.6988893307086614
11
-0.5713727559055118
21
-0.6954994488188976
0
LINE
8
BLACK
6
CONTINUOUS
10
-0.5713727559055118
20
-0.6954994488188976
11
-0.5706984645669291
21
-0.6921095275590551
0
LINE
8
BLACK
6
CONTINUOUS
10
-0.5706984645669291
20
-0.6921095275590551
11
-0.5687782283464566
21
-0.6892357086614173
0
LINE
8
BLACK
6
CONTINUOUS
10
-0.5687782283464566
20
-0.6892357086614173
11
-0.554858779527559
21
-0.6753162598425196
0
LINE
8
BLACK
6
CONTINUOUS
10
-0.554858779527559
20
-0.6753162598425196
11
-0.5519849606299212
21
-0.6733960236220472
0
LINE
8
BLACK
6
CONTINUOUS
10
-0.5519849606299212
20
-0.6733960236220472
11
-0.5485950393700787
21
-0.6727217322834645
0
LINE
8
BLACK
6
CONTINUOUS
10
-0.5485950393700787
20
-0.6727217322834645
11
-0.545205157480315
21
-0.6733960236220472
0
LINE
8
BLACK
6
CONTINUOUS
10
0.0016377952755906
20
-0.7142283464566929
11
-0.0456062992125984
21
-0.7142283464566929
0
LINE
8
BLACK
6
CONTINUOUS
10
-0.0456062992125984
20
-0.7142283464566929
11
-0.0456062992125984
21
-0.6591102362204724
0
LINE
8
BLACK
6
CONTINUOUS
10
-0.0456062992125984
20
-0.6591102362204724
11
0.0016377952755906
21
-0.6591102362204724
0
LINE
8
BLACK
6
CONTINUOUS
10
0.0016377952755906
20
-0.6591102362204724
11
0.0016377952755906
21
-0.7142283464566929
0
LINE
8
BLACK
6
CONTINUOUS
10
0.0764409448818898
20
-0.7142283464566929
11
0.0291968503937008
21
-0.7142283464566929
0
LINE
8
BLACK
6
CONTINUOUS
10
0.0291968503937008
20
-0.7142283464566929
11
0.0291968503937008
21
-0.6591102362204724
0
LINE
8
BLACK
6
CONTINUOUS
10
0.0291968503937008
20
-0.6591102362204724
11
0.0764409448818898
21
-0.6591102362204724
0
LINE
8
BLACK
6
CONTINUOUS
10
0.0764409448818898
20
-0.6591102362204724
11
0.0764409448818898
21
-0.7142283464566929
0
LINE
8
BLACK
6
CONTINUOUS
10
-0.0851927559055118
20
-0.6689813779527559
11
-0.082318937007874
21
-0.6709016141732284
0
LINE
8
BLACK
6
CONTINUOUS
10
-0.082318937007874
20
-0.6709016141732284
11
-0.0803987007874016
21
-0.6737754330708662
0
LINE
8
BLACK
6
CONTINUOUS
10
-0.0803987007874016
20
-0.6737754330708662
11
-0.0797244094488189
21
-0.6771653543307087
0
LINE
8
BLACK
6
CONTINUOUS
10
-0.0797244094488189
20
-0.6771653543307087
11
-0.0797244094488189
21
-0.6948818897637795
0
LINE
8
BLACK
6
CONTINUOUS
10
-0.0797244094488189
20
-0.6948818897637795
11
-0.0803987007874016
21
-0.698271811023622
0
LINE
8
BLACK
6
CONTINUOUS
10
-0.0803987007874016
20
-0.698271811023622
11
-0.082318937007874
21
-0.7011456299212598
0
LINE
8
BLACK
6
CONTINUOUS
10
-0.082318937007874
20
-0.7011456299212598
11
-0.0851927559055118
21
-0.7030658661417323
0
LINE
8
BLACK
6
CONTINUOUS
10
-0.0851927559055118
20
-0.7030658661417323
11
-0.0885826771653543
21
-0.7037401574803149
0
LINE
8
BLACK
6
CONTINUOUS
10
-0.0885826771653543
20
-0.7037401574803149
11
-0.1082677165354331
21
-0.7037401574803149
0
LINE
8
BLACK
6
CONTINUOUS
10
-0.1082677165354331
20
-0.7037401574803149
11
-0.1116576377952756
21
-0.7030658661417323
0
LINE
8
BLACK
6
CONTINUOUS
10
-0.1116576377952756
20
-0.7030658661417323
11
-0.1145314566929134
21
-0.7011456299212598
0
LINE
8
BLACK
6
CONTINUOUS
10
-0.1145314566929134
20
-0.7011456299212598
11
-0.1164516929133858
21
-0.698271811023622
0
LINE
8
BLACK
6
CONTINUOUS
10
-0.1164516929133858
20
-0.698271811023622
11
-0.1171259842519685
21
-0.6948818897637795
0
LINE
8
BLACK
6
CONTINUOUS
10
-0.1171259842519685
20
-0.6948818897637795
11
-0.1171259842519685
21
-0.6771653543307087
0
LINE
8
BLACK
6
CONTINUOUS
10
-0.1171259842519685
20
-0.6771653543307087
11
-0.1164516929133858
21
-0.6737754330708662
0
LINE
8
BLACK
6
CONTINUOUS
10
-0.1164516929133858
20
-0.6737754330708662
11
-0.1145314566929134
21
-0.6709016141732284
0
LINE
8
BLACK
6
CONTINUOUS
10
-0.1145314566929134
20
-0.6709016141732284
11
-0.1116576377952756
21
-0.6689813779527559
0
LINE
8
BLACK
6
CONTINUOUS
10
-0.1116576377952756
20
-0.6689813779527559
11
-0.1082677165354331
21
-0.6683070866141733
0
LINE
8
BLACK
6
CONTINUOUS
10
-0.1082677165354331
20
-0.6683070866141733
11
-0.0885826771653543
21
-0.6683070866141733
0
LINE
8
BLACK
6
CONTINUOUS
10
-0.0885826771653543
20
-0.6683070866141733
11
-0.0851927559055118
21
-0.6689813779527559
0
LINE
8
BLACK
6
CONTINUOUS
10
-1.1531278346456693
20
-0.6525847244094488
11
-1.1511174409448819
21
-0.6537105905511811
0
LINE
8
BLACK
6
CONTINUOUS
10
-1.1511174409448819
20
-0.6537105905511811
11
-1.149690905511811
21
-0.6555201574803149
0
LINE
8
BLACK
6
CONTINUOUS
10
-1.149690905511811
20
-0.6555201574803149
11
-1.1443288188976377
21
-0.6660438582677165
0
LINE
8
BLACK
6
CONTINUOUS
10
-1.1443288188976377
20
-0.6660438582677165
11
-1.1437033464566928
21
-0.6682615748031496
0
LINE
8
BLACK
6
CONTINUOUS
10
-1.1437033464566928
20
-0.6682615748031496
11
-1.1439741732283464
21
-0.6705498031496063
0
LINE
8
BLACK
6
CONTINUOUS
10
-1.1439741732283464
20
-0.6705498031496063
11
-1.1451000393700788
21
-0.6725602362204725
0
LINE
8
BLACK
6
CONTINUOUS
10
-1.1451000393700788
20
-0.6725602362204725
11
-1.1469096062992126
21
-0.6739867716535433
0
LINE
8
BLACK
6
CONTINUOUS
10
-1.1469096062992126
20
-0.6739867716535433
11
-1.1960201968503936
21
-0.699009842519685
0
LINE
8
BLACK
6
CONTINUOUS
10
-1.1960201968503936
20
-0.699009842519685
11
-1.1982379527559055
21
-0.6996353149606299
0
LINE
8
BLACK
6
CONTINUOUS
10
-1.1982379527559055
20
-0.6996353149606299
11
-1.2005261811023622
21
-0.6993644881889763
0
LINE
8
BLACK
6
CONTINUOUS
10
-1.2005261811023622
20
-0.6993644881889763
11
-1.2025365748031496
21
-0.6982386220472441
0
LINE
8
BLACK
6
CONTINUOUS
10
-1.2025365748031496
20
-0.6982386220472441
11
-1.2039631102362205
21
-0.6964290551181103
0
LINE
8
BLACK
6
CONTINUOUS
10
-1.2039631102362205
20
-0.6964290551181103
11
-1.2093251968503937
21
-0.6859053543307086
0
LINE
8
BLACK
6
CONTINUOUS
10
-1.2093251968503937
20
-0.6859053543307086
11
-1.2099506692913387
21
-0.6836876377952755
0
LINE
8
BLACK
6
CONTINUOUS
10
-1.2099506692913387
20
-0.6836876377952755
11
-1.2096798425196851
21
-0.6813994094488188
0
LINE
8
BLACK
6
CONTINUOUS
10
-1.2096798425196851
20
-0.6813994094488188
11
-1.2085539763779527
21
-0.6793889763779527
0
LINE
8
BLACK
6
CONTINUOUS
10
-1.2085539763779527
20
-0.6793889763779527
11
-1.2067444094488189
21
-0.6779624409448819
0
LINE
8
BLACK
6
CONTINUOUS
10
-1.2067444094488189
20
-0.6779624409448819
11
-1.1576338188976378
21
-0.6529393700787401
0
LINE
8
BLACK
6
CONTINUOUS
10
-1.1576338188976378
20
-0.6529393700787401
11
-1.155416062992126
21
-0.6523138976377952
0
LINE
8
BLACK
6
CONTINUOUS
10
-1.155416062992126
20
-0.6523138976377952
11
-1.1531278346456693
21
-0.6525847244094488
0
LINE
8
BLACK
6
CONTINUOUS
10
-0.4063438188976378
20
-0.6548025590551181
11
-0.4037893307086614
21
-0.6565094488188976
0
LINE
8
BLACK
6
CONTINUOUS
10
-0.4037893307086614
20
-0.6565094488188976
11
-0.3884779527559055
21
-0.6718208267716536
0
LINE
8
BLACK
6
CONTINUOUS
10
-0.3884779527559055
20
-0.6718208267716536
11
-0.386771062992126
21
-0.6743753149606299
0
LINE
8
BLACK
6
CONTINUOUS
10
-0.386771062992126
20
-0.6743753149606299
11
-0.3861717322834646
21
-0.6773885826771653
0
LINE
8
BLACK
6
CONTINUOUS
10
-0.3861717322834646
20
-0.6773885826771653
11
-0.386771062992126
21
-0.6804018503937008
0
LINE
8
BLACK
6
CONTINUOUS
10
-0.386771062992126
20
-0.6804018503937008
11
-0.3884779527559055
21
-0.6829563385826771
0
LINE
8
BLACK
6
CONTINUOUS
10
-0.3884779527559055
20
-0.6829563385826771
11
-0.3996135039370078
21
-0.6940918897637796
0
LINE
8
BLACK
6
CONTINUOUS
10
-0.3996135039370078
20
-0.6940918897637796
11
-0.4021679921259843
21
-0.6957987795275591
0
LINE
8
BLACK
6
CONTINUOUS
10
-0.4021679921259843
20
-0.6957987795275591
11
-0.4051812598425197
21
-0.6963981102362204
0
LINE
8
BLACK
6
CONTINUOUS
10
-0.4051812598425197
20
-0.6963981102362204
11
-0.4081945275590551
21
-0.6957987795275591
0
LINE
8
BLACK
6
CONTINUOUS
10
-0.4081945275590551
20
-0.6957987795275591
11
-0.4107490157480315
21
-0.6940918897637796
0
LINE
8
BLACK
6
CONTINUOUS
10
-0.4107490157480315
20
-0.6940918897637796
11
-0.4260603937007874
21
-0.6787805118110236
0
LINE
8
BLACK
6
CONTINUOUS
10
-0.4260603937007874
20
-0.6787805118110236
11
-0.4277672834645669
21
-0.6762260236220472
0
LINE
8
BLACK
6
CONTINUOUS
10
-0.4277672834645669
20
-0.6762260236220472
11
-0.4283666141732284
21
-0.6732127559055118
0
LINE
8
BLACK
6
CONTINUOUS
10
-0.4283666141732284
20
-0.6732127559055118
11
-0.4277672834645669
21
-0.6701994881889763
0
LINE
8
BLACK
6
CONTINUOUS
10
-0.4277672834645669
20
-0.6701994881889763
11
-0.4260603937007874
21
-0.6676449999999999
0
LINE
8
BLACK
6
CONTINUOUS
10
-0.4260603937007874
20
-0.6676449999999999
11
-0.414924842519685
21
-0.6565094488188976
0
LINE
8
BLACK
6
CONTINUOUS
10
-0.414924842519685
20
-0.6565094488188976
11
-0.4123703543307087
21
-0.6548025590551181
0
LINE
8
BLACK
6
CONTINUOUS
10
-0.4123703543307087
20
-0.6548025590551181
11
-0.4093570866141732
21
-0.6542032283464567
0
LINE
8
BLACK
6
CONTINUOUS
10
-0.4093570866141732
20
-0.6542032283464567
11
-0.4063438188976378
21
-0.6548025590551181
0
LINE
8
BLACK
6
CONTINUOUS
10
0.2165669291338582
20
-0.6891732283464567
11
0.1575118110236221
21
-0.6891732283464567
0
LINE
8
BLACK
6
CONTINUOUS
10
0.1575118110236221
20
-0.6891732283464567
11
0.1575118110236221
21
-0.6675196850393701
0
LINE
8
BLACK
6
CONTINUOUS
10
0.1575118110236221
20
-0.6675196850393701
11
0.2165669291338582
21
-0.6675196850393701
0
LINE
8
BLACK
6
CONTINUOUS
10
0.2165669291338582
20
-0.6675196850393701
11
0.2165669291338582
21
-0.6891732283464567
0
LINE
8
BLACK
6
CONTINUOUS
10
0.6653858267716535
20
-0.6891732283464567
11
0.6063307086614174
21
-0.6891732283464567
0
LINE
8
BLACK
6
CONTINUOUS
10
0.6063307086614174
20
-0.6891732283464567
11
0.6063307086614174
21
-0.6675196850393701
0
LINE
8
BLACK
6
CONTINUOUS
10
0.6063307086614174
20
-0.6675196850393701
11
0.6653858267716535
21
-0.6675196850393701
0
LINE
8
BLACK
6
CONTINUOUS
10
0.6653858267716535
20
-0.6675196850393701
11
0.6653858267716535
21
-0.6891732283464567
0
LINE
8
BLACK
6
CONTINUOUS
10
0.7652009448818897
20
-0.6463435826771653
11
0.7680747637795275
21
-0.6482638188976377
0
LINE
8
BLACK
6
CONTINUOUS
10
0.7680747637795275
20
-0.6482638188976377
11
0.769995
21
-0.6511376377952756
0
LINE
8
BLACK
6
CONTINUOUS
10
0.769995
20
-0.6511376377952756
11
0.7706692913385826
21
-0.6545275590551181
0
LINE
8
BLACK
6
CONTINUOUS
10
0.7706692913385826
20
-0.6545275590551181
11
0.7706692913385826
21
-0.6742125984251969
0
LINE
8
BLACK
6
CONTINUOUS
10
0.7706692913385826
20
-0.6742125984251969
11
0.769995
21
-0.6776025196850394
0
LINE
8
BLACK
6
CONTINUOUS
10
0.769995
20
-0.6776025196850394
11
0.7680747637795275
21
-0.6804763385826772
0
LINE
8
BLACK
6
CONTINUOUS
10
0.7680747637795275
20
-0.6804763385826772
11
0.7652009448818897
21
-0.6823965748031496
0
LINE
8
BLACK
6
CONTINUOUS
10
0.7652009448818897
20
-0.6823965748031496
11
0.7618110236220472
21
-0.6830708661417323
0
LINE
8
BLACK
6
CONTINUOUS
10
0.7618110236220472
20
-0.6830708661417323
11
0.7440944881889764
21
-0.6830708661417323
0
LINE
8
BLACK
6
CONTINUOUS
10
0.7440944881889764
20
-0.6830708661417323
11
0.7407045669291339
21
-0.6823965748031496
0
LINE
8
BLACK
6
CONTINUOUS
10
0.7407045669291339
20
-0.6823965748031496
11
0.7378307480314961
21
-0.6804763385826772
0
LINE
8
BLACK
6
CONTINUOUS
10
0.7378307480314961
20
-0.6804763385826772
11
0.7359105118110236
21
-0.6776025196850394
0
LINE
8
BLACK
6
CONTINUOUS
10
0.7359105118110236
20
-0.6776025196850394
11
0.735236220472441
21
-0.6742125984251969
0
LINE
8
BLACK
6
CONTINUOUS
10
0.735236220472441
20
-0.6742125984251969
11
0.735236220472441
21
-0.6545275590551181
0
LINE
8
BLACK
6
CONTINUOUS
10
0.735236220472441
20
-0.6545275590551181
11
0.7359105118110236
21
-0.6511376377952756
0
LINE
8
BLACK
6
CONTINUOUS
10
0.7359105118110236
20
-0.6511376377952756
11
0.7378307480314961
21
-0.6482638188976377
0
LINE
8
BLACK
6
CONTINUOUS
10
0.7378307480314961
20
-0.6482638188976377
11
0.7407045669291339
21
-0.6463435826771653
0
LINE
8
BLACK
6
CONTINUOUS
10
0.7407045669291339
20
-0.6463435826771653
11
0.7440944881889764
21
-0.6456692913385826
0
LINE
8
BLACK
6
CONTINUOUS
10
0.7440944881889764
20
-0.6456692913385826
11
0.7618110236220472
21
-0.6456692913385826
0
LINE
8
BLACK
6
CONTINUOUS
10
0.7618110236220472
20
-0.6456692913385826
11
0.7652009448818897
21
-0.6463435826771653
0
LINE
8
BLACK
6
CONTINUOUS
10
0.8262245669291338
20
-0.6463435826771653
11
0.8290983858267716
21
-0.6482638188976377
0
LINE
8
BLACK
6
CONTINUOUS
10
0.8290983858267716
20
-0.6482638188976377
11
0.8310186220472441
21
-0.6511376377952756
0
LINE
8
BLACK
6
CONTINUOUS
10
0.8310186220472441
20
-0.6511376377952756
11
0.8316929133858267
21
-0.6545275590551181
0
LINE
8
BLACK
6
CONTINUOUS
10
0.8316929133858267
20
-0.6545275590551181
11
0.8316929133858267
21
-0.6742125984251969
0
LINE
8
BLACK
6
CONTINUOUS
10
0.8316929133858267
20
-0.6742125984251969
11
0.8310186220472441
21
-0.6776025196850394
0
LINE
8
BLACK
6
CONTINUOUS
10
0.8310186220472441
20
-0.6776025196850394
11
0.8290983858267716
21
-0.6804763385826772
0
LINE
8
BLACK
6
CONTINUOUS
10
0.8290983858267716
20
-0.6804763385826772
11
0.8262245669291338
21
-0.6823965748031496
0
LINE
8
BLACK
6
CONTINUOUS
10
0.8262245669291338
20
-0.6823965748031496
11
0.8228346456692913
21
-0.6830708661417323
0
LINE
8
BLACK
6
CONTINUOUS
10
0.8228346456692913
20
-0.6830708661417323
11
0.8051181102362205
21
-0.6830708661417323
0
LINE
8
BLACK
6
CONTINUOUS
10
0.8051181102362205
20
-0.6830708661417323
11
0.801728188976378
21
-0.6823965748031496
0
LINE
8
BLACK
6
CONTINUOUS
10
0.801728188976378
20
-0.6823965748031496
11
0.7988543700787402
21
-0.6804763385826772
0
LINE
8
BLACK
6
CONTINUOUS
10
0.7988543700787402
20
-0.6804763385826772
11
0.7969341338582677
21
-0.6776025196850394
0
LINE
8
BLACK
6
CONTINUOUS
10
0.7969341338582677
20
-0.6776025196850394
11
0.7962598425196851
21
-0.6742125984251969
0
LINE
8
BLACK
6
CONTINUOUS
10
0.7962598425196851
20
-0.6742125984251969
11
0.7962598425196851
21
-0.6545275590551181
0
LINE
8
BLACK
6
CONTINUOUS
10
0.7962598425196851
20
-0.6545275590551181
11
0.7969341338582677
21
-0.6511376377952756
0
LINE
8
BLACK
6
CONTINUOUS
10
0.7969341338582677
20
-0.6511376377952756
11
0.7988543700787402
21
-0.6482638188976377
0
LINE
8
BLACK
6
CONTINUOUS
10
0.7988543700787402
20
-0.6482638188976377
11
0.801728188976378
21
-0.6463435826771653
0
LINE
8
BLACK
6
CONTINUOUS
10
0.801728188976378
20
-0.6463435826771653
11
0.8051181102362205
21
-0.6456692913385826
0
LINE
8
BLACK
6
CONTINUOUS
10
0.8051181102362205
20
-0.6456692913385826
11
0.8228346456692913
21
-0.6456692913385826
0
LINE
8
BLACK
6
CONTINUOUS
10
0.8228346456692913
20
-0.6456692913385826
11
0.8262245669291338
21
-0.6463435826771653
0
LINE
8
BLACK
6
CONTINUOUS
10
-0.5883553937007874
20
-0.6302457874015748
11
-0.5854815354330708
21
-0.6321660236220472
0
LINE
8
BLACK
6
CONTINUOUS
10
-0.5854815354330708
20
-0.6321660236220472
11
-0.5729540551181103
21
-0.6446935039370079
0
LINE
8
BLACK
6
CONTINUOUS
10
-0.5729540551181103
20
-0.6446935039370079
11
-0.5710338188976378
21
-0.6475673622047244
0
LINE
8
BLACK
6
CONTINUOUS
10
-0.5710338188976378
20
-0.6475673622047244
11
-0.5703595275590551
21
-0.6509572440944882
0
LINE
8
BLACK
6
CONTINUOUS
10
-0.5703595275590551
20
-0.6509572440944882
11
-0.5710338188976378
21
-0.6543471653543307
0
LINE
8
BLACK
6
CONTINUOUS
10
-0.5710338188976378
20
-0.6543471653543307
11
-0.5729540551181103
21
-0.6572209842519685
0
LINE
8
BLACK
6
CONTINUOUS
10
-0.5729540551181103
20
-0.6572209842519685
11
-0.5868735039370079
21
-0.6711404330708661
0
LINE
8
BLACK
6
CONTINUOUS
10
-0.5868735039370079
20
-0.6711404330708661
11
-0.5897473228346457
21
-0.6730606692913386
0
LINE
8
BLACK
6
CONTINUOUS
10
-0.5897473228346457
20
-0.6730606692913386
11
-0.5931372440944882
21
-0.6737349606299212
0
LINE
8
BLACK
6
CONTINUOUS
10
-0.5931372440944882
20
-0.6737349606299212
11
-0.5965271259842519
21
-0.6730606692913386
0
LINE
8
BLACK
6
CONTINUOUS
10
-0.5965271259842519
20
-0.6730606692913386
11
-0.5994009842519685
21
-0.6711404330708661
0
LINE
8
BLACK
6
CONTINUOUS
10
-0.5994009842519685
20
-0.6711404330708661
11
-0.6119284645669291
21
-0.6586129527559055
0
LINE
8
BLACK
6
CONTINUOUS
10
-0.6119284645669291
20
-0.6586129527559055
11
-0.6138487007874016
21
-0.655739094488189
0
LINE
8
BLACK
6
CONTINUOUS
10
-0.6138487007874016
20
-0.655739094488189
11
-0.6145229921259843
21
-0.6523492125984252
0
LINE
8
BLACK
6
CONTINUOUS
10
-0.6145229921259843
20
-0.6523492125984252
11
-0.6138487007874016
21
-0.6489592913385827
0
LINE
8
BLACK
6
CONTINUOUS
10
-0.6138487007874016
20
-0.6489592913385827
11
-0.6119284645669291
21
-0.6460854724409448
0
LINE
8
BLACK
6
CONTINUOUS
10
-0.6119284645669291
20
-0.6460854724409448
11
-0.5980090157480314
21
-0.6321660236220472
0
LINE
8
BLACK
6
CONTINUOUS
10
-0.5980090157480314
20
-0.6321660236220472
11
-0.5951351968503937
21
-0.6302457874015748
0
LINE
8
BLACK
6
CONTINUOUS
10
-0.5951351968503937
20
-0.6302457874015748
11
-0.5917452755905511
21
-0.6295714960629921
0
LINE
8
BLACK
6
CONTINUOUS
10
-0.5917452755905511
20
-0.6295714960629921
11
-0.5883553937007874
21
-0.6302457874015748
0
LINE
8
BLACK
6
CONTINUOUS
10
0.2165669291338582
20
-0.6576771653543307
11
0.1575118110236221
21
-0.6576771653543307
0
LINE
8
BLACK
6
CONTINUOUS
10
0.1575118110236221
20
-0.6576771653543307
11
0.1575118110236221
21
-0.6360236220472441
0
LINE
8
BLACK
6
CONTINUOUS
10
0.1575118110236221
20
-0.6360236220472441
11
0.2165669291338582
21
-0.6360236220472441
0
LINE
8
BLACK
6
CONTINUOUS
10
0.2165669291338582
20
-0.6360236220472441
11
0.2165669291338582
21
-0.6576771653543307
0
LINE
8
BLACK
6
CONTINUOUS
10
0.6653858267716535
20
-0.6576771653543307
11
0.6063307086614174
21
-0.6576771653543307
0
LINE
8
BLACK
6
CONTINUOUS
10
0.6063307086614174
20
-0.6576771653543307
11
0.6063307086614174
21
-0.6360236220472441
0
LINE
8
BLACK
6
CONTINUOUS
10
0.6063307086614174
20
-0.6360236220472441
11
0.6653858267716535
21
-0.6360236220472441
0
LINE
8
BLACK
6
CONTINUOUS
10
0.6653858267716535
20
-0.6360236220472441
11
0.6653858267716535
21
-0.6576771653543307
0
LINE
8
BLACK
6
CONTINUOUS
10
-1.1754698818897638
20
-0.6087359842519685
11
-1.1734594881889764
21
-0.6098618503937008
0
LINE
8
BLACK
6
CONTINUOUS
10
-1.1734594881889764
20
-0.6098618503937008
11
-1.1720329527559055
21
-0.6116714173228346
0
LINE
8
BLACK
6
CONTINUOUS
10
-1.1720329527559055
20
-0.6116714173228346
11
-1.1666708661417322
21
-0.6221951181102362
0
LINE
8
BLACK
6
CONTINUOUS
10
-1.1666708661417322
20
-0.6221951181102362
11
-1.1660453937007873
21
-0.6244128346456693
0
LINE
8
BLACK
6
CONTINUOUS
10
-1.1660453937007873
20
-0.6244128346456693
11
-1.1663162204724409
21
-0.626701062992126
0
LINE
8
BLACK
6
CONTINUOUS
10
-1.1663162204724409
20
-0.626701062992126
11
-1.1674420866141733
21
-0.6287114960629921
0
LINE
8
BLACK
6
CONTINUOUS
10
-1.1674420866141733
20
-0.6287114960629921
11
-1.1692516535433071
21
-0.630138031496063
0
LINE
8
BLACK
6
CONTINUOUS
10
-1.1692516535433071
20
-0.630138031496063
11
-1.2183622440944881
21
-0.6551611023622047
0
LINE
8
BLACK
6
CONTINUOUS
10
-1.2183622440944881
20
-0.6551611023622047
11
-1.22058
21
-0.6557865748031496
0
LINE
8
BLACK
6
CONTINUOUS
10
-1.22058
20
-0.6557865748031496
11
-1.2228682283464567
21
-0.655515748031496
0
LINE
8
BLACK
6
CONTINUOUS
10
-1.2228682283464567
20
-0.655515748031496
11
-1.2248786220472441
21
-0.6543898818897638
0
LINE
8
BLACK
6
CONTINUOUS
10
-1.2248786220472441
20
-0.6543898818897638
11
-1.226305157480315
21
-0.65258031496063
0
LINE
8
BLACK
6
CONTINUOUS
10
-1.226305157480315
20
-0.65258031496063
11
-1.2316672440944882
21
-0.6420566141732283
0
LINE
8
BLACK
6
CONTINUOUS
10
-1.2316672440944882
20
-0.6420566141732283
11
-1.2322927165354332
21
-0.6398388976377952
0
LINE
8
BLACK
6
CONTINUOUS
10
-1.2322927165354332
20
-0.6398388976377952
11
-1.2320218897637796
21
-0.6375506692913385
0
LINE
8
BLACK
6
CONTINUOUS
10
-1.2320218897637796
20
-0.6375506692913385
11
-1.2308960236220472
21
-0.6355402362204724
0
LINE
8
BLACK
6
CONTINUOUS
10
-1.2308960236220472
20
-0.6355402362204724
11
-1.2290864566929134
21
-0.6341137007874016
0
LINE
8
BLACK
6
CONTINUOUS
10
-1.2290864566929134
20
-0.6341137007874016
11
-1.1799758661417323
21
-0.6090906299212598
0
LINE
8
BLACK
6
CONTINUOUS
10
-1.1799758661417323
20
-0.6090906299212598
11
-1.1777581102362205
21
-0.6084651574803149
0
LINE
8
BLACK
6
CONTINUOUS
10
-1.1777581102362205
20
-0.6084651574803149
11
-1.1754698818897638
21
-0.6087359842519685
0
LINE
8
BLACK
6
CONTINUOUS
10
-1.0242009448818898
20
-0.6137037007874016
11
-1.0216464566929133
21
-0.6154105905511811
0
LINE
8
BLACK
6
CONTINUOUS
10
-1.0216464566929133
20
-0.6154105905511811
11
-1.0105109055118111
21
-0.6265461417322834
0
LINE
8
BLACK
6
CONTINUOUS
10
-1.0105109055118111
20
-0.6265461417322834
11
-1.0088040157480316
21
-0.6291006299212598
0
LINE
8
BLACK
6
CONTINUOUS
10
-1.0088040157480316
20
-0.6291006299212598
11
-1.00820468503937
21
-0.6321138976377952
0
LINE
8
BLACK
6
CONTINUOUS
10
-1.00820468503937
20
-0.6321138976377952
11
-1.0088040157480316
21
-0.6351271653543307
0
LINE
8
BLACK
6
CONTINUOUS
10
-1.0088040157480316
20
-0.6351271653543307
11
-1.0105109055118111
21
-0.6376816535433071
0
LINE
8
BLACK
6
CONTINUOUS
10
-1.0105109055118111
20
-0.6376816535433071
11
-1.0258222834645669
21
-0.652993031496063
0
LINE
8
BLACK
6
CONTINUOUS
10
-1.0258222834645669
20
-0.652993031496063
11
-1.0283767716535432
21
-0.6546999212598426
0
LINE
8
BLACK
6
CONTINUOUS
10
-1.0283767716535432
20
-0.6546999212598426
11
-1.0313900393700788
21
-0.6552992519685039
0
LINE
8
BLACK
6
CONTINUOUS
10
-1.0313900393700788
20
-0.6552992519685039
11
-1.0344033070866141
21
-0.6546999212598426
0
LINE
8
BLACK
6
CONTINUOUS
10
-1.0344033070866141
20
-0.6546999212598426
11
-1.0369577952755906
21
-0.652993031496063
0
LINE
8
BLACK
6
CONTINUOUS
10
-1.0369577952755906
20
-0.652993031496063
11
-1.0480933464566928
21
-0.6418574803149606
0
LINE
8
BLACK
6
CONTINUOUS
10
-1.0480933464566928
20
-0.6418574803149606
11
-1.0498002362204724
21
-0.6393029921259843
0
LINE
8
BLACK
6
CONTINUOUS
10
-1.0498002362204724
20
-0.6393029921259843
11
-1.0503995669291339
21
-0.6362897244094488
0
LINE
8
BLACK
6
CONTINUOUS
10
-1.0503995669291339
20
-0.6362897244094488
11
-1.0498002362204724
21
-0.6332764566929133
0
LINE
8
BLACK
6
CONTINUOUS
10
-1.0498002362204724
20
-0.6332764566929133
11
-1.0480933464566928
21
-0.630721968503937
0
LINE
8
BLACK
6
CONTINUOUS
10
-1.0480933464566928
20
-0.630721968503937
11
-1.032781968503937
21
-0.6154105905511811
0
LINE
8
BLACK
6
CONTINUOUS
10
-1.032781968503937
20
-0.6154105905511811
11
-1.0302274803149607
21
-0.6137037007874016
0
LINE
8
BLACK
6
CONTINUOUS
10
-1.0302274803149607
20
-0.6137037007874016
11
-1.0272142125984252
21
-0.6131043700787402
0
LINE
8
BLACK
6
CONTINUOUS
10
-1.0272142125984252
20
-0.6131043700787402
11
-1.0242009448818898
21
-0.6137037007874016
0
LINE
8
BLACK
6
CONTINUOUS
10
0.2165669291338582
20
-0.6261811023622047
11
0.1575118110236221
21
-0.6261811023622047
0
LINE
8
BLACK
6
CONTINUOUS
10
0.1575118110236221
20
-0.6261811023622047
11
0.1575118110236221
21
-0.6045275590551181
0
LINE
8
BLACK
6
CONTINUOUS
10
0.1575118110236221
20
-0.6045275590551181
11
0.2165669291338582
21
-0.6045275590551181
0
LINE
8
BLACK
6
CONTINUOUS
10
0.2165669291338582
20
-0.6045275590551181
11
0.2165669291338582
21
-0.6261811023622047
0
LINE
8
BLACK
6
CONTINUOUS
10
0.6653858267716535
20
-0.6261811023622047
11
0.6063307086614174
21
-0.6261811023622047
0
LINE
8
BLACK
6
CONTINUOUS
10
0.6063307086614174
20
-0.6261811023622047
11
0.6063307086614174
21
-0.6045275590551181
0
LINE
8
BLACK
6
CONTINUOUS
10
0.6063307086614174
20
-0.6045275590551181
11
0.6653858267716535
21
-0.6045275590551181
0
LINE
8
BLACK
6
CONTINUOUS
10
0.6653858267716535
20
-0.6045275590551181
11
0.6653858267716535
21
-0.6261811023622047
0
LINE
8
BLACK
6
CONTINUOUS
10
-1.1978119291338583
20
-0.5648872047244095
11
-1.1958015354330709
21
-0.5660130708661417
0
LINE
8
BLACK
6
CONTINUOUS
10
-1.1958015354330709
20
-0.5660130708661417
11
-1.194375
21
-0.5678226377952755
0
LINE
8
BLACK
6
CONTINUOUS
10
-1.194375
20
-0.5678226377952755
11
-1.1890129133858267
21
-0.5783463385826771
0
LINE
8
BLACK
6
CONTINUOUS
10
-1.1890129133858267
20
-0.5783463385826771
11
-1.1883874409448818
21
-0.5805640551181103
0
LINE
8
BLACK
6
CONTINUOUS
10
-1.1883874409448818
20
-0.5805640551181103
11
-1.1886582677165354
21
-0.582852283464567
0
LINE
8
BLACK
6
CONTINUOUS
10
-1.1886582677165354
20
-0.582852283464567
11
-1.1897841338582678
21
-0.5848627165354331
0
LINE
8
BLACK
6
CONTINUOUS
10
-1.1897841338582678
20
-0.5848627165354331
11
-1.1915937007874016
21
-0.5862892519685039
0
LINE
8
BLACK
6
CONTINUOUS
10
-1.1915937007874016
20
-0.5862892519685039
11
-1.2407042913385826
21
-0.6113123228346456
0
LINE
8
BLACK
6
CONTINUOUS
10
-1.2407042913385826
20
-0.6113123228346456
11
-1.2429220472440945
21
-0.6119377952755906
0
LINE
8
BLACK
6
CONTINUOUS
10
-1.2429220472440945
20
-0.6119377952755906
11
-1.2452102755905512
21
-0.611666968503937
0
LINE
8
BLACK
6
CONTINUOUS
10
-1.2452102755905512
20
-0.611666968503937
11
-1.2472206692913386
21
-0.6105411023622047
0
LINE
8
BLACK
6
CONTINUOUS
10
-1.2472206692913386
20
-0.6105411023622047
11
-1.2486472047244095
21
-0.6087315354330709
0
LINE
8
BLACK
6
CONTINUOUS
10
-1.2486472047244095
20
-0.6087315354330709
11
-1.2540092913385827
21
-0.5982078346456693
0
LINE
8
BLACK
6
CONTINUOUS
10
-1.2540092913385827
20
-0.5982078346456693
11
-1.2546347637795274
21
-0.5959901181102362
0
LINE
8
BLACK
6
CONTINUOUS
10
-1.2546347637795274
20
-0.5959901181102362
11
-1.2543639370078741
21
-0.5937018897637795
0
LINE
8
BLACK
6
CONTINUOUS
10
-1.2543639370078741
20
-0.5937018897637795
11
-1.2532380708661417
21
-0.5916914566929133
0
LINE
8
BLACK
6
CONTINUOUS
10
-1.2532380708661417
20
-0.5916914566929133
11
-1.2514285039370079
21
-0.5902649212598425
0
LINE
8
BLACK
6
CONTINUOUS
10
-1.2514285039370079
20
-0.5902649212598425
11
-1.2023179133858268
21
-0.5652418503937008
0
LINE
8
BLACK
6
CONTINUOUS
10
-1.2023179133858268
20
-0.5652418503937008
11
-1.200100157480315
21
-0.5646163779527559
0
LINE
8
BLACK
6
CONTINUOUS
10
-1.200100157480315
20
-0.5646163779527559
11
-1.1978119291338583
21
-0.5648872047244095
0
LINE
8
BLACK
6
CONTINUOUS
10
-1.0701350393700788
20
-0.5677696062992126
11
-1.0675805511811023
21
-0.5694764960629921
0
LINE
8
BLACK
6
CONTINUOUS
10
-1.0675805511811023
20
-0.5694764960629921
11
-1.0564450000000001
21
-0.5806120472440944
0
LINE
8
BLACK
6
CONTINUOUS
10
-1.0564450000000001
20
-0.5806120472440944
11
-1.0547381102362205
21
-0.5831665354330708
0
LINE
8
BLACK
6
CONTINUOUS
10
-1.0547381102362205
20
-0.5831665354330708
11
-1.054138779527559
21
-0.5861798031496063
0
LINE
8
BLACK
6
CONTINUOUS
10
-1.054138779527559
20
-0.5861798031496063
11
-1.0547381102362205
21
-0.5891930708661417
0
LINE
8
BLACK
6
CONTINUOUS
10
-1.0547381102362205
20
-0.5891930708661417
11
-1.0564450000000001
21
-0.5917475590551181
0
LINE
8
BLACK
6
CONTINUOUS
10
-1.0564450000000001
20
-0.5917475590551181
11
-1.0717563779527559
21
-0.6070589370078741
0
LINE
8
BLACK
6
CONTINUOUS
10
-1.0717563779527559
20
-0.6070589370078741
11
-1.0743108661417322
21
-0.6087658267716536
0
LINE
8
BLACK
6
CONTINUOUS
10
-1.0743108661417322
20
-0.6087658267716536
11
-1.0773241338582678
21
-0.6093651574803149
0
LINE
8
BLACK
6
CONTINUOUS
10
-1.0773241338582678
20
-0.6093651574803149
11
-1.0803374015748031
21
-0.6087658267716536
0
LINE
8
BLACK
6
CONTINUOUS
10
-1.0803374015748031
20
-0.6087658267716536
11
-1.0828918897637796
21
-0.6070589370078741
0
LINE
8
BLACK
6
CONTINUOUS
10
-1.0828918897637796
20
-0.6070589370078741
11
-1.0940274409448818
21
-0.5959233858267716
0
LINE
8
BLACK
6
CONTINUOUS
10
-1.0940274409448818
20
-0.5959233858267716
11
-1.0957343307086613
21
-0.5933688976377952
0
LINE
8
BLACK
6
CONTINUOUS
10
-1.0957343307086613
20
-0.5933688976377952
11
-1.0963336614173229
21
-0.5903556299212598
0
LINE
8
BLACK
6
CONTINUOUS
10
-1.0963336614173229
20
-0.5903556299212598
11
-1.0957343307086613
21
-0.5873423622047244
0
LINE
8
BLACK
6
CONTINUOUS
10
-1.0957343307086613
20
-0.5873423622047244
11
-1.0940274409448818
21
-0.5847878740157481
0
LINE
8
BLACK
6
CONTINUOUS
10
-1.0940274409448818
20
-0.5847878740157481
11
-1.078716062992126
21
-0.5694764960629921
0
LINE
8
BLACK
6
CONTINUOUS
10
-1.078716062992126
20
-0.5694764960629921
11
-1.0761615748031497
21
-0.5677696062992126
0
LINE
8
BLACK
6
CONTINUOUS
10
-1.0761615748031497
20
-0.5677696062992126
11
-1.0731483070866141
21
-0.5671702755905512
0
LINE
8
BLACK
6
CONTINUOUS
10
-1.0731483070866141
20
-0.5671702755905512
11
-1.0701350393700788
21
-0.5677696062992126
0
LINE
8
BLACK
6
CONTINUOUS
10
-0.9701350393700787
20
-0.5627696062992126
11
-0.9675805511811023
21
-0.5644764960629921
0
LINE
8
BLACK
6
CONTINUOUS
10
-0.9675805511811023
20
-0.5644764960629921
11
-0.956445
21
-0.5756120472440944
0
LINE
8
BLACK
6
CONTINUOUS
10
-0.956445
20
-0.5756120472440944
11
-0.9547381102362205
21
-0.5781665354330708
0
LINE
8
BLACK
6
CONTINUOUS
10
-0.9547381102362205
20
-0.5781665354330708
11
-0.954138779527559
21
-0.5811798031496063
0
LINE
8
BLACK
6
CONTINUOUS
10
-0.954138779527559
20
-0.5811798031496063
11
-0.9547381102362205
21
-0.5841930708661417
0
LINE
8
BLACK
6
CONTINUOUS
10
-0.9547381102362205
20
-0.5841930708661417
11
-0.956445
21
-0.5867475590551181
0
LINE
8
BLACK
6
CONTINUOUS
10
-0.956445
20
-0.5867475590551181
11
-0.9717563779527559
21
-0.6020589370078741
0
LINE
8
BLACK
6
CONTINUOUS
10
-0.9717563779527559
20
-0.6020589370078741
11
-0.9743108661417322
21
-0.6037658267716536
0
LINE
8
BLACK
6
CONTINUOUS
10
-0.9743108661417322
20
-0.6037658267716536
11
-0.9773241338582677
21
-0.6043651574803149
0
LINE
8
BLACK
6
CONTINUOUS
10
-0.9773241338582677
20
-0.6043651574803149
11
-0.9803374015748031
21
-0.6037658267716536
0
LINE
8
BLACK
6
CONTINUOUS
10
-0.9803374015748031
20
-0.6037658267716536
11
-0.9828918897637795
21
-0.6020589370078741
0
LINE
8
BLACK
6
CONTINUOUS
10
-0.9828918897637795
20
-0.6020589370078741
11
-0.9940274409448818
21
-0.5909233858267716
0
LINE
8
BLACK
6
CONTINUOUS
10
-0.9940274409448818
20
-0.5909233858267716
11
-0.9957343307086614
21
-0.5883688976377952
0
LINE
8
BLACK
6
CONTINUOUS
10
-0.9957343307086614
20
-0.5883688976377952
11
-0.9963336614173228
21
-0.5853556299212598
0
LINE
8
BLACK
6
CONTINUOUS
10
-0.9963336614173228
20
-0.5853556299212598
11
-0.9957343307086614
21
-0.5823423622047244
0
LINE
8
BLACK
6
CONTINUOUS
10
-0.9957343307086614
20
-0.5823423622047244
11
-0.9940274409448818
21
-0.5797878740157481
0
LINE
8
BLACK
6
CONTINUOUS
10
-0.9940274409448818
20
-0.5797878740157481
11
-0.978716062992126
21
-0.5644764960629921
0
LINE
8
BLACK
6
CONTINUOUS
10
-0.978716062992126
20
-0.5644764960629921
11
-0.9761615748031496
21
-0.5627696062992126
0
LINE
8
BLACK
6
CONTINUOUS
10
-0.9761615748031496
20
-0.5627696062992126
11
-0.9731483070866142
21
-0.5621702755905512
0
LINE
8
BLACK
6
CONTINUOUS
10
-0.9731483070866142
20
-0.5621702755905512
11
-0.9701350393700787
21
-0.5627696062992126
0
LINE
8
BLACK
6
CONTINUOUS
10
0.0053584251968504
20
-0.5674065748031496
11
0.0082322440944882
21
-0.569326811023622
0
LINE
8
BLACK
6
CONTINUOUS
10
0.0082322440944882
20
-0.569326811023622
11
0.0101524803149606
21
-0.5722006299212599
0
LINE
8
BLACK
6
CONTINUOUS
10
0.0101524803149606
20
-0.5722006299212599
11
0.0108267716535433
21
-0.5755905511811024
0
LINE
8
BLACK
6
CONTINUOUS
10
0.0108267716535433
20
-0.5755905511811024
11
0.0108267716535433
21
-0.5952755905511811
0
LINE
8
BLACK
6
CONTINUOUS
10
0.0108267716535433
20
-0.5952755905511811
11
0.0101524803149606
21
-0.5986655118110236
0
LINE
8
BLACK
6
CONTINUOUS
10
0.0101524803149606
20
-0.5986655118110236
11
0.0082322440944882
21
-0.6015393307086614
0
LINE
8
BLACK
6
CONTINUOUS
10
0.0082322440944882
20
-0.6015393307086614
11
0.0053584251968504
21
-0.6034595669291338
0
LINE
8
BLACK
6
CONTINUOUS
10
0.0053584251968504
20
-0.6034595669291338
11
0.0019685039370079
21
-0.6041338582677165
0
LINE
8
BLACK
6
CONTINUOUS
10
0.0019685039370079
20
-0.6041338582677165
11
-0.015748031496063
21
-0.6041338582677165
0
LINE
8
BLACK
6
CONTINUOUS
10
-0.015748031496063
20
-0.6041338582677165
11
-0.0191379527559055
21
-0.6034595669291338
0
LINE
8
BLACK
6
CONTINUOUS
10
-0.0191379527559055
20
-0.6034595669291338
11
-0.0220117716535433
21
-0.6015393307086614
0
LINE
8
BLACK
6
CONTINUOUS
10
-0.0220117716535433
20
-0.6015393307086614
11
-0.0239320078740157
21
-0.5986655118110236
0
LINE
8
BLACK
6
CONTINUOUS
10
-0.0239320078740157
20
-0.5986655118110236
11
-0.0246062992125984
21
-0.5952755905511811
0
LINE
8
BLACK
6
CONTINUOUS
10
-0.0246062992125984
20
-0.5952755905511811
11
-0.0246062992125984
21
-0.5755905511811024
0
LINE
8
BLACK
6
CONTINUOUS
10
-0.0246062992125984
20
-0.5755905511811024
11
-0.0239320078740157
21
-0.5722006299212599
0
LINE
8
BLACK
6
CONTINUOUS
10
-0.0239320078740157
20
-0.5722006299212599
11
-0.0220117716535433
21
-0.569326811023622
0
LINE
8
BLACK
6
CONTINUOUS
10
-0.0220117716535433
20
-0.569326811023622
11
-0.0191379527559055
21
-0.5674065748031496
0
LINE
8
BLACK
6
CONTINUOUS
10
-0.0191379527559055
20
-0.5674065748031496
11
-0.015748031496063
21
-0.5667322834645669
0
LINE
8
BLACK
6
CONTINUOUS
10
-0.015748031496063
20
-0.5667322834645669
11
0.0019685039370079
21
-0.5667322834645669
0
LINE
8
BLACK
6
CONTINUOUS
10
0.0019685039370079
20
-0.5667322834645669
11
0.0053584251968504
21
-0.5674065748031496
0
LINE
8
BLACK
6
CONTINUOUS
10
0.0663820472440945
20
-0.5674065748031496
11
0.0692558661417323
21
-0.569326811023622
0
LINE
8
BLACK
6
CONTINUOUS
10
0.0692558661417323
20
-0.569326811023622
11
0.0711761023622047
21
-0.5722006299212599
0
LINE
8
BLACK
6
CONTINUOUS
10
0.0711761023622047
20
-0.5722006299212599
11
0.0718503937007874
21
-0.5755905511811024
0
LINE
8
BLACK
6
CONTINUOUS
10
0.0718503937007874
20
-0.5755905511811024
11
0.0718503937007874
21
-0.5952755905511811
0
LINE
8
BLACK
6
CONTINUOUS
10
0.0718503937007874
20
-0.5952755905511811
11
0.0711761023622047
21
-0.5986655118110236
0
LINE
8
BLACK
6
CONTINUOUS
10
0.0711761023622047
20
-0.5986655118110236
11
0.0692558661417323
21
-0.6015393307086614
0
LINE
8
BLACK
6
CONTINUOUS
10
0.0692558661417323
20
-0.6015393307086614
11
0.0663820472440945
21
-0.6034595669291338
0
LINE
8
BLACK
6
CONTINUOUS
10
0.0663820472440945
20
-0.6034595669291338
11
0.062992125984252
21
-0.6041338582677165
0
LINE
8
BLACK
6
CONTINUOUS
10
0.062992125984252
20
-0.6041338582677165
11
0.0452755905511811
21
-0.6041338582677165
0
LINE
8
BLACK
6
CONTINUOUS
10
0.0452755905511811
20
-0.6041338582677165
11
0.0418856692913386
21
-0.6034595669291338
0
LINE
8
BLACK
6
CONTINUOUS
10
0.0418856692913386
20
-0.6034595669291338
11
0.0390118503937008
21
-0.6015393307086614
0
LINE
8
BLACK
6
CONTINUOUS
10
0.0390118503937008
20
-0.6015393307086614
11
0.0370916141732283
21
-0.5986655118110236
0
LINE
8
BLACK
6
CONTINUOUS
10
0.0370916141732283
20
-0.5986655118110236
11
0.0364173228346457
21
-0.5952755905511811
0
LINE
8
BLACK
6
CONTINUOUS
10
0.0364173228346457
20
-0.5952755905511811
11
0.0364173228346457
21
-0.5755905511811024
0
LINE
8
BLACK
6
CONTINUOUS
10
0.0364173228346457
20
-0.5755905511811024
11
0.0370916141732283
21
-0.5722006299212599
0
LINE
8
BLACK
6
CONTINUOUS
10
0.0370916141732283
20
-0.5722006299212599
11
0.0390118503937008
21
-0.569326811023622
0
LINE
8
BLACK
6
CONTINUOUS
10
0.0390118503937008
20
-0.569326811023622
11
0.0418856692913386
21
-0.5674065748031496
0
LINE
8
BLACK
6
CONTINUOUS
10
0.0418856692913386
20
-0.5674065748031496
11
0.0452755905511811
21
-0.5667322834645669
0
LINE
8
BLACK
6
CONTINUOUS
10
0.0452755905511811
20
-0.5667322834645669
11
0.062992125984252
21
-0.5667322834645669
0
LINE
8
BLACK
6
CONTINUOUS
10
0.062992125984252
20
-0.5667322834645669
11
0.0663820472440945
21
-0.5674065748031496
0
LINE
8
BLACK
6
CONTINUOUS
10
0.2165669291338582
20
-0.5946850393700788
11
0.1575118110236221
21
-0.5946850393700788
0
LINE
8
BLACK
6
CONTINUOUS
10
0.1575118110236221
20
-0.5946850393700788
11
0.1575118110236221
21
-0.5730314960629921
0
LINE
8
BLACK
6
CONTINUOUS
10
0.1575118110236221
20
-0.5730314960629921
11
0.2165669291338582
21
-0.5730314960629921
0
LINE
8
BLACK
6
CONTINUOUS
10
0.2165669291338582
20
-0.5730314960629921
11
0.2165669291338582
21
-0.5946850393700788
0
LINE
8
BLACK
6
CONTINUOUS
10
0.6653858267716535
20
-0.5946850393700788
11
0.6063307086614174
21
-0.5946850393700788
0
LINE
8
BLACK
6
CONTINUOUS
10
0.6063307086614174
20
-0.5946850393700788
11
0.6063307086614174
21
-0.5730314960629921
0
LINE
8
BLACK
6
CONTINUOUS
10
0.6063307086614174
20
-0.5730314960629921
11
0.6653858267716535
21
-0.5730314960629921
0
LINE
8
BLACK
6
CONTINUOUS
10
0.6653858267716535
20
-0.5730314960629921
11
0.6653858267716535
21
-0.5946850393700788
0
LINE
8
BLACK
6
CONTINUOUS
10
0.7380185433070866
20
-0.5233870078740157
11
0.7412116929133858
21
-0.5255205905511811
0
LINE
8
BLACK
6
CONTINUOUS
10
0.7412116929133858
20
-0.5255205905511811
11
0.7433452755905512
21
-0.5287137401574803
0
LINE
8
BLACK
6
CONTINUOUS
10
0.7433452755905512
20
-0.5287137401574803
11
0.7440944881889764
21
-0.5324803149606299
0
LINE
8
BLACK
6
CONTINUOUS
10
0.7440944881889764
20
-0.5324803149606299
11
0.7440944881889764
21
-0.5698818897637795
0
LINE
8
BLACK
6
CONTINUOUS
10
0.7440944881889764
20
-0.5698818897637795
11
0.7433452755905512
21
-0.5736484645669291
0
LINE
8
BLACK
6
CONTINUOUS
10
0.7433452755905512
20
-0.5736484645669291
11
0.7412116929133858
21
-0.5768416141732283
0
LINE
8
BLACK
6
CONTINUOUS
10
0.7412116929133858
20
-0.5768416141732283
11
0.7380185433070866
21
-0.5789751968503937
0
LINE
8
BLACK
6
CONTINUOUS
10
0.7380185433070866
20
-0.5789751968503937
11
0.734251968503937
21
-0.5797244094488189
0
LINE
8
BLACK
6
CONTINUOUS
10
0.734251968503937
20
-0.5797244094488189
11
0.7145669291338582
21
-0.5797244094488189
0
LINE
8
BLACK
6
CONTINUOUS
10
0.7145669291338582
20
-0.5797244094488189
11
0.7108003543307087
21
-0.5789751968503937
0
LINE
8
BLACK
6
CONTINUOUS
10
0.7108003543307087
20
-0.5789751968503937
11
0.7076072047244094
21
-0.5768416141732283
0
LINE
8
BLACK
6
CONTINUOUS
10
0.7076072047244094
20
-0.5768416141732283
11
0.7054736220472441
21
-0.5736484645669291
0
LINE
8
BLACK
6
CONTINUOUS
10
0.7054736220472441
20
-0.5736484645669291
11
0.7047244094488189
21
-0.5698818897637795
0
LINE
8
BLACK
6
CONTINUOUS
10
0.7047244094488189
20
-0.5698818897637795
11
0.7047244094488189
21
-0.5324803149606299
0
LINE
8
BLACK
6
CONTINUOUS
10
0.7047244094488189
20
-0.5324803149606299
11
0.7054736220472441
21
-0.5287137401574803
0
LINE
8
BLACK
6
CONTINUOUS
10
0.7054736220472441
20
-0.5287137401574803
11
0.7076072047244094
21
-0.5255205905511811
0
LINE
8
BLACK
6
CONTINUOUS
10
0.7076072047244094
20
-0.5255205905511811
11
0.7108003543307087
21
-0.5233870078740157
0
LINE
8
BLACK
6
CONTINUOUS
10
0.7108003543307087
20
-0.5233870078740157
11
0.7145669291338582
21
-0.5226377952755905
0
LINE
8
BLACK
6
CONTINUOUS
10
0.7145669291338582
20
-0.5226377952755905
11
0.734251968503937
21
-0.5226377952755905
0
LINE
8
BLACK
6
CONTINUOUS
10
0.734251968503937
20
-0.5226377952755905
11
0.7380185433070866
21
-0.5233870078740157
0
LINE
8
BLACK
6
CONTINUOUS
10
0.8128216929133858
20
-0.5233870078740157
11
0.816014842519685
21
-0.5255205905511811
0
LINE
8
BLACK
6
CONTINUOUS
10
0.816014842519685
20
-0.5255205905511811
11
0.8181484251968504
21
-0.5287137401574803
0
LINE
8
BLACK
6
CONTINUOUS
10
0.8181484251968504
20
-0.5287137401574803
11
0.8188976377952756
21
-0.5324803149606299
0
LINE
8
BLACK
6
CONTINUOUS
10
0.8188976377952756
20
-0.5324803149606299
11
0.8188976377952756
21
-0.5698818897637795
0
LINE
8
BLACK
6
CONTINUOUS
10
0.8188976377952756
20
-0.5698818897637795
11
0.8181484251968504
21
-0.5736484645669291
0
LINE
8
BLACK
6
CONTINUOUS
10
0.8181484251968504
20
-0.5736484645669291
11
0.816014842519685
21
-0.5768416141732283
0
LINE
8
BLACK
6
CONTINUOUS
10
0.816014842519685
20
-0.5768416141732283
11
0.8128216929133858
21
-0.5789751968503937
0
LINE
8
BLACK
6
CONTINUOUS
10
0.8128216929133858
20
-0.5789751968503937
11
0.8090551181102362
21
-0.5797244094488189
0
LINE
8
BLACK
6
CONTINUOUS
10
0.8090551181102362
20
-0.5797244094488189
11
0.7893700787401574
21
-0.5797244094488189
0
LINE
8
BLACK
6
CONTINUOUS
10
0.7893700787401574
20
-0.5797244094488189
11
0.7856035039370078
21
-0.5789751968503937
0
LINE
8
BLACK
6
CONTINUOUS
10
0.7856035039370078
20
-0.5789751968503937
11
0.7824103543307086
21
-0.5768416141732283
0
LINE
8
BLACK
6
CONTINUOUS
10
0.7824103543307086
20
-0.5768416141732283
11
0.7802767716535433
21
-0.5736484645669291
0
LINE
8
BLACK
6
CONTINUOUS
10
0.7802767716535433
20
-0.5736484645669291
11
0.7795275590551181
21
-0.5698818897637795
0
LINE
8
BLACK
6
CONTINUOUS
10
0.7795275590551181
20
-0.5698818897637795
11
0.7795275590551181
21
-0.5324803149606299
0
LINE
8
BLACK
6
CONTINUOUS
10
0.7795275590551181
20
-0.5324803149606299
11
0.7802767716535433
21
-0.5287137401574803
0
LINE
8
BLACK
6
CONTINUOUS
10
0.7802767716535433
20
-0.5287137401574803
11
0.7824103543307086
21
-0.5255205905511811
0
LINE
8
BLACK
6
CONTINUOUS
10
0.7824103543307086
20
-0.5255205905511811
11
0.7856035039370078
21
-0.5233870078740157
0
LINE
8
BLACK
6
CONTINUOUS
10
0.7856035039370078
20
-0.5233870078740157
11
0.7893700787401574
21
-0.5226377952755905
0
LINE
8
BLACK
6
CONTINUOUS
10
0.7893700787401574
20
-0.5226377952755905
11
0.8090551181102362
21
-0.5226377952755905
0
LINE
8
BLACK
6
CONTINUOUS
10
0.8090551181102362
20
-0.5226377952755905
11
0.8128216929133858
21
-0.5233870078740157
0
LINE
8
BLACK
6
CONTINUOUS
10
-1.2201539763779528
20
-0.5210384645669291
11
-1.2181435826771654
21
-0.5221643307086614
0
LINE
8
BLACK
6
CONTINUOUS
10
-1.2181435826771654
20
-0.5221643307086614
11
-1.2167170472440945
21
-0.5239738976377952
0
LINE
8
BLACK
6
CONTINUOUS
10
-1.2167170472440945
20
-0.5239738976377952
11
-1.2113549606299212
21
-0.5344975984251968
0
LINE
8
BLACK
6
CONTINUOUS
10
-1.2113549606299212
20
-0.5344975984251968
11
-1.2107294881889763
21
-0.53671531496063
0
LINE
8
BLACK
6
CONTINUOUS
10
-1.2107294881889763
20
-0.53671531496063
11
-1.2110003149606299
21
-0.5390035433070866
0
LINE
8
BLACK
6
CONTINUOUS
10
-1.2110003149606299
20
-0.5390035433070866
11
-1.2121261811023623
21
-0.5410139763779528
0
LINE
8
BLACK
6
CONTINUOUS
10
-1.2121261811023623
20
-0.5410139763779528
11
-1.2139357480314961
21
-0.5424405118110236
0
LINE
8
BLACK
6
CONTINUOUS
10
-1.2139357480314961
20
-0.5424405118110236
11
-1.2630463385826771
21
-0.5674635826771653
0
LINE
8
BLACK
6
CONTINUOUS
10
-1.2630463385826771
20
-0.5674635826771653
11
-1.265264094488189
21
-0.5680890551181103
0
LINE
8
BLACK
6
CONTINUOUS
10
-1.265264094488189
20
-0.5680890551181103
11
-1.2675523228346457
21
-0.5678182283464567
0
LINE
8
BLACK
6
CONTINUOUS
10
-1.2675523228346457
20
-0.5678182283464567
11
-1.2695627165354331
21
-0.5666923622047244
0
LINE
8
BLACK
6
CONTINUOUS
10
-1.2695627165354331
20
-0.5666923622047244
11
-1.270989251968504
21
-0.5648827952755905
0
LINE
8
BLACK
6
CONTINUOUS
10
-1.270989251968504
20
-0.5648827952755905
11
-1.2763513385826772
21
-0.554359094488189
0
LINE
8
BLACK
6
CONTINUOUS
10
-1.2763513385826772
20
-0.554359094488189
11
-1.2769768110236219
21
-0.5521413779527559
0
LINE
8
BLACK
6
CONTINUOUS
10
-1.2769768110236219
20
-0.5521413779527559
11
-1.2767059842519686
21
-0.5498531496062992
0
LINE
8
BLACK
6
CONTINUOUS
10
-1.2767059842519686
20
-0.5498531496062992
11
-1.2755801181102362
21
-0.547842716535433
0
LINE
8
BLACK
6
CONTINUOUS
10
-1.2755801181102362
20
-0.547842716535433
11
-1.2737705511811024
21
-0.5464161811023622
0
LINE
8
BLACK
6
CONTINUOUS
10
-1.2737705511811024
20
-0.5464161811023622
11
-1.2246599606299213
21
-0.5213931102362205
0
LINE
8
BLACK
6
CONTINUOUS
10
-1.2246599606299213
20
-0.5213931102362205
11
-1.2224422047244095
21
-0.5207676377952756
0
LINE
8
BLACK
6
CONTINUOUS
10
-1.2224422047244095
20
-0.5207676377952756
11
-1.2201539763779528
21
-0.5210384645669291
0
LINE
8
BLACK
6
CONTINUOUS
10
0.2165669291338582
20
-0.5631889763779527
11
0.1575118110236221
21
-0.5631889763779527
0
LINE
8
BLACK
6
CONTINUOUS
10
0.1575118110236221
20
-0.5631889763779527
11
0.1575118110236221
21
-0.5415354330708662
0
LINE
8
BLACK
6
CONTINUOUS
10
0.1575118110236221
20
-0.5415354330708662
11
0.2165669291338582
21
-0.5415354330708662
0
LINE
8
BLACK
6
CONTINUOUS
10
0.2165669291338582
20
-0.5415354330708662
11
0.2165669291338582
21
-0.5631889763779527
0
LINE
8
BLACK
6
CONTINUOUS
10
0.6653858267716535
20
-0.5631889763779527
11
0.6063307086614174
21
-0.5631889763779527
0
LINE
8
BLACK
6
CONTINUOUS
10
0.6063307086614174
20
-0.5631889763779527
11
0.6063307086614174
21
-0.5415354330708662
0
LINE
8
BLACK
6
CONTINUOUS
10
0.6063307086614174
20
-0.5415354330708662
11
0.6653858267716535
21
-0.5415354330708662
0
LINE
8
BLACK
6
CONTINUOUS
10
0.6653858267716535
20
-0.5415354330708662
11
0.6653858267716535
21
-0.5631889763779527
0
LINE
8
BLACK
6
CONTINUOUS
10
-1.0160691338582677
20
-0.5168355118110236
11
-1.0135146456692914
21
-0.5185424015748031
0
LINE
8
BLACK
6
CONTINUOUS
10
-1.0135146456692914
20
-0.5185424015748031
11
-1.002379094488189
21
-0.5296779527559055
0
LINE
8
BLACK
6
CONTINUOUS
10
-1.002379094488189
20
-0.5296779527559055
11
-1.0006722047244094
21
-0.5322324409448819
0
LINE
8
BLACK
6
CONTINUOUS
10
-1.0006722047244094
20
-0.5322324409448819
11
-1.0000728740157481
21
-0.5352457086614173
0
LINE
8
BLACK
6
CONTINUOUS
10
-1.0000728740157481
20
-0.5352457086614173
11
-1.0006722047244094
21
-0.5382589763779527
0
LINE
8
BLACK
6
CONTINUOUS
10
-1.0006722047244094
20
-0.5382589763779527
11
-1.002379094488189
21
-0.5408134645669291
0
LINE
8
BLACK
6
CONTINUOUS
10
-1.002379094488189
20
-0.5408134645669291
11
-1.0176904724409448
21
-0.5561248425196851
0
LINE
8
BLACK
6
CONTINUOUS
10
-1.0176904724409448
20
-0.5561248425196851
11
-1.0202449606299213
21
-0.5578317322834646
0
LINE
8
BLACK
6
CONTINUOUS
10
-1.0202449606299213
20
-0.5578317322834646
11
-1.0232582283464566
21
-0.558431062992126
0
LINE
8
BLACK
6
CONTINUOUS
10
-1.0232582283464566
20
-0.558431062992126
11
-1.0262714960629922
21
-0.5578317322834646
0
LINE
8
BLACK
6
CONTINUOUS
10
-1.0262714960629922
20
-0.5578317322834646
11
-1.0288259842519685
21
-0.5561248425196851
0
LINE
8
BLACK
6
CONTINUOUS
10
-1.0288259842519685
20
-0.5561248425196851
11
-1.0399615354330709
21
-0.5449892913385826
0
LINE
8
BLACK
6
CONTINUOUS
10
-1.0399615354330709
20
-0.5449892913385826
11
-1.0416684251968504
21
-0.5424348031496062
0
LINE
8
BLACK
6
CONTINUOUS
10
-1.0416684251968504
20
-0.5424348031496062
11
-1.0422677559055118
21
-0.5394215354330708
0
LINE
8
BLACK
6
CONTINUOUS
10
-1.0422677559055118
20
-0.5394215354330708
11
-1.0416684251968504
21
-0.5364082677165354
0
LINE
8
BLACK
6
CONTINUOUS
10
-1.0416684251968504
20
-0.5364082677165354
11
-1.0399615354330709
21
-0.5338537795275591
0
LINE
8
BLACK
6
CONTINUOUS
10
-1.0399615354330709
20
-0.5338537795275591
11
-1.0246501574803148
21
-0.5185424015748031
0
LINE
8
BLACK
6
CONTINUOUS
10
-1.0246501574803148
20
-0.5185424015748031
11
-1.0220956692913385
21
-0.5168355118110236
0
LINE
8
BLACK
6
CONTINUOUS
10
-1.0220956692913385
20
-0.5168355118110236
11
-1.0190824015748032
21
-0.5162361811023622
0
LINE
8
BLACK
6
CONTINUOUS
10
-1.0190824015748032
20
-0.5162361811023622
11
-1.0160691338582677
21
-0.5168355118110236
0
LINE
8
BLACK
6
CONTINUOUS
10
-0.000333188976378
20
-0.5004025196850393
11
0.0022212992125984
21
-0.5021094094488189
0
LINE
8
BLACK
6
CONTINUOUS
10
0.0022212992125984
20
-0.5021094094488189
11
0.003928188976378
21
-0.5046638976377953
0
LINE
8
BLACK
6
CONTINUOUS
10
0.003928188976378
20
-0.5046638976377953
11
0.0045275590551181
21
-0.5076771653543307
0
LINE
8
BLACK
6
CONTINUOUS
10
0.0045275590551181
20
-0.5076771653543307
11
0.0045275590551181
21
-0.5293307086614173
0
LINE
8
BLACK
6
CONTINUOUS
10
0.0045275590551181
20
-0.5293307086614173
11
0.003928188976378
21
-0.5323439763779527
0
LINE
8
BLACK
6
CONTINUOUS
10
0.003928188976378
20
-0.5323439763779527
11
0.0022212992125984
21
-0.5348984645669291
0
LINE
8
BLACK
6
CONTINUOUS
10
0.0022212992125984
20
-0.5348984645669291
11
-0.000333188976378
21
-0.5366053543307087
0
LINE
8
BLACK
6
CONTINUOUS
10
-0.000333188976378
20
-0.5366053543307087
11
-0.0033464566929134
21
-0.5372047244094488
0
LINE
8
BLACK
6
CONTINUOUS
10
-0.0033464566929134
20
-0.5372047244094488
11
-0.0190944881889764
21
-0.5372047244094488
0
LINE
8
BLACK
6
CONTINUOUS
10
-0.0190944881889764
20
-0.5372047244094488
11
-0.0221077559055118
21
-0.5366053543307087
0
LINE
8
BLACK
6
CONTINUOUS
10
-0.0221077559055118
20
-0.5366053543307087
11
-0.0246622440944882
21
-0.5348984645669291
0
LINE
8
BLACK
6
CONTINUOUS
10
-0.0246622440944882
20
-0.5348984645669291
11
-0.0263691338582677
21
-0.5323439763779527
0
LINE
8
BLACK
6
CONTINUOUS
10
-0.0263691338582677
20
-0.5323439763779527
11
-0.0269685039370079
21
-0.5293307086614173
0
LINE
8
BLACK
6
CONTINUOUS
10
-0.0269685039370079
20
-0.5293307086614173
11
-0.0269685039370079
21
-0.5076771653543307
0
LINE
8
BLACK
6
CONTINUOUS
10
-0.0269685039370079
20
-0.5076771653543307
11
-0.0263691338582677
21
-0.5046638976377953
0
LINE
8
BLACK
6
CONTINUOUS
10
-0.0263691338582677
20
-0.5046638976377953
11
-0.0246622440944882
21
-0.5021094094488189
0
LINE
8
BLACK
6
CONTINUOUS
10
-0.0246622440944882
20
-0.5021094094488189
11
-0.0221077559055118
21
-0.5004025196850393
0
LINE
8
BLACK
6
CONTINUOUS
10
-0.0221077559055118
20
-0.5004025196850393
11
-0.0190944881889764
21
-0.4998031496062992
0
LINE
8
BLACK
6
CONTINUOUS
10
-0.0190944881889764
20
-0.4998031496062992
11
-0.0033464566929134
21
-0.4998031496062992
0
LINE
8
BLACK
6
CONTINUOUS
10
-0.0033464566929134
20
-0.4998031496062992
11
-0.000333188976378
21
-0.5004025196850393
0
LINE
8
BLACK
6
CONTINUOUS
10
0.0646274409448819
20
-0.5004025196850393
11
0.0671819291338583
21
-0.5021094094488189
0
LINE
8
BLACK
6
CONTINUOUS
10
0.0671819291338583
20
-0.5021094094488189
11
0.0688888188976378
21
-0.5046638976377953
0
LINE
8
BLACK
6
CONTINUOUS
10
0.0688888188976378
20
-0.5046638976377953
11
0.069488188976378
21
-0.5076771653543307
0
LINE
8
BLACK
6
CONTINUOUS
10
0.069488188976378
20
-0.5076771653543307
11
0.069488188976378
21
-0.5293307086614173
0
LINE
8
BLACK
6
CONTINUOUS
10
0.069488188976378
20
-0.5293307086614173
11
0.0688888188976378
21
-0.5323439763779527
0
LINE
8
BLACK
6
CONTINUOUS
10
0.0688888188976378
20
-0.5323439763779527
11
0.0671819291338583
21
-0.5348984645669291
0
LINE
8
BLACK
6
CONTINUOUS
10
0.0671819291338583
20
-0.5348984645669291
11
0.0646274409448819
21
-0.5366053543307087
0
LINE
8
BLACK
6
CONTINUOUS
10
0.0646274409448819
20
-0.5366053543307087
11
0.0616141732283465
21
-0.5372047244094488
0
LINE
8
BLACK
6
CONTINUOUS
10
0.0616141732283465
20
-0.5372047244094488
11
0.0458661417322835
21
-0.5372047244094488
0
LINE
8
BLACK
6
CONTINUOUS
10
0.0458661417322835
20
-0.5372047244094488
11
0.042852874015748
21
-0.5366053543307087
0
LINE
8
BLACK
6
CONTINUOUS
10
0.042852874015748
20
-0.5366053543307087
11
0.0402983858267717
21
-0.5348984645669291
0
LINE
8
BLACK
6
CONTINUOUS
10
0.0402983858267717
20
-0.5348984645669291
11
0.0385914960629921
21
-0.5323439763779527
0
LINE
8
BLACK
6
CONTINUOUS
10
0.0385914960629921
20
-0.5323439763779527
11
0.037992125984252
21
-0.5293307086614173
0
LINE
8
BLACK
6
CONTINUOUS
10
0.037992125984252
20
-0.5293307086614173
11
0.037992125984252
21
-0.5076771653543307
0
LINE
8
BLACK
6
CONTINUOUS
10
0.037992125984252
20
-0.5076771653543307
11
0.0385914960629921
21
-0.5046638976377953
0
LINE
8
BLACK
6
CONTINUOUS
10
0.0385914960629921
20
-0.5046638976377953
11
0.0402983858267717
21
-0.5021094094488189
0
LINE
8
BLACK
6
CONTINUOUS
10
0.0402983858267717
20
-0.5021094094488189
11
0.042852874015748
21
-0.5004025196850393
0
LINE
8
BLACK
6
CONTINUOUS
10
0.042852874015748
20
-0.5004025196850393
11
0.0458661417322835
21
-0.4998031496062992
0
LINE
8
BLACK
6
CONTINUOUS
10
0.0458661417322835
20
-0.4998031496062992
11
0.0616141732283465
21
-0.4998031496062992
0
LINE
8
BLACK
6
CONTINUOUS
10
0.0616141732283465
20
-0.4998031496062992
11
0.0646274409448819
21
-0.5004025196850393
0
LINE
8
BLACK
6
CONTINUOUS
10
0.2165669291338582
20
-0.5316929133858268
11
0.1575118110236221
21
-0.5316929133858268
0
LINE
8
BLACK
6
CONTINUOUS
10
0.1575118110236221
20
-0.5316929133858268
11
0.1575118110236221
21
-0.5100393700787401
0
LINE
8
BLACK
6
CONTINUOUS
10
0.1575118110236221
20
-0.5100393700787401
11
0.2165669291338582
21
-0.5100393700787401
0
LINE
8
BLACK
6
CONTINUOUS
10
0.2165669291338582
20
-0.5100393700787401
11
0.2165669291338582
21
-0.5316929133858268
0
LINE
8
BLACK
6
CONTINUOUS
10
0.6653858267716535
20
-0.5316929133858268
11
0.6063307086614174
21
-0.5316929133858268
0
LINE
8
BLACK
6
CONTINUOUS
10
0.6063307086614174
20
-0.5316929133858268
11
0.6063307086614174
21
-0.5100393700787401
0
LINE
8
BLACK
6
CONTINUOUS
10
0.6063307086614174
20
-0.5100393700787401
11
0.6653858267716535
21
-0.5100393700787401
0
LINE
8
BLACK
6
CONTINUOUS
10
0.6653858267716535
20
-0.5100393700787401
11
0.6653858267716535
21
-0.5316929133858268
0
LINE
8
BLACK
6
CONTINUOUS
10
-1.3743542519685039
20
-0.4550875590551181
11
-1.3710035433070866
21
-0.4569640551181102
0
LINE
8
BLACK
6
CONTINUOUS
10
-1.3710035433070866
20
-0.4569640551181102
11
-1.3686260236220471
21
-0.4599799606299212
0
LINE
8
BLACK
6
CONTINUOUS
10
-1.3686260236220471
20
-0.4599799606299212
11
-1.3596892125984252
21
-0.4775194488188976
0
LINE
8
BLACK
6
CONTINUOUS
10
-1.3596892125984252
20
-0.4775194488188976
11
-1.3586467716535433
21
-0.4812156299212598
0
LINE
8
BLACK
6
CONTINUOUS
10
-1.3586467716535433
20
-0.4812156299212598
11
-1.3590981496062993
21
-0.4850293700787401
0
LINE
8
BLACK
6
CONTINUOUS
10
-1.3590981496062993
20
-0.4850293700787401
11
-1.3609746456692913
21
-0.4883800787401575
0
LINE
8
BLACK
6
CONTINUOUS
10
-1.3609746456692913
20
-0.4883800787401575
11
-1.3639905511811024
21
-0.4907576377952756
0
LINE
8
BLACK
6
CONTINUOUS
10
-1.3639905511811024
20
-0.4907576377952756
11
-1.4411643307086615
21
-0.5300796456692913
0
LINE
8
BLACK
6
CONTINUOUS
10
-1.4411643307086615
20
-0.5300796456692913
11
-1.4448605118110236
21
-0.5311220866141733
0
LINE
8
BLACK
6
CONTINUOUS
10
-1.4448605118110236
20
-0.5311220866141733
11
-1.4486742519685039
21
-0.5306707086614173
0
LINE
8
BLACK
6
CONTINUOUS
10
-1.4486742519685039
20
-0.5306707086614173
11
-1.4520249606299211
21
-0.5287942125984252
0
LINE
8
BLACK
6
CONTINUOUS
10
-1.4520249606299211
20
-0.5287942125984252
11
-1.4544024803149607
21
-0.5257783070866142
0
LINE
8
BLACK
6
CONTINUOUS
10
-1.4544024803149607
20
-0.5257783070866142
11
-1.4633392913385825
21
-0.5082388188976378
0
LINE
8
BLACK
6
CONTINUOUS
10
-1.4633392913385825
20
-0.5082388188976378
11
-1.4643817322834645
21
-0.5045426377952755
0
LINE
8
BLACK
6
CONTINUOUS
10
-1.4643817322834645
20
-0.5045426377952755
11
-1.4639303543307087
21
-0.5007288976377953
0
LINE
8
BLACK
6
CONTINUOUS
10
-1.4639303543307087
20
-0.5007288976377953
11
-1.4620538582677165
21
-0.4973781889763779
0
LINE
8
BLACK
6
CONTINUOUS
10
-1.4620538582677165
20
-0.4973781889763779
11
-1.4590379527559054
21
-0.4950006299212598
0
LINE
8
BLACK
6
CONTINUOUS
10
-1.4590379527559054
20
-0.4950006299212598
11
-1.3818641732283463
21
-0.4556786220472441
0
LINE
8
BLACK
6
CONTINUOUS
10
-1.3818641732283463
20
-0.4556786220472441
11
-1.3781679921259842
21
-0.4546361811023622
0
LINE
8
BLACK
6
CONTINUOUS
10
-1.3781679921259842
20
-0.4546361811023622
11
-1.3743542519685039
21
-0.4550875590551181
0
LINE
8
BLACK
6
CONTINUOUS
10
-1.2424960236220473
20
-0.4771897244094488
11
-1.2404856299212599
21
-0.4783155905511811
0
LINE
8
BLACK
6
CONTINUOUS
10
-1.2404856299212599
20
-0.4783155905511811
11
-1.239059094488189
21
-0.4801251574803149
0
LINE
8
BLACK
6
CONTINUOUS
10
-1.239059094488189
20
-0.4801251574803149
11
-1.2336970078740157
21
-0.4906488582677165
0
LINE
8
BLACK
6
CONTINUOUS
10
-1.2336970078740157
20
-0.4906488582677165
11
-1.2330715354330708
21
-0.4928665748031496
0
LINE
8
BLACK
6
CONTINUOUS
10
-1.2330715354330708
20
-0.4928665748031496
11
-1.2333423622047244
21
-0.4951548031496063
0
LINE
8
BLACK
6
CONTINUOUS
10
-1.2333423622047244
20
-0.4951548031496063
11
-1.2344682283464568
21
-0.4971652362204724
0
LINE
8
BLACK
6
CONTINUOUS
10
-1.2344682283464568
20
-0.4971652362204724
11
-1.2362777952755906
21
-0.4985917716535433
0
LINE
8
BLACK
6
CONTINUOUS
10
-1.2362777952755906
20
-0.4985917716535433
11
-1.2853883858267716
21
-0.523614842519685
0
LINE
8
BLACK
6
CONTINUOUS
10
-1.2853883858267716
20
-0.523614842519685
11
-1.2876061417322835
21
-0.5242403149606299
0
LINE
8
BLACK
6
CONTINUOUS
10
-1.2876061417322835
20
-0.5242403149606299
11
-1.2898943700787402
21
-0.5239694881889764
0
LINE
8
BLACK
6
CONTINUOUS
10
-1.2898943700787402
20
-0.5239694881889764
11
-1.2919047637795276
21
-0.5228436220472441
0
LINE
8
BLACK
6
CONTINUOUS
10
-1.2919047637795276
20
-0.5228436220472441
11
-1.2933312992125985
21
-0.5210340551181102
0
LINE
8
BLACK
6
CONTINUOUS
10
-1.2933312992125985
20
-0.5210340551181102
11
-1.2986933858267715
21
-0.5105103543307087
0
LINE
8
BLACK
6
CONTINUOUS
10
-1.2986933858267715
20
-0.5105103543307087
11
-1.2993188582677164
21
-0.5082926377952756
0
LINE
8
BLACK
6
CONTINUOUS
10
-1.2993188582677164
20
-0.5082926377952756
11
-1.2990480314960631
21
-0.5060044094488189
0
LINE
8
BLACK
6
CONTINUOUS
10
-1.2990480314960631
20
-0.5060044094488189
11
-1.2979221653543307
21
-0.5039939763779527
0
LINE
8
BLACK
6
CONTINUOUS
10
-1.2979221653543307
20
-0.5039939763779527
11
-1.2961125984251969
21
-0.5025674409448819
0
LINE
8
BLACK
6
CONTINUOUS
10
-1.2961125984251969
20
-0.5025674409448819
11
-1.2470020078740158
21
-0.4775443700787401
0
LINE
8
BLACK
6
CONTINUOUS
10
-1.2470020078740158
20
-0.4775443700787401
11
-1.244784251968504
21
-0.4769188976377953
0
LINE
8
BLACK
6
CONTINUOUS
10
-1.244784251968504
20
-0.4769188976377953
11
-1.2424960236220473
21
-0.4771897244094488
0
LINE
8
BLACK
6
CONTINUOUS
10
1.1289370078740157
20
-0.5009842519685039
11
1.0679133858267715
21
-0.5009842519685039
0
LINE
8
BLACK
6
CONTINUOUS
10
1.0679133858267715
20
-0.5009842519685039
11
1.0679133858267715
21
-0.4557086614173228
0
LINE
8
BLACK
6
CONTINUOUS
10
1.0679133858267715
20
-0.4557086614173228
11
1.1289370078740157
21
-0.4557086614173228
0
LINE
8
BLACK
6
CONTINUOUS
10
1.1289370078740157
20
-0.4557086614173228
11
1.1289370078740157
21
-0.5009842519685039
0
LINE
8
BLACK
6
CONTINUOUS
10
0.2165669291338582
20
-0.5001968503937008
11
0.1575118110236221
21
-0.5001968503937008
0
LINE
8
BLACK
6
CONTINUOUS
10
0.1575118110236221
20
-0.5001968503937008
11
0.1575118110236221
21
-0.4785433070866142
0
LINE
8
BLACK
6
CONTINUOUS
10
0.1575118110236221
20
-0.4785433070866142
11
0.2165669291338582
21
-0.4785433070866142
0
LINE
8
BLACK
6
CONTINUOUS
10
0.2165669291338582
20
-0.4785433070866142
11
0.2165669291338582
21
-0.5001968503937008
0
LINE
8
BLACK
6
CONTINUOUS
10
0.6653858267716535
20
-0.5001968503937008
11
0.6063307086614174
21
-0.5001968503937008
0
LINE
8
BLACK
6
CONTINUOUS
10
0.6063307086614174
20
-0.5001968503937008
11
0.6063307086614174
21
-0.4785433070866142
0
LINE
8
BLACK
6
CONTINUOUS
10
0.6063307086614174
20
-0.4785433070866142
11
0.6653858267716535
21
-0.4785433070866142
0
LINE
8
BLACK
6
CONTINUOUS
10
0.6653858267716535
20
-0.4785433070866142
11
0.6653858267716535
21
-0.5001968503937008
0
LINE
8
BLACK
6
CONTINUOUS
10
1.2785433070866141
20
-0.4990157480314961
11
1.2175196850393701
21
-0.4990157480314961
0
LINE
8
BLACK
6
CONTINUOUS
10
1.2175196850393701
20
-0.4990157480314961
11
1.2175196850393701
21
-0.4576771653543307
0
LINE
8
BLACK
6
CONTINUOUS
10
1.2175196850393701
20
-0.4576771653543307
11
1.2785433070866141
21
-0.4576771653543307
0
LINE
8
BLACK
6
CONTINUOUS
10
1.2785433070866141
20
-0.4576771653543307
11
1.2785433070866141
21
-0.4990157480314961
0
LINE
8
BLACK
6
CONTINUOUS
10
0.7405946456692913
20
-0.4583514566929134
11
0.7434684645669292
21
-0.4602716929133858
0
LINE
8
BLACK
6
CONTINUOUS
10
0.7434684645669292
20
-0.4602716929133858
11
0.7453887007874016
21
-0.4631455118110236
0
LINE
8
BLACK
6
CONTINUOUS
10
0.7453887007874016
20
-0.4631455118110236
11
0.7460629921259843
21
-0.4665354330708661
0
LINE
8
BLACK
6
CONTINUOUS
10
0.7460629921259843
20
-0.4665354330708661
11
0.7460629921259843
21
-0.4862204724409449
0
LINE
8
BLACK
6
CONTINUOUS
10
0.7460629921259843
20
-0.4862204724409449
11
0.7453887007874016
21
-0.4896103937007874
0
LINE
8
BLACK
6
CONTINUOUS
10
0.7453887007874016
20
-0.4896103937007874
11
0.7434684645669292
21
-0.4924842125984252
0
LINE
8
BLACK
6
CONTINUOUS
10
0.7434684645669292
20
-0.4924842125984252
11
0.7405946456692913
21
-0.4944044488188976
0
LINE
8
BLACK
6
CONTINUOUS
10
0.7405946456692913
20
-0.4944044488188976
11
0.7372047244094488
21
-0.4950787401574803
0
LINE
8
BLACK
6
CONTINUOUS
10
0.7372047244094488
20
-0.4950787401574803
11
0.7194881889763779
21
-0.4950787401574803
0
LINE
8
BLACK
6
CONTINUOUS
10
0.7194881889763779
20
-0.4950787401574803
11
0.7160982677165354
21
-0.4944044488188976
0
LINE
8
BLACK
6
CONTINUOUS
10
0.7160982677165354
20
-0.4944044488188976
11
0.7132244488188976
21
-0.4924842125984252
0
LINE
8
BLACK
6
CONTINUOUS
10
0.7132244488188976
20
-0.4924842125984252
11
0.7113042125984251
21
-0.4896103937007874
0
LINE
8
BLACK
6
CONTINUOUS
10
0.7113042125984251
20
-0.4896103937007874
11
0.7106299212598425
21
-0.4862204724409449
0
LINE
8
BLACK
6
CONTINUOUS
10
0.7106299212598425
20
-0.4862204724409449
11
0.7106299212598425
21
-0.4665354330708661
0
LINE
8
BLACK
6
CONTINUOUS
10
0.7106299212598425
20
-0.4665354330708661
11
0.7113042125984251
21
-0.4631455118110236
0
LINE
8
BLACK
6
CONTINUOUS
10
0.7113042125984251
20
-0.4631455118110236
11
0.7132244488188976
21
-0.4602716929133858
0
LINE
8
BLACK
6
CONTINUOUS
10
0.7132244488188976
20
-0.4602716929133858
11
0.7160982677165354
21
-0.4583514566929134
0
LINE
8
BLACK
6
CONTINUOUS
10
0.7160982677165354
20
-0.4583514566929134
11
0.7194881889763779
21
-0.4576771653543307
0
LINE
8
BLACK
6
CONTINUOUS
10
0.7194881889763779
20
-0.4576771653543307
11
0.7372047244094488
21
-0.4576771653543307
0
LINE
8
BLACK
6
CONTINUOUS
10
0.7372047244094488
20
-0.4576771653543307
11
0.7405946456692913
21
-0.4583514566929134
0
LINE
8
BLACK
6
CONTINUOUS
10
0.8016182677165354
20
-0.4583514566929134
11
0.8044920866141733
21
-0.4602716929133858
0
LINE
8
BLACK
6
CONTINUOUS
10
0.8044920866141733
20
-0.4602716929133858
11
0.8064123228346457
21
-0.4631455118110236
0
LINE
8
BLACK
6
CONTINUOUS
10
0.8064123228346457
20
-0.4631455118110236
11
0.8070866141732284
21
-0.4665354330708661
0
LINE
8
BLACK
6
CONTINUOUS
10
0.8070866141732284
20
-0.4665354330708661
11
0.8070866141732284
21
-0.4862204724409449
0
LINE
8
BLACK
6
CONTINUOUS
10
0.8070866141732284
20
-0.4862204724409449
11
0.8064123228346457
21
-0.4896103937007874
0
LINE
8
BLACK
6
CONTINUOUS
10
0.8064123228346457
20
-0.4896103937007874
11
0.8044920866141733
21
-0.4924842125984252
0
LINE
8
BLACK
6
CONTINUOUS
10
0.8044920866141733
20
-0.4924842125984252
11
0.8016182677165354
21
-0.4944044488188976
0
LINE
8
BLACK
6
CONTINUOUS
10
0.8016182677165354
20
-0.4944044488188976
11
0.7982283464566929
21
-0.4950787401574803
0
LINE
8
BLACK
6
CONTINUOUS
10
0.7982283464566929
20
-0.4950787401574803
11
0.780511811023622
21
-0.4950787401574803
0
LINE
8
BLACK
6
CONTINUOUS
10
0.780511811023622
20
-0.4950787401574803
11
0.7771218897637795
21
-0.4944044488188976
0
LINE
8
BLACK
6
CONTINUOUS
10
0.7771218897637795
20
-0.4944044488188976
11
0.7742480708661417
21
-0.4924842125984252
0
LINE
8
BLACK
6
CONTINUOUS
10
0.7742480708661417
20
-0.4924842125984252
11
0.7723278346456692
21
-0.4896103937007874
0
LINE
8
BLACK
6
CONTINUOUS
10
0.7723278346456692
20
-0.4896103937007874
11
0.7716535433070866
21
-0.4862204724409449
0
LINE
8
BLACK
6
CONTINUOUS
10
0.7716535433070866
20
-0.4862204724409449
11
0.7716535433070866
21
-0.4665354330708661
0
LINE
8
BLACK
6
CONTINUOUS
10
0.7716535433070866
20
-0.4665354330708661
11
0.7723278346456692
21
-0.4631455118110236
0
LINE
8
BLACK
6
CONTINUOUS
10
0.7723278346456692
20
-0.4631455118110236
11
0.7742480708661417
21
-0.4602716929133858
0
LINE
8
BLACK
6
CONTINUOUS
10
0.7742480708661417
20
-0.4602716929133858
11
0.7771218897637795
21
-0.4583514566929134
0
LINE
8
BLACK
6
CONTINUOUS
10
0.7771218897637795
20
-0.4583514566929134
11
0.780511811023622
21
-0.4576771653543307
0
LINE
8
BLACK
6
CONTINUOUS
10
0.780511811023622
20
-0.4576771653543307
11
0.7982283464566929
21
-0.4576771653543307
0
LINE
8
BLACK
6
CONTINUOUS
10
0.7982283464566929
20
-0.4576771653543307
11
0.8016182677165354
21
-0.4583514566929134
0
LINE
8
BLACK
6
CONTINUOUS
10
-0.1412951181102362
20
-0.4544144488188976
11
-0.1384212992125984
21
-0.4563346850393701
0
LINE
8
BLACK
6
CONTINUOUS
10
-0.1384212992125984
20
-0.4563346850393701
11
-0.136501062992126
21
-0.4592085039370079
0
LINE
8
BLACK
6
CONTINUOUS
10
-0.136501062992126
20
-0.4592085039370079
11
-0.1358267716535433
21
-0.4625984251968504
0
LINE
8
BLACK
6
CONTINUOUS
10
-0.1358267716535433
20
-0.4625984251968504
11
-0.1358267716535433
21
-0.4822834645669291
0
LINE
8
BLACK
6
CONTINUOUS
10
-0.1358267716535433
20
-0.4822834645669291
11
-0.136501062992126
21
-0.4856733858267717
0
LINE
8
BLACK
6
CONTINUOUS
10
-0.136501062992126
20
-0.4856733858267717
11
-0.1384212992125984
21
-0.4885472047244094
0
LINE
8
BLACK
6
CONTINUOUS
10
-0.1384212992125984
20
-0.4885472047244094
11
-0.1412951181102362
21
-0.4904674409448819
0
LINE
8
BLACK
6
CONTINUOUS
10
-0.1412951181102362
20
-0.4904674409448819
11
-0.1446850393700787
21
-0.4911417322834646
0
LINE
8
BLACK
6
CONTINUOUS
10
-0.1446850393700787
20
-0.4911417322834646
11
-0.1624015748031496
21
-0.4911417322834646
0
LINE
8
BLACK
6
CONTINUOUS
10
-0.1624015748031496
20
-0.4911417322834646
11
-0.1657914960629921
21
-0.4904674409448819
0
LINE
8
BLACK
6
CONTINUOUS
10
-0.1657914960629921
20
-0.4904674409448819
11
-0.1686653149606299
21
-0.4885472047244094
0
LINE
8
BLACK
6
CONTINUOUS
10
-0.1686653149606299
20
-0.4885472047244094
11
-0.1705855511811024
21
-0.4856733858267717
0
LINE
8
BLACK
6
CONTINUOUS
10
-0.1705855511811024
20
-0.4856733858267717
11
-0.171259842519685
21
-0.4822834645669291
0
LINE
8
BLACK
6
CONTINUOUS
10
-0.171259842519685
20
-0.4822834645669291
11
-0.171259842519685
21
-0.4625984251968504
0
LINE
8
BLACK
6
CONTINUOUS
10
-0.171259842519685
20
-0.4625984251968504
11
-0.1705855511811024
21
-0.4592085039370079
0
LINE
8
BLACK
6
CONTINUOUS
10
-0.1705855511811024
20
-0.4592085039370079
11
-0.1686653149606299
21
-0.4563346850393701
0
LINE
8
BLACK
6
CONTINUOUS
10
-0.1686653149606299
20
-0.4563346850393701
11
-0.1657914960629921
21
-0.4544144488188976
0
LINE
8
BLACK
6
CONTINUOUS
10
-0.1657914960629921
20
-0.4544144488188976
11
-0.1624015748031496
21
-0.4537401574803149
0
LINE
8
BLACK
6
CONTINUOUS
10
-0.1624015748031496
20
-0.4537401574803149
11
-0.1446850393700787
21
-0.4537401574803149
0
LINE
8
BLACK
6
CONTINUOUS
10
-0.1446850393700787
20
-0.4537401574803149
11
-0.1412951181102362
21
-0.4544144488188976
0
LINE
8
BLACK
6
CONTINUOUS
10
-0.0802714960629921
20
-0.4544144488188976
11
-0.0773976771653543
21
-0.4563346850393701
0
LINE
8
BLACK
6
CONTINUOUS
10
-0.0773976771653543
20
-0.4563346850393701
11
-0.0754774409448819
21
-0.4592085039370079
0
LINE
8
BLACK
6
CONTINUOUS
10
-0.0754774409448819
20
-0.4592085039370079
11
-0.0748031496062992
21
-0.4625984251968504
0
LINE
8
BLACK
6
CONTINUOUS
10
-0.0748031496062992
20
-0.4625984251968504
11
-0.0748031496062992
21
-0.4822834645669291
0
LINE
8
BLACK
6
CONTINUOUS
10
-0.0748031496062992
20
-0.4822834645669291
11
-0.0754774409448819
21
-0.4856733858267717
0
LINE
8
BLACK
6
CONTINUOUS
10
-0.0754774409448819
20
-0.4856733858267717
11
-0.0773976771653543
21
-0.4885472047244094
0
LINE
8
BLACK
6
CONTINUOUS
10
-0.0773976771653543
20
-0.4885472047244094
11
-0.0802714960629921
21
-0.4904674409448819
0
LINE
8
BLACK
6
CONTINUOUS
10
-0.0802714960629921
20
-0.4904674409448819
11
-0.0836614173228346
21
-0.4911417322834646
0
LINE
8
BLACK
6
CONTINUOUS
10
-0.0836614173228346
20
-0.4911417322834646
11
-0.1013779527559055
21
-0.4911417322834646
0
LINE
8
BLACK
6
CONTINUOUS
10
-0.1013779527559055
20
-0.4911417322834646
11
-0.104767874015748
21
-0.4904674409448819
0
LINE
8
BLACK
6
CONTINUOUS
10
-0.104767874015748
20
-0.4904674409448819
11
-0.1076416929133858
21
-0.4885472047244094
0
LINE
8
BLACK
6
CONTINUOUS
10
-0.1076416929133858
20
-0.4885472047244094
11
-0.1095619291338583
21
-0.4856733858267717
0
LINE
8
BLACK
6
CONTINUOUS
10
-0.1095619291338583
20
-0.4856733858267717
11
-0.1102362204724409
21
-0.4822834645669291
0
LINE
8
BLACK
6
CONTINUOUS
10
-0.1102362204724409
20
-0.4822834645669291
11
-0.1102362204724409
21
-0.4625984251968504
0
LINE
8
BLACK
6
CONTINUOUS
10
-0.1102362204724409
20
-0.4625984251968504
11
-0.1095619291338583
21
-0.4592085039370079
0
LINE
8
BLACK
6
CONTINUOUS
10
-0.1095619291338583
20
-0.4592085039370079
11
-0.1076416929133858
21
-0.4563346850393701
0
LINE
8
BLACK
6
CONTINUOUS
10
-0.1076416929133858
20
-0.4563346850393701
11
-0.104767874015748
21
-0.4544144488188976
0
LINE
8
BLACK
6
CONTINUOUS
10
-0.104767874015748
20
-0.4544144488188976
11
-0.1013779527559055
21
-0.4537401574803149
0
LINE
8
BLACK
6
CONTINUOUS
10
-0.1013779527559055
20
-0.4537401574803149
11
-0.0836614173228346
21
-0.4537401574803149
0
LINE
8
BLACK
6
CONTINUOUS
10
-0.0836614173228346
20
-0.4537401574803149
11
-0.0802714960629921
21
-0.4544144488188976
0
LINE
8
BLACK
6
CONTINUOUS
10
0.2165669291338582
20
-0.4687007874015748
11
0.1575118110236221
21
-0.4687007874015748
0
LINE
8
BLACK
6
CONTINUOUS
10
0.1575118110236221
20
-0.4687007874015748
11
0.1575118110236221
21
-0.4470472440944882
0
LINE
8
BLACK
6
CONTINUOUS
10
0.1575118110236221
20
-0.4470472440944882
11
0.2165669291338582
21
-0.4470472440944882
0
LINE
8
BLACK
6
CONTINUOUS
10
0.2165669291338582
20
-0.4470472440944882
11
0.2165669291338582
21
-0.4687007874015748
0
LINE
8
BLACK
6
CONTINUOUS
10
0.6653858267716535
20
-0.4687007874015748
11
0.6063307086614174
21
-0.4687007874015748
0
LINE
8
BLACK
6
CONTINUOUS
10
0.6063307086614174
20
-0.4687007874015748
11
0.6063307086614174
21
-0.4470472440944882
0
LINE
8
BLACK
6
CONTINUOUS
10
0.6063307086614174
20
-0.4470472440944882
11
0.6653858267716535
21
-0.4470472440944882
0
LINE
8
BLACK
6
CONTINUOUS
10
0.6653858267716535
20
-0.4470472440944882
11
0.6653858267716535
21
-0.4687007874015748
0
LINE
8
BLACK
6
CONTINUOUS
10
0.2647952755905512
20
-0.4204724409448819
11
0.2431417322834646
21
-0.4204724409448819
0
LINE
8
BLACK
6
CONTINUOUS
10
0.2431417322834646
20
-0.4204724409448819
11
0.2431417322834646
21
-0.3614173228346457
0
LINE
8
BLACK
6
CONTINUOUS
10
0.2431417322834646
20
-0.3614173228346457
11
0.2647952755905512
21
-0.3614173228346457
0
LINE
8
BLACK
6
CONTINUOUS
10
0.2647952755905512
20
-0.3614173228346457
11
0.2647952755905512
21
-0.4204724409448819
0
LINE
8
BLACK
6
CONTINUOUS
10
0.2962913385826771
20
-0.4204724409448819
11
0.2746377952755906
21
-0.4204724409448819
0
LINE
8
BLACK
6
CONTINUOUS
10
0.2746377952755906
20
-0.4204724409448819
11
0.2746377952755906
21
-0.3614173228346457
0
LINE
8
BLACK
6
CONTINUOUS
10
0.2746377952755906
20
-0.3614173228346457
11
0.2962913385826771
21
-0.3614173228346457
0
LINE
8
BLACK
6
CONTINUOUS
10
0.2962913385826771
20
-0.3614173228346457
11
0.2962913385826771
21
-0.4204724409448819
0
LINE
8
BLACK
6
CONTINUOUS
10
0.3277874015748031
20
-0.4204724409448819
11
0.3061338582677166
21
-0.4204724409448819
0
LINE
8
BLACK
6
CONTINUOUS
10
0.3061338582677166
20
-0.4204724409448819
11
0.3061338582677166
21
-0.3614173228346457
0
LINE
8
BLACK
6
CONTINUOUS
10
0.3061338582677166
20
-0.3614173228346457
11
0.3277874015748031
21
-0.3614173228346457
0
LINE
8
BLACK
6
CONTINUOUS
10
0.3277874015748031
20
-0.3614173228346457
11
0.3277874015748031
21
-0.4204724409448819
0
LINE
8
BLACK
6
CONTINUOUS
10
0.3592834645669291
20
-0.4204724409448819
11
0.3376299212598425
21
-0.4204724409448819
0
LINE
8
BLACK
6
CONTINUOUS
10
0.3376299212598425
20
-0.4204724409448819
11
0.3376299212598425
21
-0.3614173228346457
0
LINE
8
BLACK
6
CONTINUOUS
10
0.3376299212598425
20
-0.3614173228346457
11
0.3592834645669291
21
-0.3614173228346457
0
LINE
8
BLACK
6
CONTINUOUS
10
0.3592834645669291
20
-0.3614173228346457
11
0.3592834645669291
21
-0.4204724409448819
0
LINE
8
BLACK
6
CONTINUOUS
10
0.3907795275590551
20
-0.4204724409448819
11
0.3691259842519685
21
-0.4204724409448819
0
LINE
8
BLACK
6
CONTINUOUS
10
0.3691259842519685
20
-0.4204724409448819
11
0.3691259842519685
21
-0.3614173228346457
0
LINE
8
BLACK
6
CONTINUOUS
10
0.3691259842519685
20
-0.3614173228346457
11
0.3907795275590551
21
-0.3614173228346457
0
LINE
8
BLACK
6
CONTINUOUS
10
0.3907795275590551
20
-0.3614173228346457
11
0.3907795275590551
21
-0.4204724409448819
0
LINE
8
BLACK
6
CONTINUOUS
10
0.4222755905511811
20
-0.4204724409448819
11
0.4006220472440945
21
-0.4204724409448819
0
LINE
8
BLACK
6
CONTINUOUS
10
0.4006220472440945
20
-0.4204724409448819
11
0.4006220472440945
21
-0.3614173228346457
0
LINE
8
BLACK
6
CONTINUOUS
10
0.4006220472440945
20
-0.3614173228346457
11
0.4222755905511811
21
-0.3614173228346457
0
LINE
8
BLACK
6
CONTINUOUS
10
0.4222755905511811
20
-0.3614173228346457
11
0.4222755905511811
21
-0.4204724409448819
0
LINE
8
BLACK
6
CONTINUOUS
10
0.4537716535433071
20
-0.4204724409448819
11
0.4321181102362205
21
-0.4204724409448819
0
LINE
8
BLACK
6
CONTINUOUS
10
0.4321181102362205
20
-0.4204724409448819
11
0.4321181102362205
21
-0.3614173228346457
0
LINE
8
BLACK
6
CONTINUOUS
10
0.4321181102362205
20
-0.3614173228346457
11
0.4537716535433071
21
-0.3614173228346457
0
LINE
8
BLACK
6
CONTINUOUS
10
0.4537716535433071
20
-0.3614173228346457
11
0.4537716535433071
21
-0.4204724409448819
0
LINE
8
BLACK
6
CONTINUOUS
10
0.485267716535433
20
-0.4204724409448819
11
0.4636141732283465
21
-0.4204724409448819
0
LINE
8
BLACK
6
CONTINUOUS
10
0.4636141732283465
20
-0.4204724409448819
11
0.4636141732283465
21
-0.3614173228346457
0
LINE
8
BLACK
6
CONTINUOUS
10
0.4636141732283465
20
-0.3614173228346457
11
0.485267716535433
21
-0.3614173228346457
0
LINE
8
BLACK
6
CONTINUOUS
10
0.485267716535433
20
-0.3614173228346457
11
0.485267716535433
21
-0.4204724409448819
0
LINE
8
BLACK
6
CONTINUOUS
10
0.516763779527559
20
-0.4204724409448819
11
0.4951102362204725
21
-0.4204724409448819
0
LINE
8
BLACK
6
CONTINUOUS
10
0.4951102362204725
20
-0.4204724409448819
11
0.4951102362204725
21
-0.3614173228346457
0
LINE
8
BLACK
6
CONTINUOUS
10
0.4951102362204725
20
-0.3614173228346457
11
0.516763779527559
21
-0.3614173228346457
0
LINE
8
BLACK
6
CONTINUOUS
10
0.516763779527559
20
-0.3614173228346457
11
0.516763779527559
21
-0.4204724409448819
0
LINE
8
BLACK
6
CONTINUOUS
10
0.5482598425196851
20
-0.4204724409448819
11
0.5266062992125984
21
-0.4204724409448819
0
LINE
8
BLACK
6
CONTINUOUS
10
0.5266062992125984
20
-0.4204724409448819
11
0.5266062992125984
21
-0.3614173228346457
0
LINE
8
BLACK
6
CONTINUOUS
10
0.5266062992125984
20
-0.3614173228346457
11
0.5482598425196851
21
-0.3614173228346457
0
LINE
8
BLACK
6
CONTINUOUS
10
0.5482598425196851
20
-0.3614173228346457
11
0.5482598425196851
21
-0.4204724409448819
0
LINE
8
BLACK
6
CONTINUOUS
10
0.579755905511811
20
-0.4204724409448819
11
0.5581023622047244
21
-0.4204724409448819
0
LINE
8
BLACK
6
CONTINUOUS
10
0.5581023622047244
20
-0.4204724409448819
11
0.5581023622047244
21
-0.3614173228346457
0
LINE
8
BLACK
6
CONTINUOUS
10
0.5581023622047244
20
-0.3614173228346457
11
0.579755905511811
21
-0.3614173228346457
0
LINE
8
BLACK
6
CONTINUOUS
10
0.579755905511811
20
-0.3614173228346457
11
0.579755905511811
21
-0.4204724409448819
0
LINE
8
BLACK
6
CONTINUOUS
10
1.1289370078740157
20
-0.406496062992126
11
1.0679133858267715
21
-0.406496062992126
0
LINE
8
BLACK
6
CONTINUOUS
10
1.0679133858267715
20
-0.406496062992126
11
1.0679133858267715
21
-0.3612204724409449
0
LINE
8
BLACK
6
CONTINUOUS
10
1.0679133858267715
20
-0.3612204724409449
11
1.1289370078740157
21
-0.3612204724409449
0
LINE
8
BLACK
6
CONTINUOUS
10
1.1289370078740157
20
-0.3612204724409449
11
1.1289370078740157
21
-0.406496062992126
0
LINE
8
BLACK
6
CONTINUOUS
10
1.2785433070866141
20
-0.406496062992126
11
1.2175196850393701
21
-0.406496062992126
0
LINE
8
BLACK
6
CONTINUOUS
10
1.2175196850393701
20
-0.406496062992126
11
1.2175196850393701
21
-0.3612204724409449
0
LINE
8
BLACK
6
CONTINUOUS
10
1.2175196850393701
20
-0.3612204724409449
11
1.2785433070866141
21
-0.3612204724409449
0
LINE
8
BLACK
6
CONTINUOUS
10
1.2785433070866141
20
-0.3612204724409449
11
1.2785433070866141
21
-0.406496062992126
0
LINE
8
BLACK
6
CONTINUOUS
10
0.3740762598425197
20
-0.3017804724409449
11
0.376630748031496
21
-0.3034873622047244
0
LINE
8
BLACK
6
CONTINUOUS
10
0.376630748031496
20
-0.3034873622047244
11
0.3783376377952756
21
-0.3060418503937008
0
LINE
8
BLACK
6
CONTINUOUS
10
0.3783376377952756
20
-0.3060418503937008
11
0.3789370078740157
21
-0.3090551181102362
0
LINE
8
BLACK
6
CONTINUOUS
10
0.3789370078740157
20
-0.3090551181102362
11
0.3789370078740157
21
-0.3248031496062992
0
LINE
8
BLACK
6
CONTINUOUS
10
0.3789370078740157
20
-0.3248031496062992
11
0.3783376377952756
21
-0.3278164173228346
0
LINE
8
BLACK
6
CONTINUOUS
10
0.3783376377952756
20
-0.3278164173228346
11
0.376630748031496
21
-0.330370905511811
0
LINE
8
BLACK
6
CONTINUOUS
10
0.376630748031496
20
-0.330370905511811
11
0.3740762598425197
21
-0.3320777952755906
0
LINE
8
BLACK
6
CONTINUOUS
10
0.3740762598425197
20
-0.3320777952755906
11
0.3710629921259843
21
-0.3326771653543307
0
LINE
8
BLACK
6
CONTINUOUS
10
0.3710629921259843
20
-0.3326771653543307
11
0.3494094488188976
21
-0.3326771653543307
0
LINE
8
BLACK
6
CONTINUOUS
10
0.3494094488188976
20
-0.3326771653543307
11
0.3463961811023622
21
-0.3320777952755906
0
LINE
8
BLACK
6
CONTINUOUS
10
0.3463961811023622
20
-0.3320777952755906
11
0.3438416929133858
21
-0.330370905511811
0
LINE
8
BLACK
6
CONTINUOUS
10
0.3438416929133858
20
-0.330370905511811
11
0.3421348031496063
21
-0.3278164173228346
0
LINE
8
BLACK
6
CONTINUOUS
10
0.3421348031496063
20
-0.3278164173228346
11
0.3415354330708661
21
-0.3248031496062992
0
LINE
8
BLACK
6
CONTINUOUS
10
0.3415354330708661
20
-0.3248031496062992
11
0.3415354330708661
21
-0.3090551181102362
0
LINE
8
BLACK
6
CONTINUOUS
10
0.3415354330708661
20
-0.3090551181102362
11
0.3421348031496063
21
-0.3060418503937008
0
LINE
8
BLACK
6
CONTINUOUS
10
0.3421348031496063
20
-0.3060418503937008
11
0.3438416929133858
21
-0.3034873622047244
0
LINE
8
BLACK
6
CONTINUOUS
10
0.3438416929133858
20
-0.3034873622047244
11
0.3463961811023622
21
-0.3017804724409449
0
LINE
8
BLACK
6
CONTINUOUS
10
0.3463961811023622
20
-0.3017804724409449
11
0.3494094488188976
21
-0.3011811023622047
0
LINE
8
BLACK
6
CONTINUOUS
10
0.3494094488188976
20
-0.3011811023622047
11
0.3710629921259843
21
-0.3011811023622047
0
LINE
8
BLACK
6
CONTINUOUS
10
0.3710629921259843
20
-0.3011811023622047
11
0.3740762598425197
21
-0.3017804724409449
0
LINE
8
BLACK
6
CONTINUOUS
10
0.3740762598425197
20
-0.236819842519685
11
0.376630748031496
21
-0.2385267322834645
0
LINE
8
BLACK
6
CONTINUOUS
10
0.376630748031496
20
-0.2385267322834645
11
0.3783376377952756
21
-0.2410812204724409
0
LINE
8
BLACK
6
CONTINUOUS
10
0.3783376377952756
20
-0.2410812204724409
11
0.3789370078740157
21
-0.2440944881889764
0
LINE
8
BLACK
6
CONTINUOUS
10
0.3789370078740157
20
-0.2440944881889764
11
0.3789370078740157
21
-0.2598425196850394
0
LINE
8
BLACK
6
CONTINUOUS
10
0.3789370078740157
20
-0.2598425196850394
11
0.3783376377952756
21
-0.2628557874015748
0
LINE
8
BLACK
6
CONTINUOUS
10
0.3783376377952756
20
-0.2628557874015748
11
0.376630748031496
21
-0.2654102755905512
0
LINE
8
BLACK
6
CONTINUOUS
10
0.376630748031496
20
-0.2654102755905512
11
0.3740762598425197
21
-0.2671171653543307
0
LINE
8
BLACK
6
CONTINUOUS
10
0.3740762598425197
20
-0.2671171653543307
11
0.3710629921259843
21
-0.2677165354330708
0
LINE
8
BLACK
6
CONTINUOUS
10
0.3710629921259843
20
-0.2677165354330708
11
0.3494094488188976
21
-0.2677165354330708
0
LINE
8
BLACK
6
CONTINUOUS
10
0.3494094488188976
20
-0.2677165354330708
11
0.3463961811023622
21
-0.2671171653543307
0
LINE
8
BLACK
6
CONTINUOUS
10
0.3463961811023622
20
-0.2671171653543307
11
0.3438416929133858
21
-0.2654102755905512
0
LINE
8
BLACK
6
CONTINUOUS
10
0.3438416929133858
20
-0.2654102755905512
11
0.3421348031496063
21
-0.2628557874015748
0
LINE
8
BLACK
6
CONTINUOUS
10
0.3421348031496063
20
-0.2628557874015748
11
0.3415354330708661
21
-0.2598425196850394
0
LINE
8
BLACK
6
CONTINUOUS
10
0.3415354330708661
20
-0.2598425196850394
11
0.3415354330708661
21
-0.2440944881889764
0
LINE
8
BLACK
6
CONTINUOUS
10
0.3415354330708661
20
-0.2440944881889764
11
0.3421348031496063
21
-0.2410812204724409
0
LINE
8
BLACK
6
CONTINUOUS
10
0.3421348031496063
20
-0.2410812204724409
11
0.3438416929133858
21
-0.2385267322834645
0
LINE
8
BLACK
6
CONTINUOUS
10
0.3438416929133858
20
-0.2385267322834645
11
0.3463961811023622
21
-0.236819842519685
0
LINE
8
BLACK
6
CONTINUOUS
10
0.3463961811023622
20
-0.236819842519685
11
0.3494094488188976
21
-0.2362204724409449
0
LINE
8
BLACK
6
CONTINUOUS
10
0.3494094488188976
20
-0.2362204724409449
11
0.3710629921259843
21
-0.2362204724409449
0
LINE
8
BLACK
6
CONTINUOUS
10
0.3710629921259843
20
-0.2362204724409449
11
0.3740762598425197
21
-0.236819842519685
0
LINE
8
BLACK
6
CONTINUOUS
10
-0.6830103543307087
20
-0.2299300787401575
11
-0.6804558661417323
21
-0.231636968503937
0
LINE
8
BLACK
6
CONTINUOUS
10
-0.6804558661417323
20
-0.231636968503937
11
-0.6787489763779527
21
-0.2341914566929134
0
LINE
8
BLACK
6
CONTINUOUS
10
-0.6787489763779527
20
-0.2341914566929134
11
-0.6781496062992126
21
-0.2372047244094488
0
LINE
8
BLACK
6
CONTINUOUS
10
-0.6781496062992126
20
-0.2372047244094488
11
-0.6781496062992126
21
-0.2588582677165354
0
LINE
8
BLACK
6
CONTINUOUS
10
-0.6781496062992126
20
-0.2588582677165354
11
-0.6787489763779527
21
-0.2618715354330708
0
LINE
8
BLACK
6
CONTINUOUS
10
-0.6787489763779527
20
-0.2618715354330708
11
-0.6804558661417323
21
-0.2644260236220473
0
LINE
8
BLACK
6
CONTINUOUS
10
-0.6804558661417323
20
-0.2644260236220473
11
-0.6830103543307087
21
-0.2661329133858268
0
LINE
8
BLACK
6
CONTINUOUS
10
-0.6830103543307087
20
-0.2661329133858268
11
-0.6860236220472441
21
-0.2667322834645669
0
LINE
8
BLACK
6
CONTINUOUS
10
-0.6860236220472441
20
-0.2667322834645669
11
-0.7017716535433071
21
-0.2667322834645669
0
LINE
8
BLACK
6
CONTINUOUS
10
-0.7017716535433071
20
-0.2667322834645669
11
-0.7047849212598425
21
-0.2661329133858268
0
LINE
8
BLACK
6
CONTINUOUS
10
-0.7047849212598425
20
-0.2661329133858268
11
-0.7073394094488189
21
-0.2644260236220473
0
LINE
8
BLACK
6
CONTINUOUS
10
-0.7073394094488189
20
-0.2644260236220473
11
-0.7090462992125984
21
-0.2618715354330708
0
LINE
8
BLACK
6
CONTINUOUS
10
-0.7090462992125984
20
-0.2618715354330708
11
-0.7096456692913385
21
-0.2588582677165354
0
LINE
8
BLACK
6
CONTINUOUS
10
-0.7096456692913385
20
-0.2588582677165354
11
-0.7096456692913385
21
-0.2372047244094488
0
LINE
8
BLACK
6
CONTINUOUS
10
-0.7096456692913385
20
-0.2372047244094488
11
-0.7090462992125984
21
-0.2341914566929134
0
LINE
8
BLACK
6
CONTINUOUS
10
-0.7090462992125984
20
-0.2341914566929134
11
-0.7073394094488189
21
-0.231636968503937
0
LINE
8
BLACK
6
CONTINUOUS
10
-0.7073394094488189
20
-0.231636968503937
11
-0.7047849212598425
21
-0.2299300787401575
0
LINE
8
BLACK
6
CONTINUOUS
10
-0.7047849212598425
20
-0.2299300787401575
11
-0.7017716535433071
21
-0.2293307086614173
0
LINE
8
BLACK
6
CONTINUOUS
10
-0.7017716535433071
20
-0.2293307086614173
11
-0.6860236220472441
21
-0.2293307086614173
0
LINE
8
BLACK
6
CONTINUOUS
10
-0.6860236220472441
20
-0.2293307086614173
11
-0.6830103543307087
21
-0.2299300787401575
0
LINE
8
BLACK
6
CONTINUOUS
10
-0.6180497244094488
20
-0.2299300787401575
11
-0.6154952362204724
21
-0.231636968503937
0
LINE
8
BLACK
6
CONTINUOUS
10
-0.6154952362204724
20
-0.231636968503937
11
-0.6137883464566929
21
-0.2341914566929134
0
LINE
8
BLACK
6
CONTINUOUS
10
-0.6137883464566929
20
-0.2341914566929134
11
-0.6131889763779528
21
-0.2372047244094488
0
LINE
8
BLACK
6
CONTINUOUS
10
-0.6131889763779528
20
-0.2372047244094488
11
-0.6131889763779528
21
-0.2588582677165354
0
LINE
8
BLACK
6
CONTINUOUS
10
-0.6131889763779528
20
-0.2588582677165354
11
-0.6137883464566929
21
-0.2618715354330708
0
LINE
8
BLACK
6
CONTINUOUS
10
-0.6137883464566929
20
-0.2618715354330708
11
-0.6154952362204724
21
-0.2644260236220473
0
LINE
8
BLACK
6
CONTINUOUS
10
-0.6154952362204724
20
-0.2644260236220473
11
-0.6180497244094488
21
-0.2661329133858268
0
LINE
8
BLACK
6
CONTINUOUS
10
-0.6180497244094488
20
-0.2661329133858268
11
-0.6210629921259843
21
-0.2667322834645669
0
LINE
8
BLACK
6
CONTINUOUS
10
-0.6210629921259843
20
-0.2667322834645669
11
-0.6368110236220472
21
-0.2667322834645669
0
LINE
8
BLACK
6
CONTINUOUS
10
-0.6368110236220472
20
-0.2667322834645669
11
-0.6398242913385827
21
-0.2661329133858268
0
LINE
8
BLACK
6
CONTINUOUS
10
-0.6398242913385827
20
-0.2661329133858268
11
-0.6423787795275591
21
-0.2644260236220473
0
LINE
8
BLACK
6
CONTINUOUS
10
-0.6423787795275591
20
-0.2644260236220473
11
-0.6440856692913386
21
-0.2618715354330708
0
LINE
8
BLACK
6
CONTINUOUS
10
-0.6440856692913386
20
-0.2618715354330708
11
-0.6446850393700787
21
-0.2588582677165354
0
LINE
8
BLACK
6
CONTINUOUS
10
-0.6446850393700787
20
-0.2588582677165354
11
-0.6446850393700787
21
-0.2372047244094488
0
LINE
8
BLACK
6
CONTINUOUS
10
-0.6446850393700787
20
-0.2372047244094488
11
-0.6440856692913386
21
-0.2341914566929134
0
LINE
8
BLACK
6
CONTINUOUS
10
-0.6440856692913386
20
-0.2341914566929134
11
-0.6423787795275591
21
-0.231636968503937
0
LINE
8
BLACK
6
CONTINUOUS
10
-0.6423787795275591
20
-0.231636968503937
11
-0.6398242913385827
21
-0.2299300787401575
0
LINE
8
BLACK
6
CONTINUOUS
10
-0.6398242913385827
20
-0.2299300787401575
11
-0.6368110236220472
21
-0.2293307086614173
0
LINE
8
BLACK
6
CONTINUOUS
10
-0.6368110236220472
20
-0.2293307086614173
11
-0.6210629921259843
21
-0.2293307086614173
0
LINE
8
BLACK
6
CONTINUOUS
10
-0.6210629921259843
20
-0.2293307086614173
11
-0.6180497244094488
21
-0.2299300787401575
0
LINE
8
BLACK
6
CONTINUOUS
10
0.809868937007874
20
-0.2172846456692913
11
0.8130620866141732
21
-0.2194182283464567
0
LINE
8
BLACK
6
CONTINUOUS
10
0.8130620866141732
20
-0.2194182283464567
11
0.8151956692913386
21
-0.2226113779527559
0
LINE
8
BLACK
6
CONTINUOUS
10
0.8151956692913386
20
-0.2226113779527559
11
0.8159448818897638
21
-0.2263779527559055
0
LINE
8
BLACK
6
CONTINUOUS
10
0.8159448818897638
20
-0.2263779527559055
11
0.8159448818897638
21
-0.2460629921259843
0
LINE
8
BLACK
6
CONTINUOUS
10
0.8159448818897638
20
-0.2460629921259843
11
0.8151956692913386
21
-0.2498295669291339
0
LINE
8
BLACK
6
CONTINUOUS
10
0.8151956692913386
20
-0.2498295669291339
11
0.8130620866141732
21
-0.2530227165354331
0
LINE
8
BLACK
6
CONTINUOUS
10
0.8130620866141732
20
-0.2530227165354331
11
0.809868937007874
21
-0.2551562992125984
0
LINE
8
BLACK
6
CONTINUOUS
10
0.809868937007874
20
-0.2551562992125984
11
0.8061023622047244
21
-0.2559055118110236
0
LINE
8
BLACK
6
CONTINUOUS
10
0.8061023622047244
20
-0.2559055118110236
11
0.7687007874015748
21
-0.2559055118110236
0
LINE
8
BLACK
6
CONTINUOUS
10
0.7687007874015748
20
-0.2559055118110236
11
0.7649342125984252
21
-0.2551562992125984
0
LINE
8
BLACK
6
CONTINUOUS
10
0.7649342125984252
20
-0.2551562992125984
11
0.761741062992126
21
-0.2530227165354331
0
LINE
8
BLACK
6
CONTINUOUS
10
0.761741062992126
20
-0.2530227165354331
11
0.7596074803149606
21
-0.2498295669291339
0
LINE
8
BLACK
6
CONTINUOUS
10
0.7596074803149606
20
-0.2498295669291339
11
0.7588582677165354
21
-0.2460629921259843
0
LINE
8
BLACK
6
CONTINUOUS
10
0.7588582677165354
20
-0.2460629921259843
11
0.7588582677165354
21
-0.2263779527559055
0
LINE
8
BLACK
6
CONTINUOUS
10
0.7588582677165354
20
-0.2263779527559055
11
0.7596074803149606
21
-0.2226113779527559
0
LINE
8
BLACK
6
CONTINUOUS
10
0.7596074803149606
20
-0.2226113779527559
11
0.761741062992126
21
-0.2194182283464567
0
LINE
8
BLACK
6
CONTINUOUS
10
0.761741062992126
20
-0.2194182283464567
11
0.7649342125984252
21
-0.2172846456692913
0
LINE
8
BLACK
6
CONTINUOUS
10
0.7649342125984252
20
-0.2172846456692913
11
0.7687007874015748
21
-0.2165354330708661
0
LINE
8
BLACK
6
CONTINUOUS
10
0.7687007874015748
20
-0.2165354330708661
11
0.8061023622047244
21
-0.2165354330708661
0
LINE
8
BLACK
6
CONTINUOUS
10
0.8061023622047244
20
-0.2165354330708661
11
0.809868937007874
21
-0.2172846456692913
0
LINE
8
BLACK
6
CONTINUOUS
10
-1.422671062992126
20
-0.2152424803149606
11
-1.4194779133858266
21
-0.217376062992126
0
LINE
8
BLACK
6
CONTINUOUS
10
-1.4194779133858266
20
-0.217376062992126
11
-1.4173443307086613
21
-0.2205692125984252
0
LINE
8
BLACK
6
CONTINUOUS
10
-1.4173443307086613
20
-0.2205692125984252
11
-1.4165951181102361
21
-0.2243357874015748
0
LINE
8
BLACK
6
CONTINUOUS
10
-1.4165951181102361
20
-0.2243357874015748
11
-1.4165951181102361
21
-0.2440208267716535
0
LINE
8
BLACK
6
CONTINUOUS
10
-1.4165951181102361
20
-0.2440208267716535
11
-1.4173443307086613
21
-0.2477874015748031
0
LINE
8
BLACK
6
CONTINUOUS
10
-1.4173443307086613
20
-0.2477874015748031
11
-1.4194779133858266
21
-0.2509805511811024
0
LINE
8
BLACK
6
CONTINUOUS
10
-1.4194779133858266
20
-0.2509805511811024
11
-1.422671062992126
21
-0.2531141338582677
0
LINE
8
BLACK
6
CONTINUOUS
10
-1.422671062992126
20
-0.2531141338582677
11
-1.4264376377952757
21
-0.2538633464566929
0
LINE
8
BLACK
6
CONTINUOUS
10
-1.4264376377952757
20
-0.2538633464566929
11
-1.513051811023622
21
-0.2538633464566929
0
LINE
8
BLACK
6
CONTINUOUS
10
-1.513051811023622
20
-0.2538633464566929
11
-1.5168183858267716
21
-0.2531141338582677
0
LINE
8
BLACK
6
CONTINUOUS
10
-1.5168183858267716
20
-0.2531141338582677
11
-1.5200115354330708
21
-0.2509805511811024
0
LINE
8
BLACK
6
CONTINUOUS
10
-1.5200115354330708
20
-0.2509805511811024
11
-1.5221451181102361
21
-0.2477874015748031
0
LINE
8
BLACK
6
CONTINUOUS
10
-1.5221451181102361
20
-0.2477874015748031
11
-1.5228943307086613
21
-0.2440208267716535
0
LINE
8
BLACK
6
CONTINUOUS
10
-1.5228943307086613
20
-0.2440208267716535
11
-1.5228943307086613
21
-0.2243357874015748
0
LINE
8
BLACK
6
CONTINUOUS
10
-1.5228943307086613
20
-0.2243357874015748
11
-1.5221451181102361
21
-0.2205692125984252
0
LINE
8
BLACK
6
CONTINUOUS
10
-1.5221451181102361
20
-0.2205692125984252
11
-1.5200115354330708
21
-0.217376062992126
0
LINE
8
BLACK
6
CONTINUOUS
10
-1.5200115354330708
20
-0.217376062992126
11
-1.5168183858267716
21
-0.2152424803149606
0
LINE
8
BLACK
6
CONTINUOUS
10
-1.5168183858267716
20
-0.2152424803149606
11
-1.513051811023622
21
-0.2144932677165354
0
LINE
8
BLACK
6
CONTINUOUS
10
-1.513051811023622
20
-0.2144932677165354
11
-1.4264376377952757
21
-0.2144932677165354
0
LINE
8
BLACK
6
CONTINUOUS
10
-1.4264376377952757
20
-0.2144932677165354
11
-1.422671062992126
21
-0.2152424803149606
0
LINE
8
BLACK
6
CONTINUOUS
10
0.8754371653543307
20
-0.2053987007874016
11
0.8783109842519685
21
-0.207318937007874
0
LINE
8
BLACK
6
CONTINUOUS
10
0.8783109842519685
20
-0.207318937007874
11
0.880231220472441
21
-0.2101927559055118
0
LINE
8
BLACK
6
CONTINUOUS
10
0.880231220472441
20
-0.2101927559055118
11
0.8809055118110236
21
-0.2135826771653543
0
LINE
8
BLACK
6
CONTINUOUS
10
0.8809055118110236
20
-0.2135826771653543
11
0.8809055118110236
21
-0.2312992125984252
0
LINE
8
BLACK
6
CONTINUOUS
10
0.8809055118110236
20
-0.2312992125984252
11
0.880231220472441
21
-0.2346891338582677
0
LINE
8
BLACK
6
CONTINUOUS
10
0.880231220472441
20
-0.2346891338582677
11
0.8783109842519685
21
-0.2375629527559055
0
LINE
8
BLACK
6
CONTINUOUS
10
0.8783109842519685
20
-0.2375629527559055
11
0.8754371653543307
21
-0.2394831889763779
0
LINE
8
BLACK
6
CONTINUOUS
10
0.8754371653543307
20
-0.2394831889763779
11
0.8720472440944882
21
-0.2401574803149606
0
LINE
8
BLACK
6
CONTINUOUS
10
0.8720472440944882
20
-0.2401574803149606
11
0.8523622047244094
21
-0.2401574803149606
0
LINE
8
BLACK
6
CONTINUOUS
10
0.8523622047244094
20
-0.2401574803149606
11
0.8489722834645669
21
-0.2394831889763779
0
LINE
8
BLACK
6
CONTINUOUS
10
0.8489722834645669
20
-0.2394831889763779
11
0.8460984645669292
21
-0.2375629527559055
0
LINE
8
BLACK
6
CONTINUOUS
10
0.8460984645669292
20
-0.2375629527559055
11
0.8441782283464567
21
-0.2346891338582677
0
LINE
8
BLACK
6
CONTINUOUS
10
0.8441782283464567
20
-0.2346891338582677
11
0.843503937007874
21
-0.2312992125984252
0
LINE
8
BLACK
6
CONTINUOUS
10
0.843503937007874
20
-0.2312992125984252
11
0.843503937007874
21
-0.2135826771653543
0
LINE
8
BLACK
6
CONTINUOUS
10
0.843503937007874
20
-0.2135826771653543
11
0.8441782283464567
21
-0.2101927559055118
0
LINE
8
BLACK
6
CONTINUOUS
10
0.8441782283464567
20
-0.2101927559055118
11
0.8460984645669292
21
-0.207318937007874
0
LINE
8
BLACK
6
CONTINUOUS
10
0.8460984645669292
20
-0.207318937007874
11
0.8489722834645669
21
-0.2053987007874016
0
LINE
8
BLACK
6
CONTINUOUS
10
0.8489722834645669
20
-0.2053987007874016
11
0.8523622047244094
21
-0.2047244094488189
0
LINE
8
BLACK
6
CONTINUOUS
10
0.8523622047244094
20
-0.2047244094488189
11
0.8720472440944882
21
-0.2047244094488189
0
LINE
8
BLACK
6
CONTINUOUS
10
0.8720472440944882
20
-0.2047244094488189
11
0.8754371653543307
21
-0.2053987007874016
0
LINE
8
BLACK
6
CONTINUOUS
10
-1.2184434251968503
20
-0.1925285039370079
11
-1.215888937007874
21
-0.1942353937007874
0
LINE
8
BLACK
6
CONTINUOUS
10
-1.215888937007874
20
-0.1942353937007874
11
-1.2141820472440945
21
-0.1967898818897638
0
LINE
8
BLACK
6
CONTINUOUS
10
-1.2141820472440945
20
-0.1967898818897638
11
-1.2135826771653544
21
-0.1998031496062992
0
LINE
8
BLACK
6
CONTINUOUS
10
-1.2135826771653544
20
-0.1998031496062992
11
-1.2135826771653544
21
-0.2155511811023622
0
LINE
8
BLACK
6
CONTINUOUS
10
-1.2135826771653544
20
-0.2155511811023622
11
-1.2141820472440945
21
-0.2185644488188976
0
LINE
8
BLACK
6
CONTINUOUS
10
-1.2141820472440945
20
-0.2185644488188976
11
-1.215888937007874
21
-0.221118937007874
0
LINE
8
BLACK
6
CONTINUOUS
10
-1.215888937007874
20
-0.221118937007874
11
-1.2184434251968503
21
-0.2228258267716536
0
LINE
8
BLACK
6
CONTINUOUS
10
-1.2184434251968503
20
-0.2228258267716536
11
-1.2214566929133859
21
-0.2234251968503937
0
LINE
8
BLACK
6
CONTINUOUS
10
-1.2214566929133859
20
-0.2234251968503937
11
-1.2431102362204725
21
-0.2234251968503937
0
LINE
8
BLACK
6
CONTINUOUS
10
-1.2431102362204725
20
-0.2234251968503937
11
-1.2461235039370078
21
-0.2228258267716536
0
LINE
8
BLACK
6
CONTINUOUS
10
-1.2461235039370078
20
-0.2228258267716536
11
-1.2486779921259843
21
-0.221118937007874
0
LINE
8
BLACK
6
CONTINUOUS
10
-1.2486779921259843
20
-0.221118937007874
11
-1.2503848818897638
21
-0.2185644488188976
0
LINE
8
BLACK
6
CONTINUOUS
10
-1.2503848818897638
20
-0.2185644488188976
11
-1.2509842519685039
21
-0.2155511811023622
0
LINE
8
BLACK
6
CONTINUOUS
10
-1.2509842519685039
20
-0.2155511811023622
11
-1.2509842519685039
21
-0.1998031496062992
0
LINE
8
BLACK
6
CONTINUOUS
10
-1.2509842519685039
20
-0.1998031496062992
11
-1.2503848818897638
21
-0.1967898818897638
0
LINE
8
BLACK
6
CONTINUOUS
10
-1.2503848818897638
20
-0.1967898818897638
11
-1.2486779921259843
21
-0.1942353937007874
0
LINE
8
BLACK
6
CONTINUOUS
10
-1.2486779921259843
20
-0.1942353937007874
11
-1.2461235039370078
21
-0.1925285039370079
0
LINE
8
BLACK
6
CONTINUOUS
10
-1.2461235039370078
20
-0.1925285039370079
11
-1.2431102362204725
21
-0.1919291338582677
0
LINE
8
BLACK
6
CONTINUOUS
10
-1.2431102362204725
20
-0.1919291338582677
11
-1.2214566929133859
21
-0.1919291338582677
0
LINE
8
BLACK
6
CONTINUOUS
10
-1.2214566929133859
20
-0.1919291338582677
11
-1.2184434251968503
21
-0.1925285039370079
0
LINE
8
BLACK
6
CONTINUOUS
10
-1.1456087795275591
20
-0.1925285039370079
11
-1.1430542913385826
21
-0.1942353937007874
0
LINE
8
BLACK
6
CONTINUOUS
10
-1.1430542913385826
20
-0.1942353937007874
11
-1.1413474015748031
21
-0.1967898818897638
0
LINE
8
BLACK
6
CONTINUOUS
10
-1.1413474015748031
20
-0.1967898818897638
11
-1.140748031496063
21
-0.1998031496062992
0
LINE
8
BLACK
6
CONTINUOUS
10
-1.140748031496063
20
-0.1998031496062992
11
-1.140748031496063
21
-0.2155511811023622
0
LINE
8
BLACK
6
CONTINUOUS
10
-1.140748031496063
20
-0.2155511811023622
11
-1.1413474015748031
21
-0.2185644488188976
0
LINE
8
BLACK
6
CONTINUOUS
10
-1.1413474015748031
20
-0.2185644488188976
11
-1.1430542913385826
21
-0.221118937007874
0
LINE
8
BLACK
6
CONTINUOUS
10
-1.1430542913385826
20
-0.221118937007874
11
-1.1456087795275591
21
-0.2228258267716536
0
LINE
8
BLACK
6
CONTINUOUS
10
-1.1456087795275591
20
-0.2228258267716536
11
-1.1486220472440944
21
-0.2234251968503937
0
LINE
8
BLACK
6
CONTINUOUS
10
-1.1486220472440944
20
-0.2234251968503937
11
-1.170275590551181
21
-0.2234251968503937
0
LINE
8
BLACK
6
CONTINUOUS
10
-1.170275590551181
20
-0.2234251968503937
11
-1.1732888582677166
21
-0.2228258267716536
0
LINE
8
BLACK
6
CONTINUOUS
10
-1.1732888582677166
20
-0.2228258267716536
11
-1.1758433464566929
21
-0.221118937007874
0
LINE
8
BLACK
6
CONTINUOUS
10
-1.1758433464566929
20
-0.221118937007874
11
-1.1775502362204724
21
-0.2185644488188976
0
LINE
8
BLACK
6
CONTINUOUS
10
-1.1775502362204724
20
-0.2185644488188976
11
-1.1781496062992125
21
-0.2155511811023622
0
LINE
8
BLACK
6
CONTINUOUS
10
-1.1781496062992125
20
-0.2155511811023622
11
-1.1781496062992125
21
-0.1998031496062992
0
LINE
8
BLACK
6
CONTINUOUS
10
-1.1781496062992125
20
-0.1998031496062992
11
-1.1775502362204724
21
-0.1967898818897638
0
LINE
8
BLACK
6
CONTINUOUS
10
-1.1775502362204724
20
-0.1967898818897638
11
-1.1758433464566929
21
-0.1942353937007874
0
LINE
8
BLACK
6
CONTINUOUS
10
-1.1758433464566929
20
-0.1942353937007874
11
-1.1732888582677166
21
-0.1925285039370079
0
LINE
8
BLACK
6
CONTINUOUS
10
-1.1732888582677166
20
-0.1925285039370079
11
-1.170275590551181
21
-0.1919291338582677
0
LINE
8
BLACK
6
CONTINUOUS
10
-1.170275590551181
20
-0.1919291338582677
11
-1.1486220472440944
21
-0.1919291338582677
0
LINE
8
BLACK
6
CONTINUOUS
10
-1.1486220472440944
20
-0.1919291338582677
11
-1.1456087795275591
21
-0.1925285039370079
0
LINE
8
BLACK
6
CONTINUOUS
10
-0.6830103543307087
20
-0.1669379527559055
11
-0.6804558661417323
21
-0.168644842519685
0
LINE
8
BLACK
6
CONTINUOUS
10
-0.6804558661417323
20
-0.168644842519685
11
-0.6787489763779527
21
-0.1711993307086614
0
LINE
8
BLACK
6
CONTINUOUS
10
-0.6787489763779527
20
-0.1711993307086614
11
-0.6781496062992126
21
-0.1742125984251968
0
LINE
8
BLACK
6
CONTINUOUS
10
-0.6781496062992126
20
-0.1742125984251968
11
-0.6781496062992126
21
-0.1958661417322834
0
LINE
8
BLACK
6
CONTINUOUS
10
-0.6781496062992126
20
-0.1958661417322834
11
-0.6787489763779527
21
-0.1988794094488189
0
LINE
8
BLACK
6
CONTINUOUS
10
-0.6787489763779527
20
-0.1988794094488189
11
-0.6804558661417323
21
-0.2014338976377953
0
LINE
8
BLACK
6
CONTINUOUS
10
-0.6804558661417323
20
-0.2014338976377953
11
-0.6830103543307087
21
-0.2031407874015748
0
LINE
8
BLACK
6
CONTINUOUS
10
-0.6830103543307087
20
-0.2031407874015748
11
-0.6860236220472441
21
-0.203740157480315
0
LINE
8
BLACK
6
CONTINUOUS
10
-0.6860236220472441
20
-0.203740157480315
11
-0.7017716535433071
21
-0.203740157480315
0
LINE
8
BLACK
6
CONTINUOUS
10
-0.7017716535433071
20
-0.203740157480315
11
-0.7047849212598425
21
-0.2031407874015748
0
LINE
8
BLACK
6
CONTINUOUS
10
-0.7047849212598425
20
-0.2031407874015748
11
-0.7073394094488189
21
-0.2014338976377953
0
LINE
8
BLACK
6
CONTINUOUS
10
-0.7073394094488189
20
-0.2014338976377953
11
-0.7090462992125984
21
-0.1988794094488189
0
LINE
8
BLACK
6
CONTINUOUS
10
-0.7090462992125984
20
-0.1988794094488189
11
-0.7096456692913385
21
-0.1958661417322834
0
LINE
8
BLACK
6
CONTINUOUS
10
-0.7096456692913385
20
-0.1958661417322834
11
-0.7096456692913385
21
-0.1742125984251968
0
LINE
8
BLACK
6
CONTINUOUS
10
-0.7096456692913385
20
-0.1742125984251968
11
-0.7090462992125984
21
-0.1711993307086614
0
LINE
8
BLACK
6
CONTINUOUS
10
-0.7090462992125984
20
-0.1711993307086614
11
-0.7073394094488189
21
-0.168644842519685
0
LINE
8
BLACK
6
CONTINUOUS
10
-0.7073394094488189
20
-0.168644842519685
11
-0.7047849212598425
21
-0.1669379527559055
0
LINE
8
BLACK
6
CONTINUOUS
10
-0.7047849212598425
20
-0.1669379527559055
11
-0.7017716535433071
21
-0.1663385826771654
0
LINE
8
BLACK
6
CONTINUOUS
10
-0.7017716535433071
20
-0.1663385826771654
11
-0.6860236220472441
21
-0.1663385826771654
0
LINE
8
BLACK
6
CONTINUOUS
10
-0.6860236220472441
20
-0.1663385826771654
11
-0.6830103543307087
21
-0.1669379527559055
0
LINE
8
BLACK
6
CONTINUOUS
10
-0.6180497244094488
20
-0.1669379527559055
11
-0.6154952362204724
21
-0.168644842519685
0
LINE
8
BLACK
6
CONTINUOUS
10
-0.6154952362204724
20
-0.168644842519685
11
-0.6137883464566929
21
-0.1711993307086614
0
LINE
8
BLACK
6
CONTINUOUS
10
-0.6137883464566929
20
-0.1711993307086614
11
-0.6131889763779528
21
-0.1742125984251968
0
LINE
8
BLACK
6
CONTINUOUS
10
-0.6131889763779528
20
-0.1742125984251968
11
-0.6131889763779528
21
-0.1958661417322834
0
LINE
8
BLACK
6
CONTINUOUS
10
-0.6131889763779528
20
-0.1958661417322834
11
-0.6137883464566929
21
-0.1988794094488189
0
LINE
8
BLACK
6
CONTINUOUS
10
-0.6137883464566929
20
-0.1988794094488189
11
-0.6154952362204724
21
-0.2014338976377953
0
LINE
8
BLACK
6
CONTINUOUS
10
-0.6154952362204724
20
-0.2014338976377953
11
-0.6180497244094488
21
-0.2031407874015748
0
LINE
8
BLACK
6
CONTINUOUS
10
-0.6180497244094488
20
-0.2031407874015748
11
-0.6210629921259843
21
-0.203740157480315
0
LINE
8
BLACK
6
CONTINUOUS
10
-0.6210629921259843
20
-0.203740157480315
11
-0.6368110236220472
21
-0.203740157480315
0
LINE
8
BLACK
6
CONTINUOUS
10
-0.6368110236220472
20
-0.203740157480315
11
-0.6398242913385827
21
-0.2031407874015748
0
LINE
8
BLACK
6
CONTINUOUS
10
-0.6398242913385827
20
-0.2031407874015748
11
-0.6423787795275591
21
-0.2014338976377953
0
LINE
8
BLACK
6
CONTINUOUS
10
-0.6423787795275591
20
-0.2014338976377953
11
-0.6440856692913386
21
-0.1988794094488189
0
LINE
8
BLACK
6
CONTINUOUS
10
-0.6440856692913386
20
-0.1988794094488189
11
-0.6446850393700787
21
-0.1958661417322834
0
LINE
8
BLACK
6
CONTINUOUS
10
-0.6446850393700787
20
-0.1958661417322834
11
-0.6446850393700787
21
-0.1742125984251968
0
LINE
8
BLACK
6
CONTINUOUS
10
-0.6446850393700787
20
-0.1742125984251968
11
-0.6440856692913386
21
-0.1711993307086614
0
LINE
8
BLACK
6
CONTINUOUS
10
-0.6440856692913386
20
-0.1711993307086614
11
-0.6423787795275591
21
-0.168644842519685
0
LINE
8
BLACK
6
CONTINUOUS
10
-0.6423787795275591
20
-0.168644842519685
11
-0.6398242913385827
21
-0.1669379527559055
0
LINE
8
BLACK
6
CONTINUOUS
10
-0.6398242913385827
20
-0.1669379527559055
11
-0.6368110236220472
21
-0.1663385826771654
0
LINE
8
BLACK
6
CONTINUOUS
10
-0.6368110236220472
20
-0.1663385826771654
11
-0.6210629921259843
21
-0.1663385826771654
0
LINE
8
BLACK
6
CONTINUOUS
10
-0.6210629921259843
20
-0.1663385826771654
11
-0.6180497244094488
21
-0.1669379527559055
0
LINE
8
BLACK
6
CONTINUOUS
10
1.1065906692913385
20
-0.142181811023622
11
1.1085065354330708
21
-0.143461968503937
0
LINE
8
BLACK
6
CONTINUOUS
10
1.1085065354330708
20
-0.143461968503937
11
1.1097866929133857
21
-0.1453778346456693
0
LINE
8
BLACK
6
CONTINUOUS
10
1.1097866929133857
20
-0.1453778346456693
11
1.110236220472441
21
-0.1476377952755905
0
LINE
8
BLACK
6
CONTINUOUS
10
1.110236220472441
20
-0.1476377952755905
11
1.110236220472441
21
-0.1938976377952756
0
LINE
8
BLACK
6
CONTINUOUS
10
1.110236220472441
20
-0.1938976377952756
11
1.1097866929133857
21
-0.1961575984251968
0
LINE
8
BLACK
6
CONTINUOUS
10
1.1097866929133857
20
-0.1961575984251968
11
1.1085065354330708
21
-0.1980734645669291
0
LINE
8
BLACK
6
CONTINUOUS
10
1.1085065354330708
20
-0.1980734645669291
11
1.1065906692913385
21
-0.1993536220472441
0
LINE
8
BLACK
6
CONTINUOUS
10
1.1065906692913385
20
-0.1993536220472441
11
1.1043307086614174
21
-0.1998031496062992
0
LINE
8
BLACK
6
CONTINUOUS
10
1.1043307086614174
20
-0.1998031496062992
11
1.0925196850393701
21
-0.1998031496062992
0
LINE
8
BLACK
6
CONTINUOUS
10
1.0925196850393701
20
-0.1998031496062992
11
1.0902597244094487
21
-0.1993536220472441
0
LINE
8
BLACK
6
CONTINUOUS
10
1.0902597244094487
20
-0.1993536220472441
11
1.0883438582677165
21
-0.1980734645669291
0
LINE
8
BLACK
6
CONTINUOUS
10
1.0883438582677165
20
-0.1980734645669291
11
1.0870637007874016
21
-0.1961575984251968
0
LINE
8
BLACK
6
CONTINUOUS
10
1.0870637007874016
20
-0.1961575984251968
11
1.0866141732283465
21
-0.1938976377952756
0
LINE
8
BLACK
6
CONTINUOUS
10
1.0866141732283465
20
-0.1938976377952756
11
1.0866141732283465
21
-0.1476377952755905
0
LINE
8
BLACK
6
CONTINUOUS
10
1.0866141732283465
20
-0.1476377952755905
11
1.0870637007874016
21
-0.1453778346456693
0
LINE
8
BLACK
6
CONTINUOUS
10
1.0870637007874016
20
-0.1453778346456693
11
1.0883438582677165
21
-0.143461968503937
0
LINE
8
BLACK
6
CONTINUOUS
10
1.0883438582677165
20
-0.143461968503937
11
1.0902597244094487
21
-0.142181811023622
0
LINE
8
BLACK
6
CONTINUOUS
10
1.0902597244094487
20
-0.142181811023622
11
1.0925196850393701
21
-0.1417322834645669
0
LINE
8
BLACK
6
CONTINUOUS
10
1.0925196850393701
20
-0.1417322834645669
11
1.1043307086614174
21
-0.1417322834645669
0
LINE
8
BLACK
6
CONTINUOUS
10
1.1043307086614174
20
-0.1417322834645669
11
1.1065906692913385
21
-0.142181811023622
0
LINE
8
BLACK
6
CONTINUOUS
10
0.3665788976377953
20
-0.151264842519685
11
0.369452716535433
21
-0.1531850787401575
0
LINE
8
BLACK
6
CONTINUOUS
10
0.369452716535433
20
-0.1531850787401575
11
0.3713729527559055
21
-0.1560588976377953
0
LINE
8
BLACK
6
CONTINUOUS
10
0.3713729527559055
20
-0.1560588976377953
11
0.3720472440944882
21
-0.1594488188976378
0
LINE
8
BLACK
6
CONTINUOUS
10
0.3720472440944882
20
-0.1594488188976378
11
0.3720472440944882
21
-0.1791338582677165
0
LINE
8
BLACK
6
CONTINUOUS
10
0.3720472440944882
20
-0.1791338582677165
11
0.3713729527559055
21
-0.182523779527559
0
LINE
8
BLACK
6
CONTINUOUS
10
0.3713729527559055
20
-0.182523779527559
11
0.369452716535433
21
-0.1853975984251968
0
LINE
8
BLACK
6
CONTINUOUS
10
0.369452716535433
20
-0.1853975984251968
11
0.3665788976377953
21
-0.1873178346456693
0
LINE
8
BLACK
6
CONTINUOUS
10
0.3665788976377953
20
-0.1873178346456693
11
0.3631889763779527
21
-0.187992125984252
0
LINE
8
BLACK
6
CONTINUOUS
10
0.3631889763779527
20
-0.187992125984252
11
0.3454724409448819
21
-0.187992125984252
0
LINE
8
BLACK
6
CONTINUOUS
10
0.3454724409448819
20
-0.187992125984252
11
0.3420825196850394
21
-0.1873178346456693
0
LINE
8
BLACK
6
CONTINUOUS
10
0.3420825196850394
20
-0.1873178346456693
11
0.3392087007874016
21
-0.1853975984251968
0
LINE
8
BLACK
6
CONTINUOUS
10
0.3392087007874016
20
-0.1853975984251968
11
0.3372884645669291
21
-0.182523779527559
0
LINE
8
BLACK
6
CONTINUOUS
10
0.3372884645669291
20
-0.182523779527559
11
0.3366141732283465
21
-0.1791338582677165
0
LINE
8
BLACK
6
CONTINUOUS
10
0.3366141732283465
20
-0.1791338582677165
11
0.3366141732283465
21
-0.1594488188976378
0
LINE
8
BLACK
6
CONTINUOUS
10
0.3366141732283465
20
-0.1594488188976378
11
0.3372884645669291
21
-0.1560588976377953
0
LINE
8
BLACK
6
CONTINUOUS
10
0.3372884645669291
20
-0.1560588976377953
11
0.3392087007874016
21
-0.1531850787401575
0
LINE
8
BLACK
6
CONTINUOUS
10
0.3392087007874016
20
-0.1531850787401575
11
0.3420825196850394
21
-0.151264842519685
0
LINE
8
BLACK
6
CONTINUOUS
10
0.3420825196850394
20
-0.151264842519685
11
0.3454724409448819
21
-0.1505905511811024
0
LINE
8
BLACK
6
CONTINUOUS
10
0.3454724409448819
20
-0.1505905511811024
11
0.3631889763779527
21
-0.1505905511811024
0
LINE
8
BLACK
6
CONTINUOUS
10
0.3631889763779527
20
-0.1505905511811024
11
0.3665788976377953
21
-0.151264842519685
0
LINE
8
BLACK
6
CONTINUOUS
10
0.4276025196850394
20
-0.151264842519685
11
0.4304763385826771
21
-0.1531850787401575
0
LINE
8
BLACK
6
CONTINUOUS
10
0.4304763385826771
20
-0.1531850787401575
11
0.4323965748031496
21
-0.1560588976377953
0
LINE
8
BLACK
6
CONTINUOUS
10
0.4323965748031496
20
-0.1560588976377953
11
0.4330708661417323
21
-0.1594488188976378
0
LINE
8
BLACK
6
CONTINUOUS
10
0.4330708661417323
20
-0.1594488188976378
11
0.4330708661417323
21
-0.1791338582677165
0
LINE
8
BLACK
6
CONTINUOUS
10
0.4330708661417323
20
-0.1791338582677165
11
0.4323965748031496
21
-0.182523779527559
0
LINE
8
BLACK
6
CONTINUOUS
10
0.4323965748031496
20
-0.182523779527559
11
0.4304763385826771
21
-0.1853975984251968
0
LINE
8
BLACK
6
CONTINUOUS
10
0.4304763385826771
20
-0.1853975984251968
11
0.4276025196850394
21
-0.1873178346456693
0
LINE
8
BLACK
6
CONTINUOUS
10
0.4276025196850394
20
-0.1873178346456693
11
0.4242125984251968
21
-0.187992125984252
0
LINE
8
BLACK
6
CONTINUOUS
10
0.4242125984251968
20
-0.187992125984252
11
0.406496062992126
21
-0.187992125984252
0
LINE
8
BLACK
6
CONTINUOUS
10
0.406496062992126
20
-0.187992125984252
11
0.4031061417322834
21
-0.1873178346456693
0
LINE
8
BLACK
6
CONTINUOUS
10
0.4031061417322834
20
-0.1873178346456693
11
0.4002323228346457
21
-0.1853975984251968
0
LINE
8
BLACK
6
CONTINUOUS
10
0.4002323228346457
20
-0.1853975984251968
11
0.3983120866141732
21
-0.182523779527559
0
LINE
8
BLACK
6
CONTINUOUS
10
0.3983120866141732
20
-0.182523779527559
11
0.3976377952755906
21
-0.1791338582677165
0
LINE
8
BLACK
6
CONTINUOUS
10
0.3976377952755906
20
-0.1791338582677165
11
0.3976377952755906
21
-0.1594488188976378
0
LINE
8
BLACK
6
CONTINUOUS
10
0.3976377952755906
20
-0.1594488188976378
11
0.3983120866141732
21
-0.1560588976377953
0
LINE
8
BLACK
6
CONTINUOUS
10
0.3983120866141732
20
-0.1560588976377953
11
0.4002323228346457
21
-0.1531850787401575
0
LINE
8
BLACK
6
CONTINUOUS
10
0.4002323228346457
20
-0.1531850787401575
11
0.4031061417322834
21
-0.151264842519685
0
LINE
8
BLACK
6
CONTINUOUS
10
0.4031061417322834
20
-0.151264842519685
11
0.406496062992126
21
-0.1505905511811024
0
LINE
8
BLACK
6
CONTINUOUS
10
0.406496062992126
20
-0.1505905511811024
11
0.4242125984251968
21
-0.1505905511811024
0
LINE
8
BLACK
6
CONTINUOUS
10
0.4242125984251968
20
-0.1505905511811024
11
0.4276025196850394
21
-0.151264842519685
0
LINE
8
BLACK
6
CONTINUOUS
10
0.809868937007874
20
-0.1424814960629921
11
0.8130620866141732
21
-0.1446150787401575
0
LINE
8
BLACK
6
CONTINUOUS
10
0.8130620866141732
20
-0.1446150787401575
11
0.8151956692913386
21
-0.1478082283464567
0
LINE
8
BLACK
6
CONTINUOUS
10
0.8151956692913386
20
-0.1478082283464567
11
0.8159448818897638
21
-0.1515748031496063
0
LINE
8
BLACK
6
CONTINUOUS
10
0.8159448818897638
20
-0.1515748031496063
11
0.8159448818897638
21
-0.171259842519685
0
LINE
8
BLACK
6
CONTINUOUS
10
0.8159448818897638
20
-0.171259842519685
11
0.8151956692913386
21
-0.1750264173228346
0
LINE
8
BLACK
6
CONTINUOUS
10
0.8151956692913386
20
-0.1750264173228346
11
0.8130620866141732
21
-0.1782195669291338
0
LINE
8
BLACK
6
CONTINUOUS
10
0.8130620866141732
20
-0.1782195669291338
11
0.809868937007874
21
-0.1803531496062992
0
LINE
8
BLACK
6
CONTINUOUS
10
0.809868937007874
20
-0.1803531496062992
11
0.8061023622047244
21
-0.1811023622047244
0
LINE
8
BLACK
6
CONTINUOUS
10
0.8061023622047244
20
-0.1811023622047244
11
0.7687007874015748
21
-0.1811023622047244
0
LINE
8
BLACK
6
CONTINUOUS
10
0.7687007874015748
20
-0.1811023622047244
11
0.7649342125984252
21
-0.1803531496062992
0
LINE
8
BLACK
6
CONTINUOUS
10
0.7649342125984252
20
-0.1803531496062992
11
0.761741062992126
21
-0.1782195669291338
0
LINE
8
BLACK
6
CONTINUOUS
10
0.761741062992126
20
-0.1782195669291338
11
0.7596074803149606
21
-0.1750264173228346
0
LINE
8
BLACK
6
CONTINUOUS
10
0.7596074803149606
20
-0.1750264173228346
11
0.7588582677165354
21
-0.171259842519685
0
LINE
8
BLACK
6
CONTINUOUS
10
0.7588582677165354
20
-0.171259842519685
11
0.7588582677165354
21
-0.1515748031496063
0
LINE
8
BLACK
6
CONTINUOUS
10
0.7588582677165354
20
-0.1515748031496063
11
0.7596074803149606
21
-0.1478082283464567
0
LINE
8
BLACK
6
CONTINUOUS
10
0.7596074803149606
20
-0.1478082283464567
11
0.761741062992126
21
-0.1446150787401575
0
LINE
8
BLACK
6
CONTINUOUS
10
0.761741062992126
20
-0.1446150787401575
11
0.7649342125984252
21
-0.1424814960629921
0
LINE
8
BLACK
6
CONTINUOUS
10
0.7649342125984252
20
-0.1424814960629921
11
0.7687007874015748
21
-0.1417322834645669
0
LINE
8
BLACK
6
CONTINUOUS
10
0.7687007874015748
20
-0.1417322834645669
11
0.8061023622047244
21
-0.1417322834645669
0
LINE
8
BLACK
6
CONTINUOUS
10
0.8061023622047244
20
-0.1417322834645669
11
0.809868937007874
21
-0.1424814960629921
0
LINE
8
BLACK
6
CONTINUOUS
10
0.8754371653543307
20
-0.1443750787401575
11
0.8783109842519685
21
-0.1462953149606299
0
LINE
8
BLACK
6
CONTINUOUS
10
0.8783109842519685
20
-0.1462953149606299
11
0.880231220472441
21
-0.1491691338582677
0
LINE
8
BLACK
6
CONTINUOUS
10
0.880231220472441
20
-0.1491691338582677
11
0.8809055118110236
21
-0.1525590551181102
0
LINE
8
BLACK
6
CONTINUOUS
10
0.8809055118110236
20
-0.1525590551181102
11
0.8809055118110236
21
-0.1702755905511811
0
LINE
8
BLACK
6
CONTINUOUS
10
0.8809055118110236
20
-0.1702755905511811
11
0.880231220472441
21
-0.1736655118110236
0
LINE
8
BLACK
6
CONTINUOUS
10
0.880231220472441
20
-0.1736655118110236
11
0.8783109842519685
21
-0.1765393307086614
0
LINE
8
BLACK
6
CONTINUOUS
10
0.8783109842519685
20
-0.1765393307086614
11
0.8754371653543307
21
-0.1784595669291339
0
LINE
8
BLACK
6
CONTINUOUS
10
0.8754371653543307
20
-0.1784595669291339
11
0.8720472440944882
21
-0.1791338582677165
0
LINE
8
BLACK
6
CONTINUOUS
10
0.8720472440944882
20
-0.1791338582677165
11
0.8523622047244094
21
-0.1791338582677165
0
LINE
8
BLACK
6
CONTINUOUS
10
0.8523622047244094
20
-0.1791338582677165
11
0.8489722834645669
21
-0.1784595669291339
0
LINE
8
BLACK
6
CONTINUOUS
10
0.8489722834645669
20
-0.1784595669291339
11
0.8460984645669292
21
-0.1765393307086614
0
LINE
8
BLACK
6
CONTINUOUS
10
0.8460984645669292
20
-0.1765393307086614
11
0.8441782283464567
21
-0.1736655118110236
0
LINE
8
BLACK
6
CONTINUOUS
10
0.8441782283464567
20
-0.1736655118110236
11
0.843503937007874
21
-0.1702755905511811
0
LINE
8
BLACK
6
CONTINUOUS
10
0.843503937007874
20
-0.1702755905511811
11
0.843503937007874
21
-0.1525590551181102
0
LINE
8
BLACK
6
CONTINUOUS
10
0.843503937007874
20
-0.1525590551181102
11
0.8441782283464567
21
-0.1491691338582677
0
LINE
8
BLACK
6
CONTINUOUS
10
0.8441782283464567
20
-0.1491691338582677
11
0.8460984645669292
21
-0.1462953149606299
0
LINE
8
BLACK
6
CONTINUOUS
10
0.8460984645669292
20
-0.1462953149606299
11
0.8489722834645669
21
-0.1443750787401575
0
LINE
8
BLACK
6
CONTINUOUS
10
0.8489722834645669
20
-0.1443750787401575
11
0.8523622047244094
21
-0.1437007874015748
0
LINE
8
BLACK
6
CONTINUOUS
10
0.8523622047244094
20
-0.1437007874015748
11
0.8720472440944882
21
-0.1437007874015748
0
LINE
8
BLACK
6
CONTINUOUS
10
0.8720472440944882
20
-0.1437007874015748
11
0.8754371653543307
21
-0.1443750787401575
0
LINE
8
BLACK
6
CONTINUOUS
10
1.0014214173228346
20
-0.1384695669291338
11
1.0042952362204725
21
-0.1403898031496063
0
LINE
8
BLACK
6
CONTINUOUS
10
1.0042952362204725
20
-0.1403898031496063
11
1.0062154724409449
21
-0.1432636220472441
0
LINE
8
BLACK
6
CONTINUOUS
10
1.0062154724409449
20
-0.1432636220472441
11
1.0068897637795275
21
-0.1466535433070866
0
LINE
8
BLACK
6
CONTINUOUS
10
1.0068897637795275
20
-0.1466535433070866
11
1.0068897637795275
21
-0.1643700787401575
0
LINE
8
BLACK
6
CONTINUOUS
10
1.0068897637795275
20
-0.1643700787401575
11
1.0062154724409449
21
-0.16776
0
LINE
8
BLACK
6
CONTINUOUS
10
1.0062154724409449
20
-0.16776
11
1.0042952362204725
21
-0.1706338188976378
0
LINE
8
BLACK
6
CONTINUOUS
10
1.0042952362204725
20
-0.1706338188976378
11
1.0014214173228346
21
-0.1725540551181102
0
LINE
8
BLACK
6
CONTINUOUS
10
1.0014214173228346
20
-0.1725540551181102
11
0.9980314960629921
21
-0.1732283464566929
0
LINE
8
BLACK
6
CONTINUOUS
10
0.9980314960629921
20
-0.1732283464566929
11
0.9783464566929133
21
-0.1732283464566929
0
LINE
8
BLACK
6
CONTINUOUS
10
0.9783464566929133
20
-0.1732283464566929
11
0.9749565354330708
21
-0.1725540551181102
0
LINE
8
BLACK
6
CONTINUOUS
10
0.9749565354330708
20
-0.1725540551181102
11
0.9720827165354331
21
-0.1706338188976378
0
LINE
8
BLACK
6
CONTINUOUS
10
0.9720827165354331
20
-0.1706338188976378
11
0.9701624803149607
21
-0.16776
0
LINE
8
BLACK
6
CONTINUOUS
10
0.9701624803149607
20
-0.16776
11
0.9694881889763779
21
-0.1643700787401575
0
LINE
8
BLACK
6
CONTINUOUS
10
0.9694881889763779
20
-0.1643700787401575
11
0.9694881889763779
21
-0.1466535433070866
0
LINE
8
BLACK
6
CONTINUOUS
10
0.9694881889763779
20
-0.1466535433070866
11
0.9701624803149607
21
-0.1432636220472441
0
LINE
8
BLACK
6
CONTINUOUS
10
0.9701624803149607
20
-0.1432636220472441
11
0.9720827165354331
21
-0.1403898031496063
0
LINE
8
BLACK
6
CONTINUOUS
10
0.9720827165354331
20
-0.1403898031496063
11
0.9749565354330708
21
-0.1384695669291338
0
LINE
8
BLACK
6
CONTINUOUS
10
0.9749565354330708
20
-0.1384695669291338
11
0.9783464566929133
21
-0.1377952755905512
0
LINE
8
BLACK
6
CONTINUOUS
10
0.9783464566929133
20
-0.1377952755905512
11
0.9980314960629921
21
-0.1377952755905512
0
LINE
8
BLACK
6
CONTINUOUS
10
0.9980314960629921
20
-0.1377952755905512
11
1.0014214173228346
21
-0.1384695669291338
0
LINE
8
BLACK
6
CONTINUOUS
10
-1.3139414566929133
20
-0.1499821653543307
11
-1.3120255905511811
21
-0.1512623228346457
0
LINE
8
BLACK
6
CONTINUOUS
10
-1.3120255905511811
20
-0.1512623228346457
11
-1.3107454330708661
21
-0.1531781889763779
0
LINE
8
BLACK
6
CONTINUOUS
10
-1.3107454330708661
20
-0.1531781889763779
11
-1.3102959055118111
21
-0.1554381496062992
0
LINE
8
BLACK
6
CONTINUOUS
10
-1.3102959055118111
20
-0.1554381496062992
11
-1.3102959055118111
21
-0.1672491732283465
0
LINE
8
BLACK
6
CONTINUOUS
10
-1.3102959055118111
20
-0.1672491732283465
11
-1.3107454330708661
21
-0.1695091338582677
0
LINE
8
BLACK
6
CONTINUOUS
10
-1.3107454330708661
20
-0.1695091338582677
11
-1.3120255905511811
21
-0.171425
0
LINE
8
BLACK
6
CONTINUOUS
10
-1.3120255905511811
20
-0.171425
11
-1.3139414566929133
21
-0.172705157480315
0
LINE
8
BLACK
6
CONTINUOUS
10
-1.3139414566929133
20
-0.172705157480315
11
-1.3162014173228347
21
-0.1731546850393701
0
LINE
8
BLACK
6
CONTINUOUS
10
-1.3162014173228347
20
-0.1731546850393701
11
-1.3713195275590551
21
-0.1731546850393701
0
LINE
8
BLACK
6
CONTINUOUS
10
-1.3713195275590551
20
-0.1731546850393701
11
-1.3735794881889762
21
-0.172705157480315
0
LINE
8
BLACK
6
CONTINUOUS
10
-1.3735794881889762
20
-0.172705157480315
11
-1.3754953543307087
21
-0.171425
0
LINE
8
BLACK
6
CONTINUOUS
10
-1.3754953543307087
20
-0.171425
11
-1.3767755118110236
21
-0.1695091338582677
0
LINE
8
BLACK
6
CONTINUOUS
10
-1.3767755118110236
20
-0.1695091338582677
11
-1.3772250393700787
21
-0.1672491732283465
0
LINE
8
BLACK
6
CONTINUOUS
10
-1.3772250393700787
20
-0.1672491732283465
11
-1.3772250393700787
21
-0.1554381496062992
0
LINE
8
BLACK
6
CONTINUOUS
10
-1.3772250393700787
20
-0.1554381496062992
11
-1.3767755118110236
21
-0.1531781889763779
0
LINE
8
BLACK
6
CONTINUOUS
10
-1.3767755118110236
20
-0.1531781889763779
11
-1.3754953543307087
21
-0.1512623228346457
0
LINE
8
BLACK
6
CONTINUOUS
10
-1.3754953543307087
20
-0.1512623228346457
11
-1.3735794881889762
21
-0.1499821653543307
0
LINE
8
BLACK
6
CONTINUOUS
10
-1.3735794881889762
20
-0.1499821653543307
11
-1.3713195275590551
21
-0.1495326377952756
0
LINE
8
BLACK
6
CONTINUOUS
10
-1.3713195275590551
20
-0.1495326377952756
11
-1.3162014173228347
21
-0.1495326377952756
0
LINE
8
BLACK
6
CONTINUOUS
10
-1.3162014173228347
20
-0.1495326377952756
11
-1.3139414566929133
21
-0.1499821653543307
0
LINE
8
BLACK
6
CONTINUOUS
10
-1.2184434251968503
20
-0.127567874015748
11
-1.215888937007874
21
-0.1292747637795276
0
LINE
8
BLACK
6
CONTINUOUS
10
-1.215888937007874
20
-0.1292747637795276
11
-1.2141820472440945
21
-0.1318292519685039
0
LINE
8
BLACK
6
CONTINUOUS
10
-1.2141820472440945
20
-0.1318292519685039
11
-1.2135826771653544
21
-0.1348425196850394
0
LINE
8
BLACK
6
CONTINUOUS
10
-1.2135826771653544
20
-0.1348425196850394
11
-1.2135826771653544
21
-0.1505905511811024
0
LINE
8
BLACK
6
CONTINUOUS
10
-1.2135826771653544
20
-0.1505905511811024
11
-1.2141820472440945
21
-0.1536038188976378
0
LINE
8
BLACK
6
CONTINUOUS
10
-1.2141820472440945
20
-0.1536038188976378
11
-1.215888937007874
21
-0.1561583070866142
0
LINE
8
BLACK
6
CONTINUOUS
10
-1.215888937007874
20
-0.1561583070866142
11
-1.2184434251968503
21
-0.1578651968503937
0
LINE
8
BLACK
6
CONTINUOUS
10
-1.2184434251968503
20
-0.1578651968503937
11
-1.2214566929133859
21
-0.1584645669291339
0
LINE
8
BLACK
6
CONTINUOUS
10
-1.2214566929133859
20
-0.1584645669291339
11
-1.2431102362204725
21
-0.1584645669291339
0
LINE
8
BLACK
6
CONTINUOUS
10
-1.2431102362204725
20
-0.1584645669291339
11
-1.2461235039370078
21
-0.1578651968503937
0
LINE
8
BLACK
6
CONTINUOUS
10
-1.2461235039370078
20
-0.1578651968503937
11
-1.2486779921259843
21
-0.1561583070866142
0
LINE
8
BLACK
6
CONTINUOUS
10
-1.2486779921259843
20
-0.1561583070866142
11
-1.2503848818897638
21
-0.1536038188976378
0
LINE
8
BLACK
6
CONTINUOUS
10
-1.2503848818897638
20
-0.1536038188976378
11
-1.2509842519685039
21
-0.1505905511811024
0
LINE
8
BLACK
6
CONTINUOUS
10
-1.2509842519685039
20
-0.1505905511811024
11
-1.2509842519685039
21
-0.1348425196850394
0
LINE
8
BLACK
6
CONTINUOUS
10
-1.2509842519685039
20
-0.1348425196850394
11
-1.2503848818897638
21
-0.1318292519685039
0
LINE
8
BLACK
6
CONTINUOUS
10
-1.2503848818897638
20
-0.1318292519685039
11
-1.2486779921259843
21
-0.1292747637795276
0
LINE
8
BLACK
6
CONTINUOUS
10
-1.2486779921259843
20
-0.1292747637795276
11
-1.2461235039370078
21
-0.127567874015748
0
LINE
8
BLACK
6
CONTINUOUS
10
-1.2461235039370078
20
-0.127567874015748
11
-1.2431102362204725
21
-0.1269685039370079
0
LINE
8
BLACK
6
CONTINUOUS
10
-1.2431102362204725
20
-0.1269685039370079
11
-1.2214566929133859
21
-0.1269685039370079
0
LINE
8
BLACK
6
CONTINUOUS
10
-1.2214566929133859
20
-0.1269685039370079
11
-1.2184434251968503
21
-0.127567874015748
0
LINE
8
BLACK
6
CONTINUOUS
10
-1.1456087795275591
20
-0.127567874015748
11
-1.1430542913385826
21
-0.1292747637795276
0
LINE
8
BLACK
6
CONTINUOUS
10
-1.1430542913385826
20
-0.1292747637795276
11
-1.1413474015748031
21
-0.1318292519685039
0
LINE
8
BLACK
6
CONTINUOUS
10
-1.1413474015748031
20
-0.1318292519685039
11
-1.140748031496063
21
-0.1348425196850394
0
LINE
8
BLACK
6
CONTINUOUS
10
-1.140748031496063
20
-0.1348425196850394
11
-1.140748031496063
21
-0.1505905511811024
0
LINE
8
BLACK
6
CONTINUOUS
10
-1.140748031496063
20
-0.1505905511811024
11
-1.1413474015748031
21
-0.1536038188976378
0
LINE
8
BLACK
6
CONTINUOUS
10
-1.1413474015748031
20
-0.1536038188976378
11
-1.1430542913385826
21
-0.1561583070866142
0
LINE
8
BLACK
6
CONTINUOUS
10
-1.1430542913385826
20
-0.1561583070866142
11
-1.1456087795275591
21
-0.1578651968503937
0
LINE
8
BLACK
6
CONTINUOUS
10
-1.1456087795275591
20
-0.1578651968503937
11
-1.1486220472440944
21
-0.1584645669291339
0
LINE
8
BLACK
6
CONTINUOUS
10
-1.1486220472440944
20
-0.1584645669291339
11
-1.170275590551181
21
-0.1584645669291339
0
LINE
8
BLACK
6
CONTINUOUS
10
-1.170275590551181
20
-0.1584645669291339
11
-1.1732888582677166
21
-0.1578651968503937
0
LINE
8
BLACK
6
CONTINUOUS
10
-1.1732888582677166
20
-0.1578651968503937
11
-1.1758433464566929
21
-0.1561583070866142
0
LINE
8
BLACK
6
CONTINUOUS
10
-1.1758433464566929
20
-0.1561583070866142
11
-1.1775502362204724
21
-0.1536038188976378
0
LINE
8
BLACK
6
CONTINUOUS
10
-1.1775502362204724
20
-0.1536038188976378
11
-1.1781496062992125
21
-0.1505905511811024
0
LINE
8
BLACK
6
CONTINUOUS
10
-1.1781496062992125
20
-0.1505905511811024
11
-1.1781496062992125
21
-0.1348425196850394
0
LINE
8
BLACK
6
CONTINUOUS
10
-1.1781496062992125
20
-0.1348425196850394
11
-1.1775502362204724
21
-0.1318292519685039
0
LINE
8
BLACK
6
CONTINUOUS
10
-1.1775502362204724
20
-0.1318292519685039
11
-1.1758433464566929
21
-0.1292747637795276
0
LINE
8
BLACK
6
CONTINUOUS
10
-1.1758433464566929
20
-0.1292747637795276
11
-1.1732888582677166
21
-0.127567874015748
0
LINE
8
BLACK
6
CONTINUOUS
10
-1.1732888582677166
20
-0.127567874015748
11
-1.170275590551181
21
-0.1269685039370079
0
LINE
8
BLACK
6
CONTINUOUS
10
-1.170275590551181
20
-0.1269685039370079
11
-1.1486220472440944
21
-0.1269685039370079
0
LINE
8
BLACK
6
CONTINUOUS
10
-1.1486220472440944
20
-0.1269685039370079
11
-1.1456087795275591
21
-0.127567874015748
0
LINE
8
BLACK
6
CONTINUOUS
10
1.069189094488189
20
-0.0683629133858268
11
1.0711049606299212
21
-0.0696430708661417
0
LINE
8
BLACK
6
CONTINUOUS
10
1.0711049606299212
20
-0.0696430708661417
11
1.0723851181102362
21
-0.071558937007874
0
LINE
8
BLACK
6
CONTINUOUS
10
1.0723851181102362
20
-0.071558937007874
11
1.0728346456692912
21
-0.0738188976377953
0
LINE
8
BLACK
6
CONTINUOUS
10
1.0728346456692912
20
-0.0738188976377953
11
1.0728346456692912
21
-0.1200787401574803
0
LINE
8
BLACK
6
CONTINUOUS
10
1.0728346456692912
20
-0.1200787401574803
11
1.0723851181102362
21
-0.1223387007874016
0
LINE
8
BLACK
6
CONTINUOUS
10
1.0723851181102362
20
-0.1223387007874016
11
1.0711049606299212
21
-0.1242545669291339
0
LINE
8
BLACK
6
CONTINUOUS
10
1.0711049606299212
20
-0.1242545669291339
11
1.069189094488189
21
-0.1255347244094488
0
LINE
8
BLACK
6
CONTINUOUS
10
1.069189094488189
20
-0.1255347244094488
11
1.0669291338582676
21
-0.1259842519685039
0
LINE
8
BLACK
6
CONTINUOUS
10
1.0669291338582676
20
-0.1259842519685039
11
1.0551181102362204
21
-0.1259842519685039
0
LINE
8
BLACK
6
CONTINUOUS
10
1.0551181102362204
20
-0.1259842519685039
11
1.0528581496062992
21
-0.1255347244094488
0
LINE
8
BLACK
6
CONTINUOUS
10
1.0528581496062992
20
-0.1255347244094488
11
1.050942283464567
21
-0.1242545669291339
0
LINE
8
BLACK
6
CONTINUOUS
10
1.050942283464567
20
-0.1242545669291339
11
1.049662125984252
21
-0.1223387007874016
0
LINE
8
BLACK
6
CONTINUOUS
10
1.049662125984252
20
-0.1223387007874016
11
1.0492125984251968
21
-0.1200787401574803
0
LINE
8
BLACK
6
CONTINUOUS
10
1.0492125984251968
20
-0.1200787401574803
11
1.0492125984251968
21
-0.0738188976377953
0
LINE
8
BLACK
6
CONTINUOUS
10
1.0492125984251968
20
-0.0738188976377953
11
1.049662125984252
21
-0.071558937007874
0
LINE
8
BLACK
6
CONTINUOUS
10
1.049662125984252
20
-0.071558937007874
11
1.050942283464567
21
-0.0696430708661417
0
LINE
8
BLACK
6
CONTINUOUS
10
1.050942283464567
20
-0.0696430708661417
11
1.0528581496062992
21
-0.0683629133858268
0
LINE
8
BLACK
6
CONTINUOUS
10
1.0528581496062992
20
-0.0683629133858268
11
1.0551181102362204
21
-0.0679133858267717
0
LINE
8
BLACK
6
CONTINUOUS
10
1.0551181102362204
20
-0.0679133858267717
11
1.0669291338582676
21
-0.0679133858267717
0
LINE
8
BLACK
6
CONTINUOUS
10
1.0669291338582676
20
-0.0679133858267717
11
1.069189094488189
21
-0.0683629133858268
0
LINE
8
BLACK
6
CONTINUOUS
10
1.1439922440944881
20
-0.0683629133858268
11
1.1459081102362205
21
-0.0696430708661417
0
LINE
8
BLACK
6
CONTINUOUS
10
1.1459081102362205
20
-0.0696430708661417
11
1.1471882677165355
21
-0.071558937007874
0
LINE
8
BLACK
6
CONTINUOUS
10
1.1471882677165355
20
-0.071558937007874
11
1.1476377952755905
21
-0.0738188976377953
0
LINE
8
BLACK
6
CONTINUOUS
10
1.1476377952755905
20
-0.0738188976377953
11
1.1476377952755905
21
-0.1200787401574803
0
LINE
8
BLACK
6
CONTINUOUS
10
1.1476377952755905
20
-0.1200787401574803
11
1.1471882677165355
21
-0.1223387007874016
0
LINE
8
BLACK
6
CONTINUOUS
10
1.1471882677165355
20
-0.1223387007874016
11
1.1459081102362205
21
-0.1242545669291339
0
LINE
8
BLACK
6
CONTINUOUS
10
1.1459081102362205
20
-0.1242545669291339
11
1.1439922440944881
21
-0.1255347244094488
0
LINE
8
BLACK
6
CONTINUOUS
10
1.1439922440944881
20
-0.1255347244094488
11
1.1417322834645669
21
-0.1259842519685039
0
LINE
8
BLACK
6
CONTINUOUS
10
1.1417322834645669
20
-0.1259842519685039
11
1.1299212598425197
21
-0.1259842519685039
0
LINE
8
BLACK
6
CONTINUOUS
10
1.1299212598425197
20
-0.1259842519685039
11
1.1276612992125985
21
-0.1255347244094488
0
LINE
8
BLACK
6
CONTINUOUS
10
1.1276612992125985
20
-0.1255347244094488
11
1.1257454330708661
21
-0.1242545669291339
0
LINE
8
BLACK
6
CONTINUOUS
10
1.1257454330708661
20
-0.1242545669291339
11
1.1244652755905511
21
-0.1223387007874016
0
LINE
8
BLACK
6
CONTINUOUS
10
1.1244652755905511
20
-0.1223387007874016
11
1.1240157480314961
21
-0.1200787401574803
0
LINE
8
BLACK
6
CONTINUOUS
10
1.1240157480314961
20
-0.1200787401574803
11
1.1240157480314961
21
-0.0738188976377953
0
LINE
8
BLACK
6
CONTINUOUS
10
1.1240157480314961
20
-0.0738188976377953
11
1.1244652755905511
21
-0.071558937007874
0
LINE
8
BLACK
6
CONTINUOUS
10
1.1244652755905511
20
-0.071558937007874
11
1.1257454330708661
21
-0.0696430708661417
0
LINE
8
BLACK
6
CONTINUOUS
10
1.1257454330708661
20
-0.0696430708661417
11
1.1276612992125985
21
-0.0683629133858268
0
LINE
8
BLACK
6
CONTINUOUS
10
1.1276612992125985
20
-0.0683629133858268
11
1.1299212598425197
21
-0.0679133858267717
0
LINE
8
BLACK
6
CONTINUOUS
10
1.1299212598425197
20
-0.0679133858267717
11
1.1417322834645669
21
-0.0679133858267717
0
LINE
8
BLACK
6
CONTINUOUS
10
1.1417322834645669
20
-0.0679133858267717
11
1.1439922440944881
21
-0.0683629133858268
0
LINE
8
BLACK
6
CONTINUOUS
10
-0.7293307086614174
20
-0.1240157480314961
11
-0.7549212598425197
21
-0.1240157480314961
0
LINE
8
BLACK
6
CONTINUOUS
10
-0.7549212598425197
20
-0.1240157480314961
11
-0.7549212598425197
21
-0.1082677165354331
0
LINE
8
BLACK
6
CONTINUOUS
10
-0.7549212598425197
20
-0.1082677165354331
11
-0.7293307086614174
21
-0.1082677165354331
0
LINE
8
BLACK
6
CONTINUOUS
10
-0.7293307086614174
20
-0.1082677165354331
11
-0.7293307086614174
21
-0.1240157480314961
0
LINE
8
BLACK
6
CONTINUOUS
10
-0.6545275590551181
20
-0.1240157480314961
11
-0.6801181102362205
21
-0.1240157480314961
0
LINE
8
BLACK
6
CONTINUOUS
10
-0.6801181102362205
20
-0.1240157480314961
11
-0.6801181102362205
21
-0.1082677165354331
0
LINE
8
BLACK
6
CONTINUOUS
10
-0.6801181102362205
20
-0.1082677165354331
11
-0.6545275590551181
21
-0.1082677165354331
0
LINE
8
BLACK
6
CONTINUOUS
10
-0.6545275590551181
20
-0.1082677165354331
11
-0.6545275590551181
21
-0.1240157480314961
0
LINE
8
BLACK
6
CONTINUOUS
10
-1.3139414566929133
20
-0.1007695669291339
11
-1.3120255905511811
21
-0.1020497244094488
0
LINE
8
BLACK
6
CONTINUOUS
10
-1.3120255905511811
20
-0.1020497244094488
11
-1.3107454330708661
21
-0.1039655905511811
0
LINE
8
BLACK
6
CONTINUOUS
10
-1.3107454330708661
20
-0.1039655905511811
11
-1.3102959055118111
21
-0.1062255511811024
0
LINE
8
BLACK
6
CONTINUOUS
10
-1.3102959055118111
20
-0.1062255511811024
11
-1.3102959055118111
21
-0.1180365748031496
0
LINE
8
BLACK
6
CONTINUOUS
10
-1.3102959055118111
20
-0.1180365748031496
11
-1.3107454330708661
21
-0.1202965354330709
0
LINE
8
BLACK
6
CONTINUOUS
10
-1.3107454330708661
20
-0.1202965354330709
11
-1.3120255905511811
21
-0.1222124015748031
0
LINE
8
BLACK
6
CONTINUOUS
10
-1.3120255905511811
20
-0.1222124015748031
11
-1.3139414566929133
21
-0.1234925590551181
0
LINE
8
BLACK
6
CONTINUOUS
10
-1.3139414566929133
20
-0.1234925590551181
11
-1.3162014173228347
21
-0.1239420866141732
0
LINE
8
BLACK
6
CONTINUOUS
10
-1.3162014173228347
20
-0.1239420866141732
11
-1.3713195275590551
21
-0.1239420866141732
0
LINE
8
BLACK
6
CONTINUOUS
10
-1.3713195275590551
20
-0.1239420866141732
11
-1.3735794881889762
21
-0.1234925590551181
0
LINE
8
BLACK
6
CONTINUOUS
10
-1.3735794881889762
20
-0.1234925590551181
11
-1.3754953543307087
21
-0.1222124015748031
0
LINE
8
BLACK
6
CONTINUOUS
10
-1.3754953543307087
20
-0.1222124015748031
11
-1.3767755118110236
21
-0.1202965354330709
0
LINE
8
BLACK
6
CONTINUOUS
10
-1.3767755118110236
20
-0.1202965354330709
11
-1.3772250393700787
21
-0.1180365748031496
0
LINE
8
BLACK
6
CONTINUOUS
10
-1.3772250393700787
20
-0.1180365748031496
11
-1.3772250393700787
21
-0.1062255511811024
0
LINE
8
BLACK
6
CONTINUOUS
10
-1.3772250393700787
20
-0.1062255511811024
11
-1.3767755118110236
21
-0.1039655905511811
0
LINE
8
BLACK
6
CONTINUOUS
10
-1.3767755118110236
20
-0.1039655905511811
11
-1.3754953543307087
21
-0.1020497244094488
0
LINE
8
BLACK
6
CONTINUOUS
10
-1.3754953543307087
20
-0.1020497244094488
11
-1.3735794881889762
21
-0.1007695669291339
0
LINE
8
BLACK
6
CONTINUOUS
10
-1.3735794881889762
20
-0.1007695669291339
11
-1.3713195275590551
21
-0.1003200393700787
0
LINE
8
BLACK
6
CONTINUOUS
10
-1.3713195275590551
20
-0.1003200393700787
11
-1.3162014173228347
21
-0.1003200393700787
0
LINE
8
BLACK
6
CONTINUOUS
10
-1.3162014173228347
20
-0.1003200393700787
11
-1.3139414566929133
21
-0.1007695669291339
0
LINE
8
BLACK
6
CONTINUOUS
10
1.36446468503937
20
-0.0988747244094488
11
1.3663805511811022
21
-0.1001548818897638
0
LINE
8
BLACK
6
CONTINUOUS
10
1.3663805511811022
20
-0.1001548818897638
11
1.3676607086614172
21
-0.1020707480314961
0
LINE
8
BLACK
6
CONTINUOUS
10
1.3676607086614172
20
-0.1020707480314961
11
1.3681102362204725
21
-0.1043307086614173
0
LINE
8
BLACK
6
CONTINUOUS
10
1.3681102362204725
20
-0.1043307086614173
11
1.3681102362204725
21
-0.1161417322834646
0
LINE
8
BLACK
6
CONTINUOUS
10
1.3681102362204725
20
-0.1161417322834646
11
1.3676607086614172
21
-0.1184016929133858
0
LINE
8
BLACK
6
CONTINUOUS
10
1.3676607086614172
20
-0.1184016929133858
11
1.3663805511811022
21
-0.1203175590551181
0
LINE
8
BLACK
6
CONTINUOUS
10
1.3663805511811022
20
-0.1203175590551181
11
1.36446468503937
21
-0.1215977165354331
0
LINE
8
BLACK
6
CONTINUOUS
10
1.36446468503937
20
-0.1215977165354331
11
1.3622047244094488
21
-0.1220472440944882
0
LINE
8
BLACK
6
CONTINUOUS
10
1.3622047244094488
20
-0.1220472440944882
11
1.3464566929133859
21
-0.1220472440944882
0
LINE
8
BLACK
6
CONTINUOUS
10
1.3464566929133859
20
-0.1220472440944882
11
1.3441967322834645
21
-0.1215977165354331
0
LINE
8
BLACK
6
CONTINUOUS
10
1.3441967322834645
20
-0.1215977165354331
11
1.3422808661417323
21
-0.1203175590551181
0
LINE
8
BLACK
6
CONTINUOUS
10
1.3422808661417323
20
-0.1203175590551181
11
1.3410007086614173
21
-0.1184016929133858
0
LINE
8
BLACK
6
CONTINUOUS
10
1.3410007086614173
20
-0.1184016929133858
11
1.3405511811023623
21
-0.1161417322834646
0
LINE
8
BLACK
6
CONTINUOUS
10
1.3405511811023623
20
-0.1161417322834646
11
1.3405511811023623
21
-0.1043307086614173
0
LINE
8
BLACK
6
CONTINUOUS
10
1.3405511811023623
20
-0.1043307086614173
11
1.3410007086614173
21
-0.1020707480314961
0
LINE
8
BLACK
6
CONTINUOUS
10
1.3410007086614173
20
-0.1020707480314961
11
1.3422808661417323
21
-0.1001548818897638
0
LINE
8
BLACK
6
CONTINUOUS
10
1.3422808661417323
20
-0.1001548818897638
11
1.3441967322834645
21
-0.0988747244094488
0
LINE
8
BLACK
6
CONTINUOUS
10
1.3441967322834645
20
-0.0988747244094488
11
1.3464566929133859
21
-0.0984251968503937
0
LINE
8
BLACK
6
CONTINUOUS
10
1.3464566929133859
20
-0.0984251968503937
11
1.3622047244094488
21
-0.0984251968503937
0
LINE
8
BLACK
6
CONTINUOUS
10
1.3622047244094488
20
-0.0984251968503937
11
1.36446468503937
21
-0.0988747244094488
0
LINE
8
BLACK
6
CONTINUOUS
10
0.6783698818897638
20
-0.0131367716535433
11
0.6815629921259843
21
-0.0152703543307087
0
LINE
8
BLACK
6
CONTINUOUS
10
0.6815629921259843
20
-0.0152703543307087
11
0.7024421653543307
21
-0.0361495275590551
0
LINE
8
BLACK
6
CONTINUOUS
10
0.7024421653543307
20
-0.0361495275590551
11
0.704575748031496
21
-0.0393426377952756
0
LINE
8
BLACK
6
CONTINUOUS
10
0.704575748031496
20
-0.0393426377952756
11
0.7053249606299212
21
-0.0431092125984252
0
LINE
8
BLACK
6
CONTINUOUS
10
0.7053249606299212
20
-0.0431092125984252
11
0.704575748031496
21
-0.0468757874015748
0
LINE
8
BLACK
6
CONTINUOUS
10
0.704575748031496
20
-0.0468757874015748
11
0.7024421653543307
21
-0.050068937007874
0
LINE
8
BLACK
6
CONTINUOUS
10
0.7024421653543307
20
-0.050068937007874
11
0.6425886220472441
21
-0.1099224803149606
0
LINE
8
BLACK
6
CONTINUOUS
10
0.6425886220472441
20
-0.1099224803149606
11
0.6393954724409449
21
-0.112056062992126
0
LINE
8
BLACK
6
CONTINUOUS
10
0.6393954724409449
20
-0.112056062992126
11
0.6356288976377953
21
-0.1128052755905512
0
LINE
8
BLACK
6
CONTINUOUS
10
0.6356288976377953
20
-0.1128052755905512
11
0.6318623228346456
21
-0.112056062992126
0
LINE
8
BLACK
6
CONTINUOUS
10
0.6318623228346456
20
-0.112056062992126
11
0.6286692125984252
21
-0.1099224803149606
0
LINE
8
BLACK
6
CONTINUOUS
10
0.6286692125984252
20
-0.1099224803149606
11
0.6077900393700787
21
-0.0890433070866142
0
LINE
8
BLACK
6
CONTINUOUS
10
0.6077900393700787
20
-0.0890433070866142
11
0.6056564566929133
21
-0.0858501968503937
0
LINE
8
BLACK
6
CONTINUOUS
10
0.6056564566929133
20
-0.0858501968503937
11
0.6049072440944882
21
-0.0820836220472441
0
LINE
8
BLACK
6
CONTINUOUS
10
0.6049072440944882
20
-0.0820836220472441
11
0.6056564566929133
21
-0.0783170472440945
0
LINE
8
BLACK
6
CONTINUOUS
10
0.6056564566929133
20
-0.0783170472440945
11
0.6077900393700787
21
-0.0751238976377953
0
LINE
8
BLACK
6
CONTINUOUS
10
0.6077900393700787
20
-0.0751238976377953
11
0.6676435826771654
21
-0.0152703543307087
0
LINE
8
BLACK
6
CONTINUOUS
10
0.6676435826771654
20
-0.0152703543307087
11
0.6708367322834645
21
-0.0131367716535433
0
LINE
8
BLACK
6
CONTINUOUS
10
0.6708367322834645
20
-0.0131367716535433
11
0.6746033070866142
21
-0.0123875590551181
0
LINE
8
BLACK
6
CONTINUOUS
10
0.6746033070866142
20
-0.0123875590551181
11
0.6783698818897638
21
-0.0131367716535433
0
LINE
8
BLACK
6
CONTINUOUS
10
1.0014214173228346
20
-0.0774459448818898
11
1.0042952362204725
21
-0.0793661811023622
0
LINE
8
BLACK
6
CONTINUOUS
10
1.0042952362204725
20
-0.0793661811023622
11
1.0062154724409449
21
-0.08224
0
LINE
8
BLACK
6
CONTINUOUS
10
1.0062154724409449
20
-0.08224
11
1.0068897637795275
21
-0.0856299212598425
0
LINE
8
BLACK
6
CONTINUOUS
10
1.0068897637795275
20
-0.0856299212598425
11
1.0068897637795275
21
-0.1033464566929134
0
LINE
8
BLACK
6
CONTINUOUS
10
1.0068897637795275
20
-0.1033464566929134
11
1.0062154724409449
21
-0.1067363779527559
0
LINE
8
BLACK
6
CONTINUOUS
10
1.0062154724409449
20
-0.1067363779527559
11
1.0042952362204725
21
-0.1096101968503937
0
LINE
8
BLACK
6
CONTINUOUS
10
1.0042952362204725
20
-0.1096101968503937
11
1.0014214173228346
21
-0.1115304330708661
0
LINE
8
BLACK
6
CONTINUOUS
10
1.0014214173228346
20
-0.1115304330708661
11
0.9980314960629921
21
-0.1122047244094488
0
LINE
8
BLACK
6
CONTINUOUS
10
0.9980314960629921
20
-0.1122047244094488
11
0.9783464566929133
21
-0.1122047244094488
0
LINE
8
BLACK
6
CONTINUOUS
10
0.9783464566929133
20
-0.1122047244094488
11
0.9749565354330708
21
-0.1115304330708661
0
LINE
8
BLACK
6
CONTINUOUS
10
0.9749565354330708
20
-0.1115304330708661
11
0.9720827165354331
21
-0.1096101968503937
0
LINE
8
BLACK
6
CONTINUOUS
10
0.9720827165354331
20
-0.1096101968503937
11
0.9701624803149607
21
-0.1067363779527559
0
LINE
8
BLACK
6
CONTINUOUS
10
0.9701624803149607
20
-0.1067363779527559
11
0.9694881889763779
21
-0.1033464566929134
0
LINE
8
BLACK
6
CONTINUOUS
10
0.9694881889763779
20
-0.1033464566929134
11
0.9694881889763779
21
-0.0856299212598425
0
LINE
8
BLACK
6
CONTINUOUS
10
0.9694881889763779
20
-0.0856299212598425
11
0.9701624803149607
21
-0.08224
0
LINE
8
BLACK
6
CONTINUOUS
10
0.9701624803149607
20
-0.08224
11
0.9720827165354331
21
-0.0793661811023622
0
LINE
8
BLACK
6
CONTINUOUS
10
0.9720827165354331
20
-0.0793661811023622
11
0.9749565354330708
21
-0.0774459448818898
0
LINE
8
BLACK
6
CONTINUOUS
10
0.9749565354330708
20
-0.0774459448818898
11
0.9783464566929133
21
-0.0767716535433071
0
LINE
8
BLACK
6
CONTINUOUS
10
0.9783464566929133
20
-0.0767716535433071
11
0.9980314960629921
21
-0.0767716535433071
0
LINE
8
BLACK
6
CONTINUOUS
10
0.9980314960629921
20
-0.0767716535433071
11
1.0014214173228346
21
-0.0774459448818898
0
LINE
8
BLACK
6
CONTINUOUS
10
0.9069332283464566
20
-0.0676034251968504
11
0.9098070472440944
21
-0.0695236614173228
0
LINE
8
BLACK
6
CONTINUOUS
10
0.9098070472440944
20
-0.0695236614173228
11
0.9117272834645669
21
-0.0723974803149606
0
LINE
8
BLACK
6
CONTINUOUS
10
0.9117272834645669
20
-0.0723974803149606
11
0.9124015748031495
21
-0.0757874015748032
0
LINE
8
BLACK
6
CONTINUOUS
10
0.9124015748031495
20
-0.0757874015748032
11
0.9124015748031495
21
-0.093503937007874
0
LINE
8
BLACK
6
CONTINUOUS
10
0.9124015748031495
20
-0.093503937007874
11
0.9117272834645669
21
-0.0968938582677165
0
LINE
8
BLACK
6
CONTINUOUS
10
0.9117272834645669
20
-0.0968938582677165
11
0.9098070472440944
21
-0.0997676771653543
0
LINE
8
BLACK
6
CONTINUOUS
10
0.9098070472440944
20
-0.0997676771653543
11
0.9069332283464566
21
-0.1016879133858268
0
LINE
8
BLACK
6
CONTINUOUS
10
0.9069332283464566
20
-0.1016879133858268
11
0.9035433070866141
21
-0.1023622047244094
0
LINE
8
BLACK
6
CONTINUOUS
10
0.9035433070866141
20
-0.1023622047244094
11
0.8838582677165354
21
-0.1023622047244094
0
LINE
8
BLACK
6
CONTINUOUS
10
0.8838582677165354
20
-0.1023622047244094
11
0.8804683464566929
21
-0.1016879133858268
0
LINE
8
BLACK
6
CONTINUOUS
10
0.8804683464566929
20
-0.1016879133858268
11
0.8775945275590551
21
-0.0997676771653543
0
LINE
8
BLACK
6
CONTINUOUS
10
0.8775945275590551
20
-0.0997676771653543
11
0.8756742913385827
21
-0.0968938582677165
0
LINE
8
BLACK
6
CONTINUOUS
10
0.8756742913385827
20
-0.0968938582677165
11
0.875
21
-0.093503937007874
0
LINE
8
BLACK
6
CONTINUOUS
10
0.875
20
-0.093503937007874
11
0.875
21
-0.0757874015748032
0
LINE
8
BLACK
6
CONTINUOUS
10
0.875
20
-0.0757874015748032
11
0.8756742913385827
21
-0.0723974803149606
0
LINE
8
BLACK
6
CONTINUOUS
10
0.8756742913385827
20
-0.0723974803149606
11
0.8775945275590551
21
-0.0695236614173228
0
LINE
8
BLACK
6
CONTINUOUS
10
0.8775945275590551
20
-0.0695236614173228
11
0.8804683464566929
21
-0.0676034251968504
0
LINE
8
BLACK
6
CONTINUOUS
10
0.8804683464566929
20
-0.0676034251968504
11
0.8838582677165354
21
-0.0669291338582677
0
LINE
8
BLACK
6
CONTINUOUS
10
0.8838582677165354
20
-0.0669291338582677
11
0.9035433070866141
21
-0.0669291338582677
0
LINE
8
BLACK
6
CONTINUOUS
10
0.9035433070866141
20
-0.0669291338582677
11
0.9069332283464566
21
-0.0676034251968504
0
LINE
8
BLACK
6
CONTINUOUS
10
-0.7293307086614174
20
-0.0984251968503937
11
-0.7549212598425197
21
-0.0984251968503937
0
LINE
8
BLACK
6
CONTINUOUS
10
-0.7549212598425197
20
-0.0984251968503937
11
-0.7549212598425197
21
-0.0826771653543307
0
LINE
8
BLACK
6
CONTINUOUS
10
-0.7549212598425197
20
-0.0826771653543307
11
-0.7293307086614174
21
-0.0826771653543307
0
LINE
8
BLACK
6
CONTINUOUS
10
-0.7293307086614174
20
-0.0826771653543307
11
-0.7293307086614174
21
-0.0984251968503937
0
LINE
8
BLACK
6
CONTINUOUS
10
1.2412022440944881
20
-0.0409537007874016
11
1.2437567322834646
21
-0.0426605905511811
0
LINE
8
BLACK
6
CONTINUOUS
10
1.2437567322834646
20
-0.0426605905511811
11
1.2454636220472441
21
-0.0452150787401575
0
LINE
8
BLACK
6
CONTINUOUS
10
1.2454636220472441
20
-0.0452150787401575
11
1.2460629921259843
21
-0.0482283464566929
0
LINE
8
BLACK
6
CONTINUOUS
10
1.2460629921259843
20
-0.0482283464566929
11
1.2460629921259843
21
-0.0698818897637795
0
LINE
8
BLACK
6
CONTINUOUS
10
1.2460629921259843
20
-0.0698818897637795
11
1.2454636220472441
21
-0.072895157480315
0
LINE
8
BLACK
6
CONTINUOUS
10
1.2454636220472441
20
-0.072895157480315
11
1.2437567322834646
21
-0.0754496456692913
0
LINE
8
BLACK
6
CONTINUOUS
10
1.2437567322834646
20
-0.0754496456692913
11
1.2412022440944881
21
-0.0771565354330709
0
LINE
8
BLACK
6
CONTINUOUS
10
1.2412022440944881
20
-0.0771565354330709
11
1.2381889763779528
21
-0.077755905511811
0
LINE
8
BLACK
6
CONTINUOUS
10
1.2381889763779528
20
-0.077755905511811
11
1.2224409448818898
21
-0.077755905511811
0
LINE
8
BLACK
6
CONTINUOUS
10
1.2224409448818898
20
-0.077755905511811
11
1.2194276771653543
21
-0.0771565354330709
0
LINE
8
BLACK
6
CONTINUOUS
10
1.2194276771653543
20
-0.0771565354330709
11
1.216873188976378
21
-0.0754496456692913
0
LINE
8
BLACK
6
CONTINUOUS
10
1.216873188976378
20
-0.0754496456692913
11
1.2151662992125984
21
-0.072895157480315
0
LINE
8
BLACK
6
CONTINUOUS
10
1.2151662992125984
20
-0.072895157480315
11
1.2145669291338583
21
-0.0698818897637795
0
LINE
8
BLACK
6
CONTINUOUS
10
1.2145669291338583
20
-0.0698818897637795
11
1.2145669291338583
21
-0.0482283464566929
0
LINE
8
BLACK
6
CONTINUOUS
10
1.2145669291338583
20
-0.0482283464566929
11
1.2151662992125984
21
-0.0452150787401575
0
LINE
8
BLACK
6
CONTINUOUS
10
1.2151662992125984
20
-0.0452150787401575
11
1.216873188976378
21
-0.0426605905511811
0
LINE
8
BLACK
6
CONTINUOUS
10
1.216873188976378
20
-0.0426605905511811
11
1.2194276771653543
21
-0.0409537007874016
0
LINE
8
BLACK
6
CONTINUOUS
10
1.2194276771653543
20
-0.0409537007874016
11
1.2224409448818898
21
-0.0403543307086614
0
LINE
8
BLACK
6
CONTINUOUS
10
1.2224409448818898
20
-0.0403543307086614
11
1.2381889763779528
21
-0.0403543307086614
0
LINE
8
BLACK
6
CONTINUOUS
10
1.2381889763779528
20
-0.0403543307086614
11
1.2412022440944881
21
-0.0409537007874016
0
LINE
8
BLACK
6
CONTINUOUS
10
1.306162874015748
20
-0.0409537007874016
11
1.3087173622047243
21
-0.0426605905511811
0
LINE
8
BLACK
6
CONTINUOUS
10
1.3087173622047243
20
-0.0426605905511811
11
1.3104242519685039
21
-0.0452150787401575
0
LINE
8
BLACK
6
CONTINUOUS
10
1.3104242519685039
20
-0.0452150787401575
11
1.311023622047244
21
-0.0482283464566929
0
LINE
8
BLACK
6
CONTINUOUS
10
1.311023622047244
20
-0.0482283464566929
11
1.311023622047244
21
-0.0698818897637795
0
LINE
8
BLACK
6
CONTINUOUS
10
1.311023622047244
20
-0.0698818897637795
11
1.3104242519685039
21
-0.072895157480315
0
LINE
8
BLACK
6
CONTINUOUS
10
1.3104242519685039
20
-0.072895157480315
11
1.3087173622047243
21
-0.0754496456692913
0
LINE
8
BLACK
6
CONTINUOUS
10
1.3087173622047243
20
-0.0754496456692913
11
1.306162874015748
21
-0.0771565354330709
0
LINE
8
BLACK
6
CONTINUOUS
10
1.306162874015748
20
-0.0771565354330709
11
1.3031496062992125
21
-0.077755905511811
0
LINE
8
BLACK
6
CONTINUOUS
10
1.3031496062992125
20
-0.077755905511811
11
1.2874015748031495
21
-0.077755905511811
0
LINE
8
BLACK
6
CONTINUOUS
10
1.2874015748031495
20
-0.077755905511811
11
1.2843883070866142
21
-0.0771565354330709
0
LINE
8
BLACK
6
CONTINUOUS
10
1.2843883070866142
20
-0.0771565354330709
11
1.2818338188976377
21
-0.0754496456692913
0
LINE
8
BLACK
6
CONTINUOUS
10
1.2818338188976377
20
-0.0754496456692913
11
1.2801269291338582
21
-0.072895157480315
0
LINE
8
BLACK
6
CONTINUOUS
10
1.2801269291338582
20
-0.072895157480315
11
1.2795275590551181
21
-0.0698818897637795
0
LINE
8
BLACK
6
CONTINUOUS
10
1.2795275590551181
20
-0.0698818897637795
11
1.2795275590551181
21
-0.0482283464566929
0
LINE
8
BLACK
6
CONTINUOUS
10
1.2795275590551181
20
-0.0482283464566929
11
1.2801269291338582
21
-0.0452150787401575
0
LINE
8
BLACK
6
CONTINUOUS
10
1.2801269291338582
20
-0.0452150787401575
11
1.2818338188976377
21
-0.0426605905511811
0
LINE
8
BLACK
6
CONTINUOUS
10
1.2818338188976377
20
-0.0426605905511811
11
1.2843883070866142
21
-0.0409537007874016
0
LINE
8
BLACK
6
CONTINUOUS
10
1.2843883070866142
20
-0.0409537007874016
11
1.2874015748031495
21
-0.0403543307086614
0
LINE
8
BLACK
6
CONTINUOUS
10
1.2874015748031495
20
-0.0403543307086614
11
1.3031496062992125
21
-0.0403543307086614
0
LINE
8
BLACK
6
CONTINUOUS
10
1.3031496062992125
20
-0.0403543307086614
11
1.306162874015748
21
-0.0409537007874016
0
LINE
8
BLACK
6
CONTINUOUS
10
-1.3139414566929133
20
-0.051556968503937
11
-1.3120255905511811
21
-0.052837125984252
0
LINE
8
BLACK
6
CONTINUOUS
10
-1.3120255905511811
20
-0.052837125984252
11
-1.3107454330708661
21
-0.0547529921259843
0
LINE
8
BLACK
6
CONTINUOUS
10
-1.3107454330708661
20
-0.0547529921259843
11
-1.3102959055118111
21
-0.0570129527559055
0
LINE
8
BLACK
6
CONTINUOUS
10
-1.3102959055118111
20
-0.0570129527559055
11
-1.3102959055118111
21
-0.0688239763779527
0
LINE
8
BLACK
6
CONTINUOUS
10
-1.3102959055118111
20
-0.0688239763779527
11
-1.3107454330708661
21
-0.071083937007874
0
LINE
8
BLACK
6
CONTINUOUS
10
-1.3107454330708661
20
-0.071083937007874
11
-1.3120255905511811
21
-0.0729998031496063
0
LINE
8
BLACK
6
CONTINUOUS
10
-1.3120255905511811
20
-0.0729998031496063
11
-1.3139414566929133
21
-0.0742799606299213
0
LINE
8
BLACK
6
CONTINUOUS
10
-1.3139414566929133
20
-0.0742799606299213
11
-1.3162014173228347
21
-0.0747294881889764
0
LINE
8
BLACK
6
CONTINUOUS
10
-1.3162014173228347
20
-0.0747294881889764
11
-1.3713195275590551
21
-0.0747294881889764
0
LINE
8
BLACK
6
CONTINUOUS
10
-1.3713195275590551
20
-0.0747294881889764
11
-1.3735794881889762
21
-0.0742799606299213
0
LINE
8
BLACK
6
CONTINUOUS
10
-1.3735794881889762
20
-0.0742799606299213
11
-1.3754953543307087
21
-0.0729998031496063
0
LINE
8
BLACK
6
CONTINUOUS
10
-1.3754953543307087
20
-0.0729998031496063
11
-1.3767755118110236
21
-0.071083937007874
0
LINE
8
BLACK
6
CONTINUOUS
10
-1.3767755118110236
20
-0.071083937007874
11
-1.3772250393700787
21
-0.0688239763779527
0
LINE
8
BLACK
6
CONTINUOUS
10
-1.3772250393700787
20
-0.0688239763779527
11
-1.3772250393700787
21
-0.0570129527559055
0
LINE
8
BLACK
6
CONTINUOUS
10
-1.3772250393700787
20
-0.0570129527559055
11
-1.3767755118110236
21
-0.0547529921259843
0
LINE
8
BLACK
6
CONTINUOUS
10
-1.3767755118110236
20
-0.0547529921259843
11
-1.3754953543307087
21
-0.052837125984252
0
LINE
8
BLACK
6
CONTINUOUS
10
-1.3754953543307087
20
-0.052837125984252
11
-1.3735794881889762
21
-0.051556968503937
0
LINE
8
BLACK
6
CONTINUOUS
10
-1.3735794881889762
20
-0.051556968503937
11
-1.3713195275590551
21
-0.0511074409448819
0
LINE
8
BLACK
6
CONTINUOUS
10
-1.3713195275590551
20
-0.0511074409448819
11
-1.3162014173228347
21
-0.0511074409448819
0
LINE
8
BLACK
6
CONTINUOUS
10
-1.3162014173228347
20
-0.0511074409448819
11
-1.3139414566929133
21
-0.051556968503937
0
LINE
8
BLACK
6
CONTINUOUS
10
-0.7293307086614174
20
-0.0728346456692913
11
-0.7549212598425197
21
-0.0728346456692913
0
LINE
8
BLACK
6
CONTINUOUS
10
-0.7549212598425197
20
-0.0728346456692913
11
-0.7549212598425197
21
-0.0570866141732283
0
LINE
8
BLACK
6
CONTINUOUS
10
-0.7549212598425197
20
-0.0570866141732283
11
-0.7293307086614174
21
-0.0570866141732283
0
LINE
8
BLACK
6
CONTINUOUS
10
-0.7293307086614174
20
-0.0570866141732283
11
-0.7293307086614174
21
-0.0728346456692913
0
LINE
8
BLACK
6
CONTINUOUS
10
-0.6545275590551181
20
-0.0728346456692913
11
-0.6801181102362205
21
-0.0728346456692913
0
LINE
8
BLACK
6
CONTINUOUS
10
-0.6801181102362205
20
-0.0728346456692913
11
-0.6801181102362205
21
-0.0570866141732283
0
LINE
8
BLACK
6
CONTINUOUS
10
-0.6801181102362205
20
-0.0570866141732283
11
-0.6545275590551181
21
-0.0570866141732283
0
LINE
8
BLACK
6
CONTINUOUS
10
-0.6545275590551181
20
-0.0570866141732283
11
-0.6545275590551181
21
-0.0728346456692913
0
LINE
8
BLACK
6
CONTINUOUS
10
-1.2400969685039369
20
-0.0330796850393701
11
-1.2375424803149606
21
-0.0347865748031496
0
LINE
8
BLACK
6
CONTINUOUS
10
-1.2375424803149606
20
-0.0347865748031496
11
-1.2358355905511811
21
-0.037341062992126
0
LINE
8
BLACK
6
CONTINUOUS
10
-1.2358355905511811
20
-0.037341062992126
11
-1.235236220472441
21
-0.0403543307086614
0
LINE
8
BLACK
6
CONTINUOUS
10
-1.235236220472441
20
-0.0403543307086614
11
-1.235236220472441
21
-0.062007874015748
0
LINE
8
BLACK
6
CONTINUOUS
10
-1.235236220472441
20
-0.062007874015748
11
-1.2358355905511811
21
-0.0650211417322835
0
LINE
8
BLACK
6
CONTINUOUS
10
-1.2358355905511811
20
-0.0650211417322835
11
-1.2375424803149606
21
-0.0675756299212598
0
LINE
8
BLACK
6
CONTINUOUS
10
-1.2375424803149606
20
-0.0675756299212598
11
-1.2400969685039369
21
-0.0692825196850394
0
LINE
8
BLACK
6
CONTINUOUS
10
-1.2400969685039369
20
-0.0692825196850394
11
-1.2431102362204725
21
-0.0698818897637795
0
LINE
8
BLACK
6
CONTINUOUS
10
-1.2431102362204725
20
-0.0698818897637795
11
-1.2588582677165354
21
-0.0698818897637795
0
LINE
8
BLACK
6
CONTINUOUS
10
-1.2588582677165354
20
-0.0698818897637795
11
-1.2618715354330707
21
-0.0692825196850394
0
LINE
8
BLACK
6
CONTINUOUS
10
-1.2618715354330707
20
-0.0692825196850394
11
-1.2644260236220473
21
-0.0675756299212598
0
LINE
8
BLACK
6
CONTINUOUS
10
-1.2644260236220473
20
-0.0675756299212598
11
-1.2661329133858268
21
-0.0650211417322835
0
LINE
8
BLACK
6
CONTINUOUS
10
-1.2661329133858268
20
-0.0650211417322835
11
-1.2667322834645669
21
-0.062007874015748
0
LINE
8
BLACK
6
CONTINUOUS
10
-1.2667322834645669
20
-0.062007874015748
11
-1.2667322834645669
21
-0.0403543307086614
0
LINE
8
BLACK
6
CONTINUOUS
10
-1.2667322834645669
20
-0.0403543307086614
11
-1.2661329133858268
21
-0.037341062992126
0
LINE
8
BLACK
6
CONTINUOUS
10
-1.2661329133858268
20
-0.037341062992126
11
-1.2644260236220473
21
-0.0347865748031496
0
LINE
8
BLACK
6
CONTINUOUS
10
-1.2644260236220473
20
-0.0347865748031496
11
-1.2618715354330707
21
-0.0330796850393701
0
LINE
8
BLACK
6
CONTINUOUS
10
-1.2618715354330707
20
-0.0330796850393701
11
-1.2588582677165354
21
-0.0324803149606299
0
LINE
8
BLACK
6
CONTINUOUS
10
-1.2588582677165354
20
-0.0324803149606299
11
-1.2431102362204725
21
-0.0324803149606299
0
LINE
8
BLACK
6
CONTINUOUS
10
-1.2431102362204725
20
-0.0324803149606299
11
-1.2400969685039369
21
-0.0330796850393701
0
LINE
8
BLACK
6
CONTINUOUS
10
-1.1751363385826772
20
-0.0330796850393701
11
-1.1725818503937007
21
-0.0347865748031496
0
LINE
8
BLACK
6
CONTINUOUS
10
-1.1725818503937007
20
-0.0347865748031496
11
-1.1708749606299211
21
-0.037341062992126
0
LINE
8
BLACK
6
CONTINUOUS
10
-1.1708749606299211
20
-0.037341062992126
11
-1.170275590551181
21
-0.0403543307086614
0
LINE
8
BLACK
6
CONTINUOUS
10
-1.170275590551181
20
-0.0403543307086614
11
-1.170275590551181
21
-0.062007874015748
0
LINE
8
BLACK
6
CONTINUOUS
10
-1.170275590551181
20
-0.062007874015748
11
-1.1708749606299211
21
-0.0650211417322835
0
LINE
8
BLACK
6
CONTINUOUS
10
-1.1708749606299211
20
-0.0650211417322835
11
-1.1725818503937007
21
-0.0675756299212598
0
LINE
8
BLACK
6
CONTINUOUS
10
-1.1725818503937007
20
-0.0675756299212598
11
-1.1751363385826772
21
-0.0692825196850394
0
LINE
8
BLACK
6
CONTINUOUS
10
-1.1751363385826772
20
-0.0692825196850394
11
-1.1781496062992125
21
-0.0698818897637795
0
LINE
8
BLACK
6
CONTINUOUS
10
-1.1781496062992125
20
-0.0698818897637795
11
-1.1938976377952755
21
-0.0698818897637795
0
LINE
8
BLACK
6
CONTINUOUS
10
-1.1938976377952755
20
-0.0698818897637795
11
-1.196910905511811
21
-0.0692825196850394
0
LINE
8
BLACK
6
CONTINUOUS
10
-1.196910905511811
20
-0.0692825196850394
11
-1.1994653937007873
21
-0.0675756299212598
0
LINE
8
BLACK
6
CONTINUOUS
10
-1.1994653937007873
20
-0.0675756299212598
11
-1.2011722834645668
21
-0.0650211417322835
0
LINE
8
BLACK
6
CONTINUOUS
10
-1.2011722834645668
20
-0.0650211417322835
11
-1.201771653543307
21
-0.062007874015748
0
LINE
8
BLACK
6
CONTINUOUS
10
-1.201771653543307
20
-0.062007874015748
11
-1.201771653543307
21
-0.0403543307086614
0
LINE
8
BLACK
6
CONTINUOUS
10
-1.201771653543307
20
-0.0403543307086614
11
-1.2011722834645668
21
-0.037341062992126
0
LINE
8
BLACK
6
CONTINUOUS
10
-1.2011722834645668
20
-0.037341062992126
11
-1.1994653937007873
21
-0.0347865748031496
0
LINE
8
BLACK
6
CONTINUOUS
10
-1.1994653937007873
20
-0.0347865748031496
11
-1.196910905511811
21
-0.0330796850393701
0
LINE
8
BLACK
6
CONTINUOUS
10
-1.196910905511811
20
-0.0330796850393701
11
-1.1938976377952755
21
-0.0324803149606299
0
LINE
8
BLACK
6
CONTINUOUS
10
-1.1938976377952755
20
-0.0324803149606299
11
-1.1781496062992125
21
-0.0324803149606299
0
LINE
8
BLACK
6
CONTINUOUS
10
-1.1781496062992125
20
-0.0324803149606299
11
-1.1751363385826772
21
-0.0330796850393701
0
LINE
8
BLACK
6
CONTINUOUS
10
1.36446468503937
20
-0.0437566141732283
11
1.3663805511811022
21
-0.0450367716535433
0
LINE
8
BLACK
6
CONTINUOUS
10
1.3663805511811022
20
-0.0450367716535433
11
1.3676607086614172
21
-0.0469526377952756
0
LINE
8
BLACK
6
CONTINUOUS
10
1.3676607086614172
20
-0.0469526377952756
11
1.3681102362204725
21
-0.0492125984251968
0
LINE
8
BLACK
6
CONTINUOUS
10
1.3681102362204725
20
-0.0492125984251968
11
1.3681102362204725
21
-0.0610236220472441
0
LINE
8
BLACK
6
CONTINUOUS
10
1.3681102362204725
20
-0.0610236220472441
11
1.3676607086614172
21
-0.0632835826771654
0
LINE
8
BLACK
6
CONTINUOUS
10
1.3676607086614172
20
-0.0632835826771654
11
1.3663805511811022
21
-0.0651994488188976
0
LINE
8
BLACK
6
CONTINUOUS
10
1.3663805511811022
20
-0.0651994488188976
11
1.36446468503937
21
-0.0664796062992126
0
LINE
8
BLACK
6
CONTINUOUS
10
1.36446468503937
20
-0.0664796062992126
11
1.3622047244094488
21
-0.0669291338582677
0
LINE
8
BLACK
6
CONTINUOUS
10
1.3622047244094488
20
-0.0669291338582677
11
1.3464566929133859
21
-0.0669291338582677
0
LINE
8
BLACK
6
CONTINUOUS
10
1.3464566929133859
20
-0.0669291338582677
11
1.3441967322834645
21
-0.0664796062992126
0
LINE
8
BLACK
6
CONTINUOUS
10
1.3441967322834645
20
-0.0664796062992126
11
1.3422808661417323
21
-0.0651994488188976
0
LINE
8
BLACK
6
CONTINUOUS
10
1.3422808661417323
20
-0.0651994488188976
11
1.3410007086614173
21
-0.0632835826771654
0
LINE
8
BLACK
6
CONTINUOUS
10
1.3410007086614173
20
-0.0632835826771654
11
1.3405511811023623
21
-0.0610236220472441
0
LINE
8
BLACK
6
CONTINUOUS
10
1.3405511811023623
20
-0.0610236220472441
11
1.3405511811023623
21
-0.0492125984251968
0
LINE
8
BLACK
6
CONTINUOUS
10
1.3405511811023623
20
-0.0492125984251968
11
1.3410007086614173
21
-0.0469526377952756
0
LINE
8
BLACK
6
CONTINUOUS
10
1.3410007086614173
20
-0.0469526377952756
11
1.3422808661417323
21
-0.0450367716535433
0
LINE
8
BLACK
6
CONTINUOUS
10
1.3422808661417323
20
-0.0450367716535433
11
1.3441967322834645
21
-0.0437566141732283
0
LINE
8
BLACK
6
CONTINUOUS
10
1.3441967322834645
20
-0.0437566141732283
11
1.3464566929133859
21
-0.0433070866141732
0
LINE
8
BLACK
6
CONTINUOUS
10
1.3464566929133859
20
-0.0433070866141732
11
1.3622047244094488
21
-0.0433070866141732
0
LINE
8
BLACK
6
CONTINUOUS
10
1.3622047244094488
20
-0.0433070866141732
11
1.36446468503937
21
-0.0437566141732283
0
LINE
8
BLACK
6
CONTINUOUS
10
0.9069332283464566
20
-0.0065798031496063
11
0.9098070472440944
21
-0.0085000393700787
0
LINE
8
BLACK
6
CONTINUOUS
10
0.9098070472440944
20
-0.0085000393700787
11
0.9117272834645669
21
-0.0113738582677165
0
LINE
8
BLACK
6
CONTINUOUS
10
0.9117272834645669
20
-0.0113738582677165
11
0.9124015748031495
21
-0.0147637795275591
0
LINE
8
BLACK
6
CONTINUOUS
10
0.9124015748031495
20
-0.0147637795275591
11
0.9124015748031495
21
-0.0324803149606299
0
LINE
8
BLACK
6
CONTINUOUS
10
0.9124015748031495
20
-0.0324803149606299
11
0.9117272834645669
21
-0.0358702362204724
0
LINE
8
BLACK
6
CONTINUOUS
10
0.9117272834645669
20
-0.0358702362204724
11
0.9098070472440944
21
-0.0387440551181102
0
LINE
8
BLACK
6
CONTINUOUS
10
0.9098070472440944
20
-0.0387440551181102
11
0.9069332283464566
21
-0.0406642913385827
0
LINE
8
BLACK
6
CONTINUOUS
10
0.9069332283464566
20
-0.0406642913385827
11
0.9035433070866141
21
-0.0413385826771654
0
LINE
8
BLACK
6
CONTINUOUS
10
0.9035433070866141
20
-0.0413385826771654
11
0.8838582677165354
21
-0.0413385826771654
0
LINE
8
BLACK
6
CONTINUOUS
10
0.8838582677165354
20
-0.0413385826771654
11
0.8804683464566929
21
-0.0406642913385827
0
LINE
8
BLACK
6
CONTINUOUS
10
0.8804683464566929
20
-0.0406642913385827
11
0.8775945275590551
21
-0.0387440551181102
0
LINE
8
BLACK
6
CONTINUOUS
10
0.8775945275590551
20
-0.0387440551181102
11
0.8756742913385827
21
-0.0358702362204724
0
LINE
8
BLACK
6
CONTINUOUS
10
0.8756742913385827
20
-0.0358702362204724
11
0.875
21
-0.0324803149606299
0
LINE
8
BLACK
6
CONTINUOUS
10
0.875
20
-0.0324803149606299
11
0.875
21
-0.0147637795275591
0
LINE
8
BLACK
6
CONTINUOUS
10
0.875
20
-0.0147637795275591
11
0.8756742913385827
21
-0.0113738582677165
0
LINE
8
BLACK
6
CONTINUOUS
10
0.8756742913385827
20
-0.0113738582677165
11
0.8775945275590551
21
-0.0085000393700787
0
LINE
8
BLACK
6
CONTINUOUS
10
0.8775945275590551
20
-0.0085000393700787
11
0.8804683464566929
21
-0.0065798031496063
0
LINE
8
BLACK
6
CONTINUOUS
10
0.8804683464566929
20
-0.0065798031496063
11
0.8838582677165354
21
-0.0059055118110236
0
LINE
8
BLACK
6
CONTINUOUS
10
0.8838582677165354
20
-0.0059055118110236
11
0.9035433070866141
21
-0.0059055118110236
0
LINE
8
BLACK
6
CONTINUOUS
10
0.9035433070866141
20
-0.0059055118110236
11
0.9069332283464566
21
-0.0065798031496063
0
LINE
8
BLACK
6
CONTINUOUS
10
0.9665959448818897
20
-0.0084733858267717
11
0.9691504330708661
21
-0.0101802755905512
0
LINE
8
BLACK
6
CONTINUOUS
10
0.9691504330708661
20
-0.0101802755905512
11
0.9708573228346457
21
-0.0127347637795276
0
LINE
8
BLACK
6
CONTINUOUS
10
0.9708573228346457
20
-0.0127347637795276
11
0.9714566929133858
21
-0.015748031496063
0
LINE
8
BLACK
6
CONTINUOUS
10
0.9714566929133858
20
-0.015748031496063
11
0.9714566929133858
21
-0.031496062992126
0
LINE
8
BLACK
6
CONTINUOUS
10
0.9714566929133858
20
-0.031496062992126
11
0.9708573228346457
21
-0.0345093307086614
0
LINE
8
BLACK
6
CONTINUOUS
10
0.9708573228346457
20
-0.0345093307086614
11
0.9691504330708661
21
-0.0370638188976378
0
LINE
8
BLACK
6
CONTINUOUS
10
0.9691504330708661
20
-0.0370638188976378
11
0.9665959448818897
21
-0.0387707086614173
0
LINE
8
BLACK
6
CONTINUOUS
10
0.9665959448818897
20
-0.0387707086614173
11
0.9635826771653543
21
-0.0393700787401575
0
LINE
8
BLACK
6
CONTINUOUS
10
0.9635826771653543
20
-0.0393700787401575
11
0.9419291338582677
21
-0.0393700787401575
0
LINE
8
BLACK
6
CONTINUOUS
10
0.9419291338582677
20
-0.0393700787401575
11
0.9389158661417323
21
-0.0387707086614173
0
LINE
8
BLACK
6
CONTINUOUS
10
0.9389158661417323
20
-0.0387707086614173
11
0.9363613779527559
21
-0.0370638188976378
0
LINE
8
BLACK
6
CONTINUOUS
10
0.9363613779527559
20
-0.0370638188976378
11
0.9346544881889763
21
-0.0345093307086614
0
LINE
8
BLACK
6
CONTINUOUS
10
0.9346544881889763
20
-0.0345093307086614
11
0.9340551181102362
21
-0.031496062992126
0
LINE
8
BLACK
6
CONTINUOUS
10
0.9340551181102362
20
-0.031496062992126
11
0.9340551181102362
21
-0.015748031496063
0
LINE
8
BLACK
6
CONTINUOUS
10
0.9340551181102362
20
-0.015748031496063
11
0.9346544881889763
21
-0.0127347637795276
0
LINE
8
BLACK
6
CONTINUOUS
10
0.9346544881889763
20
-0.0127347637795276
11
0.9363613779527559
21
-0.0101802755905512
0
LINE
8
BLACK
6
CONTINUOUS
10
0.9363613779527559
20
-0.0101802755905512
11
0.9389158661417323
21
-0.0084733858267717
0
LINE
8
BLACK
6
CONTINUOUS
10
0.9389158661417323
20
-0.0084733858267717
11
0.9419291338582677
21
-0.0078740157480315
0
LINE
8
BLACK
6
CONTINUOUS
10
0.9419291338582677
20
-0.0078740157480315
11
0.9635826771653543
21
-0.0078740157480315
0
LINE
8
BLACK
6
CONTINUOUS
10
0.9635826771653543
20
-0.0078740157480315
11
0.9665959448818897
21
-0.0084733858267717
0
LINE
8
BLACK
6
CONTINUOUS
10
0.6004211417322834
20
0.064811968503937
11
0.6036142519685039
21
0.0626783858267717
0
LINE
8
BLACK
6
CONTINUOUS
10
0.6036142519685039
20
0.0626783858267717
11
0.6244934251968504
21
0.0417992125984252
0
LINE
8
BLACK
6
CONTINUOUS
10
0.6244934251968504
20
0.0417992125984252
11
0.6266270078740157
21
0.0386061023622047
0
LINE
8
BLACK
6
CONTINUOUS
10
0.6266270078740157
20
0.0386061023622047
11
0.6273762204724409
21
0.0348395275590551
0
LINE
8
BLACK
6
CONTINUOUS
10
0.6273762204724409
20
0.0348395275590551
11
0.6266270078740157
21
0.0310729527559055
0
LINE
8
BLACK
6
CONTINUOUS
10
0.6266270078740157
20
0.0310729527559055
11
0.6244934251968504
21
0.0278798031496063
0
LINE
8
BLACK
6
CONTINUOUS
10
0.6244934251968504
20
0.0278798031496063
11
0.5646398818897638
21
-0.0319737401574803
0
LINE
8
BLACK
6
CONTINUOUS
10
0.5646398818897638
20
-0.0319737401574803
11
0.5614467322834645
21
-0.0341073228346457
0
LINE
8
BLACK
6
CONTINUOUS
10
0.5614467322834645
20
-0.0341073228346457
11
0.557680157480315
21
-0.0348565354330709
0
LINE
8
BLACK
6
CONTINUOUS
10
0.557680157480315
20
-0.0348565354330709
11
0.5539135826771654
21
-0.0341073228346457
0
LINE
8
BLACK
6
CONTINUOUS
10
0.5539135826771654
20
-0.0341073228346457
11
0.5507204724409449
21
-0.0319737401574803
0
LINE
8
BLACK
6
CONTINUOUS
10
0.5507204724409449
20
-0.0319737401574803
11
0.5298412992125984
21
-0.0110945669291339
0
LINE
8
BLACK
6
CONTINUOUS
10
0.5298412992125984
20
-0.0110945669291339
11
0.527707716535433
21
-0.0079014566929134
0
LINE
8
BLACK
6
CONTINUOUS
10
0.527707716535433
20
-0.0079014566929134
11
0.5269585039370078
21
-0.0041348818897638
0
LINE
8
BLACK
6
CONTINUOUS
10
0.5269585039370078
20
-0.0041348818897638
11
0.527707716535433
21
-0.0003683070866142
0
LINE
8
BLACK
6
CONTINUOUS
10
0.527707716535433
20
-0.0003683070866142
11
0.5298412992125984
21
0.002824842519685
0
LINE
8
BLACK
6
CONTINUOUS
10
0.5298412992125984
20
0.002824842519685
11
0.5896948425196851
21
0.0626783858267717
0
LINE
8
BLACK
6
CONTINUOUS
10
0.5896948425196851
20
0.0626783858267717
11
0.5928879921259842
21
0.064811968503937
0
LINE
8
BLACK
6
CONTINUOUS
10
0.5928879921259842
20
0.064811968503937
11
0.5966545669291339
21
0.0655611811023622
0
LINE
8
BLACK
6
CONTINUOUS
10
0.5966545669291339
20
0.0655611811023622
11
0.6004211417322834
21
0.064811968503937
0
LINE
8
BLACK
6
CONTINUOUS
10
-1.3139414566929133
20
-0.0023443700787402
11
-1.3120255905511811
21
-0.0036245275590551
0
LINE
8
BLACK
6
CONTINUOUS
10
-1.3120255905511811
20
-0.0036245275590551
11
-1.3107454330708661
21
-0.0055403937007874
0
LINE
8
BLACK
6
CONTINUOUS
10
-1.3107454330708661
20
-0.0055403937007874
11
-1.3102959055118111
21
-0.0078003543307087
0
LINE
8
BLACK
6
CONTINUOUS
10
-1.3102959055118111
20
-0.0078003543307087
11
-1.3102959055118111
21
-0.0196113779527559
0
LINE
8
BLACK
6
CONTINUOUS
10
-1.3102959055118111
20
-0.0196113779527559
11
-1.3107454330708661
21
-0.0218713385826772
0
LINE
8
BLACK
6
CONTINUOUS
10
-1.3107454330708661
20
-0.0218713385826772
11
-1.3120255905511811
21
-0.0237872047244094
0
LINE
8
BLACK
6
CONTINUOUS
10
-1.3120255905511811
20
-0.0237872047244094
11
-1.3139414566929133
21
-0.0250673622047244
0
LINE
8
BLACK
6
CONTINUOUS
10
-1.3139414566929133
20
-0.0250673622047244
11
-1.3162014173228347
21
-0.0255168897637795
0
LINE
8
BLACK
6
CONTINUOUS
10
-1.3162014173228347
20
-0.0255168897637795
11
-1.3713195275590551
21
-0.0255168897637795
0
LINE
8
BLACK
6
CONTINUOUS
10
-1.3713195275590551
20
-0.0255168897637795
11
-1.3735794881889762
21
-0.0250673622047244
0
LINE
8
BLACK
6
CONTINUOUS
10
-1.3735794881889762
20
-0.0250673622047244
11
-1.3754953543307087
21
-0.0237872047244094
0
LINE
8
BLACK
6
CONTINUOUS
10
-1.3754953543307087
20
-0.0237872047244094
11
-1.3767755118110236
21
-0.0218713385826772
0
LINE
8
BLACK
6
CONTINUOUS
10
-1.3767755118110236
20
-0.0218713385826772
11
-1.3772250393700787
21
-0.0196113779527559
0
LINE
8
BLACK
6
CONTINUOUS
10
-1.3772250393700787
20
-0.0196113779527559
11
-1.3772250393700787
21
-0.0078003543307087
0
LINE
8
BLACK
6
CONTINUOUS
10
-1.3772250393700787
20
-0.0078003543307087
11
-1.3767755118110236
21
-0.0055403937007874
0
LINE
8
BLACK
6
CONTINUOUS
10
-1.3767755118110236
20
-0.0055403937007874
11
-1.3754953543307087
21
-0.0036245275590551
0
LINE
8
BLACK
6
CONTINUOUS
10
-1.3754953543307087
20
-0.0036245275590551
11
-1.3735794881889762
21
-0.0023443700787402
0
LINE
8
BLACK
6
CONTINUOUS
10
-1.3735794881889762
20
-0.0023443700787402
11
-1.3713195275590551
21
-0.001894842519685
0
LINE
8
BLACK
6
CONTINUOUS
10
-1.3713195275590551
20
-0.001894842519685
11
-1.3162014173228347
21
-0.001894842519685
0
LINE
8
BLACK
6
CONTINUOUS
10
-1.3162014173228347
20
-0.001894842519685
11
-1.3139414566929133
21
-0.0023443700787402
0
LINE
8
BLACK
6
CONTINUOUS
10
0.4712762992125984
20
0.0234543700787402
11
0.4741501181102362
21
0.0215341338582677
0
LINE
8
BLACK
6
CONTINUOUS
10
0.4741501181102362
20
0.0215341338582677
11
0.4880695669291338
21
0.0076146850393701
0
LINE
8
BLACK
6
CONTINUOUS
10
0.4880695669291338
20
0.0076146850393701
11
0.4899898031496063
21
0.0047408661417323
0
LINE
8
BLACK
6
CONTINUOUS
10
0.4899898031496063
20
0.0047408661417323
11
0.490664094488189
21
0.0013509448818898
0
LINE
8
BLACK
6
CONTINUOUS
10
0.490664094488189
20
0.0013509448818898
11
0.4899898031496063
21
-0.002038937007874
0
LINE
8
BLACK
6
CONTINUOUS
10
0.4899898031496063
20
-0.002038937007874
11
0.4880695669291338
21
-0.0049127952755906
0
LINE
8
BLACK
6
CONTINUOUS
10
0.4880695669291338
20
-0.0049127952755906
11
0.4755420866141732
21
-0.0174402755905512
0
LINE
8
BLACK
6
CONTINUOUS
10
0.4755420866141732
20
-0.0174402755905512
11
0.4726682283464567
21
-0.0193605118110236
0
LINE
8
BLACK
6
CONTINUOUS
10
0.4726682283464567
20
-0.0193605118110236
11
0.4692783464566929
21
-0.0200348031496063
0
LINE
8
BLACK
6
CONTINUOUS
10
0.4692783464566929
20
-0.0200348031496063
11
0.4658884251968504
21
-0.0193605118110236
0
LINE
8
BLACK
6
CONTINUOUS
10
0.4658884251968504
20
-0.0193605118110236
11
0.4630146062992126
21
-0.0174402755905512
0
LINE
8
BLACK
6
CONTINUOUS
10
0.4630146062992126
20
-0.0174402755905512
11
0.449095157480315
21
-0.0035208267716535
0
LINE
8
BLACK
6
CONTINUOUS
10
0.449095157480315
20
-0.0035208267716535
11
0.4471749212598425
21
-0.0006470078740157
0
LINE
8
BLACK
6
CONTINUOUS
10
0.4471749212598425
20
-0.0006470078740157
11
0.4465006299212598
21
0.0027429133858268
0
LINE
8
BLACK
6
CONTINUOUS
10
0.4465006299212598
20
0.0027429133858268
11
0.4471749212598425
21
0.0061327952755906
0
LINE
8
BLACK
6
CONTINUOUS
10
0.4471749212598425
20
0.0061327952755906
11
0.449095157480315
21
0.0090066535433071
0
LINE
8
BLACK
6
CONTINUOUS
10
0.449095157480315
20
0.0090066535433071
11
0.4616226377952756
21
0.0215341338582677
0
LINE
8
BLACK
6
CONTINUOUS
10
0.4616226377952756
20
0.0215341338582677
11
0.4644964960629921
21
0.0234543700787402
0
LINE
8
BLACK
6
CONTINUOUS
10
0.4644964960629921
20
0.0234543700787402
11
0.4678863779527559
21
0.0241286614173228
0
LINE
8
BLACK
6
CONTINUOUS
10
0.4678863779527559
20
0.0241286614173228
11
0.4712762992125984
21
0.0234543700787402
0
LINE
8
BLACK
6
CONTINUOUS
10
1.3655946456692913
20
0.0180264960629921
11
1.3684684645669292
21
0.0161062598425197
0
LINE
8
BLACK
6
CONTINUOUS
10
1.3684684645669292
20
0.0161062598425197
11
1.3703887007874016
21
0.0132324409448819
0
LINE
8
BLACK
6
CONTINUOUS
10
1.3703887007874016
20
0.0132324409448819
11
1.3710629921259843
21
0.0098425196850394
0
LINE
8
BLACK
6
CONTINUOUS
10
1.3710629921259843
20
0.0098425196850394
11
1.3710629921259843
21
-0.0098425196850394
0
LINE
8
BLACK
6
CONTINUOUS
10
1.3710629921259843
20
-0.0098425196850394
11
1.3703887007874016
21
-0.0132324409448819
0
LINE
8
BLACK
6
CONTINUOUS
10
1.3703887007874016
20
-0.0132324409448819
11
1.3684684645669292
21
-0.0161062598425197
0
LINE
8
BLACK
6
CONTINUOUS
10
1.3684684645669292
20
-0.0161062598425197
11
1.3655946456692913
21
-0.0180264960629921
0
LINE
8
BLACK
6
CONTINUOUS
10
1.3655946456692913
20
-0.0180264960629921
11
1.3622047244094488
21
-0.0187007874015748
0
LINE
8
BLACK
6
CONTINUOUS
10
1.3622047244094488
20
-0.0187007874015748
11
1.344488188976378
21
-0.0187007874015748
0
LINE
8
BLACK
6
CONTINUOUS
10
1.344488188976378
20
-0.0187007874015748
11
1.3410982677165355
21
-0.0180264960629921
0
LINE
8
BLACK
6
CONTINUOUS
10
1.3410982677165355
20
-0.0180264960629921
11
1.3382244488188977
21
-0.0161062598425197
0
LINE
8
BLACK
6
CONTINUOUS
10
1.3382244488188977
20
-0.0161062598425197
11
1.3363042125984252
21
-0.0132324409448819
0
LINE
8
BLACK
6
CONTINUOUS
10
1.3363042125984252
20
-0.0132324409448819
11
1.3356299212598426
21
-0.0098425196850394
0
LINE
8
BLACK
6
CONTINUOUS
10
1.3356299212598426
20
-0.0098425196850394
11
1.3356299212598426
21
0.0098425196850394
0
LINE
8
BLACK
6
CONTINUOUS
10
1.3356299212598426
20
0.0098425196850394
11
1.3363042125984252
21
0.0132324409448819
0
LINE
8
BLACK
6
CONTINUOUS
10
1.3363042125984252
20
0.0132324409448819
11
1.3382244488188977
21
0.0161062598425197
0
LINE
8
BLACK
6
CONTINUOUS
10
1.3382244488188977
20
0.0161062598425197
11
1.3410982677165355
21
0.0180264960629921
0
LINE
8
BLACK
6
CONTINUOUS
10
1.3410982677165355
20
0.0180264960629921
11
1.344488188976378
21
0.0187007874015748
0
LINE
8
BLACK
6
CONTINUOUS
10
1.344488188976378
20
0.0187007874015748
11
1.3622047244094488
21
0.0187007874015748
0
LINE
8
BLACK
6
CONTINUOUS
10
1.3622047244094488
20
0.0187007874015748
11
1.3655946456692913
21
0.0180264960629921
0
LINE
8
BLACK
6
CONTINUOUS
10
1.4266182677165353
20
0.0180264960629921
11
1.4294920866141732
21
0.0161062598425197
0
LINE
8
BLACK
6
CONTINUOUS
10
1.4294920866141732
20
0.0161062598425197
11
1.4314123228346456
21
0.0132324409448819
0
LINE
8
BLACK
6
CONTINUOUS
10
1.4314123228346456
20
0.0132324409448819
11
1.4320866141732282
21
0.0098425196850394
0
LINE
8
BLACK
6
CONTINUOUS
10
1.4320866141732282
20
0.0098425196850394
11
1.4320866141732282
21
-0.0098425196850394
0
LINE
8
BLACK
6
CONTINUOUS
10
1.4320866141732282
20
-0.0098425196850394
11
1.4314123228346456
21
-0.0132324409448819
0
LINE
8
BLACK
6
CONTINUOUS
10
1.4314123228346456
20
-0.0132324409448819
11
1.4294920866141732
21
-0.0161062598425197
0
LINE
8
BLACK
6
CONTINUOUS
10
1.4294920866141732
20
-0.0161062598425197
11
1.4266182677165353
21
-0.0180264960629921
0
LINE
8
BLACK
6
CONTINUOUS
10
1.4266182677165353
20
-0.0180264960629921
11
1.4232283464566928
21
-0.0187007874015748
0
LINE
8
BLACK
6
CONTINUOUS
10
1.4232283464566928
20
-0.0187007874015748
11
1.405511811023622
21
-0.0187007874015748
0
LINE
8
BLACK
6
CONTINUOUS
10
1.405511811023622
20
-0.0187007874015748
11
1.4021218897637795
21
-0.0180264960629921
0
LINE
8
BLACK
6
CONTINUOUS
10
1.4021218897637795
20
-0.0180264960629921
11
1.3992480708661417
21
-0.0161062598425197
0
LINE
8
BLACK
6
CONTINUOUS
10
1.3992480708661417
20
-0.0161062598425197
11
1.3973278346456692
21
-0.0132324409448819
0
LINE
8
BLACK
6
CONTINUOUS
10
1.3973278346456692
20
-0.0132324409448819
11
1.3966535433070866
21
-0.0098425196850394
0
LINE
8
BLACK
6
CONTINUOUS
10
1.3966535433070866
20
-0.0098425196850394
11
1.3966535433070866
21
0.0098425196850394
0
LINE
8
BLACK
6
CONTINUOUS
10
1.3966535433070866
20
0.0098425196850394
11
1.3973278346456692
21
0.0132324409448819
0
LINE
8
BLACK
6
CONTINUOUS
10
1.3973278346456692
20
0.0132324409448819
11
1.3992480708661417
21
0.0161062598425197
0
LINE
8
BLACK
6
CONTINUOUS
10
1.3992480708661417
20
0.0161062598425197
11
1.4021218897637795
21
0.0180264960629921
0
LINE
8
BLACK
6
CONTINUOUS
10
1.4021218897637795
20
0.0180264960629921
11
1.405511811023622
21
0.0187007874015748
0
LINE
8
BLACK
6
CONTINUOUS
10
1.405511811023622
20
0.0187007874015748
11
1.4232283464566928
21
0.0187007874015748
0
LINE
8
BLACK
6
CONTINUOUS
10
1.4232283464566928
20
0.0187007874015748
11
1.4266182677165353
21
0.0180264960629921
0
LINE
8
BLACK
6
CONTINUOUS
10
1.224700905511811
20
0.0344914173228346
11
1.2266167716535432
21
0.0332112598425197
0
LINE
8
BLACK
6
CONTINUOUS
10
1.2266167716535432
20
0.0332112598425197
11
1.2278969291338582
21
0.0312953937007874
0
LINE
8
BLACK
6
CONTINUOUS
10
1.2278969291338582
20
0.0312953937007874
11
1.2283464566929134
21
0.0290354330708661
0
LINE
8
BLACK
6
CONTINUOUS
10
1.2283464566929134
20
0.0290354330708661
11
1.2283464566929134
21
-0.0113188976377953
0
LINE
8
BLACK
6
CONTINUOUS
10
1.2283464566929134
20
-0.0113188976377953
11
1.2278969291338582
21
-0.0135788582677165
0
LINE
8
BLACK
6
CONTINUOUS
10
1.2278969291338582
20
-0.0135788582677165
11
1.2266167716535432
21
-0.0154947244094488
0
LINE
8
BLACK
6
CONTINUOUS
10
1.2266167716535432
20
-0.0154947244094488
11
1.224700905511811
21
-0.0167748818897638
0
LINE
8
BLACK
6
CONTINUOUS
10
1.224700905511811
20
-0.0167748818897638
11
1.2224409448818898
21
-0.0172244094488189
0
LINE
8
BLACK
6
CONTINUOUS
10
1.2224409448818898
20
-0.0172244094488189
11
1.2106299212598426
21
-0.0172244094488189
0
LINE
8
BLACK
6
CONTINUOUS
10
1.2106299212598426
20
-0.0172244094488189
11
1.2083699606299212
21
-0.0167748818897638
0
LINE
8
BLACK
6
CONTINUOUS
10
1.2083699606299212
20
-0.0167748818897638
11
1.206454094488189
21
-0.0154947244094488
0
LINE
8
BLACK
6
CONTINUOUS
10
1.206454094488189
20
-0.0154947244094488
11
1.205173937007874
21
-0.0135788582677165
0
LINE
8
BLACK
6
CONTINUOUS
10
1.205173937007874
20
-0.0135788582677165
11
1.204724409448819
21
-0.0113188976377953
0
LINE
8
BLACK
6
CONTINUOUS
10
1.204724409448819
20
-0.0113188976377953
11
1.204724409448819
21
0.0290354330708661
0
LINE
8
BLACK
6
CONTINUOUS
10
1.204724409448819
20
0.0290354330708661
11
1.205173937007874
21
0.0312953937007874
0
LINE
8
BLACK
6
CONTINUOUS
10
1.205173937007874
20
0.0312953937007874
11
1.206454094488189
21
0.0332112598425197
0
LINE
8
BLACK
6
CONTINUOUS
10
1.206454094488189
20
0.0332112598425197
11
1.2083699606299212
21
0.0344914173228346
0
LINE
8
BLACK
6
CONTINUOUS
10
1.2083699606299212
20
0.0344914173228346
11
1.2106299212598426
21
0.0349409448818898
0
LINE
8
BLACK
6
CONTINUOUS
10
1.2106299212598426
20
0.0349409448818898
11
1.2224409448818898
21
0.0349409448818898
0
LINE
8
BLACK
6
CONTINUOUS
10
1.2224409448818898
20
0.0349409448818898
11
1.224700905511811
21
0.0344914173228346
0
LINE
8
BLACK
6
CONTINUOUS
10
1.2621024803149605
20
0.0344914173228346
11
1.264018346456693
21
0.0332112598425197
0
LINE
8
BLACK
6
CONTINUOUS
10
1.264018346456693
20
0.0332112598425197
11
1.2652985039370079
21
0.0312953937007874
0
LINE
8
BLACK
6
CONTINUOUS
10
1.2652985039370079
20
0.0312953937007874
11
1.265748031496063
21
0.0290354330708661
0
LINE
8
BLACK
6
CONTINUOUS
10
1.265748031496063
20
0.0290354330708661
11
1.265748031496063
21
-0.0113188976377953
0
LINE
8
BLACK
6
CONTINUOUS
10
1.265748031496063
20
-0.0113188976377953
11
1.2652985039370079
21
-0.0135788582677165
0
LINE
8
BLACK
6
CONTINUOUS
10
1.2652985039370079
20
-0.0135788582677165
11
1.264018346456693
21
-0.0154947244094488
0
LINE
8
BLACK
6
CONTINUOUS
10
1.264018346456693
20
-0.0154947244094488
11
1.2621024803149605
21
-0.0167748818897638
0
LINE
8
BLACK
6
CONTINUOUS
10
1.2621024803149605
20
-0.0167748818897638
11
1.2598425196850394
21
-0.0172244094488189
0
LINE
8
BLACK
6
CONTINUOUS
10
1.2598425196850394
20
-0.0172244094488189
11
1.2480314960629921
21
-0.0172244094488189
0
LINE
8
BLACK
6
CONTINUOUS
10
1.2480314960629921
20
-0.0172244094488189
11
1.2457715354330707
21
-0.0167748818897638
0
LINE
8
BLACK
6
CONTINUOUS
10
1.2457715354330707
20
-0.0167748818897638
11
1.2438556692913385
21
-0.0154947244094488
0
LINE
8
BLACK
6
CONTINUOUS
10
1.2438556692913385
20
-0.0154947244094488
11
1.2425755118110235
21
-0.0135788582677165
0
LINE
8
BLACK
6
CONTINUOUS
10
1.2425755118110235
20
-0.0135788582677165
11
1.2421259842519685
21
-0.0113188976377953
0
LINE
8
BLACK
6
CONTINUOUS
10
1.2421259842519685
20
-0.0113188976377953
11
1.2421259842519685
21
0.0290354330708661
0
LINE
8
BLACK
6
CONTINUOUS
10
1.2421259842519685
20
0.0290354330708661
11
1.2425755118110235
21
0.0312953937007874
0
LINE
8
BLACK
6
CONTINUOUS
10
1.2425755118110235
20
0.0312953937007874
11
1.2438556692913385
21
0.0332112598425197
0
LINE
8
BLACK
6
CONTINUOUS
10
1.2438556692913385
20
0.0332112598425197
11
1.2457715354330707
21
0.0344914173228346
0
LINE
8
BLACK
6
CONTINUOUS
10
1.2457715354330707
20
0.0344914173228346
11
1.2480314960629921
21
0.0349409448818898
0
LINE
8
BLACK
6
CONTINUOUS
10
1.2480314960629921
20
0.0349409448818898
11
1.2598425196850394
21
0.0349409448818898
0
LINE
8
BLACK
6
CONTINUOUS
10
1.2598425196850394
20
0.0349409448818898
11
1.2621024803149605
21
0.0344914173228346
0
LINE
8
BLACK
6
CONTINUOUS
10
1.2995040551181103
20
0.0344914173228346
11
1.3014199212598425
21
0.0332112598425197
0
LINE
8
BLACK
6
CONTINUOUS
10
1.3014199212598425
20
0.0332112598425197
11
1.3027000787401575
21
0.0312953937007874
0
LINE
8
BLACK
6
CONTINUOUS
10
1.3027000787401575
20
0.0312953937007874
11
1.3031496062992125
21
0.0290354330708661
0
LINE
8
BLACK
6
CONTINUOUS
10
1.3031496062992125
20
0.0290354330708661
11
1.3031496062992125
21
-0.0113188976377953
0
LINE
8
BLACK
6
CONTINUOUS
10
1.3031496062992125
20
-0.0113188976377953
11
1.3027000787401575
21
-0.0135788582677165
0
LINE
8
BLACK
6
CONTINUOUS
10
1.3027000787401575
20
-0.0135788582677165
11
1.3014199212598425
21
-0.0154947244094488
0
LINE
8
BLACK
6
CONTINUOUS
10
1.3014199212598425
20
-0.0154947244094488
11
1.2995040551181103
21
-0.0167748818897638
0
LINE
8
BLACK
6
CONTINUOUS
10
1.2995040551181103
20
-0.0167748818897638
11
1.2972440944881889
21
-0.0172244094488189
0
LINE
8
BLACK
6
CONTINUOUS
10
1.2972440944881889
20
-0.0172244094488189
11
1.2854330708661417
21
-0.0172244094488189
0
LINE
8
BLACK
6
CONTINUOUS
10
1.2854330708661417
20
-0.0172244094488189
11
1.2831731102362205
21
-0.0167748818897638
0
LINE
8
BLACK
6
CONTINUOUS
10
1.2831731102362205
20
-0.0167748818897638
11
1.2812572440944883
21
-0.0154947244094488
0
LINE
8
BLACK
6
CONTINUOUS
10
1.2812572440944883
20
-0.0154947244094488
11
1.2799770866141733
21
-0.0135788582677165
0
LINE
8
BLACK
6
CONTINUOUS
10
1.2799770866141733
20
-0.0135788582677165
11
1.2795275590551181
21
-0.0113188976377953
0
LINE
8
BLACK
6
CONTINUOUS
10
1.2795275590551181
20
-0.0113188976377953
11
1.2795275590551181
21
0.0290354330708661
0
LINE
8
BLACK
6
CONTINUOUS
10
1.2795275590551181
20
0.0290354330708661
11
1.2799770866141733
21
0.0312953937007874
0
LINE
8
BLACK
6
CONTINUOUS
10
1.2799770866141733
20
0.0312953937007874
11
1.2812572440944883
21
0.0332112598425197
0
LINE
8
BLACK
6
CONTINUOUS
10
1.2812572440944883
20
0.0332112598425197
11
1.2831731102362205
21
0.0344914173228346
0
LINE
8
BLACK
6
CONTINUOUS
10
1.2831731102362205
20
0.0344914173228346
11
1.2854330708661417
21
0.0349409448818898
0
LINE
8
BLACK
6
CONTINUOUS
10
1.2854330708661417
20
0.0349409448818898
11
1.2972440944881889
21
0.0349409448818898
0
LINE
8
BLACK
6
CONTINUOUS
10
1.2972440944881889
20
0.0349409448818898
11
1.2995040551181103
21
0.0344914173228346
0
LINE
8
BLACK
6
CONTINUOUS
10
1.0959096062992126
20
0.0180264960629921
11
1.0987834251968505
21
0.0161062598425197
0
LINE
8
BLACK
6
CONTINUOUS
10
1.0987834251968505
20
0.0161062598425197
11
1.1007036614173229
21
0.0132324409448819
0
LINE
8
BLACK
6
CONTINUOUS
10
1.1007036614173229
20
0.0132324409448819
11
1.1013779527559056
21
0.0098425196850394
0
LINE
8
BLACK
6
CONTINUOUS
10
1.1013779527559056
20
0.0098425196850394
11
1.1013779527559056
21
-0.0078740157480315
0
LINE
8
BLACK
6
CONTINUOUS
10
1.1013779527559056
20
-0.0078740157480315
11
1.1007036614173229
21
-0.011263937007874
0
LINE
8
BLACK
6
CONTINUOUS
10
1.1007036614173229
20
-0.011263937007874
11
1.0987834251968505
21
-0.0141377559055118
0
LINE
8
BLACK
6
CONTINUOUS
10
1.0987834251968505
20
-0.0141377559055118
11
1.0959096062992126
21
-0.0160579921259843
0
LINE
8
BLACK
6
CONTINUOUS
10
1.0959096062992126
20
-0.0160579921259843
11
1.0925196850393701
21
-0.0167322834645669
0
LINE
8
BLACK
6
CONTINUOUS
10
1.0925196850393701
20
-0.0167322834645669
11
1.0728346456692912
21
-0.0167322834645669
0
LINE
8
BLACK
6
CONTINUOUS
10
1.0728346456692912
20
-0.0167322834645669
11
1.0694447244094487
21
-0.0160579921259843
0
LINE
8
BLACK
6
CONTINUOUS
10
1.0694447244094487
20
-0.0160579921259843
11
1.0665709055118111
21
-0.0141377559055118
0
LINE
8
BLACK
6
CONTINUOUS
10
1.0665709055118111
20
-0.0141377559055118
11
1.0646506692913387
21
-0.011263937007874
0
LINE
8
BLACK
6
CONTINUOUS
10
1.0646506692913387
20
-0.011263937007874
11
1.0639763779527558
21
-0.0078740157480315
0
LINE
8
BLACK
6
CONTINUOUS
10
1.0639763779527558
20
-0.0078740157480315
11
1.0639763779527558
21
0.0098425196850394
0
LINE
8
BLACK
6
CONTINUOUS
10
1.0639763779527558
20
0.0098425196850394
11
1.0646506692913387
21
0.0132324409448819
0
LINE
8
BLACK
6
CONTINUOUS
10
1.0646506692913387
20
0.0132324409448819
11
1.0665709055118111
21
0.0161062598425197
0
LINE
8
BLACK
6
CONTINUOUS
10
1.0665709055118111
20
0.0161062598425197
11
1.0694447244094487
21
0.0180264960629921
0
LINE
8
BLACK
6
CONTINUOUS
10
1.0694447244094487
20
0.0180264960629921
11
1.0728346456692912
21
0.0187007874015748
0
LINE
8
BLACK
6
CONTINUOUS
10
1.0728346456692912
20
0.0187007874015748
11
1.0925196850393701
21
0.0187007874015748
0
LINE
8
BLACK
6
CONTINUOUS
10
1.0925196850393701
20
0.0187007874015748
11
1.0959096062992126
21
0.0180264960629921
0
LINE
8
BLACK
6
CONTINUOUS
10
1.1595093307086615
20
0.0141644094488189
11
1.1620638188976378
21
0.0124575196850394
0
LINE
8
BLACK
6
CONTINUOUS
10
1.1620638188976378
20
0.0124575196850394
11
1.1637707086614173
21
0.009903031496063
0
LINE
8
BLACK
6
CONTINUOUS
10
1.1637707086614173
20
0.009903031496063
11
1.1643700787401574
21
0.0068897637795276
0
LINE
8
BLACK
6
CONTINUOUS
10
1.1643700787401574
20
0.0068897637795276
11
1.1643700787401574
21
-0.0088582677165354
0
LINE
8
BLACK
6
CONTINUOUS
10
1.1643700787401574
20
-0.0088582677165354
11
1.1637707086614173
21
-0.0118715354330709
0
LINE
8
BLACK
6
CONTINUOUS
10
1.1637707086614173
20
-0.0118715354330709
11
1.1620638188976378
21
-0.0144260236220472
0
LINE
8
BLACK
6
CONTINUOUS
10
1.1620638188976378
20
-0.0144260236220472
11
1.1595093307086615
21
-0.0161329133858268
0
LINE
8
BLACK
6
CONTINUOUS
10
1.1595093307086615
20
-0.0161329133858268
11
1.1564960629921259
21
-0.0167322834645669
0
LINE
8
BLACK
6
CONTINUOUS
10
1.1564960629921259
20
-0.0167322834645669
11
1.1348425196850394
21
-0.0167322834645669
0
LINE
8
BLACK
6
CONTINUOUS
10
1.1348425196850394
20
-0.0167322834645669
11
1.1318292519685038
21
-0.0161329133858268
0
LINE
8
BLACK
6
CONTINUOUS
10
1.1318292519685038
20
-0.0161329133858268
11
1.1292747637795275
21
-0.0144260236220472
0
LINE
8
BLACK
6
CONTINUOUS
10
1.1292747637795275
20
-0.0144260236220472
11
1.127567874015748
21
-0.0118715354330709
0
LINE
8
BLACK
6
CONTINUOUS
10
1.127567874015748
20
-0.0118715354330709
11
1.1269685039370079
21
-0.0088582677165354
0
LINE
8
BLACK
6
CONTINUOUS
10
1.1269685039370079
20
-0.0088582677165354
11
1.1269685039370079
21
0.0068897637795276
0
LINE
8
BLACK
6
CONTINUOUS
10
1.1269685039370079
20
0.0068897637795276
11
1.127567874015748
21
0.009903031496063
0
LINE
8
BLACK
6
CONTINUOUS
10
1.127567874015748
20
0.009903031496063
11
1.1292747637795275
21
0.0124575196850394
0
LINE
8
BLACK
6
CONTINUOUS
10
1.1292747637795275
20
0.0124575196850394
11
1.1318292519685038
21
0.0141644094488189
0
LINE
8
BLACK
6
CONTINUOUS
10
1.1318292519685038
20
0.0141644094488189
11
1.1348425196850394
21
0.0147637795275591
0
LINE
8
BLACK
6
CONTINUOUS
10
1.1348425196850394
20
0.0147637795275591
11
1.1564960629921259
21
0.0147637795275591
0
LINE
8
BLACK
6
CONTINUOUS
10
1.1564960629921259
20
0.0147637795275591
11
1.1595093307086615
21
0.0141644094488189
0
LINE
8
BLACK
6
CONTINUOUS
10
-0.7293307086614174
20
-0.0059055118110236
11
-0.7549212598425197
21
-0.0059055118110236
0
LINE
8
BLACK
6
CONTINUOUS
10
-0.7549212598425197
20
-0.0059055118110236
11
-0.7549212598425197
21
0.0098425196850394
0
LINE
8
BLACK
6
CONTINUOUS
10
-0.7549212598425197
20
0.0098425196850394
11
-0.7293307086614174
21
0.0098425196850394
0
LINE
8
BLACK
6
CONTINUOUS
10
-0.7293307086614174
20
0.0098425196850394
11
-0.7293307086614174
21
-0.0059055118110236
0
LINE
8
BLACK
6
CONTINUOUS
10
-0.6545275590551181
20
-0.0059055118110236
11
-0.6801181102362205
21
-0.0059055118110236
0
LINE
8
BLACK
6
CONTINUOUS
10
-0.6801181102362205
20
-0.0059055118110236
11
-0.6801181102362205
21
0.0098425196850394
0
LINE
8
BLACK
6
CONTINUOUS
10
-0.6801181102362205
20
0.0098425196850394
11
-0.6545275590551181
21
0.0098425196850394
0
LINE
8
BLACK
6
CONTINUOUS
10
-0.6545275590551181
20
0.0098425196850394
11
-0.6545275590551181
21
-0.0059055118110236
0
LINE
8
BLACK
6
CONTINUOUS
10
-1.2400969685039369
20
0.0377864566929134
11
-1.2375424803149606
21
0.0360795669291339
0
LINE
8
BLACK
6
CONTINUOUS
10
-1.2375424803149606
20
0.0360795669291339
11
-1.2358355905511811
21
0.0335250787401575
0
LINE
8
BLACK
6
CONTINUOUS
10
-1.2358355905511811
20
0.0335250787401575
11
-1.235236220472441
21
0.030511811023622
0
LINE
8
BLACK
6
CONTINUOUS
10
-1.235236220472441
20
0.030511811023622
11
-1.235236220472441
21
0.0088582677165354
0
LINE
8
BLACK
6
CONTINUOUS
10
-1.235236220472441
20
0.0088582677165354
11
-1.2358355905511811
21
0.005845
0
LINE
8
BLACK
6
CONTINUOUS
10
-1.2358355905511811
20
0.005845
11
-1.2375424803149606
21
0.0032905118110236
0
LINE
8
BLACK
6
CONTINUOUS
10
-1.2375424803149606
20
0.0032905118110236
11
-1.2400969685039369
21
0.0015836220472441
0
LINE
8
BLACK
6
CONTINUOUS
10
-1.2400969685039369
20
0.0015836220472441
11
-1.2431102362204725
21
0.0009842519685039
0
LINE
8
BLACK
6
CONTINUOUS
10
-1.2431102362204725
20
0.0009842519685039
11
-1.2588582677165354
21
0.0009842519685039
0
LINE
8
BLACK
6
CONTINUOUS
10
-1.2588582677165354
20
0.0009842519685039
11
-1.2618715354330707
21
0.0015836220472441
0
LINE
8
BLACK
6
CONTINUOUS
10
-1.2618715354330707
20
0.0015836220472441
11
-1.2644260236220473
21
0.0032905118110236
0
LINE
8
BLACK
6
CONTINUOUS
10
-1.2644260236220473
20
0.0032905118110236
11
-1.2661329133858268
21
0.005845
0
LINE
8
BLACK
6
CONTINUOUS
10
-1.2661329133858268
20
0.005845
11
-1.2667322834645669
21
0.0088582677165354
0
LINE
8
BLACK
6
CONTINUOUS
10
-1.2667322834645669
20
0.0088582677165354
11
-1.2667322834645669
21
0.030511811023622
0
LINE
8
BLACK
6
CONTINUOUS
10
-1.2667322834645669
20
0.030511811023622
11
-1.2661329133858268
21
0.0335250787401575
0
LINE
8
BLACK
6
CONTINUOUS
10
-1.2661329133858268
20
0.0335250787401575
11
-1.2644260236220473
21
0.0360795669291339
0
LINE
8
BLACK
6
CONTINUOUS
10
-1.2644260236220473
20
0.0360795669291339
11
-1.2618715354330707
21
0.0377864566929134
0
LINE
8
BLACK
6
CONTINUOUS
10
-1.2618715354330707
20
0.0377864566929134
11
-1.2588582677165354
21
0.0383858267716535
0
LINE
8
BLACK
6
CONTINUOUS
10
-1.2588582677165354
20
0.0383858267716535
11
-1.2431102362204725
21
0.0383858267716535
0
LINE
8
BLACK
6
CONTINUOUS
10
-1.2431102362204725
20
0.0383858267716535
11
-1.2400969685039369
21
0.0377864566929134
0
LINE
8
BLACK
6
CONTINUOUS
10
-1.1751363385826772
20
0.0377864566929134
11
-1.1725818503937007
21
0.0360795669291339
0
LINE
8
BLACK
6
CONTINUOUS
10
-1.1725818503937007
20
0.0360795669291339
11
-1.1708749606299211
21
0.0335250787401575
0
LINE
8
BLACK
6
CONTINUOUS
10
-1.1708749606299211
20
0.0335250787401575
11
-1.170275590551181
21
0.030511811023622
0
LINE
8
BLACK
6
CONTINUOUS
10
-1.170275590551181
20
0.030511811023622
11
-1.170275590551181
21
0.0088582677165354
0
LINE
8
BLACK
6
CONTINUOUS
10
-1.170275590551181
20
0.0088582677165354
11
-1.1708749606299211
21
0.005845
0
LINE
8
BLACK
6
CONTINUOUS
10
-1.1708749606299211
20
0.005845
11
-1.1725818503937007
21
0.0032905118110236
0
LINE
8
BLACK
6
CONTINUOUS
10
-1.1725818503937007
20
0.0032905118110236
11
-1.1751363385826772
21
0.0015836220472441
0
LINE
8
BLACK
6
CONTINUOUS
10
-1.1751363385826772
20
0.0015836220472441
11
-1.1781496062992125
21
0.0009842519685039
0
LINE
8
BLACK
6
CONTINUOUS
10
-1.1781496062992125
20
0.0009842519685039
11
-1.1938976377952755
21
0.0009842519685039
0
LINE
8
BLACK
6
CONTINUOUS
10
-1.1938976377952755
20
0.0009842519685039
11
-1.196910905511811
21
0.0015836220472441
0
LINE
8
BLACK
6
CONTINUOUS
10
-1.196910905511811
20
0.0015836220472441
11
-1.1994653937007873
21
0.0032905118110236
0
LINE
8
BLACK
6
CONTINUOUS
10
-1.1994653937007873
20
0.0032905118110236
11
-1.2011722834645668
21
0.005845
0
LINE
8
BLACK
6
CONTINUOUS
10
-1.2011722834645668
20
0.005845
11
-1.201771653543307
21
0.0088582677165354
0
LINE
8
BLACK
6
CONTINUOUS
10
-1.201771653543307
20
0.0088582677165354
11
-1.201771653543307
21
0.030511811023622
0
LINE
8
BLACK
6
CONTINUOUS
10
-1.201771653543307
20
0.030511811023622
11
-1.2011722834645668
21
0.0335250787401575
0
LINE
8
BLACK
6
CONTINUOUS
10
-1.2011722834645668
20
0.0335250787401575
11
-1.1994653937007873
21
0.0360795669291339
0
LINE
8
BLACK
6
CONTINUOUS
10
-1.1994653937007873
20
0.0360795669291339
11
-1.196910905511811
21
0.0377864566929134
0
LINE
8
BLACK
6
CONTINUOUS
10
-1.196910905511811
20
0.0377864566929134
11
-1.1938976377952755
21
0.0383858267716535
0
LINE
8
BLACK
6
CONTINUOUS
10
-1.1938976377952755
20
0.0383858267716535
11
-1.1781496062992125
21
0.0383858267716535
0
LINE
8
BLACK
6
CONTINUOUS
10
-1.1781496062992125
20
0.0383858267716535
11
-1.1751363385826772
21
0.0377864566929134
0
LINE
8
BLACK
6
CONTINUOUS
10
-0.7293307086614174
20
0.0196850393700787
11
-0.7549212598425197
21
0.0196850393700787
0
LINE
8
BLACK
6
CONTINUOUS
10
-0.7549212598425197
20
0.0196850393700787
11
-0.7549212598425197
21
0.0354330708661417
0
LINE
8
BLACK
6
CONTINUOUS
10
-0.7549212598425197
20
0.0354330708661417
11
-0.7293307086614174
21
0.0354330708661417
0
LINE
8
BLACK
6
CONTINUOUS
10
-0.7293307086614174
20
0.0354330708661417
11
-0.7293307086614174
21
0.0196850393700787
0
LINE
8
BLACK
6
CONTINUOUS
10
0.5144265354330708
20
0.0666046062992126
11
0.5173003543307086
21
0.0646843700787402
0
LINE
8
BLACK
6
CONTINUOUS
10
0.5173003543307086
20
0.0646843700787402
11
0.5312198031496063
21
0.0507649212598425
0
LINE
8
BLACK
6
CONTINUOUS
10
0.5312198031496063
20
0.0507649212598425
11
0.5331400393700787
21
0.0478911023622047
0
LINE
8
BLACK
6
CONTINUOUS
10
0.5331400393700787
20
0.0478911023622047
11
0.5338143307086614
21
0.0445011811023622
0
LINE
8
BLACK
6
CONTINUOUS
10
0.5338143307086614
20
0.0445011811023622
11
0.5331400393700787
21
0.0411112992125984
0
LINE
8
BLACK
6
CONTINUOUS
10
0.5331400393700787
20
0.0411112992125984
11
0.5312198031496063
21
0.0382374409448819
0
LINE
8
BLACK
6
CONTINUOUS
10
0.5312198031496063
20
0.0382374409448819
11
0.5186923228346456
21
0.0257099606299213
0
LINE
8
BLACK
6
CONTINUOUS
10
0.5186923228346456
20
0.0257099606299213
11
0.5158184645669291
21
0.0237897244094488
0
LINE
8
BLACK
6
CONTINUOUS
10
0.5158184645669291
20
0.0237897244094488
11
0.5124285826771653
21
0.0231154330708661
0
LINE
8
BLACK
6
CONTINUOUS
10
0.5124285826771653
20
0.0231154330708661
11
0.5090386614173228
21
0.0237897244094488
0
LINE
8
BLACK
6
CONTINUOUS
10
0.5090386614173228
20
0.0237897244094488
11
0.5061648425196851
21
0.0257099606299213
0
LINE
8
BLACK
6
CONTINUOUS
10
0.5061648425196851
20
0.0257099606299213
11
0.4922453937007874
21
0.0396294094488189
0
LINE
8
BLACK
6
CONTINUOUS
10
0.4922453937007874
20
0.0396294094488189
11
0.490325157480315
21
0.0425032283464567
0
LINE
8
BLACK
6
CONTINUOUS
10
0.490325157480315
20
0.0425032283464567
11
0.4896508661417323
21
0.0458931496062992
0
LINE
8
BLACK
6
CONTINUOUS
10
0.4896508661417323
20
0.0458931496062992
11
0.490325157480315
21
0.049283031496063
0
LINE
8
BLACK
6
CONTINUOUS
10
0.490325157480315
20
0.049283031496063
11
0.4922453937007874
21
0.0521568897637795
0
LINE
8
BLACK
6
CONTINUOUS
10
0.4922453937007874
20
0.0521568897637795
11
0.504772874015748
21
0.0646843700787402
0
LINE
8
BLACK
6
CONTINUOUS
10
0.504772874015748
20
0.0646843700787402
11
0.5076467322834646
21
0.0666046062992126
0
LINE
8
BLACK
6
CONTINUOUS
10
0.5076467322834646
20
0.0666046062992126
11
0.5110366141732283
21
0.0672788976377953
0
LINE
8
BLACK
6
CONTINUOUS
10
0.5110366141732283
20
0.0672788976377953
11
0.5144265354330708
21
0.0666046062992126
0
LINE
8
BLACK
6
CONTINUOUS
10
-1.3139414566929133
20
0.0468682283464567
11
-1.3120255905511811
21
0.0455880708661417
0
LINE
8
BLACK
6
CONTINUOUS
10
-1.3120255905511811
20
0.0455880708661417
11
-1.3107454330708661
21
0.0436722047244094
0
LINE
8
BLACK
6
CONTINUOUS
10
-1.3107454330708661
20
0.0436722047244094
11
-1.3102959055118111
21
0.0414122440944882
0
LINE
8
BLACK
6
CONTINUOUS
10
-1.3102959055118111
20
0.0414122440944882
11
-1.3102959055118111
21
0.0296012204724409
0
LINE
8
BLACK
6
CONTINUOUS
10
-1.3102959055118111
20
0.0296012204724409
11
-1.3107454330708661
21
0.0273412598425197
0
LINE
8
BLACK
6
CONTINUOUS
10
-1.3107454330708661
20
0.0273412598425197
11
-1.3120255905511811
21
0.0254253937007874
0
LINE
8
BLACK
6
CONTINUOUS
10
-1.3120255905511811
20
0.0254253937007874
11
-1.3139414566929133
21
0.0241452362204724
0
LINE
8
BLACK
6
CONTINUOUS
10
-1.3139414566929133
20
0.0241452362204724
11
-1.3162014173228347
21
0.0236957086614173
0
LINE
8
BLACK
6
CONTINUOUS
10
-1.3162014173228347
20
0.0236957086614173
11
-1.3713195275590551
21
0.0236957086614173
0
LINE
8
BLACK
6
CONTINUOUS
10
-1.3713195275590551
20
0.0236957086614173
11
-1.3735794881889762
21
0.0241452362204724
0
LINE
8
BLACK
6
CONTINUOUS
10
-1.3735794881889762
20
0.0241452362204724
11
-1.3754953543307087
21
0.0254253937007874
0
LINE
8
BLACK
6
CONTINUOUS
10
-1.3754953543307087
20
0.0254253937007874
11
-1.3767755118110236
21
0.0273412598425197
0
LINE
8
BLACK
6
CONTINUOUS
10
-1.3767755118110236
20
0.0273412598425197
11
-1.3772250393700787
21
0.0296012204724409
0
LINE
8
BLACK
6
CONTINUOUS
10
-1.3772250393700787
20
0.0296012204724409
11
-1.3772250393700787
21
0.0414122440944882
0
LINE
8
BLACK
6
CONTINUOUS
10
-1.3772250393700787
20
0.0414122440944882
11
-1.3767755118110236
21
0.0436722047244094
0
LINE
8
BLACK
6
CONTINUOUS
10
-1.3767755118110236
20
0.0436722047244094
11
-1.3754953543307087
21
0.0455880708661417
0
LINE
8
BLACK
6
CONTINUOUS
10
-1.3754953543307087
20
0.0455880708661417
11
-1.3735794881889762
21
0.0468682283464567
0
LINE
8
BLACK
6
CONTINUOUS
10
-1.3735794881889762
20
0.0468682283464567
11
-1.3713195275590551
21
0.0473177559055118
0
LINE
8
BLACK
6
CONTINUOUS
10
-1.3713195275590551
20
0.0473177559055118
11
-1.3162014173228347
21
0.0473177559055118
0
LINE
8
BLACK
6
CONTINUOUS
10
-1.3162014173228347
20
0.0473177559055118
11
-1.3139414566929133
21
0.0468682283464567
0
LINE
8
BLACK
6
CONTINUOUS
10
0.9665959448818897
20
0.0564872440944882
11
0.9691504330708661
21
0.0547803543307087
0
LINE
8
BLACK
6
CONTINUOUS
10
0.9691504330708661
20
0.0547803543307087
11
0.9708573228346457
21
0.0522258661417323
0
LINE
8
BLACK
6
CONTINUOUS
10
0.9708573228346457
20
0.0522258661417323
11
0.9714566929133858
21
0.0492125984251968
0
LINE
8
BLACK
6
CONTINUOUS
10
0.9714566929133858
20
0.0492125984251968
11
0.9714566929133858
21
0.0334645669291339
0
LINE
8
BLACK
6
CONTINUOUS
10
0.9714566929133858
20
0.0334645669291339
11
0.9708573228346457
21
0.0304512992125984
0
LINE
8
BLACK
6
CONTINUOUS
10
0.9708573228346457
20
0.0304512992125984
11
0.9691504330708661
21
0.027896811023622
0
LINE
8
BLACK
6
CONTINUOUS
10
0.9691504330708661
20
0.027896811023622
11
0.9665959448818897
21
0.0261899212598425
0
LINE
8
BLACK
6
CONTINUOUS
10
0.9665959448818897
20
0.0261899212598425
11
0.9635826771653543
21
0.0255905511811024
0
LINE
8
BLACK
6
CONTINUOUS
10
0.9635826771653543
20
0.0255905511811024
11
0.9419291338582677
21
0.0255905511811024
0
LINE
8
BLACK
6
CONTINUOUS
10
0.9419291338582677
20
0.0255905511811024
11
0.9389158661417323
21
0.0261899212598425
0
LINE
8
BLACK
6
CONTINUOUS
10
0.9389158661417323
20
0.0261899212598425
11
0.9363613779527559
21
0.027896811023622
0
LINE
8
BLACK
6
CONTINUOUS
10
0.9363613779527559
20
0.027896811023622
11
0.9346544881889763
21
0.0304512992125984
0
LINE
8
BLACK
6
CONTINUOUS
10
0.9346544881889763
20
0.0304512992125984
11
0.9340551181102362
21
0.0334645669291339
0
LINE
8
BLACK
6
CONTINUOUS
10
0.9340551181102362
20
0.0334645669291339
11
0.9340551181102362
21
0.0492125984251968
0
LINE
8
BLACK
6
CONTINUOUS
10
0.9340551181102362
20
0.0492125984251968
11
0.9346544881889763
21
0.0522258661417323
0
LINE
8
BLACK
6
CONTINUOUS
10
0.9346544881889763
20
0.0522258661417323
11
0.9363613779527559
21
0.0547803543307087
0
LINE
8
BLACK
6
CONTINUOUS
10
0.9363613779527559
20
0.0547803543307087
11
0.9389158661417323
21
0.0564872440944882
0
LINE
8
BLACK
6
CONTINUOUS
10
0.9389158661417323
20
0.0564872440944882
11
0.9419291338582677
21
0.0570866141732283
0
LINE
8
BLACK
6
CONTINUOUS
10
0.9419291338582677
20
0.0570866141732283
11
0.9635826771653543
21
0.0570866141732283
0
LINE
8
BLACK
6
CONTINUOUS
10
0.9635826771653543
20
0.0570866141732283
11
0.9665959448818897
21
0.0564872440944882
0
LINE
8
BLACK
6
CONTINUOUS
10
1.0959096062992126
20
0.0790501181102362
11
1.0987834251968505
21
0.0771298818897638
0
LINE
8
BLACK
6
CONTINUOUS
10
1.0987834251968505
20
0.0771298818897638
11
1.1007036614173229
21
0.074256062992126
0
LINE
8
BLACK
6
CONTINUOUS
10
1.1007036614173229
20
0.074256062992126
11
1.1013779527559056
21
0.0708661417322835
0
LINE
8
BLACK
6
CONTINUOUS
10
1.1013779527559056
20
0.0708661417322835
11
1.1013779527559056
21
0.0531496062992126
0
LINE
8
BLACK
6
CONTINUOUS
10
1.1013779527559056
20
0.0531496062992126
11
1.1007036614173229
21
0.0497596850393701
0
LINE
8
BLACK
6
CONTINUOUS
10
1.1007036614173229
20
0.0497596850393701
11
1.0987834251968505
21
0.0468858661417323
0
LINE
8
BLACK
6
CONTINUOUS
10
1.0987834251968505
20
0.0468858661417323
11
1.0959096062992126
21
0.0449656299212598
0
LINE
8
BLACK
6
CONTINUOUS
10
1.0959096062992126
20
0.0449656299212598
11
1.0925196850393701
21
0.0442913385826772
0
LINE
8
BLACK
6
CONTINUOUS
10
1.0925196850393701
20
0.0442913385826772
11
1.0728346456692912
21
0.0442913385826772
0
LINE
8
BLACK
6
CONTINUOUS
10
1.0728346456692912
20
0.0442913385826772
11
1.0694447244094487
21
0.0449656299212598
0
LINE
8
BLACK
6
CONTINUOUS
10
1.0694447244094487
20
0.0449656299212598
11
1.0665709055118111
21
0.0468858661417323
0
LINE
8
BLACK
6
CONTINUOUS
10
1.0665709055118111
20
0.0468858661417323
11
1.0646506692913387
21
0.0497596850393701
0
LINE
8
BLACK
6
CONTINUOUS
10
1.0646506692913387
20
0.0497596850393701
11
1.0639763779527558
21
0.0531496062992126
0
LINE
8
BLACK
6
CONTINUOUS
10
1.0639763779527558
20
0.0531496062992126
11
1.0639763779527558
21
0.0708661417322835
0
LINE
8
BLACK
6
CONTINUOUS
10
1.0639763779527558
20
0.0708661417322835
11
1.0646506692913387
21
0.074256062992126
0
LINE
8
BLACK
6
CONTINUOUS
10
1.0646506692913387
20
0.074256062992126
11
1.0665709055118111
21
0.0771298818897638
0
LINE
8
BLACK
6
CONTINUOUS
10
1.0665709055118111
20
0.0771298818897638
11
1.0694447244094487
21
0.0790501181102362
0
LINE
8
BLACK
6
CONTINUOUS
10
1.0694447244094487
20
0.0790501181102362
11
1.0728346456692912
21
0.0797244094488189
0
LINE
8
BLACK
6
CONTINUOUS
10
1.0728346456692912
20
0.0797244094488189
11
1.0925196850393701
21
0.0797244094488189
0
LINE
8
BLACK
6
CONTINUOUS
10
1.0925196850393701
20
0.0797244094488189
11
1.0959096062992126
21
0.0790501181102362
0
LINE
8
BLACK
6
CONTINUOUS
10
-0.7293307086614174
20
0.0452755905511811
11
-0.7549212598425197
21
0.0452755905511811
0
LINE
8
BLACK
6
CONTINUOUS
10
-0.7549212598425197
20
0.0452755905511811
11
-0.7549212598425197
21
0.0610236220472441
0
LINE
8
BLACK
6
CONTINUOUS
10
-0.7549212598425197
20
0.0610236220472441
11
-0.7293307086614174
21
0.0610236220472441
0
LINE
8
BLACK
6
CONTINUOUS
10
-0.7293307086614174
20
0.0610236220472441
11
-0.7293307086614174
21
0.0452755905511811
0
LINE
8
BLACK
6
CONTINUOUS
10
-0.6545275590551181
20
0.0452755905511811
11
-0.6801181102362205
21
0.0452755905511811
0
LINE
8
BLACK
6
CONTINUOUS
10
-0.6801181102362205
20
0.0452755905511811
11
-0.6801181102362205
21
0.0610236220472441
0
LINE
8
BLACK
6
CONTINUOUS
10
-0.6801181102362205
20
0.0610236220472441
11
-0.6545275590551181
21
0.0610236220472441
0
LINE
8
BLACK
6
CONTINUOUS
10
-0.6545275590551181
20
0.0610236220472441
11
-0.6545275590551181
21
0.0452755905511811
0
LINE
8
BLACK
6
CONTINUOUS
10
1.1595093307086615
20
0.0791250393700787
11
1.1620638188976378
21
0.0774181496062992
0
LINE
8
BLACK
6
CONTINUOUS
10
1.1620638188976378
20
0.0774181496062992
11
1.1637707086614173
21
0.0748636614173228
0
LINE
8
BLACK
6
CONTINUOUS
10
1.1637707086614173
20
0.0748636614173228
11
1.1643700787401574
21
0.0718503937007874
0
LINE
8
BLACK
6
CONTINUOUS
10
1.1643700787401574
20
0.0718503937007874
11
1.1643700787401574
21
0.0561023622047244
0
LINE
8
BLACK
6
CONTINUOUS
10
1.1643700787401574
20
0.0561023622047244
11
1.1637707086614173
21
0.053089094488189
0
LINE
8
BLACK
6
CONTINUOUS
10
1.1637707086614173
20
0.053089094488189
11
1.1620638188976378
21
0.0505346062992126
0
LINE
8
BLACK
6
CONTINUOUS
10
1.1620638188976378
20
0.0505346062992126
11
1.1595093307086615
21
0.0488277165354331
0
LINE
8
BLACK
6
CONTINUOUS
10
1.1595093307086615
20
0.0488277165354331
11
1.1564960629921259
21
0.0482283464566929
0
LINE
8
BLACK
6
CONTINUOUS
10
1.1564960629921259
20
0.0482283464566929
11
1.1348425196850394
21
0.0482283464566929
0
LINE
8
BLACK
6
CONTINUOUS
10
1.1348425196850394
20
0.0482283464566929
11
1.1318292519685038
21
0.0488277165354331
0
LINE
8
BLACK
6
CONTINUOUS
10
1.1318292519685038
20
0.0488277165354331
11
1.1292747637795275
21
0.0505346062992126
0
LINE
8
BLACK
6
CONTINUOUS
10
1.1292747637795275
20
0.0505346062992126
11
1.127567874015748
21
0.053089094488189
0
LINE
8
BLACK
6
CONTINUOUS
10
1.127567874015748
20
0.053089094488189
11
1.1269685039370079
21
0.0561023622047244
0
LINE
8
BLACK
6
CONTINUOUS
10
1.1269685039370079
20
0.0561023622047244
11
1.1269685039370079
21
0.0718503937007874
0
LINE
8
BLACK
6
CONTINUOUS
10
1.1269685039370079
20
0.0718503937007874
11
1.127567874015748
21
0.0748636614173228
0
LINE
8
BLACK
6
CONTINUOUS
10
1.127567874015748
20
0.0748636614173228
11
1.1292747637795275
21
0.0774181496062992
0
LINE
8
BLACK
6
CONTINUOUS
10
1.1292747637795275
20
0.0774181496062992
11
1.1318292519685038
21
0.0791250393700787
0
LINE
8
BLACK
6
CONTINUOUS
10
1.1318292519685038
20
0.0791250393700787
11
1.1348425196850394
21
0.0797244094488189
0
LINE
8
BLACK
6
CONTINUOUS
10
1.1348425196850394
20
0.0797244094488189
11
1.1564960629921259
21
0.0797244094488189
0
LINE
8
BLACK
6
CONTINUOUS
10
1.1564960629921259
20
0.0797244094488189
11
1.1595093307086615
21
0.0791250393700787
0
LINE
8
BLACK
6
CONTINUOUS
10
0.5578904724409449
20
0.1100685433070866
11
0.5607642913385826
21
0.1081483070866142
0
LINE
8
BLACK
6
CONTINUOUS
10
0.5607642913385826
20
0.1081483070866142
11
0.5746837401574802
21
0.0942288582677165
0
LINE
8
BLACK
6
CONTINUOUS
10
0.5746837401574802
20
0.0942288582677165
11
0.5766039763779528
21
0.0913550393700787
0
LINE
8
BLACK
6
CONTINUOUS
10
0.5766039763779528
20
0.0913550393700787
11
0.5772782677165355
21
0.0879651181102362
0
LINE
8
BLACK
6
CONTINUOUS
10
0.5772782677165355
20
0.0879651181102362
11
0.5766039763779528
21
0.0845752362204724
0
LINE
8
BLACK
6
CONTINUOUS
10
0.5766039763779528
20
0.0845752362204724
11
0.5746837401574802
21
0.0817013779527559
0
LINE
8
BLACK
6
CONTINUOUS
10
0.5746837401574802
20
0.0817013779527559
11
0.5621562598425197
21
0.0691738976377953
0
LINE
8
BLACK
6
CONTINUOUS
10
0.5621562598425197
20
0.0691738976377953
11
0.5592824015748031
21
0.0672536614173228
0
LINE
8
BLACK
6
CONTINUOUS
10
0.5592824015748031
20
0.0672536614173228
11
0.5558925196850394
21
0.0665793700787402
0
LINE
8
BLACK
6
CONTINUOUS
10
0.5558925196850394
20
0.0665793700787402
11
0.5525025984251969
21
0.0672536614173228
0
LINE
8
BLACK
6
CONTINUOUS
10
0.5525025984251969
20
0.0672536614173228
11
0.5496287795275591
21
0.0691738976377953
0
LINE
8
BLACK
6
CONTINUOUS
10
0.5496287795275591
20
0.0691738976377953
11
0.5357093307086614
21
0.0830933464566929
0
LINE
8
BLACK
6
CONTINUOUS
10
0.5357093307086614
20
0.0830933464566929
11
0.533789094488189
21
0.0859671653543307
0
LINE
8
BLACK
6
CONTINUOUS
10
0.533789094488189
20
0.0859671653543307
11
0.5331148031496062
21
0.0893570866141732
0
LINE
8
BLACK
6
CONTINUOUS
10
0.5331148031496062
20
0.0893570866141732
11
0.533789094488189
21
0.092746968503937
0
LINE
8
BLACK
6
CONTINUOUS
10
0.533789094488189
20
0.092746968503937
11
0.5357093307086614
21
0.0956208267716535
0
LINE
8
BLACK
6
CONTINUOUS
10
0.5357093307086614
20
0.0956208267716535
11
0.548236811023622
21
0.1081483070866142
0
LINE
8
BLACK
6
CONTINUOUS
10
0.548236811023622
20
0.1081483070866142
11
0.5511106692913386
21
0.1100685433070866
0
LINE
8
BLACK
6
CONTINUOUS
10
0.5511106692913386
20
0.1100685433070866
11
0.5545005511811023
21
0.1107428346456693
0
LINE
8
BLACK
6
CONTINUOUS
10
0.5545005511811023
20
0.1107428346456693
11
0.5578904724409449
21
0.1100685433070866
0
LINE
8
BLACK
6
CONTINUOUS
10
1.224700905511811
20
0.1240583464566929
11
1.2266167716535432
21
0.1227781889763779
0
LINE
8
BLACK
6
CONTINUOUS
10
1.2266167716535432
20
0.1227781889763779
11
1.2278969291338582
21
0.1208623228346457
0
LINE
8
BLACK
6
CONTINUOUS
10
1.2278969291338582
20
0.1208623228346457
11
1.2283464566929134
21
0.1186023622047244
0
LINE
8
BLACK
6
CONTINUOUS
10
1.2283464566929134
20
0.1186023622047244
11
1.2283464566929134
21
0.078248031496063
0
LINE
8
BLACK
6
CONTINUOUS
10
1.2283464566929134
20
0.078248031496063
11
1.2278969291338582
21
0.0759880708661417
0
LINE
8
BLACK
6
CONTINUOUS
10
1.2278969291338582
20
0.0759880708661417
11
1.2266167716535432
21
0.0740722047244095
0
LINE
8
BLACK
6
CONTINUOUS
10
1.2266167716535432
20
0.0740722047244095
11
1.224700905511811
21
0.0727920472440945
0
LINE
8
BLACK
6
CONTINUOUS
10
1.224700905511811
20
0.0727920472440945
11
1.2224409448818898
21
0.0723425196850394
0
LINE
8
BLACK
6
CONTINUOUS
10
1.2224409448818898
20
0.0723425196850394
11
1.2106299212598426
21
0.0723425196850394
0
LINE
8
BLACK
6
CONTINUOUS
10
1.2106299212598426
20
0.0723425196850394
11
1.2083699606299212
21
0.0727920472440945
0
LINE
8
BLACK
6
CONTINUOUS
10
1.2083699606299212
20
0.0727920472440945
11
1.206454094488189
21
0.0740722047244095
0
LINE
8
BLACK
6
CONTINUOUS
10
1.206454094488189
20
0.0740722047244095
11
1.205173937007874
21
0.0759880708661417
0
LINE
8
BLACK
6
CONTINUOUS
10
1.205173937007874
20
0.0759880708661417
11
1.204724409448819
21
0.078248031496063
0
LINE
8
BLACK
6
CONTINUOUS
10
1.204724409448819
20
0.078248031496063
11
1.204724409448819
21
0.1186023622047244
0
LINE
8
BLACK
6
CONTINUOUS
10
1.204724409448819
20
0.1186023622047244
11
1.205173937007874
21
0.1208623228346457
0
LINE
8
BLACK
6
CONTINUOUS
10
1.205173937007874
20
0.1208623228346457
11
1.206454094488189
21
0.1227781889763779
0
LINE
8
BLACK
6
CONTINUOUS
10
1.206454094488189
20
0.1227781889763779
11
1.2083699606299212
21
0.1240583464566929
0
LINE
8
BLACK
6
CONTINUOUS
10
1.2083699606299212
20
0.1240583464566929
11
1.2106299212598426
21
0.124507874015748
0
LINE
8
BLACK
6
CONTINUOUS
10
1.2106299212598426
20
0.124507874015748
11
1.2224409448818898
21
0.124507874015748
0
LINE
8
BLACK
6
CONTINUOUS
10
1.2224409448818898
20
0.124507874015748
11
1.224700905511811
21
0.1240583464566929
0
LINE
8
BLACK
6
CONTINUOUS
10
1.2995040551181103
20
0.1240583464566929
11
1.3014199212598425
21
0.1227781889763779
0
LINE
8
BLACK
6
CONTINUOUS
10
1.3014199212598425
20
0.1227781889763779
11
1.3027000787401575
21
0.1208623228346457
0
LINE
8
BLACK
6
CONTINUOUS
10
1.3027000787401575
20
0.1208623228346457
11
1.3031496062992125
21
0.1186023622047244
0
LINE
8
BLACK
6
CONTINUOUS
10
1.3031496062992125
20
0.1186023622047244
11
1.3031496062992125
21
0.078248031496063
0
LINE
8
BLACK
6
CONTINUOUS
10
1.3031496062992125
20
0.078248031496063
11
1.3027000787401575
21
0.0759880708661417
0
LINE
8
BLACK
6
CONTINUOUS
10
1.3027000787401575
20
0.0759880708661417
11
1.3014199212598425
21
0.0740722047244095
0
LINE
8
BLACK
6
CONTINUOUS
10
1.3014199212598425
20
0.0740722047244095
11
1.2995040551181103
21
0.0727920472440945
0
LINE
8
BLACK
6
CONTINUOUS
10
1.2995040551181103
20
0.0727920472440945
11
1.2972440944881889
21
0.0723425196850394
0
LINE
8
BLACK
6
CONTINUOUS
10
1.2972440944881889
20
0.0723425196850394
11
1.2854330708661417
21
0.0723425196850394
0
LINE
8
BLACK
6
CONTINUOUS
10
1.2854330708661417
20
0.0723425196850394
11
1.2831731102362205
21
0.0727920472440945
0
LINE
8
BLACK
6
CONTINUOUS
10
1.2831731102362205
20
0.0727920472440945
11
1.2812572440944883
21
0.0740722047244095
0
LINE
8
BLACK
6
CONTINUOUS
10
1.2812572440944883
20
0.0740722047244095
11
1.2799770866141733
21
0.0759880708661417
0
LINE
8
BLACK
6
CONTINUOUS
10
1.2799770866141733
20
0.0759880708661417
11
1.2795275590551181
21
0.078248031496063
0
LINE
8
BLACK
6
CONTINUOUS
10
1.2795275590551181
20
0.078248031496063
11
1.2795275590551181
21
0.1186023622047244
0
LINE
8
BLACK
6
CONTINUOUS
10
1.2795275590551181
20
0.1186023622047244
11
1.2799770866141733
21
0.1208623228346457
0
LINE
8
BLACK
6
CONTINUOUS
10
1.2799770866141733
20
0.1208623228346457
11
1.2812572440944883
21
0.1227781889763779
0
LINE
8
BLACK
6
CONTINUOUS
10
1.2812572440944883
20
0.1227781889763779
11
1.2831731102362205
21
0.1240583464566929
0
LINE
8
BLACK
6
CONTINUOUS
10
1.2831731102362205
20
0.1240583464566929
11
1.2854330708661417
21
0.124507874015748
0
LINE
8
BLACK
6
CONTINUOUS
10
1.2854330708661417
20
0.124507874015748
11
1.2972440944881889
21
0.124507874015748
0
LINE
8
BLACK
6
CONTINUOUS
10
1.2972440944881889
20
0.124507874015748
11
1.2995040551181103
21
0.1240583464566929
0
LINE
8
BLACK
6
CONTINUOUS
10
-1.3139414566929133
20
0.0960808267716535
11
-1.3120255905511811
21
0.0948006692913386
0
LINE
8
BLACK
6
CONTINUOUS
10
-1.3120255905511811
20
0.0948006692913386
11
-1.3107454330708661
21
0.0928848031496063
0
LINE
8
BLACK
6
CONTINUOUS
10
-1.3107454330708661
20
0.0928848031496063
11
-1.3102959055118111
21
0.090624842519685
0
LINE
8
BLACK
6
CONTINUOUS
10
-1.3102959055118111
20
0.090624842519685
11
-1.3102959055118111
21
0.0788138188976378
0
LINE
8
BLACK
6
CONTINUOUS
10
-1.3102959055118111
20
0.0788138188976378
11
-1.3107454330708661
21
0.0765538582677165
0
LINE
8
BLACK
6
CONTINUOUS
10
-1.3107454330708661
20
0.0765538582677165
11
-1.3120255905511811
21
0.0746379921259843
0
LINE
8
BLACK
6
CONTINUOUS
10
-1.3120255905511811
20
0.0746379921259843
11
-1.3139414566929133
21
0.0733578346456693
0
LINE
8
BLACK
6
CONTINUOUS
10
-1.3139414566929133
20
0.0733578346456693
11
-1.3162014173228347
21
0.0729083070866142
0
LINE
8
BLACK
6
CONTINUOUS
10
-1.3162014173228347
20
0.0729083070866142
11
-1.3713195275590551
21
0.0729083070866142
0
LINE
8
BLACK
6
CONTINUOUS
10
-1.3713195275590551
20
0.0729083070866142
11
-1.3735794881889762
21
0.0733578346456693
0
LINE
8
BLACK
6
CONTINUOUS
10
-1.3735794881889762
20
0.0733578346456693
11
-1.3754953543307087
21
0.0746379921259843
0
LINE
8
BLACK
6
CONTINUOUS
10
-1.3754953543307087
20
0.0746379921259843
11
-1.3767755118110236
21
0.0765538582677165
0
LINE
8
BLACK
6
CONTINUOUS
10
-1.3767755118110236
20
0.0765538582677165
11
-1.3772250393700787
21
0.0788138188976378
0
LINE
8
BLACK
6
CONTINUOUS
10
-1.3772250393700787
20
0.0788138188976378
11
-1.3772250393700787
21
0.090624842519685
0
LINE
8
BLACK
6
CONTINUOUS
10
-1.3772250393700787
20
0.090624842519685
11
-1.3767755118110236
21
0.0928848031496063
0
LINE
8
BLACK
6
CONTINUOUS
10
-1.3767755118110236
20
0.0928848031496063
11
-1.3754953543307087
21
0.0948006692913386
0
LINE
8
BLACK
6
CONTINUOUS
10
-1.3754953543307087
20
0.0948006692913386
11
-1.3735794881889762
21
0.0960808267716535
0
LINE
8
BLACK
6
CONTINUOUS
10
-1.3735794881889762
20
0.0960808267716535
11
-1.3713195275590551
21
0.0965303543307087
0
LINE
8
BLACK
6
CONTINUOUS
10
-1.3713195275590551
20
0.0965303543307087
11
-1.3162014173228347
21
0.0965303543307087
0
LINE
8
BLACK
6
CONTINUOUS
10
-1.3162014173228347
20
0.0965303543307087
11
-1.3139414566929133
21
0.0960808267716535
0
LINE
8
BLACK
6
CONTINUOUS
10
0.7935985433070866
20
0.1589992913385827
11
0.7955144094488189
21
0.1577191338582677
0
LINE
8
BLACK
6
CONTINUOUS
10
0.7955144094488189
20
0.1577191338582677
11
0.7967945669291339
21
0.1558032677165354
0
LINE
8
BLACK
6
CONTINUOUS
10
0.7967945669291339
20
0.1558032677165354
11
0.797244094488189
21
0.1535433070866142
0
LINE
8
BLACK
6
CONTINUOUS
10
0.797244094488189
20
0.1535433070866142
11
0.797244094488189
21
0.0984251968503937
0
LINE
8
BLACK
6
CONTINUOUS
10
0.797244094488189
20
0.0984251968503937
11
0.7967945669291339
21
0.0961652362204724
0
LINE
8
BLACK
6
CONTINUOUS
10
0.7967945669291339
20
0.0961652362204724
11
0.7955144094488189
21
0.0942493700787402
0
LINE
8
BLACK
6
CONTINUOUS
10
0.7955144094488189
20
0.0942493700787402
11
0.7935985433070866
21
0.0929692125984252
0
LINE
8
BLACK
6
CONTINUOUS
10
0.7935985433070866
20
0.0929692125984252
11
0.7913385826771653
21
0.0925196850393701
0
LINE
8
BLACK
6
CONTINUOUS
10
0.7913385826771653
20
0.0925196850393701
11
0.7795275590551181
21
0.0925196850393701
0
LINE
8
BLACK
6
CONTINUOUS
10
0.7795275590551181
20
0.0925196850393701
11
0.7772675984251969
21
0.0929692125984252
0
LINE
8
BLACK
6
CONTINUOUS
10
0.7772675984251969
20
0.0929692125984252
11
0.7753517322834645
21
0.0942493700787402
0
LINE
8
BLACK
6
CONTINUOUS
10
0.7753517322834645
20
0.0942493700787402
11
0.7740715748031496
21
0.0961652362204724
0
LINE
8
BLACK
6
CONTINUOUS
10
0.7740715748031496
20
0.0961652362204724
11
0.7736220472440944
21
0.0984251968503937
0
LINE
8
BLACK
6
CONTINUOUS
10
0.7736220472440944
20
0.0984251968503937
11
0.7736220472440944
21
0.1535433070866142
0
LINE
8
BLACK
6
CONTINUOUS
10
0.7736220472440944
20
0.1535433070866142
11
0.7740715748031496
21
0.1558032677165354
0
LINE
8
BLACK
6
CONTINUOUS
10
0.7740715748031496
20
0.1558032677165354
11
0.7753517322834645
21
0.1577191338582677
0
LINE
8
BLACK
6
CONTINUOUS
10
0.7753517322834645
20
0.1577191338582677
11
0.7772675984251969
21
0.1589992913385827
0
LINE
8
BLACK
6
CONTINUOUS
10
0.7772675984251969
20
0.1589992913385827
11
0.7795275590551181
21
0.1594488188976378
0
LINE
8
BLACK
6
CONTINUOUS
10
0.7795275590551181
20
0.1594488188976378
11
0.7913385826771653
21
0.1594488188976378
0
LINE
8
BLACK
6
CONTINUOUS
10
0.7913385826771653
20
0.1594488188976378
11
0.7935985433070866
21
0.1589992913385827
0
LINE
8
BLACK
6
CONTINUOUS
10
0.8428111417322834
20
0.1589992913385827
11
0.8447270078740158
21
0.1577191338582677
0
LINE
8
BLACK
6
CONTINUOUS
10
0.8447270078740158
20
0.1577191338582677
11
0.8460071653543307
21
0.1558032677165354
0
LINE
8
BLACK
6
CONTINUOUS
10
0.8460071653543307
20
0.1558032677165354
11
0.8464566929133858
21
0.1535433070866142
0
LINE
8
BLACK
6
CONTINUOUS
10
0.8464566929133858
20
0.1535433070866142
11
0.8464566929133858
21
0.0984251968503937
0
LINE
8
BLACK
6
CONTINUOUS
10
0.8464566929133858
20
0.0984251968503937
11
0.8460071653543307
21
0.0961652362204724
0
LINE
8
BLACK
6
CONTINUOUS
10
0.8460071653543307
20
0.0961652362204724
11
0.8447270078740158
21
0.0942493700787402
0
LINE
8
BLACK
6
CONTINUOUS
10
0.8447270078740158
20
0.0942493700787402
11
0.8428111417322834
21
0.0929692125984252
0
LINE
8
BLACK
6
CONTINUOUS
10
0.8428111417322834
20
0.0929692125984252
11
0.8405511811023622
21
0.0925196850393701
0
LINE
8
BLACK
6
CONTINUOUS
10
0.8405511811023622
20
0.0925196850393701
11
0.8287401574803149
21
0.0925196850393701
0
LINE
8
BLACK
6
CONTINUOUS
10
0.8287401574803149
20
0.0925196850393701
11
0.8264801968503936
21
0.0929692125984252
0
LINE
8
BLACK
6
CONTINUOUS
10
0.8264801968503936
20
0.0929692125984252
11
0.8245643307086614
21
0.0942493700787402
0
LINE
8
BLACK
6
CONTINUOUS
10
0.8245643307086614
20
0.0942493700787402
11
0.8232841732283465
21
0.0961652362204724
0
LINE
8
BLACK
6
CONTINUOUS
10
0.8232841732283465
20
0.0961652362204724
11
0.8228346456692913
21
0.0984251968503937
0
LINE
8
BLACK
6
CONTINUOUS
10
0.8228346456692913
20
0.0984251968503937
11
0.8228346456692913
21
0.1535433070866142
0
LINE
8
BLACK
6
CONTINUOUS
10
0.8228346456692913
20
0.1535433070866142
11
0.8232841732283465
21
0.1558032677165354
0
LINE
8
BLACK
6
CONTINUOUS
10
0.8232841732283465
20
0.1558032677165354
11
0.8245643307086614
21
0.1577191338582677
0
LINE
8
BLACK
6
CONTINUOUS
10
0.8245643307086614
20
0.1577191338582677
11
0.8264801968503936
21
0.1589992913385827
0
LINE
8
BLACK
6
CONTINUOUS
10
0.8264801968503936
20
0.1589992913385827
11
0.8287401574803149
21
0.1594488188976378
0
LINE
8
BLACK
6
CONTINUOUS
10
0.8287401574803149
20
0.1594488188976378
11
0.8405511811023622
21
0.1594488188976378
0
LINE
8
BLACK
6
CONTINUOUS
10
0.8405511811023622
20
0.1594488188976378
11
0.8428111417322834
21
0.1589992913385827
0
LINE
8
BLACK
6
CONTINUOUS
10
0.8920237401574803
20
0.1589992913385827
11
0.8939396062992125
21
0.1577191338582677
0
LINE
8
BLACK
6
CONTINUOUS
10
0.8939396062992125
20
0.1577191338582677
11
0.8952197637795275
21
0.1558032677165354
0
LINE
8
BLACK
6
CONTINUOUS
10
0.8952197637795275
20
0.1558032677165354
11
0.8956692913385826
21
0.1535433070866142
0
LINE
8
BLACK
6
CONTINUOUS
10
0.8956692913385826
20
0.1535433070866142
11
0.8956692913385826
21
0.0984251968503937
0
LINE
8
BLACK
6
CONTINUOUS
10
0.8956692913385826
20
0.0984251968503937
11
0.8952197637795275
21
0.0961652362204724
0
LINE
8
BLACK
6
CONTINUOUS
10
0.8952197637795275
20
0.0961652362204724
11
0.8939396062992125
21
0.0942493700787402
0
LINE
8
BLACK
6
CONTINUOUS
10
0.8939396062992125
20
0.0942493700787402
11
0.8920237401574803
21
0.0929692125984252
0
LINE
8
BLACK
6
CONTINUOUS
10
0.8920237401574803
20
0.0929692125984252
11
0.889763779527559
21
0.0925196850393701
0
LINE
8
BLACK
6
CONTINUOUS
10
0.889763779527559
20
0.0925196850393701
11
0.8779527559055118
21
0.0925196850393701
0
LINE
8
BLACK
6
CONTINUOUS
10
0.8779527559055118
20
0.0925196850393701
11
0.8756927952755905
21
0.0929692125984252
0
LINE
8
BLACK
6
CONTINUOUS
10
0.8756927952755905
20
0.0929692125984252
11
0.8737769291338583
21
0.0942493700787402
0
LINE
8
BLACK
6
CONTINUOUS
10
0.8737769291338583
20
0.0942493700787402
11
0.8724967716535433
21
0.0961652362204724
0
LINE
8
BLACK
6
CONTINUOUS
10
0.8724967716535433
20
0.0961652362204724
11
0.8720472440944882
21
0.0984251968503937
0
LINE
8
BLACK
6
CONTINUOUS
10
0.8720472440944882
20
0.0984251968503937
11
0.8720472440944882
21
0.1535433070866142
0
LINE
8
BLACK
6
CONTINUOUS
10
0.8720472440944882
20
0.1535433070866142
11
0.8724967716535433
21
0.1558032677165354
0
LINE
8
BLACK
6
CONTINUOUS
10
0.8724967716535433
20
0.1558032677165354
11
0.8737769291338583
21
0.1577191338582677
0
LINE
8
BLACK
6
CONTINUOUS
10
0.8737769291338583
20
0.1577191338582677
11
0.8756927952755905
21
0.1589992913385827
0
LINE
8
BLACK
6
CONTINUOUS
10
0.8756927952755905
20
0.1589992913385827
11
0.8779527559055118
21
0.1594488188976378
0
LINE
8
BLACK
6
CONTINUOUS
10
0.8779527559055118
20
0.1594488188976378
11
0.889763779527559
21
0.1594488188976378
0
LINE
8
BLACK
6
CONTINUOUS
10
0.889763779527559
20
0.1594488188976378
11
0.8920237401574803
21
0.1589992913385827
0
LINE
8
BLACK
6
CONTINUOUS
10
0.6010407086614173
20
0.1532187795275591
11
0.6039145275590551
21
0.1512985433070866
0
LINE
8
BLACK
6
CONTINUOUS
10
0.6039145275590551
20
0.1512985433070866
11
0.6178339763779528
21
0.137379094488189
0
LINE
8
BLACK
6
CONTINUOUS
10
0.6178339763779528
20
0.137379094488189
11
0.6197542125984252
21
0.1345052755905512
0
LINE
8
BLACK
6
CONTINUOUS
10
0.6197542125984252
20
0.1345052755905512
11
0.6204285039370079
21
0.1311153543307087
0
LINE
8
BLACK
6
CONTINUOUS
10
0.6204285039370079
20
0.1311153543307087
11
0.6197542125984252
21
0.1277254724409449
0
LINE
8
BLACK
6
CONTINUOUS
10
0.6197542125984252
20
0.1277254724409449
11
0.6178339763779528
21
0.1248516141732283
0
LINE
8
BLACK
6
CONTINUOUS
10
0.6178339763779528
20
0.1248516141732283
11
0.6053064960629921
21
0.1123241338582677
0
LINE
8
BLACK
6
CONTINUOUS
10
0.6053064960629921
20
0.1123241338582677
11
0.6024326377952756
21
0.1104038976377953
0
LINE
8
BLACK
6
CONTINUOUS
10
0.6024326377952756
20
0.1104038976377953
11
0.5990427559055118
21
0.1097296062992126
0
LINE
8
BLACK
6
CONTINUOUS
10
0.5990427559055118
20
0.1097296062992126
11
0.5956528346456693
21
0.1104038976377953
0
LINE
8
BLACK
6
CONTINUOUS
10
0.5956528346456693
20
0.1104038976377953
11
0.5927790157480315
21
0.1123241338582677
0
LINE
8
BLACK
6
CONTINUOUS
10
0.5927790157480315
20
0.1123241338582677
11
0.5788595669291339
21
0.1262435826771653
0
LINE
8
BLACK
6
CONTINUOUS
10
0.5788595669291339
20
0.1262435826771653
11
0.5769393307086614
21
0.1291174015748031
0
LINE
8
BLACK
6
CONTINUOUS
10
0.5769393307086614
20
0.1291174015748031
11
0.5762650393700788
21
0.1325073228346457
0
LINE
8
BLACK
6
CONTINUOUS
10
0.5762650393700788
20
0.1325073228346457
11
0.5769393307086614
21
0.1358972047244094
0
LINE
8
BLACK
6
CONTINUOUS
10
0.5769393307086614
20
0.1358972047244094
11
0.5788595669291339
21
0.138771062992126
0
LINE
8
BLACK
6
CONTINUOUS
10
0.5788595669291339
20
0.138771062992126
11
0.5913870472440945
21
0.1512985433070866
0
LINE
8
BLACK
6
CONTINUOUS
10
0.5913870472440945
20
0.1512985433070866
11
0.594260905511811
21
0.1532187795275591
0
LINE
8
BLACK
6
CONTINUOUS
10
0.594260905511811
20
0.1532187795275591
11
0.5976507874015747
21
0.1538930708661417
0
LINE
8
BLACK
6
CONTINUOUS
10
0.5976507874015747
20
0.1538930708661417
11
0.6010407086614173
21
0.1532187795275591
0
LINE
8
BLACK
6
CONTINUOUS
10
-1.3139414566929133
20
0.1452934251968504
11
-1.3120255905511811
21
0.1440132677165354
0
LINE
8
BLACK
6
CONTINUOUS
10
-1.3120255905511811
20
0.1440132677165354
11
-1.3107454330708661
21
0.1420974015748031
0
LINE
8
BLACK
6
CONTINUOUS
10
-1.3107454330708661
20
0.1420974015748031
11
-1.3102959055118111
21
0.1398374409448819
0
LINE
8
BLACK
6
CONTINUOUS
10
-1.3102959055118111
20
0.1398374409448819
11
-1.3102959055118111
21
0.1280264173228347
0
LINE
8
BLACK
6
CONTINUOUS
10
-1.3102959055118111
20
0.1280264173228347
11
-1.3107454330708661
21
0.1257664566929134
0
LINE
8
BLACK
6
CONTINUOUS
10
-1.3107454330708661
20
0.1257664566929134
11
-1.3120255905511811
21
0.1238505905511811
0
LINE
8
BLACK
6
CONTINUOUS
10
-1.3120255905511811
20
0.1238505905511811
11
-1.3139414566929133
21
0.1225704330708661
0
LINE
8
BLACK
6
CONTINUOUS
10
-1.3139414566929133
20
0.1225704330708661
11
-1.3162014173228347
21
0.122120905511811
0
LINE
8
BLACK
6
CONTINUOUS
10
-1.3162014173228347
20
0.122120905511811
11
-1.3713195275590551
21
0.122120905511811
0
LINE
8
BLACK
6
CONTINUOUS
10
-1.3713195275590551
20
0.122120905511811
11
-1.3735794881889762
21
0.1225704330708661
0
LINE
8
BLACK
6
CONTINUOUS
10
-1.3735794881889762
20
0.1225704330708661
11
-1.3754953543307087
21
0.1238505905511811
0
LINE
8
BLACK
6
CONTINUOUS
10
-1.3754953543307087
20
0.1238505905511811
11
-1.3767755118110236
21
0.1257664566929134
0
LINE
8
BLACK
6
CONTINUOUS
10
-1.3767755118110236
20
0.1257664566929134
11
-1.3772250393700787
21
0.1280264173228347
0
LINE
8
BLACK
6
CONTINUOUS
10
-1.3772250393700787
20
0.1280264173228347
11
-1.3772250393700787
21
0.1398374409448819
0
LINE
8
BLACK
6
CONTINUOUS
10
-1.3772250393700787
20
0.1398374409448819
11
-1.3767755118110236
21
0.1420974015748031
0
LINE
8
BLACK
6
CONTINUOUS
10
-1.3767755118110236
20
0.1420974015748031
11
-1.3754953543307087
21
0.1440132677165354
0
LINE
8
BLACK
6
CONTINUOUS
10
-1.3754953543307087
20
0.1440132677165354
11
-1.3735794881889762
21
0.1452934251968504
0
LINE
8
BLACK
6
CONTINUOUS
10
-1.3735794881889762
20
0.1452934251968504
11
-1.3713195275590551
21
0.1457429527559055
0
LINE
8
BLACK
6
CONTINUOUS
10
-1.3713195275590551
20
0.1457429527559055
11
-1.3162014173228347
21
0.1457429527559055
0
LINE
8
BLACK
6
CONTINUOUS
10
-1.3162014173228347
20
0.1457429527559055
11
-1.3139414566929133
21
0.1452934251968504
0
LINE
8
BLACK
6
CONTINUOUS
10
-0.8675614566929134
20
0.2233605511811023
11
-0.8644461811023622
21
0.221561968503937
0
LINE
8
BLACK
6
CONTINUOUS
10
-0.8644461811023622
20
0.221561968503937
11
-0.8619025984251968
21
0.2190183858267717
0
LINE
8
BLACK
6
CONTINUOUS
10
-0.8619025984251968
20
0.2190183858267717
11
-0.8601040157480315
21
0.2159031102362205
0
LINE
8
BLACK
6
CONTINUOUS
10
-0.8601040157480315
20
0.2159031102362205
11
-0.8591729921259842
21
0.2124285039370079
0
LINE
8
BLACK
6
CONTINUOUS
10
-0.8591729921259842
20
0.2124285039370079
11
-0.8590551181102362
21
0.2106299212598425
0
LINE
8
BLACK
6
CONTINUOUS
10
-0.8590551181102362
20
0.2106299212598425
11
-0.8590551181102362
21
0.1358267716535433
0
LINE
8
BLACK
6
CONTINUOUS
10
-0.8590551181102362
20
0.1358267716535433
11
-0.8591729921259842
21
0.1340281889763779
0
LINE
8
BLACK
6
CONTINUOUS
10
-0.8591729921259842
20
0.1340281889763779
11
-0.8601040157480315
21
0.1305535826771654
0
LINE
8
BLACK
6
CONTINUOUS
10
-0.8601040157480315
20
0.1305535826771654
11
-0.8619025984251968
21
0.1274383070866142
0
LINE
8
BLACK
6
CONTINUOUS
10
-0.8619025984251968
20
0.1274383070866142
11
-0.8644461811023622
21
0.1248947244094488
0
LINE
8
BLACK
6
CONTINUOUS
10
-0.8644461811023622
20
0.1248947244094488
11
-0.8675614566929134
21
0.1230961417322835
0
LINE
8
BLACK
6
CONTINUOUS
10
-0.8675614566929134
20
0.1230961417322835
11
-0.871036062992126
21
0.1221651181102362
0
LINE
8
BLACK
6
CONTINUOUS
10
-0.871036062992126
20
0.1221651181102362
11
-0.8746332283464566
21
0.1221651181102362
0
LINE
8
BLACK
6
CONTINUOUS
10
-0.8746332283464566
20
0.1221651181102362
11
-0.8781078346456692
21
0.1230961417322835
0
LINE
8
BLACK
6
CONTINUOUS
10
-0.8781078346456692
20
0.1230961417322835
11
-0.8812231102362205
21
0.1248947244094488
0
LINE
8
BLACK
6
CONTINUOUS
10
-0.8812231102362205
20
0.1248947244094488
11
-0.8837666929133858
21
0.1274383070866142
0
LINE
8
BLACK
6
CONTINUOUS
10
-0.8837666929133858
20
0.1274383070866142
11
-0.8855652755905512
21
0.1305535826771654
0
LINE
8
BLACK
6
CONTINUOUS
10
-0.8855652755905512
20
0.1305535826771654
11
-0.8864962992125984
21
0.1340281889763779
0
LINE
8
BLACK
6
CONTINUOUS
10
-0.8864962992125984
20
0.1340281889763779
11
-0.8866141732283465
21
0.1358267716535433
0
LINE
8
BLACK
6
CONTINUOUS
10
-0.8866141732283465
20
0.1358267716535433
11
-0.8866141732283465
21
0.2106299212598425
0
LINE
8
BLACK
6
CONTINUOUS
10
-0.8866141732283465
20
0.2106299212598425
11
-0.8864962992125984
21
0.2124285039370079
0
LINE
8
BLACK
6
CONTINUOUS
10
-0.8864962992125984
20
0.2124285039370079
11
-0.8855652755905512
21
0.2159031102362205
0
LINE
8
BLACK
6
CONTINUOUS
10
-0.8855652755905512
20
0.2159031102362205
11
-0.8837666929133858
21
0.2190183858267717
0
LINE
8
BLACK
6
CONTINUOUS
10
-0.8837666929133858
20
0.2190183858267717
11
-0.8812231102362205
21
0.221561968503937
0
LINE
8
BLACK
6
CONTINUOUS
10
-0.8812231102362205
20
0.221561968503937
11
-0.8781078346456692
21
0.2233605511811023
0
LINE
8
BLACK
6
CONTINUOUS
10
-0.8781078346456692
20
0.2233605511811023
11
-0.8746332283464566
21
0.2242915748031496
0
LINE
8
BLACK
6
CONTINUOUS
10
-0.8746332283464566
20
0.2242915748031496
11
-0.871036062992126
21
0.2242915748031496
0
LINE
8
BLACK
6
CONTINUOUS
10
-0.871036062992126
20
0.2242915748031496
11
-0.8675614566929134
21
0.2233605511811023
0
LINE
8
BLACK
6
CONTINUOUS
10
-0.8175614566929134
20
0.2233605511811023
11
-0.8144461811023622
21
0.221561968503937
0
LINE
8
BLACK
6
CONTINUOUS
10
-0.8144461811023622
20
0.221561968503937
11
-0.8119025984251969
21
0.2190183858267717
0
LINE
8
BLACK
6
CONTINUOUS
10
-0.8119025984251969
20
0.2190183858267717
11
-0.8101040157480315
21
0.2159031102362205
0
LINE
8
BLACK
6
CONTINUOUS
10
-0.8101040157480315
20
0.2159031102362205
11
-0.8091729921259843
21
0.2124285039370079
0
LINE
8
BLACK
6
CONTINUOUS
10
-0.8091729921259843
20
0.2124285039370079
11
-0.8090551181102362
21
0.2106299212598425
0
LINE
8
BLACK
6
CONTINUOUS
10
-0.8090551181102362
20
0.2106299212598425
11
-0.8090551181102362
21
0.1358267716535433
0
LINE
8
BLACK
6
CONTINUOUS
10
-0.8090551181102362
20
0.1358267716535433
11
-0.8091729921259843
21
0.1340281889763779
0
LINE
8
BLACK
6
CONTINUOUS
10
-0.8091729921259843
20
0.1340281889763779
11
-0.8101040157480315
21
0.1305535826771654
0
LINE
8
BLACK
6
CONTINUOUS
10
-0.8101040157480315
20
0.1305535826771654
11
-0.8119025984251969
21
0.1274383070866142
0
LINE
8
BLACK
6
CONTINUOUS
10
-0.8119025984251969
20
0.1274383070866142
11
-0.8144461811023622
21
0.1248947244094488
0
LINE
8
BLACK
6
CONTINUOUS
10
-0.8144461811023622
20
0.1248947244094488
11
-0.8175614566929134
21
0.1230961417322835
0
LINE
8
BLACK
6
CONTINUOUS
10
-0.8175614566929134
20
0.1230961417322835
11
-0.8210360629921259
21
0.1221651181102362
0
LINE
8
BLACK
6
CONTINUOUS
10
-0.8210360629921259
20
0.1221651181102362
11
-0.8246332283464567
21
0.1221651181102362
0
LINE
8
BLACK
6
CONTINUOUS
10
-0.8246332283464567
20
0.1221651181102362
11
-0.8281078346456693
21
0.1230961417322835
0
LINE
8
BLACK
6
CONTINUOUS
10
-0.8281078346456693
20
0.1230961417322835
11
-0.8312231102362204
21
0.1248947244094488
0
LINE
8
BLACK
6
CONTINUOUS
10
-0.8312231102362204
20
0.1248947244094488
11
-0.8337666929133858
21
0.1274383070866142
0
LINE
8
BLACK
6
CONTINUOUS
10
-0.8337666929133858
20
0.1274383070866142
11
-0.8355652755905512
21
0.1305535826771654
0
LINE
8
BLACK
6
CONTINUOUS
10
-0.8355652755905512
20
0.1305535826771654
11
-0.8364962992125984
21
0.1340281889763779
0
LINE
8
BLACK
6
CONTINUOUS
10
-0.8364962992125984
20
0.1340281889763779
11
-0.8366141732283464
21
0.1358267716535433
0
LINE
8
BLACK
6
CONTINUOUS
10
-0.8366141732283464
20
0.1358267716535433
11
-0.8366141732283464
21
0.2106299212598425
0
LINE
8
BLACK
6
CONTINUOUS
10
-0.8366141732283464
20
0.2106299212598425
11
-0.8364962992125984
21
0.2124285039370079
0
LINE
8
BLACK
6
CONTINUOUS
10
-0.8364962992125984
20
0.2124285039370079
11
-0.8355652755905512
21
0.2159031102362205
0
LINE
8
BLACK
6
CONTINUOUS
10
-0.8355652755905512
20
0.2159031102362205
11
-0.8337666929133858
21
0.2190183858267717
0
LINE
8
BLACK
6
CONTINUOUS
10
-0.8337666929133858
20
0.2190183858267717
11
-0.8312231102362204
21
0.221561968503937
0
LINE
8
BLACK
6
CONTINUOUS
10
-0.8312231102362204
20
0.221561968503937
11
-0.8281078346456693
21
0.2233605511811023
0
LINE
8
BLACK
6
CONTINUOUS
10
-0.8281078346456693
20
0.2233605511811023
11
-0.8246332283464567
21
0.2242915748031496
0
LINE
8
BLACK
6
CONTINUOUS
10
-0.8246332283464567
20
0.2242915748031496
11
-0.8210360629921259
21
0.2242915748031496
0
LINE
8
BLACK
6
CONTINUOUS
10
-0.8210360629921259
20
0.2242915748031496
11
-0.8175614566929134
21
0.2233605511811023
0
LINE
8
BLACK
6
CONTINUOUS
10
-0.7675614566929133
20
0.2233605511811023
11
-0.7644461811023622
21
0.221561968503937
0
LINE
8
BLACK
6
CONTINUOUS
10
-0.7644461811023622
20
0.221561968503937
11
-0.7619025984251968
21
0.2190183858267717
0
LINE
8
BLACK
6
CONTINUOUS
10
-0.7619025984251968
20
0.2190183858267717
11
-0.7601040157480314
21
0.2159031102362205
0
LINE
8
BLACK
6
CONTINUOUS
10
-0.7601040157480314
20
0.2159031102362205
11
-0.7591729921259842
21
0.2124285039370079
0
LINE
8
BLACK
6
CONTINUOUS
10
-0.7591729921259842
20
0.2124285039370079
11
-0.7590551181102362
21
0.2106299212598425
0
LINE
8
BLACK
6
CONTINUOUS
10
-0.7590551181102362
20
0.2106299212598425
11
-0.7590551181102362
21
0.1358267716535433
0
LINE
8
BLACK
6
CONTINUOUS
10
-0.7590551181102362
20
0.1358267716535433
11
-0.7591729921259842
21
0.1340281889763779
0
LINE
8
BLACK
6
CONTINUOUS
10
-0.7591729921259842
20
0.1340281889763779
11
-0.7601040157480314
21
0.1305535826771654
0
LINE
8
BLACK
6
CONTINUOUS
10
-0.7601040157480314
20
0.1305535826771654
11
-0.7619025984251968
21
0.1274383070866142
0
LINE
8
BLACK
6
CONTINUOUS
10
-0.7619025984251968
20
0.1274383070866142
11
-0.7644461811023622
21
0.1248947244094488
0
LINE
8
BLACK
6
CONTINUOUS
10
-0.7644461811023622
20
0.1248947244094488
11
-0.7675614566929133
21
0.1230961417322835
0
LINE
8
BLACK
6
CONTINUOUS
10
-0.7675614566929133
20
0.1230961417322835
11
-0.771036062992126
21
0.1221651181102362
0
LINE
8
BLACK
6
CONTINUOUS
10
-0.771036062992126
20
0.1221651181102362
11
-0.7746332283464566
21
0.1221651181102362
0
LINE
8
BLACK
6
CONTINUOUS
10
-0.7746332283464566
20
0.1221651181102362
11
-0.7781078346456692
21
0.1230961417322835
0
LINE
8
BLACK
6
CONTINUOUS
10
-0.7781078346456692
20
0.1230961417322835
11
-0.7812231102362205
21
0.1248947244094488
0
LINE
8
BLACK
6
CONTINUOUS
10
-0.7812231102362205
20
0.1248947244094488
11
-0.7837666929133859
21
0.1274383070866142
0
LINE
8
BLACK
6
CONTINUOUS
10
-0.7837666929133859
20
0.1274383070866142
11
-0.7855652755905511
21
0.1305535826771654
0
LINE
8
BLACK
6
CONTINUOUS
10
-0.7855652755905511
20
0.1305535826771654
11
-0.7864962992125984
21
0.1340281889763779
0
LINE
8
BLACK
6
CONTINUOUS
10
-0.7864962992125984
20
0.1340281889763779
11
-0.7866141732283465
21
0.1358267716535433
0
LINE
8
BLACK
6
CONTINUOUS
10
-0.7866141732283465
20
0.1358267716535433
11
-0.7866141732283465
21
0.2106299212598425
0
LINE
8
BLACK
6
CONTINUOUS
10
-0.7866141732283465
20
0.2106299212598425
11
-0.7864962992125984
21
0.2124285039370079
0
LINE
8
BLACK
6
CONTINUOUS
10
-0.7864962992125984
20
0.2124285039370079
11
-0.7855652755905511
21
0.2159031102362205
0
LINE
8
BLACK
6
CONTINUOUS
10
-0.7855652755905511
20
0.2159031102362205
11
-0.7837666929133859
21
0.2190183858267717
0
LINE
8
BLACK
6
CONTINUOUS
10
-0.7837666929133859
20
0.2190183858267717
11
-0.7812231102362205
21
0.221561968503937
0
LINE
8
BLACK
6
CONTINUOUS
10
-0.7812231102362205
20
0.221561968503937
11
-0.7781078346456692
21
0.2233605511811023
0
LINE
8
BLACK
6
CONTINUOUS
10
-0.7781078346456692
20
0.2233605511811023
11
-0.7746332283464566
21
0.2242915748031496
0
LINE
8
BLACK
6
CONTINUOUS
10
-0.7746332283464566
20
0.2242915748031496
11
-0.771036062992126
21
0.2242915748031496
0
LINE
8
BLACK
6
CONTINUOUS
10
-0.771036062992126
20
0.2242915748031496
11
-0.7675614566929133
21
0.2233605511811023
0
LINE
8
BLACK
6
CONTINUOUS
10
-0.7173646062992126
20
0.2233605511811023
11
-0.7142493307086614
21
0.221561968503937
0
LINE
8
BLACK
6
CONTINUOUS
10
-0.7142493307086614
20
0.221561968503937
11
-0.711705748031496
21
0.2190183858267717
0
LINE
8
BLACK
6
CONTINUOUS
10
-0.711705748031496
20
0.2190183858267717
11
-0.7099071653543307
21
0.2159031102362205
0
LINE
8
BLACK
6
CONTINUOUS
10
-0.7099071653543307
20
0.2159031102362205
11
-0.7089761417322834
21
0.2124285039370079
0
LINE
8
BLACK
6
CONTINUOUS
10
-0.7089761417322834
20
0.2124285039370079
11
-0.7088582677165354
21
0.2106299212598425
0
LINE
8
BLACK
6
CONTINUOUS
10
-0.7088582677165354
20
0.2106299212598425
11
-0.7088582677165354
21
0.1358267716535433
0
LINE
8
BLACK
6
CONTINUOUS
10
-0.7088582677165354
20
0.1358267716535433
11
-0.7089761417322834
21
0.1340281889763779
0
LINE
8
BLACK
6
CONTINUOUS
10
-0.7089761417322834
20
0.1340281889763779
11
-0.7099071653543307
21
0.1305535826771654
0
LINE
8
BLACK
6
CONTINUOUS
10
-0.7099071653543307
20
0.1305535826771654
11
-0.711705748031496
21
0.1274383070866142
0
LINE
8
BLACK
6
CONTINUOUS
10
-0.711705748031496
20
0.1274383070866142
11
-0.7142493307086614
21
0.1248947244094488
0
LINE
8
BLACK
6
CONTINUOUS
10
-0.7142493307086614
20
0.1248947244094488
11
-0.7173646062992126
21
0.1230961417322835
0
LINE
8
BLACK
6
CONTINUOUS
10
-0.7173646062992126
20
0.1230961417322835
11
-0.7208392125984252
21
0.1221651181102362
0
LINE
8
BLACK
6
CONTINUOUS
10
-0.7208392125984252
20
0.1221651181102362
11
-0.7244363779527558
21
0.1221651181102362
0
LINE
8
BLACK
6
CONTINUOUS
10
-0.7244363779527558
20
0.1221651181102362
11
-0.7279109842519685
21
0.1230961417322835
0
LINE
8
BLACK
6
CONTINUOUS
10
-0.7279109842519685
20
0.1230961417322835
11
-0.7310262598425197
21
0.1248947244094488
0
LINE
8
BLACK
6
CONTINUOUS
10
-0.7310262598425197
20
0.1248947244094488
11
-0.733569842519685
21
0.1274383070866142
0
LINE
8
BLACK
6
CONTINUOUS
10
-0.733569842519685
20
0.1274383070866142
11
-0.7353684251968504
21
0.1305535826771654
0
LINE
8
BLACK
6
CONTINUOUS
10
-0.7353684251968504
20
0.1305535826771654
11
-0.7362994488188976
21
0.1340281889763779
0
LINE
8
BLACK
6
CONTINUOUS
10
-0.7362994488188976
20
0.1340281889763779
11
-0.7364173228346457
21
0.1358267716535433
0
LINE
8
BLACK
6
CONTINUOUS
10
-0.7364173228346457
20
0.1358267716535433
11
-0.7364173228346457
21
0.2106299212598425
0
LINE
8
BLACK
6
CONTINUOUS
10
-0.7364173228346457
20
0.2106299212598425
11
-0.7362994488188976
21
0.2124285039370079
0
LINE
8
BLACK
6
CONTINUOUS
10
-0.7362994488188976
20
0.2124285039370079
11
-0.7353684251968504
21
0.2159031102362205
0
LINE
8
BLACK
6
CONTINUOUS
10
-0.7353684251968504
20
0.2159031102362205
11
-0.733569842519685
21
0.2190183858267717
0
LINE
8
BLACK
6
CONTINUOUS
10
-0.733569842519685
20
0.2190183858267717
11
-0.7310262598425197
21
0.221561968503937
0
LINE
8
BLACK
6
CONTINUOUS
10
-0.7310262598425197
20
0.221561968503937
11
-0.7279109842519685
21
0.2233605511811023
0
LINE
8
BLACK
6
CONTINUOUS
10
-0.7279109842519685
20
0.2233605511811023
11
-0.7244363779527558
21
0.2242915748031496
0
LINE
8
BLACK
6
CONTINUOUS
10
-0.7244363779527558
20
0.2242915748031496
11
-0.7208392125984252
21
0.2242915748031496
0
LINE
8
BLACK
6
CONTINUOUS
10
-0.7208392125984252
20
0.2242915748031496
11
-0.7173646062992126
21
0.2233605511811023
0
LINE
8
BLACK
6
CONTINUOUS
10
1.2337048818897638
20
0.191254842519685
11
1.2365787007874016
21
0.1893346062992126
0
LINE
8
BLACK
6
CONTINUOUS
10
1.2365787007874016
20
0.1893346062992126
11
1.2384989370078741
21
0.1864607874015748
0
LINE
8
BLACK
6
CONTINUOUS
10
1.2384989370078741
20
0.1864607874015748
11
1.2391732283464567
21
0.1830708661417323
0
LINE
8
BLACK
6
CONTINUOUS
10
1.2391732283464567
20
0.1830708661417323
11
1.2391732283464567
21
0.1633858267716535
0
LINE
8
BLACK
6
CONTINUOUS
10
1.2391732283464567
20
0.1633858267716535
11
1.2384989370078741
21
0.159995905511811
0
LINE
8
BLACK
6
CONTINUOUS
10
1.2384989370078741
20
0.159995905511811
11
1.2365787007874016
21
0.1571220866141732
0
LINE
8
BLACK
6
CONTINUOUS
10
1.2365787007874016
20
0.1571220866141732
11
1.2337048818897638
21
0.1552018503937008
0
LINE
8
BLACK
6
CONTINUOUS
10
1.2337048818897638
20
0.1552018503937008
11
1.2303149606299213
21
0.1545275590551181
0
LINE
8
BLACK
6
CONTINUOUS
10
1.2303149606299213
20
0.1545275590551181
11
1.2125984251968505
21
0.1545275590551181
0
LINE
8
BLACK
6
CONTINUOUS
10
1.2125984251968505
20
0.1545275590551181
11
1.2092085039370077
21
0.1552018503937008
0
LINE
8
BLACK
6
CONTINUOUS
10
1.2092085039370077
20
0.1552018503937008
11
1.2063346850393701
21
0.1571220866141732
0
LINE
8
BLACK
6
CONTINUOUS
10
1.2063346850393701
20
0.1571220866141732
11
1.2044144488188977
21
0.159995905511811
0
LINE
8
BLACK
6
CONTINUOUS
10
1.2044144488188977
20
0.159995905511811
11
1.203740157480315
21
0.1633858267716535
0
LINE
8
BLACK
6
CONTINUOUS
10
1.203740157480315
20
0.1633858267716535
11
1.203740157480315
21
0.1830708661417323
0
LINE
8
BLACK
6
CONTINUOUS
10
1.203740157480315
20
0.1830708661417323
11
1.2044144488188977
21
0.1864607874015748
0
LINE
8
BLACK
6
CONTINUOUS
10
1.2044144488188977
20
0.1864607874015748
11
1.2063346850393701
21
0.1893346062992126
0
LINE
8
BLACK
6
CONTINUOUS
10
1.2063346850393701
20
0.1893346062992126
11
1.2092085039370077
21
0.191254842519685
0
LINE
8
BLACK
6
CONTINUOUS
10
1.2092085039370077
20
0.191254842519685
11
1.2125984251968505
21
0.1919291338582677
0
LINE
8
BLACK
6
CONTINUOUS
10
1.2125984251968505
20
0.1919291338582677
11
1.2303149606299213
21
0.1919291338582677
0
LINE
8
BLACK
6
CONTINUOUS
10
1.2303149606299213
20
0.1919291338582677
11
1.2337048818897638
21
0.191254842519685
0
LINE
8
BLACK
6
CONTINUOUS
10
1.2947285039370078
20
0.191254842519685
11
1.2976023228346456
21
0.1893346062992126
0
LINE
8
BLACK
6
CONTINUOUS
10
1.2976023228346456
20
0.1893346062992126
11
1.299522559055118
21
0.1864607874015748
0
LINE
8
BLACK
6
CONTINUOUS
10
1.299522559055118
20
0.1864607874015748
11
1.3001968503937007
21
0.1830708661417323
0
LINE
8
BLACK
6
CONTINUOUS
10
1.3001968503937007
20
0.1830708661417323
11
1.3001968503937007
21
0.1633858267716535
0
LINE
8
BLACK
6
CONTINUOUS
10
1.3001968503937007
20
0.1633858267716535
11
1.299522559055118
21
0.159995905511811
0
LINE
8
BLACK
6
CONTINUOUS
10
1.299522559055118
20
0.159995905511811
11
1.2976023228346456
21
0.1571220866141732
0
LINE
8
BLACK
6
CONTINUOUS
10
1.2976023228346456
20
0.1571220866141732
11
1.2947285039370078
21
0.1552018503937008
0
LINE
8
BLACK
6
CONTINUOUS
10
1.2947285039370078
20
0.1552018503937008
11
1.2913385826771653
21
0.1545275590551181
0
LINE
8
BLACK
6
CONTINUOUS
10
1.2913385826771653
20
0.1545275590551181
11
1.2736220472440944
21
0.1545275590551181
0
LINE
8
BLACK
6
CONTINUOUS
10
1.2736220472440944
20
0.1545275590551181
11
1.2702321259842519
21
0.1552018503937008
0
LINE
8
BLACK
6
CONTINUOUS
10
1.2702321259842519
20
0.1552018503937008
11
1.2673583070866141
21
0.1571220866141732
0
LINE
8
BLACK
6
CONTINUOUS
10
1.2673583070866141
20
0.1571220866141732
11
1.2654380708661417
21
0.159995905511811
0
LINE
8
BLACK
6
CONTINUOUS
10
1.2654380708661417
20
0.159995905511811
11
1.264763779527559
21
0.1633858267716535
0
LINE
8
BLACK
6
CONTINUOUS
10
1.264763779527559
20
0.1633858267716535
11
1.264763779527559
21
0.1830708661417323
0
LINE
8
BLACK
6
CONTINUOUS
10
1.264763779527559
20
0.1830708661417323
11
1.2654380708661417
21
0.1864607874015748
0
LINE
8
BLACK
6
CONTINUOUS
10
1.2654380708661417
20
0.1864607874015748
11
1.2673583070866141
21
0.1893346062992126
0
LINE
8
BLACK
6
CONTINUOUS
10
1.2673583070866141
20
0.1893346062992126
11
1.2702321259842519
21
0.191254842519685
0
LINE
8
BLACK
6
CONTINUOUS
10
1.2702321259842519
20
0.191254842519685
11
1.2736220472440944
21
0.1919291338582677
0
LINE
8
BLACK
6
CONTINUOUS
10
1.2736220472440944
20
0.1919291338582677
11
1.2913385826771653
21
0.1919291338582677
0
LINE
8
BLACK
6
CONTINUOUS
10
1.2913385826771653
20
0.1919291338582677
11
1.2947285039370078
21
0.191254842519685
0
LINE
8
BLACK
6
CONTINUOUS
10
-1.3139414566929133
20
0.1945060236220472
11
-1.3120255905511811
21
0.1932258661417323
0
LINE
8
BLACK
6
CONTINUOUS
10
-1.3120255905511811
20
0.1932258661417323
11
-1.3107454330708661
21
0.19131
0
LINE
8
BLACK
6
CONTINUOUS
10
-1.3107454330708661
20
0.19131
11
-1.3102959055118111
21
0.1890500393700787
0
LINE
8
BLACK
6
CONTINUOUS
10
-1.3102959055118111
20
0.1890500393700787
11
-1.3102959055118111
21
0.1772390157480315
0
LINE
8
BLACK
6
CONTINUOUS
10
-1.3102959055118111
20
0.1772390157480315
11
-1.3107454330708661
21
0.1749790551181102
0
LINE
8
BLACK
6
CONTINUOUS
10
-1.3107454330708661
20
0.1749790551181102
11
-1.3120255905511811
21
0.173063188976378
0
LINE
8
BLACK
6
CONTINUOUS
10
-1.3120255905511811
20
0.173063188976378
11
-1.3139414566929133
21
0.171783031496063
0
LINE
8
BLACK
6
CONTINUOUS
10
-1.3139414566929133
20
0.171783031496063
11
-1.3162014173228347
21
0.1713335039370079
0
LINE
8
BLACK
6
CONTINUOUS
10
-1.3162014173228347
20
0.1713335039370079
11
-1.3713195275590551
21
0.1713335039370079
0
LINE
8
BLACK
6
CONTINUOUS
10
-1.3713195275590551
20
0.1713335039370079
11
-1.3735794881889762
21
0.171783031496063
0
LINE
8
BLACK
6
CONTINUOUS
10
-1.3735794881889762
20
0.171783031496063
11
-1.3754953543307087
21
0.173063188976378
0
LINE
8
BLACK
6
CONTINUOUS
10
-1.3754953543307087
20
0.173063188976378
11
-1.3767755118110236
21
0.1749790551181102
0
LINE
8
BLACK
6
CONTINUOUS
10
-1.3767755118110236
20
0.1749790551181102
11
-1.3772250393700787
21
0.1772390157480315
0
LINE
8
BLACK
6
CONTINUOUS
10
-1.3772250393700787
20
0.1772390157480315
11
-1.3772250393700787
21
0.1890500393700787
0
LINE
8
BLACK
6
CONTINUOUS
10
-1.3772250393700787
20
0.1890500393700787
11
-1.3767755118110236
21
0.19131
0
LINE
8
BLACK
6
CONTINUOUS
10
-1.3767755118110236
20
0.19131
11
-1.3754953543307087
21
0.1932258661417323
0
LINE
8
BLACK
6
CONTINUOUS
10
-1.3754953543307087
20
0.1932258661417323
11
-1.3735794881889762
21
0.1945060236220472
0
LINE
8
BLACK
6
CONTINUOUS
10
-1.3735794881889762
20
0.1945060236220472
11
-1.3713195275590551
21
0.1949555511811024
0
LINE
8
BLACK
6
CONTINUOUS
10
-1.3713195275590551
20
0.1949555511811024
11
-1.3162014173228347
21
0.1949555511811024
0
LINE
8
BLACK
6
CONTINUOUS
10
-1.3162014173228347
20
0.1949555511811024
11
-1.3139414566929133
21
0.1945060236220472
0
LINE
8
BLACK
6
CONTINUOUS
10
0.7262075196850394
20
0.3043688976377953
11
0.7294006692913386
21
0.3022353149606299
0
LINE
8
BLACK
6
CONTINUOUS
10
0.7294006692913386
20
0.3022353149606299
11
0.731534251968504
21
0.2990421653543307
0
LINE
8
BLACK
6
CONTINUOUS
10
0.731534251968504
20
0.2990421653543307
11
0.7322834645669292
21
0.2952755905511811
0
LINE
8
BLACK
6
CONTINUOUS
10
0.7322834645669292
20
0.2952755905511811
11
0.7322834645669292
21
0.2086614173228346
0
LINE
8
BLACK
6
CONTINUOUS
10
0.7322834645669292
20
0.2086614173228346
11
0.731534251968504
21
0.204894842519685
0
LINE
8
BLACK
6
CONTINUOUS
10
0.731534251968504
20
0.204894842519685
11
0.7294006692913386
21
0.2017016929133858
0
LINE
8
BLACK
6
CONTINUOUS
10
0.7294006692913386
20
0.2017016929133858
11
0.7262075196850394
21
0.1995681102362205
0
LINE
8
BLACK
6
CONTINUOUS
10
0.7262075196850394
20
0.1995681102362205
11
0.7224409448818897
21
0.1988188976377953
0
LINE
8
BLACK
6
CONTINUOUS
10
0.7224409448818897
20
0.1988188976377953
11
0.702755905511811
21
0.1988188976377953
0
LINE
8
BLACK
6
CONTINUOUS
10
0.702755905511811
20
0.1988188976377953
11
0.6989893307086614
21
0.1995681102362205
0
LINE
8
BLACK
6
CONTINUOUS
10
0.6989893307086614
20
0.1995681102362205
11
0.6957961811023622
21
0.2017016929133858
0
LINE
8
BLACK
6
CONTINUOUS
10
0.6957961811023622
20
0.2017016929133858
11
0.6936625984251968
21
0.204894842519685
0
LINE
8
BLACK
6
CONTINUOUS
10
0.6936625984251968
20
0.204894842519685
11
0.6929133858267716
21
0.2086614173228346
0
LINE
8
BLACK
6
CONTINUOUS
10
0.6929133858267716
20
0.2086614173228346
11
0.6929133858267716
21
0.2952755905511811
0
LINE
8
BLACK
6
CONTINUOUS
10
0.6929133858267716
20
0.2952755905511811
11
0.6936625984251968
21
0.2990421653543307
0
LINE
8
BLACK
6
CONTINUOUS
10
0.6936625984251968
20
0.2990421653543307
11
0.6957961811023622
21
0.3022353149606299
0
LINE
8
BLACK
6
CONTINUOUS
10
0.6957961811023622
20
0.3022353149606299
11
0.6989893307086614
21
0.3043688976377953
0
LINE
8
BLACK
6
CONTINUOUS
10
0.6989893307086614
20
0.3043688976377953
11
0.702755905511811
21
0.3051181102362205
0
LINE
8
BLACK
6
CONTINUOUS
10
0.702755905511811
20
0.3051181102362205
11
0.7224409448818897
21
0.3051181102362205
0
LINE
8
BLACK
6
CONTINUOUS
10
0.7224409448818897
20
0.3051181102362205
11
0.7262075196850394
21
0.3043688976377953
0
LINE
8
BLACK
6
CONTINUOUS
10
0.9703020078740158
20
0.3043688976377953
11
0.9734951574803149
21
0.3022353149606299
0
LINE
8
BLACK
6
CONTINUOUS
10
0.9734951574803149
20
0.3022353149606299
11
0.9756287401574802
21
0.2990421653543307
0
LINE
8
BLACK
6
CONTINUOUS
10
0.9756287401574802
20
0.2990421653543307
11
0.9763779527559054
21
0.2952755905511811
0
LINE
8
BLACK
6
CONTINUOUS
10
0.9763779527559054
20
0.2952755905511811
11
0.9763779527559054
21
0.2086614173228346
0
LINE
8
BLACK
6
CONTINUOUS
10
0.9763779527559054
20
0.2086614173228346
11
0.9756287401574802
21
0.204894842519685
0
LINE
8
BLACK
6
CONTINUOUS
10
0.9756287401574802
20
0.204894842519685
11
0.9734951574803149
21
0.2017016929133858
0
LINE
8
BLACK
6
CONTINUOUS
10
0.9734951574803149
20
0.2017016929133858
11
0.9703020078740158
21
0.1995681102362205
0
LINE
8
BLACK
6
CONTINUOUS
10
0.9703020078740158
20
0.1995681102362205
11
0.9665354330708661
21
0.1988188976377953
0
LINE
8
BLACK
6
CONTINUOUS
10
0.9665354330708661
20
0.1988188976377953
11
0.9468503937007874
21
0.1988188976377953
0
LINE
8
BLACK
6
CONTINUOUS
10
0.9468503937007874
20
0.1988188976377953
11
0.9430838188976378
21
0.1995681102362205
0
LINE
8
BLACK
6
CONTINUOUS
10
0.9430838188976378
20
0.1995681102362205
11
0.9398906692913386
21
0.2017016929133858
0
LINE
8
BLACK
6
CONTINUOUS
10
0.9398906692913386
20
0.2017016929133858
11
0.9377570866141732
21
0.204894842519685
0
LINE
8
BLACK
6
CONTINUOUS
10
0.9377570866141732
20
0.204894842519685
11
0.937007874015748
21
0.2086614173228346
0
LINE
8
BLACK
6
CONTINUOUS
10
0.937007874015748
20
0.2086614173228346
11
0.937007874015748
21
0.2952755905511811
0
LINE
8
BLACK
6
CONTINUOUS
10
0.937007874015748
20
0.2952755905511811
11
0.9377570866141732
21
0.2990421653543307
0
LINE
8
BLACK
6
CONTINUOUS
10
0.9377570866141732
20
0.2990421653543307
11
0.9398906692913386
21
0.3022353149606299
0
LINE
8
BLACK
6
CONTINUOUS
10
0.9398906692913386
20
0.3022353149606299
11
0.9430838188976378
21
0.3043688976377953
0
LINE
8
BLACK
6
CONTINUOUS
10
0.9430838188976378
20
0.3043688976377953
11
0.9468503937007874
21
0.3051181102362205
0
LINE
8
BLACK
6
CONTINUOUS
10
0.9468503937007874
20
0.3051181102362205
11
0.9665354330708661
21
0.3051181102362205
0
LINE
8
BLACK
6
CONTINUOUS
10
0.9665354330708661
20
0.3051181102362205
11
0.9703020078740158
21
0.3043688976377953
0
LINE
8
BLACK
6
CONTINUOUS
10
0.3511191338582677
20
0.253690905511811
11
0.3539929527559055
21
0.2517706692913386
0
LINE
8
BLACK
6
CONTINUOUS
10
0.3539929527559055
20
0.2517706692913386
11
0.3679124015748031
21
0.2378512204724409
0
LINE
8
BLACK
6
CONTINUOUS
10
0.3679124015748031
20
0.2378512204724409
11
0.3698326377952756
21
0.2349774015748032
0
LINE
8
BLACK
6
CONTINUOUS
10
0.3698326377952756
20
0.2349774015748032
11
0.3705069291338582
21
0.2315874803149606
0
LINE
8
BLACK
6
CONTINUOUS
10
0.3705069291338582
20
0.2315874803149606
11
0.3698326377952756
21
0.2281975984251969
0
LINE
8
BLACK
6
CONTINUOUS
10
0.3698326377952756
20
0.2281975984251969
11
0.3679124015748031
21
0.2253237401574803
0
LINE
8
BLACK
6
CONTINUOUS
10
0.3679124015748031
20
0.2253237401574803
11
0.3553849212598425
21
0.2127962598425197
0
LINE
8
BLACK
6
CONTINUOUS
10
0.3553849212598425
20
0.2127962598425197
11
0.352511062992126
21
0.2108760236220472
0
LINE
8
BLACK
6
CONTINUOUS
10
0.352511062992126
20
0.2108760236220472
11
0.3491211811023622
21
0.2102017322834646
0
LINE
8
BLACK
6
CONTINUOUS
10
0.3491211811023622
20
0.2102017322834646
11
0.3457312598425197
21
0.2108760236220472
0
LINE
8
BLACK
6
CONTINUOUS
10
0.3457312598425197
20
0.2108760236220472
11
0.3428574409448819
21
0.2127962598425197
0
LINE
8
BLACK
6
CONTINUOUS
10
0.3428574409448819
20
0.2127962598425197
11
0.3289379921259842
21
0.2267157086614173
0
LINE
8
BLACK
6
CONTINUOUS
10
0.3289379921259842
20
0.2267157086614173
11
0.3270177559055118
21
0.2295895275590551
0
LINE
8
BLACK
6
CONTINUOUS
10
0.3270177559055118
20
0.2295895275590551
11
0.3263434645669291
21
0.2329794488188976
0
LINE
8
BLACK
6
CONTINUOUS
10
0.3263434645669291
20
0.2329794488188976
11
0.3270177559055118
21
0.2363693307086614
0
LINE
8
BLACK
6
CONTINUOUS
10
0.3270177559055118
20
0.2363693307086614
11
0.3289379921259842
21
0.2392431889763779
0
LINE
8
BLACK
6
CONTINUOUS
10
0.3289379921259842
20
0.2392431889763779
11
0.3414654724409449
21
0.2517706692913386
0
LINE
8
BLACK
6
CONTINUOUS
10
0.3414654724409449
20
0.2517706692913386
11
0.3443393307086614
21
0.253690905511811
0
LINE
8
BLACK
6
CONTINUOUS
10
0.3443393307086614
20
0.253690905511811
11
0.3477292125984252
21
0.2543651968503937
0
LINE
8
BLACK
6
CONTINUOUS
10
0.3477292125984252
20
0.2543651968503937
11
0.3511191338582677
21
0.253690905511811
0
LINE
8
BLACK
6
CONTINUOUS
10
1.2376418897637795
20
0.2581839763779528
11
1.2405157086614174
21
0.2562637401574803
0
LINE
8
BLACK
6
CONTINUOUS
10
1.2405157086614174
20
0.2562637401574803
11
1.2424359448818898
21
0.2533899212598425
0
LINE
8
BLACK
6
CONTINUOUS
10
1.2424359448818898
20
0.2533899212598425
11
1.2431102362204725
21
0.25
0
LINE
8
BLACK
6
CONTINUOUS
10
1.2431102362204725
20
0.25
11
1.2431102362204725
21
0.2303149606299213
0
LINE
8
BLACK
6
CONTINUOUS
10
1.2431102362204725
20
0.2303149606299213
11
1.2424359448818898
21
0.2269250393700787
0
LINE
8
BLACK
6
CONTINUOUS
10
1.2424359448818898
20
0.2269250393700787
11
1.2405157086614174
21
0.2240512204724409
0
LINE
8
BLACK
6
CONTINUOUS
10
1.2405157086614174
20
0.2240512204724409
11
1.2376418897637795
21
0.2221309842519685
0
LINE
8
BLACK
6
CONTINUOUS
10
1.2376418897637795
20
0.2221309842519685
11
1.234251968503937
21
0.2214566929133858
0
LINE
8
BLACK
6
CONTINUOUS
10
1.234251968503937
20
0.2214566929133858
11
1.2165354330708662
21
0.2214566929133858
0
LINE
8
BLACK
6
CONTINUOUS
10
1.2165354330708662
20
0.2214566929133858
11
1.2131455118110237
21
0.2221309842519685
0
LINE
8
BLACK
6
CONTINUOUS
10
1.2131455118110237
20
0.2221309842519685
11
1.2102716929133859
21
0.2240512204724409
0
LINE
8
BLACK
6
CONTINUOUS
10
1.2102716929133859
20
0.2240512204724409
11
1.2083514566929134
21
0.2269250393700787
0
LINE
8
BLACK
6
CONTINUOUS
10
1.2083514566929134
20
0.2269250393700787
11
1.2076771653543308
21
0.2303149606299213
0
LINE
8
BLACK
6
CONTINUOUS
10
1.2076771653543308
20
0.2303149606299213
11
1.2076771653543308
21
0.25
0
LINE
8
BLACK
6
CONTINUOUS
10
1.2076771653543308
20
0.25
11
1.2083514566929134
21
0.2533899212598425
0
LINE
8
BLACK
6
CONTINUOUS
10
1.2083514566929134
20
0.2533899212598425
11
1.2102716929133859
21
0.2562637401574803
0
LINE
8
BLACK
6
CONTINUOUS
10
1.2102716929133859
20
0.2562637401574803
11
1.2131455118110237
21
0.2581839763779528
0
LINE
8
BLACK
6
CONTINUOUS
10
1.2131455118110237
20
0.2581839763779528
11
1.2165354330708662
21
0.2588582677165354
0
LINE
8
BLACK
6
CONTINUOUS
10
1.2165354330708662
20
0.2588582677165354
11
1.234251968503937
21
0.2588582677165354
0
LINE
8
BLACK
6
CONTINUOUS
10
1.234251968503937
20
0.2588582677165354
11
1.2376418897637795
21
0.2581839763779528
0
LINE
8
BLACK
6
CONTINUOUS
10
1.2986655118110235
20
0.2581839763779528
11
1.3015393307086613
21
0.2562637401574803
0
LINE
8
BLACK
6
CONTINUOUS
10
1.3015393307086613
20
0.2562637401574803
11
1.3034595669291338
21
0.2533899212598425
0
LINE
8
BLACK
6
CONTINUOUS
10
1.3034595669291338
20
0.2533899212598425
11
1.3041338582677164
21
0.25
0
LINE
8
BLACK
6
CONTINUOUS
10
1.3041338582677164
20
0.25
11
1.3041338582677164
21
0.2303149606299213
0
LINE
8
BLACK
6
CONTINUOUS
10
1.3041338582677164
20
0.2303149606299213
11
1.3034595669291338
21
0.2269250393700787
0
LINE
8
BLACK
6
CONTINUOUS
10
1.3034595669291338
20
0.2269250393700787
11
1.3015393307086613
21
0.2240512204724409
0
LINE
8
BLACK
6
CONTINUOUS
10
1.3015393307086613
20
0.2240512204724409
11
1.2986655118110235
21
0.2221309842519685
0
LINE
8
BLACK
6
CONTINUOUS
10
1.2986655118110235
20
0.2221309842519685
11
1.295275590551181
21
0.2214566929133858
0
LINE
8
BLACK
6
CONTINUOUS
10
1.295275590551181
20
0.2214566929133858
11
1.2775590551181102
21
0.2214566929133858
0
LINE
8
BLACK
6
CONTINUOUS
10
1.2775590551181102
20
0.2214566929133858
11
1.2741691338582677
21
0.2221309842519685
0
LINE
8
BLACK
6
CONTINUOUS
10
1.2741691338582677
20
0.2221309842519685
11
1.2712953149606299
21
0.2240512204724409
0
LINE
8
BLACK
6
CONTINUOUS
10
1.2712953149606299
20
0.2240512204724409
11
1.2693750787401574
21
0.2269250393700787
0
LINE
8
BLACK
6
CONTINUOUS
10
1.2693750787401574
20
0.2269250393700787
11
1.2687007874015748
21
0.2303149606299213
0
LINE
8
BLACK
6
CONTINUOUS
10
1.2687007874015748
20
0.2303149606299213
11
1.2687007874015748
21
0.25
0
LINE
8
BLACK
6
CONTINUOUS
10
1.2687007874015748
20
0.25
11
1.2693750787401574
21
0.2533899212598425
0
LINE
8
BLACK
6
CONTINUOUS
10
1.2693750787401574
20
0.2533899212598425
11
1.2712953149606299
21
0.2562637401574803
0
LINE
8
BLACK
6
CONTINUOUS
10
1.2712953149606299
20
0.2562637401574803
11
1.2741691338582677
21
0.2581839763779528
0
LINE
8
BLACK
6
CONTINUOUS
10
1.2741691338582677
20
0.2581839763779528
11
1.2775590551181102
21
0.2588582677165354
0
LINE
8
BLACK
6
CONTINUOUS
10
1.2775590551181102
20
0.2588582677165354
11
1.295275590551181
21
0.2588582677165354
0
LINE
8
BLACK
6
CONTINUOUS
10
1.295275590551181
20
0.2588582677165354
11
1.2986655118110235
21
0.2581839763779528
0
LINE
8
BLACK
6
CONTINUOUS
10
-1.422671062992126
20
0.274915
11
-1.4194779133858266
21
0.2727814173228346
0
LINE
8
BLACK
6
CONTINUOUS
10
-1.4194779133858266
20
0.2727814173228346
11
-1.4173443307086613
21
0.2695882677165354
0
LINE
8
BLACK
6
CONTINUOUS
10
-1.4173443307086613
20
0.2695882677165354
11
-1.4165951181102361
21
0.2658216929133858
0
LINE
8
BLACK
6
CONTINUOUS
10
-1.4165951181102361
20
0.2658216929133858
11
-1.4165951181102361
21
0.2461366535433071
0
LINE
8
BLACK
6
CONTINUOUS
10
-1.4165951181102361
20
0.2461366535433071
11
-1.4173443307086613
21
0.2423700787401575
0
LINE
8
BLACK
6
CONTINUOUS
10
-1.4173443307086613
20
0.2423700787401575
11
-1.4194779133858266
21
0.2391769291338583
0
LINE
8
BLACK
6
CONTINUOUS
10
-1.4194779133858266
20
0.2391769291338583
11
-1.422671062992126
21
0.2370433464566929
0
LINE
8
BLACK
6
CONTINUOUS
10
-1.422671062992126
20
0.2370433464566929
11
-1.4264376377952757
21
0.2362941338582677
0
LINE
8
BLACK
6
CONTINUOUS
10
-1.4264376377952757
20
0.2362941338582677
11
-1.513051811023622
21
0.2362941338582677
0
LINE
8
BLACK
6
CONTINUOUS
10
-1.513051811023622
20
0.2362941338582677
11
-1.5168183858267716
21
0.2370433464566929
0
LINE
8
BLACK
6
CONTINUOUS
10
-1.5168183858267716
20
0.2370433464566929
11
-1.5200115354330708
21
0.2391769291338583
0
LINE
8
BLACK
6
CONTINUOUS
10
-1.5200115354330708
20
0.2391769291338583
11
-1.5221451181102361
21
0.2423700787401575
0
LINE
8
BLACK
6
CONTINUOUS
10
-1.5221451181102361
20
0.2423700787401575
11
-1.5228943307086613
21
0.2461366535433071
0
LINE
8
BLACK
6
CONTINUOUS
10
-1.5228943307086613
20
0.2461366535433071
11
-1.5228943307086613
21
0.2658216929133858
0
LINE
8
BLACK
6
CONTINUOUS
10
-1.5228943307086613
20
0.2658216929133858
11
-1.5221451181102361
21
0.2695882677165354
0
LINE
8
BLACK
6
CONTINUOUS
10
-1.5221451181102361
20
0.2695882677165354
11
-1.5200115354330708
21
0.2727814173228346
0
LINE
8
BLACK
6
CONTINUOUS
10
-1.5200115354330708
20
0.2727814173228346
11
-1.5168183858267716
21
0.274915
0
LINE
8
BLACK
6
CONTINUOUS
10
-1.5168183858267716
20
0.274915
11
-1.513051811023622
21
0.2756642125984252
0
LINE
8
BLACK
6
CONTINUOUS
10
-1.513051811023622
20
0.2756642125984252
11
-1.4264376377952757
21
0.2756642125984252
0
LINE
8
BLACK
6
CONTINUOUS
10
-1.4264376377952757
20
0.2756642125984252
11
-1.422671062992126
21
0.274915
0
LINE
8
BLACK
6
CONTINUOUS
10
-0.5649001181102362
20
0.277943937007874
11
-0.5623456299212598
21
0.2762370472440945
0
LINE
8
BLACK
6
CONTINUOUS
10
-0.5623456299212598
20
0.2762370472440945
11
-0.5606387401574803
21
0.2736825590551181
0
LINE
8
BLACK
6
CONTINUOUS
10
-0.5606387401574803
20
0.2736825590551181
11
-0.5600393700787402
21
0.2706692913385827
0
LINE
8
BLACK
6
CONTINUOUS
10
-0.5600393700787402
20
0.2706692913385827
11
-0.5600393700787402
21
0.2549212598425197
0
LINE
8
BLACK
6
CONTINUOUS
10
-0.5600393700787402
20
0.2549212598425197
11
-0.5606387401574803
21
0.2519079921259842
0
LINE
8
BLACK
6
CONTINUOUS
10
-0.5606387401574803
20
0.2519079921259842
11
-0.5623456299212598
21
0.2493535039370079
0
LINE
8
BLACK
6
CONTINUOUS
10
-0.5623456299212598
20
0.2493535039370079
11
-0.5649001181102362
21
0.2476466141732283
0
LINE
8
BLACK
6
CONTINUOUS
10
-0.5649001181102362
20
0.2476466141732283
11
-0.5679133858267716
21
0.2470472440944882
0
LINE
8
BLACK
6
CONTINUOUS
10
-0.5679133858267716
20
0.2470472440944882
11
-0.5895669291338582
21
0.2470472440944882
0
LINE
8
BLACK
6
CONTINUOUS
10
-0.5895669291338582
20
0.2470472440944882
11
-0.5925801968503936
21
0.2476466141732283
0
LINE
8
BLACK
6
CONTINUOUS
10
-0.5925801968503936
20
0.2476466141732283
11
-0.5951346850393701
21
0.2493535039370079
0
LINE
8
BLACK
6
CONTINUOUS
10
-0.5951346850393701
20
0.2493535039370079
11
-0.5968415748031496
21
0.2519079921259842
0
LINE
8
BLACK
6
CONTINUOUS
10
-0.5968415748031496
20
0.2519079921259842
11
-0.5974409448818897
21
0.2549212598425197
0
LINE
8
BLACK
6
CONTINUOUS
10
-0.5974409448818897
20
0.2549212598425197
11
-0.5974409448818897
21
0.2706692913385827
0
LINE
8
BLACK
6
CONTINUOUS
10
-0.5974409448818897
20
0.2706692913385827
11
-0.5968415748031496
21
0.2736825590551181
0
LINE
8
BLACK
6
CONTINUOUS
10
-0.5968415748031496
20
0.2736825590551181
11
-0.5951346850393701
21
0.2762370472440945
0
LINE
8
BLACK
6
CONTINUOUS
10
-0.5951346850393701
20
0.2762370472440945
11
-0.5925801968503936
21
0.277943937007874
0
LINE
8
BLACK
6
CONTINUOUS
10
-0.5925801968503936
20
0.277943937007874
11
-0.5895669291338582
21
0.2785433070866142
0
LINE
8
BLACK
6
CONTINUOUS
10
-0.5895669291338582
20
0.2785433070866142
11
-0.5679133858267716
21
0.2785433070866142
0
LINE
8
BLACK
6
CONTINUOUS
10
-0.5679133858267716
20
0.2785433070866142
11
-0.5649001181102362
21
0.277943937007874
0
LINE
8
BLACK
6
CONTINUOUS
10
0.3942693700787401
20
0.2968411417322834
11
0.397143188976378
21
0.294920905511811
0
LINE
8
BLACK
6
CONTINUOUS
10
0.397143188976378
20
0.294920905511811
11
0.4110626377952756
21
0.2810014566929134
0
LINE
8
BLACK
6
CONTINUOUS
10
0.4110626377952756
20
0.2810014566929134
11
0.412982874015748
21
0.2781276377952756
0
LINE
8
BLACK
6
CONTINUOUS
10
0.412982874015748
20
0.2781276377952756
11
0.4136571653543307
21
0.2747377165354331
0
LINE
8
BLACK
6
CONTINUOUS
10
0.4136571653543307
20
0.2747377165354331
11
0.412982874015748
21
0.2713478346456693
0
LINE
8
BLACK
6
CONTINUOUS
10
0.412982874015748
20
0.2713478346456693
11
0.4110626377952756
21
0.2684739763779527
0
LINE
8
BLACK
6
CONTINUOUS
10
0.4110626377952756
20
0.2684739763779527
11
0.3985351574803149
21
0.2559464960629921
0
LINE
8
BLACK
6
CONTINUOUS
10
0.3985351574803149
20
0.2559464960629921
11
0.3956612992125984
21
0.2540262598425197
0
LINE
8
BLACK
6
CONTINUOUS
10
0.3956612992125984
20
0.2540262598425197
11
0.3922714173228347
21
0.253351968503937
0
LINE
8
BLACK
6
CONTINUOUS
10
0.3922714173228347
20
0.253351968503937
11
0.3888814960629921
21
0.2540262598425197
0
LINE
8
BLACK
6
CONTINUOUS
10
0.3888814960629921
20
0.2540262598425197
11
0.3860076771653543
21
0.2559464960629921
0
LINE
8
BLACK
6
CONTINUOUS
10
0.3860076771653543
20
0.2559464960629921
11
0.3720882283464567
21
0.2698659448818898
0
LINE
8
BLACK
6
CONTINUOUS
10
0.3720882283464567
20
0.2698659448818898
11
0.3701679921259842
21
0.2727397637795276
0
LINE
8
BLACK
6
CONTINUOUS
10
0.3701679921259842
20
0.2727397637795276
11
0.3694937007874016
21
0.2761296850393701
0
LINE
8
BLACK
6
CONTINUOUS
10
0.3694937007874016
20
0.2761296850393701
11
0.3701679921259842
21
0.2795195669291339
0
LINE
8
BLACK
6
CONTINUOUS
10
0.3701679921259842
20
0.2795195669291339
11
0.3720882283464567
21
0.2823934251968504
0
LINE
8
BLACK
6
CONTINUOUS
10
0.3720882283464567
20
0.2823934251968504
11
0.3846157086614173
21
0.294920905511811
0
LINE
8
BLACK
6
CONTINUOUS
10
0.3846157086614173
20
0.294920905511811
11
0.3874895669291338
21
0.2968411417322834
0
LINE
8
BLACK
6
CONTINUOUS
10
0.3874895669291338
20
0.2968411417322834
11
0.3908794488188976
21
0.2975154330708661
0
LINE
8
BLACK
6
CONTINUOUS
10
0.3908794488188976
20
0.2975154330708661
11
0.3942693700787401
21
0.2968411417322834
0
LINE
8
BLACK
6
CONTINUOUS
10
-0.5649001181102362
20
0.3429045669291338
11
-0.5623456299212598
21
0.3411976771653543
0
LINE
8
BLACK
6
CONTINUOUS
10
-0.5623456299212598
20
0.3411976771653543
11
-0.5606387401574803
21
0.338643188976378
0
LINE
8
BLACK
6
CONTINUOUS
10
-0.5606387401574803
20
0.338643188976378
11
-0.5600393700787402
21
0.3356299212598425
0
LINE
8
BLACK
6
CONTINUOUS
10
-0.5600393700787402
20
0.3356299212598425
11
-0.5600393700787402
21
0.3198818897637795
0
LINE
8
BLACK
6
CONTINUOUS
10
-0.5600393700787402
20
0.3198818897637795
11
-0.5606387401574803
21
0.3168686220472441
0
LINE
8
BLACK
6
CONTINUOUS
10
-0.5606387401574803
20
0.3168686220472441
11
-0.5623456299212598
21
0.3143141338582677
0
LINE
8
BLACK
6
CONTINUOUS
10
-0.5623456299212598
20
0.3143141338582677
11
-0.5649001181102362
21
0.3126072440944882
0
LINE
8
BLACK
6
CONTINUOUS
10
-0.5649001181102362
20
0.3126072440944882
11
-0.5679133858267716
21
0.312007874015748
0
LINE
8
BLACK
6
CONTINUOUS
10
-0.5679133858267716
20
0.312007874015748
11
-0.5895669291338582
21
0.312007874015748
0
LINE
8
BLACK
6
CONTINUOUS
10
-0.5895669291338582
20
0.312007874015748
11
-0.5925801968503936
21
0.3126072440944882
0
LINE
8
BLACK
6
CONTINUOUS
10
-0.5925801968503936
20
0.3126072440944882
11
-0.5951346850393701
21
0.3143141338582677
0
LINE
8
BLACK
6
CONTINUOUS
10
-0.5951346850393701
20
0.3143141338582677
11
-0.5968415748031496
21
0.3168686220472441
0
LINE
8
BLACK
6
CONTINUOUS
10
-0.5968415748031496
20
0.3168686220472441
11
-0.5974409448818897
21
0.3198818897637795
0
LINE
8
BLACK
6
CONTINUOUS
10
-0.5974409448818897
20
0.3198818897637795
11
-0.5974409448818897
21
0.3356299212598425
0
LINE
8
BLACK
6
CONTINUOUS
10
-0.5974409448818897
20
0.3356299212598425
11
-0.5968415748031496
21
0.338643188976378
0
LINE
8
BLACK
6
CONTINUOUS
10
-0.5968415748031496
20
0.338643188976378
11
-0.5951346850393701
21
0.3411976771653543
0
LINE
8
BLACK
6
CONTINUOUS
10
-0.5951346850393701
20
0.3411976771653543
11
-0.5925801968503936
21
0.3429045669291338
0
LINE
8
BLACK
6
CONTINUOUS
10
-0.5925801968503936
20
0.3429045669291338
11
-0.5895669291338582
21
0.343503937007874
0
LINE
8
BLACK
6
CONTINUOUS
10
-0.5895669291338582
20
0.343503937007874
11
-0.5679133858267716
21
0.343503937007874
0
LINE
8
BLACK
6
CONTINUOUS
10
-0.5679133858267716
20
0.343503937007874
11
-0.5649001181102362
21
0.3429045669291338
0
LINE
8
BLACK
6
CONTINUOUS
10
0.3299043307086614
20
0.3846713385826772
11
0.3324588188976378
21
0.3829644488188976
0
LINE
8
BLACK
6
CONTINUOUS
10
0.3324588188976378
20
0.3829644488188976
11
0.3435943700787402
21
0.3718288976377953
0
LINE
8
BLACK
6
CONTINUOUS
10
0.3435943700787402
20
0.3718288976377953
11
0.3453012598425197
21
0.3692744094488189
0
LINE
8
BLACK
6
CONTINUOUS
10
0.3453012598425197
20
0.3692744094488189
11
0.3459005905511811
21
0.3662611417322835
0
LINE
8
BLACK
6
CONTINUOUS
10
0.3459005905511811
20
0.3662611417322835
11
0.3453012598425197
21
0.363247874015748
0
LINE
8
BLACK
6
CONTINUOUS
10
0.3453012598425197
20
0.363247874015748
11
0.3435943700787402
21
0.3606933858267716
0
LINE
8
BLACK
6
CONTINUOUS
10
0.3435943700787402
20
0.3606933858267716
11
0.3282829921259842
21
0.3453820078740157
0
LINE
8
BLACK
6
CONTINUOUS
10
0.3282829921259842
20
0.3453820078740157
11
0.3257285039370079
21
0.3436751181102362
0
LINE
8
BLACK
6
CONTINUOUS
10
0.3257285039370079
20
0.3436751181102362
11
0.3227152362204724
21
0.3430757874015748
0
LINE
8
BLACK
6
CONTINUOUS
10
0.3227152362204724
20
0.3430757874015748
11
0.319701968503937
21
0.3436751181102362
0
LINE
8
BLACK
6
CONTINUOUS
10
0.319701968503937
20
0.3436751181102362
11
0.3171474803149607
21
0.3453820078740157
0
LINE
8
BLACK
6
CONTINUOUS
10
0.3171474803149607
20
0.3453820078740157
11
0.3060119291338583
21
0.3565175590551181
0
LINE
8
BLACK
6
CONTINUOUS
10
0.3060119291338583
20
0.3565175590551181
11
0.3043050393700787
21
0.3590720472440945
0
LINE
8
BLACK
6
CONTINUOUS
10
0.3043050393700787
20
0.3590720472440945
11
0.3037057086614173
21
0.3620853149606299
0
LINE
8
BLACK
6
CONTINUOUS
10
0.3037057086614173
20
0.3620853149606299
11
0.3043050393700787
21
0.3650985826771653
0
LINE
8
BLACK
6
CONTINUOUS
10
0.3043050393700787
20
0.3650985826771653
11
0.3060119291338583
21
0.3676530708661417
0
LINE
8
BLACK
6
CONTINUOUS
10
0.3060119291338583
20
0.3676530708661417
11
0.3213233070866142
21
0.3829644488188976
0
LINE
8
BLACK
6
CONTINUOUS
10
0.3213233070866142
20
0.3829644488188976
11
0.3238777952755905
21
0.3846713385826772
0
LINE
8
BLACK
6
CONTINUOUS
10
0.3238777952755905
20
0.3846713385826772
11
0.326891062992126
21
0.3852706692913386
0
LINE
8
BLACK
6
CONTINUOUS
10
0.326891062992126
20
0.3852706692913386
11
0.3299043307086614
21
0.3846713385826772
0
LINE
8
BLACK
6
CONTINUOUS
10
0.4405567322834645
20
0.387294842519685
11
0.4431112204724409
21
0.3855879527559055
0
LINE
8
BLACK
6
CONTINUOUS
10
0.4431112204724409
20
0.3855879527559055
11
0.4584225984251968
21
0.3702765748031496
0
LINE
8
BLACK
6
CONTINUOUS
10
0.4584225984251968
20
0.3702765748031496
11
0.4601294881889764
21
0.3677220866141732
0
LINE
8
BLACK
6
CONTINUOUS
10
0.4601294881889764
20
0.3677220866141732
11
0.4607288188976378
21
0.3647088188976378
0
LINE
8
BLACK
6
CONTINUOUS
10
0.4607288188976378
20
0.3647088188976378
11
0.4601294881889764
21
0.3616955511811024
0
LINE
8
BLACK
6
CONTINUOUS
10
0.4601294881889764
20
0.3616955511811024
11
0.4584225984251968
21
0.359141062992126
0
LINE
8
BLACK
6
CONTINUOUS
10
0.4584225984251968
20
0.359141062992126
11
0.4472870472440945
21
0.3480055118110236
0
LINE
8
BLACK
6
CONTINUOUS
10
0.4472870472440945
20
0.3480055118110236
11
0.4447325590551181
21
0.3462986220472441
0
LINE
8
BLACK
6
CONTINUOUS
10
0.4447325590551181
20
0.3462986220472441
11
0.4417192913385827
21
0.3456992913385827
0
LINE
8
BLACK
6
CONTINUOUS
10
0.4417192913385827
20
0.3456992913385827
11
0.4387060236220472
21
0.3462986220472441
0
LINE
8
BLACK
6
CONTINUOUS
10
0.4387060236220472
20
0.3462986220472441
11
0.4361515354330708
21
0.3480055118110236
0
LINE
8
BLACK
6
CONTINUOUS
10
0.4361515354330708
20
0.3480055118110236
11
0.4208401574803149
21
0.3633168897637795
0
LINE
8
BLACK
6
CONTINUOUS
10
0.4208401574803149
20
0.3633168897637795
11
0.4191332677165354
21
0.3658713779527559
0
LINE
8
BLACK
6
CONTINUOUS
10
0.4191332677165354
20
0.3658713779527559
11
0.418533937007874
21
0.3688846456692914
0
LINE
8
BLACK
6
CONTINUOUS
10
0.418533937007874
20
0.3688846456692914
11
0.4191332677165354
21
0.3718979133858268
0
LINE
8
BLACK
6
CONTINUOUS
10
0.4191332677165354
20
0.3718979133858268
11
0.4208401574803149
21
0.3744524015748031
0
LINE
8
BLACK
6
CONTINUOUS
10
0.4208401574803149
20
0.3744524015748031
11
0.4319757086614173
21
0.3855879527559055
0
LINE
8
BLACK
6
CONTINUOUS
10
0.4319757086614173
20
0.3855879527559055
11
0.4345301968503937
21
0.387294842519685
0
LINE
8
BLACK
6
CONTINUOUS
10
0.4345301968503937
20
0.387294842519685
11
0.4375434645669291
21
0.3878941732283465
0
LINE
8
BLACK
6
CONTINUOUS
10
0.4375434645669291
20
0.3878941732283465
11
0.4405567322834645
21
0.387294842519685
0
LINE
8
BLACK
6
CONTINUOUS
10
-0.568837125984252
20
0.4049124409448819
11
-0.5662826377952755
21
0.4032055511811024
0
LINE
8
BLACK
6
CONTINUOUS
10
-0.5662826377952755
20
0.4032055511811024
11
-0.564575748031496
21
0.400651062992126
0
LINE
8
BLACK
6
CONTINUOUS
10
-0.564575748031496
20
0.400651062992126
11
-0.5639763779527559
21
0.3976377952755906
0
LINE
8
BLACK
6
CONTINUOUS
10
-0.5639763779527559
20
0.3976377952755906
11
-0.5639763779527559
21
0.3818897637795275
0
LINE
8
BLACK
6
CONTINUOUS
10
-0.5639763779527559
20
0.3818897637795275
11
-0.564575748031496
21
0.3788764960629921
0
LINE
8
BLACK
6
CONTINUOUS
10
-0.564575748031496
20
0.3788764960629921
11
-0.5662826377952755
21
0.3763220078740158
0
LINE
8
BLACK
6
CONTINUOUS
10
-0.5662826377952755
20
0.3763220078740158
11
-0.568837125984252
21
0.3746151181102362
0
LINE
8
BLACK
6
CONTINUOUS
10
-0.568837125984252
20
0.3746151181102362
11
-0.5718503937007874
21
0.3740157480314961
0
LINE
8
BLACK
6
CONTINUOUS
10
-0.5718503937007874
20
0.3740157480314961
11
-0.593503937007874
21
0.3740157480314961
0
LINE
8
BLACK
6
CONTINUOUS
10
-0.593503937007874
20
0.3740157480314961
11
-0.5965172047244094
21
0.3746151181102362
0
LINE
8
BLACK
6
CONTINUOUS
10
-0.5965172047244094
20
0.3746151181102362
11
-0.5990716929133858
21
0.3763220078740158
0
LINE
8
BLACK
6
CONTINUOUS
10
-0.5990716929133858
20
0.3763220078740158
11
-0.6007785826771653
21
0.3788764960629921
0
LINE
8
BLACK
6
CONTINUOUS
10
-0.6007785826771653
20
0.3788764960629921
11
-0.6013779527559054
21
0.3818897637795275
0
LINE
8
BLACK
6
CONTINUOUS
10
-0.6013779527559054
20
0.3818897637795275
11
-0.6013779527559054
21
0.3976377952755906
0
LINE
8
BLACK
6
CONTINUOUS
10
-0.6013779527559054
20
0.3976377952755906
11
-0.6007785826771653
21
0.400651062992126
0
LINE
8
BLACK
6
CONTINUOUS
10
-0.6007785826771653
20
0.400651062992126
11
-0.5990716929133858
21
0.4032055511811024
0
LINE
8
BLACK
6
CONTINUOUS
10
-0.5990716929133858
20
0.4032055511811024
11
-0.5965172047244094
21
0.4049124409448819
0
LINE
8
BLACK
6
CONTINUOUS
10
-0.5965172047244094
20
0.4049124409448819
11
-0.593503937007874
21
0.405511811023622
0
LINE
8
BLACK
6
CONTINUOUS
10
-0.593503937007874
20
0.405511811023622
11
-0.5718503937007874
21
0.405511811023622
0
LINE
8
BLACK
6
CONTINUOUS
10
-0.5718503937007874
20
0.405511811023622
11
-0.568837125984252
21
0.4049124409448819
0
LINE
8
BLACK
6
CONTINUOUS
10
0.2839702362204725
20
0.4306054330708661
11
0.2865247244094488
21
0.4288985433070866
0
LINE
8
BLACK
6
CONTINUOUS
10
0.2865247244094488
20
0.4288985433070866
11
0.2976602755905512
21
0.4177629921259842
0
LINE
8
BLACK
6
CONTINUOUS
10
0.2976602755905512
20
0.4177629921259842
11
0.2993671653543307
21
0.4152085039370079
0
LINE
8
BLACK
6
CONTINUOUS
10
0.2993671653543307
20
0.4152085039370079
11
0.2999664960629921
21
0.4121952362204724
0
LINE
8
BLACK
6
CONTINUOUS
10
0.2999664960629921
20
0.4121952362204724
11
0.2993671653543307
21
0.409181968503937
0
LINE
8
BLACK
6
CONTINUOUS
10
0.2993671653543307
20
0.409181968503937
11
0.2976602755905512
21
0.4066274803149606
0
LINE
8
BLACK
6
CONTINUOUS
10
0.2976602755905512
20
0.4066274803149606
11
0.2823488976377952
21
0.3913161023622047
0
LINE
8
BLACK
6
CONTINUOUS
10
0.2823488976377952
20
0.3913161023622047
11
0.2797944094488189
21
0.3896092125984252
0
LINE
8
BLACK
6
CONTINUOUS
10
0.2797944094488189
20
0.3896092125984252
11
0.2767811417322835
21
0.3890098818897638
0
LINE
8
BLACK
6
CONTINUOUS
10
0.2767811417322835
20
0.3890098818897638
11
0.273767874015748
21
0.3896092125984252
0
LINE
8
BLACK
6
CONTINUOUS
10
0.273767874015748
20
0.3896092125984252
11
0.2712133858267716
21
0.3913161023622047
0
LINE
8
BLACK
6
CONTINUOUS
10
0.2712133858267716
20
0.3913161023622047
11
0.2600778346456693
21
0.4024516535433071
0
LINE
8
BLACK
6
CONTINUOUS
10
0.2600778346456693
20
0.4024516535433071
11
0.2583709448818898
21
0.4050061417322834
0
LINE
8
BLACK
6
CONTINUOUS
10
0.2583709448818898
20
0.4050061417322834
11
0.2577716141732284
21
0.4080194094488189
0
LINE
8
BLACK
6
CONTINUOUS
10
0.2577716141732284
20
0.4080194094488189
11
0.2583709448818898
21
0.4110326771653543
0
LINE
8
BLACK
6
CONTINUOUS
10
0.2583709448818898
20
0.4110326771653543
11
0.2600778346456693
21
0.4135871653543307
0
LINE
8
BLACK
6
CONTINUOUS
10
0.2600778346456693
20
0.4135871653543307
11
0.2753892125984252
21
0.4288985433070866
0
LINE
8
BLACK
6
CONTINUOUS
10
0.2753892125984252
20
0.4288985433070866
11
0.2779437007874015
21
0.4306054330708661
0
LINE
8
BLACK
6
CONTINUOUS
10
0.2779437007874015
20
0.4306054330708661
11
0.280956968503937
21
0.4312047637795275
0
LINE
8
BLACK
6
CONTINUOUS
10
0.280956968503937
20
0.4312047637795275
11
0.2839702362204725
21
0.4306054330708661
0
LINE
8
BLACK
6
CONTINUOUS
10
0.4864908267716535
20
0.433228937007874
11
0.4890453149606299
21
0.4315220472440945
0
LINE
8
BLACK
6
CONTINUOUS
10
0.4890453149606299
20
0.4315220472440945
11
0.5043566929133858
21
0.4162106692913386
0
LINE
8
BLACK
6
CONTINUOUS
10
0.5043566929133858
20
0.4162106692913386
11
0.5060635826771653
21
0.4136561811023622
0
LINE
8
BLACK
6
CONTINUOUS
10
0.5060635826771653
20
0.4136561811023622
11
0.5066629133858268
21
0.4106429133858268
0
LINE
8
BLACK
6
CONTINUOUS
10
0.5066629133858268
20
0.4106429133858268
11
0.5060635826771653
21
0.4076296456692913
0
LINE
8
BLACK
6
CONTINUOUS
10
0.5060635826771653
20
0.4076296456692913
11
0.5043566929133858
21
0.405075157480315
0
LINE
8
BLACK
6
CONTINUOUS
10
0.5043566929133858
20
0.405075157480315
11
0.4932211417322834
21
0.3939396062992126
0
LINE
8
BLACK
6
CONTINUOUS
10
0.4932211417322834
20
0.3939396062992126
11
0.4906666535433071
21
0.3922327165354331
0
LINE
8
BLACK
6
CONTINUOUS
10
0.4906666535433071
20
0.3922327165354331
11
0.4876533858267716
21
0.3916333858267717
0
LINE
8
BLACK
6
CONTINUOUS
10
0.4876533858267716
20
0.3916333858267717
11
0.4846401181102362
21
0.3922327165354331
0
LINE
8
BLACK
6
CONTINUOUS
10
0.4846401181102362
20
0.3922327165354331
11
0.4820856299212598
21
0.3939396062992126
0
LINE
8
BLACK
6
CONTINUOUS
10
0.4820856299212598
20
0.3939396062992126
11
0.4667742519685039
21
0.4092509842519685
0
LINE
8
BLACK
6
CONTINUOUS
10
0.4667742519685039
20
0.4092509842519685
11
0.4650673622047244
21
0.4118054724409449
0
LINE
8
BLACK
6
CONTINUOUS
10
0.4650673622047244
20
0.4118054724409449
11
0.464468031496063
21
0.4148187401574803
0
LINE
8
BLACK
6
CONTINUOUS
10
0.464468031496063
20
0.4148187401574803
11
0.4650673622047244
21
0.4178320078740158
0
LINE
8
BLACK
6
CONTINUOUS
10
0.4650673622047244
20
0.4178320078740158
11
0.4667742519685039
21
0.4203864960629921
0
LINE
8
BLACK
6
CONTINUOUS
10
0.4667742519685039
20
0.4203864960629921
11
0.4779098031496063
21
0.4315220472440945
0
LINE
8
BLACK
6
CONTINUOUS
10
0.4779098031496063
20
0.4315220472440945
11
0.4804642913385826
21
0.433228937007874
0
LINE
8
BLACK
6
CONTINUOUS
10
0.4804642913385826
20
0.433228937007874
11
0.4834775590551181
21
0.4338282677165354
0
LINE
8
BLACK
6
CONTINUOUS
10
0.4834775590551181
20
0.4338282677165354
11
0.4864908267716535
21
0.433228937007874
0
LINE
8
BLACK
6
CONTINUOUS
10
0.0574082283464567
20
0.4444899212598425
11
0.0592052755905512
21
0.4430476377952756
0
LINE
8
BLACK
6
CONTINUOUS
10
0.0592052755905512
20
0.4430476377952756
11
0.0851445275590551
21
0.4121344488188976
0
LINE
8
BLACK
6
CONTINUOUS
10
0.0851445275590551
20
0.4121344488188976
11
0.0862528346456693
21
0.4101142519685039
0
LINE
8
BLACK
6
CONTINUOUS
10
0.0862528346456693
20
0.4101142519685039
11
0.0865036614173228
21
0.4078237401574803
0
LINE
8
BLACK
6
CONTINUOUS
10
0.0865036614173228
20
0.4078237401574803
11
0.0858588976377953
21
0.4056115748031496
0
LINE
8
BLACK
6
CONTINUOUS
10
0.0858588976377953
20
0.4056115748031496
11
0.0844166141732283
21
0.4038145669291339
0
LINE
8
BLACK
6
CONTINUOUS
10
0.0844166141732283
20
0.4038145669291339
11
0.0753688582677165
21
0.3962225590551181
0
LINE
8
BLACK
6
CONTINUOUS
10
0.0753688582677165
20
0.3962225590551181
11
0.0733487007874016
21
0.3951142519685039
0
LINE
8
BLACK
6
CONTINUOUS
10
0.0733487007874016
20
0.3951142519685039
11
0.0710581889763779
21
0.3948634251968504
0
LINE
8
BLACK
6
CONTINUOUS
10
0.0710581889763779
20
0.3948634251968504
11
0.0688460236220472
21
0.395508188976378
0
LINE
8
BLACK
6
CONTINUOUS
10
0.0688460236220472
20
0.395508188976378
11
0.0670489763779527
21
0.3969504724409449
0
LINE
8
BLACK
6
CONTINUOUS
10
0.0670489763779527
20
0.3969504724409449
11
0.0411097244094488
21
0.4278636614173228
0
LINE
8
BLACK
6
CONTINUOUS
10
0.0411097244094488
20
0.4278636614173228
11
0.0400014173228346
21
0.4298838582677165
0
LINE
8
BLACK
6
CONTINUOUS
10
0.0400014173228346
20
0.4298838582677165
11
0.0397505905511811
21
0.4321743700787402
0
LINE
8
BLACK
6
CONTINUOUS
10
0.0397505905511811
20
0.4321743700787402
11
0.0403953543307087
21
0.4343865354330709
0
LINE
8
BLACK
6
CONTINUOUS
10
0.0403953543307087
20
0.4343865354330709
11
0.0418376377952756
21
0.4361835433070866
0
LINE
8
BLACK
6
CONTINUOUS
10
0.0418376377952756
20
0.4361835433070866
11
0.0508853937007874
21
0.4437755511811023
0
LINE
8
BLACK
6
CONTINUOUS
10
0.0508853937007874
20
0.4437755511811023
11
0.0529055511811024
21
0.4448838582677165
0
LINE
8
BLACK
6
CONTINUOUS
10
0.0529055511811024
20
0.4448838582677165
11
0.055196062992126
21
0.4451346850393701
0
LINE
8
BLACK
6
CONTINUOUS
10
0.055196062992126
20
0.4451346850393701
11
0.0574082283464567
21
0.4444899212598425
0
LINE
8
BLACK
6
CONTINUOUS
10
0.4039015354330708
20
0.4156305905511811
11
0.3858062992125984
21
0.3975353543307086
0
LINE
8
BLACK
6
CONTINUOUS
10
0.3858062992125984
20
0.3975353543307086
11
0.3746707480314961
21
0.408670905511811
0
LINE
8
BLACK
6
CONTINUOUS
10
0.3746707480314961
20
0.408670905511811
11
0.3927659842519685
21
0.4267661417322834
0
LINE
8
BLACK
6
CONTINUOUS
10
0.3927659842519685
20
0.4267661417322834
11
0.4039015354330708
21
0.4156305905511811
0
LINE
8
BLACK
6
CONTINUOUS
10
-1.4610893307086614
20
0.4873892519685039
11
-1.3825902362204725
21
0.4507845275590551
0
LINE
8
BLACK
6
CONTINUOUS
10
-1.3825902362204725
20
0.4507845275590551
11
-1.379493188976378
21
0.4485136614173229
0
LINE
8
BLACK
6
CONTINUOUS
10
-1.379493188976378
20
0.4485136614173229
11
-1.377500905511811
21
0.4452305118110236
0
LINE
8
BLACK
6
CONTINUOUS
10
-1.377500905511811
20
0.4452305118110236
11
-1.3769167322834646
21
0.441434842519685
0
LINE
8
BLACK
6
CONTINUOUS
10
-1.3769167322834646
20
0.441434842519685
11
-1.3778295275590551
21
0.4377045275590551
0
LINE
8
BLACK
6
CONTINUOUS
10
-1.3778295275590551
20
0.4377045275590551
11
-1.3861487795275591
21
0.4198638188976378
0
LINE
8
BLACK
6
CONTINUOUS
10
-1.3861487795275591
20
0.4198638188976378
11
-1.3884196062992125
21
0.4167667716535433
0
LINE
8
BLACK
6
CONTINUOUS
10
-1.3884196062992125
20
0.4167667716535433
11
-1.3917027952755905
21
0.4147744881889764
0
LINE
8
BLACK
6
CONTINUOUS
10
-1.3917027952755905
20
0.4147744881889764
11
-1.3954984645669291
21
0.4141903149606299
0
LINE
8
BLACK
6
CONTINUOUS
10
-1.3954984645669291
20
0.4141903149606299
11
-1.3992287795275591
21
0.4151031102362205
0
LINE
8
BLACK
6
CONTINUOUS
10
-1.3992287795275591
20
0.4151031102362205
11
-1.477727874015748
21
0.4517078346456693
0
LINE
8
BLACK
6
CONTINUOUS
10
-1.477727874015748
20
0.4517078346456693
11
-1.4808249212598426
21
0.4539787007874015
0
LINE
8
BLACK
6
CONTINUOUS
10
-1.4808249212598426
20
0.4539787007874015
11
-1.4828172047244095
21
0.4572618503937008
0
LINE
8
BLACK
6
CONTINUOUS
10
-1.4828172047244095
20
0.4572618503937008
11
-1.483401377952756
21
0.4610575196850394
0
LINE
8
BLACK
6
CONTINUOUS
10
-1.483401377952756
20
0.4610575196850394
11
-1.4824885826771652
21
0.4647878346456693
0
LINE
8
BLACK
6
CONTINUOUS
10
-1.4824885826771652
20
0.4647878346456693
11
-1.4741693307086614
21
0.4826285433070866
0
LINE
8
BLACK
6
CONTINUOUS
10
-1.4741693307086614
20
0.4826285433070866
11
-1.4718985039370078
21
0.4857255905511811
0
LINE
8
BLACK
6
CONTINUOUS
10
-1.4718985039370078
20
0.4857255905511811
11
-1.4686153149606298
21
0.487717874015748
0
LINE
8
BLACK
6
CONTINUOUS
10
-1.4686153149606298
20
0.487717874015748
11
-1.4648196456692912
21
0.4883020472440945
0
LINE
8
BLACK
6
CONTINUOUS
10
-1.4648196456692912
20
0.4883020472440945
11
-1.4610893307086614
21
0.4873892519685039
0
LINE
8
BLACK
6
CONTINUOUS
10
0.3677110236220472
20
0.4518211023622047
11
0.3496157874015748
21
0.4337258661417323
0
LINE
8
BLACK
6
CONTINUOUS
10
0.3496157874015748
20
0.4337258661417323
11
0.3384802362204724
21
0.4448614173228346
0
LINE
8
BLACK
6
CONTINUOUS
10
0.3384802362204724
20
0.4448614173228346
11
0.3565754724409449
21
0.4629566535433071
0
LINE
8
BLACK
6
CONTINUOUS
10
0.3565754724409449
20
0.4629566535433071
11
0.3677110236220472
21
0.4518211023622047
0
LINE
8
BLACK
6
CONTINUOUS
10
-0.568837125984252
20
0.4698730708661417
11
-0.5662826377952755
21
0.4681661811023622
0
LINE
8
BLACK
6
CONTINUOUS
10
-0.5662826377952755
20
0.4681661811023622
11
-0.564575748031496
21
0.4656116929133858
0
LINE
8
BLACK
6
CONTINUOUS
10
-0.564575748031496
20
0.4656116929133858
11
-0.5639763779527559
21
0.4625984251968504
0
LINE
8
BLACK
6
CONTINUOUS
10
-0.5639763779527559
20
0.4625984251968504
11
-0.5639763779527559
21
0.4468503937007874
0
LINE
8
BLACK
6
CONTINUOUS
10
-0.5639763779527559
20
0.4468503937007874
11
-0.564575748031496
21
0.443837125984252
0
LINE
8
BLACK
6
CONTINUOUS
10
-0.564575748031496
20
0.443837125984252
11
-0.5662826377952755
21
0.4412826377952756
0
LINE
8
BLACK
6
CONTINUOUS
10
-0.5662826377952755
20
0.4412826377952756
11
-0.568837125984252
21
0.4395757480314961
0
LINE
8
BLACK
6
CONTINUOUS
10
-0.568837125984252
20
0.4395757480314961
11
-0.5718503937007874
21
0.4389763779527559
0
LINE
8
BLACK
6
CONTINUOUS
10
-0.5718503937007874
20
0.4389763779527559
11
-0.593503937007874
21
0.4389763779527559
0
LINE
8
BLACK
6
CONTINUOUS
10
-0.593503937007874
20
0.4389763779527559
11
-0.5965172047244094
21
0.4395757480314961
0
LINE
8
BLACK
6
CONTINUOUS
10
-0.5965172047244094
20
0.4395757480314961
11
-0.5990716929133858
21
0.4412826377952756
0
LINE
8
BLACK
6
CONTINUOUS
10
-0.5990716929133858
20
0.4412826377952756
11
-0.6007785826771653
21
0.443837125984252
0
LINE
8
BLACK
6
CONTINUOUS
10
-0.6007785826771653
20
0.443837125984252
11
-0.6013779527559054
21
0.4468503937007874
0
LINE
8
BLACK
6
CONTINUOUS
10
-0.6013779527559054
20
0.4468503937007874
11
-0.6013779527559054
21
0.4625984251968504
0
LINE
8
BLACK
6
CONTINUOUS
10
-0.6013779527559054
20
0.4625984251968504
11
-0.6007785826771653
21
0.4656116929133858
0
LINE
8
BLACK
6
CONTINUOUS
10
-0.6007785826771653
20
0.4656116929133858
11
-0.5990716929133858
21
0.4681661811023622
0
LINE
8
BLACK
6
CONTINUOUS
10
-0.5990716929133858
20
0.4681661811023622
11
-0.5965172047244094
21
0.4698730708661417
0
LINE
8
BLACK
6
CONTINUOUS
10
-0.5965172047244094
20
0.4698730708661417
11
-0.593503937007874
21
0.4704724409448819
0
LINE
8
BLACK
6
CONTINUOUS
10
-0.593503937007874
20
0.4704724409448819
11
-0.5718503937007874
21
0.4704724409448819
0
LINE
8
BLACK
6
CONTINUOUS
10
-0.5718503937007874
20
0.4704724409448819
11
-0.568837125984252
21
0.4698730708661417
0
LINE
8
BLACK
6
CONTINUOUS
10
-1.3051827952755906
20
0.4863649212598425
11
-1.2552288188976377
21
0.4630710236220472
0
LINE
8
BLACK
6
CONTINUOUS
10
-1.2552288188976377
20
0.4630710236220472
11
-1.2533705905511812
21
0.4617085039370079
0
LINE
8
BLACK
6
CONTINUOUS
10
-1.2533705905511812
20
0.4617085039370079
11
-1.2521752362204723
21
0.4597385826771653
0
LINE
8
BLACK
6
CONTINUOUS
10
-1.2521752362204723
20
0.4597385826771653
11
-1.2518246850393699
21
0.4574612204724409
0
LINE
8
BLACK
6
CONTINUOUS
10
-1.2518246850393699
20
0.4574612204724409
11
-1.2523724015748032
21
0.455223031496063
0
LINE
8
BLACK
6
CONTINUOUS
10
-1.2523724015748032
20
0.455223031496063
11
-1.257363937007874
21
0.4445185826771653
0
LINE
8
BLACK
6
CONTINUOUS
10
-1.257363937007874
20
0.4445185826771653
11
-1.2587264566929133
21
0.4426603543307087
0
LINE
8
BLACK
6
CONTINUOUS
10
-1.2587264566929133
20
0.4426603543307087
11
-1.260696338582677
21
0.441465
0
LINE
8
BLACK
6
CONTINUOUS
10
-1.260696338582677
20
0.441465
11
-1.2629737401574803
21
0.4411144881889764
0
LINE
8
BLACK
6
CONTINUOUS
10
-1.2629737401574803
20
0.4411144881889764
11
-1.2652119291338582
21
0.4416621653543307
0
LINE
8
BLACK
6
CONTINUOUS
10
-1.2652119291338582
20
0.4416621653543307
11
-1.315165905511811
21
0.464956062992126
0
LINE
8
BLACK
6
CONTINUOUS
10
-1.315165905511811
20
0.464956062992126
11
-1.3170241338582678
21
0.4663185826771654
0
LINE
8
BLACK
6
CONTINUOUS
10
-1.3170241338582678
20
0.4663185826771654
11
-1.3182194881889764
21
0.4682885039370079
0
LINE
8
BLACK
6
CONTINUOUS
10
-1.3182194881889764
20
0.4682885039370079
11
-1.3185700393700788
21
0.4705658661417323
0
LINE
8
BLACK
6
CONTINUOUS
10
-1.3185700393700788
20
0.4705658661417323
11
-1.3180223228346457
21
0.4728040551181102
0
LINE
8
BLACK
6
CONTINUOUS
10
-1.3180223228346457
20
0.4728040551181102
11
-1.3130307874015748
21
0.4835085039370078
0
LINE
8
BLACK
6
CONTINUOUS
10
-1.3130307874015748
20
0.4835085039370078
11
-1.3116682677165354
21
0.4853667322834646
0
LINE
8
BLACK
6
CONTINUOUS
10
-1.3116682677165354
20
0.4853667322834646
11
-1.3096983858267717
21
0.4865620866141732
0
LINE
8
BLACK
6
CONTINUOUS
10
-1.3096983858267717
20
0.4865620866141732
11
-1.3074209842519684
21
0.4869125984251969
0
LINE
8
BLACK
6
CONTINUOUS
10
-1.3074209842519684
20
0.4869125984251969
11
-1.3051827952755906
21
0.4863649212598425
0
LINE
8
BLACK
6
CONTINUOUS
10
0.1147107480314961
20
0.4925724803149606
11
0.1165077952755905
21
0.4911301968503937
0
LINE
8
BLACK
6
CONTINUOUS
10
0.1165077952755905
20
0.4911301968503937
11
0.1424470472440945
21
0.4602170078740158
0
LINE
8
BLACK
6
CONTINUOUS
10
0.1424470472440945
20
0.4602170078740158
11
0.1435553543307087
21
0.458196811023622
0
LINE
8
BLACK
6
CONTINUOUS
10
0.1435553543307087
20
0.458196811023622
11
0.1438061811023622
21
0.4559062992125984
0
LINE
8
BLACK
6
CONTINUOUS
10
0.1438061811023622
20
0.4559062992125984
11
0.1431614173228346
21
0.4536941338582677
0
LINE
8
BLACK
6
CONTINUOUS
10
0.1431614173228346
20
0.4536941338582677
11
0.1417191338582677
21
0.451897125984252
0
LINE
8
BLACK
6
CONTINUOUS
10
0.1417191338582677
20
0.451897125984252
11
0.1326713779527559
21
0.4443051181102362
0
LINE
8
BLACK
6
CONTINUOUS
10
0.1326713779527559
20
0.4443051181102362
11
0.1306512204724409
21
0.443196811023622
0
LINE
8
BLACK
6
CONTINUOUS
10
0.1306512204724409
20
0.443196811023622
11
0.1283607086614173
21
0.4429459842519685
0
LINE
8
BLACK
6
CONTINUOUS
10
0.1283607086614173
20
0.4429459842519685
11
0.1261485433070866
21
0.4435907480314961
0
LINE
8
BLACK
6
CONTINUOUS
10
0.1261485433070866
20
0.4435907480314961
11
0.1243514960629921
21
0.445033031496063
0
LINE
8
BLACK
6
CONTINUOUS
10
0.1243514960629921
20
0.445033031496063
11
0.0984122440944882
21
0.475946220472441
0
LINE
8
BLACK
6
CONTINUOUS
10
0.0984122440944882
20
0.475946220472441
11
0.097303937007874
21
0.4779664173228346
0
LINE
8
BLACK
6
CONTINUOUS
10
0.097303937007874
20
0.4779664173228346
11
0.0970531102362205
21
0.4802569291338583
0
LINE
8
BLACK
6
CONTINUOUS
10
0.0970531102362205
20
0.4802569291338583
11
0.097697874015748
21
0.482469094488189
0
LINE
8
BLACK
6
CONTINUOUS
10
0.097697874015748
20
0.482469094488189
11
0.099140157480315
21
0.4842661023622047
0
LINE
8
BLACK
6
CONTINUOUS
10
0.099140157480315
20
0.4842661023622047
11
0.1081879133858268
21
0.4918581102362204
0
LINE
8
BLACK
6
CONTINUOUS
10
0.1081879133858268
20
0.4918581102362204
11
0.1102080708661417
21
0.4929664173228346
0
LINE
8
BLACK
6
CONTINUOUS
10
0.1102080708661417
20
0.4929664173228346
11
0.1124985826771654
21
0.4932172440944882
0
LINE
8
BLACK
6
CONTINUOUS
10
0.1124985826771654
20
0.4932172440944882
11
0.1147107480314961
21
0.4925724803149606
0
LINE
8
BLACK
6
CONTINUOUS
10
0.4567953543307087
20
0.4685244094488189
11
0.4387001181102362
21
0.4504291732283465
0
LINE
8
BLACK
6
CONTINUOUS
10
0.4387001181102362
20
0.4504291732283465
11
0.4275645669291339
21
0.4615647244094488
0
LINE
8
BLACK
6
CONTINUOUS
10
0.4275645669291339
20
0.4615647244094488
11
0.4456598031496063
21
0.4796599606299212
0
LINE
8
BLACK
6
CONTINUOUS
10
0.4456598031496063
20
0.4796599606299212
11
0.4567953543307087
21
0.4685244094488189
0
LINE
8
BLACK
6
CONTINUOUS
10
-0.0001642913385827
20
0.5131021653543307
11
0.0016327559055118
21
0.5116598818897637
0
LINE
8
BLACK
6
CONTINUOUS
10
0.0016327559055118
20
0.5116598818897637
11
0.0275720078740157
21
0.4807466929133858
0
LINE
8
BLACK
6
CONTINUOUS
10
0.0275720078740157
20
0.4807466929133858
11
0.0286803149606299
21
0.4787264960629921
0
LINE
8
BLACK
6
CONTINUOUS
10
0.0286803149606299
20
0.4787264960629921
11
0.0289311417322835
21
0.4764359842519685
0
LINE
8
BLACK
6
CONTINUOUS
10
0.0289311417322835
20
0.4764359842519685
11
0.0282863779527559
21
0.4742238188976378
0
LINE
8
BLACK
6
CONTINUOUS
10
0.0282863779527559
20
0.4742238188976378
11
0.026844094488189
21
0.4724268110236221
0
LINE
8
BLACK
6
CONTINUOUS
10
0.026844094488189
20
0.4724268110236221
11
0.0177963385826772
21
0.4648348031496063
0
LINE
8
BLACK
6
CONTINUOUS
10
0.0177963385826772
20
0.4648348031496063
11
0.0157761811023622
21
0.4637264960629921
0
LINE
8
BLACK
6
CONTINUOUS
10
0.0157761811023622
20
0.4637264960629921
11
0.0134856692913386
21
0.4634756692913386
0
LINE
8
BLACK
6
CONTINUOUS
10
0.0134856692913386
20
0.4634756692913386
11
0.0112735039370079
21
0.4641204330708661
0
LINE
8
BLACK
6
CONTINUOUS
10
0.0112735039370079
20
0.4641204330708661
11
0.0094764566929134
21
0.4655627165354331
0
LINE
8
BLACK
6
CONTINUOUS
10
0.0094764566929134
20
0.4655627165354331
11
-0.0164627952755905
21
0.496475905511811
0
LINE
8
BLACK
6
CONTINUOUS
10
-0.0164627952755905
20
0.496475905511811
11
-0.0175711023622047
21
0.4984961023622047
0
LINE
8
BLACK
6
CONTINUOUS
10
-0.0175711023622047
20
0.4984961023622047
11
-0.0178219291338583
21
0.5007866141732283
0
LINE
8
BLACK
6
CONTINUOUS
10
-0.0178219291338583
20
0.5007866141732283
11
-0.0171771653543307
21
0.502998779527559
0
LINE
8
BLACK
6
CONTINUOUS
10
-0.0171771653543307
20
0.502998779527559
11
-0.0157348818897638
21
0.5047957874015748
0
LINE
8
BLACK
6
CONTINUOUS
10
-0.0157348818897638
20
0.5047957874015748
11
-0.006687125984252
21
0.5123877952755905
0
LINE
8
BLACK
6
CONTINUOUS
10
-0.006687125984252
20
0.5123877952755905
11
-0.004666968503937
21
0.5134961023622047
0
LINE
8
BLACK
6
CONTINUOUS
10
-0.004666968503937
20
0.5134961023622047
11
-0.0023764566929134
21
0.5137469291338582
0
LINE
8
BLACK
6
CONTINUOUS
10
-0.0023764566929134
20
0.5137469291338582
11
-0.0001642913385827
21
0.5131021653543307
0
LINE
8
BLACK
6
CONTINUOUS
10
0.4387000787401575
20
0.4866196456692913
11
0.4206048425196851
21
0.4685244094488189
0
LINE
8
BLACK
6
CONTINUOUS
10
0.4206048425196851
20
0.4685244094488189
11
0.4094692913385827
21
0.4796599606299212
0
LINE
8
BLACK
6
CONTINUOUS
10
0.4094692913385827
20
0.4796599606299212
11
0.4275645275590551
21
0.4977551968503937
0
LINE
8
BLACK
6
CONTINUOUS
10
0.4275645275590551
20
0.4977551968503937
11
0.4387000787401575
21
0.4866196456692913
0
LINE
8
BLACK
6
CONTINUOUS
10
-0.8675614566929134
20
0.5698172440944882
11
-0.8644461811023622
21
0.5680186614173228
0
LINE
8
BLACK
6
CONTINUOUS
10
-0.8644461811023622
20
0.5680186614173228
11
-0.8619025984251968
21
0.5654750787401575
0
LINE
8
BLACK
6
CONTINUOUS
10
-0.8619025984251968
20
0.5654750787401575
11
-0.8601040157480315
21
0.5623598031496063
0
LINE
8
BLACK
6
CONTINUOUS
10
-0.8601040157480315
20
0.5623598031496063
11
-0.8591729921259842
21
0.5588851968503937
0
LINE
8
BLACK
6
CONTINUOUS
10
-0.8591729921259842
20
0.5588851968503937
11
-0.8590551181102362
21
0.5570866141732284
0
LINE
8
BLACK
6
CONTINUOUS
10
-0.8590551181102362
20
0.5570866141732284
11
-0.8590551181102362
21
0.4822834645669291
0
LINE
8
BLACK
6
CONTINUOUS
10
-0.8590551181102362
20
0.4822834645669291
11
-0.8591729921259842
21
0.4804848818897638
0
LINE
8
BLACK
6
CONTINUOUS
10
-0.8591729921259842
20
0.4804848818897638
11
-0.8601040157480315
21
0.4770102755905511
0
LINE
8
BLACK
6
CONTINUOUS
10
-0.8601040157480315
20
0.4770102755905511
11
-0.8619025984251968
21
0.473895
0
LINE
8
BLACK
6
CONTINUOUS
10
-0.8619025984251968
20
0.473895
11
-0.8644461811023622
21
0.4713514173228346
0
LINE
8
BLACK
6
CONTINUOUS
10
-0.8644461811023622
20
0.4713514173228346
11
-0.8675614566929134
21
0.4695528346456693
0
LINE
8
BLACK
6
CONTINUOUS
10
-0.8675614566929134
20
0.4695528346456693
11
-0.871036062992126
21
0.468621811023622
0
LINE
8
BLACK
6
CONTINUOUS
10
-0.871036062992126
20
0.468621811023622
11
-0.8746332283464566
21
0.468621811023622
0
LINE
8
BLACK
6
CONTINUOUS
10
-0.8746332283464566
20
0.468621811023622
11
-0.8781078346456692
21
0.4695528346456693
0
LINE
8
BLACK
6
CONTINUOUS
10
-0.8781078346456692
20
0.4695528346456693
11
-0.8812231102362205
21
0.4713514173228346
0
LINE
8
BLACK
6
CONTINUOUS
10
-0.8812231102362205
20
0.4713514173228346
11
-0.8837666929133858
21
0.473895
0
LINE
8
BLACK
6
CONTINUOUS
10
-0.8837666929133858
20
0.473895
11
-0.8855652755905512
21
0.4770102755905511
0
LINE
8
BLACK
6
CONTINUOUS
10
-0.8855652755905512
20
0.4770102755905511
11
-0.8864962992125984
21
0.4804848818897638
0
LINE
8
BLACK
6
CONTINUOUS
10
-0.8864962992125984
20
0.4804848818897638
11
-0.8866141732283465
21
0.4822834645669291
0
LINE
8
BLACK
6
CONTINUOUS
10
-0.8866141732283465
20
0.4822834645669291
11
-0.8866141732283465
21
0.5570866141732284
0
LINE
8
BLACK
6
CONTINUOUS
10
-0.8866141732283465
20
0.5570866141732284
11
-0.8864962992125984
21
0.5588851968503937
0
LINE
8
BLACK
6
CONTINUOUS
10
-0.8864962992125984
20
0.5588851968503937
11
-0.8855652755905512
21
0.5623598031496063
0
LINE
8
BLACK
6
CONTINUOUS
10
-0.8855652755905512
20
0.5623598031496063
11
-0.8837666929133858
21
0.5654750787401575
0
LINE
8
BLACK
6
CONTINUOUS
10
-0.8837666929133858
20
0.5654750787401575
11
-0.8812231102362205
21
0.5680186614173228
0
LINE
8
BLACK
6
CONTINUOUS
10
-0.8812231102362205
20
0.5680186614173228
11
-0.8781078346456692
21
0.5698172440944882
0
LINE
8
BLACK
6
CONTINUOUS
10
-0.8781078346456692
20
0.5698172440944882
11
-0.8746332283464566
21
0.5707482677165354
0
LINE
8
BLACK
6
CONTINUOUS
10
-0.8746332283464566
20
0.5707482677165354
11
-0.871036062992126
21
0.5707482677165354
0
LINE
8
BLACK
6
CONTINUOUS
10
-0.871036062992126
20
0.5707482677165354
11
-0.8675614566929134
21
0.5698172440944882
0
LINE
8
BLACK
6
CONTINUOUS
10
-0.8201205118110236
20
0.5698172440944882
11
-0.8170052362204724
21
0.5680186614173228
0
LINE
8
BLACK
6
CONTINUOUS
10
-0.8170052362204724
20
0.5680186614173228
11
-0.814461653543307
21
0.5654750787401575
0
LINE
8
BLACK
6
CONTINUOUS
10
-0.814461653543307
20
0.5654750787401575
11
-0.8126630708661418
21
0.5623598031496063
0
LINE
8
BLACK
6
CONTINUOUS
10
-0.8126630708661418
20
0.5623598031496063
11
-0.8117320472440944
21
0.5588851968503937
0
LINE
8
BLACK
6
CONTINUOUS
10
-0.8117320472440944
20
0.5588851968503937
11
-0.8116141732283464
21
0.5570866141732284
0
LINE
8
BLACK
6
CONTINUOUS
10
-0.8116141732283464
20
0.5570866141732284
11
-0.8116141732283464
21
0.4822834645669291
0
LINE
8
BLACK
6
CONTINUOUS
10
-0.8116141732283464
20
0.4822834645669291
11
-0.8117320472440944
21
0.4804848818897638
0
LINE
8
BLACK
6
CONTINUOUS
10
-0.8117320472440944
20
0.4804848818897638
11
-0.8126630708661418
21
0.4770102755905511
0
LINE
8
BLACK
6
CONTINUOUS
10
-0.8126630708661418
20
0.4770102755905511
11
-0.814461653543307
21
0.473895
0
LINE
8
BLACK
6
CONTINUOUS
10
-0.814461653543307
20
0.473895
11
-0.8170052362204724
21
0.4713514173228346
0
LINE
8
BLACK
6
CONTINUOUS
10
-0.8170052362204724
20
0.4713514173228346
11
-0.8201205118110236
21
0.4695528346456693
0
LINE
8
BLACK
6
CONTINUOUS
10
-0.8201205118110236
20
0.4695528346456693
11
-0.8235951181102362
21
0.468621811023622
0
LINE
8
BLACK
6
CONTINUOUS
10
-0.8235951181102362
20
0.468621811023622
11
-0.8271922834645669
21
0.468621811023622
0
LINE
8
BLACK
6
CONTINUOUS
10
-0.8271922834645669
20
0.468621811023622
11
-0.8306668897637796
21
0.4695528346456693
0
LINE
8
BLACK
6
CONTINUOUS
10
-0.8306668897637796
20
0.4695528346456693
11
-0.8337821653543307
21
0.4713514173228346
0
LINE
8
BLACK
6
CONTINUOUS
10
-0.8337821653543307
20
0.4713514173228346
11
-0.8363257480314961
21
0.473895
0
LINE
8
BLACK
6
CONTINUOUS
10
-0.8363257480314961
20
0.473895
11
-0.8381243307086614
21
0.4770102755905511
0
LINE
8
BLACK
6
CONTINUOUS
10
-0.8381243307086614
20
0.4770102755905511
11
-0.8390553543307087
21
0.4804848818897638
0
LINE
8
BLACK
6
CONTINUOUS
10
-0.8390553543307087
20
0.4804848818897638
11
-0.8391732283464567
21
0.4822834645669291
0
LINE
8
BLACK
6
CONTINUOUS
10
-0.8391732283464567
20
0.4822834645669291
11
-0.8391732283464567
21
0.5570866141732284
0
LINE
8
BLACK
6
CONTINUOUS
10
-0.8391732283464567
20
0.5570866141732284
11
-0.8390553543307087
21
0.5588851968503937
0
LINE
8
BLACK
6
CONTINUOUS
10
-0.8390553543307087
20
0.5588851968503937
11
-0.8381243307086614
21
0.5623598031496063
0
LINE
8
BLACK
6
CONTINUOUS
10
-0.8381243307086614
20
0.5623598031496063
11
-0.8363257480314961
21
0.5654750787401575
0
LINE
8
BLACK
6
CONTINUOUS
10
-0.8363257480314961
20
0.5654750787401575
11
-0.8337821653543307
21
0.5680186614173228
0
LINE
8
BLACK
6
CONTINUOUS
10
-0.8337821653543307
20
0.5680186614173228
11
-0.8306668897637796
21
0.5698172440944882
0
LINE
8
BLACK
6
CONTINUOUS
10
-0.8306668897637796
20
0.5698172440944882
11
-0.8271922834645669
21
0.5707482677165354
0
LINE
8
BLACK
6
CONTINUOUS
10
-0.8271922834645669
20
0.5707482677165354
11
-0.8235951181102362
21
0.5707482677165354
0
LINE
8
BLACK
6
CONTINUOUS
10
-0.8235951181102362
20
0.5707482677165354
11
-0.8201205118110236
21
0.5698172440944882
0
LINE
8
BLACK
6
CONTINUOUS
10
-0.7675614566929133
20
0.5698172440944882
11
-0.7644461811023622
21
0.5680186614173228
0
LINE
8
BLACK
6
CONTINUOUS
10
-0.7644461811023622
20
0.5680186614173228
11
-0.7619025984251968
21
0.5654750787401575
0
LINE
8
BLACK
6
CONTINUOUS
10
-0.7619025984251968
20
0.5654750787401575
11
-0.7601040157480314
21
0.5623598031496063
0
LINE
8
BLACK
6
CONTINUOUS
10
-0.7601040157480314
20
0.5623598031496063
11
-0.7591729921259842
21
0.5588851968503937
0
LINE
8
BLACK
6
CONTINUOUS
10
-0.7591729921259842
20
0.5588851968503937
11
-0.7590551181102362
21
0.5570866141732284
0
LINE
8
BLACK
6
CONTINUOUS
10
-0.7590551181102362
20
0.5570866141732284
11
-0.7590551181102362
21
0.4822834645669291
0
LINE
8
BLACK
6
CONTINUOUS
10
-0.7590551181102362
20
0.4822834645669291
11
-0.7591729921259842
21
0.4804848818897638
0
LINE
8
BLACK
6
CONTINUOUS
10
-0.7591729921259842
20
0.4804848818897638
11
-0.7601040157480314
21
0.4770102755905511
0
LINE
8
BLACK
6
CONTINUOUS
10
-0.7601040157480314
20
0.4770102755905511
11
-0.7619025984251968
21
0.473895
0
LINE
8
BLACK
6
CONTINUOUS
10
-0.7619025984251968
20
0.473895
11
-0.7644461811023622
21
0.4713514173228346
0
LINE
8
BLACK
6
CONTINUOUS
10
-0.7644461811023622
20
0.4713514173228346
11
-0.7675614566929133
21
0.4695528346456693
0
LINE
8
BLACK
6
CONTINUOUS
10
-0.7675614566929133
20
0.4695528346456693
11
-0.771036062992126
21
0.468621811023622
0
LINE
8
BLACK
6
CONTINUOUS
10
-0.771036062992126
20
0.468621811023622
11
-0.7746332283464566
21
0.468621811023622
0
LINE
8
BLACK
6
CONTINUOUS
10
-0.7746332283464566
20
0.468621811023622
11
-0.7781078346456692
21
0.4695528346456693
0
LINE
8
BLACK
6
CONTINUOUS
10
-0.7781078346456692
20
0.4695528346456693
11
-0.7812231102362205
21
0.4713514173228346
0
LINE
8
BLACK
6
CONTINUOUS
10
-0.7812231102362205
20
0.4713514173228346
11
-0.7837666929133859
21
0.473895
0
LINE
8
BLACK
6
CONTINUOUS
10
-0.7837666929133859
20
0.473895
11
-0.7855652755905511
21
0.4770102755905511
0
LINE
8
BLACK
6
CONTINUOUS
10
-0.7855652755905511
20
0.4770102755905511
11
-0.7864962992125984
21
0.4804848818897638
0
LINE
8
BLACK
6
CONTINUOUS
10
-0.7864962992125984
20
0.4804848818897638
11
-0.7866141732283465
21
0.4822834645669291
0
LINE
8
BLACK
6
CONTINUOUS
10
-0.7866141732283465
20
0.4822834645669291
11
-0.7866141732283465
21
0.5570866141732284
0
LINE
8
BLACK
6
CONTINUOUS
10
-0.7866141732283465
20
0.5570866141732284
11
-0.7864962992125984
21
0.5588851968503937
0
LINE
8
BLACK
6
CONTINUOUS
10
-0.7864962992125984
20
0.5588851968503937
11
-0.7855652755905511
21
0.5623598031496063
0
LINE
8
BLACK
6
CONTINUOUS
10
-0.7855652755905511
20
0.5623598031496063
11
-0.7837666929133859
21
0.5654750787401575
0
LINE
8
BLACK
6
CONTINUOUS
10
-0.7837666929133859
20
0.5654750787401575
11
-0.7812231102362205
21
0.5680186614173228
0
LINE
8
BLACK
6
CONTINUOUS
10
-0.7812231102362205
20
0.5680186614173228
11
-0.7781078346456692
21
0.5698172440944882
0
LINE
8
BLACK
6
CONTINUOUS
10
-0.7781078346456692
20
0.5698172440944882
11
-0.7746332283464566
21
0.5707482677165354
0
LINE
8
BLACK
6
CONTINUOUS
10
-0.7746332283464566
20
0.5707482677165354
11
-0.771036062992126
21
0.5707482677165354
0
LINE
8
BLACK
6
CONTINUOUS
10
-0.771036062992126
20
0.5707482677165354
11
-0.7675614566929133
21
0.5698172440944882
0
LINE
8
BLACK
6
CONTINUOUS
10
-0.7175614566929134
20
0.5698172440944882
11
-0.7144461811023622
21
0.5680186614173228
0
LINE
8
BLACK
6
CONTINUOUS
10
-0.7144461811023622
20
0.5680186614173228
11
-0.7119025984251969
21
0.5654750787401575
0
LINE
8
BLACK
6
CONTINUOUS
10
-0.7119025984251969
20
0.5654750787401575
11
-0.7101040157480315
21
0.5623598031496063
0
LINE
8
BLACK
6
CONTINUOUS
10
-0.7101040157480315
20
0.5623598031496063
11
-0.7091729921259843
21
0.5588851968503937
0
LINE
8
BLACK
6
CONTINUOUS
10
-0.7091729921259843
20
0.5588851968503937
11
-0.7090551181102362
21
0.5570866141732284
0
LINE
8
BLACK
6
CONTINUOUS
10
-0.7090551181102362
20
0.5570866141732284
11
-0.7090551181102362
21
0.4822834645669291
0
LINE
8
BLACK
6
CONTINUOUS
10
-0.7090551181102362
20
0.4822834645669291
11
-0.7091729921259843
21
0.4804848818897638
0
LINE
8
BLACK
6
CONTINUOUS
10
-0.7091729921259843
20
0.4804848818897638
11
-0.7101040157480315
21
0.4770102755905511
0
LINE
8
BLACK
6
CONTINUOUS
10
-0.7101040157480315
20
0.4770102755905511
11
-0.7119025984251969
21
0.473895
0
LINE
8
BLACK
6
CONTINUOUS
10
-0.7119025984251969
20
0.473895
11
-0.7144461811023622
21
0.4713514173228346
0
LINE
8
BLACK
6
CONTINUOUS
10
-0.7144461811023622
20
0.4713514173228346
11
-0.7175614566929134
21
0.4695528346456693
0
LINE
8
BLACK
6
CONTINUOUS
10
-0.7175614566929134
20
0.4695528346456693
11
-0.721036062992126
21
0.468621811023622
0
LINE
8
BLACK
6
CONTINUOUS
10
-0.721036062992126
20
0.468621811023622
11
-0.7246332283464567
21
0.468621811023622
0
LINE
8
BLACK
6
CONTINUOUS
10
-0.7246332283464567
20
0.468621811023622
11
-0.7281078346456693
21
0.4695528346456693
0
LINE
8
BLACK
6
CONTINUOUS
10
-0.7281078346456693
20
0.4695528346456693
11
-0.7312231102362204
21
0.4713514173228346
0
LINE
8
BLACK
6
CONTINUOUS
10
-0.7312231102362204
20
0.4713514173228346
11
-0.7337666929133858
21
0.473895
0
LINE
8
BLACK
6
CONTINUOUS
10
-0.7337666929133858
20
0.473895
11
-0.7355652755905512
21
0.4770102755905511
0
LINE
8
BLACK
6
CONTINUOUS
10
-0.7355652755905512
20
0.4770102755905511
11
-0.7364962992125984
21
0.4804848818897638
0
LINE
8
BLACK
6
CONTINUOUS
10
-0.7364962992125984
20
0.4804848818897638
11
-0.7366141732283464
21
0.4822834645669291
0
LINE
8
BLACK
6
CONTINUOUS
10
-0.7366141732283464
20
0.4822834645669291
11
-0.7366141732283464
21
0.5570866141732284
0
LINE
8
BLACK
6
CONTINUOUS
10
-0.7366141732283464
20
0.5570866141732284
11
-0.7364962992125984
21
0.5588851968503937
0
LINE
8
BLACK
6
CONTINUOUS
10
-0.7364962992125984
20
0.5588851968503937
11
-0.7355652755905512
21
0.5623598031496063
0
LINE
8
BLACK
6
CONTINUOUS
10
-0.7355652755905512
20
0.5623598031496063
11
-0.7337666929133858
21
0.5654750787401575
0
LINE
8
BLACK
6
CONTINUOUS
10
-0.7337666929133858
20
0.5654750787401575
11
-0.7312231102362204
21
0.5680186614173228
0
LINE
8
BLACK
6
CONTINUOUS
10
-0.7312231102362204
20
0.5680186614173228
11
-0.7281078346456693
21
0.5698172440944882
0
LINE
8
BLACK
6
CONTINUOUS
10
-0.7281078346456693
20
0.5698172440944882
11
-0.7246332283464567
21
0.5707482677165354
0
LINE
8
BLACK
6
CONTINUOUS
10
-0.7246332283464567
20
0.5707482677165354
11
-0.721036062992126
21
0.5707482677165354
0
LINE
8
BLACK
6
CONTINUOUS
10
-0.721036062992126
20
0.5707482677165354
11
-0.7175614566929134
21
0.5698172440944882
0
LINE
8
BLACK
6
CONTINUOUS
10
-1.0582881102362205
20
0.5222448818897638
11
-1.0440155511811022
21
0.5155894881889763
0
LINE
8
BLACK
6
CONTINUOUS
10
-1.0440155511811022
20
0.5155894881889763
11
-1.0415379133858267
21
0.5137727952755905
0
LINE
8
BLACK
6
CONTINUOUS
10
-1.0415379133858267
20
0.5137727952755905
11
-1.039944094488189
21
0.5111462598425197
0
LINE
8
BLACK
6
CONTINUOUS
10
-1.039944094488189
20
0.5111462598425197
11
-1.0394767322834646
21
0.5081097244094488
0
LINE
8
BLACK
6
CONTINUOUS
10
-1.0394767322834646
20
0.5081097244094488
11
-1.040206968503937
21
0.5051254724409449
0
LINE
8
BLACK
6
CONTINUOUS
10
-1.040206968503937
20
0.5051254724409449
11
-1.0493581496062991
21
0.4855007086614173
0
LINE
8
BLACK
6
CONTINUOUS
10
-1.0493581496062991
20
0.4855007086614173
11
-1.0511748031496062
21
0.4830230708661417
0
LINE
8
BLACK
6
CONTINUOUS
10
-1.0511748031496062
20
0.4830230708661417
11
-1.053801377952756
21
0.4814292913385826
0
LINE
8
BLACK
6
CONTINUOUS
10
-1.053801377952756
20
0.4814292913385826
11
-1.056837874015748
21
0.4809618897637795
0
LINE
8
BLACK
6
CONTINUOUS
10
-1.056837874015748
20
0.4809618897637795
11
-1.059822125984252
21
0.481692125984252
0
LINE
8
BLACK
6
CONTINUOUS
10
-1.059822125984252
20
0.481692125984252
11
-1.07409468503937
21
0.4883475196850394
0
LINE
8
BLACK
6
CONTINUOUS
10
-1.07409468503937
20
0.4883475196850394
11
-1.0765723228346455
21
0.4901642125984252
0
LINE
8
BLACK
6
CONTINUOUS
10
-1.0765723228346455
20
0.4901642125984252
11
-1.0781661417322834
21
0.492790748031496
0
LINE
8
BLACK
6
CONTINUOUS
10
-1.0781661417322834
20
0.492790748031496
11
-1.0786335039370079
21
0.4958272834645669
0
LINE
8
BLACK
6
CONTINUOUS
10
-1.0786335039370079
20
0.4958272834645669
11
-1.0779032677165354
21
0.4988115354330708
0
LINE
8
BLACK
6
CONTINUOUS
10
-1.0779032677165354
20
0.4988115354330708
11
-1.0687520866141733
21
0.5184362992125984
0
LINE
8
BLACK
6
CONTINUOUS
10
-1.0687520866141733
20
0.5184362992125984
11
-1.066935433070866
21
0.520913937007874
0
LINE
8
BLACK
6
CONTINUOUS
10
-1.066935433070866
20
0.520913937007874
11
-1.0643088582677165
21
0.522507716535433
0
LINE
8
BLACK
6
CONTINUOUS
10
-1.0643088582677165
20
0.522507716535433
11
-1.0612723622047244
21
0.5229751181102362
0
LINE
8
BLACK
6
CONTINUOUS
10
-1.0612723622047244
20
0.5229751181102362
11
-1.0582881102362205
21
0.5222448818897638
0
LINE
8
BLACK
6
CONTINUOUS
10
-1.2843846456692913
20
0.5309666929133858
11
-1.2344306692913385
21
0.5076727952755905
0
LINE
8
BLACK
6
CONTINUOUS
10
-1.2344306692913385
20
0.5076727952755905
11
-1.2325724409448819
21
0.5063102755905512
0
LINE
8
BLACK
6
CONTINUOUS
10
-1.2325724409448819
20
0.5063102755905512
11
-1.2313770866141731
21
0.5043403543307087
0
LINE
8
BLACK
6
CONTINUOUS
10
-1.2313770866141731
20
0.5043403543307087
11
-1.2310265354330709
21
0.5020629921259843
0
LINE
8
BLACK
6
CONTINUOUS
10
-1.2310265354330709
20
0.5020629921259843
11
-1.231574251968504
21
0.4998248031496063
0
LINE
8
BLACK
6
CONTINUOUS
10
-1.231574251968504
20
0.4998248031496063
11
-1.2365657874015747
21
0.4891203543307087
0
LINE
8
BLACK
6
CONTINUOUS
10
-1.2365657874015747
20
0.4891203543307087
11
-1.2379283070866141
21
0.4872621259842519
0
LINE
8
BLACK
6
CONTINUOUS
10
-1.2379283070866141
20
0.4872621259842519
11
-1.2398981889763778
21
0.4860667716535433
0
LINE
8
BLACK
6
CONTINUOUS
10
-1.2398981889763778
20
0.4860667716535433
11
-1.2421755905511811
21
0.4857162598425196
0
LINE
8
BLACK
6
CONTINUOUS
10
-1.2421755905511811
20
0.4857162598425196
11
-1.2444137795275589
21
0.486263937007874
0
LINE
8
BLACK
6
CONTINUOUS
10
-1.2444137795275589
20
0.486263937007874
11
-1.2943677559055118
21
0.5095578346456693
0
LINE
8
BLACK
6
CONTINUOUS
10
-1.2943677559055118
20
0.5095578346456693
11
-1.2962259842519686
21
0.5109203543307087
0
LINE
8
BLACK
6
CONTINUOUS
10
-1.2962259842519686
20
0.5109203543307087
11
-1.2974213385826772
21
0.5128902755905511
0
LINE
8
BLACK
6
CONTINUOUS
10
-1.2974213385826772
20
0.5128902755905511
11
-1.2977718897637796
21
0.5151676377952755
0
LINE
8
BLACK
6
CONTINUOUS
10
-1.2977718897637796
20
0.5151676377952755
11
-1.2972241732283465
21
0.5174058267716535
0
LINE
8
BLACK
6
CONTINUOUS
10
-1.2972241732283465
20
0.5174058267716535
11
-1.2922326377952755
21
0.5281102755905511
0
LINE
8
BLACK
6
CONTINUOUS
10
-1.2922326377952755
20
0.5281102755905511
11
-1.2908701181102362
21
0.5299685039370079
0
LINE
8
BLACK
6
CONTINUOUS
10
-1.2908701181102362
20
0.5299685039370079
11
-1.2889002362204725
21
0.5311638582677165
0
LINE
8
BLACK
6
CONTINUOUS
10
-1.2889002362204725
20
0.5311638582677165
11
-1.2866228346456692
21
0.5315143700787401
0
LINE
8
BLACK
6
CONTINUOUS
10
-1.2866228346456692
20
0.5315143700787401
11
-1.2843846456692913
21
0.5309666929133858
0
LINE
8
BLACK
6
CONTINUOUS
10
0.4206048425196851
20
0.5047149212598425
11
0.4025096062992126
21
0.4866196850393701
0
LINE
8
BLACK
6
CONTINUOUS
10
0.4025096062992126
20
0.4866196850393701
11
0.3913740551181102
21
0.4977552362204724
0
LINE
8
BLACK
6
CONTINUOUS
10
0.3913740551181102
20
0.4977552362204724
11
0.4094692913385827
21
0.5158504724409448
0
LINE
8
BLACK
6
CONTINUOUS
10
0.4094692913385827
20
0.5158504724409448
11
0.4206048425196851
21
0.5047149212598425
0
LINE
8
BLACK
6
CONTINUOUS
10
0.028486968503937
20
0.5371434645669291
11
0.0302840157480315
21
0.5357011811023622
0
LINE
8
BLACK
6
CONTINUOUS
10
0.0302840157480315
20
0.5357011811023622
11
0.0562232677165354
21
0.5047879921259842
0
LINE
8
BLACK
6
CONTINUOUS
10
0.0562232677165354
20
0.5047879921259842
11
0.0573315748031496
21
0.5027677952755906
0
LINE
8
BLACK
6
CONTINUOUS
10
0.0573315748031496
20
0.5027677952755906
11
0.0575824015748031
21
0.5004772834645669
0
LINE
8
BLACK
6
CONTINUOUS
10
0.0575824015748031
20
0.5004772834645669
11
0.0569376377952756
21
0.4982651181102362
0
LINE
8
BLACK
6
CONTINUOUS
10
0.0569376377952756
20
0.4982651181102362
11
0.0554953543307087
21
0.4964681102362205
0
LINE
8
BLACK
6
CONTINUOUS
10
0.0554953543307087
20
0.4964681102362205
11
0.0464475984251968
21
0.4888761023622047
0
LINE
8
BLACK
6
CONTINUOUS
10
0.0464475984251968
20
0.4888761023622047
11
0.0444274409448819
21
0.4877677952755906
0
LINE
8
BLACK
6
CONTINUOUS
10
0.0444274409448819
20
0.4877677952755906
11
0.0421369291338583
21
0.487516968503937
0
LINE
8
BLACK
6
CONTINUOUS
10
0.0421369291338583
20
0.487516968503937
11
0.0399247637795276
21
0.4881617322834645
0
LINE
8
BLACK
6
CONTINUOUS
10
0.0399247637795276
20
0.4881617322834645
11
0.0381277165354331
21
0.4896040157480315
0
LINE
8
BLACK
6
CONTINUOUS
10
0.0381277165354331
20
0.4896040157480315
11
0.0121884645669291
21
0.5205172047244094
0
LINE
8
BLACK
6
CONTINUOUS
10
0.0121884645669291
20
0.5205172047244094
11
0.011080157480315
21
0.5225374015748031
0
LINE
8
BLACK
6
CONTINUOUS
10
0.011080157480315
20
0.5225374015748031
11
0.0108293307086614
21
0.5248279133858268
0
LINE
8
BLACK
6
CONTINUOUS
10
0.0108293307086614
20
0.5248279133858268
11
0.011474094488189
21
0.5270400787401575
0
LINE
8
BLACK
6
CONTINUOUS
10
0.011474094488189
20
0.5270400787401575
11
0.0129163779527559
21
0.5288370866141732
0
LINE
8
BLACK
6
CONTINUOUS
10
0.0129163779527559
20
0.5288370866141732
11
0.0219641338582677
21
0.536429094488189
0
LINE
8
BLACK
6
CONTINUOUS
10
0.0219641338582677
20
0.536429094488189
11
0.0239842913385827
21
0.5375374015748031
0
LINE
8
BLACK
6
CONTINUOUS
10
0.0239842913385827
20
0.5375374015748031
11
0.0262748031496063
21
0.5377882283464567
0
LINE
8
BLACK
6
CONTINUOUS
10
0.0262748031496063
20
0.5377882283464567
11
0.028486968503937
21
0.5371434645669291
0
LINE
8
BLACK
6
CONTINUOUS
10
0.175155
20
0.5330295669291338
11
0.1778505511811024
21
0.5308661417322834
0
LINE
8
BLACK
6
CONTINUOUS
10
0.1778505511811024
20
0.5308661417322834
11
0.1892385039370079
21
0.5172944881889764
0
LINE
8
BLACK
6
CONTINUOUS
10
0.1892385039370079
20
0.5172944881889764
11
0.1909009842519685
21
0.5142642519685039
0
LINE
8
BLACK
6
CONTINUOUS
10
0.1909009842519685
20
0.5142642519685039
11
0.1912772440944882
21
0.5108284645669291
0
LINE
8
BLACK
6
CONTINUOUS
10
0.1912772440944882
20
0.5108284645669291
11
0.1903100787401575
21
0.5075102362204724
0
LINE
8
BLACK
6
CONTINUOUS
10
0.1903100787401575
20
0.5075102362204724
11
0.1881466929133858
21
0.5048146850393701
0
LINE
8
BLACK
6
CONTINUOUS
10
0.1881466929133858
20
0.5048146850393701
11
0.1730670472440945
21
0.4921613779527559
0
LINE
8
BLACK
6
CONTINUOUS
10
0.1730670472440945
20
0.4921613779527559
11
0.170036811023622
21
0.490498937007874
0
LINE
8
BLACK
6
CONTINUOUS
10
0.170036811023622
20
0.490498937007874
11
0.1666010236220472
21
0.4901226377952756
0
LINE
8
BLACK
6
CONTINUOUS
10
0.1666010236220472
20
0.4901226377952756
11
0.1632827952755906
21
0.4910898031496063
0
LINE
8
BLACK
6
CONTINUOUS
10
0.1632827952755906
20
0.4910898031496063
11
0.1605872440944882
21
0.4932532283464567
0
LINE
8
BLACK
6
CONTINUOUS
10
0.1605872440944882
20
0.4932532283464567
11
0.1491992913385827
21
0.5068248818897638
0
LINE
8
BLACK
6
CONTINUOUS
10
0.1491992913385827
20
0.5068248818897638
11
0.147536811023622
21
0.5098551181102362
0
LINE
8
BLACK
6
CONTINUOUS
10
0.147536811023622
20
0.5098551181102362
11
0.1471605511811024
21
0.513290905511811
0
LINE
8
BLACK
6
CONTINUOUS
10
0.1471605511811024
20
0.513290905511811
11
0.1481277165354331
21
0.5166091338582677
0
LINE
8
BLACK
6
CONTINUOUS
10
0.1481277165354331
20
0.5166091338582677
11
0.1502911023622047
21
0.5193046850393701
0
LINE
8
BLACK
6
CONTINUOUS
10
0.1502911023622047
20
0.5193046850393701
11
0.1653707480314961
21
0.5319579921259843
0
LINE
8
BLACK
6
CONTINUOUS
10
0.1653707480314961
20
0.5319579921259843
11
0.1684009842519685
21
0.5336204330708662
0
LINE
8
BLACK
6
CONTINUOUS
10
0.1684009842519685
20
0.5336204330708662
11
0.1718367716535433
21
0.5339967322834646
0
LINE
8
BLACK
6
CONTINUOUS
10
0.1718367716535433
20
0.5339967322834646
11
0.175155
21
0.5330295669291338
0
LINE
8
BLACK
6
CONTINUOUS
10
-0.0823603937007874
20
0.5514794094488189
11
-0.0793653543307087
21
0.5490756299212598
0
LINE
8
BLACK
6
CONTINUOUS
10
-0.0793653543307087
20
0.5490756299212598
11
-0.055324094488189
21
0.5204243700787401
0
LINE
8
BLACK
6
CONTINUOUS
10
-0.055324094488189
20
0.5204243700787401
11
-0.0534768897637795
21
0.5170574015748032
0
LINE
8
BLACK
6
CONTINUOUS
10
-0.0534768897637795
20
0.5170574015748032
11
-0.0530588188976378
21
0.5132398818897638
0
LINE
8
BLACK
6
CONTINUOUS
10
-0.0530588188976378
20
0.5132398818897638
11
-0.0541334645669291
21
0.5095529527559055
0
LINE
8
BLACK
6
CONTINUOUS
10
-0.0541334645669291
20
0.5095529527559055
11
-0.0565372440944882
21
0.5065579133858268
0
LINE
8
BLACK
6
CONTINUOUS
10
-0.0565372440944882
20
0.5065579133858268
11
-0.0716168503937008
21
0.4939046062992126
0
LINE
8
BLACK
6
CONTINUOUS
10
-0.0716168503937008
20
0.4939046062992126
11
-0.0749838188976378
21
0.4920574409448819
0
LINE
8
BLACK
6
CONTINUOUS
10
-0.0749838188976378
20
0.4920574409448819
11
-0.0788013385826772
21
0.4916393307086614
0
LINE
8
BLACK
6
CONTINUOUS
10
-0.0788013385826772
20
0.4916393307086614
11
-0.0824882677165354
21
0.4927139763779527
0
LINE
8
BLACK
6
CONTINUOUS
10
-0.0824882677165354
20
0.4927139763779527
11
-0.0854833070866142
21
0.4951177559055118
0
LINE
8
BLACK
6
CONTINUOUS
10
-0.0854833070866142
20
0.4951177559055118
11
-0.1095245669291339
21
0.5237690157480315
0
LINE
8
BLACK
6
CONTINUOUS
10
-0.1095245669291339
20
0.5237690157480315
11
-0.1113717716535433
21
0.5271359842519685
0
LINE
8
BLACK
6
CONTINUOUS
10
-0.1113717716535433
20
0.5271359842519685
11
-0.111789842519685
21
0.5309535039370079
0
LINE
8
BLACK
6
CONTINUOUS
10
-0.111789842519685
20
0.5309535039370079
11
-0.1107151968503937
21
0.5346404330708662
0
LINE
8
BLACK
6
CONTINUOUS
10
-0.1107151968503937
20
0.5346404330708662
11
-0.1083114173228346
21
0.5376354724409449
0
LINE
8
BLACK
6
CONTINUOUS
10
-0.1083114173228346
20
0.5376354724409449
11
-0.093231811023622
21
0.5502887795275591
0
LINE
8
BLACK
6
CONTINUOUS
10
-0.093231811023622
20
0.5502887795275591
11
-0.089864842519685
21
0.5521359448818898
0
LINE
8
BLACK
6
CONTINUOUS
10
-0.089864842519685
20
0.5521359448818898
11
-0.0860473228346457
21
0.5525540551181102
0
LINE
8
BLACK
6
CONTINUOUS
10
-0.0860473228346457
20
0.5525540551181102
11
-0.0823603937007874
21
0.5514794094488189
0
LINE
8
BLACK
6
CONTINUOUS
10
-1.1171624409448819
20
0.5496984251968504
11
-1.1028898818897637
21
0.543043031496063
0
LINE
8
BLACK
6
CONTINUOUS
10
-1.1028898818897637
20
0.543043031496063
11
-1.1004122440944881
21
0.5412263385826771
0
LINE
8
BLACK
6
CONTINUOUS
10
-1.1004122440944881
20
0.5412263385826771
11
-1.0988184251968505
21
0.5385998031496063
0
LINE
8
BLACK
6
CONTINUOUS
10
-1.0988184251968505
20
0.5385998031496063
11
-1.098351062992126
21
0.5355632677165354
0
LINE
8
BLACK
6
CONTINUOUS
10
-1.098351062992126
20
0.5355632677165354
11
-1.0990812992125985
21
0.5325790157480315
0
LINE
8
BLACK
6
CONTINUOUS
10
-1.0990812992125985
20
0.5325790157480315
11
-1.1082324803149606
21
0.512954251968504
0
LINE
8
BLACK
6
CONTINUOUS
10
-1.1082324803149606
20
0.512954251968504
11
-1.1100491338582676
21
0.5104766141732283
0
LINE
8
BLACK
6
CONTINUOUS
10
-1.1100491338582676
20
0.5104766141732283
11
-1.1126757086614174
21
0.5088828346456693
0
LINE
8
BLACK
6
CONTINUOUS
10
-1.1126757086614174
20
0.5088828346456693
11
-1.1157122047244095
21
0.5084154330708661
0
LINE
8
BLACK
6
CONTINUOUS
10
-1.1157122047244095
20
0.5084154330708661
11
-1.1186964566929134
21
0.5091456692913385
0
LINE
8
BLACK
6
CONTINUOUS
10
-1.1186964566929134
20
0.5091456692913385
11
-1.1329690157480314
21
0.515801062992126
0
LINE
8
BLACK
6
CONTINUOUS
10
-1.1329690157480314
20
0.515801062992126
11
-1.135446653543307
21
0.5176177559055118
0
LINE
8
BLACK
6
CONTINUOUS
10
-1.135446653543307
20
0.5176177559055118
11
-1.1370404724409449
21
0.5202442913385826
0
LINE
8
BLACK
6
CONTINUOUS
10
-1.1370404724409449
20
0.5202442913385826
11
-1.1375078346456693
21
0.5232808267716536
0
LINE
8
BLACK
6
CONTINUOUS
10
-1.1375078346456693
20
0.5232808267716536
11
-1.1367775984251969
21
0.5262650787401575
0
LINE
8
BLACK
6
CONTINUOUS
10
-1.1367775984251969
20
0.5262650787401575
11
-1.1276264173228345
21
0.545889842519685
0
LINE
8
BLACK
6
CONTINUOUS
10
-1.1276264173228345
20
0.545889842519685
11
-1.1258097637795275
21
0.5483674803149606
0
LINE
8
BLACK
6
CONTINUOUS
10
-1.1258097637795275
20
0.5483674803149606
11
-1.1231831889763779
21
0.5499612598425196
0
LINE
8
BLACK
6
CONTINUOUS
10
-1.1231831889763779
20
0.5499612598425196
11
-1.1201466929133859
21
0.5504286614173228
0
LINE
8
BLACK
6
CONTINUOUS
10
-1.1201466929133859
20
0.5504286614173228
11
-1.1171624409448819
21
0.5496984251968504
0
LINE
8
BLACK
6
CONTINUOUS
10
0.0571382283464567
20
0.5611847244094488
11
0.0589352755905512
21
0.5597424409448819
0
LINE
8
BLACK
6
CONTINUOUS
10
0.0589352755905512
20
0.5597424409448819
11
0.0848745275590551
21
0.5288292519685039
0
LINE
8
BLACK
6
CONTINUOUS
10
0.0848745275590551
20
0.5288292519685039
11
0.0859828346456693
21
0.5268090551181103
0
LINE
8
BLACK
6
CONTINUOUS
10
0.0859828346456693
20
0.5268090551181103
11
0.0862336614173228
21
0.5245185433070866
0
LINE
8
BLACK
6
CONTINUOUS
10
0.0862336614173228
20
0.5245185433070866
11
0.0855888976377953
21
0.5223063779527559
0
LINE
8
BLACK
6
CONTINUOUS
10
0.0855888976377953
20
0.5223063779527559
11
0.0841466141732283
21
0.5205093700787401
0
LINE
8
BLACK
6
CONTINUOUS
10
0.0841466141732283
20
0.5205093700787401
11
0.0750988582677165
21
0.5129173622047244
0
LINE
8
BLACK
6
CONTINUOUS
10
0.0750988582677165
20
0.5129173622047244
11
0.0730787007874016
21
0.5118090551181103
0
LINE
8
BLACK
6
CONTINUOUS
10
0.0730787007874016
20
0.5118090551181103
11
0.070788188976378
21
0.5115582283464567
0
LINE
8
BLACK
6
CONTINUOUS
10
0.070788188976378
20
0.5115582283464567
11
0.0685760236220472
21
0.5122029921259842
0
LINE
8
BLACK
6
CONTINUOUS
10
0.0685760236220472
20
0.5122029921259842
11
0.0667789763779528
21
0.5136452755905512
0
LINE
8
BLACK
6
CONTINUOUS
10
0.0667789763779528
20
0.5136452755905512
11
0.0408397244094488
21
0.5445584645669291
0
LINE
8
BLACK
6
CONTINUOUS
10
0.0408397244094488
20
0.5445584645669291
11
0.0397314173228346
21
0.5465786614173228
0
LINE
8
BLACK
6
CONTINUOUS
10
0.0397314173228346
20
0.5465786614173228
11
0.0394805905511811
21
0.5488691732283465
0
LINE
8
BLACK
6
CONTINUOUS
10
0.0394805905511811
20
0.5488691732283465
11
0.0401253543307087
21
0.5510813385826772
0
LINE
8
BLACK
6
CONTINUOUS
10
0.0401253543307087
20
0.5510813385826772
11
0.0415676377952756
21
0.5528783464566929
0
LINE
8
BLACK
6
CONTINUOUS
10
0.0415676377952756
20
0.5528783464566929
11
0.0506153937007874
21
0.5604703543307087
0
LINE
8
BLACK
6
CONTINUOUS
10
0.0506153937007874
20
0.5604703543307087
11
0.0526355511811024
21
0.5615786614173228
0
LINE
8
BLACK
6
CONTINUOUS
10
0.0526355511811024
20
0.5615786614173228
11
0.054926062992126
21
0.5618294881889764
0
LINE
8
BLACK
6
CONTINUOUS
10
0.054926062992126
20
0.5618294881889764
11
0.0571382283464567
21
0.5611847244094488
0
LINE
8
BLACK
6
CONTINUOUS
10
-1.2635864960629921
20
0.5755684645669291
11
-1.2136325196850393
21
0.5522745669291338
0
LINE
8
BLACK
6
CONTINUOUS
10
-1.2136325196850393
20
0.5522745669291338
11
-1.2117742913385827
21
0.5509120472440945
0
LINE
8
BLACK
6
CONTINUOUS
10
-1.2117742913385827
20
0.5509120472440945
11
-1.2105789370078739
21
0.548942125984252
0
LINE
8
BLACK
6
CONTINUOUS
10
-1.2105789370078739
20
0.548942125984252
11
-1.2102283858267717
21
0.5466647637795276
0
LINE
8
BLACK
6
CONTINUOUS
10
-1.2102283858267717
20
0.5466647637795276
11
-1.2107761023622048
21
0.5444265748031496
0
LINE
8
BLACK
6
CONTINUOUS
10
-1.2107761023622048
20
0.5444265748031496
11
-1.2157676377952755
21
0.5337221259842519
0
LINE
8
BLACK
6
CONTINUOUS
10
-1.2157676377952755
20
0.5337221259842519
11
-1.2171301574803148
21
0.5318638976377953
0
LINE
8
BLACK
6
CONTINUOUS
10
-1.2171301574803148
20
0.5318638976377953
11
-1.2191000393700786
21
0.5306685433070866
0
LINE
8
BLACK
6
CONTINUOUS
10
-1.2191000393700786
20
0.5306685433070866
11
-1.2213774409448819
21
0.5303180314960629
0
LINE
8
BLACK
6
CONTINUOUS
10
-1.2213774409448819
20
0.5303180314960629
11
-1.2236156299212597
21
0.5308657086614174
0
LINE
8
BLACK
6
CONTINUOUS
10
-1.2236156299212597
20
0.5308657086614174
11
-1.2735696062992126
21
0.5541596062992126
0
LINE
8
BLACK
6
CONTINUOUS
10
-1.2735696062992126
20
0.5541596062992126
11
-1.2754278346456693
21
0.555522125984252
0
LINE
8
BLACK
6
CONTINUOUS
10
-1.2754278346456693
20
0.555522125984252
11
-1.2766231889763779
21
0.5574920472440945
0
LINE
8
BLACK
6
CONTINUOUS
10
-1.2766231889763779
20
0.5574920472440945
11
-1.2769737401574803
21
0.5597694094488189
0
LINE
8
BLACK
6
CONTINUOUS
10
-1.2769737401574803
20
0.5597694094488189
11
-1.2764260236220473
21
0.5620075984251969
0
LINE
8
BLACK
6
CONTINUOUS
10
-1.2764260236220473
20
0.5620075984251969
11
-1.2714344881889763
21
0.5727120472440945
0
LINE
8
BLACK
6
CONTINUOUS
10
-1.2714344881889763
20
0.5727120472440945
11
-1.270071968503937
21
0.5745702755905512
0
LINE
8
BLACK
6
CONTINUOUS
10
-1.270071968503937
20
0.5745702755905512
11
-1.2681020866141732
21
0.5757656299212598
0
LINE
8
BLACK
6
CONTINUOUS
10
-1.2681020866141732
20
0.5757656299212598
11
-1.26582468503937
21
0.5761161417322834
0
LINE
8
BLACK
6
CONTINUOUS
10
-1.26582468503937
20
0.5761161417322834
11
-1.2635864960629921
21
0.5755684645669291
0
LINE
8
BLACK
6
CONTINUOUS
10
0.1359298031496063
20
0.5797763385826772
11
0.1386253543307087
21
0.5776129133858268
0
LINE
8
BLACK
6
CONTINUOUS
10
0.1386253543307087
20
0.5776129133858268
11
0.1500133070866142
21
0.5640412598425196
0
LINE
8
BLACK
6
CONTINUOUS
10
0.1500133070866142
20
0.5640412598425196
11
0.1516757874015748
21
0.5610110236220472
0
LINE
8
BLACK
6
CONTINUOUS
10
0.1516757874015748
20
0.5610110236220472
11
0.1520520472440945
21
0.5575752362204724
0
LINE
8
BLACK
6
CONTINUOUS
10
0.1520520472440945
20
0.5575752362204724
11
0.1510848818897638
21
0.5542570078740158
0
LINE
8
BLACK
6
CONTINUOUS
10
0.1510848818897638
20
0.5542570078740158
11
0.1489214960629921
21
0.5515614566929133
0
LINE
8
BLACK
6
CONTINUOUS
10
0.1489214960629921
20
0.5515614566929133
11
0.1338418503937008
21
0.5389081496062992
0
LINE
8
BLACK
6
CONTINUOUS
10
0.1338418503937008
20
0.5389081496062992
11
0.1308116141732283
21
0.5372457086614173
0
LINE
8
BLACK
6
CONTINUOUS
10
0.1308116141732283
20
0.5372457086614173
11
0.1273758267716535
21
0.5368694094488189
0
LINE
8
BLACK
6
CONTINUOUS
10
0.1273758267716535
20
0.5368694094488189
11
0.1240575984251968
21
0.5378365748031496
0
LINE
8
BLACK
6
CONTINUOUS
10
0.1240575984251968
20
0.5378365748031496
11
0.1213620472440945
21
0.54
0
LINE
8
BLACK
6
CONTINUOUS
10
0.1213620472440945
20
0.54
11
0.109974094488189
21
0.5535716535433071
0
LINE
8
BLACK
6
CONTINUOUS
10
0.109974094488189
20
0.5535716535433071
11
0.1083116141732283
21
0.5566018897637796
0
LINE
8
BLACK
6
CONTINUOUS
10
0.1083116141732283
20
0.5566018897637796
11
0.1079353543307087
21
0.5600376771653544
0
LINE
8
BLACK
6
CONTINUOUS
10
0.1079353543307087
20
0.5600376771653544
11
0.1089025196850394
21
0.563355905511811
0
LINE
8
BLACK
6
CONTINUOUS
10
0.1089025196850394
20
0.563355905511811
11
0.111065905511811
21
0.5660514566929133
0
LINE
8
BLACK
6
CONTINUOUS
10
0.111065905511811
20
0.5660514566929133
11
0.1261455511811023
21
0.5787047637795275
0
LINE
8
BLACK
6
CONTINUOUS
10
0.1261455511811023
20
0.5787047637795275
11
0.1291757874015748
21
0.5803672047244094
0
LINE
8
BLACK
6
CONTINUOUS
10
0.1291757874015748
20
0.5803672047244094
11
0.1326115748031496
21
0.5807435039370079
0
LINE
8
BLACK
6
CONTINUOUS
10
0.1326115748031496
20
0.5807435039370079
11
0.1359298031496063
21
0.5797763385826772
0
LINE
8
BLACK
6
CONTINUOUS
10
-0.025057874015748
20
0.5995619291338583
11
-0.0220628346456693
21
0.5971581496062992
0
LINE
8
BLACK
6
CONTINUOUS
10
-0.0220628346456693
20
0.5971581496062992
11
0.0019784251968504
21
0.5685068897637795
0
LINE
8
BLACK
6
CONTINUOUS
10
0.0019784251968504
20
0.5685068897637795
11
0.0038256299212598
21
0.5651399212598425
0
LINE
8
BLACK
6
CONTINUOUS
10
0.0038256299212598
20
0.5651399212598425
11
0.0042437007874016
21
0.5613224015748032
0
LINE
8
BLACK
6
CONTINUOUS
10
0.0042437007874016
20
0.5613224015748032
11
0.0031690551181102
21
0.5576354724409449
0
LINE
8
BLACK
6
CONTINUOUS
10
0.0031690551181102
20
0.5576354724409449
11
0.0007652755905512
21
0.5546404330708661
0
LINE
8
BLACK
6
CONTINUOUS
10
0.0007652755905512
20
0.5546404330708661
11
-0.0143143307086614
21
0.5419871259842519
0
LINE
8
BLACK
6
CONTINUOUS
10
-0.0143143307086614
20
0.5419871259842519
11
-0.0176812992125984
21
0.5401399606299212
0
LINE
8
BLACK
6
CONTINUOUS
10
-0.0176812992125984
20
0.5401399606299212
11
-0.0214988188976378
21
0.5397218503937008
0
LINE
8
BLACK
6
CONTINUOUS
10
-0.0214988188976378
20
0.5397218503937008
11
-0.0251857480314961
21
0.5407964960629921
0
LINE
8
BLACK
6
CONTINUOUS
10
-0.0251857480314961
20
0.5407964960629921
11
-0.0281807874015748
21
0.5432002755905512
0
LINE
8
BLACK
6
CONTINUOUS
10
-0.0281807874015748
20
0.5432002755905512
11
-0.0522220472440945
21
0.5718515354330709
0
LINE
8
BLACK
6
CONTINUOUS
10
-0.0522220472440945
20
0.5718515354330709
11
-0.0540692519685039
21
0.5752185039370079
0
LINE
8
BLACK
6
CONTINUOUS
10
-0.0540692519685039
20
0.5752185039370079
11
-0.0544873228346457
21
0.5790360236220472
0
LINE
8
BLACK
6
CONTINUOUS
10
-0.0544873228346457
20
0.5790360236220472
11
-0.0534126771653543
21
0.5827229527559055
0
LINE
8
BLACK
6
CONTINUOUS
10
-0.0534126771653543
20
0.5827229527559055
11
-0.0510088976377953
21
0.5857179921259842
0
LINE
8
BLACK
6
CONTINUOUS
10
-0.0510088976377953
20
0.5857179921259842
11
-0.0359292913385827
21
0.5983712992125985
0
LINE
8
BLACK
6
CONTINUOUS
10
-0.0359292913385827
20
0.5983712992125985
11
-0.0325623228346457
21
0.6002184645669291
0
LINE
8
BLACK
6
CONTINUOUS
10
-0.0325623228346457
20
0.6002184645669291
11
-0.0287448031496063
21
0.6006365748031496
0
LINE
8
BLACK
6
CONTINUOUS
10
-0.0287448031496063
20
0.6006365748031496
11
-0.025057874015748
21
0.5995619291338583
0
LINE
8
BLACK
6
CONTINUOUS
10
-1.0289413385826771
20
0.5853425196850394
11
-1.0146687795275591
21
0.578687125984252
0
LINE
8
BLACK
6
CONTINUOUS
10
-1.0146687795275591
20
0.578687125984252
11
-1.0121911417322835
21
0.5768704330708662
0
LINE
8
BLACK
6
CONTINUOUS
10
-1.0121911417322835
20
0.5768704330708662
11
-1.0105973228346457
21
0.5742438976377953
0
LINE
8
BLACK
6
CONTINUOUS
10
-1.0105973228346457
20
0.5742438976377953
11
-1.0101299606299212
21
0.5712073622047243
0
LINE
8
BLACK
6
CONTINUOUS
10
-1.0101299606299212
20
0.5712073622047243
11
-1.0108601968503936
21
0.5682231102362204
0
LINE
8
BLACK
6
CONTINUOUS
10
-1.0108601968503936
20
0.5682231102362204
11
-1.020011377952756
21
0.5485983464566929
0
LINE
8
BLACK
6
CONTINUOUS
10
-1.020011377952756
20
0.5485983464566929
11
-1.021828031496063
21
0.5461207086614173
0
LINE
8
BLACK
6
CONTINUOUS
10
-1.021828031496063
20
0.5461207086614173
11
-1.0244546062992126
21
0.5445269291338583
0
LINE
8
BLACK
6
CONTINUOUS
10
-1.0244546062992126
20
0.5445269291338583
11
-1.0274911023622046
21
0.5440595275590551
0
LINE
8
BLACK
6
CONTINUOUS
10
-1.0274911023622046
20
0.5440595275590551
11
-1.0304753543307086
21
0.5447897637795276
0
LINE
8
BLACK
6
CONTINUOUS
10
-1.0304753543307086
20
0.5447897637795276
11
-1.0447479133858268
21
0.551445157480315
0
LINE
8
BLACK
6
CONTINUOUS
10
-1.0447479133858268
20
0.551445157480315
11
-1.0472255511811024
21
0.5532618503937008
0
LINE
8
BLACK
6
CONTINUOUS
10
-1.0472255511811024
20
0.5532618503937008
11
-1.04881937007874
21
0.5558883858267717
0
LINE
8
BLACK
6
CONTINUOUS
10
-1.04881937007874
20
0.5558883858267717
11
-1.0492867322834645
21
0.5589249212598425
0
LINE
8
BLACK
6
CONTINUOUS
10
-1.0492867322834645
20
0.5589249212598425
11
-1.0485564960629921
21
0.5619091732283464
0
LINE
8
BLACK
6
CONTINUOUS
10
-1.0485564960629921
20
0.5619091732283464
11
-1.0394053149606299
21
0.581533937007874
0
LINE
8
BLACK
6
CONTINUOUS
10
-1.0394053149606299
20
0.581533937007874
11
-1.0375886614173229
21
0.5840115748031496
0
LINE
8
BLACK
6
CONTINUOUS
10
-1.0375886614173229
20
0.5840115748031496
11
-1.0349620866141731
21
0.5856053543307086
0
LINE
8
BLACK
6
CONTINUOUS
10
-1.0349620866141731
20
0.5856053543307086
11
-1.031925590551181
21
0.5860727559055118
0
LINE
8
BLACK
6
CONTINUOUS
10
-1.031925590551181
20
0.5860727559055118
11
-1.0289413385826771
21
0.5853425196850394
0
LINE
8
BLACK
6
CONTINUOUS
10
-1.0878156692913385
20
0.612796062992126
11
-1.0735431102362205
21
0.6061406692913386
0
LINE
8
BLACK
6
CONTINUOUS
10
-1.0735431102362205
20
0.6061406692913386
11
-1.071065472440945
21
0.6043239763779528
0
LINE
8
BLACK
6
CONTINUOUS
10
-1.071065472440945
20
0.6043239763779528
11
-1.0694716535433071
21
0.6016974409448819
0
LINE
8
BLACK
6
CONTINUOUS
10
-1.0694716535433071
20
0.6016974409448819
11
-1.0690042913385827
21
0.5986609055118111
0
LINE
8
BLACK
6
CONTINUOUS
10
-1.0690042913385827
20
0.5986609055118111
11
-1.0697345275590551
21
0.5956766535433071
0
LINE
8
BLACK
6
CONTINUOUS
10
-1.0697345275590551
20
0.5956766535433071
11
-1.0788857086614172
21
0.5760518897637795
0
LINE
8
BLACK
6
CONTINUOUS
10
-1.0788857086614172
20
0.5760518897637795
11
-1.0807023622047245
21
0.573574251968504
0
LINE
8
BLACK
6
CONTINUOUS
10
-1.0807023622047245
20
0.573574251968504
11
-1.083328937007874
21
0.5719804724409449
0
LINE
8
BLACK
6
CONTINUOUS
10
-1.083328937007874
20
0.5719804724409449
11
-1.0863654330708661
21
0.5715130708661417
0
LINE
8
BLACK
6
CONTINUOUS
10
-1.0863654330708661
20
0.5715130708661417
11
-1.08934968503937
21
0.5722433070866142
0
LINE
8
BLACK
6
CONTINUOUS
10
-1.08934968503937
20
0.5722433070866142
11
-1.1036222440944881
21
0.5788987007874016
0
LINE
8
BLACK
6
CONTINUOUS
10
-1.1036222440944881
20
0.5788987007874016
11
-1.1060998818897638
21
0.5807153937007874
0
LINE
8
BLACK
6
CONTINUOUS
10
-1.1060998818897638
20
0.5807153937007874
11
-1.1076937007874015
21
0.5833419291338583
0
LINE
8
BLACK
6
CONTINUOUS
10
-1.1076937007874015
20
0.5833419291338583
11
-1.1081610629921259
21
0.5863784645669291
0
LINE
8
BLACK
6
CONTINUOUS
10
-1.1081610629921259
20
0.5863784645669291
11
-1.1074308267716535
21
0.589362716535433
0
LINE
8
BLACK
6
CONTINUOUS
10
-1.1074308267716535
20
0.589362716535433
11
-1.0982796456692914
21
0.6089874803149606
0
LINE
8
BLACK
6
CONTINUOUS
10
-1.0982796456692914
20
0.6089874803149606
11
-1.0964629921259843
21
0.6114651181102362
0
LINE
8
BLACK
6
CONTINUOUS
10
-1.0964629921259843
20
0.6114651181102362
11
-1.0938364173228345
21
0.6130588976377953
0
LINE
8
BLACK
6
CONTINUOUS
10
-1.0938364173228345
20
0.6130588976377953
11
-1.0907999212598425
21
0.6135262992125984
0
LINE
8
BLACK
6
CONTINUOUS
10
-1.0907999212598425
20
0.6135262992125984
11
-1.0878156692913385
21
0.612796062992126
0
LINE
8
BLACK
6
CONTINUOUS
10
-1.2427883464566929
20
0.6201702362204724
11
-1.19283437007874
21
0.5968763385826772
0
LINE
8
BLACK
6
CONTINUOUS
10
-1.19283437007874
20
0.5968763385826772
11
-1.1909761417322835
21
0.5955138188976378
0
LINE
8
BLACK
6
CONTINUOUS
10
-1.1909761417322835
20
0.5955138188976378
11
-1.1897807874015747
21
0.5935438976377952
0
LINE
8
BLACK
6
CONTINUOUS
10
-1.1897807874015747
20
0.5935438976377952
11
-1.1894302362204725
21
0.5912665354330708
0
LINE
8
BLACK
6
CONTINUOUS
10
-1.1894302362204725
20
0.5912665354330708
11
-1.1899779527559056
21
0.5890283464566929
0
LINE
8
BLACK
6
CONTINUOUS
10
-1.1899779527559056
20
0.5890283464566929
11
-1.1949694881889763
21
0.5783238976377952
0
LINE
8
BLACK
6
CONTINUOUS
10
-1.1949694881889763
20
0.5783238976377952
11
-1.1963320078740156
21
0.5764656692913386
0
LINE
8
BLACK
6
CONTINUOUS
10
-1.1963320078740156
20
0.5764656692913386
11
-1.1983018897637796
21
0.5752703149606299
0
LINE
8
BLACK
6
CONTINUOUS
10
-1.1983018897637796
20
0.5752703149606299
11
-1.2005792913385827
21
0.5749198031496063
0
LINE
8
BLACK
6
CONTINUOUS
10
-1.2005792913385827
20
0.5749198031496063
11
-1.2028174803149605
21
0.5754674803149606
0
LINE
8
BLACK
6
CONTINUOUS
10
-1.2028174803149605
20
0.5754674803149606
11
-1.2527714566929133
21
0.5987613779527559
0
LINE
8
BLACK
6
CONTINUOUS
10
-1.2527714566929133
20
0.5987613779527559
11
-1.2546296850393701
21
0.6001238976377953
0
LINE
8
BLACK
6
CONTINUOUS
10
-1.2546296850393701
20
0.6001238976377953
11
-1.2558250393700787
21
0.6020938188976378
0
LINE
8
BLACK
6
CONTINUOUS
10
-1.2558250393700787
20
0.6020938188976378
11
-1.2561755905511811
21
0.6043711811023622
0
LINE
8
BLACK
6
CONTINUOUS
10
-1.2561755905511811
20
0.6043711811023622
11
-1.255627874015748
21
0.6066093700787402
0
LINE
8
BLACK
6
CONTINUOUS
10
-1.255627874015748
20
0.6066093700787402
11
-1.2506363385826771
21
0.6173138188976378
0
LINE
8
BLACK
6
CONTINUOUS
10
-1.2506363385826771
20
0.6173138188976378
11
-1.2492738188976378
21
0.6191720472440945
0
LINE
8
BLACK
6
CONTINUOUS
10
-1.2492738188976378
20
0.6191720472440945
11
-1.247303937007874
21
0.6203674015748032
0
LINE
8
BLACK
6
CONTINUOUS
10
-1.247303937007874
20
0.6203674015748032
11
-1.2450265354330707
21
0.6207179133858267
0
LINE
8
BLACK
6
CONTINUOUS
10
-1.2450265354330707
20
0.6207179133858267
11
-1.2427883464566929
21
0.6201702362204724
0
LINE
8
BLACK
6
CONTINUOUS
10
-0.7687583858267716
20
0.6234163779527558
11
-0.7662038976377953
21
0.6217094881889763
0
LINE
8
BLACK
6
CONTINUOUS
10
-0.7662038976377953
20
0.6217094881889763
11
-0.7644970078740158
21
0.619155
0
LINE
8
BLACK
6
CONTINUOUS
10
-0.7644970078740158
20
0.619155
11
-0.7638976377952755
21
0.6161417322834646
0
LINE
8
BLACK
6
CONTINUOUS
10
-0.7638976377952755
20
0.6161417322834646
11
-0.7638976377952755
21
0.6003937007874015
0
LINE
8
BLACK
6
CONTINUOUS
10
-0.7638976377952755
20
0.6003937007874015
11
-0.7644970078740158
21
0.5973804330708661
0
LINE
8
BLACK
6
CONTINUOUS
10
-0.7644970078740158
20
0.5973804330708661
11
-0.7662038976377953
21
0.5948259448818898
0
LINE
8
BLACK
6
CONTINUOUS
10
-0.7662038976377953
20
0.5948259448818898
11
-0.7687583858267716
21
0.5931190551181102
0
LINE
8
BLACK
6
CONTINUOUS
10
-0.7687583858267716
20
0.5931190551181102
11
-0.7717716535433071
21
0.59251968503937
0
LINE
8
BLACK
6
CONTINUOUS
10
-0.7717716535433071
20
0.59251968503937
11
-0.7934251968503937
21
0.59251968503937
0
LINE
8
BLACK
6
CONTINUOUS
10
-0.7934251968503937
20
0.59251968503937
11
-0.7964384645669291
21
0.5931190551181102
0
LINE
8
BLACK
6
CONTINUOUS
10
-0.7964384645669291
20
0.5931190551181102
11
-0.7989929527559055
21
0.5948259448818898
0
LINE
8
BLACK
6
CONTINUOUS
10
-0.7989929527559055
20
0.5948259448818898
11
-0.8006998425196851
21
0.5973804330708661
0
LINE
8
BLACK
6
CONTINUOUS
10
-0.8006998425196851
20
0.5973804330708661
11
-0.8012992125984252
21
0.6003937007874015
0
LINE
8
BLACK
6
CONTINUOUS
10
-0.8012992125984252
20
0.6003937007874015
11
-0.8012992125984252
21
0.6161417322834646
0
LINE
8
BLACK
6
CONTINUOUS
10
-0.8012992125984252
20
0.6161417322834646
11
-0.8006998425196851
21
0.619155
0
LINE
8
BLACK
6
CONTINUOUS
10
-0.8006998425196851
20
0.619155
11
-0.7989929527559055
21
0.6217094881889763
0
LINE
8
BLACK
6
CONTINUOUS
10
-0.7989929527559055
20
0.6217094881889763
11
-0.7964384645669291
21
0.6234163779527558
0
LINE
8
BLACK
6
CONTINUOUS
10
-0.7964384645669291
20
0.6234163779527558
11
-0.7934251968503937
21
0.6240157480314961
0
LINE
8
BLACK
6
CONTINUOUS
10
-0.7934251968503937
20
0.6240157480314961
11
-0.7717716535433071
21
0.6240157480314961
0
LINE
8
BLACK
6
CONTINUOUS
10
-0.7717716535433071
20
0.6240157480314961
11
-0.7687583858267716
21
0.6234163779527558
0
LINE
8
BLACK
6
CONTINUOUS
10
-0.6987583858267716
20
0.6234163779527558
11
-0.6962038976377952
21
0.6217094881889763
0
LINE
8
BLACK
6
CONTINUOUS
10
-0.6962038976377952
20
0.6217094881889763
11
-0.6944970078740157
21
0.619155
0
LINE
8
BLACK
6
CONTINUOUS
10
-0.6944970078740157
20
0.619155
11
-0.6938976377952756
21
0.6161417322834646
0
LINE
8
BLACK
6
CONTINUOUS
10
-0.6938976377952756
20
0.6161417322834646
11
-0.6938976377952756
21
0.6003937007874015
0
LINE
8
BLACK
6
CONTINUOUS
10
-0.6938976377952756
20
0.6003937007874015
11
-0.6944970078740157
21
0.5973804330708661
0
LINE
8
BLACK
6
CONTINUOUS
10
-0.6944970078740157
20
0.5973804330708661
11
-0.6962038976377952
21
0.5948259448818898
0
LINE
8
BLACK
6
CONTINUOUS
10
-0.6962038976377952
20
0.5948259448818898
11
-0.6987583858267716
21
0.5931190551181102
0
LINE
8
BLACK
6
CONTINUOUS
10
-0.6987583858267716
20
0.5931190551181102
11
-0.7017716535433071
21
0.59251968503937
0
LINE
8
BLACK
6
CONTINUOUS
10
-0.7017716535433071
20
0.59251968503937
11
-0.7234251968503936
21
0.59251968503937
0
LINE
8
BLACK
6
CONTINUOUS
10
-0.7234251968503936
20
0.59251968503937
11
-0.7264384645669291
21
0.5931190551181102
0
LINE
8
BLACK
6
CONTINUOUS
10
-0.7264384645669291
20
0.5931190551181102
11
-0.7289929527559055
21
0.5948259448818898
0
LINE
8
BLACK
6
CONTINUOUS
10
-0.7289929527559055
20
0.5948259448818898
11
-0.730699842519685
21
0.5973804330708661
0
LINE
8
BLACK
6
CONTINUOUS
10
-0.730699842519685
20
0.5973804330708661
11
-0.7312992125984252
21
0.6003937007874015
0
LINE
8
BLACK
6
CONTINUOUS
10
-0.7312992125984252
20
0.6003937007874015
11
-0.7312992125984252
21
0.6161417322834646
0
LINE
8
BLACK
6
CONTINUOUS
10
-0.7312992125984252
20
0.6161417322834646
11
-0.730699842519685
21
0.619155
0
LINE
8
BLACK
6
CONTINUOUS
10
-0.730699842519685
20
0.619155
11
-0.7289929527559055
21
0.6217094881889763
0
LINE
8
BLACK
6
CONTINUOUS
10
-0.7289929527559055
20
0.6217094881889763
11
-0.7264384645669291
21
0.6234163779527558
0
LINE
8
BLACK
6
CONTINUOUS
10
-0.7264384645669291
20
0.6234163779527558
11
-0.7234251968503936
21
0.6240157480314961
0
LINE
8
BLACK
6
CONTINUOUS
10
-0.7234251968503936
20
0.6240157480314961
11
-0.7017716535433071
21
0.6240157480314961
0
LINE
8
BLACK
6
CONTINUOUS
10
-0.7017716535433071
20
0.6240157480314961
11
-0.6987583858267716
21
0.6234163779527558
0
LINE
8
BLACK
6
CONTINUOUS
10
-0.068988188976378
20
0.6437728346456693
11
-0.0662926377952756
21
0.6416094488188976
0
LINE
8
BLACK
6
CONTINUOUS
10
-0.0662926377952756
20
0.6416094488188976
11
-0.0536393307086614
21
0.6265298031496063
0
LINE
8
BLACK
6
CONTINUOUS
10
-0.0536393307086614
20
0.6265298031496063
11
-0.0519768897637795
21
0.6234995669291339
0
LINE
8
BLACK
6
CONTINUOUS
10
-0.0519768897637795
20
0.6234995669291339
11
-0.0516005905511811
21
0.6200637795275591
0
LINE
8
BLACK
6
CONTINUOUS
10
-0.0516005905511811
20
0.6200637795275591
11
-0.0525677559055118
21
0.6167455511811023
0
LINE
8
BLACK
6
CONTINUOUS
10
-0.0525677559055118
20
0.6167455511811023
11
-0.0547311811023622
21
0.61405
0
LINE
8
BLACK
6
CONTINUOUS
10
-0.0547311811023622
20
0.61405
11
-0.0683028346456693
21
0.6026620472440944
0
LINE
8
BLACK
6
CONTINUOUS
10
-0.0683028346456693
20
0.6026620472440944
11
-0.0713330708661417
21
0.6009995669291338
0
LINE
8
BLACK
6
CONTINUOUS
10
-0.0713330708661417
20
0.6009995669291338
11
-0.0747688582677165
21
0.6006233070866142
0
LINE
8
BLACK
6
CONTINUOUS
10
-0.0747688582677165
20
0.6006233070866142
11
-0.0780870866141732
21
0.6015904724409449
0
LINE
8
BLACK
6
CONTINUOUS
10
-0.0780870866141732
20
0.6015904724409449
11
-0.0807826377952756
21
0.6037538582677165
0
LINE
8
BLACK
6
CONTINUOUS
10
-0.0807826377952756
20
0.6037538582677165
11
-0.0934359448818898
21
0.6188335039370079
0
LINE
8
BLACK
6
CONTINUOUS
10
-0.0934359448818898
20
0.6188335039370079
11
-0.0950983858267716
21
0.6218637401574802
0
LINE
8
BLACK
6
CONTINUOUS
10
-0.0950983858267716
20
0.6218637401574802
11
-0.0954746850393701
21
0.6252995275590552
0
LINE
8
BLACK
6
CONTINUOUS
10
-0.0954746850393701
20
0.6252995275590552
11
-0.0945075196850394
21
0.6286177559055118
0
LINE
8
BLACK
6
CONTINUOUS
10
-0.0945075196850394
20
0.6286177559055118
11
-0.092344094488189
21
0.6313133070866142
0
LINE
8
BLACK
6
CONTINUOUS
10
-0.092344094488189
20
0.6313133070866142
11
-0.0787724409448819
21
0.6427012598425197
0
LINE
8
BLACK
6
CONTINUOUS
10
-0.0787724409448819
20
0.6427012598425197
11
-0.0757422047244094
21
0.6443637401574803
0
LINE
8
BLACK
6
CONTINUOUS
10
-0.0757422047244094
20
0.6443637401574803
11
-0.0723064173228346
21
0.64474
0
LINE
8
BLACK
6
CONTINUOUS
10
-0.0723064173228346
20
0.64474
11
-0.068988188976378
21
0.6437728346456693
0
LINE
8
BLACK
6
CONTINUOUS
10
-0.1058485826771653
20
0.7270001968503936
11
-0.1026554330708661
21
0.7248665748031496
0
LINE
8
BLACK
6
CONTINUOUS
10
-0.1026554330708661
20
0.7248665748031496
11
-0.0852561811023622
21
0.7074673228346456
0
LINE
8
BLACK
6
CONTINUOUS
10
-0.0852561811023622
20
0.7074673228346456
11
-0.0831225590551181
21
0.7042741732283464
0
LINE
8
BLACK
6
CONTINUOUS
10
-0.0831225590551181
20
0.7042741732283464
11
-0.0823733464566929
21
0.7005075984251968
0
LINE
8
BLACK
6
CONTINUOUS
10
-0.0823733464566929
20
0.7005075984251968
11
-0.0831225590551181
21
0.6967410236220473
0
LINE
8
BLACK
6
CONTINUOUS
10
-0.0831225590551181
20
0.6967410236220473
11
-0.0852561811023622
21
0.693547874015748
0
LINE
8
BLACK
6
CONTINUOUS
10
-0.0852561811023622
20
0.693547874015748
11
-0.1659888188976378
21
0.6128152362204724
0
LINE
8
BLACK
6
CONTINUOUS
10
-0.1659888188976378
20
0.6128152362204724
11
-0.169181968503937
21
0.6106816141732283
0
LINE
8
BLACK
6
CONTINUOUS
10
-0.169181968503937
20
0.6106816141732283
11
-0.1729485433070866
21
0.6099324015748031
0
LINE
8
BLACK
6
CONTINUOUS
10
-0.1729485433070866
20
0.6099324015748031
11
-0.1767151181102362
21
0.6106816141732283
0
LINE
8
BLACK
6
CONTINUOUS
10
-0.1767151181102362
20
0.6106816141732283
11
-0.1799082677165354
21
0.6128152362204724
0
LINE
8
BLACK
6
CONTINUOUS
10
-0.1799082677165354
20
0.6128152362204724
11
-0.1973075196850394
21
0.6302144881889764
0
LINE
8
BLACK
6
CONTINUOUS
10
-0.1973075196850394
20
0.6302144881889764
11
-0.1994411417322835
21
0.6334076377952755
0
LINE
8
BLACK
6
CONTINUOUS
10
-0.1994411417322835
20
0.6334076377952755
11
-0.2001903543307087
21
0.6371742125984252
0
LINE
8
BLACK
6
CONTINUOUS
10
-0.2001903543307087
20
0.6371742125984252
11
-0.1994411417322835
21
0.6409407874015748
0
LINE
8
BLACK
6
CONTINUOUS
10
-0.1994411417322835
20
0.6409407874015748
11
-0.1973075196850394
21
0.644133937007874
0
LINE
8
BLACK
6
CONTINUOUS
10
-0.1973075196850394
20
0.644133937007874
11
-0.1165748818897638
21
0.7248665748031496
0
LINE
8
BLACK
6
CONTINUOUS
10
-0.1165748818897638
20
0.7248665748031496
11
-0.1133817322834646
21
0.7270001968503936
0
LINE
8
BLACK
6
CONTINUOUS
10
-0.1133817322834646
20
0.7270001968503936
11
-0.109615157480315
21
0.7277494094488188
0
LINE
8
BLACK
6
CONTINUOUS
10
-0.109615157480315
20
0.7277494094488188
11
-0.1058485826771653
21
0.7270001968503936
0
LINE
8
BLACK
6
CONTINUOUS
10
-1.2219901968503937
20
0.6647719685039369
11
-1.1720362204724408
21
0.6414780708661417
0
LINE
8
BLACK
6
CONTINUOUS
10
-1.1720362204724408
20
0.6414780708661417
11
-1.1701779921259843
21
0.6401155511811023
0
LINE
8
BLACK
6
CONTINUOUS
10
-1.1701779921259843
20
0.6401155511811023
11
-1.1689826377952757
21
0.6381456299212598
0
LINE
8
BLACK
6
CONTINUOUS
10
-1.1689826377952757
20
0.6381456299212598
11
-1.1686320866141733
21
0.6358682677165354
0
LINE
8
BLACK
6
CONTINUOUS
10
-1.1686320866141733
20
0.6358682677165354
11
-1.1691798031496063
21
0.6336300787401574
0
LINE
8
BLACK
6
CONTINUOUS
10
-1.1691798031496063
20
0.6336300787401574
11
-1.1741713385826771
21
0.6229256299212599
0
LINE
8
BLACK
6
CONTINUOUS
10
-1.1741713385826771
20
0.6229256299212599
11
-1.1755338582677166
21
0.6210674015748031
0
LINE
8
BLACK
6
CONTINUOUS
10
-1.1755338582677166
20
0.6210674015748031
11
-1.1775037401574804
21
0.6198720472440945
0
LINE
8
BLACK
6
CONTINUOUS
10
-1.1775037401574804
20
0.6198720472440945
11
-1.1797811417322834
21
0.6195215354330709
0
LINE
8
BLACK
6
CONTINUOUS
10
-1.1797811417322834
20
0.6195215354330709
11
-1.1820193307086615
21
0.6200692125984252
0
LINE
8
BLACK
6
CONTINUOUS
10
-1.1820193307086615
20
0.6200692125984252
11
-1.2319733070866141
21
0.6433631102362205
0
LINE
8
BLACK
6
CONTINUOUS
10
-1.2319733070866141
20
0.6433631102362205
11
-1.2338315354330709
21
0.6447256299212598
0
LINE
8
BLACK
6
CONTINUOUS
10
-1.2338315354330709
20
0.6447256299212598
11
-1.2350268897637795
21
0.6466955511811023
0
LINE
8
BLACK
6
CONTINUOUS
10
-1.2350268897637795
20
0.6466955511811023
11
-1.2353774409448819
21
0.6489729133858267
0
LINE
8
BLACK
6
CONTINUOUS
10
-1.2353774409448819
20
0.6489729133858267
11
-1.2348297244094488
21
0.6512111023622047
0
LINE
8
BLACK
6
CONTINUOUS
10
-1.2348297244094488
20
0.6512111023622047
11
-1.2298381889763779
21
0.6619155511811023
0
LINE
8
BLACK
6
CONTINUOUS
10
-1.2298381889763779
20
0.6619155511811023
11
-1.2284756692913386
21
0.663773779527559
0
LINE
8
BLACK
6
CONTINUOUS
10
-1.2284756692913386
20
0.663773779527559
11
-1.2265057874015748
21
0.6649691338582677
0
LINE
8
BLACK
6
CONTINUOUS
10
-1.2265057874015748
20
0.6649691338582677
11
-1.2242283858267717
21
0.6653196456692914
0
LINE
8
BLACK
6
CONTINUOUS
10
-1.2242283858267717
20
0.6653196456692914
11
-1.2219901968503937
21
0.6647719685039369
0
LINE
8
BLACK
6
CONTINUOUS
10
-0.92475968503937
20
0.6636957874015748
11
-0.9218858661417323
21
0.6617755511811023
0
LINE
8
BLACK
6
CONTINUOUS
10
-0.9218858661417323
20
0.6617755511811023
11
-0.9199656299212599
21
0.6589017322834646
0
LINE
8
BLACK
6
CONTINUOUS
10
-0.9199656299212599
20
0.6589017322834646
11
-0.9192913385826772
21
0.655511811023622
0
LINE
8
BLACK
6
CONTINUOUS
10
-0.9192913385826772
20
0.655511811023622
11
-0.9192913385826772
21
0.6358267716535433
0
LINE
8
BLACK
6
CONTINUOUS
10
-0.9192913385826772
20
0.6358267716535433
11
-0.9199656299212599
21
0.6324368503937008
0
LINE
8
BLACK
6
CONTINUOUS
10
-0.9199656299212599
20
0.6324368503937008
11
-0.9218858661417323
21
0.629563031496063
0
LINE
8
BLACK
6
CONTINUOUS
10
-0.9218858661417323
20
0.629563031496063
11
-0.92475968503937
21
0.6276427952755905
0
LINE
8
BLACK
6
CONTINUOUS
10
-0.92475968503937
20
0.6276427952755905
11
-0.9281496062992126
21
0.6269685039370079
0
LINE
8
BLACK
6
CONTINUOUS
10
-0.9281496062992126
20
0.6269685039370079
11
-0.9458661417322834
21
0.6269685039370079
0
LINE
8
BLACK
6
CONTINUOUS
10
-0.9458661417322834
20
0.6269685039370079
11
-0.9492560629921259
21
0.6276427952755905
0
LINE
8
BLACK
6
CONTINUOUS
10
-0.9492560629921259
20
0.6276427952755905
11
-0.9521298818897638
21
0.629563031496063
0
LINE
8
BLACK
6
CONTINUOUS
10
-0.9521298818897638
20
0.629563031496063
11
-0.9540501181102362
21
0.6324368503937008
0
LINE
8
BLACK
6
CONTINUOUS
10
-0.9540501181102362
20
0.6324368503937008
11
-0.9547244094488189
21
0.6358267716535433
0
LINE
8
BLACK
6
CONTINUOUS
10
-0.9547244094488189
20
0.6358267716535433
11
-0.9547244094488189
21
0.655511811023622
0
LINE
8
BLACK
6
CONTINUOUS
10
-0.9547244094488189
20
0.655511811023622
11
-0.9540501181102362
21
0.6589017322834646
0
LINE
8
BLACK
6
CONTINUOUS
10
-0.9540501181102362
20
0.6589017322834646
11
-0.9521298818897638
21
0.6617755511811023
0
LINE
8
BLACK
6
CONTINUOUS
10
-0.9521298818897638
20
0.6617755511811023
11
-0.9492560629921259
21
0.6636957874015748
0
LINE
8
BLACK
6
CONTINUOUS
10
-0.9492560629921259
20
0.6636957874015748
11
-0.9458661417322834
21
0.6643700787401574
0
LINE
8
BLACK
6
CONTINUOUS
10
-0.9458661417322834
20
0.6643700787401574
11
-0.9281496062992126
21
0.6643700787401574
0
LINE
8
BLACK
6
CONTINUOUS
10
-0.9281496062992126
20
0.6643700787401574
11
-0.92475968503937
21
0.6636957874015748
0
LINE
8
BLACK
6
CONTINUOUS
10
-0.863736062992126
20
0.6636957874015748
11
-0.8608622440944882
21
0.6617755511811023
0
LINE
8
BLACK
6
CONTINUOUS
10
-0.8608622440944882
20
0.6617755511811023
11
-0.8589420078740158
21
0.6589017322834646
0
LINE
8
BLACK
6
CONTINUOUS
10
-0.8589420078740158
20
0.6589017322834646
11
-0.8582677165354331
21
0.655511811023622
0
LINE
8
BLACK
6
CONTINUOUS
10
-0.8582677165354331
20
0.655511811023622
11
-0.8582677165354331
21
0.6358267716535433
0
LINE
8
BLACK
6
CONTINUOUS
10
-0.8582677165354331
20
0.6358267716535433
11
-0.8589420078740158
21
0.6324368503937008
0
LINE
8
BLACK
6
CONTINUOUS
10
-0.8589420078740158
20
0.6324368503937008
11
-0.8608622440944882
21
0.629563031496063
0
LINE
8
BLACK
6
CONTINUOUS
10
-0.8608622440944882
20
0.629563031496063
11
-0.863736062992126
21
0.6276427952755905
0
LINE
8
BLACK
6
CONTINUOUS
10
-0.863736062992126
20
0.6276427952755905
11
-0.8671259842519685
21
0.6269685039370079
0
LINE
8
BLACK
6
CONTINUOUS
10
-0.8671259842519685
20
0.6269685039370079
11
-0.8848425196850394
21
0.6269685039370079
0
LINE
8
BLACK
6
CONTINUOUS
10
-0.8848425196850394
20
0.6269685039370079
11
-0.8882324409448819
21
0.6276427952755905
0
LINE
8
BLACK
6
CONTINUOUS
10
-0.8882324409448819
20
0.6276427952755905
11
-0.8911062598425197
21
0.629563031496063
0
LINE
8
BLACK
6
CONTINUOUS
10
-0.8911062598425197
20
0.629563031496063
11
-0.8930264960629921
21
0.6324368503937008
0
LINE
8
BLACK
6
CONTINUOUS
10
-0.8930264960629921
20
0.6324368503937008
11
-0.8937007874015748
21
0.6358267716535433
0
LINE
8
BLACK
6
CONTINUOUS
10
-0.8937007874015748
20
0.6358267716535433
11
-0.8937007874015748
21
0.655511811023622
0
LINE
8
BLACK
6
CONTINUOUS
10
-0.8937007874015748
20
0.655511811023622
11
-0.8930264960629921
21
0.6589017322834646
0
LINE
8
BLACK
6
CONTINUOUS
10
-0.8930264960629921
20
0.6589017322834646
11
-0.8911062598425197
21
0.6617755511811023
0
LINE
8
BLACK
6
CONTINUOUS
10
-0.8911062598425197
20
0.6617755511811023
11
-0.8882324409448819
21
0.6636957874015748
0
LINE
8
BLACK
6
CONTINUOUS
10
-0.8882324409448819
20
0.6636957874015748
11
-0.8848425196850394
21
0.6643700787401574
0
LINE
8
BLACK
6
CONTINUOUS
10
-0.8848425196850394
20
0.6643700787401574
11
-0.8671259842519685
21
0.6643700787401574
0
LINE
8
BLACK
6
CONTINUOUS
10
-0.8671259842519685
20
0.6643700787401574
11
-0.863736062992126
21
0.6636957874015748
0
LINE
8
BLACK
6
CONTINUOUS
10
-0.0222414173228346
20
0.682998031496063
11
-0.0195458661417323
21
0.6808346456692913
0
LINE
8
BLACK
6
CONTINUOUS
10
-0.0195458661417323
20
0.6808346456692913
11
-0.0068925590551181
21
0.665755
0
LINE
8
BLACK
6
CONTINUOUS
10
-0.0068925590551181
20
0.665755
11
-0.0052301181102362
21
0.6627247637795275
0
LINE
8
BLACK
6
CONTINUOUS
10
-0.0052301181102362
20
0.6627247637795275
11
-0.0048538188976378
21
0.6592889763779527
0
LINE
8
BLACK
6
CONTINUOUS
10
-0.0048538188976378
20
0.6592889763779527
11
-0.0058209842519685
21
0.655970748031496
0
LINE
8
BLACK
6
CONTINUOUS
10
-0.0058209842519685
20
0.655970748031496
11
-0.0079844094488189
21
0.6532751968503937
0
LINE
8
BLACK
6
CONTINUOUS
10
-0.0079844094488189
20
0.6532751968503937
11
-0.021556062992126
21
0.6418872440944882
0
LINE
8
BLACK
6
CONTINUOUS
10
-0.021556062992126
20
0.6418872440944882
11
-0.0245862992125984
21
0.6402247637795275
0
LINE
8
BLACK
6
CONTINUOUS
10
-0.0245862992125984
20
0.6402247637795275
11
-0.0280220866141732
21
0.6398485039370079
0
LINE
8
BLACK
6
CONTINUOUS
10
-0.0280220866141732
20
0.6398485039370079
11
-0.0313403149606299
21
0.6408156692913386
0
LINE
8
BLACK
6
CONTINUOUS
10
-0.0313403149606299
20
0.6408156692913386
11
-0.0340358661417323
21
0.6429790551181103
0
LINE
8
BLACK
6
CONTINUOUS
10
-0.0340358661417323
20
0.6429790551181103
11
-0.0466891732283465
21
0.6580587007874016
0
LINE
8
BLACK
6
CONTINUOUS
10
-0.0466891732283465
20
0.6580587007874016
11
-0.0483516141732283
21
0.661088937007874
0
LINE
8
BLACK
6
CONTINUOUS
10
-0.0483516141732283
20
0.661088937007874
11
-0.0487279133858268
21
0.6645247244094488
0
LINE
8
BLACK
6
CONTINUOUS
10
-0.0487279133858268
20
0.6645247244094488
11
-0.0477607480314961
21
0.6678429527559056
0
LINE
8
BLACK
6
CONTINUOUS
10
-0.0477607480314961
20
0.6678429527559056
11
-0.0455973228346457
21
0.6705385039370079
0
LINE
8
BLACK
6
CONTINUOUS
10
-0.0455973228346457
20
0.6705385039370079
11
-0.0320256692913386
21
0.6819264566929134
0
LINE
8
BLACK
6
CONTINUOUS
10
-0.0320256692913386
20
0.6819264566929134
11
-0.0289954330708661
21
0.683588937007874
0
LINE
8
BLACK
6
CONTINUOUS
10
-0.0289954330708661
20
0.683588937007874
11
-0.0255596456692913
21
0.6839651968503937
0
LINE
8
BLACK
6
CONTINUOUS
10
-0.0255596456692913
20
0.6839651968503937
11
-0.0222414173228346
21
0.682998031496063
0
LINE
8
BLACK
6
CONTINUOUS
10
-0.7687583858267716
20
0.6883770078740157
11
-0.7662038976377953
21
0.6866701181102361
0
LINE
8
BLACK
6
CONTINUOUS
10
-0.7662038976377953
20
0.6866701181102361
11
-0.7644970078740158
21
0.6841156299212598
0
LINE
8
BLACK
6
CONTINUOUS
10
-0.7644970078740158
20
0.6841156299212598
11
-0.7638976377952755
21
0.6811023622047244
0
LINE
8
BLACK
6
CONTINUOUS
10
-0.7638976377952755
20
0.6811023622047244
11
-0.7638976377952755
21
0.6653543307086615
0
LINE
8
BLACK
6
CONTINUOUS
10
-0.7638976377952755
20
0.6653543307086615
11
-0.7644970078740158
21
0.6623410629921259
0
LINE
8
BLACK
6
CONTINUOUS
10
-0.7644970078740158
20
0.6623410629921259
11
-0.7662038976377953
21
0.6597865748031496
0
LINE
8
BLACK
6
CONTINUOUS
10
-0.7662038976377953
20
0.6597865748031496
11
-0.7687583858267716
21
0.6580796850393701
0
LINE
8
BLACK
6
CONTINUOUS
10
-0.7687583858267716
20
0.6580796850393701
11
-0.7717716535433071
21
0.6574803149606299
0
LINE
8
BLACK
6
CONTINUOUS
10
-0.7717716535433071
20
0.6574803149606299
11
-0.7934251968503937
21
0.6574803149606299
0
LINE
8
BLACK
6
CONTINUOUS
10
-0.7934251968503937
20
0.6574803149606299
11
-0.7964384645669291
21
0.6580796850393701
0
LINE
8
BLACK
6
CONTINUOUS
10
-0.7964384645669291
20
0.6580796850393701
11
-0.7989929527559055
21
0.6597865748031496
0
LINE
8
BLACK
6
CONTINUOUS
10
-0.7989929527559055
20
0.6597865748031496
11
-0.8006998425196851
21
0.6623410629921259
0
LINE
8
BLACK
6
CONTINUOUS
10
-0.8006998425196851
20
0.6623410629921259
11
-0.8012992125984252
21
0.6653543307086615
0
LINE
8
BLACK
6
CONTINUOUS
10
-0.8012992125984252
20
0.6653543307086615
11
-0.8012992125984252
21
0.6811023622047244
0
LINE
8
BLACK
6
CONTINUOUS
10
-0.8012992125984252
20
0.6811023622047244
11
-0.8006998425196851
21
0.6841156299212598
0
LINE
8
BLACK
6
CONTINUOUS
10
-0.8006998425196851
20
0.6841156299212598
11
-0.7989929527559055
21
0.6866701181102361
0
LINE
8
BLACK
6
CONTINUOUS
10
-0.7989929527559055
20
0.6866701181102361
11
-0.7964384645669291
21
0.6883770078740157
0
LINE
8
BLACK
6
CONTINUOUS
10
-0.7964384645669291
20
0.6883770078740157
11
-0.7934251968503937
21
0.6889763779527559
0
LINE
8
BLACK
6
CONTINUOUS
10
-0.7934251968503937
20
0.6889763779527559
11
-0.7717716535433071
21
0.6889763779527559
0
LINE
8
BLACK
6
CONTINUOUS
10
-0.7717716535433071
20
0.6889763779527559
11
-0.7687583858267716
21
0.6883770078740157
0
LINE
8
BLACK
6
CONTINUOUS
10
-0.6987583858267716
20
0.6883770078740157
11
-0.6962038976377952
21
0.6866701181102361
0
LINE
8
BLACK
6
CONTINUOUS
10
-0.6962038976377952
20
0.6866701181102361
11
-0.6944970078740157
21
0.6841156299212598
0
LINE
8
BLACK
6
CONTINUOUS
10
-0.6944970078740157
20
0.6841156299212598
11
-0.6938976377952756
21
0.6811023622047244
0
LINE
8
BLACK
6
CONTINUOUS
10
-0.6938976377952756
20
0.6811023622047244
11
-0.6938976377952756
21
0.6653543307086615
0
LINE
8
BLACK
6
CONTINUOUS
10
-0.6938976377952756
20
0.6653543307086615
11
-0.6944970078740157
21
0.6623410629921259
0
LINE
8
BLACK
6
CONTINUOUS
10
-0.6944970078740157
20
0.6623410629921259
11
-0.6962038976377952
21
0.6597865748031496
0
LINE
8
BLACK
6
CONTINUOUS
10
-0.6962038976377952
20
0.6597865748031496
11
-0.6987583858267716
21
0.6580796850393701
0
LINE
8
BLACK
6
CONTINUOUS
10
-0.6987583858267716
20
0.6580796850393701
11
-0.7017716535433071
21
0.6574803149606299
0
LINE
8
BLACK
6
CONTINUOUS
10
-0.7017716535433071
20
0.6574803149606299
11
-0.7234251968503936
21
0.6574803149606299
0
LINE
8
BLACK
6
CONTINUOUS
10
-0.7234251968503936
20
0.6574803149606299
11
-0.7264384645669291
21
0.6580796850393701
0
LINE
8
BLACK
6
CONTINUOUS
10
-0.7264384645669291
20
0.6580796850393701
11
-0.7289929527559055
21
0.6597865748031496
0
LINE
8
BLACK
6
CONTINUOUS
10
-0.7289929527559055
20
0.6597865748031496
11
-0.730699842519685
21
0.6623410629921259
0
LINE
8
BLACK
6
CONTINUOUS
10
-0.730699842519685
20
0.6623410629921259
11
-0.7312992125984252
21
0.6653543307086615
0
LINE
8
BLACK
6
CONTINUOUS
10
-0.7312992125984252
20
0.6653543307086615
11
-0.7312992125984252
21
0.6811023622047244
0
LINE
8
BLACK
6
CONTINUOUS
10
-0.7312992125984252
20
0.6811023622047244
11
-0.730699842519685
21
0.6841156299212598
0
LINE
8
BLACK
6
CONTINUOUS
10
-0.730699842519685
20
0.6841156299212598
11
-0.7289929527559055
21
0.6866701181102361
0
LINE
8
BLACK
6
CONTINUOUS
10
-0.7289929527559055
20
0.6866701181102361
11
-0.7264384645669291
21
0.6883770078740157
0
LINE
8
BLACK
6
CONTINUOUS
10
-0.7264384645669291
20
0.6883770078740157
11
-0.7234251968503936
21
0.6889763779527559
0
LINE
8
BLACK
6
CONTINUOUS
10
-0.7234251968503936
20
0.6889763779527559
11
-0.7017716535433071
21
0.6889763779527559
0
LINE
8
BLACK
6
CONTINUOUS
10
-0.7017716535433071
20
0.6889763779527559
11
-0.6987583858267716
21
0.6883770078740157
0
LINE
8
BLACK
6
CONTINUOUS
10
-1.2011920866141732
20
0.7093737401574803
11
-1.1512381102362204
21
0.686079842519685
0
LINE
8
BLACK
6
CONTINUOUS
10
-1.1512381102362204
20
0.686079842519685
11
-1.1493798818897638
21
0.6847173228346457
0
LINE
8
BLACK
6
CONTINUOUS
10
-1.1493798818897638
20
0.6847173228346457
11
-1.1481845275590552
21
0.6827474015748032
0
LINE
8
BLACK
6
CONTINUOUS
10
-1.1481845275590552
20
0.6827474015748032
11
-1.1478339763779528
21
0.6804700393700788
0
LINE
8
BLACK
6
CONTINUOUS
10
-1.1478339763779528
20
0.6804700393700788
11
-1.1483816929133859
21
0.6782318503937008
0
LINE
8
BLACK
6
CONTINUOUS
10
-1.1483816929133859
20
0.6782318503937008
11
-1.1533732283464566
21
0.6675274015748032
0
LINE
8
BLACK
6
CONTINUOUS
10
-1.1533732283464566
20
0.6675274015748032
11
-1.1547357480314961
21
0.6656691732283464
0
LINE
8
BLACK
6
CONTINUOUS
10
-1.1547357480314961
20
0.6656691732283464
11
-1.1567056299212599
21
0.6644738188976378
0
LINE
8
BLACK
6
CONTINUOUS
10
-1.1567056299212599
20
0.6644738188976378
11
-1.158983031496063
21
0.6641233070866142
0
LINE
8
BLACK
6
CONTINUOUS
10
-1.158983031496063
20
0.6641233070866142
11
-1.161221220472441
21
0.6646709842519685
0
LINE
8
BLACK
6
CONTINUOUS
10
-1.161221220472441
20
0.6646709842519685
11
-1.2111751968503937
21
0.6879648818897638
0
LINE
8
BLACK
6
CONTINUOUS
10
-1.2111751968503937
20
0.6879648818897638
11
-1.2130334251968504
21
0.6893274015748031
0
LINE
8
BLACK
6
CONTINUOUS
10
-1.2130334251968504
20
0.6893274015748031
11
-1.214228779527559
21
0.6912973228346456
0
LINE
8
BLACK
6
CONTINUOUS
10
-1.214228779527559
20
0.6912973228346456
11
-1.2145793307086614
21
0.69357468503937
0
LINE
8
BLACK
6
CONTINUOUS
10
-1.2145793307086614
20
0.69357468503937
11
-1.2140316141732284
21
0.695812874015748
0
LINE
8
BLACK
6
CONTINUOUS
10
-1.2140316141732284
20
0.695812874015748
11
-1.2090400787401574
21
0.7065173228346456
0
LINE
8
BLACK
6
CONTINUOUS
10
-1.2090400787401574
20
0.7065173228346456
11
-1.2076775590551181
21
0.7083755511811023
0
LINE
8
BLACK
6
CONTINUOUS
10
-1.2076775590551181
20
0.7083755511811023
11
-1.2057076771653543
21
0.709570905511811
0
LINE
8
BLACK
6
CONTINUOUS
10
-1.2057076771653543
20
0.709570905511811
11
-1.203430275590551
21
0.7099214173228346
0
LINE
8
BLACK
6
CONTINUOUS
10
-1.203430275590551
20
0.7099214173228346
11
-1.2011920866141732
21
0.7093737401574803
0
LINE
8
BLACK
6
CONTINUOUS
10
-0.2248596850393701
20
0.8460112992125984
11
-0.2216665354330709
21
0.8438776771653543
0
LINE
8
BLACK
6
CONTINUOUS
10
-0.2216665354330709
20
0.8438776771653543
11
-0.2042672834645669
21
0.8264784251968503
0
LINE
8
BLACK
6
CONTINUOUS
10
-0.2042672834645669
20
0.8264784251968503
11
-0.2021336614173228
21
0.8232852755905512
0
LINE
8
BLACK
6
CONTINUOUS
10
-0.2021336614173228
20
0.8232852755905512
11
-0.2013844488188976
21
0.8195187007874015
0
LINE
8
BLACK
6
CONTINUOUS
10
-0.2013844488188976
20
0.8195187007874015
11
-0.2021336614173228
21
0.815752125984252
0
LINE
8
BLACK
6
CONTINUOUS
10
-0.2021336614173228
20
0.815752125984252
11
-0.2042672834645669
21
0.8125589763779527
0
LINE
8
BLACK
6
CONTINUOUS
10
-0.2042672834645669
20
0.8125589763779527
11
-0.2849999212598425
21
0.7318263385826771
0
LINE
8
BLACK
6
CONTINUOUS
10
-0.2849999212598425
20
0.7318263385826771
11
-0.2881930708661417
21
0.7296927165354331
0
LINE
8
BLACK
6
CONTINUOUS
10
-0.2881930708661417
20
0.7296927165354331
11
-0.2919596456692913
21
0.7289435039370079
0
LINE
8
BLACK
6
CONTINUOUS
10
-0.2919596456692913
20
0.7289435039370079
11
-0.295726220472441
21
0.7296927165354331
0
LINE
8
BLACK
6
CONTINUOUS
10
-0.295726220472441
20
0.7296927165354331
11
-0.2989193700787401
21
0.7318263385826771
0
LINE
8
BLACK
6
CONTINUOUS
10
-0.2989193700787401
20
0.7318263385826771
11
-0.3163186220472441
21
0.7492255905511811
0
LINE
8
BLACK
6
CONTINUOUS
10
-0.3163186220472441
20
0.7492255905511811
11
-0.3184522440944882
21
0.7524187401574803
0
LINE
8
BLACK
6
CONTINUOUS
10
-0.3184522440944882
20
0.7524187401574803
11
-0.3192014566929134
21
0.7561853149606299
0
LINE
8
BLACK
6
CONTINUOUS
10
-0.3192014566929134
20
0.7561853149606299
11
-0.3184522440944882
21
0.7599518897637795
0
LINE
8
BLACK
6
CONTINUOUS
10
-0.3184522440944882
20
0.7599518897637795
11
-0.3163186220472441
21
0.7631450393700787
0
LINE
8
BLACK
6
CONTINUOUS
10
-0.3163186220472441
20
0.7631450393700787
11
-0.2355859842519685
21
0.8438776771653543
0
LINE
8
BLACK
6
CONTINUOUS
10
-0.2355859842519685
20
0.8438776771653543
11
-0.2323928346456693
21
0.8460112992125984
0
LINE
8
BLACK
6
CONTINUOUS
10
-0.2323928346456693
20
0.8460112992125984
11
-0.2286262598425197
21
0.8467605118110236
0
LINE
8
BLACK
6
CONTINUOUS
10
-0.2286262598425197
20
0.8467605118110236
11
-0.2248596850393701
21
0.8460112992125984
0
LINE
8
BLACK
6
CONTINUOUS
10
-0.002538031496063
20
0.7821475196850394
11
-0.0498640551181102
21
0.7348214960629921
0
LINE
8
BLACK
6
CONTINUOUS
10
-0.0498640551181102
20
0.7348214960629921
11
-0.0860545669291339
21
0.7710120078740157
0
LINE
8
BLACK
6
CONTINUOUS
10
-0.0860545669291339
20
0.7710120078740157
11
-0.0387285433070866
21
0.818338031496063
0
LINE
8
BLACK
6
CONTINUOUS
10
-0.0387285433070866
20
0.818338031496063
11
-0.002538031496063
21
0.7821475196850394
0
LINE
8
BLACK
6
CONTINUOUS
10
-1.2955361811023622
20
0.8424192913385826
11
-1.2170370866141731
21
0.8058145669291339
0
LINE
8
BLACK
6
CONTINUOUS
10
-1.2170370866141731
20
0.8058145669291339
11
-1.2139400393700788
21
0.8035437007874016
0
LINE
8
BLACK
6
CONTINUOUS
10
-1.2139400393700788
20
0.8035437007874016
11
-1.2119477559055118
21
0.8002605511811024
0
LINE
8
BLACK
6
CONTINUOUS
10
-1.2119477559055118
20
0.8002605511811024
11
-1.2113635826771654
21
0.7964648818897637
0
LINE
8
BLACK
6
CONTINUOUS
10
-1.2113635826771654
20
0.7964648818897637
11
-1.2122763779527559
21
0.7927345669291338
0
LINE
8
BLACK
6
CONTINUOUS
10
-1.2122763779527559
20
0.7927345669291338
11
-1.2205956299212599
21
0.7748938582677165
0
LINE
8
BLACK
6
CONTINUOUS
10
-1.2205956299212599
20
0.7748938582677165
11
-1.2228664566929133
21
0.7717968110236221
0
LINE
8
BLACK
6
CONTINUOUS
10
-1.2228664566929133
20
0.7717968110236221
11
-1.2261496456692913
21
0.7698045275590552
0
LINE
8
BLACK
6
CONTINUOUS
10
-1.2261496456692913
20
0.7698045275590552
11
-1.2299453149606299
21
0.7692203543307087
0
LINE
8
BLACK
6
CONTINUOUS
10
-1.2299453149606299
20
0.7692203543307087
11
-1.2336756299212599
21
0.7701331496062992
0
LINE
8
BLACK
6
CONTINUOUS
10
-1.2336756299212599
20
0.7701331496062992
11
-1.3121747244094488
21
0.806737874015748
0
LINE
8
BLACK
6
CONTINUOUS
10
-1.3121747244094488
20
0.806737874015748
11
-1.3152717716535434
21
0.8090087401574803
0
LINE
8
BLACK
6
CONTINUOUS
10
-1.3152717716535434
20
0.8090087401574803
11
-1.3172640551181103
21
0.8122918897637795
0
LINE
8
BLACK
6
CONTINUOUS
10
-1.3172640551181103
20
0.8122918897637795
11
-1.3178482283464568
21
0.8160875590551181
0
LINE
8
BLACK
6
CONTINUOUS
10
-1.3178482283464568
20
0.8160875590551181
11
-1.316935433070866
21
0.819817874015748
0
LINE
8
BLACK
6
CONTINUOUS
10
-1.316935433070866
20
0.819817874015748
11
-1.3086161811023622
21
0.8376585826771653
0
LINE
8
BLACK
6
CONTINUOUS
10
-1.3086161811023622
20
0.8376585826771653
11
-1.3063453543307086
21
0.8407556299212599
0
LINE
8
BLACK
6
CONTINUOUS
10
-1.3063453543307086
20
0.8407556299212599
11
-1.3030621653543306
21
0.8427479133858268
0
LINE
8
BLACK
6
CONTINUOUS
10
-1.3030621653543306
20
0.8427479133858268
11
-1.299266496062992
21
0.8433320866141732
0
LINE
8
BLACK
6
CONTINUOUS
10
-1.299266496062992
20
0.8433320866141732
11
-1.2955361811023622
21
0.8424192913385826
0
LINE
8
BLACK
6
CONTINUOUS
10
-0.0999740157480315
20
0.8795835039370079
11
-0.1473000393700787
21
0.8322574803149606
0
LINE
8
BLACK
6
CONTINUOUS
10
-0.1473000393700787
20
0.8322574803149606
11
-0.1834905511811024
21
0.8684479921259842
0
LINE
8
BLACK
6
CONTINUOUS
10
-0.1834905511811024
20
0.8684479921259842
11
-0.1361645275590551
21
0.9157740157480315
0
LINE
8
BLACK
6
CONTINUOUS
10
-0.1361645275590551
20
0.9157740157480315
11
-0.0999740157480315
21
0.8795835039370079
  0
ENDSEC
  0
EOF
