ISO-10303-21;
HEADER;
FILE_DESCRIPTION(('KiCad electronic assembly'),'2;1');
FILE_NAME('EFMADC01.step','2025-07-11T01:06:52',('Pcbnew'),('Kicad'),
  'Open CASCADE STEP processor 7.6','KiCad to STEP converter','Unknown'
  );
FILE_SCHEMA(('AUTOMOTIVE_DESIGN { 1 0 10303 214 1 1 1 1 }'));
ENDSEC;
DATA;
#1 = APPLICATION_PROTOCOL_DEFINITION('international standard',
  'automotive_design',2000,#2);
#2 = APPLICATION_CONTEXT(
  'core data for automotive mechanical design processes');
#3 = SHAPE_DEFINITION_REPRESENTATION(#4,#10);
#4 = PRODUCT_DEFINITION_SHAPE('','',#5);
#5 = PRODUCT_DEFINITION('design','',#6,#9);
#6 = PRODUCT_DEFINITION_FORMATION('','',#7);
#7 = PRODUCT('EFMADC01 1','EFMADC01 1','',(#8));
#8 = PRODUCT_CONTEXT('',#2,'mechanical');
#9 = PRODUCT_DEFINITION_CONTEXT('part definition',#2,'design');
#10 = SHAPE_REPRESENTATION('',(#11,#15,#19,#23,#27,#31,#35,#39,#43,#47,
    #51,#55,#59,#63,#67,#71,#75,#79,#83,#87,#91,#95,#99,#103,#107,#111,
    #115,#119,#123,#127,#131,#135,#139),#143);
#11 = AXIS2_PLACEMENT_3D('',#12,#13,#14);
#12 = CARTESIAN_POINT('',(0.,0.,0.));
#13 = DIRECTION('',(0.,0.,1.));
#14 = DIRECTION('',(1.,0.,-0.));
#15 = AXIS2_PLACEMENT_3D('',#16,#17,#18);
#16 = CARTESIAN_POINT('',(59.944,34.544,1.595));
#17 = DIRECTION('',(0.,0.,1.));
#18 = DIRECTION('',(-1.,1.224646799147E-16,0.));
#19 = AXIS2_PLACEMENT_3D('',#20,#21,#22);
#20 = CARTESIAN_POINT('',(59.944,32.004,1.595));
#21 = DIRECTION('',(0.,0.,1.));
#22 = DIRECTION('',(-1.,1.224646799147E-16,0.));
#23 = AXIS2_PLACEMENT_3D('',#24,#25,#26);
#24 = CARTESIAN_POINT('',(59.944,26.924,1.595));
#25 = DIRECTION('',(0.,0.,1.));
#26 = DIRECTION('',(-1.,1.224646799147E-16,0.));
#27 = AXIS2_PLACEMENT_3D('',#28,#29,#30);
#28 = CARTESIAN_POINT('',(57.404,22.606,1.595));
#29 = DIRECTION('',(0.,0.,1.));
#30 = DIRECTION('',(1.,0.,0.));
#31 = AXIS2_PLACEMENT_3D('',#32,#33,#34);
#32 = CARTESIAN_POINT('',(59.944,29.464,1.595));
#33 = DIRECTION('',(0.,0.,1.));
#34 = DIRECTION('',(-1.,1.224646799147E-16,0.));
#35 = AXIS2_PLACEMENT_3D('',#36,#37,#38);
#36 = CARTESIAN_POINT('',(41.148,31.75,1.595));
#37 = DIRECTION('',(0.,-0.,1.));
#38 = DIRECTION('',(1.110223024625E-16,1.,0.));
#39 = AXIS2_PLACEMENT_3D('',#40,#41,#42);
#40 = CARTESIAN_POINT('',(54.61,34.544,-8.5E-02));
#41 = DIRECTION('',(0.,-1.224646799147E-16,-1.));
#42 = DIRECTION('',(1.,0.,0.));
#43 = AXIS2_PLACEMENT_3D('',#44,#45,#46);
#44 = CARTESIAN_POINT('',(54.483,24.892,-8.5E-02));
#45 = DIRECTION('',(0.,-1.224646799147E-16,-1.));
#46 = DIRECTION('',(1.,0.,0.));
#47 = AXIS2_PLACEMENT_3D('',#48,#49,#50);
#48 = CARTESIAN_POINT('',(44.930875,35.428412,-8.5E-02));
#49 = DIRECTION('',(1.224646799147E-16,-1.359631073447E-32,-1.));
#50 = DIRECTION('',(1.110223024625E-16,1.,0.));
#51 = AXIS2_PLACEMENT_3D('',#52,#53,#54);
#52 = CARTESIAN_POINT('',(30.099,24.257,-8.5E-02));
#53 = DIRECTION('',(-1.224646799147E-16,-1.359631073447E-32,-1.));
#54 = DIRECTION('',(1.110223024625E-16,-1.,0.));
#55 = AXIS2_PLACEMENT_3D('',#56,#57,#58);
#56 = CARTESIAN_POINT('',(33.02,32.004,-8.5E-02));
#57 = DIRECTION('',(1.499759782662E-32,1.224646799147E-16,-1.));
#58 = DIRECTION('',(-1.,1.224646799147E-16,0.));
#59 = AXIS2_PLACEMENT_3D('',#60,#61,#62);
#60 = CARTESIAN_POINT('',(54.61,29.464,-8.5E-02));
#61 = DIRECTION('',(0.,-1.224646799147E-16,-1.));
#62 = DIRECTION('',(1.,0.,0.));
#63 = AXIS2_PLACEMENT_3D('',#64,#65,#66);
#64 = CARTESIAN_POINT('',(47.752,35.433,-8.5E-02));
#65 = DIRECTION('',(1.224646799147E-16,-1.359631073447E-32,-1.));
#66 = DIRECTION('',(1.110223024625E-16,1.,0.));
#67 = AXIS2_PLACEMENT_3D('',#68,#69,#70);
#68 = CARTESIAN_POINT('',(14.732,25.4,-8.5E-02));
#69 = DIRECTION('',(0.,-1.224646799147E-16,-1.));
#70 = DIRECTION('',(1.,0.,0.));
#71 = AXIS2_PLACEMENT_3D('',#72,#73,#74);
#72 = CARTESIAN_POINT('',(54.991,21.717,-8.5E-02));
#73 = DIRECTION('',(1.224646799147E-16,-1.359631073447E-32,-1.));
#74 = DIRECTION('',(1.110223024625E-16,1.,0.));
#75 = AXIS2_PLACEMENT_3D('',#76,#77,#78);
#76 = CARTESIAN_POINT('',(46.355,26.797,-8.5E-02));
#77 = DIRECTION('',(-1.224646799147E-16,-1.359631073447E-32,-1.));
#78 = DIRECTION('',(1.110223024625E-16,-1.,0.));
#79 = AXIS2_PLACEMENT_3D('',#80,#81,#82);
#80 = CARTESIAN_POINT('',(27.0764,29.2862,-8.5E-02));
#81 = DIRECTION('',(0.,-1.224646799147E-16,-1.));
#82 = DIRECTION('',(1.,0.,0.));
#83 = AXIS2_PLACEMENT_3D('',#84,#85,#86);
#84 = CARTESIAN_POINT('',(29.845,31.623,-8.5E-02));
#85 = DIRECTION('',(-1.224646799147E-16,-1.359631073447E-32,-1.));
#86 = DIRECTION('',(1.110223024625E-16,-1.,0.));
#87 = AXIS2_PLACEMENT_3D('',#88,#89,#90);
#88 = CARTESIAN_POINT('',(62.8396,21.7424,-8.5E-02));
#89 = DIRECTION('',(1.224646799147E-16,-1.359631073447E-32,-1.));
#90 = DIRECTION('',(1.110223024625E-16,1.,0.));
#91 = AXIS2_PLACEMENT_3D('',#92,#93,#94);
#92 = CARTESIAN_POINT('',(22.733,26.162,-8.5E-02));
#93 = DIRECTION('',(-1.224646799147E-16,-1.359631073447E-32,-1.));
#94 = DIRECTION('',(1.110223024625E-16,-1.,0.));
#95 = AXIS2_PLACEMENT_3D('',#96,#97,#98);
#96 = CARTESIAN_POINT('',(54.61,31.877,-8.5E-02));
#97 = DIRECTION('',(0.,-1.224646799147E-16,-1.));
#98 = DIRECTION('',(1.,0.,0.));
#99 = AXIS2_PLACEMENT_3D('',#100,#101,#102);
#100 = CARTESIAN_POINT('',(41.275,28.448,-8.5E-02));
#101 = DIRECTION('',(0.,-1.224646799147E-16,-1.));
#102 = DIRECTION('',(1.,0.,0.));
#103 = AXIS2_PLACEMENT_3D('',#104,#105,#106);
#104 = CARTESIAN_POINT('',(22.86,18.415,-8.5E-02));
#105 = DIRECTION('',(-1.224646799147E-16,-1.359631073447E-32,-1.));
#106 = DIRECTION('',(1.110223024625E-16,-1.,0.));
#107 = AXIS2_PLACEMENT_3D('',#108,#109,#110);
#108 = CARTESIAN_POINT('',(26.1366,32.0294,-8.5E-02));
#109 = DIRECTION('',(-1.224646799147E-16,-1.359631073447E-32,-1.));
#110 = DIRECTION('',(1.110223024625E-16,-1.,0.));
#111 = AXIS2_PLACEMENT_3D('',#112,#113,#114);
#112 = CARTESIAN_POINT('',(25.8064,24.257,-8.5E-02));
#113 = DIRECTION('',(0.,-1.224646799147E-16,-1.));
#114 = DIRECTION('',(1.,0.,0.));
#115 = AXIS2_PLACEMENT_3D('',#116,#117,#118);
#116 = CARTESIAN_POINT('',(36.449,28.956,-8.5E-02));
#117 = DIRECTION('',(1.224646799147E-16,-1.359631073447E-32,-1.));
#118 = DIRECTION('',(1.110223024625E-16,1.,0.));
#119 = AXIS2_PLACEMENT_3D('',#120,#121,#122);
#120 = CARTESIAN_POINT('',(54.991,18.288,-8.5E-02));
#121 = DIRECTION('',(-1.224646799147E-16,-1.359631073447E-32,-1.));
#122 = DIRECTION('',(1.110223024625E-16,-1.,0.));
#123 = AXIS2_PLACEMENT_3D('',#124,#125,#126);
#124 = CARTESIAN_POINT('',(27.0764,27.2034,-8.5E-02));
#125 = DIRECTION('',(0.,-1.224646799147E-16,-1.));
#126 = DIRECTION('',(1.,0.,0.));
#127 = AXIS2_PLACEMENT_3D('',#128,#129,#130);
#128 = CARTESIAN_POINT('',(33.02,29.21,-8.5E-02));
#129 = DIRECTION('',(1.499759782662E-32,1.224646799147E-16,-1.));
#130 = DIRECTION('',(-1.,1.224646799147E-16,0.));
#131 = AXIS2_PLACEMENT_3D('',#132,#133,#134);
#132 = CARTESIAN_POINT('',(48.387,26.797,-8.5E-02));
#133 = DIRECTION('',(-1.224646799147E-16,-1.359631073447E-32,-1.));
#134 = DIRECTION('',(1.110223024625E-16,-1.,0.));
#135 = AXIS2_PLACEMENT_3D('',#136,#137,#138);
#136 = CARTESIAN_POINT('',(42.4434,25.5524,-8.5E-02));
#137 = DIRECTION('',(1.499759782662E-32,1.224646799147E-16,-1.));
#138 = DIRECTION('',(-1.,1.224646799147E-16,0.));
#139 = AXIS2_PLACEMENT_3D('',#140,#141,#142);
#140 = CARTESIAN_POINT('',(0.,0.,0.));
#141 = DIRECTION('',(0.,0.,1.));
#142 = DIRECTION('',(1.,0.,-0.));
#143 = ( GEOMETRIC_REPRESENTATION_CONTEXT(3) 
GLOBAL_UNCERTAINTY_ASSIGNED_CONTEXT((#147)) GLOBAL_UNIT_ASSIGNED_CONTEXT
((#144,#145,#146)) REPRESENTATION_CONTEXT('Context #1',
  '3D Context with UNIT and UNCERTAINTY') );
#144 = ( LENGTH_UNIT() NAMED_UNIT(*) SI_UNIT(.MILLI.,.METRE.) );
#145 = ( NAMED_UNIT(*) PLANE_ANGLE_UNIT() SI_UNIT($,.RADIAN.) );
#146 = ( NAMED_UNIT(*) SI_UNIT($,.STERADIAN.) SOLID_ANGLE_UNIT() );
#147 = UNCERTAINTY_MEASURE_WITH_UNIT(LENGTH_MEASURE(1.E-07),#144,
  'distance_accuracy_value','confusion accuracy');
#148 = PRODUCT_RELATED_PRODUCT_CATEGORY('part',$,(#7));
#149 = SHAPE_DEFINITION_REPRESENTATION(#150,#156);
#150 = PRODUCT_DEFINITION_SHAPE('','',#151);
#151 = PRODUCT_DEFINITION('design','',#152,#155);
#152 = PRODUCT_DEFINITION_FORMATION('','',#153);
#153 = PRODUCT('PinHeader_2x01_P2.54mm_Vertical',
  'PinHeader_2x01_P2.54mm_Vertical','',(#154));
#154 = PRODUCT_CONTEXT('',#2,'mechanical');
#155 = PRODUCT_DEFINITION_CONTEXT('part definition',#2,'design');
#156 = ADVANCED_BREP_SHAPE_REPRESENTATION('',(#11,#157),#1391);
#157 = MANIFOLD_SOLID_BREP('',#158);
#158 = CLOSED_SHELL('',(#159,#199,#230,#261,#378,#495,#512,#529,#546,
    #563,#575,#606,#630,#654,#671,#702,#726,#750,#767,#798,#822,#846,
    #863,#894,#918,#942,#959,#990,#1014,#1038,#1055,#1086,#1110,#1134,
    #1151,#1182,#1206,#1230,#1247,#1278,#1302,#1326,#1343,#1355,#1367,
    #1379));
#159 = ADVANCED_FACE('',(#160),#194,.F.);
#160 = FACE_BOUND('',#161,.F.);
#161 = EDGE_LOOP('',(#162,#172,#180,#188));
#162 = ORIENTED_EDGE('',*,*,#163,.T.);
#163 = EDGE_CURVE('',#164,#166,#168,.T.);
#164 = VERTEX_POINT('',#165);
#165 = CARTESIAN_POINT('',(-1.016,1.27,0.));
#166 = VERTEX_POINT('',#167);
#167 = CARTESIAN_POINT('',(-1.016,1.27,2.54));
#168 = LINE('',#169,#170);
#169 = CARTESIAN_POINT('',(-1.016,1.27,0.));
#170 = VECTOR('',#171,1.);
#171 = DIRECTION('',(0.,0.,1.));
#172 = ORIENTED_EDGE('',*,*,#173,.T.);
#173 = EDGE_CURVE('',#166,#174,#176,.T.);
#174 = VERTEX_POINT('',#175);
#175 = CARTESIAN_POINT('',(-1.27,1.016,2.54));
#176 = LINE('',#177,#178);
#177 = CARTESIAN_POINT('',(-1.016,1.27,2.54));
#178 = VECTOR('',#179,1.);
#179 = DIRECTION('',(-0.707106781187,-0.707106781187,0.));
#180 = ORIENTED_EDGE('',*,*,#181,.F.);
#181 = EDGE_CURVE('',#182,#174,#184,.T.);
#182 = VERTEX_POINT('',#183);
#183 = CARTESIAN_POINT('',(-1.27,1.016,0.));
#184 = LINE('',#185,#186);
#185 = CARTESIAN_POINT('',(-1.27,1.016,0.));
#186 = VECTOR('',#187,1.);
#187 = DIRECTION('',(0.,0.,1.));
#188 = ORIENTED_EDGE('',*,*,#189,.F.);
#189 = EDGE_CURVE('',#164,#182,#190,.T.);
#190 = LINE('',#191,#192);
#191 = CARTESIAN_POINT('',(-1.016,1.27,0.));
#192 = VECTOR('',#193,1.);
#193 = DIRECTION('',(-0.707106781187,-0.707106781187,0.));
#194 = PLANE('',#195);
#195 = AXIS2_PLACEMENT_3D('',#196,#197,#198);
#196 = CARTESIAN_POINT('',(-1.016,1.27,0.));
#197 = DIRECTION('',(0.707106781187,-0.707106781187,0.));
#198 = DIRECTION('',(-0.707106781187,-0.707106781187,0.));
#199 = ADVANCED_FACE('',(#200),#225,.F.);
#200 = FACE_BOUND('',#201,.F.);
#201 = EDGE_LOOP('',(#202,#212,#218,#219));
#202 = ORIENTED_EDGE('',*,*,#203,.T.);
#203 = EDGE_CURVE('',#204,#206,#208,.T.);
#204 = VERTEX_POINT('',#205);
#205 = CARTESIAN_POINT('',(3.556,1.27,0.));
#206 = VERTEX_POINT('',#207);
#207 = CARTESIAN_POINT('',(3.556,1.27,2.54));
#208 = LINE('',#209,#210);
#209 = CARTESIAN_POINT('',(3.556,1.27,0.));
#210 = VECTOR('',#211,1.);
#211 = DIRECTION('',(0.,0.,1.));
#212 = ORIENTED_EDGE('',*,*,#213,.T.);
#213 = EDGE_CURVE('',#206,#166,#214,.T.);
#214 = LINE('',#215,#216);
#215 = CARTESIAN_POINT('',(3.556,1.27,2.54));
#216 = VECTOR('',#217,1.);
#217 = DIRECTION('',(-1.,0.,0.));
#218 = ORIENTED_EDGE('',*,*,#163,.F.);
#219 = ORIENTED_EDGE('',*,*,#220,.F.);
#220 = EDGE_CURVE('',#204,#164,#221,.T.);
#221 = LINE('',#222,#223);
#222 = CARTESIAN_POINT('',(3.556,1.27,0.));
#223 = VECTOR('',#224,1.);
#224 = DIRECTION('',(-1.,0.,0.));
#225 = PLANE('',#226);
#226 = AXIS2_PLACEMENT_3D('',#227,#228,#229);
#227 = CARTESIAN_POINT('',(3.556,1.27,0.));
#228 = DIRECTION('',(0.,-1.,0.));
#229 = DIRECTION('',(-1.,0.,0.));
#230 = ADVANCED_FACE('',(#231),#256,.F.);
#231 = FACE_BOUND('',#232,.F.);
#232 = EDGE_LOOP('',(#233,#234,#242,#250));
#233 = ORIENTED_EDGE('',*,*,#181,.T.);
#234 = ORIENTED_EDGE('',*,*,#235,.T.);
#235 = EDGE_CURVE('',#174,#236,#238,.T.);
#236 = VERTEX_POINT('',#237);
#237 = CARTESIAN_POINT('',(-1.27,-1.016,2.54));
#238 = LINE('',#239,#240);
#239 = CARTESIAN_POINT('',(-1.27,1.016,2.54));
#240 = VECTOR('',#241,1.);
#241 = DIRECTION('',(0.,-1.,0.));
#242 = ORIENTED_EDGE('',*,*,#243,.F.);
#243 = EDGE_CURVE('',#244,#236,#246,.T.);
#244 = VERTEX_POINT('',#245);
#245 = CARTESIAN_POINT('',(-1.27,-1.016,0.));
#246 = LINE('',#247,#248);
#247 = CARTESIAN_POINT('',(-1.27,-1.016,0.));
#248 = VECTOR('',#249,1.);
#249 = DIRECTION('',(0.,0.,1.));
#250 = ORIENTED_EDGE('',*,*,#251,.F.);
#251 = EDGE_CURVE('',#182,#244,#252,.T.);
#252 = LINE('',#253,#254);
#253 = CARTESIAN_POINT('',(-1.27,1.016,0.));
#254 = VECTOR('',#255,1.);
#255 = DIRECTION('',(0.,-1.,0.));
#256 = PLANE('',#257);
#257 = AXIS2_PLACEMENT_3D('',#258,#259,#260);
#258 = CARTESIAN_POINT('',(-1.27,1.016,0.));
#259 = DIRECTION('',(1.,0.,0.));
#260 = DIRECTION('',(0.,-1.,0.));
#261 = ADVANCED_FACE('',(#262,#305,#339),#373,.F.);
#262 = FACE_BOUND('',#263,.F.);
#263 = EDGE_LOOP('',(#264,#265,#266,#274,#282,#290,#298,#304));
#264 = ORIENTED_EDGE('',*,*,#189,.T.);
#265 = ORIENTED_EDGE('',*,*,#251,.T.);
#266 = ORIENTED_EDGE('',*,*,#267,.T.);
#267 = EDGE_CURVE('',#244,#268,#270,.T.);
#268 = VERTEX_POINT('',#269);
#269 = CARTESIAN_POINT('',(-1.016,-1.27,0.));
#270 = LINE('',#271,#272);
#271 = CARTESIAN_POINT('',(-1.27,-1.016,0.));
#272 = VECTOR('',#273,1.);
#273 = DIRECTION('',(0.707106781187,-0.707106781187,0.));
#274 = ORIENTED_EDGE('',*,*,#275,.T.);
#275 = EDGE_CURVE('',#268,#276,#278,.T.);
#276 = VERTEX_POINT('',#277);
#277 = CARTESIAN_POINT('',(3.556,-1.27,0.));
#278 = LINE('',#279,#280);
#279 = CARTESIAN_POINT('',(-1.016,-1.27,0.));
#280 = VECTOR('',#281,1.);
#281 = DIRECTION('',(1.,0.,0.));
#282 = ORIENTED_EDGE('',*,*,#283,.T.);
#283 = EDGE_CURVE('',#276,#284,#286,.T.);
#284 = VERTEX_POINT('',#285);
#285 = CARTESIAN_POINT('',(3.81,-1.016,0.));
#286 = LINE('',#287,#288);
#287 = CARTESIAN_POINT('',(3.556,-1.27,0.));
#288 = VECTOR('',#289,1.);
#289 = DIRECTION('',(0.707106781187,0.707106781187,0.));
#290 = ORIENTED_EDGE('',*,*,#291,.T.);
#291 = EDGE_CURVE('',#284,#292,#294,.T.);
#292 = VERTEX_POINT('',#293);
#293 = CARTESIAN_POINT('',(3.81,1.016,0.));
#294 = LINE('',#295,#296);
#295 = CARTESIAN_POINT('',(3.81,-1.016,0.));
#296 = VECTOR('',#297,1.);
#297 = DIRECTION('',(0.,1.,0.));
#298 = ORIENTED_EDGE('',*,*,#299,.T.);
#299 = EDGE_CURVE('',#292,#204,#300,.T.);
#300 = LINE('',#301,#302);
#301 = CARTESIAN_POINT('',(3.81,1.016,0.));
#302 = VECTOR('',#303,1.);
#303 = DIRECTION('',(-0.707106781187,0.707106781187,0.));
#304 = ORIENTED_EDGE('',*,*,#220,.T.);
#305 = FACE_BOUND('',#306,.F.);
#306 = EDGE_LOOP('',(#307,#317,#325,#333));
#307 = ORIENTED_EDGE('',*,*,#308,.F.);
#308 = EDGE_CURVE('',#309,#311,#313,.T.);
#309 = VERTEX_POINT('',#310);
#310 = CARTESIAN_POINT('',(0.32,0.32,0.));
#311 = VERTEX_POINT('',#312);
#312 = CARTESIAN_POINT('',(-0.32,0.32,0.));
#313 = LINE('',#314,#315);
#314 = CARTESIAN_POINT('',(0.475,0.32,0.));
#315 = VECTOR('',#316,1.);
#316 = DIRECTION('',(-1.,0.,0.));
#317 = ORIENTED_EDGE('',*,*,#318,.F.);
#318 = EDGE_CURVE('',#319,#309,#321,.T.);
#319 = VERTEX_POINT('',#320);
#320 = CARTESIAN_POINT('',(0.32,-0.32,0.));
#321 = LINE('',#322,#323);
#322 = CARTESIAN_POINT('',(0.32,-0.16,0.));
#323 = VECTOR('',#324,1.);
#324 = DIRECTION('',(0.,1.,0.));
#325 = ORIENTED_EDGE('',*,*,#326,.T.);
#326 = EDGE_CURVE('',#319,#327,#329,.T.);
#327 = VERTEX_POINT('',#328);
#328 = CARTESIAN_POINT('',(-0.32,-0.32,0.));
#329 = LINE('',#330,#331);
#330 = CARTESIAN_POINT('',(0.475,-0.32,0.));
#331 = VECTOR('',#332,1.);
#332 = DIRECTION('',(-1.,0.,0.));
#333 = ORIENTED_EDGE('',*,*,#334,.T.);
#334 = EDGE_CURVE('',#327,#311,#335,.T.);
#335 = LINE('',#336,#337);
#336 = CARTESIAN_POINT('',(-0.32,-0.16,0.));
#337 = VECTOR('',#338,1.);
#338 = DIRECTION('',(0.,1.,0.));
#339 = FACE_BOUND('',#340,.F.);
#340 = EDGE_LOOP('',(#341,#351,#359,#367));
#341 = ORIENTED_EDGE('',*,*,#342,.T.);
#342 = EDGE_CURVE('',#343,#345,#347,.T.);
#343 = VERTEX_POINT('',#344);
#344 = CARTESIAN_POINT('',(2.86,-0.32,0.));
#345 = VERTEX_POINT('',#346);
#346 = CARTESIAN_POINT('',(2.22,-0.32,0.));
#347 = LINE('',#348,#349);
#348 = CARTESIAN_POINT('',(1.745,-0.32,0.));
#349 = VECTOR('',#350,1.);
#350 = DIRECTION('',(-1.,0.,0.));
#351 = ORIENTED_EDGE('',*,*,#352,.T.);
#352 = EDGE_CURVE('',#345,#353,#355,.T.);
#353 = VERTEX_POINT('',#354);
#354 = CARTESIAN_POINT('',(2.22,0.32,0.));
#355 = LINE('',#356,#357);
#356 = CARTESIAN_POINT('',(2.22,-0.16,0.));
#357 = VECTOR('',#358,1.);
#358 = DIRECTION('',(0.,1.,0.));
#359 = ORIENTED_EDGE('',*,*,#360,.F.);
#360 = EDGE_CURVE('',#361,#353,#363,.T.);
#361 = VERTEX_POINT('',#362);
#362 = CARTESIAN_POINT('',(2.86,0.32,0.));
#363 = LINE('',#364,#365);
#364 = CARTESIAN_POINT('',(1.745,0.32,0.));
#365 = VECTOR('',#366,1.);
#366 = DIRECTION('',(-1.,0.,0.));
#367 = ORIENTED_EDGE('',*,*,#368,.F.);
#368 = EDGE_CURVE('',#343,#361,#369,.T.);
#369 = LINE('',#370,#371);
#370 = CARTESIAN_POINT('',(2.86,-0.16,0.));
#371 = VECTOR('',#372,1.);
#372 = DIRECTION('',(0.,1.,0.));
#373 = PLANE('',#374);
#374 = AXIS2_PLACEMENT_3D('',#375,#376,#377);
#375 = CARTESIAN_POINT('',(1.27,0.,0.));
#376 = DIRECTION('',(0.,0.,1.));
#377 = DIRECTION('',(1.,0.,-0.));
#378 = ADVANCED_FACE('',(#379,#422,#456),#490,.T.);
#379 = FACE_BOUND('',#380,.T.);
#380 = EDGE_LOOP('',(#381,#382,#383,#391,#399,#407,#415,#421));
#381 = ORIENTED_EDGE('',*,*,#173,.T.);
#382 = ORIENTED_EDGE('',*,*,#235,.T.);
#383 = ORIENTED_EDGE('',*,*,#384,.T.);
#384 = EDGE_CURVE('',#236,#385,#387,.T.);
#385 = VERTEX_POINT('',#386);
#386 = CARTESIAN_POINT('',(-1.016,-1.27,2.54));
#387 = LINE('',#388,#389);
#388 = CARTESIAN_POINT('',(-1.27,-1.016,2.54));
#389 = VECTOR('',#390,1.);
#390 = DIRECTION('',(0.707106781187,-0.707106781187,0.));
#391 = ORIENTED_EDGE('',*,*,#392,.T.);
#392 = EDGE_CURVE('',#385,#393,#395,.T.);
#393 = VERTEX_POINT('',#394);
#394 = CARTESIAN_POINT('',(3.556,-1.27,2.54));
#395 = LINE('',#396,#397);
#396 = CARTESIAN_POINT('',(-1.016,-1.27,2.54));
#397 = VECTOR('',#398,1.);
#398 = DIRECTION('',(1.,0.,0.));
#399 = ORIENTED_EDGE('',*,*,#400,.T.);
#400 = EDGE_CURVE('',#393,#401,#403,.T.);
#401 = VERTEX_POINT('',#402);
#402 = CARTESIAN_POINT('',(3.81,-1.016,2.54));
#403 = LINE('',#404,#405);
#404 = CARTESIAN_POINT('',(3.556,-1.27,2.54));
#405 = VECTOR('',#406,1.);
#406 = DIRECTION('',(0.707106781187,0.707106781187,0.));
#407 = ORIENTED_EDGE('',*,*,#408,.T.);
#408 = EDGE_CURVE('',#401,#409,#411,.T.);
#409 = VERTEX_POINT('',#410);
#410 = CARTESIAN_POINT('',(3.81,1.016,2.54));
#411 = LINE('',#412,#413);
#412 = CARTESIAN_POINT('',(3.81,-1.016,2.54));
#413 = VECTOR('',#414,1.);
#414 = DIRECTION('',(0.,1.,0.));
#415 = ORIENTED_EDGE('',*,*,#416,.T.);
#416 = EDGE_CURVE('',#409,#206,#417,.T.);
#417 = LINE('',#418,#419);
#418 = CARTESIAN_POINT('',(3.81,1.016,2.54));
#419 = VECTOR('',#420,1.);
#420 = DIRECTION('',(-0.707106781187,0.707106781187,0.));
#421 = ORIENTED_EDGE('',*,*,#213,.T.);
#422 = FACE_BOUND('',#423,.T.);
#423 = EDGE_LOOP('',(#424,#434,#442,#450));
#424 = ORIENTED_EDGE('',*,*,#425,.F.);
#425 = EDGE_CURVE('',#426,#428,#430,.T.);
#426 = VERTEX_POINT('',#427);
#427 = CARTESIAN_POINT('',(0.32,0.32,2.54));
#428 = VERTEX_POINT('',#429);
#429 = CARTESIAN_POINT('',(-0.32,0.32,2.54));
#430 = LINE('',#431,#432);
#431 = CARTESIAN_POINT('',(0.475,0.32,2.54));
#432 = VECTOR('',#433,1.);
#433 = DIRECTION('',(-1.,0.,0.));
#434 = ORIENTED_EDGE('',*,*,#435,.F.);
#435 = EDGE_CURVE('',#436,#426,#438,.T.);
#436 = VERTEX_POINT('',#437);
#437 = CARTESIAN_POINT('',(0.32,-0.32,2.54));
#438 = LINE('',#439,#440);
#439 = CARTESIAN_POINT('',(0.32,-0.16,2.54));
#440 = VECTOR('',#441,1.);
#441 = DIRECTION('',(0.,1.,0.));
#442 = ORIENTED_EDGE('',*,*,#443,.T.);
#443 = EDGE_CURVE('',#436,#444,#446,.T.);
#444 = VERTEX_POINT('',#445);
#445 = CARTESIAN_POINT('',(-0.32,-0.32,2.54));
#446 = LINE('',#447,#448);
#447 = CARTESIAN_POINT('',(0.475,-0.32,2.54));
#448 = VECTOR('',#449,1.);
#449 = DIRECTION('',(-1.,0.,0.));
#450 = ORIENTED_EDGE('',*,*,#451,.T.);
#451 = EDGE_CURVE('',#444,#428,#452,.T.);
#452 = LINE('',#453,#454);
#453 = CARTESIAN_POINT('',(-0.32,-0.16,2.54));
#454 = VECTOR('',#455,1.);
#455 = DIRECTION('',(0.,1.,0.));
#456 = FACE_BOUND('',#457,.T.);
#457 = EDGE_LOOP('',(#458,#468,#476,#484));
#458 = ORIENTED_EDGE('',*,*,#459,.T.);
#459 = EDGE_CURVE('',#460,#462,#464,.T.);
#460 = VERTEX_POINT('',#461);
#461 = CARTESIAN_POINT('',(2.86,-0.32,2.54));
#462 = VERTEX_POINT('',#463);
#463 = CARTESIAN_POINT('',(2.22,-0.32,2.54));
#464 = LINE('',#465,#466);
#465 = CARTESIAN_POINT('',(1.745,-0.32,2.54));
#466 = VECTOR('',#467,1.);
#467 = DIRECTION('',(-1.,0.,0.));
#468 = ORIENTED_EDGE('',*,*,#469,.T.);
#469 = EDGE_CURVE('',#462,#470,#472,.T.);
#470 = VERTEX_POINT('',#471);
#471 = CARTESIAN_POINT('',(2.22,0.32,2.54));
#472 = LINE('',#473,#474);
#473 = CARTESIAN_POINT('',(2.22,-0.16,2.54));
#474 = VECTOR('',#475,1.);
#475 = DIRECTION('',(0.,1.,0.));
#476 = ORIENTED_EDGE('',*,*,#477,.F.);
#477 = EDGE_CURVE('',#478,#470,#480,.T.);
#478 = VERTEX_POINT('',#479);
#479 = CARTESIAN_POINT('',(2.86,0.32,2.54));
#480 = LINE('',#481,#482);
#481 = CARTESIAN_POINT('',(1.745,0.32,2.54));
#482 = VECTOR('',#483,1.);
#483 = DIRECTION('',(-1.,0.,0.));
#484 = ORIENTED_EDGE('',*,*,#485,.F.);
#485 = EDGE_CURVE('',#460,#478,#486,.T.);
#486 = LINE('',#487,#488);
#487 = CARTESIAN_POINT('',(2.86,-0.16,2.54));
#488 = VECTOR('',#489,1.);
#489 = DIRECTION('',(0.,1.,0.));
#490 = PLANE('',#491);
#491 = AXIS2_PLACEMENT_3D('',#492,#493,#494);
#492 = CARTESIAN_POINT('',(1.27,0.,2.54));
#493 = DIRECTION('',(0.,0.,1.));
#494 = DIRECTION('',(1.,0.,-0.));
#495 = ADVANCED_FACE('',(#496),#507,.F.);
#496 = FACE_BOUND('',#497,.F.);
#497 = EDGE_LOOP('',(#498,#504,#505,#506));
#498 = ORIENTED_EDGE('',*,*,#499,.T.);
#499 = EDGE_CURVE('',#292,#409,#500,.T.);
#500 = LINE('',#501,#502);
#501 = CARTESIAN_POINT('',(3.81,1.016,0.));
#502 = VECTOR('',#503,1.);
#503 = DIRECTION('',(0.,0.,1.));
#504 = ORIENTED_EDGE('',*,*,#416,.T.);
#505 = ORIENTED_EDGE('',*,*,#203,.F.);
#506 = ORIENTED_EDGE('',*,*,#299,.F.);
#507 = PLANE('',#508);
#508 = AXIS2_PLACEMENT_3D('',#509,#510,#511);
#509 = CARTESIAN_POINT('',(3.81,1.016,0.));
#510 = DIRECTION('',(-0.707106781187,-0.707106781187,0.));
#511 = DIRECTION('',(-0.707106781187,0.707106781187,0.));
#512 = ADVANCED_FACE('',(#513),#524,.F.);
#513 = FACE_BOUND('',#514,.F.);
#514 = EDGE_LOOP('',(#515,#516,#517,#523));
#515 = ORIENTED_EDGE('',*,*,#243,.T.);
#516 = ORIENTED_EDGE('',*,*,#384,.T.);
#517 = ORIENTED_EDGE('',*,*,#518,.F.);
#518 = EDGE_CURVE('',#268,#385,#519,.T.);
#519 = LINE('',#520,#521);
#520 = CARTESIAN_POINT('',(-1.016,-1.27,0.));
#521 = VECTOR('',#522,1.);
#522 = DIRECTION('',(0.,0.,1.));
#523 = ORIENTED_EDGE('',*,*,#267,.F.);
#524 = PLANE('',#525);
#525 = AXIS2_PLACEMENT_3D('',#526,#527,#528);
#526 = CARTESIAN_POINT('',(-1.27,-1.016,0.));
#527 = DIRECTION('',(0.707106781187,0.707106781187,0.));
#528 = DIRECTION('',(0.707106781187,-0.707106781187,0.));
#529 = ADVANCED_FACE('',(#530),#541,.F.);
#530 = FACE_BOUND('',#531,.F.);
#531 = EDGE_LOOP('',(#532,#538,#539,#540));
#532 = ORIENTED_EDGE('',*,*,#533,.T.);
#533 = EDGE_CURVE('',#284,#401,#534,.T.);
#534 = LINE('',#535,#536);
#535 = CARTESIAN_POINT('',(3.81,-1.016,0.));
#536 = VECTOR('',#537,1.);
#537 = DIRECTION('',(0.,0.,1.));
#538 = ORIENTED_EDGE('',*,*,#408,.T.);
#539 = ORIENTED_EDGE('',*,*,#499,.F.);
#540 = ORIENTED_EDGE('',*,*,#291,.F.);
#541 = PLANE('',#542);
#542 = AXIS2_PLACEMENT_3D('',#543,#544,#545);
#543 = CARTESIAN_POINT('',(3.81,-1.016,0.));
#544 = DIRECTION('',(-1.,0.,0.));
#545 = DIRECTION('',(0.,1.,0.));
#546 = ADVANCED_FACE('',(#547),#558,.F.);
#547 = FACE_BOUND('',#548,.F.);
#548 = EDGE_LOOP('',(#549,#550,#551,#557));
#549 = ORIENTED_EDGE('',*,*,#518,.T.);
#550 = ORIENTED_EDGE('',*,*,#392,.T.);
#551 = ORIENTED_EDGE('',*,*,#552,.F.);
#552 = EDGE_CURVE('',#276,#393,#553,.T.);
#553 = LINE('',#554,#555);
#554 = CARTESIAN_POINT('',(3.556,-1.27,0.));
#555 = VECTOR('',#556,1.);
#556 = DIRECTION('',(0.,0.,1.));
#557 = ORIENTED_EDGE('',*,*,#275,.F.);
#558 = PLANE('',#559);
#559 = AXIS2_PLACEMENT_3D('',#560,#561,#562);
#560 = CARTESIAN_POINT('',(-1.016,-1.27,0.));
#561 = DIRECTION('',(0.,1.,0.));
#562 = DIRECTION('',(1.,0.,0.));
#563 = ADVANCED_FACE('',(#564),#570,.F.);
#564 = FACE_BOUND('',#565,.F.);
#565 = EDGE_LOOP('',(#566,#567,#568,#569));
#566 = ORIENTED_EDGE('',*,*,#552,.T.);
#567 = ORIENTED_EDGE('',*,*,#400,.T.);
#568 = ORIENTED_EDGE('',*,*,#533,.F.);
#569 = ORIENTED_EDGE('',*,*,#283,.F.);
#570 = PLANE('',#571);
#571 = AXIS2_PLACEMENT_3D('',#572,#573,#574);
#572 = CARTESIAN_POINT('',(3.556,-1.27,0.));
#573 = DIRECTION('',(-0.707106781187,0.707106781187,0.));
#574 = DIRECTION('',(0.707106781187,0.707106781187,0.));
#575 = ADVANCED_FACE('',(#576),#601,.T.);
#576 = FACE_BOUND('',#577,.T.);
#577 = EDGE_LOOP('',(#578,#586,#594,#600));
#578 = ORIENTED_EDGE('',*,*,#579,.F.);
#579 = EDGE_CURVE('',#580,#309,#582,.T.);
#580 = VERTEX_POINT('',#581);
#581 = CARTESIAN_POINT('',(0.32,0.32,-2.84));
#582 = LINE('',#583,#584);
#583 = CARTESIAN_POINT('',(0.32,0.32,-3.));
#584 = VECTOR('',#585,1.);
#585 = DIRECTION('',(0.,0.,1.));
#586 = ORIENTED_EDGE('',*,*,#587,.F.);
#587 = EDGE_CURVE('',#588,#580,#590,.T.);
#588 = VERTEX_POINT('',#589);
#589 = CARTESIAN_POINT('',(-0.32,0.32,-2.84));
#590 = LINE('',#591,#592);
#591 = CARTESIAN_POINT('',(-0.32,0.32,-2.84));
#592 = VECTOR('',#593,1.);
#593 = DIRECTION('',(1.,0.,0.));
#594 = ORIENTED_EDGE('',*,*,#595,.T.);
#595 = EDGE_CURVE('',#588,#311,#596,.T.);
#596 = LINE('',#597,#598);
#597 = CARTESIAN_POINT('',(-0.32,0.32,-3.));
#598 = VECTOR('',#599,1.);
#599 = DIRECTION('',(0.,0.,1.));
#600 = ORIENTED_EDGE('',*,*,#308,.F.);
#601 = PLANE('',#602);
#602 = AXIS2_PLACEMENT_3D('',#603,#604,#605);
#603 = CARTESIAN_POINT('',(-0.32,0.32,-3.));
#604 = DIRECTION('',(0.,1.,0.));
#605 = DIRECTION('',(0.,-0.,1.));
#606 = ADVANCED_FACE('',(#607),#625,.F.);
#607 = FACE_BOUND('',#608,.F.);
#608 = EDGE_LOOP('',(#609,#617,#623,#624));
#609 = ORIENTED_EDGE('',*,*,#610,.F.);
#610 = EDGE_CURVE('',#611,#327,#613,.T.);
#611 = VERTEX_POINT('',#612);
#612 = CARTESIAN_POINT('',(-0.32,-0.32,-2.84));
#613 = LINE('',#614,#615);
#614 = CARTESIAN_POINT('',(-0.32,-0.32,-3.));
#615 = VECTOR('',#616,1.);
#616 = DIRECTION('',(0.,0.,1.));
#617 = ORIENTED_EDGE('',*,*,#618,.T.);
#618 = EDGE_CURVE('',#611,#588,#619,.T.);
#619 = LINE('',#620,#621);
#620 = CARTESIAN_POINT('',(-0.32,-0.32,-2.84));
#621 = VECTOR('',#622,1.);
#622 = DIRECTION('',(0.,1.,0.));
#623 = ORIENTED_EDGE('',*,*,#595,.T.);
#624 = ORIENTED_EDGE('',*,*,#334,.F.);
#625 = PLANE('',#626);
#626 = AXIS2_PLACEMENT_3D('',#627,#628,#629);
#627 = CARTESIAN_POINT('',(-0.32,-0.32,-3.));
#628 = DIRECTION('',(1.,0.,0.));
#629 = DIRECTION('',(0.,0.,1.));
#630 = ADVANCED_FACE('',(#631),#649,.F.);
#631 = FACE_BOUND('',#632,.F.);
#632 = EDGE_LOOP('',(#633,#641,#647,#648));
#633 = ORIENTED_EDGE('',*,*,#634,.F.);
#634 = EDGE_CURVE('',#635,#319,#637,.T.);
#635 = VERTEX_POINT('',#636);
#636 = CARTESIAN_POINT('',(0.32,-0.32,-2.84));
#637 = LINE('',#638,#639);
#638 = CARTESIAN_POINT('',(0.32,-0.32,-3.));
#639 = VECTOR('',#640,1.);
#640 = DIRECTION('',(0.,0.,1.));
#641 = ORIENTED_EDGE('',*,*,#642,.F.);
#642 = EDGE_CURVE('',#611,#635,#643,.T.);
#643 = LINE('',#644,#645);
#644 = CARTESIAN_POINT('',(-0.32,-0.32,-2.84));
#645 = VECTOR('',#646,1.);
#646 = DIRECTION('',(1.,0.,0.));
#647 = ORIENTED_EDGE('',*,*,#610,.T.);
#648 = ORIENTED_EDGE('',*,*,#326,.F.);
#649 = PLANE('',#650);
#650 = AXIS2_PLACEMENT_3D('',#651,#652,#653);
#651 = CARTESIAN_POINT('',(-0.32,-0.32,-3.));
#652 = DIRECTION('',(0.,1.,0.));
#653 = DIRECTION('',(0.,-0.,1.));
#654 = ADVANCED_FACE('',(#655),#666,.T.);
#655 = FACE_BOUND('',#656,.T.);
#656 = EDGE_LOOP('',(#657,#658,#664,#665));
#657 = ORIENTED_EDGE('',*,*,#634,.F.);
#658 = ORIENTED_EDGE('',*,*,#659,.T.);
#659 = EDGE_CURVE('',#635,#580,#660,.T.);
#660 = LINE('',#661,#662);
#661 = CARTESIAN_POINT('',(0.32,-0.32,-2.84));
#662 = VECTOR('',#663,1.);
#663 = DIRECTION('',(0.,1.,0.));
#664 = ORIENTED_EDGE('',*,*,#579,.T.);
#665 = ORIENTED_EDGE('',*,*,#318,.F.);
#666 = PLANE('',#667);
#667 = AXIS2_PLACEMENT_3D('',#668,#669,#670);
#668 = CARTESIAN_POINT('',(0.32,-0.32,-3.));
#669 = DIRECTION('',(1.,0.,0.));
#670 = DIRECTION('',(0.,0.,1.));
#671 = ADVANCED_FACE('',(#672),#697,.F.);
#672 = FACE_BOUND('',#673,.F.);
#673 = EDGE_LOOP('',(#674,#682,#690,#696));
#674 = ORIENTED_EDGE('',*,*,#675,.F.);
#675 = EDGE_CURVE('',#676,#343,#678,.T.);
#676 = VERTEX_POINT('',#677);
#677 = CARTESIAN_POINT('',(2.86,-0.32,-2.84));
#678 = LINE('',#679,#680);
#679 = CARTESIAN_POINT('',(2.86,-0.32,-3.));
#680 = VECTOR('',#681,1.);
#681 = DIRECTION('',(0.,0.,1.));
#682 = ORIENTED_EDGE('',*,*,#683,.F.);
#683 = EDGE_CURVE('',#684,#676,#686,.T.);
#684 = VERTEX_POINT('',#685);
#685 = CARTESIAN_POINT('',(2.22,-0.32,-2.84));
#686 = LINE('',#687,#688);
#687 = CARTESIAN_POINT('',(2.22,-0.32,-2.84));
#688 = VECTOR('',#689,1.);
#689 = DIRECTION('',(1.,0.,0.));
#690 = ORIENTED_EDGE('',*,*,#691,.T.);
#691 = EDGE_CURVE('',#684,#345,#692,.T.);
#692 = LINE('',#693,#694);
#693 = CARTESIAN_POINT('',(2.22,-0.32,-3.));
#694 = VECTOR('',#695,1.);
#695 = DIRECTION('',(0.,0.,1.));
#696 = ORIENTED_EDGE('',*,*,#342,.F.);
#697 = PLANE('',#698);
#698 = AXIS2_PLACEMENT_3D('',#699,#700,#701);
#699 = CARTESIAN_POINT('',(2.22,-0.32,-3.));
#700 = DIRECTION('',(0.,1.,0.));
#701 = DIRECTION('',(0.,-0.,1.));
#702 = ADVANCED_FACE('',(#703),#721,.T.);
#703 = FACE_BOUND('',#704,.T.);
#704 = EDGE_LOOP('',(#705,#706,#714,#720));
#705 = ORIENTED_EDGE('',*,*,#675,.F.);
#706 = ORIENTED_EDGE('',*,*,#707,.T.);
#707 = EDGE_CURVE('',#676,#708,#710,.T.);
#708 = VERTEX_POINT('',#709);
#709 = CARTESIAN_POINT('',(2.86,0.32,-2.84));
#710 = LINE('',#711,#712);
#711 = CARTESIAN_POINT('',(2.86,-0.32,-2.84));
#712 = VECTOR('',#713,1.);
#713 = DIRECTION('',(0.,1.,0.));
#714 = ORIENTED_EDGE('',*,*,#715,.T.);
#715 = EDGE_CURVE('',#708,#361,#716,.T.);
#716 = LINE('',#717,#718);
#717 = CARTESIAN_POINT('',(2.86,0.32,-3.));
#718 = VECTOR('',#719,1.);
#719 = DIRECTION('',(0.,0.,1.));
#720 = ORIENTED_EDGE('',*,*,#368,.F.);
#721 = PLANE('',#722);
#722 = AXIS2_PLACEMENT_3D('',#723,#724,#725);
#723 = CARTESIAN_POINT('',(2.86,-0.32,-3.));
#724 = DIRECTION('',(1.,0.,0.));
#725 = DIRECTION('',(0.,0.,1.));
#726 = ADVANCED_FACE('',(#727),#745,.T.);
#727 = FACE_BOUND('',#728,.T.);
#728 = EDGE_LOOP('',(#729,#730,#738,#744));
#729 = ORIENTED_EDGE('',*,*,#715,.F.);
#730 = ORIENTED_EDGE('',*,*,#731,.F.);
#731 = EDGE_CURVE('',#732,#708,#734,.T.);
#732 = VERTEX_POINT('',#733);
#733 = CARTESIAN_POINT('',(2.22,0.32,-2.84));
#734 = LINE('',#735,#736);
#735 = CARTESIAN_POINT('',(2.22,0.32,-2.84));
#736 = VECTOR('',#737,1.);
#737 = DIRECTION('',(1.,0.,0.));
#738 = ORIENTED_EDGE('',*,*,#739,.T.);
#739 = EDGE_CURVE('',#732,#353,#740,.T.);
#740 = LINE('',#741,#742);
#741 = CARTESIAN_POINT('',(2.22,0.32,-3.));
#742 = VECTOR('',#743,1.);
#743 = DIRECTION('',(0.,0.,1.));
#744 = ORIENTED_EDGE('',*,*,#360,.F.);
#745 = PLANE('',#746);
#746 = AXIS2_PLACEMENT_3D('',#747,#748,#749);
#747 = CARTESIAN_POINT('',(2.22,0.32,-3.));
#748 = DIRECTION('',(0.,1.,0.));
#749 = DIRECTION('',(0.,-0.,1.));
#750 = ADVANCED_FACE('',(#751),#762,.F.);
#751 = FACE_BOUND('',#752,.F.);
#752 = EDGE_LOOP('',(#753,#754,#760,#761));
#753 = ORIENTED_EDGE('',*,*,#691,.F.);
#754 = ORIENTED_EDGE('',*,*,#755,.T.);
#755 = EDGE_CURVE('',#684,#732,#756,.T.);
#756 = LINE('',#757,#758);
#757 = CARTESIAN_POINT('',(2.22,-0.32,-2.84));
#758 = VECTOR('',#759,1.);
#759 = DIRECTION('',(0.,1.,0.));
#760 = ORIENTED_EDGE('',*,*,#739,.T.);
#761 = ORIENTED_EDGE('',*,*,#352,.F.);
#762 = PLANE('',#763);
#763 = AXIS2_PLACEMENT_3D('',#764,#765,#766);
#764 = CARTESIAN_POINT('',(2.22,-0.32,-3.));
#765 = DIRECTION('',(1.,0.,0.));
#766 = DIRECTION('',(0.,0.,1.));
#767 = ADVANCED_FACE('',(#768),#793,.T.);
#768 = FACE_BOUND('',#769,.T.);
#769 = EDGE_LOOP('',(#770,#778,#779,#787));
#770 = ORIENTED_EDGE('',*,*,#771,.F.);
#771 = EDGE_CURVE('',#426,#772,#774,.T.);
#772 = VERTEX_POINT('',#773);
#773 = CARTESIAN_POINT('',(0.32,0.32,8.38));
#774 = LINE('',#775,#776);
#775 = CARTESIAN_POINT('',(0.32,0.32,-3.));
#776 = VECTOR('',#777,1.);
#777 = DIRECTION('',(0.,0.,1.));
#778 = ORIENTED_EDGE('',*,*,#425,.T.);
#779 = ORIENTED_EDGE('',*,*,#780,.T.);
#780 = EDGE_CURVE('',#428,#781,#783,.T.);
#781 = VERTEX_POINT('',#782);
#782 = CARTESIAN_POINT('',(-0.32,0.32,8.38));
#783 = LINE('',#784,#785);
#784 = CARTESIAN_POINT('',(-0.32,0.32,-3.));
#785 = VECTOR('',#786,1.);
#786 = DIRECTION('',(0.,0.,1.));
#787 = ORIENTED_EDGE('',*,*,#788,.T.);
#788 = EDGE_CURVE('',#781,#772,#789,.T.);
#789 = LINE('',#790,#791);
#790 = CARTESIAN_POINT('',(-0.32,0.32,8.38));
#791 = VECTOR('',#792,1.);
#792 = DIRECTION('',(1.,0.,0.));
#793 = PLANE('',#794);
#794 = AXIS2_PLACEMENT_3D('',#795,#796,#797);
#795 = CARTESIAN_POINT('',(-0.32,0.32,-3.));
#796 = DIRECTION('',(0.,1.,0.));
#797 = DIRECTION('',(0.,-0.,1.));
#798 = ADVANCED_FACE('',(#799),#817,.F.);
#799 = FACE_BOUND('',#800,.F.);
#800 = EDGE_LOOP('',(#801,#809,#810,#811));
#801 = ORIENTED_EDGE('',*,*,#802,.F.);
#802 = EDGE_CURVE('',#444,#803,#805,.T.);
#803 = VERTEX_POINT('',#804);
#804 = CARTESIAN_POINT('',(-0.32,-0.32,8.38));
#805 = LINE('',#806,#807);
#806 = CARTESIAN_POINT('',(-0.32,-0.32,-3.));
#807 = VECTOR('',#808,1.);
#808 = DIRECTION('',(0.,0.,1.));
#809 = ORIENTED_EDGE('',*,*,#451,.T.);
#810 = ORIENTED_EDGE('',*,*,#780,.T.);
#811 = ORIENTED_EDGE('',*,*,#812,.F.);
#812 = EDGE_CURVE('',#803,#781,#813,.T.);
#813 = LINE('',#814,#815);
#814 = CARTESIAN_POINT('',(-0.32,-0.32,8.38));
#815 = VECTOR('',#816,1.);
#816 = DIRECTION('',(0.,1.,0.));
#817 = PLANE('',#818);
#818 = AXIS2_PLACEMENT_3D('',#819,#820,#821);
#819 = CARTESIAN_POINT('',(-0.32,-0.32,-3.));
#820 = DIRECTION('',(1.,0.,0.));
#821 = DIRECTION('',(0.,0.,1.));
#822 = ADVANCED_FACE('',(#823),#841,.F.);
#823 = FACE_BOUND('',#824,.F.);
#824 = EDGE_LOOP('',(#825,#833,#834,#835));
#825 = ORIENTED_EDGE('',*,*,#826,.F.);
#826 = EDGE_CURVE('',#436,#827,#829,.T.);
#827 = VERTEX_POINT('',#828);
#828 = CARTESIAN_POINT('',(0.32,-0.32,8.38));
#829 = LINE('',#830,#831);
#830 = CARTESIAN_POINT('',(0.32,-0.32,-3.));
#831 = VECTOR('',#832,1.);
#832 = DIRECTION('',(0.,0.,1.));
#833 = ORIENTED_EDGE('',*,*,#443,.T.);
#834 = ORIENTED_EDGE('',*,*,#802,.T.);
#835 = ORIENTED_EDGE('',*,*,#836,.T.);
#836 = EDGE_CURVE('',#803,#827,#837,.T.);
#837 = LINE('',#838,#839);
#838 = CARTESIAN_POINT('',(-0.32,-0.32,8.38));
#839 = VECTOR('',#840,1.);
#840 = DIRECTION('',(1.,0.,0.));
#841 = PLANE('',#842);
#842 = AXIS2_PLACEMENT_3D('',#843,#844,#845);
#843 = CARTESIAN_POINT('',(-0.32,-0.32,-3.));
#844 = DIRECTION('',(0.,1.,0.));
#845 = DIRECTION('',(0.,-0.,1.));
#846 = ADVANCED_FACE('',(#847),#858,.T.);
#847 = FACE_BOUND('',#848,.T.);
#848 = EDGE_LOOP('',(#849,#850,#851,#852));
#849 = ORIENTED_EDGE('',*,*,#826,.F.);
#850 = ORIENTED_EDGE('',*,*,#435,.T.);
#851 = ORIENTED_EDGE('',*,*,#771,.T.);
#852 = ORIENTED_EDGE('',*,*,#853,.F.);
#853 = EDGE_CURVE('',#827,#772,#854,.T.);
#854 = LINE('',#855,#856);
#855 = CARTESIAN_POINT('',(0.32,-0.32,8.38));
#856 = VECTOR('',#857,1.);
#857 = DIRECTION('',(0.,1.,0.));
#858 = PLANE('',#859);
#859 = AXIS2_PLACEMENT_3D('',#860,#861,#862);
#860 = CARTESIAN_POINT('',(0.32,-0.32,-3.));
#861 = DIRECTION('',(1.,0.,0.));
#862 = DIRECTION('',(0.,0.,1.));
#863 = ADVANCED_FACE('',(#864),#889,.F.);
#864 = FACE_BOUND('',#865,.F.);
#865 = EDGE_LOOP('',(#866,#874,#875,#883));
#866 = ORIENTED_EDGE('',*,*,#867,.F.);
#867 = EDGE_CURVE('',#460,#868,#870,.T.);
#868 = VERTEX_POINT('',#869);
#869 = CARTESIAN_POINT('',(2.86,-0.32,8.38));
#870 = LINE('',#871,#872);
#871 = CARTESIAN_POINT('',(2.86,-0.32,-3.));
#872 = VECTOR('',#873,1.);
#873 = DIRECTION('',(0.,0.,1.));
#874 = ORIENTED_EDGE('',*,*,#459,.T.);
#875 = ORIENTED_EDGE('',*,*,#876,.T.);
#876 = EDGE_CURVE('',#462,#877,#879,.T.);
#877 = VERTEX_POINT('',#878);
#878 = CARTESIAN_POINT('',(2.22,-0.32,8.38));
#879 = LINE('',#880,#881);
#880 = CARTESIAN_POINT('',(2.22,-0.32,-3.));
#881 = VECTOR('',#882,1.);
#882 = DIRECTION('',(0.,0.,1.));
#883 = ORIENTED_EDGE('',*,*,#884,.T.);
#884 = EDGE_CURVE('',#877,#868,#885,.T.);
#885 = LINE('',#886,#887);
#886 = CARTESIAN_POINT('',(2.22,-0.32,8.38));
#887 = VECTOR('',#888,1.);
#888 = DIRECTION('',(1.,0.,0.));
#889 = PLANE('',#890);
#890 = AXIS2_PLACEMENT_3D('',#891,#892,#893);
#891 = CARTESIAN_POINT('',(2.22,-0.32,-3.));
#892 = DIRECTION('',(0.,1.,0.));
#893 = DIRECTION('',(0.,-0.,1.));
#894 = ADVANCED_FACE('',(#895),#913,.T.);
#895 = FACE_BOUND('',#896,.T.);
#896 = EDGE_LOOP('',(#897,#898,#899,#907));
#897 = ORIENTED_EDGE('',*,*,#867,.F.);
#898 = ORIENTED_EDGE('',*,*,#485,.T.);
#899 = ORIENTED_EDGE('',*,*,#900,.T.);
#900 = EDGE_CURVE('',#478,#901,#903,.T.);
#901 = VERTEX_POINT('',#902);
#902 = CARTESIAN_POINT('',(2.86,0.32,8.38));
#903 = LINE('',#904,#905);
#904 = CARTESIAN_POINT('',(2.86,0.32,-3.));
#905 = VECTOR('',#906,1.);
#906 = DIRECTION('',(0.,0.,1.));
#907 = ORIENTED_EDGE('',*,*,#908,.F.);
#908 = EDGE_CURVE('',#868,#901,#909,.T.);
#909 = LINE('',#910,#911);
#910 = CARTESIAN_POINT('',(2.86,-0.32,8.38));
#911 = VECTOR('',#912,1.);
#912 = DIRECTION('',(0.,1.,0.));
#913 = PLANE('',#914);
#914 = AXIS2_PLACEMENT_3D('',#915,#916,#917);
#915 = CARTESIAN_POINT('',(2.86,-0.32,-3.));
#916 = DIRECTION('',(1.,0.,0.));
#917 = DIRECTION('',(0.,0.,1.));
#918 = ADVANCED_FACE('',(#919),#937,.T.);
#919 = FACE_BOUND('',#920,.T.);
#920 = EDGE_LOOP('',(#921,#922,#923,#931));
#921 = ORIENTED_EDGE('',*,*,#900,.F.);
#922 = ORIENTED_EDGE('',*,*,#477,.T.);
#923 = ORIENTED_EDGE('',*,*,#924,.T.);
#924 = EDGE_CURVE('',#470,#925,#927,.T.);
#925 = VERTEX_POINT('',#926);
#926 = CARTESIAN_POINT('',(2.22,0.32,8.38));
#927 = LINE('',#928,#929);
#928 = CARTESIAN_POINT('',(2.22,0.32,-3.));
#929 = VECTOR('',#930,1.);
#930 = DIRECTION('',(0.,0.,1.));
#931 = ORIENTED_EDGE('',*,*,#932,.T.);
#932 = EDGE_CURVE('',#925,#901,#933,.T.);
#933 = LINE('',#934,#935);
#934 = CARTESIAN_POINT('',(2.22,0.32,8.38));
#935 = VECTOR('',#936,1.);
#936 = DIRECTION('',(1.,0.,0.));
#937 = PLANE('',#938);
#938 = AXIS2_PLACEMENT_3D('',#939,#940,#941);
#939 = CARTESIAN_POINT('',(2.22,0.32,-3.));
#940 = DIRECTION('',(0.,1.,0.));
#941 = DIRECTION('',(0.,-0.,1.));
#942 = ADVANCED_FACE('',(#943),#954,.F.);
#943 = FACE_BOUND('',#944,.F.);
#944 = EDGE_LOOP('',(#945,#946,#947,#948));
#945 = ORIENTED_EDGE('',*,*,#876,.F.);
#946 = ORIENTED_EDGE('',*,*,#469,.T.);
#947 = ORIENTED_EDGE('',*,*,#924,.T.);
#948 = ORIENTED_EDGE('',*,*,#949,.F.);
#949 = EDGE_CURVE('',#877,#925,#950,.T.);
#950 = LINE('',#951,#952);
#951 = CARTESIAN_POINT('',(2.22,-0.32,8.38));
#952 = VECTOR('',#953,1.);
#953 = DIRECTION('',(0.,1.,0.));
#954 = PLANE('',#955);
#955 = AXIS2_PLACEMENT_3D('',#956,#957,#958);
#956 = CARTESIAN_POINT('',(2.22,-0.32,-3.));
#957 = DIRECTION('',(1.,0.,0.));
#958 = DIRECTION('',(0.,0.,1.));
#959 = ADVANCED_FACE('',(#960),#985,.F.);
#960 = FACE_BOUND('',#961,.T.);
#961 = EDGE_LOOP('',(#962,#970,#971,#979));
#962 = ORIENTED_EDGE('',*,*,#963,.F.);
#963 = EDGE_CURVE('',#588,#964,#966,.T.);
#964 = VERTEX_POINT('',#965);
#965 = CARTESIAN_POINT('',(-0.16,0.16,-3.));
#966 = LINE('',#967,#968);
#967 = CARTESIAN_POINT('',(-0.16,0.16,-3.));
#968 = VECTOR('',#969,1.);
#969 = DIRECTION('',(0.57735026919,-0.57735026919,-0.57735026919));
#970 = ORIENTED_EDGE('',*,*,#587,.T.);
#971 = ORIENTED_EDGE('',*,*,#972,.T.);
#972 = EDGE_CURVE('',#580,#973,#975,.T.);
#973 = VERTEX_POINT('',#974);
#974 = CARTESIAN_POINT('',(0.16,0.16,-3.));
#975 = LINE('',#976,#977);
#976 = CARTESIAN_POINT('',(5.333333333333E-02,5.333333333333E-02,
    -3.106666666667));
#977 = VECTOR('',#978,1.);
#978 = DIRECTION('',(-0.57735026919,-0.57735026919,-0.57735026919));
#979 = ORIENTED_EDGE('',*,*,#980,.F.);
#980 = EDGE_CURVE('',#964,#973,#981,.T.);
#981 = LINE('',#982,#983);
#982 = CARTESIAN_POINT('',(-0.32,0.16,-3.));
#983 = VECTOR('',#984,1.);
#984 = DIRECTION('',(1.,0.,0.));
#985 = PLANE('',#986);
#986 = AXIS2_PLACEMENT_3D('',#987,#988,#989);
#987 = CARTESIAN_POINT('',(-0.32,0.24,-2.92));
#988 = DIRECTION('',(-1.735167508357E-18,-0.707106781187,0.707106781187)
  );
#989 = DIRECTION('',(-1.,1.226948711654E-18,-1.226948711654E-18));
#990 = ADVANCED_FACE('',(#991),#1009,.T.);
#991 = FACE_BOUND('',#992,.T.);
#992 = EDGE_LOOP('',(#993,#1001,#1002,#1003));
#993 = ORIENTED_EDGE('',*,*,#994,.F.);
#994 = EDGE_CURVE('',#611,#995,#997,.T.);
#995 = VERTEX_POINT('',#996);
#996 = CARTESIAN_POINT('',(-0.16,-0.16,-3.));
#997 = LINE('',#998,#999);
#998 = CARTESIAN_POINT('',(-0.266666666667,-0.266666666667,
    -2.893333333333));
#999 = VECTOR('',#1000,1.);
#1000 = DIRECTION('',(0.57735026919,0.57735026919,-0.57735026919));
#1001 = ORIENTED_EDGE('',*,*,#618,.T.);
#1002 = ORIENTED_EDGE('',*,*,#963,.T.);
#1003 = ORIENTED_EDGE('',*,*,#1004,.F.);
#1004 = EDGE_CURVE('',#995,#964,#1005,.T.);
#1005 = LINE('',#1006,#1007);
#1006 = CARTESIAN_POINT('',(-0.16,-0.32,-3.));
#1007 = VECTOR('',#1008,1.);
#1008 = DIRECTION('',(0.,1.,0.));
#1009 = PLANE('',#1010);
#1010 = AXIS2_PLACEMENT_3D('',#1011,#1012,#1013);
#1011 = CARTESIAN_POINT('',(-0.24,-0.32,-2.92));
#1012 = DIRECTION('',(-0.707106781187,-1.735167508357E-18,
    -0.707106781187));
#1013 = DIRECTION('',(-1.226948711654E-18,1.,-1.226948711654E-18));
#1014 = ADVANCED_FACE('',(#1015),#1033,.T.);
#1015 = FACE_BOUND('',#1016,.F.);
#1016 = EDGE_LOOP('',(#1017,#1018,#1019,#1027));
#1017 = ORIENTED_EDGE('',*,*,#994,.F.);
#1018 = ORIENTED_EDGE('',*,*,#642,.T.);
#1019 = ORIENTED_EDGE('',*,*,#1020,.T.);
#1020 = EDGE_CURVE('',#635,#1021,#1023,.T.);
#1021 = VERTEX_POINT('',#1022);
#1022 = CARTESIAN_POINT('',(0.16,-0.16,-3.));
#1023 = LINE('',#1024,#1025);
#1024 = CARTESIAN_POINT('',(0.16,-0.16,-3.));
#1025 = VECTOR('',#1026,1.);
#1026 = DIRECTION('',(-0.57735026919,0.57735026919,-0.57735026919));
#1027 = ORIENTED_EDGE('',*,*,#1028,.F.);
#1028 = EDGE_CURVE('',#995,#1021,#1029,.T.);
#1029 = LINE('',#1030,#1031);
#1030 = CARTESIAN_POINT('',(-0.32,-0.16,-3.));
#1031 = VECTOR('',#1032,1.);
#1032 = DIRECTION('',(1.,0.,0.));
#1033 = PLANE('',#1034);
#1034 = AXIS2_PLACEMENT_3D('',#1035,#1036,#1037);
#1035 = CARTESIAN_POINT('',(-0.32,-0.24,-2.92));
#1036 = DIRECTION('',(1.735167508357E-18,-0.707106781187,-0.707106781187
    ));
#1037 = DIRECTION('',(-1.,-1.226948711654E-18,-1.226948711654E-18));
#1038 = ADVANCED_FACE('',(#1039),#1050,.F.);
#1039 = FACE_BOUND('',#1040,.F.);
#1040 = EDGE_LOOP('',(#1041,#1042,#1043,#1044));
#1041 = ORIENTED_EDGE('',*,*,#1020,.F.);
#1042 = ORIENTED_EDGE('',*,*,#659,.T.);
#1043 = ORIENTED_EDGE('',*,*,#972,.T.);
#1044 = ORIENTED_EDGE('',*,*,#1045,.F.);
#1045 = EDGE_CURVE('',#1021,#973,#1046,.T.);
#1046 = LINE('',#1047,#1048);
#1047 = CARTESIAN_POINT('',(0.16,-0.32,-3.));
#1048 = VECTOR('',#1049,1.);
#1049 = DIRECTION('',(0.,1.,0.));
#1050 = PLANE('',#1051);
#1051 = AXIS2_PLACEMENT_3D('',#1052,#1053,#1054);
#1052 = CARTESIAN_POINT('',(0.24,-0.32,-2.92));
#1053 = DIRECTION('',(-0.707106781187,1.735167508357E-18,0.707106781187)
  );
#1054 = DIRECTION('',(1.226948711654E-18,1.,-1.226948711654E-18));
#1055 = ADVANCED_FACE('',(#1056),#1081,.T.);
#1056 = FACE_BOUND('',#1057,.F.);
#1057 = EDGE_LOOP('',(#1058,#1066,#1067,#1075));
#1058 = ORIENTED_EDGE('',*,*,#1059,.F.);
#1059 = EDGE_CURVE('',#684,#1060,#1062,.T.);
#1060 = VERTEX_POINT('',#1061);
#1061 = CARTESIAN_POINT('',(2.38,-0.16,-3.));
#1062 = LINE('',#1063,#1064);
#1063 = CARTESIAN_POINT('',(2.273333333333,-0.266666666667,
    -2.893333333333));
#1064 = VECTOR('',#1065,1.);
#1065 = DIRECTION('',(0.57735026919,0.57735026919,-0.57735026919));
#1066 = ORIENTED_EDGE('',*,*,#683,.T.);
#1067 = ORIENTED_EDGE('',*,*,#1068,.T.);
#1068 = EDGE_CURVE('',#676,#1069,#1071,.T.);
#1069 = VERTEX_POINT('',#1070);
#1070 = CARTESIAN_POINT('',(2.7,-0.16,-3.));
#1071 = LINE('',#1072,#1073);
#1072 = CARTESIAN_POINT('',(2.7,-0.16,-3.));
#1073 = VECTOR('',#1074,1.);
#1074 = DIRECTION('',(-0.57735026919,0.57735026919,-0.57735026919));
#1075 = ORIENTED_EDGE('',*,*,#1076,.F.);
#1076 = EDGE_CURVE('',#1060,#1069,#1077,.T.);
#1077 = LINE('',#1078,#1079);
#1078 = CARTESIAN_POINT('',(2.22,-0.16,-3.));
#1079 = VECTOR('',#1080,1.);
#1080 = DIRECTION('',(1.,0.,0.));
#1081 = PLANE('',#1082);
#1082 = AXIS2_PLACEMENT_3D('',#1083,#1084,#1085);
#1083 = CARTESIAN_POINT('',(2.22,-0.24,-2.92));
#1084 = DIRECTION('',(1.735167508357E-18,-0.707106781187,-0.707106781187
    ));
#1085 = DIRECTION('',(-1.,-1.226948711654E-18,-1.226948711654E-18));
#1086 = ADVANCED_FACE('',(#1087),#1105,.F.);
#1087 = FACE_BOUND('',#1088,.F.);
#1088 = EDGE_LOOP('',(#1089,#1090,#1091,#1099));
#1089 = ORIENTED_EDGE('',*,*,#1068,.F.);
#1090 = ORIENTED_EDGE('',*,*,#707,.T.);
#1091 = ORIENTED_EDGE('',*,*,#1092,.T.);
#1092 = EDGE_CURVE('',#708,#1093,#1095,.T.);
#1093 = VERTEX_POINT('',#1094);
#1094 = CARTESIAN_POINT('',(2.7,0.16,-3.));
#1095 = LINE('',#1096,#1097);
#1096 = CARTESIAN_POINT('',(2.593333333333,5.333333333333E-02,
    -3.106666666667));
#1097 = VECTOR('',#1098,1.);
#1098 = DIRECTION('',(-0.57735026919,-0.57735026919,-0.57735026919));
#1099 = ORIENTED_EDGE('',*,*,#1100,.F.);
#1100 = EDGE_CURVE('',#1069,#1093,#1101,.T.);
#1101 = LINE('',#1102,#1103);
#1102 = CARTESIAN_POINT('',(2.7,-0.32,-3.));
#1103 = VECTOR('',#1104,1.);
#1104 = DIRECTION('',(0.,1.,0.));
#1105 = PLANE('',#1106);
#1106 = AXIS2_PLACEMENT_3D('',#1107,#1108,#1109);
#1107 = CARTESIAN_POINT('',(2.78,-0.32,-2.92));
#1108 = DIRECTION('',(-0.707106781187,1.735167508357E-18,0.707106781187)
  );
#1109 = DIRECTION('',(1.226948711654E-18,1.,-1.226948711654E-18));
#1110 = ADVANCED_FACE('',(#1111),#1129,.F.);
#1111 = FACE_BOUND('',#1112,.T.);
#1112 = EDGE_LOOP('',(#1113,#1121,#1122,#1123));
#1113 = ORIENTED_EDGE('',*,*,#1114,.F.);
#1114 = EDGE_CURVE('',#732,#1115,#1117,.T.);
#1115 = VERTEX_POINT('',#1116);
#1116 = CARTESIAN_POINT('',(2.38,0.16,-3.));
#1117 = LINE('',#1118,#1119);
#1118 = CARTESIAN_POINT('',(2.38,0.16,-3.));
#1119 = VECTOR('',#1120,1.);
#1120 = DIRECTION('',(0.57735026919,-0.57735026919,-0.57735026919));
#1121 = ORIENTED_EDGE('',*,*,#731,.T.);
#1122 = ORIENTED_EDGE('',*,*,#1092,.T.);
#1123 = ORIENTED_EDGE('',*,*,#1124,.F.);
#1124 = EDGE_CURVE('',#1115,#1093,#1125,.T.);
#1125 = LINE('',#1126,#1127);
#1126 = CARTESIAN_POINT('',(2.22,0.16,-3.));
#1127 = VECTOR('',#1128,1.);
#1128 = DIRECTION('',(1.,0.,0.));
#1129 = PLANE('',#1130);
#1130 = AXIS2_PLACEMENT_3D('',#1131,#1132,#1133);
#1131 = CARTESIAN_POINT('',(2.22,0.24,-2.92));
#1132 = DIRECTION('',(-1.735167508357E-18,-0.707106781187,0.707106781187
    ));
#1133 = DIRECTION('',(-1.,1.226948711654E-18,-1.226948711654E-18));
#1134 = ADVANCED_FACE('',(#1135),#1146,.T.);
#1135 = FACE_BOUND('',#1136,.T.);
#1136 = EDGE_LOOP('',(#1137,#1138,#1139,#1140));
#1137 = ORIENTED_EDGE('',*,*,#1059,.F.);
#1138 = ORIENTED_EDGE('',*,*,#755,.T.);
#1139 = ORIENTED_EDGE('',*,*,#1114,.T.);
#1140 = ORIENTED_EDGE('',*,*,#1141,.F.);
#1141 = EDGE_CURVE('',#1060,#1115,#1142,.T.);
#1142 = LINE('',#1143,#1144);
#1143 = CARTESIAN_POINT('',(2.38,-0.32,-3.));
#1144 = VECTOR('',#1145,1.);
#1145 = DIRECTION('',(0.,1.,0.));
#1146 = PLANE('',#1147);
#1147 = AXIS2_PLACEMENT_3D('',#1148,#1149,#1150);
#1148 = CARTESIAN_POINT('',(2.3,-0.32,-2.92));
#1149 = DIRECTION('',(-0.707106781187,-1.735167508357E-18,
    -0.707106781187));
#1150 = DIRECTION('',(-1.226948711654E-18,1.,-1.226948711654E-18));
#1151 = ADVANCED_FACE('',(#1152),#1177,.T.);
#1152 = FACE_BOUND('',#1153,.F.);
#1153 = EDGE_LOOP('',(#1154,#1162,#1163,#1171));
#1154 = ORIENTED_EDGE('',*,*,#1155,.F.);
#1155 = EDGE_CURVE('',#781,#1156,#1158,.T.);
#1156 = VERTEX_POINT('',#1157);
#1157 = CARTESIAN_POINT('',(-0.16,0.16,8.54));
#1158 = LINE('',#1159,#1160);
#1159 = CARTESIAN_POINT('',(-0.16,0.16,8.54));
#1160 = VECTOR('',#1161,1.);
#1161 = DIRECTION('',(0.57735026919,-0.57735026919,0.57735026919));
#1162 = ORIENTED_EDGE('',*,*,#788,.T.);
#1163 = ORIENTED_EDGE('',*,*,#1164,.T.);
#1164 = EDGE_CURVE('',#772,#1165,#1167,.T.);
#1165 = VERTEX_POINT('',#1166);
#1166 = CARTESIAN_POINT('',(0.16,0.16,8.54));
#1167 = LINE('',#1168,#1169);
#1168 = CARTESIAN_POINT('',(5.333333333333E-02,5.333333333333E-02,
    8.646666666667));
#1169 = VECTOR('',#1170,1.);
#1170 = DIRECTION('',(-0.57735026919,-0.57735026919,0.57735026919));
#1171 = ORIENTED_EDGE('',*,*,#1172,.F.);
#1172 = EDGE_CURVE('',#1156,#1165,#1173,.T.);
#1173 = LINE('',#1174,#1175);
#1174 = CARTESIAN_POINT('',(-0.32,0.16,8.54));
#1175 = VECTOR('',#1176,1.);
#1176 = DIRECTION('',(1.,0.,0.));
#1177 = PLANE('',#1178);
#1178 = AXIS2_PLACEMENT_3D('',#1179,#1180,#1181);
#1179 = CARTESIAN_POINT('',(-0.32,0.24,8.46));
#1180 = DIRECTION('',(1.735167508357E-18,0.707106781187,0.707106781187)
  );
#1181 = DIRECTION('',(-1.,1.226948711654E-18,1.226948711654E-18));
#1182 = ADVANCED_FACE('',(#1183),#1201,.F.);
#1183 = FACE_BOUND('',#1184,.F.);
#1184 = EDGE_LOOP('',(#1185,#1193,#1194,#1195));
#1185 = ORIENTED_EDGE('',*,*,#1186,.F.);
#1186 = EDGE_CURVE('',#803,#1187,#1189,.T.);
#1187 = VERTEX_POINT('',#1188);
#1188 = CARTESIAN_POINT('',(-0.16,-0.16,8.54));
#1189 = LINE('',#1190,#1191);
#1190 = CARTESIAN_POINT('',(-0.266666666667,-0.266666666667,
    8.433333333333));
#1191 = VECTOR('',#1192,1.);
#1192 = DIRECTION('',(0.57735026919,0.57735026919,0.57735026919));
#1193 = ORIENTED_EDGE('',*,*,#812,.T.);
#1194 = ORIENTED_EDGE('',*,*,#1155,.T.);
#1195 = ORIENTED_EDGE('',*,*,#1196,.F.);
#1196 = EDGE_CURVE('',#1187,#1156,#1197,.T.);
#1197 = LINE('',#1198,#1199);
#1198 = CARTESIAN_POINT('',(-0.16,-0.32,8.54));
#1199 = VECTOR('',#1200,1.);
#1200 = DIRECTION('',(0.,1.,0.));
#1201 = PLANE('',#1202);
#1202 = AXIS2_PLACEMENT_3D('',#1203,#1204,#1205);
#1203 = CARTESIAN_POINT('',(-0.24,-0.32,8.46));
#1204 = DIRECTION('',(0.707106781187,1.735167508357E-18,-0.707106781187)
  );
#1205 = DIRECTION('',(-1.226948711654E-18,1.,1.226948711654E-18));
#1206 = ADVANCED_FACE('',(#1207),#1225,.F.);
#1207 = FACE_BOUND('',#1208,.T.);
#1208 = EDGE_LOOP('',(#1209,#1210,#1211,#1219));
#1209 = ORIENTED_EDGE('',*,*,#1186,.F.);
#1210 = ORIENTED_EDGE('',*,*,#836,.T.);
#1211 = ORIENTED_EDGE('',*,*,#1212,.T.);
#1212 = EDGE_CURVE('',#827,#1213,#1215,.T.);
#1213 = VERTEX_POINT('',#1214);
#1214 = CARTESIAN_POINT('',(0.16,-0.16,8.54));
#1215 = LINE('',#1216,#1217);
#1216 = CARTESIAN_POINT('',(0.16,-0.16,8.54));
#1217 = VECTOR('',#1218,1.);
#1218 = DIRECTION('',(-0.57735026919,0.57735026919,0.57735026919));
#1219 = ORIENTED_EDGE('',*,*,#1220,.F.);
#1220 = EDGE_CURVE('',#1187,#1213,#1221,.T.);
#1221 = LINE('',#1222,#1223);
#1222 = CARTESIAN_POINT('',(-0.32,-0.16,8.54));
#1223 = VECTOR('',#1224,1.);
#1224 = DIRECTION('',(1.,0.,0.));
#1225 = PLANE('',#1226);
#1226 = AXIS2_PLACEMENT_3D('',#1227,#1228,#1229);
#1227 = CARTESIAN_POINT('',(-0.32,-0.24,8.46));
#1228 = DIRECTION('',(-1.735167508357E-18,0.707106781187,-0.707106781187
    ));
#1229 = DIRECTION('',(-1.,-1.226948711654E-18,1.226948711654E-18));
#1230 = ADVANCED_FACE('',(#1231),#1242,.T.);
#1231 = FACE_BOUND('',#1232,.T.);
#1232 = EDGE_LOOP('',(#1233,#1234,#1235,#1236));
#1233 = ORIENTED_EDGE('',*,*,#1212,.F.);
#1234 = ORIENTED_EDGE('',*,*,#853,.T.);
#1235 = ORIENTED_EDGE('',*,*,#1164,.T.);
#1236 = ORIENTED_EDGE('',*,*,#1237,.F.);
#1237 = EDGE_CURVE('',#1213,#1165,#1238,.T.);
#1238 = LINE('',#1239,#1240);
#1239 = CARTESIAN_POINT('',(0.16,-0.32,8.54));
#1240 = VECTOR('',#1241,1.);
#1241 = DIRECTION('',(0.,1.,0.));
#1242 = PLANE('',#1243);
#1243 = AXIS2_PLACEMENT_3D('',#1244,#1245,#1246);
#1244 = CARTESIAN_POINT('',(0.24,-0.32,8.46));
#1245 = DIRECTION('',(0.707106781187,-1.735167508357E-18,0.707106781187)
  );
#1246 = DIRECTION('',(1.226948711654E-18,1.,1.226948711654E-18));
#1247 = ADVANCED_FACE('',(#1248),#1273,.F.);
#1248 = FACE_BOUND('',#1249,.T.);
#1249 = EDGE_LOOP('',(#1250,#1258,#1259,#1267));
#1250 = ORIENTED_EDGE('',*,*,#1251,.F.);
#1251 = EDGE_CURVE('',#877,#1252,#1254,.T.);
#1252 = VERTEX_POINT('',#1253);
#1253 = CARTESIAN_POINT('',(2.38,-0.16,8.54));
#1254 = LINE('',#1255,#1256);
#1255 = CARTESIAN_POINT('',(2.273333333333,-0.266666666667,
    8.433333333333));
#1256 = VECTOR('',#1257,1.);
#1257 = DIRECTION('',(0.57735026919,0.57735026919,0.57735026919));
#1258 = ORIENTED_EDGE('',*,*,#884,.T.);
#1259 = ORIENTED_EDGE('',*,*,#1260,.T.);
#1260 = EDGE_CURVE('',#868,#1261,#1263,.T.);
#1261 = VERTEX_POINT('',#1262);
#1262 = CARTESIAN_POINT('',(2.7,-0.16,8.54));
#1263 = LINE('',#1264,#1265);
#1264 = CARTESIAN_POINT('',(2.7,-0.16,8.54));
#1265 = VECTOR('',#1266,1.);
#1266 = DIRECTION('',(-0.57735026919,0.57735026919,0.57735026919));
#1267 = ORIENTED_EDGE('',*,*,#1268,.F.);
#1268 = EDGE_CURVE('',#1252,#1261,#1269,.T.);
#1269 = LINE('',#1270,#1271);
#1270 = CARTESIAN_POINT('',(2.22,-0.16,8.54));
#1271 = VECTOR('',#1272,1.);
#1272 = DIRECTION('',(1.,0.,0.));
#1273 = PLANE('',#1274);
#1274 = AXIS2_PLACEMENT_3D('',#1275,#1276,#1277);
#1275 = CARTESIAN_POINT('',(2.22,-0.24,8.46));
#1276 = DIRECTION('',(-1.735167508357E-18,0.707106781187,-0.707106781187
    ));
#1277 = DIRECTION('',(-1.,-1.226948711654E-18,1.226948711654E-18));
#1278 = ADVANCED_FACE('',(#1279),#1297,.T.);
#1279 = FACE_BOUND('',#1280,.T.);
#1280 = EDGE_LOOP('',(#1281,#1282,#1283,#1291));
#1281 = ORIENTED_EDGE('',*,*,#1260,.F.);
#1282 = ORIENTED_EDGE('',*,*,#908,.T.);
#1283 = ORIENTED_EDGE('',*,*,#1284,.T.);
#1284 = EDGE_CURVE('',#901,#1285,#1287,.T.);
#1285 = VERTEX_POINT('',#1286);
#1286 = CARTESIAN_POINT('',(2.7,0.16,8.54));
#1287 = LINE('',#1288,#1289);
#1288 = CARTESIAN_POINT('',(2.593333333333,5.333333333333E-02,
    8.646666666667));
#1289 = VECTOR('',#1290,1.);
#1290 = DIRECTION('',(-0.57735026919,-0.57735026919,0.57735026919));
#1291 = ORIENTED_EDGE('',*,*,#1292,.F.);
#1292 = EDGE_CURVE('',#1261,#1285,#1293,.T.);
#1293 = LINE('',#1294,#1295);
#1294 = CARTESIAN_POINT('',(2.7,-0.32,8.54));
#1295 = VECTOR('',#1296,1.);
#1296 = DIRECTION('',(0.,1.,0.));
#1297 = PLANE('',#1298);
#1298 = AXIS2_PLACEMENT_3D('',#1299,#1300,#1301);
#1299 = CARTESIAN_POINT('',(2.78,-0.32,8.46));
#1300 = DIRECTION('',(0.707106781187,-1.735167508357E-18,0.707106781187)
  );
#1301 = DIRECTION('',(1.226948711654E-18,1.,1.226948711654E-18));
#1302 = ADVANCED_FACE('',(#1303),#1321,.T.);
#1303 = FACE_BOUND('',#1304,.F.);
#1304 = EDGE_LOOP('',(#1305,#1313,#1314,#1315));
#1305 = ORIENTED_EDGE('',*,*,#1306,.F.);
#1306 = EDGE_CURVE('',#925,#1307,#1309,.T.);
#1307 = VERTEX_POINT('',#1308);
#1308 = CARTESIAN_POINT('',(2.38,0.16,8.54));
#1309 = LINE('',#1310,#1311);
#1310 = CARTESIAN_POINT('',(2.38,0.16,8.54));
#1311 = VECTOR('',#1312,1.);
#1312 = DIRECTION('',(0.57735026919,-0.57735026919,0.57735026919));
#1313 = ORIENTED_EDGE('',*,*,#932,.T.);
#1314 = ORIENTED_EDGE('',*,*,#1284,.T.);
#1315 = ORIENTED_EDGE('',*,*,#1316,.F.);
#1316 = EDGE_CURVE('',#1307,#1285,#1317,.T.);
#1317 = LINE('',#1318,#1319);
#1318 = CARTESIAN_POINT('',(2.22,0.16,8.54));
#1319 = VECTOR('',#1320,1.);
#1320 = DIRECTION('',(1.,0.,0.));
#1321 = PLANE('',#1322);
#1322 = AXIS2_PLACEMENT_3D('',#1323,#1324,#1325);
#1323 = CARTESIAN_POINT('',(2.22,0.24,8.46));
#1324 = DIRECTION('',(1.735167508357E-18,0.707106781187,0.707106781187)
  );
#1325 = DIRECTION('',(-1.,1.226948711654E-18,1.226948711654E-18));
#1326 = ADVANCED_FACE('',(#1327),#1338,.F.);
#1327 = FACE_BOUND('',#1328,.F.);
#1328 = EDGE_LOOP('',(#1329,#1330,#1331,#1332));
#1329 = ORIENTED_EDGE('',*,*,#1251,.F.);
#1330 = ORIENTED_EDGE('',*,*,#949,.T.);
#1331 = ORIENTED_EDGE('',*,*,#1306,.T.);
#1332 = ORIENTED_EDGE('',*,*,#1333,.F.);
#1333 = EDGE_CURVE('',#1252,#1307,#1334,.T.);
#1334 = LINE('',#1335,#1336);
#1335 = CARTESIAN_POINT('',(2.38,-0.32,8.54));
#1336 = VECTOR('',#1337,1.);
#1337 = DIRECTION('',(0.,1.,0.));
#1338 = PLANE('',#1339);
#1339 = AXIS2_PLACEMENT_3D('',#1340,#1341,#1342);
#1340 = CARTESIAN_POINT('',(2.3,-0.32,8.46));
#1341 = DIRECTION('',(0.707106781187,1.735167508357E-18,-0.707106781187)
  );
#1342 = DIRECTION('',(-1.226948711654E-18,1.,1.226948711654E-18));
#1343 = ADVANCED_FACE('',(#1344),#1350,.F.);
#1344 = FACE_BOUND('',#1345,.F.);
#1345 = EDGE_LOOP('',(#1346,#1347,#1348,#1349));
#1346 = ORIENTED_EDGE('',*,*,#1004,.F.);
#1347 = ORIENTED_EDGE('',*,*,#1028,.T.);
#1348 = ORIENTED_EDGE('',*,*,#1045,.T.);
#1349 = ORIENTED_EDGE('',*,*,#980,.F.);
#1350 = PLANE('',#1351);
#1351 = AXIS2_PLACEMENT_3D('',#1352,#1353,#1354);
#1352 = CARTESIAN_POINT('',(-0.32,-0.32,-3.));
#1353 = DIRECTION('',(0.,0.,1.));
#1354 = DIRECTION('',(1.,0.,-0.));
#1355 = ADVANCED_FACE('',(#1356),#1362,.F.);
#1356 = FACE_BOUND('',#1357,.F.);
#1357 = EDGE_LOOP('',(#1358,#1359,#1360,#1361));
#1358 = ORIENTED_EDGE('',*,*,#1141,.F.);
#1359 = ORIENTED_EDGE('',*,*,#1076,.T.);
#1360 = ORIENTED_EDGE('',*,*,#1100,.T.);
#1361 = ORIENTED_EDGE('',*,*,#1124,.F.);
#1362 = PLANE('',#1363);
#1363 = AXIS2_PLACEMENT_3D('',#1364,#1365,#1366);
#1364 = CARTESIAN_POINT('',(2.22,-0.32,-3.));
#1365 = DIRECTION('',(0.,0.,1.));
#1366 = DIRECTION('',(1.,0.,-0.));
#1367 = ADVANCED_FACE('',(#1368),#1374,.T.);
#1368 = FACE_BOUND('',#1369,.T.);
#1369 = EDGE_LOOP('',(#1370,#1371,#1372,#1373));
#1370 = ORIENTED_EDGE('',*,*,#1220,.T.);
#1371 = ORIENTED_EDGE('',*,*,#1237,.T.);
#1372 = ORIENTED_EDGE('',*,*,#1172,.F.);
#1373 = ORIENTED_EDGE('',*,*,#1196,.F.);
#1374 = PLANE('',#1375);
#1375 = AXIS2_PLACEMENT_3D('',#1376,#1377,#1378);
#1376 = CARTESIAN_POINT('',(-0.32,-0.32,8.54));
#1377 = DIRECTION('',(0.,0.,1.));
#1378 = DIRECTION('',(1.,0.,-0.));
#1379 = ADVANCED_FACE('',(#1380),#1386,.T.);
#1380 = FACE_BOUND('',#1381,.T.);
#1381 = EDGE_LOOP('',(#1382,#1383,#1384,#1385));
#1382 = ORIENTED_EDGE('',*,*,#1268,.T.);
#1383 = ORIENTED_EDGE('',*,*,#1292,.T.);
#1384 = ORIENTED_EDGE('',*,*,#1316,.F.);
#1385 = ORIENTED_EDGE('',*,*,#1333,.F.);
#1386 = PLANE('',#1387);
#1387 = AXIS2_PLACEMENT_3D('',#1388,#1389,#1390);
#1388 = CARTESIAN_POINT('',(2.22,-0.32,8.54));
#1389 = DIRECTION('',(0.,0.,1.));
#1390 = DIRECTION('',(1.,0.,-0.));
#1391 = ( GEOMETRIC_REPRESENTATION_CONTEXT(3) 
GLOBAL_UNCERTAINTY_ASSIGNED_CONTEXT((#1395)) 
GLOBAL_UNIT_ASSIGNED_CONTEXT((#1392,#1393,#1394)) REPRESENTATION_CONTEXT
('Context #1','3D Context with UNIT and UNCERTAINTY') );
#1392 = ( LENGTH_UNIT() NAMED_UNIT(*) SI_UNIT(.MILLI.,.METRE.) );
#1393 = ( NAMED_UNIT(*) PLANE_ANGLE_UNIT() SI_UNIT($,.RADIAN.) );
#1394 = ( NAMED_UNIT(*) SI_UNIT($,.STERADIAN.) SOLID_ANGLE_UNIT() );
#1395 = UNCERTAINTY_MEASURE_WITH_UNIT(LENGTH_MEASURE(1.E-07),#1392,
  'distance_accuracy_value','confusion accuracy');
#1396 = CONTEXT_DEPENDENT_SHAPE_REPRESENTATION(#1397,#1399);
#1397 = ( REPRESENTATION_RELATIONSHIP('','',#156,#10) 
REPRESENTATION_RELATIONSHIP_WITH_TRANSFORMATION(#1398) 
SHAPE_REPRESENTATION_RELATIONSHIP() );
#1398 = ITEM_DEFINED_TRANSFORMATION('','',#11,#15);
#1399 = PRODUCT_DEFINITION_SHAPE('Placement','Placement of an item',
  #1400);
#1400 = NEXT_ASSEMBLY_USAGE_OCCURRENCE('1','J6','',#5,#151,$);
#1401 = PRODUCT_RELATED_PRODUCT_CATEGORY('part',$,(#153));
#1402 = CONTEXT_DEPENDENT_SHAPE_REPRESENTATION(#1403,#1405);
#1403 = ( REPRESENTATION_RELATIONSHIP('','',#156,#10) 
REPRESENTATION_RELATIONSHIP_WITH_TRANSFORMATION(#1404) 
SHAPE_REPRESENTATION_RELATIONSHIP() );
#1404 = ITEM_DEFINED_TRANSFORMATION('','',#11,#19);
#1405 = PRODUCT_DEFINITION_SHAPE('Placement','Placement of an item',
  #1406);
#1406 = NEXT_ASSEMBLY_USAGE_OCCURRENCE('2','J5','',#5,#151,$);
#1407 = CONTEXT_DEPENDENT_SHAPE_REPRESENTATION(#1408,#1410);
#1408 = ( REPRESENTATION_RELATIONSHIP('','',#156,#10) 
REPRESENTATION_RELATIONSHIP_WITH_TRANSFORMATION(#1409) 
SHAPE_REPRESENTATION_RELATIONSHIP() );
#1409 = ITEM_DEFINED_TRANSFORMATION('','',#11,#23);
#1410 = PRODUCT_DEFINITION_SHAPE('Placement','Placement of an item',
  #1411);
#1411 = NEXT_ASSEMBLY_USAGE_OCCURRENCE('3','J7','',#5,#151,$);
#1412 = SHAPE_DEFINITION_REPRESENTATION(#1413,#1419);
#1413 = PRODUCT_DEFINITION_SHAPE('','',#1414);
#1414 = PRODUCT_DEFINITION('design','',#1415,#1418);
#1415 = PRODUCT_DEFINITION_FORMATION('','',#1416);
#1416 = PRODUCT('PinHeader_2x03_P2.54mm_Vertical',
  'PinHeader_2x03_P2.54mm_Vertical','',(#1417));
#1417 = PRODUCT_CONTEXT('',#2,'mechanical');
#1418 = PRODUCT_DEFINITION_CONTEXT('part definition',#2,'design');
#1419 = ADVANCED_BREP_SHAPE_REPRESENTATION('',(#11,#1420),#4954);
#1420 = MANIFOLD_SOLID_BREP('',#1421);
#1421 = CLOSED_SHELL('',(#1422,#1462,#1493,#1524,#1873,#2222,#2239,#2256
    ,#2273,#2290,#2307,#2324,#2341,#2358,#2375,#2392,#2409,#2426,#2443,
    #2460,#2477,#2494,#2506,#2537,#2561,#2585,#2602,#2633,#2657,#2681,
    #2698,#2729,#2753,#2777,#2794,#2825,#2849,#2873,#2890,#2921,#2945,
    #2969,#2986,#3017,#3041,#3065,#3082,#3113,#3137,#3161,#3178,#3209,
    #3233,#3257,#3274,#3305,#3329,#3353,#3370,#3401,#3425,#3449,#3466,
    #3497,#3521,#3545,#3562,#3593,#3617,#3641,#3658,#3689,#3713,#3737,
    #3754,#3785,#3809,#3833,#3850,#3881,#3905,#3929,#3946,#3977,#4001,
    #4025,#4042,#4073,#4097,#4121,#4138,#4169,#4193,#4217,#4234,#4265,
    #4289,#4313,#4330,#4361,#4385,#4409,#4426,#4457,#4481,#4505,#4522,
    #4553,#4577,#4601,#4618,#4649,#4673,#4697,#4714,#4745,#4769,#4793,
    #4810,#4822,#4834,#4846,#4858,#4870,#4882,#4894,#4906,#4918,#4930,
    #4942));
#1422 = ADVANCED_FACE('',(#1423),#1457,.F.);
#1423 = FACE_BOUND('',#1424,.F.);
#1424 = EDGE_LOOP('',(#1425,#1435,#1443,#1451));
#1425 = ORIENTED_EDGE('',*,*,#1426,.T.);
#1426 = EDGE_CURVE('',#1427,#1429,#1431,.T.);
#1427 = VERTEX_POINT('',#1428);
#1428 = CARTESIAN_POINT('',(-1.016,1.27,0.));
#1429 = VERTEX_POINT('',#1430);
#1430 = CARTESIAN_POINT('',(-1.016,1.27,2.54));
#1431 = LINE('',#1432,#1433);
#1432 = CARTESIAN_POINT('',(-1.016,1.27,0.));
#1433 = VECTOR('',#1434,1.);
#1434 = DIRECTION('',(0.,0.,1.));
#1435 = ORIENTED_EDGE('',*,*,#1436,.T.);
#1436 = EDGE_CURVE('',#1429,#1437,#1439,.T.);
#1437 = VERTEX_POINT('',#1438);
#1438 = CARTESIAN_POINT('',(-1.27,1.016,2.54));
#1439 = LINE('',#1440,#1441);
#1440 = CARTESIAN_POINT('',(-1.016,1.27,2.54));
#1441 = VECTOR('',#1442,1.);
#1442 = DIRECTION('',(-0.707106781187,-0.707106781187,0.));
#1443 = ORIENTED_EDGE('',*,*,#1444,.F.);
#1444 = EDGE_CURVE('',#1445,#1437,#1447,.T.);
#1445 = VERTEX_POINT('',#1446);
#1446 = CARTESIAN_POINT('',(-1.27,1.016,0.));
#1447 = LINE('',#1448,#1449);
#1448 = CARTESIAN_POINT('',(-1.27,1.016,0.));
#1449 = VECTOR('',#1450,1.);
#1450 = DIRECTION('',(0.,0.,1.));
#1451 = ORIENTED_EDGE('',*,*,#1452,.F.);
#1452 = EDGE_CURVE('',#1427,#1445,#1453,.T.);
#1453 = LINE('',#1454,#1455);
#1454 = CARTESIAN_POINT('',(-1.016,1.27,0.));
#1455 = VECTOR('',#1456,1.);
#1456 = DIRECTION('',(-0.707106781187,-0.707106781187,0.));
#1457 = PLANE('',#1458);
#1458 = AXIS2_PLACEMENT_3D('',#1459,#1460,#1461);
#1459 = CARTESIAN_POINT('',(-1.016,1.27,0.));
#1460 = DIRECTION('',(0.707106781187,-0.707106781187,0.));
#1461 = DIRECTION('',(-0.707106781187,-0.707106781187,0.));
#1462 = ADVANCED_FACE('',(#1463),#1488,.F.);
#1463 = FACE_BOUND('',#1464,.F.);
#1464 = EDGE_LOOP('',(#1465,#1475,#1481,#1482));
#1465 = ORIENTED_EDGE('',*,*,#1466,.T.);
#1466 = EDGE_CURVE('',#1467,#1469,#1471,.T.);
#1467 = VERTEX_POINT('',#1468);
#1468 = CARTESIAN_POINT('',(3.556,1.27,0.));
#1469 = VERTEX_POINT('',#1470);
#1470 = CARTESIAN_POINT('',(3.556,1.27,2.54));
#1471 = LINE('',#1472,#1473);
#1472 = CARTESIAN_POINT('',(3.556,1.27,0.));
#1473 = VECTOR('',#1474,1.);
#1474 = DIRECTION('',(0.,0.,1.));
#1475 = ORIENTED_EDGE('',*,*,#1476,.T.);
#1476 = EDGE_CURVE('',#1469,#1429,#1477,.T.);
#1477 = LINE('',#1478,#1479);
#1478 = CARTESIAN_POINT('',(3.556,1.27,2.54));
#1479 = VECTOR('',#1480,1.);
#1480 = DIRECTION('',(-1.,0.,0.));
#1481 = ORIENTED_EDGE('',*,*,#1426,.F.);
#1482 = ORIENTED_EDGE('',*,*,#1483,.F.);
#1483 = EDGE_CURVE('',#1467,#1427,#1484,.T.);
#1484 = LINE('',#1485,#1486);
#1485 = CARTESIAN_POINT('',(3.556,1.27,0.));
#1486 = VECTOR('',#1487,1.);
#1487 = DIRECTION('',(-1.,0.,0.));
#1488 = PLANE('',#1489);
#1489 = AXIS2_PLACEMENT_3D('',#1490,#1491,#1492);
#1490 = CARTESIAN_POINT('',(3.556,1.27,0.));
#1491 = DIRECTION('',(0.,-1.,0.));
#1492 = DIRECTION('',(-1.,0.,0.));
#1493 = ADVANCED_FACE('',(#1494),#1519,.F.);
#1494 = FACE_BOUND('',#1495,.F.);
#1495 = EDGE_LOOP('',(#1496,#1497,#1505,#1513));
#1496 = ORIENTED_EDGE('',*,*,#1444,.T.);
#1497 = ORIENTED_EDGE('',*,*,#1498,.T.);
#1498 = EDGE_CURVE('',#1437,#1499,#1501,.T.);
#1499 = VERTEX_POINT('',#1500);
#1500 = CARTESIAN_POINT('',(-1.27,-1.016,2.54));
#1501 = LINE('',#1502,#1503);
#1502 = CARTESIAN_POINT('',(-1.27,1.016,2.54));
#1503 = VECTOR('',#1504,1.);
#1504 = DIRECTION('',(0.,-1.,0.));
#1505 = ORIENTED_EDGE('',*,*,#1506,.F.);
#1506 = EDGE_CURVE('',#1507,#1499,#1509,.T.);
#1507 = VERTEX_POINT('',#1508);
#1508 = CARTESIAN_POINT('',(-1.27,-1.016,0.));
#1509 = LINE('',#1510,#1511);
#1510 = CARTESIAN_POINT('',(-1.27,-1.016,0.));
#1511 = VECTOR('',#1512,1.);
#1512 = DIRECTION('',(0.,0.,1.));
#1513 = ORIENTED_EDGE('',*,*,#1514,.F.);
#1514 = EDGE_CURVE('',#1445,#1507,#1515,.T.);
#1515 = LINE('',#1516,#1517);
#1516 = CARTESIAN_POINT('',(-1.27,1.016,0.));
#1517 = VECTOR('',#1518,1.);
#1518 = DIRECTION('',(0.,-1.,0.));
#1519 = PLANE('',#1520);
#1520 = AXIS2_PLACEMENT_3D('',#1521,#1522,#1523);
#1521 = CARTESIAN_POINT('',(-1.27,1.016,0.));
#1522 = DIRECTION('',(1.,0.,0.));
#1523 = DIRECTION('',(0.,-1.,0.));
#1524 = ADVANCED_FACE('',(#1525,#1664,#1698,#1732,#1766,#1800,#1834),
  #1868,.F.);
#1525 = FACE_BOUND('',#1526,.F.);
#1526 = EDGE_LOOP('',(#1527,#1528,#1529,#1537,#1545,#1553,#1561,#1569,
    #1577,#1585,#1593,#1601,#1609,#1617,#1625,#1633,#1641,#1649,#1657,
    #1663));
#1527 = ORIENTED_EDGE('',*,*,#1452,.T.);
#1528 = ORIENTED_EDGE('',*,*,#1514,.T.);
#1529 = ORIENTED_EDGE('',*,*,#1530,.T.);
#1530 = EDGE_CURVE('',#1507,#1531,#1533,.T.);
#1531 = VERTEX_POINT('',#1532);
#1532 = CARTESIAN_POINT('',(-1.016,-1.27,0.));
#1533 = LINE('',#1534,#1535);
#1534 = CARTESIAN_POINT('',(-1.27,-1.016,0.));
#1535 = VECTOR('',#1536,1.);
#1536 = DIRECTION('',(0.707106781187,-0.707106781187,0.));
#1537 = ORIENTED_EDGE('',*,*,#1538,.T.);
#1538 = EDGE_CURVE('',#1531,#1539,#1541,.T.);
#1539 = VERTEX_POINT('',#1540);
#1540 = CARTESIAN_POINT('',(-1.27,-1.524,0.));
#1541 = LINE('',#1542,#1543);
#1542 = CARTESIAN_POINT('',(-1.016,-1.27,0.));
#1543 = VECTOR('',#1544,1.);
#1544 = DIRECTION('',(-0.707106781187,-0.707106781187,0.));
#1545 = ORIENTED_EDGE('',*,*,#1546,.T.);
#1546 = EDGE_CURVE('',#1539,#1547,#1549,.T.);
#1547 = VERTEX_POINT('',#1548);
#1548 = CARTESIAN_POINT('',(-1.27,-3.556,0.));
#1549 = LINE('',#1550,#1551);
#1550 = CARTESIAN_POINT('',(-1.27,-1.524,0.));
#1551 = VECTOR('',#1552,1.);
#1552 = DIRECTION('',(0.,-1.,0.));
#1553 = ORIENTED_EDGE('',*,*,#1554,.T.);
#1554 = EDGE_CURVE('',#1547,#1555,#1557,.T.);
#1555 = VERTEX_POINT('',#1556);
#1556 = CARTESIAN_POINT('',(-1.016,-3.81,0.));
#1557 = LINE('',#1558,#1559);
#1558 = CARTESIAN_POINT('',(-1.27,-3.556,0.));
#1559 = VECTOR('',#1560,1.);
#1560 = DIRECTION('',(0.707106781187,-0.707106781187,0.));
#1561 = ORIENTED_EDGE('',*,*,#1562,.T.);
#1562 = EDGE_CURVE('',#1555,#1563,#1565,.T.);
#1563 = VERTEX_POINT('',#1564);
#1564 = CARTESIAN_POINT('',(-1.27,-4.064,0.));
#1565 = LINE('',#1566,#1567);
#1566 = CARTESIAN_POINT('',(-1.016,-3.81,0.));
#1567 = VECTOR('',#1568,1.);
#1568 = DIRECTION('',(-0.707106781187,-0.707106781187,0.));
#1569 = ORIENTED_EDGE('',*,*,#1570,.T.);
#1570 = EDGE_CURVE('',#1563,#1571,#1573,.T.);
#1571 = VERTEX_POINT('',#1572);
#1572 = CARTESIAN_POINT('',(-1.27,-6.096,0.));
#1573 = LINE('',#1574,#1575);
#1574 = CARTESIAN_POINT('',(-1.27,-4.064,0.));
#1575 = VECTOR('',#1576,1.);
#1576 = DIRECTION('',(0.,-1.,0.));
#1577 = ORIENTED_EDGE('',*,*,#1578,.T.);
#1578 = EDGE_CURVE('',#1571,#1579,#1581,.T.);
#1579 = VERTEX_POINT('',#1580);
#1580 = CARTESIAN_POINT('',(-1.016,-6.35,0.));
#1581 = LINE('',#1582,#1583);
#1582 = CARTESIAN_POINT('',(-1.27,-6.096,0.));
#1583 = VECTOR('',#1584,1.);
#1584 = DIRECTION('',(0.707106781187,-0.707106781187,0.));
#1585 = ORIENTED_EDGE('',*,*,#1586,.T.);
#1586 = EDGE_CURVE('',#1579,#1587,#1589,.T.);
#1587 = VERTEX_POINT('',#1588);
#1588 = CARTESIAN_POINT('',(3.556,-6.35,0.));
#1589 = LINE('',#1590,#1591);
#1590 = CARTESIAN_POINT('',(-1.016,-6.35,0.));
#1591 = VECTOR('',#1592,1.);
#1592 = DIRECTION('',(1.,0.,0.));
#1593 = ORIENTED_EDGE('',*,*,#1594,.T.);
#1594 = EDGE_CURVE('',#1587,#1595,#1597,.T.);
#1595 = VERTEX_POINT('',#1596);
#1596 = CARTESIAN_POINT('',(3.81,-6.096,0.));
#1597 = LINE('',#1598,#1599);
#1598 = CARTESIAN_POINT('',(3.556,-6.35,0.));
#1599 = VECTOR('',#1600,1.);
#1600 = DIRECTION('',(0.707106781187,0.707106781187,0.));
#1601 = ORIENTED_EDGE('',*,*,#1602,.T.);
#1602 = EDGE_CURVE('',#1595,#1603,#1605,.T.);
#1603 = VERTEX_POINT('',#1604);
#1604 = CARTESIAN_POINT('',(3.81,-4.064,0.));
#1605 = LINE('',#1606,#1607);
#1606 = CARTESIAN_POINT('',(3.81,-6.096,0.));
#1607 = VECTOR('',#1608,1.);
#1608 = DIRECTION('',(0.,1.,0.));
#1609 = ORIENTED_EDGE('',*,*,#1610,.T.);
#1610 = EDGE_CURVE('',#1603,#1611,#1613,.T.);
#1611 = VERTEX_POINT('',#1612);
#1612 = CARTESIAN_POINT('',(3.556,-3.81,0.));
#1613 = LINE('',#1614,#1615);
#1614 = CARTESIAN_POINT('',(3.81,-4.064,0.));
#1615 = VECTOR('',#1616,1.);
#1616 = DIRECTION('',(-0.707106781187,0.707106781187,0.));
#1617 = ORIENTED_EDGE('',*,*,#1618,.T.);
#1618 = EDGE_CURVE('',#1611,#1619,#1621,.T.);
#1619 = VERTEX_POINT('',#1620);
#1620 = CARTESIAN_POINT('',(3.81,-3.556,0.));
#1621 = LINE('',#1622,#1623);
#1622 = CARTESIAN_POINT('',(3.556,-3.81,0.));
#1623 = VECTOR('',#1624,1.);
#1624 = DIRECTION('',(0.707106781187,0.707106781187,0.));
#1625 = ORIENTED_EDGE('',*,*,#1626,.T.);
#1626 = EDGE_CURVE('',#1619,#1627,#1629,.T.);
#1627 = VERTEX_POINT('',#1628);
#1628 = CARTESIAN_POINT('',(3.81,-1.524,0.));
#1629 = LINE('',#1630,#1631);
#1630 = CARTESIAN_POINT('',(3.81,-3.556,0.));
#1631 = VECTOR('',#1632,1.);
#1632 = DIRECTION('',(0.,1.,0.));
#1633 = ORIENTED_EDGE('',*,*,#1634,.T.);
#1634 = EDGE_CURVE('',#1627,#1635,#1637,.T.);
#1635 = VERTEX_POINT('',#1636);
#1636 = CARTESIAN_POINT('',(3.556,-1.27,0.));
#1637 = LINE('',#1638,#1639);
#1638 = CARTESIAN_POINT('',(3.81,-1.524,0.));
#1639 = VECTOR('',#1640,1.);
#1640 = DIRECTION('',(-0.707106781187,0.707106781187,0.));
#1641 = ORIENTED_EDGE('',*,*,#1642,.T.);
#1642 = EDGE_CURVE('',#1635,#1643,#1645,.T.);
#1643 = VERTEX_POINT('',#1644);
#1644 = CARTESIAN_POINT('',(3.81,-1.016,0.));
#1645 = LINE('',#1646,#1647);
#1646 = CARTESIAN_POINT('',(3.556,-1.27,0.));
#1647 = VECTOR('',#1648,1.);
#1648 = DIRECTION('',(0.707106781187,0.707106781187,0.));
#1649 = ORIENTED_EDGE('',*,*,#1650,.T.);
#1650 = EDGE_CURVE('',#1643,#1651,#1653,.T.);
#1651 = VERTEX_POINT('',#1652);
#1652 = CARTESIAN_POINT('',(3.81,1.016,0.));
#1653 = LINE('',#1654,#1655);
#1654 = CARTESIAN_POINT('',(3.81,-1.016,0.));
#1655 = VECTOR('',#1656,1.);
#1656 = DIRECTION('',(0.,1.,0.));
#1657 = ORIENTED_EDGE('',*,*,#1658,.T.);
#1658 = EDGE_CURVE('',#1651,#1467,#1659,.T.);
#1659 = LINE('',#1660,#1661);
#1660 = CARTESIAN_POINT('',(3.81,1.016,0.));
#1661 = VECTOR('',#1662,1.);
#1662 = DIRECTION('',(-0.707106781187,0.707106781187,0.));
#1663 = ORIENTED_EDGE('',*,*,#1483,.T.);
#1664 = FACE_BOUND('',#1665,.F.);
#1665 = EDGE_LOOP('',(#1666,#1676,#1684,#1692));
#1666 = ORIENTED_EDGE('',*,*,#1667,.F.);
#1667 = EDGE_CURVE('',#1668,#1670,#1672,.T.);
#1668 = VERTEX_POINT('',#1669);
#1669 = CARTESIAN_POINT('',(2.86,-2.86,0.));
#1670 = VERTEX_POINT('',#1671);
#1671 = CARTESIAN_POINT('',(2.86,-2.22,0.));
#1672 = LINE('',#1673,#1674);
#1673 = CARTESIAN_POINT('',(2.86,-2.7,0.));
#1674 = VECTOR('',#1675,1.);
#1675 = DIRECTION('',(0.,1.,0.));
#1676 = ORIENTED_EDGE('',*,*,#1677,.T.);
#1677 = EDGE_CURVE('',#1668,#1678,#1680,.T.);
#1678 = VERTEX_POINT('',#1679);
#1679 = CARTESIAN_POINT('',(2.22,-2.86,0.));
#1680 = LINE('',#1681,#1682);
#1681 = CARTESIAN_POINT('',(1.745,-2.86,0.));
#1682 = VECTOR('',#1683,1.);
#1683 = DIRECTION('',(-1.,0.,0.));
#1684 = ORIENTED_EDGE('',*,*,#1685,.T.);
#1685 = EDGE_CURVE('',#1678,#1686,#1688,.T.);
#1686 = VERTEX_POINT('',#1687);
#1687 = CARTESIAN_POINT('',(2.22,-2.22,0.));
#1688 = LINE('',#1689,#1690);
#1689 = CARTESIAN_POINT('',(2.22,-2.7,0.));
#1690 = VECTOR('',#1691,1.);
#1691 = DIRECTION('',(0.,1.,0.));
#1692 = ORIENTED_EDGE('',*,*,#1693,.F.);
#1693 = EDGE_CURVE('',#1670,#1686,#1694,.T.);
#1694 = LINE('',#1695,#1696);
#1695 = CARTESIAN_POINT('',(1.745,-2.22,0.));
#1696 = VECTOR('',#1697,1.);
#1697 = DIRECTION('',(-1.,0.,0.));
#1698 = FACE_BOUND('',#1699,.F.);
#1699 = EDGE_LOOP('',(#1700,#1710,#1718,#1726));
#1700 = ORIENTED_EDGE('',*,*,#1701,.F.);
#1701 = EDGE_CURVE('',#1702,#1704,#1706,.T.);
#1702 = VERTEX_POINT('',#1703);
#1703 = CARTESIAN_POINT('',(0.32,-2.22,0.));
#1704 = VERTEX_POINT('',#1705);
#1705 = CARTESIAN_POINT('',(-0.32,-2.22,0.));
#1706 = LINE('',#1707,#1708);
#1707 = CARTESIAN_POINT('',(0.475,-2.22,0.));
#1708 = VECTOR('',#1709,1.);
#1709 = DIRECTION('',(-1.,0.,0.));
#1710 = ORIENTED_EDGE('',*,*,#1711,.F.);
#1711 = EDGE_CURVE('',#1712,#1702,#1714,.T.);
#1712 = VERTEX_POINT('',#1713);
#1713 = CARTESIAN_POINT('',(0.32,-2.86,0.));
#1714 = LINE('',#1715,#1716);
#1715 = CARTESIAN_POINT('',(0.32,-2.7,0.));
#1716 = VECTOR('',#1717,1.);
#1717 = DIRECTION('',(0.,1.,0.));
#1718 = ORIENTED_EDGE('',*,*,#1719,.T.);
#1719 = EDGE_CURVE('',#1712,#1720,#1722,.T.);
#1720 = VERTEX_POINT('',#1721);
#1721 = CARTESIAN_POINT('',(-0.32,-2.86,0.));
#1722 = LINE('',#1723,#1724);
#1723 = CARTESIAN_POINT('',(0.475,-2.86,0.));
#1724 = VECTOR('',#1725,1.);
#1725 = DIRECTION('',(-1.,0.,0.));
#1726 = ORIENTED_EDGE('',*,*,#1727,.T.);
#1727 = EDGE_CURVE('',#1720,#1704,#1728,.T.);
#1728 = LINE('',#1729,#1730);
#1729 = CARTESIAN_POINT('',(-0.32,-2.7,0.));
#1730 = VECTOR('',#1731,1.);
#1731 = DIRECTION('',(0.,1.,0.));
#1732 = FACE_BOUND('',#1733,.F.);
#1733 = EDGE_LOOP('',(#1734,#1744,#1752,#1760));
#1734 = ORIENTED_EDGE('',*,*,#1735,.F.);
#1735 = EDGE_CURVE('',#1736,#1738,#1740,.T.);
#1736 = VERTEX_POINT('',#1737);
#1737 = CARTESIAN_POINT('',(0.32,-0.32,0.));
#1738 = VERTEX_POINT('',#1739);
#1739 = CARTESIAN_POINT('',(0.32,0.32,0.));
#1740 = LINE('',#1741,#1742);
#1741 = CARTESIAN_POINT('',(0.32,-1.43,0.));
#1742 = VECTOR('',#1743,1.);
#1743 = DIRECTION('',(0.,1.,0.));
#1744 = ORIENTED_EDGE('',*,*,#1745,.T.);
#1745 = EDGE_CURVE('',#1736,#1746,#1748,.T.);
#1746 = VERTEX_POINT('',#1747);
#1747 = CARTESIAN_POINT('',(-0.32,-0.32,0.));
#1748 = LINE('',#1749,#1750);
#1749 = CARTESIAN_POINT('',(0.475,-0.32,0.));
#1750 = VECTOR('',#1751,1.);
#1751 = DIRECTION('',(-1.,0.,0.));
#1752 = ORIENTED_EDGE('',*,*,#1753,.T.);
#1753 = EDGE_CURVE('',#1746,#1754,#1756,.T.);
#1754 = VERTEX_POINT('',#1755);
#1755 = CARTESIAN_POINT('',(-0.32,0.32,0.));
#1756 = LINE('',#1757,#1758);
#1757 = CARTESIAN_POINT('',(-0.32,-1.43,0.));
#1758 = VECTOR('',#1759,1.);
#1759 = DIRECTION('',(0.,1.,0.));
#1760 = ORIENTED_EDGE('',*,*,#1761,.F.);
#1761 = EDGE_CURVE('',#1738,#1754,#1762,.T.);
#1762 = LINE('',#1763,#1764);
#1763 = CARTESIAN_POINT('',(0.475,0.32,0.));
#1764 = VECTOR('',#1765,1.);
#1765 = DIRECTION('',(-1.,0.,0.));
#1766 = FACE_BOUND('',#1767,.F.);
#1767 = EDGE_LOOP('',(#1768,#1778,#1786,#1794));
#1768 = ORIENTED_EDGE('',*,*,#1769,.F.);
#1769 = EDGE_CURVE('',#1770,#1772,#1774,.T.);
#1770 = VERTEX_POINT('',#1771);
#1771 = CARTESIAN_POINT('',(2.86,-0.32,0.));
#1772 = VERTEX_POINT('',#1773);
#1773 = CARTESIAN_POINT('',(2.86,0.32,0.));
#1774 = LINE('',#1775,#1776);
#1775 = CARTESIAN_POINT('',(2.86,-1.43,0.));
#1776 = VECTOR('',#1777,1.);
#1777 = DIRECTION('',(0.,1.,0.));
#1778 = ORIENTED_EDGE('',*,*,#1779,.T.);
#1779 = EDGE_CURVE('',#1770,#1780,#1782,.T.);
#1780 = VERTEX_POINT('',#1781);
#1781 = CARTESIAN_POINT('',(2.22,-0.32,0.));
#1782 = LINE('',#1783,#1784);
#1783 = CARTESIAN_POINT('',(1.745,-0.32,0.));
#1784 = VECTOR('',#1785,1.);
#1785 = DIRECTION('',(-1.,0.,0.));
#1786 = ORIENTED_EDGE('',*,*,#1787,.T.);
#1787 = EDGE_CURVE('',#1780,#1788,#1790,.T.);
#1788 = VERTEX_POINT('',#1789);
#1789 = CARTESIAN_POINT('',(2.22,0.32,0.));
#1790 = LINE('',#1791,#1792);
#1791 = CARTESIAN_POINT('',(2.22,-1.43,0.));
#1792 = VECTOR('',#1793,1.);
#1793 = DIRECTION('',(0.,1.,0.));
#1794 = ORIENTED_EDGE('',*,*,#1795,.F.);
#1795 = EDGE_CURVE('',#1772,#1788,#1796,.T.);
#1796 = LINE('',#1797,#1798);
#1797 = CARTESIAN_POINT('',(1.745,0.32,0.));
#1798 = VECTOR('',#1799,1.);
#1799 = DIRECTION('',(-1.,0.,0.));
#1800 = FACE_BOUND('',#1801,.F.);
#1801 = EDGE_LOOP('',(#1802,#1812,#1820,#1828));
#1802 = ORIENTED_EDGE('',*,*,#1803,.F.);
#1803 = EDGE_CURVE('',#1804,#1806,#1808,.T.);
#1804 = VERTEX_POINT('',#1805);
#1805 = CARTESIAN_POINT('',(2.86,-5.4,0.));
#1806 = VERTEX_POINT('',#1807);
#1807 = CARTESIAN_POINT('',(2.86,-4.76,0.));
#1808 = LINE('',#1809,#1810);
#1809 = CARTESIAN_POINT('',(2.86,-3.97,0.));
#1810 = VECTOR('',#1811,1.);
#1811 = DIRECTION('',(0.,1.,0.));
#1812 = ORIENTED_EDGE('',*,*,#1813,.T.);
#1813 = EDGE_CURVE('',#1804,#1814,#1816,.T.);
#1814 = VERTEX_POINT('',#1815);
#1815 = CARTESIAN_POINT('',(2.22,-5.4,0.));
#1816 = LINE('',#1817,#1818);
#1817 = CARTESIAN_POINT('',(1.745,-5.4,0.));
#1818 = VECTOR('',#1819,1.);
#1819 = DIRECTION('',(-1.,0.,0.));
#1820 = ORIENTED_EDGE('',*,*,#1821,.T.);
#1821 = EDGE_CURVE('',#1814,#1822,#1824,.T.);
#1822 = VERTEX_POINT('',#1823);
#1823 = CARTESIAN_POINT('',(2.22,-4.76,0.));
#1824 = LINE('',#1825,#1826);
#1825 = CARTESIAN_POINT('',(2.22,-3.97,0.));
#1826 = VECTOR('',#1827,1.);
#1827 = DIRECTION('',(0.,1.,0.));
#1828 = ORIENTED_EDGE('',*,*,#1829,.F.);
#1829 = EDGE_CURVE('',#1806,#1822,#1830,.T.);
#1830 = LINE('',#1831,#1832);
#1831 = CARTESIAN_POINT('',(1.745,-4.76,0.));
#1832 = VECTOR('',#1833,1.);
#1833 = DIRECTION('',(-1.,0.,0.));
#1834 = FACE_BOUND('',#1835,.F.);
#1835 = EDGE_LOOP('',(#1836,#1846,#1854,#1862));
#1836 = ORIENTED_EDGE('',*,*,#1837,.F.);
#1837 = EDGE_CURVE('',#1838,#1840,#1842,.T.);
#1838 = VERTEX_POINT('',#1839);
#1839 = CARTESIAN_POINT('',(0.32,-5.4,0.));
#1840 = VERTEX_POINT('',#1841);
#1841 = CARTESIAN_POINT('',(0.32,-4.76,0.));
#1842 = LINE('',#1843,#1844);
#1843 = CARTESIAN_POINT('',(0.32,-3.97,0.));
#1844 = VECTOR('',#1845,1.);
#1845 = DIRECTION('',(0.,1.,0.));
#1846 = ORIENTED_EDGE('',*,*,#1847,.T.);
#1847 = EDGE_CURVE('',#1838,#1848,#1850,.T.);
#1848 = VERTEX_POINT('',#1849);
#1849 = CARTESIAN_POINT('',(-0.32,-5.4,0.));
#1850 = LINE('',#1851,#1852);
#1851 = CARTESIAN_POINT('',(0.475,-5.4,0.));
#1852 = VECTOR('',#1853,1.);
#1853 = DIRECTION('',(-1.,0.,0.));
#1854 = ORIENTED_EDGE('',*,*,#1855,.T.);
#1855 = EDGE_CURVE('',#1848,#1856,#1858,.T.);
#1856 = VERTEX_POINT('',#1857);
#1857 = CARTESIAN_POINT('',(-0.32,-4.76,0.));
#1858 = LINE('',#1859,#1860);
#1859 = CARTESIAN_POINT('',(-0.32,-3.97,0.));
#1860 = VECTOR('',#1861,1.);
#1861 = DIRECTION('',(0.,1.,0.));
#1862 = ORIENTED_EDGE('',*,*,#1863,.F.);
#1863 = EDGE_CURVE('',#1840,#1856,#1864,.T.);
#1864 = LINE('',#1865,#1866);
#1865 = CARTESIAN_POINT('',(0.475,-4.76,0.));
#1866 = VECTOR('',#1867,1.);
#1867 = DIRECTION('',(-1.,0.,0.));
#1868 = PLANE('',#1869);
#1869 = AXIS2_PLACEMENT_3D('',#1870,#1871,#1872);
#1870 = CARTESIAN_POINT('',(1.27,-2.54,0.));
#1871 = DIRECTION('',(0.,0.,1.));
#1872 = DIRECTION('',(1.,0.,-0.));
#1873 = ADVANCED_FACE('',(#1874,#2013,#2047,#2081,#2115,#2149,#2183),
  #2217,.T.);
#1874 = FACE_BOUND('',#1875,.T.);
#1875 = EDGE_LOOP('',(#1876,#1877,#1878,#1886,#1894,#1902,#1910,#1918,
    #1926,#1934,#1942,#1950,#1958,#1966,#1974,#1982,#1990,#1998,#2006,
    #2012));
#1876 = ORIENTED_EDGE('',*,*,#1436,.T.);
#1877 = ORIENTED_EDGE('',*,*,#1498,.T.);
#1878 = ORIENTED_EDGE('',*,*,#1879,.T.);
#1879 = EDGE_CURVE('',#1499,#1880,#1882,.T.);
#1880 = VERTEX_POINT('',#1881);
#1881 = CARTESIAN_POINT('',(-1.016,-1.27,2.54));
#1882 = LINE('',#1883,#1884);
#1883 = CARTESIAN_POINT('',(-1.27,-1.016,2.54));
#1884 = VECTOR('',#1885,1.);
#1885 = DIRECTION('',(0.707106781187,-0.707106781187,0.));
#1886 = ORIENTED_EDGE('',*,*,#1887,.T.);
#1887 = EDGE_CURVE('',#1880,#1888,#1890,.T.);
#1888 = VERTEX_POINT('',#1889);
#1889 = CARTESIAN_POINT('',(-1.27,-1.524,2.54));
#1890 = LINE('',#1891,#1892);
#1891 = CARTESIAN_POINT('',(-1.016,-1.27,2.54));
#1892 = VECTOR('',#1893,1.);
#1893 = DIRECTION('',(-0.707106781187,-0.707106781187,0.));
#1894 = ORIENTED_EDGE('',*,*,#1895,.T.);
#1895 = EDGE_CURVE('',#1888,#1896,#1898,.T.);
#1896 = VERTEX_POINT('',#1897);
#1897 = CARTESIAN_POINT('',(-1.27,-3.556,2.54));
#1898 = LINE('',#1899,#1900);
#1899 = CARTESIAN_POINT('',(-1.27,-1.524,2.54));
#1900 = VECTOR('',#1901,1.);
#1901 = DIRECTION('',(0.,-1.,0.));
#1902 = ORIENTED_EDGE('',*,*,#1903,.T.);
#1903 = EDGE_CURVE('',#1896,#1904,#1906,.T.);
#1904 = VERTEX_POINT('',#1905);
#1905 = CARTESIAN_POINT('',(-1.016,-3.81,2.54));
#1906 = LINE('',#1907,#1908);
#1907 = CARTESIAN_POINT('',(-1.27,-3.556,2.54));
#1908 = VECTOR('',#1909,1.);
#1909 = DIRECTION('',(0.707106781187,-0.707106781187,0.));
#1910 = ORIENTED_EDGE('',*,*,#1911,.T.);
#1911 = EDGE_CURVE('',#1904,#1912,#1914,.T.);
#1912 = VERTEX_POINT('',#1913);
#1913 = CARTESIAN_POINT('',(-1.27,-4.064,2.54));
#1914 = LINE('',#1915,#1916);
#1915 = CARTESIAN_POINT('',(-1.016,-3.81,2.54));
#1916 = VECTOR('',#1917,1.);
#1917 = DIRECTION('',(-0.707106781187,-0.707106781187,0.));
#1918 = ORIENTED_EDGE('',*,*,#1919,.T.);
#1919 = EDGE_CURVE('',#1912,#1920,#1922,.T.);
#1920 = VERTEX_POINT('',#1921);
#1921 = CARTESIAN_POINT('',(-1.27,-6.096,2.54));
#1922 = LINE('',#1923,#1924);
#1923 = CARTESIAN_POINT('',(-1.27,-4.064,2.54));
#1924 = VECTOR('',#1925,1.);
#1925 = DIRECTION('',(0.,-1.,0.));
#1926 = ORIENTED_EDGE('',*,*,#1927,.T.);
#1927 = EDGE_CURVE('',#1920,#1928,#1930,.T.);
#1928 = VERTEX_POINT('',#1929);
#1929 = CARTESIAN_POINT('',(-1.016,-6.35,2.54));
#1930 = LINE('',#1931,#1932);
#1931 = CARTESIAN_POINT('',(-1.27,-6.096,2.54));
#1932 = VECTOR('',#1933,1.);
#1933 = DIRECTION('',(0.707106781187,-0.707106781187,0.));
#1934 = ORIENTED_EDGE('',*,*,#1935,.T.);
#1935 = EDGE_CURVE('',#1928,#1936,#1938,.T.);
#1936 = VERTEX_POINT('',#1937);
#1937 = CARTESIAN_POINT('',(3.556,-6.35,2.54));
#1938 = LINE('',#1939,#1940);
#1939 = CARTESIAN_POINT('',(-1.016,-6.35,2.54));
#1940 = VECTOR('',#1941,1.);
#1941 = DIRECTION('',(1.,0.,0.));
#1942 = ORIENTED_EDGE('',*,*,#1943,.T.);
#1943 = EDGE_CURVE('',#1936,#1944,#1946,.T.);
#1944 = VERTEX_POINT('',#1945);
#1945 = CARTESIAN_POINT('',(3.81,-6.096,2.54));
#1946 = LINE('',#1947,#1948);
#1947 = CARTESIAN_POINT('',(3.556,-6.35,2.54));
#1948 = VECTOR('',#1949,1.);
#1949 = DIRECTION('',(0.707106781187,0.707106781187,0.));
#1950 = ORIENTED_EDGE('',*,*,#1951,.T.);
#1951 = EDGE_CURVE('',#1944,#1952,#1954,.T.);
#1952 = VERTEX_POINT('',#1953);
#1953 = CARTESIAN_POINT('',(3.81,-4.064,2.54));
#1954 = LINE('',#1955,#1956);
#1955 = CARTESIAN_POINT('',(3.81,-6.096,2.54));
#1956 = VECTOR('',#1957,1.);
#1957 = DIRECTION('',(0.,1.,0.));
#1958 = ORIENTED_EDGE('',*,*,#1959,.T.);
#1959 = EDGE_CURVE('',#1952,#1960,#1962,.T.);
#1960 = VERTEX_POINT('',#1961);
#1961 = CARTESIAN_POINT('',(3.556,-3.81,2.54));
#1962 = LINE('',#1963,#1964);
#1963 = CARTESIAN_POINT('',(3.81,-4.064,2.54));
#1964 = VECTOR('',#1965,1.);
#1965 = DIRECTION('',(-0.707106781187,0.707106781187,0.));
#1966 = ORIENTED_EDGE('',*,*,#1967,.T.);
#1967 = EDGE_CURVE('',#1960,#1968,#1970,.T.);
#1968 = VERTEX_POINT('',#1969);
#1969 = CARTESIAN_POINT('',(3.81,-3.556,2.54));
#1970 = LINE('',#1971,#1972);
#1971 = CARTESIAN_POINT('',(3.556,-3.81,2.54));
#1972 = VECTOR('',#1973,1.);
#1973 = DIRECTION('',(0.707106781187,0.707106781187,0.));
#1974 = ORIENTED_EDGE('',*,*,#1975,.T.);
#1975 = EDGE_CURVE('',#1968,#1976,#1978,.T.);
#1976 = VERTEX_POINT('',#1977);
#1977 = CARTESIAN_POINT('',(3.81,-1.524,2.54));
#1978 = LINE('',#1979,#1980);
#1979 = CARTESIAN_POINT('',(3.81,-3.556,2.54));
#1980 = VECTOR('',#1981,1.);
#1981 = DIRECTION('',(0.,1.,0.));
#1982 = ORIENTED_EDGE('',*,*,#1983,.T.);
#1983 = EDGE_CURVE('',#1976,#1984,#1986,.T.);
#1984 = VERTEX_POINT('',#1985);
#1985 = CARTESIAN_POINT('',(3.556,-1.27,2.54));
#1986 = LINE('',#1987,#1988);
#1987 = CARTESIAN_POINT('',(3.81,-1.524,2.54));
#1988 = VECTOR('',#1989,1.);
#1989 = DIRECTION('',(-0.707106781187,0.707106781187,0.));
#1990 = ORIENTED_EDGE('',*,*,#1991,.T.);
#1991 = EDGE_CURVE('',#1984,#1992,#1994,.T.);
#1992 = VERTEX_POINT('',#1993);
#1993 = CARTESIAN_POINT('',(3.81,-1.016,2.54));
#1994 = LINE('',#1995,#1996);
#1995 = CARTESIAN_POINT('',(3.556,-1.27,2.54));
#1996 = VECTOR('',#1997,1.);
#1997 = DIRECTION('',(0.707106781187,0.707106781187,0.));
#1998 = ORIENTED_EDGE('',*,*,#1999,.T.);
#1999 = EDGE_CURVE('',#1992,#2000,#2002,.T.);
#2000 = VERTEX_POINT('',#2001);
#2001 = CARTESIAN_POINT('',(3.81,1.016,2.54));
#2002 = LINE('',#2003,#2004);
#2003 = CARTESIAN_POINT('',(3.81,-1.016,2.54));
#2004 = VECTOR('',#2005,1.);
#2005 = DIRECTION('',(0.,1.,0.));
#2006 = ORIENTED_EDGE('',*,*,#2007,.T.);
#2007 = EDGE_CURVE('',#2000,#1469,#2008,.T.);
#2008 = LINE('',#2009,#2010);
#2009 = CARTESIAN_POINT('',(3.81,1.016,2.54));
#2010 = VECTOR('',#2011,1.);
#2011 = DIRECTION('',(-0.707106781187,0.707106781187,0.));
#2012 = ORIENTED_EDGE('',*,*,#1476,.T.);
#2013 = FACE_BOUND('',#2014,.T.);
#2014 = EDGE_LOOP('',(#2015,#2025,#2033,#2041));
#2015 = ORIENTED_EDGE('',*,*,#2016,.F.);
#2016 = EDGE_CURVE('',#2017,#2019,#2021,.T.);
#2017 = VERTEX_POINT('',#2018);
#2018 = CARTESIAN_POINT('',(2.86,-2.86,2.54));
#2019 = VERTEX_POINT('',#2020);
#2020 = CARTESIAN_POINT('',(2.86,-2.22,2.54));
#2021 = LINE('',#2022,#2023);
#2022 = CARTESIAN_POINT('',(2.86,-2.7,2.54));
#2023 = VECTOR('',#2024,1.);
#2024 = DIRECTION('',(0.,1.,0.));
#2025 = ORIENTED_EDGE('',*,*,#2026,.T.);
#2026 = EDGE_CURVE('',#2017,#2027,#2029,.T.);
#2027 = VERTEX_POINT('',#2028);
#2028 = CARTESIAN_POINT('',(2.22,-2.86,2.54));
#2029 = LINE('',#2030,#2031);
#2030 = CARTESIAN_POINT('',(1.745,-2.86,2.54));
#2031 = VECTOR('',#2032,1.);
#2032 = DIRECTION('',(-1.,0.,0.));
#2033 = ORIENTED_EDGE('',*,*,#2034,.T.);
#2034 = EDGE_CURVE('',#2027,#2035,#2037,.T.);
#2035 = VERTEX_POINT('',#2036);
#2036 = CARTESIAN_POINT('',(2.22,-2.22,2.54));
#2037 = LINE('',#2038,#2039);
#2038 = CARTESIAN_POINT('',(2.22,-2.7,2.54));
#2039 = VECTOR('',#2040,1.);
#2040 = DIRECTION('',(0.,1.,0.));
#2041 = ORIENTED_EDGE('',*,*,#2042,.F.);
#2042 = EDGE_CURVE('',#2019,#2035,#2043,.T.);
#2043 = LINE('',#2044,#2045);
#2044 = CARTESIAN_POINT('',(1.745,-2.22,2.54));
#2045 = VECTOR('',#2046,1.);
#2046 = DIRECTION('',(-1.,0.,0.));
#2047 = FACE_BOUND('',#2048,.T.);
#2048 = EDGE_LOOP('',(#2049,#2059,#2067,#2075));
#2049 = ORIENTED_EDGE('',*,*,#2050,.F.);
#2050 = EDGE_CURVE('',#2051,#2053,#2055,.T.);
#2051 = VERTEX_POINT('',#2052);
#2052 = CARTESIAN_POINT('',(0.32,-2.22,2.54));
#2053 = VERTEX_POINT('',#2054);
#2054 = CARTESIAN_POINT('',(-0.32,-2.22,2.54));
#2055 = LINE('',#2056,#2057);
#2056 = CARTESIAN_POINT('',(0.475,-2.22,2.54));
#2057 = VECTOR('',#2058,1.);
#2058 = DIRECTION('',(-1.,0.,0.));
#2059 = ORIENTED_EDGE('',*,*,#2060,.F.);
#2060 = EDGE_CURVE('',#2061,#2051,#2063,.T.);
#2061 = VERTEX_POINT('',#2062);
#2062 = CARTESIAN_POINT('',(0.32,-2.86,2.54));
#2063 = LINE('',#2064,#2065);
#2064 = CARTESIAN_POINT('',(0.32,-2.7,2.54));
#2065 = VECTOR('',#2066,1.);
#2066 = DIRECTION('',(0.,1.,0.));
#2067 = ORIENTED_EDGE('',*,*,#2068,.T.);
#2068 = EDGE_CURVE('',#2061,#2069,#2071,.T.);
#2069 = VERTEX_POINT('',#2070);
#2070 = CARTESIAN_POINT('',(-0.32,-2.86,2.54));
#2071 = LINE('',#2072,#2073);
#2072 = CARTESIAN_POINT('',(0.475,-2.86,2.54));
#2073 = VECTOR('',#2074,1.);
#2074 = DIRECTION('',(-1.,0.,0.));
#2075 = ORIENTED_EDGE('',*,*,#2076,.T.);
#2076 = EDGE_CURVE('',#2069,#2053,#2077,.T.);
#2077 = LINE('',#2078,#2079);
#2078 = CARTESIAN_POINT('',(-0.32,-2.7,2.54));
#2079 = VECTOR('',#2080,1.);
#2080 = DIRECTION('',(0.,1.,0.));
#2081 = FACE_BOUND('',#2082,.T.);
#2082 = EDGE_LOOP('',(#2083,#2093,#2101,#2109));
#2083 = ORIENTED_EDGE('',*,*,#2084,.F.);
#2084 = EDGE_CURVE('',#2085,#2087,#2089,.T.);
#2085 = VERTEX_POINT('',#2086);
#2086 = CARTESIAN_POINT('',(0.32,-0.32,2.54));
#2087 = VERTEX_POINT('',#2088);
#2088 = CARTESIAN_POINT('',(0.32,0.32,2.54));
#2089 = LINE('',#2090,#2091);
#2090 = CARTESIAN_POINT('',(0.32,-1.43,2.54));
#2091 = VECTOR('',#2092,1.);
#2092 = DIRECTION('',(0.,1.,0.));
#2093 = ORIENTED_EDGE('',*,*,#2094,.T.);
#2094 = EDGE_CURVE('',#2085,#2095,#2097,.T.);
#2095 = VERTEX_POINT('',#2096);
#2096 = CARTESIAN_POINT('',(-0.32,-0.32,2.54));
#2097 = LINE('',#2098,#2099);
#2098 = CARTESIAN_POINT('',(0.475,-0.32,2.54));
#2099 = VECTOR('',#2100,1.);
#2100 = DIRECTION('',(-1.,0.,0.));
#2101 = ORIENTED_EDGE('',*,*,#2102,.T.);
#2102 = EDGE_CURVE('',#2095,#2103,#2105,.T.);
#2103 = VERTEX_POINT('',#2104);
#2104 = CARTESIAN_POINT('',(-0.32,0.32,2.54));
#2105 = LINE('',#2106,#2107);
#2106 = CARTESIAN_POINT('',(-0.32,-1.43,2.54));
#2107 = VECTOR('',#2108,1.);
#2108 = DIRECTION('',(0.,1.,0.));
#2109 = ORIENTED_EDGE('',*,*,#2110,.F.);
#2110 = EDGE_CURVE('',#2087,#2103,#2111,.T.);
#2111 = LINE('',#2112,#2113);
#2112 = CARTESIAN_POINT('',(0.475,0.32,2.54));
#2113 = VECTOR('',#2114,1.);
#2114 = DIRECTION('',(-1.,0.,0.));
#2115 = FACE_BOUND('',#2116,.T.);
#2116 = EDGE_LOOP('',(#2117,#2127,#2135,#2143));
#2117 = ORIENTED_EDGE('',*,*,#2118,.F.);
#2118 = EDGE_CURVE('',#2119,#2121,#2123,.T.);
#2119 = VERTEX_POINT('',#2120);
#2120 = CARTESIAN_POINT('',(2.86,-0.32,2.54));
#2121 = VERTEX_POINT('',#2122);
#2122 = CARTESIAN_POINT('',(2.86,0.32,2.54));
#2123 = LINE('',#2124,#2125);
#2124 = CARTESIAN_POINT('',(2.86,-1.43,2.54));
#2125 = VECTOR('',#2126,1.);
#2126 = DIRECTION('',(0.,1.,0.));
#2127 = ORIENTED_EDGE('',*,*,#2128,.T.);
#2128 = EDGE_CURVE('',#2119,#2129,#2131,.T.);
#2129 = VERTEX_POINT('',#2130);
#2130 = CARTESIAN_POINT('',(2.22,-0.32,2.54));
#2131 = LINE('',#2132,#2133);
#2132 = CARTESIAN_POINT('',(1.745,-0.32,2.54));
#2133 = VECTOR('',#2134,1.);
#2134 = DIRECTION('',(-1.,0.,0.));
#2135 = ORIENTED_EDGE('',*,*,#2136,.T.);
#2136 = EDGE_CURVE('',#2129,#2137,#2139,.T.);
#2137 = VERTEX_POINT('',#2138);
#2138 = CARTESIAN_POINT('',(2.22,0.32,2.54));
#2139 = LINE('',#2140,#2141);
#2140 = CARTESIAN_POINT('',(2.22,-1.43,2.54));
#2141 = VECTOR('',#2142,1.);
#2142 = DIRECTION('',(0.,1.,0.));
#2143 = ORIENTED_EDGE('',*,*,#2144,.F.);
#2144 = EDGE_CURVE('',#2121,#2137,#2145,.T.);
#2145 = LINE('',#2146,#2147);
#2146 = CARTESIAN_POINT('',(1.745,0.32,2.54));
#2147 = VECTOR('',#2148,1.);
#2148 = DIRECTION('',(-1.,0.,0.));
#2149 = FACE_BOUND('',#2150,.T.);
#2150 = EDGE_LOOP('',(#2151,#2161,#2169,#2177));
#2151 = ORIENTED_EDGE('',*,*,#2152,.F.);
#2152 = EDGE_CURVE('',#2153,#2155,#2157,.T.);
#2153 = VERTEX_POINT('',#2154);
#2154 = CARTESIAN_POINT('',(2.86,-5.4,2.54));
#2155 = VERTEX_POINT('',#2156);
#2156 = CARTESIAN_POINT('',(2.86,-4.76,2.54));
#2157 = LINE('',#2158,#2159);
#2158 = CARTESIAN_POINT('',(2.86,-3.97,2.54));
#2159 = VECTOR('',#2160,1.);
#2160 = DIRECTION('',(0.,1.,0.));
#2161 = ORIENTED_EDGE('',*,*,#2162,.T.);
#2162 = EDGE_CURVE('',#2153,#2163,#2165,.T.);
#2163 = VERTEX_POINT('',#2164);
#2164 = CARTESIAN_POINT('',(2.22,-5.4,2.54));
#2165 = LINE('',#2166,#2167);
#2166 = CARTESIAN_POINT('',(1.745,-5.4,2.54));
#2167 = VECTOR('',#2168,1.);
#2168 = DIRECTION('',(-1.,0.,0.));
#2169 = ORIENTED_EDGE('',*,*,#2170,.T.);
#2170 = EDGE_CURVE('',#2163,#2171,#2173,.T.);
#2171 = VERTEX_POINT('',#2172);
#2172 = CARTESIAN_POINT('',(2.22,-4.76,2.54));
#2173 = LINE('',#2174,#2175);
#2174 = CARTESIAN_POINT('',(2.22,-3.97,2.54));
#2175 = VECTOR('',#2176,1.);
#2176 = DIRECTION('',(0.,1.,0.));
#2177 = ORIENTED_EDGE('',*,*,#2178,.F.);
#2178 = EDGE_CURVE('',#2155,#2171,#2179,.T.);
#2179 = LINE('',#2180,#2181);
#2180 = CARTESIAN_POINT('',(1.745,-4.76,2.54));
#2181 = VECTOR('',#2182,1.);
#2182 = DIRECTION('',(-1.,0.,0.));
#2183 = FACE_BOUND('',#2184,.T.);
#2184 = EDGE_LOOP('',(#2185,#2195,#2203,#2211));
#2185 = ORIENTED_EDGE('',*,*,#2186,.F.);
#2186 = EDGE_CURVE('',#2187,#2189,#2191,.T.);
#2187 = VERTEX_POINT('',#2188);
#2188 = CARTESIAN_POINT('',(0.32,-5.4,2.54));
#2189 = VERTEX_POINT('',#2190);
#2190 = CARTESIAN_POINT('',(0.32,-4.76,2.54));
#2191 = LINE('',#2192,#2193);
#2192 = CARTESIAN_POINT('',(0.32,-3.97,2.54));
#2193 = VECTOR('',#2194,1.);
#2194 = DIRECTION('',(0.,1.,0.));
#2195 = ORIENTED_EDGE('',*,*,#2196,.T.);
#2196 = EDGE_CURVE('',#2187,#2197,#2199,.T.);
#2197 = VERTEX_POINT('',#2198);
#2198 = CARTESIAN_POINT('',(-0.32,-5.4,2.54));
#2199 = LINE('',#2200,#2201);
#2200 = CARTESIAN_POINT('',(0.475,-5.4,2.54));
#2201 = VECTOR('',#2202,1.);
#2202 = DIRECTION('',(-1.,0.,0.));
#2203 = ORIENTED_EDGE('',*,*,#2204,.T.);
#2204 = EDGE_CURVE('',#2197,#2205,#2207,.T.);
#2205 = VERTEX_POINT('',#2206);
#2206 = CARTESIAN_POINT('',(-0.32,-4.76,2.54));
#2207 = LINE('',#2208,#2209);
#2208 = CARTESIAN_POINT('',(-0.32,-3.97,2.54));
#2209 = VECTOR('',#2210,1.);
#2210 = DIRECTION('',(0.,1.,0.));
#2211 = ORIENTED_EDGE('',*,*,#2212,.F.);
#2212 = EDGE_CURVE('',#2189,#2205,#2213,.T.);
#2213 = LINE('',#2214,#2215);
#2214 = CARTESIAN_POINT('',(0.475,-4.76,2.54));
#2215 = VECTOR('',#2216,1.);
#2216 = DIRECTION('',(-1.,0.,0.));
#2217 = PLANE('',#2218);
#2218 = AXIS2_PLACEMENT_3D('',#2219,#2220,#2221);
#2219 = CARTESIAN_POINT('',(1.27,-2.54,2.54));
#2220 = DIRECTION('',(0.,0.,1.));
#2221 = DIRECTION('',(1.,0.,-0.));
#2222 = ADVANCED_FACE('',(#2223),#2234,.F.);
#2223 = FACE_BOUND('',#2224,.F.);
#2224 = EDGE_LOOP('',(#2225,#2231,#2232,#2233));
#2225 = ORIENTED_EDGE('',*,*,#2226,.T.);
#2226 = EDGE_CURVE('',#1651,#2000,#2227,.T.);
#2227 = LINE('',#2228,#2229);
#2228 = CARTESIAN_POINT('',(3.81,1.016,0.));
#2229 = VECTOR('',#2230,1.);
#2230 = DIRECTION('',(0.,0.,1.));
#2231 = ORIENTED_EDGE('',*,*,#2007,.T.);
#2232 = ORIENTED_EDGE('',*,*,#1466,.F.);
#2233 = ORIENTED_EDGE('',*,*,#1658,.F.);
#2234 = PLANE('',#2235);
#2235 = AXIS2_PLACEMENT_3D('',#2236,#2237,#2238);
#2236 = CARTESIAN_POINT('',(3.81,1.016,0.));
#2237 = DIRECTION('',(-0.707106781187,-0.707106781187,0.));
#2238 = DIRECTION('',(-0.707106781187,0.707106781187,0.));
#2239 = ADVANCED_FACE('',(#2240),#2251,.F.);
#2240 = FACE_BOUND('',#2241,.F.);
#2241 = EDGE_LOOP('',(#2242,#2243,#2244,#2250));
#2242 = ORIENTED_EDGE('',*,*,#1506,.T.);
#2243 = ORIENTED_EDGE('',*,*,#1879,.T.);
#2244 = ORIENTED_EDGE('',*,*,#2245,.F.);
#2245 = EDGE_CURVE('',#1531,#1880,#2246,.T.);
#2246 = LINE('',#2247,#2248);
#2247 = CARTESIAN_POINT('',(-1.016,-1.27,0.));
#2248 = VECTOR('',#2249,1.);
#2249 = DIRECTION('',(0.,0.,1.));
#2250 = ORIENTED_EDGE('',*,*,#1530,.F.);
#2251 = PLANE('',#2252);
#2252 = AXIS2_PLACEMENT_3D('',#2253,#2254,#2255);
#2253 = CARTESIAN_POINT('',(-1.27,-1.016,0.));
#2254 = DIRECTION('',(0.707106781187,0.707106781187,0.));
#2255 = DIRECTION('',(0.707106781187,-0.707106781187,0.));
#2256 = ADVANCED_FACE('',(#2257),#2268,.F.);
#2257 = FACE_BOUND('',#2258,.F.);
#2258 = EDGE_LOOP('',(#2259,#2265,#2266,#2267));
#2259 = ORIENTED_EDGE('',*,*,#2260,.T.);
#2260 = EDGE_CURVE('',#1643,#1992,#2261,.T.);
#2261 = LINE('',#2262,#2263);
#2262 = CARTESIAN_POINT('',(3.81,-1.016,0.));
#2263 = VECTOR('',#2264,1.);
#2264 = DIRECTION('',(0.,0.,1.));
#2265 = ORIENTED_EDGE('',*,*,#1999,.T.);
#2266 = ORIENTED_EDGE('',*,*,#2226,.F.);
#2267 = ORIENTED_EDGE('',*,*,#1650,.F.);
#2268 = PLANE('',#2269);
#2269 = AXIS2_PLACEMENT_3D('',#2270,#2271,#2272);
#2270 = CARTESIAN_POINT('',(3.81,-1.016,0.));
#2271 = DIRECTION('',(-1.,0.,0.));
#2272 = DIRECTION('',(0.,1.,0.));
#2273 = ADVANCED_FACE('',(#2274),#2285,.F.);
#2274 = FACE_BOUND('',#2275,.F.);
#2275 = EDGE_LOOP('',(#2276,#2277,#2278,#2284));
#2276 = ORIENTED_EDGE('',*,*,#2245,.T.);
#2277 = ORIENTED_EDGE('',*,*,#1887,.T.);
#2278 = ORIENTED_EDGE('',*,*,#2279,.F.);
#2279 = EDGE_CURVE('',#1539,#1888,#2280,.T.);
#2280 = LINE('',#2281,#2282);
#2281 = CARTESIAN_POINT('',(-1.27,-1.524,0.));
#2282 = VECTOR('',#2283,1.);
#2283 = DIRECTION('',(0.,0.,1.));
#2284 = ORIENTED_EDGE('',*,*,#1538,.F.);
#2285 = PLANE('',#2286);
#2286 = AXIS2_PLACEMENT_3D('',#2287,#2288,#2289);
#2287 = CARTESIAN_POINT('',(-1.016,-1.27,0.));
#2288 = DIRECTION('',(0.707106781187,-0.707106781187,0.));
#2289 = DIRECTION('',(-0.707106781187,-0.707106781187,0.));
#2290 = ADVANCED_FACE('',(#2291),#2302,.F.);
#2291 = FACE_BOUND('',#2292,.F.);
#2292 = EDGE_LOOP('',(#2293,#2299,#2300,#2301));
#2293 = ORIENTED_EDGE('',*,*,#2294,.T.);
#2294 = EDGE_CURVE('',#1635,#1984,#2295,.T.);
#2295 = LINE('',#2296,#2297);
#2296 = CARTESIAN_POINT('',(3.556,-1.27,0.));
#2297 = VECTOR('',#2298,1.);
#2298 = DIRECTION('',(0.,0.,1.));
#2299 = ORIENTED_EDGE('',*,*,#1991,.T.);
#2300 = ORIENTED_EDGE('',*,*,#2260,.F.);
#2301 = ORIENTED_EDGE('',*,*,#1642,.F.);
#2302 = PLANE('',#2303);
#2303 = AXIS2_PLACEMENT_3D('',#2304,#2305,#2306);
#2304 = CARTESIAN_POINT('',(3.556,-1.27,0.));
#2305 = DIRECTION('',(-0.707106781187,0.707106781187,0.));
#2306 = DIRECTION('',(0.707106781187,0.707106781187,0.));
#2307 = ADVANCED_FACE('',(#2308),#2319,.F.);
#2308 = FACE_BOUND('',#2309,.F.);
#2309 = EDGE_LOOP('',(#2310,#2311,#2312,#2318));
#2310 = ORIENTED_EDGE('',*,*,#2279,.T.);
#2311 = ORIENTED_EDGE('',*,*,#1895,.T.);
#2312 = ORIENTED_EDGE('',*,*,#2313,.F.);
#2313 = EDGE_CURVE('',#1547,#1896,#2314,.T.);
#2314 = LINE('',#2315,#2316);
#2315 = CARTESIAN_POINT('',(-1.27,-3.556,0.));
#2316 = VECTOR('',#2317,1.);
#2317 = DIRECTION('',(0.,0.,1.));
#2318 = ORIENTED_EDGE('',*,*,#1546,.F.);
#2319 = PLANE('',#2320);
#2320 = AXIS2_PLACEMENT_3D('',#2321,#2322,#2323);
#2321 = CARTESIAN_POINT('',(-1.27,-1.524,0.));
#2322 = DIRECTION('',(1.,0.,0.));
#2323 = DIRECTION('',(0.,-1.,0.));
#2324 = ADVANCED_FACE('',(#2325),#2336,.F.);
#2325 = FACE_BOUND('',#2326,.F.);
#2326 = EDGE_LOOP('',(#2327,#2333,#2334,#2335));
#2327 = ORIENTED_EDGE('',*,*,#2328,.T.);
#2328 = EDGE_CURVE('',#1627,#1976,#2329,.T.);
#2329 = LINE('',#2330,#2331);
#2330 = CARTESIAN_POINT('',(3.81,-1.524,0.));
#2331 = VECTOR('',#2332,1.);
#2332 = DIRECTION('',(0.,0.,1.));
#2333 = ORIENTED_EDGE('',*,*,#1983,.T.);
#2334 = ORIENTED_EDGE('',*,*,#2294,.F.);
#2335 = ORIENTED_EDGE('',*,*,#1634,.F.);
#2336 = PLANE('',#2337);
#2337 = AXIS2_PLACEMENT_3D('',#2338,#2339,#2340);
#2338 = CARTESIAN_POINT('',(3.81,-1.524,0.));
#2339 = DIRECTION('',(-0.707106781187,-0.707106781187,0.));
#2340 = DIRECTION('',(-0.707106781187,0.707106781187,0.));
#2341 = ADVANCED_FACE('',(#2342),#2353,.F.);
#2342 = FACE_BOUND('',#2343,.F.);
#2343 = EDGE_LOOP('',(#2344,#2345,#2346,#2352));
#2344 = ORIENTED_EDGE('',*,*,#2313,.T.);
#2345 = ORIENTED_EDGE('',*,*,#1903,.T.);
#2346 = ORIENTED_EDGE('',*,*,#2347,.F.);
#2347 = EDGE_CURVE('',#1555,#1904,#2348,.T.);
#2348 = LINE('',#2349,#2350);
#2349 = CARTESIAN_POINT('',(-1.016,-3.81,0.));
#2350 = VECTOR('',#2351,1.);
#2351 = DIRECTION('',(0.,0.,1.));
#2352 = ORIENTED_EDGE('',*,*,#1554,.F.);
#2353 = PLANE('',#2354);
#2354 = AXIS2_PLACEMENT_3D('',#2355,#2356,#2357);
#2355 = CARTESIAN_POINT('',(-1.27,-3.556,0.));
#2356 = DIRECTION('',(0.707106781187,0.707106781187,0.));
#2357 = DIRECTION('',(0.707106781187,-0.707106781187,0.));
#2358 = ADVANCED_FACE('',(#2359),#2370,.F.);
#2359 = FACE_BOUND('',#2360,.F.);
#2360 = EDGE_LOOP('',(#2361,#2367,#2368,#2369));
#2361 = ORIENTED_EDGE('',*,*,#2362,.T.);
#2362 = EDGE_CURVE('',#1619,#1968,#2363,.T.);
#2363 = LINE('',#2364,#2365);
#2364 = CARTESIAN_POINT('',(3.81,-3.556,0.));
#2365 = VECTOR('',#2366,1.);
#2366 = DIRECTION('',(0.,0.,1.));
#2367 = ORIENTED_EDGE('',*,*,#1975,.T.);
#2368 = ORIENTED_EDGE('',*,*,#2328,.F.);
#2369 = ORIENTED_EDGE('',*,*,#1626,.F.);
#2370 = PLANE('',#2371);
#2371 = AXIS2_PLACEMENT_3D('',#2372,#2373,#2374);
#2372 = CARTESIAN_POINT('',(3.81,-3.556,0.));
#2373 = DIRECTION('',(-1.,0.,0.));
#2374 = DIRECTION('',(0.,1.,0.));
#2375 = ADVANCED_FACE('',(#2376),#2387,.F.);
#2376 = FACE_BOUND('',#2377,.F.);
#2377 = EDGE_LOOP('',(#2378,#2379,#2380,#2386));
#2378 = ORIENTED_EDGE('',*,*,#2347,.T.);
#2379 = ORIENTED_EDGE('',*,*,#1911,.T.);
#2380 = ORIENTED_EDGE('',*,*,#2381,.F.);
#2381 = EDGE_CURVE('',#1563,#1912,#2382,.T.);
#2382 = LINE('',#2383,#2384);
#2383 = CARTESIAN_POINT('',(-1.27,-4.064,0.));
#2384 = VECTOR('',#2385,1.);
#2385 = DIRECTION('',(0.,0.,1.));
#2386 = ORIENTED_EDGE('',*,*,#1562,.F.);
#2387 = PLANE('',#2388);
#2388 = AXIS2_PLACEMENT_3D('',#2389,#2390,#2391);
#2389 = CARTESIAN_POINT('',(-1.016,-3.81,0.));
#2390 = DIRECTION('',(0.707106781187,-0.707106781187,0.));
#2391 = DIRECTION('',(-0.707106781187,-0.707106781187,0.));
#2392 = ADVANCED_FACE('',(#2393),#2404,.F.);
#2393 = FACE_BOUND('',#2394,.F.);
#2394 = EDGE_LOOP('',(#2395,#2401,#2402,#2403));
#2395 = ORIENTED_EDGE('',*,*,#2396,.T.);
#2396 = EDGE_CURVE('',#1611,#1960,#2397,.T.);
#2397 = LINE('',#2398,#2399);
#2398 = CARTESIAN_POINT('',(3.556,-3.81,0.));
#2399 = VECTOR('',#2400,1.);
#2400 = DIRECTION('',(0.,0.,1.));
#2401 = ORIENTED_EDGE('',*,*,#1967,.T.);
#2402 = ORIENTED_EDGE('',*,*,#2362,.F.);
#2403 = ORIENTED_EDGE('',*,*,#1618,.F.);
#2404 = PLANE('',#2405);
#2405 = AXIS2_PLACEMENT_3D('',#2406,#2407,#2408);
#2406 = CARTESIAN_POINT('',(3.556,-3.81,0.));
#2407 = DIRECTION('',(-0.707106781187,0.707106781187,0.));
#2408 = DIRECTION('',(0.707106781187,0.707106781187,0.));
#2409 = ADVANCED_FACE('',(#2410),#2421,.F.);
#2410 = FACE_BOUND('',#2411,.F.);
#2411 = EDGE_LOOP('',(#2412,#2413,#2414,#2420));
#2412 = ORIENTED_EDGE('',*,*,#2381,.T.);
#2413 = ORIENTED_EDGE('',*,*,#1919,.T.);
#2414 = ORIENTED_EDGE('',*,*,#2415,.F.);
#2415 = EDGE_CURVE('',#1571,#1920,#2416,.T.);
#2416 = LINE('',#2417,#2418);
#2417 = CARTESIAN_POINT('',(-1.27,-6.096,0.));
#2418 = VECTOR('',#2419,1.);
#2419 = DIRECTION('',(0.,0.,1.));
#2420 = ORIENTED_EDGE('',*,*,#1570,.F.);
#2421 = PLANE('',#2422);
#2422 = AXIS2_PLACEMENT_3D('',#2423,#2424,#2425);
#2423 = CARTESIAN_POINT('',(-1.27,-4.064,0.));
#2424 = DIRECTION('',(1.,0.,0.));
#2425 = DIRECTION('',(0.,-1.,0.));
#2426 = ADVANCED_FACE('',(#2427),#2438,.F.);
#2427 = FACE_BOUND('',#2428,.F.);
#2428 = EDGE_LOOP('',(#2429,#2435,#2436,#2437));
#2429 = ORIENTED_EDGE('',*,*,#2430,.T.);
#2430 = EDGE_CURVE('',#1603,#1952,#2431,.T.);
#2431 = LINE('',#2432,#2433);
#2432 = CARTESIAN_POINT('',(3.81,-4.064,0.));
#2433 = VECTOR('',#2434,1.);
#2434 = DIRECTION('',(0.,0.,1.));
#2435 = ORIENTED_EDGE('',*,*,#1959,.T.);
#2436 = ORIENTED_EDGE('',*,*,#2396,.F.);
#2437 = ORIENTED_EDGE('',*,*,#1610,.F.);
#2438 = PLANE('',#2439);
#2439 = AXIS2_PLACEMENT_3D('',#2440,#2441,#2442);
#2440 = CARTESIAN_POINT('',(3.81,-4.064,0.));
#2441 = DIRECTION('',(-0.707106781187,-0.707106781187,0.));
#2442 = DIRECTION('',(-0.707106781187,0.707106781187,0.));
#2443 = ADVANCED_FACE('',(#2444),#2455,.F.);
#2444 = FACE_BOUND('',#2445,.F.);
#2445 = EDGE_LOOP('',(#2446,#2447,#2448,#2454));
#2446 = ORIENTED_EDGE('',*,*,#2415,.T.);
#2447 = ORIENTED_EDGE('',*,*,#1927,.T.);
#2448 = ORIENTED_EDGE('',*,*,#2449,.F.);
#2449 = EDGE_CURVE('',#1579,#1928,#2450,.T.);
#2450 = LINE('',#2451,#2452);
#2451 = CARTESIAN_POINT('',(-1.016,-6.35,0.));
#2452 = VECTOR('',#2453,1.);
#2453 = DIRECTION('',(0.,0.,1.));
#2454 = ORIENTED_EDGE('',*,*,#1578,.F.);
#2455 = PLANE('',#2456);
#2456 = AXIS2_PLACEMENT_3D('',#2457,#2458,#2459);
#2457 = CARTESIAN_POINT('',(-1.27,-6.096,0.));
#2458 = DIRECTION('',(0.707106781187,0.707106781187,0.));
#2459 = DIRECTION('',(0.707106781187,-0.707106781187,0.));
#2460 = ADVANCED_FACE('',(#2461),#2472,.F.);
#2461 = FACE_BOUND('',#2462,.F.);
#2462 = EDGE_LOOP('',(#2463,#2469,#2470,#2471));
#2463 = ORIENTED_EDGE('',*,*,#2464,.T.);
#2464 = EDGE_CURVE('',#1595,#1944,#2465,.T.);
#2465 = LINE('',#2466,#2467);
#2466 = CARTESIAN_POINT('',(3.81,-6.096,0.));
#2467 = VECTOR('',#2468,1.);
#2468 = DIRECTION('',(0.,0.,1.));
#2469 = ORIENTED_EDGE('',*,*,#1951,.T.);
#2470 = ORIENTED_EDGE('',*,*,#2430,.F.);
#2471 = ORIENTED_EDGE('',*,*,#1602,.F.);
#2472 = PLANE('',#2473);
#2473 = AXIS2_PLACEMENT_3D('',#2474,#2475,#2476);
#2474 = CARTESIAN_POINT('',(3.81,-6.096,0.));
#2475 = DIRECTION('',(-1.,0.,0.));
#2476 = DIRECTION('',(0.,1.,0.));
#2477 = ADVANCED_FACE('',(#2478),#2489,.F.);
#2478 = FACE_BOUND('',#2479,.F.);
#2479 = EDGE_LOOP('',(#2480,#2481,#2482,#2488));
#2480 = ORIENTED_EDGE('',*,*,#2449,.T.);
#2481 = ORIENTED_EDGE('',*,*,#1935,.T.);
#2482 = ORIENTED_EDGE('',*,*,#2483,.F.);
#2483 = EDGE_CURVE('',#1587,#1936,#2484,.T.);
#2484 = LINE('',#2485,#2486);
#2485 = CARTESIAN_POINT('',(3.556,-6.35,0.));
#2486 = VECTOR('',#2487,1.);
#2487 = DIRECTION('',(0.,0.,1.));
#2488 = ORIENTED_EDGE('',*,*,#1586,.F.);
#2489 = PLANE('',#2490);
#2490 = AXIS2_PLACEMENT_3D('',#2491,#2492,#2493);
#2491 = CARTESIAN_POINT('',(-1.016,-6.35,0.));
#2492 = DIRECTION('',(0.,1.,0.));
#2493 = DIRECTION('',(1.,0.,0.));
#2494 = ADVANCED_FACE('',(#2495),#2501,.F.);
#2495 = FACE_BOUND('',#2496,.F.);
#2496 = EDGE_LOOP('',(#2497,#2498,#2499,#2500));
#2497 = ORIENTED_EDGE('',*,*,#2483,.T.);
#2498 = ORIENTED_EDGE('',*,*,#1943,.T.);
#2499 = ORIENTED_EDGE('',*,*,#2464,.F.);
#2500 = ORIENTED_EDGE('',*,*,#1594,.F.);
#2501 = PLANE('',#2502);
#2502 = AXIS2_PLACEMENT_3D('',#2503,#2504,#2505);
#2503 = CARTESIAN_POINT('',(3.556,-6.35,0.));
#2504 = DIRECTION('',(-0.707106781187,0.707106781187,0.));
#2505 = DIRECTION('',(0.707106781187,0.707106781187,0.));
#2506 = ADVANCED_FACE('',(#2507),#2532,.T.);
#2507 = FACE_BOUND('',#2508,.T.);
#2508 = EDGE_LOOP('',(#2509,#2517,#2525,#2531));
#2509 = ORIENTED_EDGE('',*,*,#2510,.F.);
#2510 = EDGE_CURVE('',#2511,#1668,#2513,.T.);
#2511 = VERTEX_POINT('',#2512);
#2512 = CARTESIAN_POINT('',(2.86,-2.86,-2.84));
#2513 = LINE('',#2514,#2515);
#2514 = CARTESIAN_POINT('',(2.86,-2.86,-3.));
#2515 = VECTOR('',#2516,1.);
#2516 = DIRECTION('',(0.,0.,1.));
#2517 = ORIENTED_EDGE('',*,*,#2518,.T.);
#2518 = EDGE_CURVE('',#2511,#2519,#2521,.T.);
#2519 = VERTEX_POINT('',#2520);
#2520 = CARTESIAN_POINT('',(2.86,-2.22,-2.84));
#2521 = LINE('',#2522,#2523);
#2522 = CARTESIAN_POINT('',(2.86,-2.86,-2.84));
#2523 = VECTOR('',#2524,1.);
#2524 = DIRECTION('',(0.,1.,0.));
#2525 = ORIENTED_EDGE('',*,*,#2526,.T.);
#2526 = EDGE_CURVE('',#2519,#1670,#2527,.T.);
#2527 = LINE('',#2528,#2529);
#2528 = CARTESIAN_POINT('',(2.86,-2.22,-3.));
#2529 = VECTOR('',#2530,1.);
#2530 = DIRECTION('',(0.,0.,1.));
#2531 = ORIENTED_EDGE('',*,*,#1667,.F.);
#2532 = PLANE('',#2533);
#2533 = AXIS2_PLACEMENT_3D('',#2534,#2535,#2536);
#2534 = CARTESIAN_POINT('',(2.86,-2.86,-3.));
#2535 = DIRECTION('',(1.,0.,0.));
#2536 = DIRECTION('',(0.,0.,1.));
#2537 = ADVANCED_FACE('',(#2538),#2556,.T.);
#2538 = FACE_BOUND('',#2539,.T.);
#2539 = EDGE_LOOP('',(#2540,#2541,#2549,#2555));
#2540 = ORIENTED_EDGE('',*,*,#2526,.F.);
#2541 = ORIENTED_EDGE('',*,*,#2542,.F.);
#2542 = EDGE_CURVE('',#2543,#2519,#2545,.T.);
#2543 = VERTEX_POINT('',#2544);
#2544 = CARTESIAN_POINT('',(2.22,-2.22,-2.84));
#2545 = LINE('',#2546,#2547);
#2546 = CARTESIAN_POINT('',(2.22,-2.22,-2.84));
#2547 = VECTOR('',#2548,1.);
#2548 = DIRECTION('',(1.,0.,0.));
#2549 = ORIENTED_EDGE('',*,*,#2550,.T.);
#2550 = EDGE_CURVE('',#2543,#1686,#2551,.T.);
#2551 = LINE('',#2552,#2553);
#2552 = CARTESIAN_POINT('',(2.22,-2.22,-3.));
#2553 = VECTOR('',#2554,1.);
#2554 = DIRECTION('',(0.,0.,1.));
#2555 = ORIENTED_EDGE('',*,*,#1693,.F.);
#2556 = PLANE('',#2557);
#2557 = AXIS2_PLACEMENT_3D('',#2558,#2559,#2560);
#2558 = CARTESIAN_POINT('',(2.22,-2.22,-3.));
#2559 = DIRECTION('',(0.,1.,0.));
#2560 = DIRECTION('',(0.,-0.,1.));
#2561 = ADVANCED_FACE('',(#2562),#2580,.F.);
#2562 = FACE_BOUND('',#2563,.F.);
#2563 = EDGE_LOOP('',(#2564,#2572,#2578,#2579));
#2564 = ORIENTED_EDGE('',*,*,#2565,.F.);
#2565 = EDGE_CURVE('',#2566,#1678,#2568,.T.);
#2566 = VERTEX_POINT('',#2567);
#2567 = CARTESIAN_POINT('',(2.22,-2.86,-2.84));
#2568 = LINE('',#2569,#2570);
#2569 = CARTESIAN_POINT('',(2.22,-2.86,-3.));
#2570 = VECTOR('',#2571,1.);
#2571 = DIRECTION('',(0.,0.,1.));
#2572 = ORIENTED_EDGE('',*,*,#2573,.T.);
#2573 = EDGE_CURVE('',#2566,#2543,#2574,.T.);
#2574 = LINE('',#2575,#2576);
#2575 = CARTESIAN_POINT('',(2.22,-2.86,-2.84));
#2576 = VECTOR('',#2577,1.);
#2577 = DIRECTION('',(0.,1.,0.));
#2578 = ORIENTED_EDGE('',*,*,#2550,.T.);
#2579 = ORIENTED_EDGE('',*,*,#1685,.F.);
#2580 = PLANE('',#2581);
#2581 = AXIS2_PLACEMENT_3D('',#2582,#2583,#2584);
#2582 = CARTESIAN_POINT('',(2.22,-2.86,-3.));
#2583 = DIRECTION('',(1.,0.,0.));
#2584 = DIRECTION('',(0.,0.,1.));
#2585 = ADVANCED_FACE('',(#2586),#2597,.F.);
#2586 = FACE_BOUND('',#2587,.F.);
#2587 = EDGE_LOOP('',(#2588,#2589,#2595,#2596));
#2588 = ORIENTED_EDGE('',*,*,#2510,.F.);
#2589 = ORIENTED_EDGE('',*,*,#2590,.F.);
#2590 = EDGE_CURVE('',#2566,#2511,#2591,.T.);
#2591 = LINE('',#2592,#2593);
#2592 = CARTESIAN_POINT('',(2.22,-2.86,-2.84));
#2593 = VECTOR('',#2594,1.);
#2594 = DIRECTION('',(1.,0.,0.));
#2595 = ORIENTED_EDGE('',*,*,#2565,.T.);
#2596 = ORIENTED_EDGE('',*,*,#1677,.F.);
#2597 = PLANE('',#2598);
#2598 = AXIS2_PLACEMENT_3D('',#2599,#2600,#2601);
#2599 = CARTESIAN_POINT('',(2.22,-2.86,-3.));
#2600 = DIRECTION('',(0.,1.,0.));
#2601 = DIRECTION('',(0.,-0.,1.));
#2602 = ADVANCED_FACE('',(#2603),#2628,.T.);
#2603 = FACE_BOUND('',#2604,.T.);
#2604 = EDGE_LOOP('',(#2605,#2613,#2621,#2627));
#2605 = ORIENTED_EDGE('',*,*,#2606,.F.);
#2606 = EDGE_CURVE('',#2607,#1702,#2609,.T.);
#2607 = VERTEX_POINT('',#2608);
#2608 = CARTESIAN_POINT('',(0.32,-2.22,-2.84));
#2609 = LINE('',#2610,#2611);
#2610 = CARTESIAN_POINT('',(0.32,-2.22,-3.));
#2611 = VECTOR('',#2612,1.);
#2612 = DIRECTION('',(0.,0.,1.));
#2613 = ORIENTED_EDGE('',*,*,#2614,.F.);
#2614 = EDGE_CURVE('',#2615,#2607,#2617,.T.);
#2615 = VERTEX_POINT('',#2616);
#2616 = CARTESIAN_POINT('',(-0.32,-2.22,-2.84));
#2617 = LINE('',#2618,#2619);
#2618 = CARTESIAN_POINT('',(-0.32,-2.22,-2.84));
#2619 = VECTOR('',#2620,1.);
#2620 = DIRECTION('',(1.,0.,0.));
#2621 = ORIENTED_EDGE('',*,*,#2622,.T.);
#2622 = EDGE_CURVE('',#2615,#1704,#2623,.T.);
#2623 = LINE('',#2624,#2625);
#2624 = CARTESIAN_POINT('',(-0.32,-2.22,-3.));
#2625 = VECTOR('',#2626,1.);
#2626 = DIRECTION('',(0.,0.,1.));
#2627 = ORIENTED_EDGE('',*,*,#1701,.F.);
#2628 = PLANE('',#2629);
#2629 = AXIS2_PLACEMENT_3D('',#2630,#2631,#2632);
#2630 = CARTESIAN_POINT('',(-0.32,-2.22,-3.));
#2631 = DIRECTION('',(0.,1.,0.));
#2632 = DIRECTION('',(0.,-0.,1.));
#2633 = ADVANCED_FACE('',(#2634),#2652,.F.);
#2634 = FACE_BOUND('',#2635,.F.);
#2635 = EDGE_LOOP('',(#2636,#2644,#2650,#2651));
#2636 = ORIENTED_EDGE('',*,*,#2637,.F.);
#2637 = EDGE_CURVE('',#2638,#1720,#2640,.T.);
#2638 = VERTEX_POINT('',#2639);
#2639 = CARTESIAN_POINT('',(-0.32,-2.86,-2.84));
#2640 = LINE('',#2641,#2642);
#2641 = CARTESIAN_POINT('',(-0.32,-2.86,-3.));
#2642 = VECTOR('',#2643,1.);
#2643 = DIRECTION('',(0.,0.,1.));
#2644 = ORIENTED_EDGE('',*,*,#2645,.T.);
#2645 = EDGE_CURVE('',#2638,#2615,#2646,.T.);
#2646 = LINE('',#2647,#2648);
#2647 = CARTESIAN_POINT('',(-0.32,-2.86,-2.84));
#2648 = VECTOR('',#2649,1.);
#2649 = DIRECTION('',(0.,1.,0.));
#2650 = ORIENTED_EDGE('',*,*,#2622,.T.);
#2651 = ORIENTED_EDGE('',*,*,#1727,.F.);
#2652 = PLANE('',#2653);
#2653 = AXIS2_PLACEMENT_3D('',#2654,#2655,#2656);
#2654 = CARTESIAN_POINT('',(-0.32,-2.86,-3.));
#2655 = DIRECTION('',(1.,0.,0.));
#2656 = DIRECTION('',(0.,0.,1.));
#2657 = ADVANCED_FACE('',(#2658),#2676,.F.);
#2658 = FACE_BOUND('',#2659,.F.);
#2659 = EDGE_LOOP('',(#2660,#2668,#2674,#2675));
#2660 = ORIENTED_EDGE('',*,*,#2661,.F.);
#2661 = EDGE_CURVE('',#2662,#1712,#2664,.T.);
#2662 = VERTEX_POINT('',#2663);
#2663 = CARTESIAN_POINT('',(0.32,-2.86,-2.84));
#2664 = LINE('',#2665,#2666);
#2665 = CARTESIAN_POINT('',(0.32,-2.86,-3.));
#2666 = VECTOR('',#2667,1.);
#2667 = DIRECTION('',(0.,0.,1.));
#2668 = ORIENTED_EDGE('',*,*,#2669,.F.);
#2669 = EDGE_CURVE('',#2638,#2662,#2670,.T.);
#2670 = LINE('',#2671,#2672);
#2671 = CARTESIAN_POINT('',(-0.32,-2.86,-2.84));
#2672 = VECTOR('',#2673,1.);
#2673 = DIRECTION('',(1.,0.,0.));
#2674 = ORIENTED_EDGE('',*,*,#2637,.T.);
#2675 = ORIENTED_EDGE('',*,*,#1719,.F.);
#2676 = PLANE('',#2677);
#2677 = AXIS2_PLACEMENT_3D('',#2678,#2679,#2680);
#2678 = CARTESIAN_POINT('',(-0.32,-2.86,-3.));
#2679 = DIRECTION('',(0.,1.,0.));
#2680 = DIRECTION('',(0.,-0.,1.));
#2681 = ADVANCED_FACE('',(#2682),#2693,.T.);
#2682 = FACE_BOUND('',#2683,.T.);
#2683 = EDGE_LOOP('',(#2684,#2685,#2691,#2692));
#2684 = ORIENTED_EDGE('',*,*,#2661,.F.);
#2685 = ORIENTED_EDGE('',*,*,#2686,.T.);
#2686 = EDGE_CURVE('',#2662,#2607,#2687,.T.);
#2687 = LINE('',#2688,#2689);
#2688 = CARTESIAN_POINT('',(0.32,-2.86,-2.84));
#2689 = VECTOR('',#2690,1.);
#2690 = DIRECTION('',(0.,1.,0.));
#2691 = ORIENTED_EDGE('',*,*,#2606,.T.);
#2692 = ORIENTED_EDGE('',*,*,#1711,.F.);
#2693 = PLANE('',#2694);
#2694 = AXIS2_PLACEMENT_3D('',#2695,#2696,#2697);
#2695 = CARTESIAN_POINT('',(0.32,-2.86,-3.));
#2696 = DIRECTION('',(1.,0.,0.));
#2697 = DIRECTION('',(0.,0.,1.));
#2698 = ADVANCED_FACE('',(#2699),#2724,.T.);
#2699 = FACE_BOUND('',#2700,.T.);
#2700 = EDGE_LOOP('',(#2701,#2709,#2717,#2723));
#2701 = ORIENTED_EDGE('',*,*,#2702,.F.);
#2702 = EDGE_CURVE('',#2703,#1736,#2705,.T.);
#2703 = VERTEX_POINT('',#2704);
#2704 = CARTESIAN_POINT('',(0.32,-0.32,-2.84));
#2705 = LINE('',#2706,#2707);
#2706 = CARTESIAN_POINT('',(0.32,-0.32,-3.));
#2707 = VECTOR('',#2708,1.);
#2708 = DIRECTION('',(0.,0.,1.));
#2709 = ORIENTED_EDGE('',*,*,#2710,.T.);
#2710 = EDGE_CURVE('',#2703,#2711,#2713,.T.);
#2711 = VERTEX_POINT('',#2712);
#2712 = CARTESIAN_POINT('',(0.32,0.32,-2.84));
#2713 = LINE('',#2714,#2715);
#2714 = CARTESIAN_POINT('',(0.32,-0.32,-2.84));
#2715 = VECTOR('',#2716,1.);
#2716 = DIRECTION('',(0.,1.,0.));
#2717 = ORIENTED_EDGE('',*,*,#2718,.T.);
#2718 = EDGE_CURVE('',#2711,#1738,#2719,.T.);
#2719 = LINE('',#2720,#2721);
#2720 = CARTESIAN_POINT('',(0.32,0.32,-3.));
#2721 = VECTOR('',#2722,1.);
#2722 = DIRECTION('',(0.,0.,1.));
#2723 = ORIENTED_EDGE('',*,*,#1735,.F.);
#2724 = PLANE('',#2725);
#2725 = AXIS2_PLACEMENT_3D('',#2726,#2727,#2728);
#2726 = CARTESIAN_POINT('',(0.32,-0.32,-3.));
#2727 = DIRECTION('',(1.,0.,0.));
#2728 = DIRECTION('',(0.,0.,1.));
#2729 = ADVANCED_FACE('',(#2730),#2748,.T.);
#2730 = FACE_BOUND('',#2731,.T.);
#2731 = EDGE_LOOP('',(#2732,#2733,#2741,#2747));
#2732 = ORIENTED_EDGE('',*,*,#2718,.F.);
#2733 = ORIENTED_EDGE('',*,*,#2734,.F.);
#2734 = EDGE_CURVE('',#2735,#2711,#2737,.T.);
#2735 = VERTEX_POINT('',#2736);
#2736 = CARTESIAN_POINT('',(-0.32,0.32,-2.84));
#2737 = LINE('',#2738,#2739);
#2738 = CARTESIAN_POINT('',(-0.32,0.32,-2.84));
#2739 = VECTOR('',#2740,1.);
#2740 = DIRECTION('',(1.,0.,0.));
#2741 = ORIENTED_EDGE('',*,*,#2742,.T.);
#2742 = EDGE_CURVE('',#2735,#1754,#2743,.T.);
#2743 = LINE('',#2744,#2745);
#2744 = CARTESIAN_POINT('',(-0.32,0.32,-3.));
#2745 = VECTOR('',#2746,1.);
#2746 = DIRECTION('',(0.,0.,1.));
#2747 = ORIENTED_EDGE('',*,*,#1761,.F.);
#2748 = PLANE('',#2749);
#2749 = AXIS2_PLACEMENT_3D('',#2750,#2751,#2752);
#2750 = CARTESIAN_POINT('',(-0.32,0.32,-3.));
#2751 = DIRECTION('',(0.,1.,0.));
#2752 = DIRECTION('',(0.,-0.,1.));
#2753 = ADVANCED_FACE('',(#2754),#2772,.F.);
#2754 = FACE_BOUND('',#2755,.F.);
#2755 = EDGE_LOOP('',(#2756,#2764,#2770,#2771));
#2756 = ORIENTED_EDGE('',*,*,#2757,.F.);
#2757 = EDGE_CURVE('',#2758,#1746,#2760,.T.);
#2758 = VERTEX_POINT('',#2759);
#2759 = CARTESIAN_POINT('',(-0.32,-0.32,-2.84));
#2760 = LINE('',#2761,#2762);
#2761 = CARTESIAN_POINT('',(-0.32,-0.32,-3.));
#2762 = VECTOR('',#2763,1.);
#2763 = DIRECTION('',(0.,0.,1.));
#2764 = ORIENTED_EDGE('',*,*,#2765,.T.);
#2765 = EDGE_CURVE('',#2758,#2735,#2766,.T.);
#2766 = LINE('',#2767,#2768);
#2767 = CARTESIAN_POINT('',(-0.32,-0.32,-2.84));
#2768 = VECTOR('',#2769,1.);
#2769 = DIRECTION('',(0.,1.,0.));
#2770 = ORIENTED_EDGE('',*,*,#2742,.T.);
#2771 = ORIENTED_EDGE('',*,*,#1753,.F.);
#2772 = PLANE('',#2773);
#2773 = AXIS2_PLACEMENT_3D('',#2774,#2775,#2776);
#2774 = CARTESIAN_POINT('',(-0.32,-0.32,-3.));
#2775 = DIRECTION('',(1.,0.,0.));
#2776 = DIRECTION('',(0.,0.,1.));
#2777 = ADVANCED_FACE('',(#2778),#2789,.F.);
#2778 = FACE_BOUND('',#2779,.F.);
#2779 = EDGE_LOOP('',(#2780,#2781,#2787,#2788));
#2780 = ORIENTED_EDGE('',*,*,#2702,.F.);
#2781 = ORIENTED_EDGE('',*,*,#2782,.F.);
#2782 = EDGE_CURVE('',#2758,#2703,#2783,.T.);
#2783 = LINE('',#2784,#2785);
#2784 = CARTESIAN_POINT('',(-0.32,-0.32,-2.84));
#2785 = VECTOR('',#2786,1.);
#2786 = DIRECTION('',(1.,0.,0.));
#2787 = ORIENTED_EDGE('',*,*,#2757,.T.);
#2788 = ORIENTED_EDGE('',*,*,#1745,.F.);
#2789 = PLANE('',#2790);
#2790 = AXIS2_PLACEMENT_3D('',#2791,#2792,#2793);
#2791 = CARTESIAN_POINT('',(-0.32,-0.32,-3.));
#2792 = DIRECTION('',(0.,1.,0.));
#2793 = DIRECTION('',(0.,-0.,1.));
#2794 = ADVANCED_FACE('',(#2795),#2820,.T.);
#2795 = FACE_BOUND('',#2796,.T.);
#2796 = EDGE_LOOP('',(#2797,#2805,#2813,#2819));
#2797 = ORIENTED_EDGE('',*,*,#2798,.F.);
#2798 = EDGE_CURVE('',#2799,#1770,#2801,.T.);
#2799 = VERTEX_POINT('',#2800);
#2800 = CARTESIAN_POINT('',(2.86,-0.32,-2.84));
#2801 = LINE('',#2802,#2803);
#2802 = CARTESIAN_POINT('',(2.86,-0.32,-3.));
#2803 = VECTOR('',#2804,1.);
#2804 = DIRECTION('',(0.,0.,1.));
#2805 = ORIENTED_EDGE('',*,*,#2806,.T.);
#2806 = EDGE_CURVE('',#2799,#2807,#2809,.T.);
#2807 = VERTEX_POINT('',#2808);
#2808 = CARTESIAN_POINT('',(2.86,0.32,-2.84));
#2809 = LINE('',#2810,#2811);
#2810 = CARTESIAN_POINT('',(2.86,-0.32,-2.84));
#2811 = VECTOR('',#2812,1.);
#2812 = DIRECTION('',(0.,1.,0.));
#2813 = ORIENTED_EDGE('',*,*,#2814,.T.);
#2814 = EDGE_CURVE('',#2807,#1772,#2815,.T.);
#2815 = LINE('',#2816,#2817);
#2816 = CARTESIAN_POINT('',(2.86,0.32,-3.));
#2817 = VECTOR('',#2818,1.);
#2818 = DIRECTION('',(0.,0.,1.));
#2819 = ORIENTED_EDGE('',*,*,#1769,.F.);
#2820 = PLANE('',#2821);
#2821 = AXIS2_PLACEMENT_3D('',#2822,#2823,#2824);
#2822 = CARTESIAN_POINT('',(2.86,-0.32,-3.));
#2823 = DIRECTION('',(1.,0.,0.));
#2824 = DIRECTION('',(0.,0.,1.));
#2825 = ADVANCED_FACE('',(#2826),#2844,.T.);
#2826 = FACE_BOUND('',#2827,.T.);
#2827 = EDGE_LOOP('',(#2828,#2829,#2837,#2843));
#2828 = ORIENTED_EDGE('',*,*,#2814,.F.);
#2829 = ORIENTED_EDGE('',*,*,#2830,.F.);
#2830 = EDGE_CURVE('',#2831,#2807,#2833,.T.);
#2831 = VERTEX_POINT('',#2832);
#2832 = CARTESIAN_POINT('',(2.22,0.32,-2.84));
#2833 = LINE('',#2834,#2835);
#2834 = CARTESIAN_POINT('',(2.22,0.32,-2.84));
#2835 = VECTOR('',#2836,1.);
#2836 = DIRECTION('',(1.,0.,0.));
#2837 = ORIENTED_EDGE('',*,*,#2838,.T.);
#2838 = EDGE_CURVE('',#2831,#1788,#2839,.T.);
#2839 = LINE('',#2840,#2841);
#2840 = CARTESIAN_POINT('',(2.22,0.32,-3.));
#2841 = VECTOR('',#2842,1.);
#2842 = DIRECTION('',(0.,0.,1.));
#2843 = ORIENTED_EDGE('',*,*,#1795,.F.);
#2844 = PLANE('',#2845);
#2845 = AXIS2_PLACEMENT_3D('',#2846,#2847,#2848);
#2846 = CARTESIAN_POINT('',(2.22,0.32,-3.));
#2847 = DIRECTION('',(0.,1.,0.));
#2848 = DIRECTION('',(0.,-0.,1.));
#2849 = ADVANCED_FACE('',(#2850),#2868,.F.);
#2850 = FACE_BOUND('',#2851,.F.);
#2851 = EDGE_LOOP('',(#2852,#2860,#2866,#2867));
#2852 = ORIENTED_EDGE('',*,*,#2853,.F.);
#2853 = EDGE_CURVE('',#2854,#1780,#2856,.T.);
#2854 = VERTEX_POINT('',#2855);
#2855 = CARTESIAN_POINT('',(2.22,-0.32,-2.84));
#2856 = LINE('',#2857,#2858);
#2857 = CARTESIAN_POINT('',(2.22,-0.32,-3.));
#2858 = VECTOR('',#2859,1.);
#2859 = DIRECTION('',(0.,0.,1.));
#2860 = ORIENTED_EDGE('',*,*,#2861,.T.);
#2861 = EDGE_CURVE('',#2854,#2831,#2862,.T.);
#2862 = LINE('',#2863,#2864);
#2863 = CARTESIAN_POINT('',(2.22,-0.32,-2.84));
#2864 = VECTOR('',#2865,1.);
#2865 = DIRECTION('',(0.,1.,0.));
#2866 = ORIENTED_EDGE('',*,*,#2838,.T.);
#2867 = ORIENTED_EDGE('',*,*,#1787,.F.);
#2868 = PLANE('',#2869);
#2869 = AXIS2_PLACEMENT_3D('',#2870,#2871,#2872);
#2870 = CARTESIAN_POINT('',(2.22,-0.32,-3.));
#2871 = DIRECTION('',(1.,0.,0.));
#2872 = DIRECTION('',(0.,0.,1.));
#2873 = ADVANCED_FACE('',(#2874),#2885,.F.);
#2874 = FACE_BOUND('',#2875,.F.);
#2875 = EDGE_LOOP('',(#2876,#2877,#2883,#2884));
#2876 = ORIENTED_EDGE('',*,*,#2798,.F.);
#2877 = ORIENTED_EDGE('',*,*,#2878,.F.);
#2878 = EDGE_CURVE('',#2854,#2799,#2879,.T.);
#2879 = LINE('',#2880,#2881);
#2880 = CARTESIAN_POINT('',(2.22,-0.32,-2.84));
#2881 = VECTOR('',#2882,1.);
#2882 = DIRECTION('',(1.,0.,0.));
#2883 = ORIENTED_EDGE('',*,*,#2853,.T.);
#2884 = ORIENTED_EDGE('',*,*,#1779,.F.);
#2885 = PLANE('',#2886);
#2886 = AXIS2_PLACEMENT_3D('',#2887,#2888,#2889);
#2887 = CARTESIAN_POINT('',(2.22,-0.32,-3.));
#2888 = DIRECTION('',(0.,1.,0.));
#2889 = DIRECTION('',(0.,-0.,1.));
#2890 = ADVANCED_FACE('',(#2891),#2916,.T.);
#2891 = FACE_BOUND('',#2892,.T.);
#2892 = EDGE_LOOP('',(#2893,#2901,#2909,#2915));
#2893 = ORIENTED_EDGE('',*,*,#2894,.F.);
#2894 = EDGE_CURVE('',#2895,#1804,#2897,.T.);
#2895 = VERTEX_POINT('',#2896);
#2896 = CARTESIAN_POINT('',(2.86,-5.4,-2.84));
#2897 = LINE('',#2898,#2899);
#2898 = CARTESIAN_POINT('',(2.86,-5.4,-3.));
#2899 = VECTOR('',#2900,1.);
#2900 = DIRECTION('',(0.,0.,1.));
#2901 = ORIENTED_EDGE('',*,*,#2902,.T.);
#2902 = EDGE_CURVE('',#2895,#2903,#2905,.T.);
#2903 = VERTEX_POINT('',#2904);
#2904 = CARTESIAN_POINT('',(2.86,-4.76,-2.84));
#2905 = LINE('',#2906,#2907);
#2906 = CARTESIAN_POINT('',(2.86,-5.4,-2.84));
#2907 = VECTOR('',#2908,1.);
#2908 = DIRECTION('',(0.,1.,0.));
#2909 = ORIENTED_EDGE('',*,*,#2910,.T.);
#2910 = EDGE_CURVE('',#2903,#1806,#2911,.T.);
#2911 = LINE('',#2912,#2913);
#2912 = CARTESIAN_POINT('',(2.86,-4.76,-3.));
#2913 = VECTOR('',#2914,1.);
#2914 = DIRECTION('',(0.,0.,1.));
#2915 = ORIENTED_EDGE('',*,*,#1803,.F.);
#2916 = PLANE('',#2917);
#2917 = AXIS2_PLACEMENT_3D('',#2918,#2919,#2920);
#2918 = CARTESIAN_POINT('',(2.86,-5.4,-3.));
#2919 = DIRECTION('',(1.,0.,0.));
#2920 = DIRECTION('',(0.,0.,1.));
#2921 = ADVANCED_FACE('',(#2922),#2940,.T.);
#2922 = FACE_BOUND('',#2923,.T.);
#2923 = EDGE_LOOP('',(#2924,#2925,#2933,#2939));
#2924 = ORIENTED_EDGE('',*,*,#2910,.F.);
#2925 = ORIENTED_EDGE('',*,*,#2926,.F.);
#2926 = EDGE_CURVE('',#2927,#2903,#2929,.T.);
#2927 = VERTEX_POINT('',#2928);
#2928 = CARTESIAN_POINT('',(2.22,-4.76,-2.84));
#2929 = LINE('',#2930,#2931);
#2930 = CARTESIAN_POINT('',(2.22,-4.76,-2.84));
#2931 = VECTOR('',#2932,1.);
#2932 = DIRECTION('',(1.,0.,0.));
#2933 = ORIENTED_EDGE('',*,*,#2934,.T.);
#2934 = EDGE_CURVE('',#2927,#1822,#2935,.T.);
#2935 = LINE('',#2936,#2937);
#2936 = CARTESIAN_POINT('',(2.22,-4.76,-3.));
#2937 = VECTOR('',#2938,1.);
#2938 = DIRECTION('',(0.,0.,1.));
#2939 = ORIENTED_EDGE('',*,*,#1829,.F.);
#2940 = PLANE('',#2941);
#2941 = AXIS2_PLACEMENT_3D('',#2942,#2943,#2944);
#2942 = CARTESIAN_POINT('',(2.22,-4.76,-3.));
#2943 = DIRECTION('',(0.,1.,0.));
#2944 = DIRECTION('',(0.,-0.,1.));
#2945 = ADVANCED_FACE('',(#2946),#2964,.F.);
#2946 = FACE_BOUND('',#2947,.F.);
#2947 = EDGE_LOOP('',(#2948,#2956,#2962,#2963));
#2948 = ORIENTED_EDGE('',*,*,#2949,.F.);
#2949 = EDGE_CURVE('',#2950,#1814,#2952,.T.);
#2950 = VERTEX_POINT('',#2951);
#2951 = CARTESIAN_POINT('',(2.22,-5.4,-2.84));
#2952 = LINE('',#2953,#2954);
#2953 = CARTESIAN_POINT('',(2.22,-5.4,-3.));
#2954 = VECTOR('',#2955,1.);
#2955 = DIRECTION('',(0.,0.,1.));
#2956 = ORIENTED_EDGE('',*,*,#2957,.T.);
#2957 = EDGE_CURVE('',#2950,#2927,#2958,.T.);
#2958 = LINE('',#2959,#2960);
#2959 = CARTESIAN_POINT('',(2.22,-5.4,-2.84));
#2960 = VECTOR('',#2961,1.);
#2961 = DIRECTION('',(0.,1.,0.));
#2962 = ORIENTED_EDGE('',*,*,#2934,.T.);
#2963 = ORIENTED_EDGE('',*,*,#1821,.F.);
#2964 = PLANE('',#2965);
#2965 = AXIS2_PLACEMENT_3D('',#2966,#2967,#2968);
#2966 = CARTESIAN_POINT('',(2.22,-5.4,-3.));
#2967 = DIRECTION('',(1.,0.,0.));
#2968 = DIRECTION('',(0.,0.,1.));
#2969 = ADVANCED_FACE('',(#2970),#2981,.F.);
#2970 = FACE_BOUND('',#2971,.F.);
#2971 = EDGE_LOOP('',(#2972,#2973,#2979,#2980));
#2972 = ORIENTED_EDGE('',*,*,#2894,.F.);
#2973 = ORIENTED_EDGE('',*,*,#2974,.F.);
#2974 = EDGE_CURVE('',#2950,#2895,#2975,.T.);
#2975 = LINE('',#2976,#2977);
#2976 = CARTESIAN_POINT('',(2.22,-5.4,-2.84));
#2977 = VECTOR('',#2978,1.);
#2978 = DIRECTION('',(1.,0.,0.));
#2979 = ORIENTED_EDGE('',*,*,#2949,.T.);
#2980 = ORIENTED_EDGE('',*,*,#1813,.F.);
#2981 = PLANE('',#2982);
#2982 = AXIS2_PLACEMENT_3D('',#2983,#2984,#2985);
#2983 = CARTESIAN_POINT('',(2.22,-5.4,-3.));
#2984 = DIRECTION('',(0.,1.,0.));
#2985 = DIRECTION('',(0.,-0.,1.));
#2986 = ADVANCED_FACE('',(#2987),#3012,.T.);
#2987 = FACE_BOUND('',#2988,.T.);
#2988 = EDGE_LOOP('',(#2989,#2997,#3005,#3011));
#2989 = ORIENTED_EDGE('',*,*,#2990,.F.);
#2990 = EDGE_CURVE('',#2991,#1838,#2993,.T.);
#2991 = VERTEX_POINT('',#2992);
#2992 = CARTESIAN_POINT('',(0.32,-5.4,-2.84));
#2993 = LINE('',#2994,#2995);
#2994 = CARTESIAN_POINT('',(0.32,-5.4,-3.));
#2995 = VECTOR('',#2996,1.);
#2996 = DIRECTION('',(0.,0.,1.));
#2997 = ORIENTED_EDGE('',*,*,#2998,.T.);
#2998 = EDGE_CURVE('',#2991,#2999,#3001,.T.);
#2999 = VERTEX_POINT('',#3000);
#3000 = CARTESIAN_POINT('',(0.32,-4.76,-2.84));
#3001 = LINE('',#3002,#3003);
#3002 = CARTESIAN_POINT('',(0.32,-5.4,-2.84));
#3003 = VECTOR('',#3004,1.);
#3004 = DIRECTION('',(0.,1.,0.));
#3005 = ORIENTED_EDGE('',*,*,#3006,.T.);
#3006 = EDGE_CURVE('',#2999,#1840,#3007,.T.);
#3007 = LINE('',#3008,#3009);
#3008 = CARTESIAN_POINT('',(0.32,-4.76,-3.));
#3009 = VECTOR('',#3010,1.);
#3010 = DIRECTION('',(0.,0.,1.));
#3011 = ORIENTED_EDGE('',*,*,#1837,.F.);
#3012 = PLANE('',#3013);
#3013 = AXIS2_PLACEMENT_3D('',#3014,#3015,#3016);
#3014 = CARTESIAN_POINT('',(0.32,-5.4,-3.));
#3015 = DIRECTION('',(1.,0.,0.));
#3016 = DIRECTION('',(0.,0.,1.));
#3017 = ADVANCED_FACE('',(#3018),#3036,.T.);
#3018 = FACE_BOUND('',#3019,.T.);
#3019 = EDGE_LOOP('',(#3020,#3021,#3029,#3035));
#3020 = ORIENTED_EDGE('',*,*,#3006,.F.);
#3021 = ORIENTED_EDGE('',*,*,#3022,.F.);
#3022 = EDGE_CURVE('',#3023,#2999,#3025,.T.);
#3023 = VERTEX_POINT('',#3024);
#3024 = CARTESIAN_POINT('',(-0.32,-4.76,-2.84));
#3025 = LINE('',#3026,#3027);
#3026 = CARTESIAN_POINT('',(-0.32,-4.76,-2.84));
#3027 = VECTOR('',#3028,1.);
#3028 = DIRECTION('',(1.,0.,0.));
#3029 = ORIENTED_EDGE('',*,*,#3030,.T.);
#3030 = EDGE_CURVE('',#3023,#1856,#3031,.T.);
#3031 = LINE('',#3032,#3033);
#3032 = CARTESIAN_POINT('',(-0.32,-4.76,-3.));
#3033 = VECTOR('',#3034,1.);
#3034 = DIRECTION('',(0.,0.,1.));
#3035 = ORIENTED_EDGE('',*,*,#1863,.F.);
#3036 = PLANE('',#3037);
#3037 = AXIS2_PLACEMENT_3D('',#3038,#3039,#3040);
#3038 = CARTESIAN_POINT('',(-0.32,-4.76,-3.));
#3039 = DIRECTION('',(0.,1.,0.));
#3040 = DIRECTION('',(0.,-0.,1.));
#3041 = ADVANCED_FACE('',(#3042),#3060,.F.);
#3042 = FACE_BOUND('',#3043,.F.);
#3043 = EDGE_LOOP('',(#3044,#3052,#3058,#3059));
#3044 = ORIENTED_EDGE('',*,*,#3045,.F.);
#3045 = EDGE_CURVE('',#3046,#1848,#3048,.T.);
#3046 = VERTEX_POINT('',#3047);
#3047 = CARTESIAN_POINT('',(-0.32,-5.4,-2.84));
#3048 = LINE('',#3049,#3050);
#3049 = CARTESIAN_POINT('',(-0.32,-5.4,-3.));
#3050 = VECTOR('',#3051,1.);
#3051 = DIRECTION('',(0.,0.,1.));
#3052 = ORIENTED_EDGE('',*,*,#3053,.T.);
#3053 = EDGE_CURVE('',#3046,#3023,#3054,.T.);
#3054 = LINE('',#3055,#3056);
#3055 = CARTESIAN_POINT('',(-0.32,-5.4,-2.84));
#3056 = VECTOR('',#3057,1.);
#3057 = DIRECTION('',(0.,1.,0.));
#3058 = ORIENTED_EDGE('',*,*,#3030,.T.);
#3059 = ORIENTED_EDGE('',*,*,#1855,.F.);
#3060 = PLANE('',#3061);
#3061 = AXIS2_PLACEMENT_3D('',#3062,#3063,#3064);
#3062 = CARTESIAN_POINT('',(-0.32,-5.4,-3.));
#3063 = DIRECTION('',(1.,0.,0.));
#3064 = DIRECTION('',(0.,0.,1.));
#3065 = ADVANCED_FACE('',(#3066),#3077,.F.);
#3066 = FACE_BOUND('',#3067,.F.);
#3067 = EDGE_LOOP('',(#3068,#3069,#3075,#3076));
#3068 = ORIENTED_EDGE('',*,*,#2990,.F.);
#3069 = ORIENTED_EDGE('',*,*,#3070,.F.);
#3070 = EDGE_CURVE('',#3046,#2991,#3071,.T.);
#3071 = LINE('',#3072,#3073);
#3072 = CARTESIAN_POINT('',(-0.32,-5.4,-2.84));
#3073 = VECTOR('',#3074,1.);
#3074 = DIRECTION('',(1.,0.,0.));
#3075 = ORIENTED_EDGE('',*,*,#3045,.T.);
#3076 = ORIENTED_EDGE('',*,*,#1847,.F.);
#3077 = PLANE('',#3078);
#3078 = AXIS2_PLACEMENT_3D('',#3079,#3080,#3081);
#3079 = CARTESIAN_POINT('',(-0.32,-5.4,-3.));
#3080 = DIRECTION('',(0.,1.,0.));
#3081 = DIRECTION('',(0.,-0.,1.));
#3082 = ADVANCED_FACE('',(#3083),#3108,.T.);
#3083 = FACE_BOUND('',#3084,.T.);
#3084 = EDGE_LOOP('',(#3085,#3093,#3094,#3102));
#3085 = ORIENTED_EDGE('',*,*,#3086,.F.);
#3086 = EDGE_CURVE('',#2017,#3087,#3089,.T.);
#3087 = VERTEX_POINT('',#3088);
#3088 = CARTESIAN_POINT('',(2.86,-2.86,8.38));
#3089 = LINE('',#3090,#3091);
#3090 = CARTESIAN_POINT('',(2.86,-2.86,-3.));
#3091 = VECTOR('',#3092,1.);
#3092 = DIRECTION('',(0.,0.,1.));
#3093 = ORIENTED_EDGE('',*,*,#2016,.T.);
#3094 = ORIENTED_EDGE('',*,*,#3095,.T.);
#3095 = EDGE_CURVE('',#2019,#3096,#3098,.T.);
#3096 = VERTEX_POINT('',#3097);
#3097 = CARTESIAN_POINT('',(2.86,-2.22,8.38));
#3098 = LINE('',#3099,#3100);
#3099 = CARTESIAN_POINT('',(2.86,-2.22,-3.));
#3100 = VECTOR('',#3101,1.);
#3101 = DIRECTION('',(0.,0.,1.));
#3102 = ORIENTED_EDGE('',*,*,#3103,.F.);
#3103 = EDGE_CURVE('',#3087,#3096,#3104,.T.);
#3104 = LINE('',#3105,#3106);
#3105 = CARTESIAN_POINT('',(2.86,-2.86,8.38));
#3106 = VECTOR('',#3107,1.);
#3107 = DIRECTION('',(0.,1.,0.));
#3108 = PLANE('',#3109);
#3109 = AXIS2_PLACEMENT_3D('',#3110,#3111,#3112);
#3110 = CARTESIAN_POINT('',(2.86,-2.86,-3.));
#3111 = DIRECTION('',(1.,0.,0.));
#3112 = DIRECTION('',(0.,0.,1.));
#3113 = ADVANCED_FACE('',(#3114),#3132,.T.);
#3114 = FACE_BOUND('',#3115,.T.);
#3115 = EDGE_LOOP('',(#3116,#3117,#3118,#3126));
#3116 = ORIENTED_EDGE('',*,*,#3095,.F.);
#3117 = ORIENTED_EDGE('',*,*,#2042,.T.);
#3118 = ORIENTED_EDGE('',*,*,#3119,.T.);
#3119 = EDGE_CURVE('',#2035,#3120,#3122,.T.);
#3120 = VERTEX_POINT('',#3121);
#3121 = CARTESIAN_POINT('',(2.22,-2.22,8.38));
#3122 = LINE('',#3123,#3124);
#3123 = CARTESIAN_POINT('',(2.22,-2.22,-3.));
#3124 = VECTOR('',#3125,1.);
#3125 = DIRECTION('',(0.,0.,1.));
#3126 = ORIENTED_EDGE('',*,*,#3127,.T.);
#3127 = EDGE_CURVE('',#3120,#3096,#3128,.T.);
#3128 = LINE('',#3129,#3130);
#3129 = CARTESIAN_POINT('',(2.22,-2.22,8.38));
#3130 = VECTOR('',#3131,1.);
#3131 = DIRECTION('',(1.,0.,0.));
#3132 = PLANE('',#3133);
#3133 = AXIS2_PLACEMENT_3D('',#3134,#3135,#3136);
#3134 = CARTESIAN_POINT('',(2.22,-2.22,-3.));
#3135 = DIRECTION('',(0.,1.,0.));
#3136 = DIRECTION('',(0.,-0.,1.));
#3137 = ADVANCED_FACE('',(#3138),#3156,.F.);
#3138 = FACE_BOUND('',#3139,.F.);
#3139 = EDGE_LOOP('',(#3140,#3148,#3149,#3150));
#3140 = ORIENTED_EDGE('',*,*,#3141,.F.);
#3141 = EDGE_CURVE('',#2027,#3142,#3144,.T.);
#3142 = VERTEX_POINT('',#3143);
#3143 = CARTESIAN_POINT('',(2.22,-2.86,8.38));
#3144 = LINE('',#3145,#3146);
#3145 = CARTESIAN_POINT('',(2.22,-2.86,-3.));
#3146 = VECTOR('',#3147,1.);
#3147 = DIRECTION('',(0.,0.,1.));
#3148 = ORIENTED_EDGE('',*,*,#2034,.T.);
#3149 = ORIENTED_EDGE('',*,*,#3119,.T.);
#3150 = ORIENTED_EDGE('',*,*,#3151,.F.);
#3151 = EDGE_CURVE('',#3142,#3120,#3152,.T.);
#3152 = LINE('',#3153,#3154);
#3153 = CARTESIAN_POINT('',(2.22,-2.86,8.38));
#3154 = VECTOR('',#3155,1.);
#3155 = DIRECTION('',(0.,1.,0.));
#3156 = PLANE('',#3157);
#3157 = AXIS2_PLACEMENT_3D('',#3158,#3159,#3160);
#3158 = CARTESIAN_POINT('',(2.22,-2.86,-3.));
#3159 = DIRECTION('',(1.,0.,0.));
#3160 = DIRECTION('',(0.,0.,1.));
#3161 = ADVANCED_FACE('',(#3162),#3173,.F.);
#3162 = FACE_BOUND('',#3163,.F.);
#3163 = EDGE_LOOP('',(#3164,#3165,#3166,#3167));
#3164 = ORIENTED_EDGE('',*,*,#3086,.F.);
#3165 = ORIENTED_EDGE('',*,*,#2026,.T.);
#3166 = ORIENTED_EDGE('',*,*,#3141,.T.);
#3167 = ORIENTED_EDGE('',*,*,#3168,.T.);
#3168 = EDGE_CURVE('',#3142,#3087,#3169,.T.);
#3169 = LINE('',#3170,#3171);
#3170 = CARTESIAN_POINT('',(2.22,-2.86,8.38));
#3171 = VECTOR('',#3172,1.);
#3172 = DIRECTION('',(1.,0.,0.));
#3173 = PLANE('',#3174);
#3174 = AXIS2_PLACEMENT_3D('',#3175,#3176,#3177);
#3175 = CARTESIAN_POINT('',(2.22,-2.86,-3.));
#3176 = DIRECTION('',(0.,1.,0.));
#3177 = DIRECTION('',(0.,-0.,1.));
#3178 = ADVANCED_FACE('',(#3179),#3204,.T.);
#3179 = FACE_BOUND('',#3180,.T.);
#3180 = EDGE_LOOP('',(#3181,#3189,#3190,#3198));
#3181 = ORIENTED_EDGE('',*,*,#3182,.F.);
#3182 = EDGE_CURVE('',#2051,#3183,#3185,.T.);
#3183 = VERTEX_POINT('',#3184);
#3184 = CARTESIAN_POINT('',(0.32,-2.22,8.38));
#3185 = LINE('',#3186,#3187);
#3186 = CARTESIAN_POINT('',(0.32,-2.22,-3.));
#3187 = VECTOR('',#3188,1.);
#3188 = DIRECTION('',(0.,0.,1.));
#3189 = ORIENTED_EDGE('',*,*,#2050,.T.);
#3190 = ORIENTED_EDGE('',*,*,#3191,.T.);
#3191 = EDGE_CURVE('',#2053,#3192,#3194,.T.);
#3192 = VERTEX_POINT('',#3193);
#3193 = CARTESIAN_POINT('',(-0.32,-2.22,8.38));
#3194 = LINE('',#3195,#3196);
#3195 = CARTESIAN_POINT('',(-0.32,-2.22,-3.));
#3196 = VECTOR('',#3197,1.);
#3197 = DIRECTION('',(0.,0.,1.));
#3198 = ORIENTED_EDGE('',*,*,#3199,.T.);
#3199 = EDGE_CURVE('',#3192,#3183,#3200,.T.);
#3200 = LINE('',#3201,#3202);
#3201 = CARTESIAN_POINT('',(-0.32,-2.22,8.38));
#3202 = VECTOR('',#3203,1.);
#3203 = DIRECTION('',(1.,0.,0.));
#3204 = PLANE('',#3205);
#3205 = AXIS2_PLACEMENT_3D('',#3206,#3207,#3208);
#3206 = CARTESIAN_POINT('',(-0.32,-2.22,-3.));
#3207 = DIRECTION('',(0.,1.,0.));
#3208 = DIRECTION('',(0.,-0.,1.));
#3209 = ADVANCED_FACE('',(#3210),#3228,.F.);
#3210 = FACE_BOUND('',#3211,.F.);
#3211 = EDGE_LOOP('',(#3212,#3220,#3221,#3222));
#3212 = ORIENTED_EDGE('',*,*,#3213,.F.);
#3213 = EDGE_CURVE('',#2069,#3214,#3216,.T.);
#3214 = VERTEX_POINT('',#3215);
#3215 = CARTESIAN_POINT('',(-0.32,-2.86,8.38));
#3216 = LINE('',#3217,#3218);
#3217 = CARTESIAN_POINT('',(-0.32,-2.86,-3.));
#3218 = VECTOR('',#3219,1.);
#3219 = DIRECTION('',(0.,0.,1.));
#3220 = ORIENTED_EDGE('',*,*,#2076,.T.);
#3221 = ORIENTED_EDGE('',*,*,#3191,.T.);
#3222 = ORIENTED_EDGE('',*,*,#3223,.F.);
#3223 = EDGE_CURVE('',#3214,#3192,#3224,.T.);
#3224 = LINE('',#3225,#3226);
#3225 = CARTESIAN_POINT('',(-0.32,-2.86,8.38));
#3226 = VECTOR('',#3227,1.);
#3227 = DIRECTION('',(0.,1.,0.));
#3228 = PLANE('',#3229);
#3229 = AXIS2_PLACEMENT_3D('',#3230,#3231,#3232);
#3230 = CARTESIAN_POINT('',(-0.32,-2.86,-3.));
#3231 = DIRECTION('',(1.,0.,0.));
#3232 = DIRECTION('',(0.,0.,1.));
#3233 = ADVANCED_FACE('',(#3234),#3252,.F.);
#3234 = FACE_BOUND('',#3235,.F.);
#3235 = EDGE_LOOP('',(#3236,#3244,#3245,#3246));
#3236 = ORIENTED_EDGE('',*,*,#3237,.F.);
#3237 = EDGE_CURVE('',#2061,#3238,#3240,.T.);
#3238 = VERTEX_POINT('',#3239);
#3239 = CARTESIAN_POINT('',(0.32,-2.86,8.38));
#3240 = LINE('',#3241,#3242);
#3241 = CARTESIAN_POINT('',(0.32,-2.86,-3.));
#3242 = VECTOR('',#3243,1.);
#3243 = DIRECTION('',(0.,0.,1.));
#3244 = ORIENTED_EDGE('',*,*,#2068,.T.);
#3245 = ORIENTED_EDGE('',*,*,#3213,.T.);
#3246 = ORIENTED_EDGE('',*,*,#3247,.T.);
#3247 = EDGE_CURVE('',#3214,#3238,#3248,.T.);
#3248 = LINE('',#3249,#3250);
#3249 = CARTESIAN_POINT('',(-0.32,-2.86,8.38));
#3250 = VECTOR('',#3251,1.);
#3251 = DIRECTION('',(1.,0.,0.));
#3252 = PLANE('',#3253);
#3253 = AXIS2_PLACEMENT_3D('',#3254,#3255,#3256);
#3254 = CARTESIAN_POINT('',(-0.32,-2.86,-3.));
#3255 = DIRECTION('',(0.,1.,0.));
#3256 = DIRECTION('',(0.,-0.,1.));
#3257 = ADVANCED_FACE('',(#3258),#3269,.T.);
#3258 = FACE_BOUND('',#3259,.T.);
#3259 = EDGE_LOOP('',(#3260,#3261,#3262,#3263));
#3260 = ORIENTED_EDGE('',*,*,#3237,.F.);
#3261 = ORIENTED_EDGE('',*,*,#2060,.T.);
#3262 = ORIENTED_EDGE('',*,*,#3182,.T.);
#3263 = ORIENTED_EDGE('',*,*,#3264,.F.);
#3264 = EDGE_CURVE('',#3238,#3183,#3265,.T.);
#3265 = LINE('',#3266,#3267);
#3266 = CARTESIAN_POINT('',(0.32,-2.86,8.38));
#3267 = VECTOR('',#3268,1.);
#3268 = DIRECTION('',(0.,1.,0.));
#3269 = PLANE('',#3270);
#3270 = AXIS2_PLACEMENT_3D('',#3271,#3272,#3273);
#3271 = CARTESIAN_POINT('',(0.32,-2.86,-3.));
#3272 = DIRECTION('',(1.,0.,0.));
#3273 = DIRECTION('',(0.,0.,1.));
#3274 = ADVANCED_FACE('',(#3275),#3300,.T.);
#3275 = FACE_BOUND('',#3276,.T.);
#3276 = EDGE_LOOP('',(#3277,#3285,#3286,#3294));
#3277 = ORIENTED_EDGE('',*,*,#3278,.F.);
#3278 = EDGE_CURVE('',#2085,#3279,#3281,.T.);
#3279 = VERTEX_POINT('',#3280);
#3280 = CARTESIAN_POINT('',(0.32,-0.32,8.38));
#3281 = LINE('',#3282,#3283);
#3282 = CARTESIAN_POINT('',(0.32,-0.32,-3.));
#3283 = VECTOR('',#3284,1.);
#3284 = DIRECTION('',(0.,0.,1.));
#3285 = ORIENTED_EDGE('',*,*,#2084,.T.);
#3286 = ORIENTED_EDGE('',*,*,#3287,.T.);
#3287 = EDGE_CURVE('',#2087,#3288,#3290,.T.);
#3288 = VERTEX_POINT('',#3289);
#3289 = CARTESIAN_POINT('',(0.32,0.32,8.38));
#3290 = LINE('',#3291,#3292);
#3291 = CARTESIAN_POINT('',(0.32,0.32,-3.));
#3292 = VECTOR('',#3293,1.);
#3293 = DIRECTION('',(0.,0.,1.));
#3294 = ORIENTED_EDGE('',*,*,#3295,.F.);
#3295 = EDGE_CURVE('',#3279,#3288,#3296,.T.);
#3296 = LINE('',#3297,#3298);
#3297 = CARTESIAN_POINT('',(0.32,-0.32,8.38));
#3298 = VECTOR('',#3299,1.);
#3299 = DIRECTION('',(0.,1.,0.));
#3300 = PLANE('',#3301);
#3301 = AXIS2_PLACEMENT_3D('',#3302,#3303,#3304);
#3302 = CARTESIAN_POINT('',(0.32,-0.32,-3.));
#3303 = DIRECTION('',(1.,0.,0.));
#3304 = DIRECTION('',(0.,0.,1.));
#3305 = ADVANCED_FACE('',(#3306),#3324,.T.);
#3306 = FACE_BOUND('',#3307,.T.);
#3307 = EDGE_LOOP('',(#3308,#3309,#3310,#3318));
#3308 = ORIENTED_EDGE('',*,*,#3287,.F.);
#3309 = ORIENTED_EDGE('',*,*,#2110,.T.);
#3310 = ORIENTED_EDGE('',*,*,#3311,.T.);
#3311 = EDGE_CURVE('',#2103,#3312,#3314,.T.);
#3312 = VERTEX_POINT('',#3313);
#3313 = CARTESIAN_POINT('',(-0.32,0.32,8.38));
#3314 = LINE('',#3315,#3316);
#3315 = CARTESIAN_POINT('',(-0.32,0.32,-3.));
#3316 = VECTOR('',#3317,1.);
#3317 = DIRECTION('',(0.,0.,1.));
#3318 = ORIENTED_EDGE('',*,*,#3319,.T.);
#3319 = EDGE_CURVE('',#3312,#3288,#3320,.T.);
#3320 = LINE('',#3321,#3322);
#3321 = CARTESIAN_POINT('',(-0.32,0.32,8.38));
#3322 = VECTOR('',#3323,1.);
#3323 = DIRECTION('',(1.,0.,0.));
#3324 = PLANE('',#3325);
#3325 = AXIS2_PLACEMENT_3D('',#3326,#3327,#3328);
#3326 = CARTESIAN_POINT('',(-0.32,0.32,-3.));
#3327 = DIRECTION('',(0.,1.,0.));
#3328 = DIRECTION('',(0.,-0.,1.));
#3329 = ADVANCED_FACE('',(#3330),#3348,.F.);
#3330 = FACE_BOUND('',#3331,.F.);
#3331 = EDGE_LOOP('',(#3332,#3340,#3341,#3342));
#3332 = ORIENTED_EDGE('',*,*,#3333,.F.);
#3333 = EDGE_CURVE('',#2095,#3334,#3336,.T.);
#3334 = VERTEX_POINT('',#3335);
#3335 = CARTESIAN_POINT('',(-0.32,-0.32,8.38));
#3336 = LINE('',#3337,#3338);
#3337 = CARTESIAN_POINT('',(-0.32,-0.32,-3.));
#3338 = VECTOR('',#3339,1.);
#3339 = DIRECTION('',(0.,0.,1.));
#3340 = ORIENTED_EDGE('',*,*,#2102,.T.);
#3341 = ORIENTED_EDGE('',*,*,#3311,.T.);
#3342 = ORIENTED_EDGE('',*,*,#3343,.F.);
#3343 = EDGE_CURVE('',#3334,#3312,#3344,.T.);
#3344 = LINE('',#3345,#3346);
#3345 = CARTESIAN_POINT('',(-0.32,-0.32,8.38));
#3346 = VECTOR('',#3347,1.);
#3347 = DIRECTION('',(0.,1.,0.));
#3348 = PLANE('',#3349);
#3349 = AXIS2_PLACEMENT_3D('',#3350,#3351,#3352);
#3350 = CARTESIAN_POINT('',(-0.32,-0.32,-3.));
#3351 = DIRECTION('',(1.,0.,0.));
#3352 = DIRECTION('',(0.,0.,1.));
#3353 = ADVANCED_FACE('',(#3354),#3365,.F.);
#3354 = FACE_BOUND('',#3355,.F.);
#3355 = EDGE_LOOP('',(#3356,#3357,#3358,#3359));
#3356 = ORIENTED_EDGE('',*,*,#3278,.F.);
#3357 = ORIENTED_EDGE('',*,*,#2094,.T.);
#3358 = ORIENTED_EDGE('',*,*,#3333,.T.);
#3359 = ORIENTED_EDGE('',*,*,#3360,.T.);
#3360 = EDGE_CURVE('',#3334,#3279,#3361,.T.);
#3361 = LINE('',#3362,#3363);
#3362 = CARTESIAN_POINT('',(-0.32,-0.32,8.38));
#3363 = VECTOR('',#3364,1.);
#3364 = DIRECTION('',(1.,0.,0.));
#3365 = PLANE('',#3366);
#3366 = AXIS2_PLACEMENT_3D('',#3367,#3368,#3369);
#3367 = CARTESIAN_POINT('',(-0.32,-0.32,-3.));
#3368 = DIRECTION('',(0.,1.,0.));
#3369 = DIRECTION('',(0.,-0.,1.));
#3370 = ADVANCED_FACE('',(#3371),#3396,.T.);
#3371 = FACE_BOUND('',#3372,.T.);
#3372 = EDGE_LOOP('',(#3373,#3381,#3382,#3390));
#3373 = ORIENTED_EDGE('',*,*,#3374,.F.);
#3374 = EDGE_CURVE('',#2119,#3375,#3377,.T.);
#3375 = VERTEX_POINT('',#3376);
#3376 = CARTESIAN_POINT('',(2.86,-0.32,8.38));
#3377 = LINE('',#3378,#3379);
#3378 = CARTESIAN_POINT('',(2.86,-0.32,-3.));
#3379 = VECTOR('',#3380,1.);
#3380 = DIRECTION('',(0.,0.,1.));
#3381 = ORIENTED_EDGE('',*,*,#2118,.T.);
#3382 = ORIENTED_EDGE('',*,*,#3383,.T.);
#3383 = EDGE_CURVE('',#2121,#3384,#3386,.T.);
#3384 = VERTEX_POINT('',#3385);
#3385 = CARTESIAN_POINT('',(2.86,0.32,8.38));
#3386 = LINE('',#3387,#3388);
#3387 = CARTESIAN_POINT('',(2.86,0.32,-3.));
#3388 = VECTOR('',#3389,1.);
#3389 = DIRECTION('',(0.,0.,1.));
#3390 = ORIENTED_EDGE('',*,*,#3391,.F.);
#3391 = EDGE_CURVE('',#3375,#3384,#3392,.T.);
#3392 = LINE('',#3393,#3394);
#3393 = CARTESIAN_POINT('',(2.86,-0.32,8.38));
#3394 = VECTOR('',#3395,1.);
#3395 = DIRECTION('',(0.,1.,0.));
#3396 = PLANE('',#3397);
#3397 = AXIS2_PLACEMENT_3D('',#3398,#3399,#3400);
#3398 = CARTESIAN_POINT('',(2.86,-0.32,-3.));
#3399 = DIRECTION('',(1.,0.,0.));
#3400 = DIRECTION('',(0.,0.,1.));
#3401 = ADVANCED_FACE('',(#3402),#3420,.T.);
#3402 = FACE_BOUND('',#3403,.T.);
#3403 = EDGE_LOOP('',(#3404,#3405,#3406,#3414));
#3404 = ORIENTED_EDGE('',*,*,#3383,.F.);
#3405 = ORIENTED_EDGE('',*,*,#2144,.T.);
#3406 = ORIENTED_EDGE('',*,*,#3407,.T.);
#3407 = EDGE_CURVE('',#2137,#3408,#3410,.T.);
#3408 = VERTEX_POINT('',#3409);
#3409 = CARTESIAN_POINT('',(2.22,0.32,8.38));
#3410 = LINE('',#3411,#3412);
#3411 = CARTESIAN_POINT('',(2.22,0.32,-3.));
#3412 = VECTOR('',#3413,1.);
#3413 = DIRECTION('',(0.,0.,1.));
#3414 = ORIENTED_EDGE('',*,*,#3415,.T.);
#3415 = EDGE_CURVE('',#3408,#3384,#3416,.T.);
#3416 = LINE('',#3417,#3418);
#3417 = CARTESIAN_POINT('',(2.22,0.32,8.38));
#3418 = VECTOR('',#3419,1.);
#3419 = DIRECTION('',(1.,0.,0.));
#3420 = PLANE('',#3421);
#3421 = AXIS2_PLACEMENT_3D('',#3422,#3423,#3424);
#3422 = CARTESIAN_POINT('',(2.22,0.32,-3.));
#3423 = DIRECTION('',(0.,1.,0.));
#3424 = DIRECTION('',(0.,-0.,1.));
#3425 = ADVANCED_FACE('',(#3426),#3444,.F.);
#3426 = FACE_BOUND('',#3427,.F.);
#3427 = EDGE_LOOP('',(#3428,#3436,#3437,#3438));
#3428 = ORIENTED_EDGE('',*,*,#3429,.F.);
#3429 = EDGE_CURVE('',#2129,#3430,#3432,.T.);
#3430 = VERTEX_POINT('',#3431);
#3431 = CARTESIAN_POINT('',(2.22,-0.32,8.38));
#3432 = LINE('',#3433,#3434);
#3433 = CARTESIAN_POINT('',(2.22,-0.32,-3.));
#3434 = VECTOR('',#3435,1.);
#3435 = DIRECTION('',(0.,0.,1.));
#3436 = ORIENTED_EDGE('',*,*,#2136,.T.);
#3437 = ORIENTED_EDGE('',*,*,#3407,.T.);
#3438 = ORIENTED_EDGE('',*,*,#3439,.F.);
#3439 = EDGE_CURVE('',#3430,#3408,#3440,.T.);
#3440 = LINE('',#3441,#3442);
#3441 = CARTESIAN_POINT('',(2.22,-0.32,8.38));
#3442 = VECTOR('',#3443,1.);
#3443 = DIRECTION('',(0.,1.,0.));
#3444 = PLANE('',#3445);
#3445 = AXIS2_PLACEMENT_3D('',#3446,#3447,#3448);
#3446 = CARTESIAN_POINT('',(2.22,-0.32,-3.));
#3447 = DIRECTION('',(1.,0.,0.));
#3448 = DIRECTION('',(0.,0.,1.));
#3449 = ADVANCED_FACE('',(#3450),#3461,.F.);
#3450 = FACE_BOUND('',#3451,.F.);
#3451 = EDGE_LOOP('',(#3452,#3453,#3454,#3455));
#3452 = ORIENTED_EDGE('',*,*,#3374,.F.);
#3453 = ORIENTED_EDGE('',*,*,#2128,.T.);
#3454 = ORIENTED_EDGE('',*,*,#3429,.T.);
#3455 = ORIENTED_EDGE('',*,*,#3456,.T.);
#3456 = EDGE_CURVE('',#3430,#3375,#3457,.T.);
#3457 = LINE('',#3458,#3459);
#3458 = CARTESIAN_POINT('',(2.22,-0.32,8.38));
#3459 = VECTOR('',#3460,1.);
#3460 = DIRECTION('',(1.,0.,0.));
#3461 = PLANE('',#3462);
#3462 = AXIS2_PLACEMENT_3D('',#3463,#3464,#3465);
#3463 = CARTESIAN_POINT('',(2.22,-0.32,-3.));
#3464 = DIRECTION('',(0.,1.,0.));
#3465 = DIRECTION('',(0.,-0.,1.));
#3466 = ADVANCED_FACE('',(#3467),#3492,.T.);
#3467 = FACE_BOUND('',#3468,.T.);
#3468 = EDGE_LOOP('',(#3469,#3477,#3478,#3486));
#3469 = ORIENTED_EDGE('',*,*,#3470,.F.);
#3470 = EDGE_CURVE('',#2153,#3471,#3473,.T.);
#3471 = VERTEX_POINT('',#3472);
#3472 = CARTESIAN_POINT('',(2.86,-5.4,8.38));
#3473 = LINE('',#3474,#3475);
#3474 = CARTESIAN_POINT('',(2.86,-5.4,-3.));
#3475 = VECTOR('',#3476,1.);
#3476 = DIRECTION('',(0.,0.,1.));
#3477 = ORIENTED_EDGE('',*,*,#2152,.T.);
#3478 = ORIENTED_EDGE('',*,*,#3479,.T.);
#3479 = EDGE_CURVE('',#2155,#3480,#3482,.T.);
#3480 = VERTEX_POINT('',#3481);
#3481 = CARTESIAN_POINT('',(2.86,-4.76,8.38));
#3482 = LINE('',#3483,#3484);
#3483 = CARTESIAN_POINT('',(2.86,-4.76,-3.));
#3484 = VECTOR('',#3485,1.);
#3485 = DIRECTION('',(0.,0.,1.));
#3486 = ORIENTED_EDGE('',*,*,#3487,.F.);
#3487 = EDGE_CURVE('',#3471,#3480,#3488,.T.);
#3488 = LINE('',#3489,#3490);
#3489 = CARTESIAN_POINT('',(2.86,-5.4,8.38));
#3490 = VECTOR('',#3491,1.);
#3491 = DIRECTION('',(0.,1.,0.));
#3492 = PLANE('',#3493);
#3493 = AXIS2_PLACEMENT_3D('',#3494,#3495,#3496);
#3494 = CARTESIAN_POINT('',(2.86,-5.4,-3.));
#3495 = DIRECTION('',(1.,0.,0.));
#3496 = DIRECTION('',(0.,0.,1.));
#3497 = ADVANCED_FACE('',(#3498),#3516,.T.);
#3498 = FACE_BOUND('',#3499,.T.);
#3499 = EDGE_LOOP('',(#3500,#3501,#3502,#3510));
#3500 = ORIENTED_EDGE('',*,*,#3479,.F.);
#3501 = ORIENTED_EDGE('',*,*,#2178,.T.);
#3502 = ORIENTED_EDGE('',*,*,#3503,.T.);
#3503 = EDGE_CURVE('',#2171,#3504,#3506,.T.);
#3504 = VERTEX_POINT('',#3505);
#3505 = CARTESIAN_POINT('',(2.22,-4.76,8.38));
#3506 = LINE('',#3507,#3508);
#3507 = CARTESIAN_POINT('',(2.22,-4.76,-3.));
#3508 = VECTOR('',#3509,1.);
#3509 = DIRECTION('',(0.,0.,1.));
#3510 = ORIENTED_EDGE('',*,*,#3511,.T.);
#3511 = EDGE_CURVE('',#3504,#3480,#3512,.T.);
#3512 = LINE('',#3513,#3514);
#3513 = CARTESIAN_POINT('',(2.22,-4.76,8.38));
#3514 = VECTOR('',#3515,1.);
#3515 = DIRECTION('',(1.,0.,0.));
#3516 = PLANE('',#3517);
#3517 = AXIS2_PLACEMENT_3D('',#3518,#3519,#3520);
#3518 = CARTESIAN_POINT('',(2.22,-4.76,-3.));
#3519 = DIRECTION('',(0.,1.,0.));
#3520 = DIRECTION('',(0.,-0.,1.));
#3521 = ADVANCED_FACE('',(#3522),#3540,.F.);
#3522 = FACE_BOUND('',#3523,.F.);
#3523 = EDGE_LOOP('',(#3524,#3532,#3533,#3534));
#3524 = ORIENTED_EDGE('',*,*,#3525,.F.);
#3525 = EDGE_CURVE('',#2163,#3526,#3528,.T.);
#3526 = VERTEX_POINT('',#3527);
#3527 = CARTESIAN_POINT('',(2.22,-5.4,8.38));
#3528 = LINE('',#3529,#3530);
#3529 = CARTESIAN_POINT('',(2.22,-5.4,-3.));
#3530 = VECTOR('',#3531,1.);
#3531 = DIRECTION('',(0.,0.,1.));
#3532 = ORIENTED_EDGE('',*,*,#2170,.T.);
#3533 = ORIENTED_EDGE('',*,*,#3503,.T.);
#3534 = ORIENTED_EDGE('',*,*,#3535,.F.);
#3535 = EDGE_CURVE('',#3526,#3504,#3536,.T.);
#3536 = LINE('',#3537,#3538);
#3537 = CARTESIAN_POINT('',(2.22,-5.4,8.38));
#3538 = VECTOR('',#3539,1.);
#3539 = DIRECTION('',(0.,1.,0.));
#3540 = PLANE('',#3541);
#3541 = AXIS2_PLACEMENT_3D('',#3542,#3543,#3544);
#3542 = CARTESIAN_POINT('',(2.22,-5.4,-3.));
#3543 = DIRECTION('',(1.,0.,0.));
#3544 = DIRECTION('',(0.,0.,1.));
#3545 = ADVANCED_FACE('',(#3546),#3557,.F.);
#3546 = FACE_BOUND('',#3547,.F.);
#3547 = EDGE_LOOP('',(#3548,#3549,#3550,#3551));
#3548 = ORIENTED_EDGE('',*,*,#3470,.F.);
#3549 = ORIENTED_EDGE('',*,*,#2162,.T.);
#3550 = ORIENTED_EDGE('',*,*,#3525,.T.);
#3551 = ORIENTED_EDGE('',*,*,#3552,.T.);
#3552 = EDGE_CURVE('',#3526,#3471,#3553,.T.);
#3553 = LINE('',#3554,#3555);
#3554 = CARTESIAN_POINT('',(2.22,-5.4,8.38));
#3555 = VECTOR('',#3556,1.);
#3556 = DIRECTION('',(1.,0.,0.));
#3557 = PLANE('',#3558);
#3558 = AXIS2_PLACEMENT_3D('',#3559,#3560,#3561);
#3559 = CARTESIAN_POINT('',(2.22,-5.4,-3.));
#3560 = DIRECTION('',(0.,1.,0.));
#3561 = DIRECTION('',(0.,-0.,1.));
#3562 = ADVANCED_FACE('',(#3563),#3588,.T.);
#3563 = FACE_BOUND('',#3564,.T.);
#3564 = EDGE_LOOP('',(#3565,#3573,#3574,#3582));
#3565 = ORIENTED_EDGE('',*,*,#3566,.F.);
#3566 = EDGE_CURVE('',#2187,#3567,#3569,.T.);
#3567 = VERTEX_POINT('',#3568);
#3568 = CARTESIAN_POINT('',(0.32,-5.4,8.38));
#3569 = LINE('',#3570,#3571);
#3570 = CARTESIAN_POINT('',(0.32,-5.4,-3.));
#3571 = VECTOR('',#3572,1.);
#3572 = DIRECTION('',(0.,0.,1.));
#3573 = ORIENTED_EDGE('',*,*,#2186,.T.);
#3574 = ORIENTED_EDGE('',*,*,#3575,.T.);
#3575 = EDGE_CURVE('',#2189,#3576,#3578,.T.);
#3576 = VERTEX_POINT('',#3577);
#3577 = CARTESIAN_POINT('',(0.32,-4.76,8.38));
#3578 = LINE('',#3579,#3580);
#3579 = CARTESIAN_POINT('',(0.32,-4.76,-3.));
#3580 = VECTOR('',#3581,1.);
#3581 = DIRECTION('',(0.,0.,1.));
#3582 = ORIENTED_EDGE('',*,*,#3583,.F.);
#3583 = EDGE_CURVE('',#3567,#3576,#3584,.T.);
#3584 = LINE('',#3585,#3586);
#3585 = CARTESIAN_POINT('',(0.32,-5.4,8.38));
#3586 = VECTOR('',#3587,1.);
#3587 = DIRECTION('',(0.,1.,0.));
#3588 = PLANE('',#3589);
#3589 = AXIS2_PLACEMENT_3D('',#3590,#3591,#3592);
#3590 = CARTESIAN_POINT('',(0.32,-5.4,-3.));
#3591 = DIRECTION('',(1.,0.,0.));
#3592 = DIRECTION('',(0.,0.,1.));
#3593 = ADVANCED_FACE('',(#3594),#3612,.T.);
#3594 = FACE_BOUND('',#3595,.T.);
#3595 = EDGE_LOOP('',(#3596,#3597,#3598,#3606));
#3596 = ORIENTED_EDGE('',*,*,#3575,.F.);
#3597 = ORIENTED_EDGE('',*,*,#2212,.T.);
#3598 = ORIENTED_EDGE('',*,*,#3599,.T.);
#3599 = EDGE_CURVE('',#2205,#3600,#3602,.T.);
#3600 = VERTEX_POINT('',#3601);
#3601 = CARTESIAN_POINT('',(-0.32,-4.76,8.38));
#3602 = LINE('',#3603,#3604);
#3603 = CARTESIAN_POINT('',(-0.32,-4.76,-3.));
#3604 = VECTOR('',#3605,1.);
#3605 = DIRECTION('',(0.,0.,1.));
#3606 = ORIENTED_EDGE('',*,*,#3607,.T.);
#3607 = EDGE_CURVE('',#3600,#3576,#3608,.T.);
#3608 = LINE('',#3609,#3610);
#3609 = CARTESIAN_POINT('',(-0.32,-4.76,8.38));
#3610 = VECTOR('',#3611,1.);
#3611 = DIRECTION('',(1.,0.,0.));
#3612 = PLANE('',#3613);
#3613 = AXIS2_PLACEMENT_3D('',#3614,#3615,#3616);
#3614 = CARTESIAN_POINT('',(-0.32,-4.76,-3.));
#3615 = DIRECTION('',(0.,1.,0.));
#3616 = DIRECTION('',(0.,-0.,1.));
#3617 = ADVANCED_FACE('',(#3618),#3636,.F.);
#3618 = FACE_BOUND('',#3619,.F.);
#3619 = EDGE_LOOP('',(#3620,#3628,#3629,#3630));
#3620 = ORIENTED_EDGE('',*,*,#3621,.F.);
#3621 = EDGE_CURVE('',#2197,#3622,#3624,.T.);
#3622 = VERTEX_POINT('',#3623);
#3623 = CARTESIAN_POINT('',(-0.32,-5.4,8.38));
#3624 = LINE('',#3625,#3626);
#3625 = CARTESIAN_POINT('',(-0.32,-5.4,-3.));
#3626 = VECTOR('',#3627,1.);
#3627 = DIRECTION('',(0.,0.,1.));
#3628 = ORIENTED_EDGE('',*,*,#2204,.T.);
#3629 = ORIENTED_EDGE('',*,*,#3599,.T.);
#3630 = ORIENTED_EDGE('',*,*,#3631,.F.);
#3631 = EDGE_CURVE('',#3622,#3600,#3632,.T.);
#3632 = LINE('',#3633,#3634);
#3633 = CARTESIAN_POINT('',(-0.32,-5.4,8.38));
#3634 = VECTOR('',#3635,1.);
#3635 = DIRECTION('',(0.,1.,0.));
#3636 = PLANE('',#3637);
#3637 = AXIS2_PLACEMENT_3D('',#3638,#3639,#3640);
#3638 = CARTESIAN_POINT('',(-0.32,-5.4,-3.));
#3639 = DIRECTION('',(1.,0.,0.));
#3640 = DIRECTION('',(0.,0.,1.));
#3641 = ADVANCED_FACE('',(#3642),#3653,.F.);
#3642 = FACE_BOUND('',#3643,.F.);
#3643 = EDGE_LOOP('',(#3644,#3645,#3646,#3647));
#3644 = ORIENTED_EDGE('',*,*,#3566,.F.);
#3645 = ORIENTED_EDGE('',*,*,#2196,.T.);
#3646 = ORIENTED_EDGE('',*,*,#3621,.T.);
#3647 = ORIENTED_EDGE('',*,*,#3648,.T.);
#3648 = EDGE_CURVE('',#3622,#3567,#3649,.T.);
#3649 = LINE('',#3650,#3651);
#3650 = CARTESIAN_POINT('',(-0.32,-5.4,8.38));
#3651 = VECTOR('',#3652,1.);
#3652 = DIRECTION('',(1.,0.,0.));
#3653 = PLANE('',#3654);
#3654 = AXIS2_PLACEMENT_3D('',#3655,#3656,#3657);
#3655 = CARTESIAN_POINT('',(-0.32,-5.4,-3.));
#3656 = DIRECTION('',(0.,1.,0.));
#3657 = DIRECTION('',(0.,-0.,1.));
#3658 = ADVANCED_FACE('',(#3659),#3684,.F.);
#3659 = FACE_BOUND('',#3660,.F.);
#3660 = EDGE_LOOP('',(#3661,#3669,#3670,#3678));
#3661 = ORIENTED_EDGE('',*,*,#3662,.F.);
#3662 = EDGE_CURVE('',#2511,#3663,#3665,.T.);
#3663 = VERTEX_POINT('',#3664);
#3664 = CARTESIAN_POINT('',(2.7,-2.7,-3.));
#3665 = LINE('',#3666,#3667);
#3666 = CARTESIAN_POINT('',(2.7,-2.7,-3.));
#3667 = VECTOR('',#3668,1.);
#3668 = DIRECTION('',(-0.57735026919,0.57735026919,-0.57735026919));
#3669 = ORIENTED_EDGE('',*,*,#2518,.T.);
#3670 = ORIENTED_EDGE('',*,*,#3671,.T.);
#3671 = EDGE_CURVE('',#2519,#3672,#3674,.T.);
#3672 = VERTEX_POINT('',#3673);
#3673 = CARTESIAN_POINT('',(2.7,-2.38,-3.));
#3674 = LINE('',#3675,#3676);
#3675 = CARTESIAN_POINT('',(2.593333333333,-2.486666666667,
    -3.106666666667));
#3676 = VECTOR('',#3677,1.);
#3677 = DIRECTION('',(-0.57735026919,-0.57735026919,-0.57735026919));
#3678 = ORIENTED_EDGE('',*,*,#3679,.F.);
#3679 = EDGE_CURVE('',#3663,#3672,#3680,.T.);
#3680 = LINE('',#3681,#3682);
#3681 = CARTESIAN_POINT('',(2.7,-2.86,-3.));
#3682 = VECTOR('',#3683,1.);
#3683 = DIRECTION('',(0.,1.,0.));
#3684 = PLANE('',#3685);
#3685 = AXIS2_PLACEMENT_3D('',#3686,#3687,#3688);
#3686 = CARTESIAN_POINT('',(2.78,-2.86,-2.92));
#3687 = DIRECTION('',(-0.707106781187,1.735167508357E-18,0.707106781187)
  );
#3688 = DIRECTION('',(1.226948711654E-18,1.,-1.226948711654E-18));
#3689 = ADVANCED_FACE('',(#3690),#3708,.F.);
#3690 = FACE_BOUND('',#3691,.T.);
#3691 = EDGE_LOOP('',(#3692,#3700,#3701,#3702));
#3692 = ORIENTED_EDGE('',*,*,#3693,.F.);
#3693 = EDGE_CURVE('',#2543,#3694,#3696,.T.);
#3694 = VERTEX_POINT('',#3695);
#3695 = CARTESIAN_POINT('',(2.38,-2.38,-3.));
#3696 = LINE('',#3697,#3698);
#3697 = CARTESIAN_POINT('',(2.38,-2.38,-3.));
#3698 = VECTOR('',#3699,1.);
#3699 = DIRECTION('',(0.57735026919,-0.57735026919,-0.57735026919));
#3700 = ORIENTED_EDGE('',*,*,#2542,.T.);
#3701 = ORIENTED_EDGE('',*,*,#3671,.T.);
#3702 = ORIENTED_EDGE('',*,*,#3703,.F.);
#3703 = EDGE_CURVE('',#3694,#3672,#3704,.T.);
#3704 = LINE('',#3705,#3706);
#3705 = CARTESIAN_POINT('',(2.22,-2.38,-3.));
#3706 = VECTOR('',#3707,1.);
#3707 = DIRECTION('',(1.,0.,0.));
#3708 = PLANE('',#3709);
#3709 = AXIS2_PLACEMENT_3D('',#3710,#3711,#3712);
#3710 = CARTESIAN_POINT('',(2.22,-2.3,-2.92));
#3711 = DIRECTION('',(-1.735167508357E-18,-0.707106781187,0.707106781187
    ));
#3712 = DIRECTION('',(-1.,1.226948711654E-18,-1.226948711654E-18));
#3713 = ADVANCED_FACE('',(#3714),#3732,.T.);
#3714 = FACE_BOUND('',#3715,.T.);
#3715 = EDGE_LOOP('',(#3716,#3724,#3725,#3726));
#3716 = ORIENTED_EDGE('',*,*,#3717,.F.);
#3717 = EDGE_CURVE('',#2566,#3718,#3720,.T.);
#3718 = VERTEX_POINT('',#3719);
#3719 = CARTESIAN_POINT('',(2.38,-2.7,-3.));
#3720 = LINE('',#3721,#3722);
#3721 = CARTESIAN_POINT('',(2.273333333333,-2.806666666667,
    -2.893333333333));
#3722 = VECTOR('',#3723,1.);
#3723 = DIRECTION('',(0.57735026919,0.57735026919,-0.57735026919));
#3724 = ORIENTED_EDGE('',*,*,#2573,.T.);
#3725 = ORIENTED_EDGE('',*,*,#3693,.T.);
#3726 = ORIENTED_EDGE('',*,*,#3727,.F.);
#3727 = EDGE_CURVE('',#3718,#3694,#3728,.T.);
#3728 = LINE('',#3729,#3730);
#3729 = CARTESIAN_POINT('',(2.38,-2.86,-3.));
#3730 = VECTOR('',#3731,1.);
#3731 = DIRECTION('',(0.,1.,0.));
#3732 = PLANE('',#3733);
#3733 = AXIS2_PLACEMENT_3D('',#3734,#3735,#3736);
#3734 = CARTESIAN_POINT('',(2.3,-2.86,-2.92));
#3735 = DIRECTION('',(-0.707106781187,-1.735167508357E-18,
    -0.707106781187));
#3736 = DIRECTION('',(-1.226948711654E-18,1.,-1.226948711654E-18));
#3737 = ADVANCED_FACE('',(#3738),#3749,.T.);
#3738 = FACE_BOUND('',#3739,.F.);
#3739 = EDGE_LOOP('',(#3740,#3741,#3742,#3743));
#3740 = ORIENTED_EDGE('',*,*,#3717,.F.);
#3741 = ORIENTED_EDGE('',*,*,#2590,.T.);
#3742 = ORIENTED_EDGE('',*,*,#3662,.T.);
#3743 = ORIENTED_EDGE('',*,*,#3744,.F.);
#3744 = EDGE_CURVE('',#3718,#3663,#3745,.T.);
#3745 = LINE('',#3746,#3747);
#3746 = CARTESIAN_POINT('',(2.22,-2.7,-3.));
#3747 = VECTOR('',#3748,1.);
#3748 = DIRECTION('',(1.,0.,0.));
#3749 = PLANE('',#3750);
#3750 = AXIS2_PLACEMENT_3D('',#3751,#3752,#3753);
#3751 = CARTESIAN_POINT('',(2.22,-2.78,-2.92));
#3752 = DIRECTION('',(1.735167508357E-18,-0.707106781187,-0.707106781187
    ));
#3753 = DIRECTION('',(-1.,-1.226948711654E-18,-1.226948711654E-18));
#3754 = ADVANCED_FACE('',(#3755),#3780,.F.);
#3755 = FACE_BOUND('',#3756,.T.);
#3756 = EDGE_LOOP('',(#3757,#3765,#3766,#3774));
#3757 = ORIENTED_EDGE('',*,*,#3758,.F.);
#3758 = EDGE_CURVE('',#2615,#3759,#3761,.T.);
#3759 = VERTEX_POINT('',#3760);
#3760 = CARTESIAN_POINT('',(-0.16,-2.38,-3.));
#3761 = LINE('',#3762,#3763);
#3762 = CARTESIAN_POINT('',(-0.16,-2.38,-3.));
#3763 = VECTOR('',#3764,1.);
#3764 = DIRECTION('',(0.57735026919,-0.57735026919,-0.57735026919));
#3765 = ORIENTED_EDGE('',*,*,#2614,.T.);
#3766 = ORIENTED_EDGE('',*,*,#3767,.T.);
#3767 = EDGE_CURVE('',#2607,#3768,#3770,.T.);
#3768 = VERTEX_POINT('',#3769);
#3769 = CARTESIAN_POINT('',(0.16,-2.38,-3.));
#3770 = LINE('',#3771,#3772);
#3771 = CARTESIAN_POINT('',(5.333333333333E-02,-2.486666666667,
    -3.106666666667));
#3772 = VECTOR('',#3773,1.);
#3773 = DIRECTION('',(-0.57735026919,-0.57735026919,-0.57735026919));
#3774 = ORIENTED_EDGE('',*,*,#3775,.F.);
#3775 = EDGE_CURVE('',#3759,#3768,#3776,.T.);
#3776 = LINE('',#3777,#3778);
#3777 = CARTESIAN_POINT('',(-0.32,-2.38,-3.));
#3778 = VECTOR('',#3779,1.);
#3779 = DIRECTION('',(1.,0.,0.));
#3780 = PLANE('',#3781);
#3781 = AXIS2_PLACEMENT_3D('',#3782,#3783,#3784);
#3782 = CARTESIAN_POINT('',(-0.32,-2.3,-2.92));
#3783 = DIRECTION('',(-1.735167508357E-18,-0.707106781187,0.707106781187
    ));
#3784 = DIRECTION('',(-1.,1.226948711654E-18,-1.226948711654E-18));
#3785 = ADVANCED_FACE('',(#3786),#3804,.T.);
#3786 = FACE_BOUND('',#3787,.T.);
#3787 = EDGE_LOOP('',(#3788,#3796,#3797,#3798));
#3788 = ORIENTED_EDGE('',*,*,#3789,.F.);
#3789 = EDGE_CURVE('',#2638,#3790,#3792,.T.);
#3790 = VERTEX_POINT('',#3791);
#3791 = CARTESIAN_POINT('',(-0.16,-2.7,-3.));
#3792 = LINE('',#3793,#3794);
#3793 = CARTESIAN_POINT('',(-0.266666666667,-2.806666666667,
    -2.893333333333));
#3794 = VECTOR('',#3795,1.);
#3795 = DIRECTION('',(0.57735026919,0.57735026919,-0.57735026919));
#3796 = ORIENTED_EDGE('',*,*,#2645,.T.);
#3797 = ORIENTED_EDGE('',*,*,#3758,.T.);
#3798 = ORIENTED_EDGE('',*,*,#3799,.F.);
#3799 = EDGE_CURVE('',#3790,#3759,#3800,.T.);
#3800 = LINE('',#3801,#3802);
#3801 = CARTESIAN_POINT('',(-0.16,-2.86,-3.));
#3802 = VECTOR('',#3803,1.);
#3803 = DIRECTION('',(0.,1.,0.));
#3804 = PLANE('',#3805);
#3805 = AXIS2_PLACEMENT_3D('',#3806,#3807,#3808);
#3806 = CARTESIAN_POINT('',(-0.24,-2.86,-2.92));
#3807 = DIRECTION('',(-0.707106781187,-1.735167508357E-18,
    -0.707106781187));
#3808 = DIRECTION('',(-1.226948711654E-18,1.,-1.226948711654E-18));
#3809 = ADVANCED_FACE('',(#3810),#3828,.T.);
#3810 = FACE_BOUND('',#3811,.F.);
#3811 = EDGE_LOOP('',(#3812,#3813,#3814,#3822));
#3812 = ORIENTED_EDGE('',*,*,#3789,.F.);
#3813 = ORIENTED_EDGE('',*,*,#2669,.T.);
#3814 = ORIENTED_EDGE('',*,*,#3815,.T.);
#3815 = EDGE_CURVE('',#2662,#3816,#3818,.T.);
#3816 = VERTEX_POINT('',#3817);
#3817 = CARTESIAN_POINT('',(0.16,-2.7,-3.));
#3818 = LINE('',#3819,#3820);
#3819 = CARTESIAN_POINT('',(0.16,-2.7,-3.));
#3820 = VECTOR('',#3821,1.);
#3821 = DIRECTION('',(-0.57735026919,0.57735026919,-0.57735026919));
#3822 = ORIENTED_EDGE('',*,*,#3823,.F.);
#3823 = EDGE_CURVE('',#3790,#3816,#3824,.T.);
#3824 = LINE('',#3825,#3826);
#3825 = CARTESIAN_POINT('',(-0.32,-2.7,-3.));
#3826 = VECTOR('',#3827,1.);
#3827 = DIRECTION('',(1.,0.,0.));
#3828 = PLANE('',#3829);
#3829 = AXIS2_PLACEMENT_3D('',#3830,#3831,#3832);
#3830 = CARTESIAN_POINT('',(-0.32,-2.78,-2.92));
#3831 = DIRECTION('',(1.735167508357E-18,-0.707106781187,-0.707106781187
    ));
#3832 = DIRECTION('',(-1.,-1.226948711654E-18,-1.226948711654E-18));
#3833 = ADVANCED_FACE('',(#3834),#3845,.F.);
#3834 = FACE_BOUND('',#3835,.F.);
#3835 = EDGE_LOOP('',(#3836,#3837,#3838,#3839));
#3836 = ORIENTED_EDGE('',*,*,#3815,.F.);
#3837 = ORIENTED_EDGE('',*,*,#2686,.T.);
#3838 = ORIENTED_EDGE('',*,*,#3767,.T.);
#3839 = ORIENTED_EDGE('',*,*,#3840,.F.);
#3840 = EDGE_CURVE('',#3816,#3768,#3841,.T.);
#3841 = LINE('',#3842,#3843);
#3842 = CARTESIAN_POINT('',(0.16,-2.86,-3.));
#3843 = VECTOR('',#3844,1.);
#3844 = DIRECTION('',(0.,1.,0.));
#3845 = PLANE('',#3846);
#3846 = AXIS2_PLACEMENT_3D('',#3847,#3848,#3849);
#3847 = CARTESIAN_POINT('',(0.24,-2.86,-2.92));
#3848 = DIRECTION('',(-0.707106781187,1.735167508357E-18,0.707106781187)
  );
#3849 = DIRECTION('',(1.226948711654E-18,1.,-1.226948711654E-18));
#3850 = ADVANCED_FACE('',(#3851),#3876,.F.);
#3851 = FACE_BOUND('',#3852,.F.);
#3852 = EDGE_LOOP('',(#3853,#3861,#3862,#3870));
#3853 = ORIENTED_EDGE('',*,*,#3854,.F.);
#3854 = EDGE_CURVE('',#2703,#3855,#3857,.T.);
#3855 = VERTEX_POINT('',#3856);
#3856 = CARTESIAN_POINT('',(0.16,-0.16,-3.));
#3857 = LINE('',#3858,#3859);
#3858 = CARTESIAN_POINT('',(0.16,-0.16,-3.));
#3859 = VECTOR('',#3860,1.);
#3860 = DIRECTION('',(-0.57735026919,0.57735026919,-0.57735026919));
#3861 = ORIENTED_EDGE('',*,*,#2710,.T.);
#3862 = ORIENTED_EDGE('',*,*,#3863,.T.);
#3863 = EDGE_CURVE('',#2711,#3864,#3866,.T.);
#3864 = VERTEX_POINT('',#3865);
#3865 = CARTESIAN_POINT('',(0.16,0.16,-3.));
#3866 = LINE('',#3867,#3868);
#3867 = CARTESIAN_POINT('',(5.333333333333E-02,5.333333333333E-02,
    -3.106666666667));
#3868 = VECTOR('',#3869,1.);
#3869 = DIRECTION('',(-0.57735026919,-0.57735026919,-0.57735026919));
#3870 = ORIENTED_EDGE('',*,*,#3871,.F.);
#3871 = EDGE_CURVE('',#3855,#3864,#3872,.T.);
#3872 = LINE('',#3873,#3874);
#3873 = CARTESIAN_POINT('',(0.16,-0.32,-3.));
#3874 = VECTOR('',#3875,1.);
#3875 = DIRECTION('',(0.,1.,0.));
#3876 = PLANE('',#3877);
#3877 = AXIS2_PLACEMENT_3D('',#3878,#3879,#3880);
#3878 = CARTESIAN_POINT('',(0.24,-0.32,-2.92));
#3879 = DIRECTION('',(-0.707106781187,1.735167508357E-18,0.707106781187)
  );
#3880 = DIRECTION('',(1.226948711654E-18,1.,-1.226948711654E-18));
#3881 = ADVANCED_FACE('',(#3882),#3900,.F.);
#3882 = FACE_BOUND('',#3883,.T.);
#3883 = EDGE_LOOP('',(#3884,#3892,#3893,#3894));
#3884 = ORIENTED_EDGE('',*,*,#3885,.F.);
#3885 = EDGE_CURVE('',#2735,#3886,#3888,.T.);
#3886 = VERTEX_POINT('',#3887);
#3887 = CARTESIAN_POINT('',(-0.16,0.16,-3.));
#3888 = LINE('',#3889,#3890);
#3889 = CARTESIAN_POINT('',(-0.16,0.16,-3.));
#3890 = VECTOR('',#3891,1.);
#3891 = DIRECTION('',(0.57735026919,-0.57735026919,-0.57735026919));
#3892 = ORIENTED_EDGE('',*,*,#2734,.T.);
#3893 = ORIENTED_EDGE('',*,*,#3863,.T.);
#3894 = ORIENTED_EDGE('',*,*,#3895,.F.);
#3895 = EDGE_CURVE('',#3886,#3864,#3896,.T.);
#3896 = LINE('',#3897,#3898);
#3897 = CARTESIAN_POINT('',(-0.32,0.16,-3.));
#3898 = VECTOR('',#3899,1.);
#3899 = DIRECTION('',(1.,0.,0.));
#3900 = PLANE('',#3901);
#3901 = AXIS2_PLACEMENT_3D('',#3902,#3903,#3904);
#3902 = CARTESIAN_POINT('',(-0.32,0.24,-2.92));
#3903 = DIRECTION('',(-1.735167508357E-18,-0.707106781187,0.707106781187
    ));
#3904 = DIRECTION('',(-1.,1.226948711654E-18,-1.226948711654E-18));
#3905 = ADVANCED_FACE('',(#3906),#3924,.T.);
#3906 = FACE_BOUND('',#3907,.T.);
#3907 = EDGE_LOOP('',(#3908,#3916,#3917,#3918));
#3908 = ORIENTED_EDGE('',*,*,#3909,.F.);
#3909 = EDGE_CURVE('',#2758,#3910,#3912,.T.);
#3910 = VERTEX_POINT('',#3911);
#3911 = CARTESIAN_POINT('',(-0.16,-0.16,-3.));
#3912 = LINE('',#3913,#3914);
#3913 = CARTESIAN_POINT('',(-0.266666666667,-0.266666666667,
    -2.893333333333));
#3914 = VECTOR('',#3915,1.);
#3915 = DIRECTION('',(0.57735026919,0.57735026919,-0.57735026919));
#3916 = ORIENTED_EDGE('',*,*,#2765,.T.);
#3917 = ORIENTED_EDGE('',*,*,#3885,.T.);
#3918 = ORIENTED_EDGE('',*,*,#3919,.F.);
#3919 = EDGE_CURVE('',#3910,#3886,#3920,.T.);
#3920 = LINE('',#3921,#3922);
#3921 = CARTESIAN_POINT('',(-0.16,-0.32,-3.));
#3922 = VECTOR('',#3923,1.);
#3923 = DIRECTION('',(0.,1.,0.));
#3924 = PLANE('',#3925);
#3925 = AXIS2_PLACEMENT_3D('',#3926,#3927,#3928);
#3926 = CARTESIAN_POINT('',(-0.24,-0.32,-2.92));
#3927 = DIRECTION('',(-0.707106781187,-1.735167508357E-18,
    -0.707106781187));
#3928 = DIRECTION('',(-1.226948711654E-18,1.,-1.226948711654E-18));
#3929 = ADVANCED_FACE('',(#3930),#3941,.T.);
#3930 = FACE_BOUND('',#3931,.F.);
#3931 = EDGE_LOOP('',(#3932,#3933,#3934,#3935));
#3932 = ORIENTED_EDGE('',*,*,#3909,.F.);
#3933 = ORIENTED_EDGE('',*,*,#2782,.T.);
#3934 = ORIENTED_EDGE('',*,*,#3854,.T.);
#3935 = ORIENTED_EDGE('',*,*,#3936,.F.);
#3936 = EDGE_CURVE('',#3910,#3855,#3937,.T.);
#3937 = LINE('',#3938,#3939);
#3938 = CARTESIAN_POINT('',(-0.32,-0.16,-3.));
#3939 = VECTOR('',#3940,1.);
#3940 = DIRECTION('',(1.,0.,0.));
#3941 = PLANE('',#3942);
#3942 = AXIS2_PLACEMENT_3D('',#3943,#3944,#3945);
#3943 = CARTESIAN_POINT('',(-0.32,-0.24,-2.92));
#3944 = DIRECTION('',(1.735167508357E-18,-0.707106781187,-0.707106781187
    ));
#3945 = DIRECTION('',(-1.,-1.226948711654E-18,-1.226948711654E-18));
#3946 = ADVANCED_FACE('',(#3947),#3972,.F.);
#3947 = FACE_BOUND('',#3948,.F.);
#3948 = EDGE_LOOP('',(#3949,#3957,#3958,#3966));
#3949 = ORIENTED_EDGE('',*,*,#3950,.F.);
#3950 = EDGE_CURVE('',#2799,#3951,#3953,.T.);
#3951 = VERTEX_POINT('',#3952);
#3952 = CARTESIAN_POINT('',(2.7,-0.16,-3.));
#3953 = LINE('',#3954,#3955);
#3954 = CARTESIAN_POINT('',(2.7,-0.16,-3.));
#3955 = VECTOR('',#3956,1.);
#3956 = DIRECTION('',(-0.57735026919,0.57735026919,-0.57735026919));
#3957 = ORIENTED_EDGE('',*,*,#2806,.T.);
#3958 = ORIENTED_EDGE('',*,*,#3959,.T.);
#3959 = EDGE_CURVE('',#2807,#3960,#3962,.T.);
#3960 = VERTEX_POINT('',#3961);
#3961 = CARTESIAN_POINT('',(2.7,0.16,-3.));
#3962 = LINE('',#3963,#3964);
#3963 = CARTESIAN_POINT('',(2.593333333333,5.333333333333E-02,
    -3.106666666667));
#3964 = VECTOR('',#3965,1.);
#3965 = DIRECTION('',(-0.57735026919,-0.57735026919,-0.57735026919));
#3966 = ORIENTED_EDGE('',*,*,#3967,.F.);
#3967 = EDGE_CURVE('',#3951,#3960,#3968,.T.);
#3968 = LINE('',#3969,#3970);
#3969 = CARTESIAN_POINT('',(2.7,-0.32,-3.));
#3970 = VECTOR('',#3971,1.);
#3971 = DIRECTION('',(0.,1.,0.));
#3972 = PLANE('',#3973);
#3973 = AXIS2_PLACEMENT_3D('',#3974,#3975,#3976);
#3974 = CARTESIAN_POINT('',(2.78,-0.32,-2.92));
#3975 = DIRECTION('',(-0.707106781187,1.735167508357E-18,0.707106781187)
  );
#3976 = DIRECTION('',(1.226948711654E-18,1.,-1.226948711654E-18));
#3977 = ADVANCED_FACE('',(#3978),#3996,.F.);
#3978 = FACE_BOUND('',#3979,.T.);
#3979 = EDGE_LOOP('',(#3980,#3988,#3989,#3990));
#3980 = ORIENTED_EDGE('',*,*,#3981,.F.);
#3981 = EDGE_CURVE('',#2831,#3982,#3984,.T.);
#3982 = VERTEX_POINT('',#3983);
#3983 = CARTESIAN_POINT('',(2.38,0.16,-3.));
#3984 = LINE('',#3985,#3986);
#3985 = CARTESIAN_POINT('',(2.38,0.16,-3.));
#3986 = VECTOR('',#3987,1.);
#3987 = DIRECTION('',(0.57735026919,-0.57735026919,-0.57735026919));
#3988 = ORIENTED_EDGE('',*,*,#2830,.T.);
#3989 = ORIENTED_EDGE('',*,*,#3959,.T.);
#3990 = ORIENTED_EDGE('',*,*,#3991,.F.);
#3991 = EDGE_CURVE('',#3982,#3960,#3992,.T.);
#3992 = LINE('',#3993,#3994);
#3993 = CARTESIAN_POINT('',(2.22,0.16,-3.));
#3994 = VECTOR('',#3995,1.);
#3995 = DIRECTION('',(1.,0.,0.));
#3996 = PLANE('',#3997);
#3997 = AXIS2_PLACEMENT_3D('',#3998,#3999,#4000);
#3998 = CARTESIAN_POINT('',(2.22,0.24,-2.92));
#3999 = DIRECTION('',(-1.735167508357E-18,-0.707106781187,0.707106781187
    ));
#4000 = DIRECTION('',(-1.,1.226948711654E-18,-1.226948711654E-18));
#4001 = ADVANCED_FACE('',(#4002),#4020,.T.);
#4002 = FACE_BOUND('',#4003,.T.);
#4003 = EDGE_LOOP('',(#4004,#4012,#4013,#4014));
#4004 = ORIENTED_EDGE('',*,*,#4005,.F.);
#4005 = EDGE_CURVE('',#2854,#4006,#4008,.T.);
#4006 = VERTEX_POINT('',#4007);
#4007 = CARTESIAN_POINT('',(2.38,-0.16,-3.));
#4008 = LINE('',#4009,#4010);
#4009 = CARTESIAN_POINT('',(2.273333333333,-0.266666666667,
    -2.893333333333));
#4010 = VECTOR('',#4011,1.);
#4011 = DIRECTION('',(0.57735026919,0.57735026919,-0.57735026919));
#4012 = ORIENTED_EDGE('',*,*,#2861,.T.);
#4013 = ORIENTED_EDGE('',*,*,#3981,.T.);
#4014 = ORIENTED_EDGE('',*,*,#4015,.F.);
#4015 = EDGE_CURVE('',#4006,#3982,#4016,.T.);
#4016 = LINE('',#4017,#4018);
#4017 = CARTESIAN_POINT('',(2.38,-0.32,-3.));
#4018 = VECTOR('',#4019,1.);
#4019 = DIRECTION('',(0.,1.,0.));
#4020 = PLANE('',#4021);
#4021 = AXIS2_PLACEMENT_3D('',#4022,#4023,#4024);
#4022 = CARTESIAN_POINT('',(2.3,-0.32,-2.92));
#4023 = DIRECTION('',(-0.707106781187,-1.735167508357E-18,
    -0.707106781187));
#4024 = DIRECTION('',(-1.226948711654E-18,1.,-1.226948711654E-18));
#4025 = ADVANCED_FACE('',(#4026),#4037,.T.);
#4026 = FACE_BOUND('',#4027,.F.);
#4027 = EDGE_LOOP('',(#4028,#4029,#4030,#4031));
#4028 = ORIENTED_EDGE('',*,*,#4005,.F.);
#4029 = ORIENTED_EDGE('',*,*,#2878,.T.);
#4030 = ORIENTED_EDGE('',*,*,#3950,.T.);
#4031 = ORIENTED_EDGE('',*,*,#4032,.F.);
#4032 = EDGE_CURVE('',#4006,#3951,#4033,.T.);
#4033 = LINE('',#4034,#4035);
#4034 = CARTESIAN_POINT('',(2.22,-0.16,-3.));
#4035 = VECTOR('',#4036,1.);
#4036 = DIRECTION('',(1.,0.,0.));
#4037 = PLANE('',#4038);
#4038 = AXIS2_PLACEMENT_3D('',#4039,#4040,#4041);
#4039 = CARTESIAN_POINT('',(2.22,-0.24,-2.92));
#4040 = DIRECTION('',(1.735167508357E-18,-0.707106781187,-0.707106781187
    ));
#4041 = DIRECTION('',(-1.,-1.226948711654E-18,-1.226948711654E-18));
#4042 = ADVANCED_FACE('',(#4043),#4068,.F.);
#4043 = FACE_BOUND('',#4044,.F.);
#4044 = EDGE_LOOP('',(#4045,#4053,#4054,#4062));
#4045 = ORIENTED_EDGE('',*,*,#4046,.F.);
#4046 = EDGE_CURVE('',#2895,#4047,#4049,.T.);
#4047 = VERTEX_POINT('',#4048);
#4048 = CARTESIAN_POINT('',(2.7,-5.24,-3.));
#4049 = LINE('',#4050,#4051);
#4050 = CARTESIAN_POINT('',(2.7,-5.24,-3.));
#4051 = VECTOR('',#4052,1.);
#4052 = DIRECTION('',(-0.57735026919,0.57735026919,-0.57735026919));
#4053 = ORIENTED_EDGE('',*,*,#2902,.T.);
#4054 = ORIENTED_EDGE('',*,*,#4055,.T.);
#4055 = EDGE_CURVE('',#2903,#4056,#4058,.T.);
#4056 = VERTEX_POINT('',#4057);
#4057 = CARTESIAN_POINT('',(2.7,-4.92,-3.));
#4058 = LINE('',#4059,#4060);
#4059 = CARTESIAN_POINT('',(2.593333333333,-5.026666666667,
    -3.106666666667));
#4060 = VECTOR('',#4061,1.);
#4061 = DIRECTION('',(-0.57735026919,-0.57735026919,-0.57735026919));
#4062 = ORIENTED_EDGE('',*,*,#4063,.F.);
#4063 = EDGE_CURVE('',#4047,#4056,#4064,.T.);
#4064 = LINE('',#4065,#4066);
#4065 = CARTESIAN_POINT('',(2.7,-5.4,-3.));
#4066 = VECTOR('',#4067,1.);
#4067 = DIRECTION('',(0.,1.,0.));
#4068 = PLANE('',#4069);
#4069 = AXIS2_PLACEMENT_3D('',#4070,#4071,#4072);
#4070 = CARTESIAN_POINT('',(2.78,-5.4,-2.92));
#4071 = DIRECTION('',(-0.707106781187,1.735167508357E-18,0.707106781187)
  );
#4072 = DIRECTION('',(1.226948711654E-18,1.,-1.226948711654E-18));
#4073 = ADVANCED_FACE('',(#4074),#4092,.F.);
#4074 = FACE_BOUND('',#4075,.T.);
#4075 = EDGE_LOOP('',(#4076,#4084,#4085,#4086));
#4076 = ORIENTED_EDGE('',*,*,#4077,.F.);
#4077 = EDGE_CURVE('',#2927,#4078,#4080,.T.);
#4078 = VERTEX_POINT('',#4079);
#4079 = CARTESIAN_POINT('',(2.38,-4.92,-3.));
#4080 = LINE('',#4081,#4082);
#4081 = CARTESIAN_POINT('',(2.38,-4.92,-3.));
#4082 = VECTOR('',#4083,1.);
#4083 = DIRECTION('',(0.57735026919,-0.57735026919,-0.57735026919));
#4084 = ORIENTED_EDGE('',*,*,#2926,.T.);
#4085 = ORIENTED_EDGE('',*,*,#4055,.T.);
#4086 = ORIENTED_EDGE('',*,*,#4087,.F.);
#4087 = EDGE_CURVE('',#4078,#4056,#4088,.T.);
#4088 = LINE('',#4089,#4090);
#4089 = CARTESIAN_POINT('',(2.22,-4.92,-3.));
#4090 = VECTOR('',#4091,1.);
#4091 = DIRECTION('',(1.,0.,0.));
#4092 = PLANE('',#4093);
#4093 = AXIS2_PLACEMENT_3D('',#4094,#4095,#4096);
#4094 = CARTESIAN_POINT('',(2.22,-4.84,-2.92));
#4095 = DIRECTION('',(-1.735167508357E-18,-0.707106781187,0.707106781187
    ));
#4096 = DIRECTION('',(-1.,1.226948711654E-18,-1.226948711654E-18));
#4097 = ADVANCED_FACE('',(#4098),#4116,.T.);
#4098 = FACE_BOUND('',#4099,.T.);
#4099 = EDGE_LOOP('',(#4100,#4108,#4109,#4110));
#4100 = ORIENTED_EDGE('',*,*,#4101,.F.);
#4101 = EDGE_CURVE('',#2950,#4102,#4104,.T.);
#4102 = VERTEX_POINT('',#4103);
#4103 = CARTESIAN_POINT('',(2.38,-5.24,-3.));
#4104 = LINE('',#4105,#4106);
#4105 = CARTESIAN_POINT('',(2.273333333333,-5.346666666667,
    -2.893333333333));
#4106 = VECTOR('',#4107,1.);
#4107 = DIRECTION('',(0.57735026919,0.57735026919,-0.57735026919));
#4108 = ORIENTED_EDGE('',*,*,#2957,.T.);
#4109 = ORIENTED_EDGE('',*,*,#4077,.T.);
#4110 = ORIENTED_EDGE('',*,*,#4111,.F.);
#4111 = EDGE_CURVE('',#4102,#4078,#4112,.T.);
#4112 = LINE('',#4113,#4114);
#4113 = CARTESIAN_POINT('',(2.38,-5.4,-3.));
#4114 = VECTOR('',#4115,1.);
#4115 = DIRECTION('',(0.,1.,0.));
#4116 = PLANE('',#4117);
#4117 = AXIS2_PLACEMENT_3D('',#4118,#4119,#4120);
#4118 = CARTESIAN_POINT('',(2.3,-5.4,-2.92));
#4119 = DIRECTION('',(-0.707106781187,-1.735167508357E-18,
    -0.707106781187));
#4120 = DIRECTION('',(-1.226948711654E-18,1.,-1.226948711654E-18));
#4121 = ADVANCED_FACE('',(#4122),#4133,.T.);
#4122 = FACE_BOUND('',#4123,.F.);
#4123 = EDGE_LOOP('',(#4124,#4125,#4126,#4127));
#4124 = ORIENTED_EDGE('',*,*,#4101,.F.);
#4125 = ORIENTED_EDGE('',*,*,#2974,.T.);
#4126 = ORIENTED_EDGE('',*,*,#4046,.T.);
#4127 = ORIENTED_EDGE('',*,*,#4128,.F.);
#4128 = EDGE_CURVE('',#4102,#4047,#4129,.T.);
#4129 = LINE('',#4130,#4131);
#4130 = CARTESIAN_POINT('',(2.22,-5.24,-3.));
#4131 = VECTOR('',#4132,1.);
#4132 = DIRECTION('',(1.,0.,0.));
#4133 = PLANE('',#4134);
#4134 = AXIS2_PLACEMENT_3D('',#4135,#4136,#4137);
#4135 = CARTESIAN_POINT('',(2.22,-5.32,-2.92));
#4136 = DIRECTION('',(1.735167508357E-18,-0.707106781187,-0.707106781187
    ));
#4137 = DIRECTION('',(-1.,-1.226948711654E-18,-1.226948711654E-18));
#4138 = ADVANCED_FACE('',(#4139),#4164,.F.);
#4139 = FACE_BOUND('',#4140,.F.);
#4140 = EDGE_LOOP('',(#4141,#4149,#4150,#4158));
#4141 = ORIENTED_EDGE('',*,*,#4142,.F.);
#4142 = EDGE_CURVE('',#2991,#4143,#4145,.T.);
#4143 = VERTEX_POINT('',#4144);
#4144 = CARTESIAN_POINT('',(0.16,-5.24,-3.));
#4145 = LINE('',#4146,#4147);
#4146 = CARTESIAN_POINT('',(0.16,-5.24,-3.));
#4147 = VECTOR('',#4148,1.);
#4148 = DIRECTION('',(-0.57735026919,0.57735026919,-0.57735026919));
#4149 = ORIENTED_EDGE('',*,*,#2998,.T.);
#4150 = ORIENTED_EDGE('',*,*,#4151,.T.);
#4151 = EDGE_CURVE('',#2999,#4152,#4154,.T.);
#4152 = VERTEX_POINT('',#4153);
#4153 = CARTESIAN_POINT('',(0.16,-4.92,-3.));
#4154 = LINE('',#4155,#4156);
#4155 = CARTESIAN_POINT('',(5.333333333333E-02,-5.026666666667,
    -3.106666666667));
#4156 = VECTOR('',#4157,1.);
#4157 = DIRECTION('',(-0.57735026919,-0.57735026919,-0.57735026919));
#4158 = ORIENTED_EDGE('',*,*,#4159,.F.);
#4159 = EDGE_CURVE('',#4143,#4152,#4160,.T.);
#4160 = LINE('',#4161,#4162);
#4161 = CARTESIAN_POINT('',(0.16,-5.4,-3.));
#4162 = VECTOR('',#4163,1.);
#4163 = DIRECTION('',(0.,1.,0.));
#4164 = PLANE('',#4165);
#4165 = AXIS2_PLACEMENT_3D('',#4166,#4167,#4168);
#4166 = CARTESIAN_POINT('',(0.24,-5.4,-2.92));
#4167 = DIRECTION('',(-0.707106781187,1.735167508357E-18,0.707106781187)
  );
#4168 = DIRECTION('',(1.226948711654E-18,1.,-1.226948711654E-18));
#4169 = ADVANCED_FACE('',(#4170),#4188,.F.);
#4170 = FACE_BOUND('',#4171,.T.);
#4171 = EDGE_LOOP('',(#4172,#4180,#4181,#4182));
#4172 = ORIENTED_EDGE('',*,*,#4173,.F.);
#4173 = EDGE_CURVE('',#3023,#4174,#4176,.T.);
#4174 = VERTEX_POINT('',#4175);
#4175 = CARTESIAN_POINT('',(-0.16,-4.92,-3.));
#4176 = LINE('',#4177,#4178);
#4177 = CARTESIAN_POINT('',(-0.16,-4.92,-3.));
#4178 = VECTOR('',#4179,1.);
#4179 = DIRECTION('',(0.57735026919,-0.57735026919,-0.57735026919));
#4180 = ORIENTED_EDGE('',*,*,#3022,.T.);
#4181 = ORIENTED_EDGE('',*,*,#4151,.T.);
#4182 = ORIENTED_EDGE('',*,*,#4183,.F.);
#4183 = EDGE_CURVE('',#4174,#4152,#4184,.T.);
#4184 = LINE('',#4185,#4186);
#4185 = CARTESIAN_POINT('',(-0.32,-4.92,-3.));
#4186 = VECTOR('',#4187,1.);
#4187 = DIRECTION('',(1.,0.,0.));
#4188 = PLANE('',#4189);
#4189 = AXIS2_PLACEMENT_3D('',#4190,#4191,#4192);
#4190 = CARTESIAN_POINT('',(-0.32,-4.84,-2.92));
#4191 = DIRECTION('',(-1.735167508357E-18,-0.707106781187,0.707106781187
    ));
#4192 = DIRECTION('',(-1.,1.226948711654E-18,-1.226948711654E-18));
#4193 = ADVANCED_FACE('',(#4194),#4212,.T.);
#4194 = FACE_BOUND('',#4195,.T.);
#4195 = EDGE_LOOP('',(#4196,#4204,#4205,#4206));
#4196 = ORIENTED_EDGE('',*,*,#4197,.F.);
#4197 = EDGE_CURVE('',#3046,#4198,#4200,.T.);
#4198 = VERTEX_POINT('',#4199);
#4199 = CARTESIAN_POINT('',(-0.16,-5.24,-3.));
#4200 = LINE('',#4201,#4202);
#4201 = CARTESIAN_POINT('',(-0.266666666667,-5.346666666667,
    -2.893333333333));
#4202 = VECTOR('',#4203,1.);
#4203 = DIRECTION('',(0.57735026919,0.57735026919,-0.57735026919));
#4204 = ORIENTED_EDGE('',*,*,#3053,.T.);
#4205 = ORIENTED_EDGE('',*,*,#4173,.T.);
#4206 = ORIENTED_EDGE('',*,*,#4207,.F.);
#4207 = EDGE_CURVE('',#4198,#4174,#4208,.T.);
#4208 = LINE('',#4209,#4210);
#4209 = CARTESIAN_POINT('',(-0.16,-5.4,-3.));
#4210 = VECTOR('',#4211,1.);
#4211 = DIRECTION('',(0.,1.,0.));
#4212 = PLANE('',#4213);
#4213 = AXIS2_PLACEMENT_3D('',#4214,#4215,#4216);
#4214 = CARTESIAN_POINT('',(-0.24,-5.4,-2.92));
#4215 = DIRECTION('',(-0.707106781187,-1.735167508357E-18,
    -0.707106781187));
#4216 = DIRECTION('',(-1.226948711654E-18,1.,-1.226948711654E-18));
#4217 = ADVANCED_FACE('',(#4218),#4229,.T.);
#4218 = FACE_BOUND('',#4219,.F.);
#4219 = EDGE_LOOP('',(#4220,#4221,#4222,#4223));
#4220 = ORIENTED_EDGE('',*,*,#4197,.F.);
#4221 = ORIENTED_EDGE('',*,*,#3070,.T.);
#4222 = ORIENTED_EDGE('',*,*,#4142,.T.);
#4223 = ORIENTED_EDGE('',*,*,#4224,.F.);
#4224 = EDGE_CURVE('',#4198,#4143,#4225,.T.);
#4225 = LINE('',#4226,#4227);
#4226 = CARTESIAN_POINT('',(-0.32,-5.24,-3.));
#4227 = VECTOR('',#4228,1.);
#4228 = DIRECTION('',(1.,0.,0.));
#4229 = PLANE('',#4230);
#4230 = AXIS2_PLACEMENT_3D('',#4231,#4232,#4233);
#4231 = CARTESIAN_POINT('',(-0.32,-5.32,-2.92));
#4232 = DIRECTION('',(1.735167508357E-18,-0.707106781187,-0.707106781187
    ));
#4233 = DIRECTION('',(-1.,-1.226948711654E-18,-1.226948711654E-18));
#4234 = ADVANCED_FACE('',(#4235),#4260,.T.);
#4235 = FACE_BOUND('',#4236,.T.);
#4236 = EDGE_LOOP('',(#4237,#4245,#4246,#4254));
#4237 = ORIENTED_EDGE('',*,*,#4238,.F.);
#4238 = EDGE_CURVE('',#3087,#4239,#4241,.T.);
#4239 = VERTEX_POINT('',#4240);
#4240 = CARTESIAN_POINT('',(2.7,-2.7,8.54));
#4241 = LINE('',#4242,#4243);
#4242 = CARTESIAN_POINT('',(2.7,-2.7,8.54));
#4243 = VECTOR('',#4244,1.);
#4244 = DIRECTION('',(-0.57735026919,0.57735026919,0.57735026919));
#4245 = ORIENTED_EDGE('',*,*,#3103,.T.);
#4246 = ORIENTED_EDGE('',*,*,#4247,.T.);
#4247 = EDGE_CURVE('',#3096,#4248,#4250,.T.);
#4248 = VERTEX_POINT('',#4249);
#4249 = CARTESIAN_POINT('',(2.7,-2.38,8.54));
#4250 = LINE('',#4251,#4252);
#4251 = CARTESIAN_POINT('',(2.593333333333,-2.486666666667,
    8.646666666667));
#4252 = VECTOR('',#4253,1.);
#4253 = DIRECTION('',(-0.57735026919,-0.57735026919,0.57735026919));
#4254 = ORIENTED_EDGE('',*,*,#4255,.F.);
#4255 = EDGE_CURVE('',#4239,#4248,#4256,.T.);
#4256 = LINE('',#4257,#4258);
#4257 = CARTESIAN_POINT('',(2.7,-2.86,8.54));
#4258 = VECTOR('',#4259,1.);
#4259 = DIRECTION('',(0.,1.,0.));
#4260 = PLANE('',#4261);
#4261 = AXIS2_PLACEMENT_3D('',#4262,#4263,#4264);
#4262 = CARTESIAN_POINT('',(2.78,-2.86,8.46));
#4263 = DIRECTION('',(0.707106781187,-1.735167508357E-18,0.707106781187)
  );
#4264 = DIRECTION('',(1.226948711654E-18,1.,1.226948711654E-18));
#4265 = ADVANCED_FACE('',(#4266),#4284,.T.);
#4266 = FACE_BOUND('',#4267,.F.);
#4267 = EDGE_LOOP('',(#4268,#4276,#4277,#4278));
#4268 = ORIENTED_EDGE('',*,*,#4269,.F.);
#4269 = EDGE_CURVE('',#3120,#4270,#4272,.T.);
#4270 = VERTEX_POINT('',#4271);
#4271 = CARTESIAN_POINT('',(2.38,-2.38,8.54));
#4272 = LINE('',#4273,#4274);
#4273 = CARTESIAN_POINT('',(2.38,-2.38,8.54));
#4274 = VECTOR('',#4275,1.);
#4275 = DIRECTION('',(0.57735026919,-0.57735026919,0.57735026919));
#4276 = ORIENTED_EDGE('',*,*,#3127,.T.);
#4277 = ORIENTED_EDGE('',*,*,#4247,.T.);
#4278 = ORIENTED_EDGE('',*,*,#4279,.F.);
#4279 = EDGE_CURVE('',#4270,#4248,#4280,.T.);
#4280 = LINE('',#4281,#4282);
#4281 = CARTESIAN_POINT('',(2.22,-2.38,8.54));
#4282 = VECTOR('',#4283,1.);
#4283 = DIRECTION('',(1.,0.,0.));
#4284 = PLANE('',#4285);
#4285 = AXIS2_PLACEMENT_3D('',#4286,#4287,#4288);
#4286 = CARTESIAN_POINT('',(2.22,-2.3,8.46));
#4287 = DIRECTION('',(1.735167508357E-18,0.707106781187,0.707106781187)
  );
#4288 = DIRECTION('',(-1.,1.226948711654E-18,1.226948711654E-18));
#4289 = ADVANCED_FACE('',(#4290),#4308,.F.);
#4290 = FACE_BOUND('',#4291,.F.);
#4291 = EDGE_LOOP('',(#4292,#4300,#4301,#4302));
#4292 = ORIENTED_EDGE('',*,*,#4293,.F.);
#4293 = EDGE_CURVE('',#3142,#4294,#4296,.T.);
#4294 = VERTEX_POINT('',#4295);
#4295 = CARTESIAN_POINT('',(2.38,-2.7,8.54));
#4296 = LINE('',#4297,#4298);
#4297 = CARTESIAN_POINT('',(2.273333333333,-2.806666666667,
    8.433333333333));
#4298 = VECTOR('',#4299,1.);
#4299 = DIRECTION('',(0.57735026919,0.57735026919,0.57735026919));
#4300 = ORIENTED_EDGE('',*,*,#3151,.T.);
#4301 = ORIENTED_EDGE('',*,*,#4269,.T.);
#4302 = ORIENTED_EDGE('',*,*,#4303,.F.);
#4303 = EDGE_CURVE('',#4294,#4270,#4304,.T.);
#4304 = LINE('',#4305,#4306);
#4305 = CARTESIAN_POINT('',(2.38,-2.86,8.54));
#4306 = VECTOR('',#4307,1.);
#4307 = DIRECTION('',(0.,1.,0.));
#4308 = PLANE('',#4309);
#4309 = AXIS2_PLACEMENT_3D('',#4310,#4311,#4312);
#4310 = CARTESIAN_POINT('',(2.3,-2.86,8.46));
#4311 = DIRECTION('',(0.707106781187,1.735167508357E-18,-0.707106781187)
  );
#4312 = DIRECTION('',(-1.226948711654E-18,1.,1.226948711654E-18));
#4313 = ADVANCED_FACE('',(#4314),#4325,.F.);
#4314 = FACE_BOUND('',#4315,.T.);
#4315 = EDGE_LOOP('',(#4316,#4317,#4318,#4319));
#4316 = ORIENTED_EDGE('',*,*,#4293,.F.);
#4317 = ORIENTED_EDGE('',*,*,#3168,.T.);
#4318 = ORIENTED_EDGE('',*,*,#4238,.T.);
#4319 = ORIENTED_EDGE('',*,*,#4320,.F.);
#4320 = EDGE_CURVE('',#4294,#4239,#4321,.T.);
#4321 = LINE('',#4322,#4323);
#4322 = CARTESIAN_POINT('',(2.22,-2.7,8.54));
#4323 = VECTOR('',#4324,1.);
#4324 = DIRECTION('',(1.,0.,0.));
#4325 = PLANE('',#4326);
#4326 = AXIS2_PLACEMENT_3D('',#4327,#4328,#4329);
#4327 = CARTESIAN_POINT('',(2.22,-2.78,8.46));
#4328 = DIRECTION('',(-1.735167508357E-18,0.707106781187,-0.707106781187
    ));
#4329 = DIRECTION('',(-1.,-1.226948711654E-18,1.226948711654E-18));
#4330 = ADVANCED_FACE('',(#4331),#4356,.T.);
#4331 = FACE_BOUND('',#4332,.F.);
#4332 = EDGE_LOOP('',(#4333,#4341,#4342,#4350));
#4333 = ORIENTED_EDGE('',*,*,#4334,.F.);
#4334 = EDGE_CURVE('',#3192,#4335,#4337,.T.);
#4335 = VERTEX_POINT('',#4336);
#4336 = CARTESIAN_POINT('',(-0.16,-2.38,8.54));
#4337 = LINE('',#4338,#4339);
#4338 = CARTESIAN_POINT('',(-0.16,-2.38,8.54));
#4339 = VECTOR('',#4340,1.);
#4340 = DIRECTION('',(0.57735026919,-0.57735026919,0.57735026919));
#4341 = ORIENTED_EDGE('',*,*,#3199,.T.);
#4342 = ORIENTED_EDGE('',*,*,#4343,.T.);
#4343 = EDGE_CURVE('',#3183,#4344,#4346,.T.);
#4344 = VERTEX_POINT('',#4345);
#4345 = CARTESIAN_POINT('',(0.16,-2.38,8.54));
#4346 = LINE('',#4347,#4348);
#4347 = CARTESIAN_POINT('',(5.333333333333E-02,-2.486666666667,
    8.646666666667));
#4348 = VECTOR('',#4349,1.);
#4349 = DIRECTION('',(-0.57735026919,-0.57735026919,0.57735026919));
#4350 = ORIENTED_EDGE('',*,*,#4351,.F.);
#4351 = EDGE_CURVE('',#4335,#4344,#4352,.T.);
#4352 = LINE('',#4353,#4354);
#4353 = CARTESIAN_POINT('',(-0.32,-2.38,8.54));
#4354 = VECTOR('',#4355,1.);
#4355 = DIRECTION('',(1.,0.,0.));
#4356 = PLANE('',#4357);
#4357 = AXIS2_PLACEMENT_3D('',#4358,#4359,#4360);
#4358 = CARTESIAN_POINT('',(-0.32,-2.3,8.46));
#4359 = DIRECTION('',(1.735167508357E-18,0.707106781187,0.707106781187)
  );
#4360 = DIRECTION('',(-1.,1.226948711654E-18,1.226948711654E-18));
#4361 = ADVANCED_FACE('',(#4362),#4380,.F.);
#4362 = FACE_BOUND('',#4363,.F.);
#4363 = EDGE_LOOP('',(#4364,#4372,#4373,#4374));
#4364 = ORIENTED_EDGE('',*,*,#4365,.F.);
#4365 = EDGE_CURVE('',#3214,#4366,#4368,.T.);
#4366 = VERTEX_POINT('',#4367);
#4367 = CARTESIAN_POINT('',(-0.16,-2.7,8.54));
#4368 = LINE('',#4369,#4370);
#4369 = CARTESIAN_POINT('',(-0.266666666667,-2.806666666667,
    8.433333333333));
#4370 = VECTOR('',#4371,1.);
#4371 = DIRECTION('',(0.57735026919,0.57735026919,0.57735026919));
#4372 = ORIENTED_EDGE('',*,*,#3223,.T.);
#4373 = ORIENTED_EDGE('',*,*,#4334,.T.);
#4374 = ORIENTED_EDGE('',*,*,#4375,.F.);
#4375 = EDGE_CURVE('',#4366,#4335,#4376,.T.);
#4376 = LINE('',#4377,#4378);
#4377 = CARTESIAN_POINT('',(-0.16,-2.86,8.54));
#4378 = VECTOR('',#4379,1.);
#4379 = DIRECTION('',(0.,1.,0.));
#4380 = PLANE('',#4381);
#4381 = AXIS2_PLACEMENT_3D('',#4382,#4383,#4384);
#4382 = CARTESIAN_POINT('',(-0.24,-2.86,8.46));
#4383 = DIRECTION('',(0.707106781187,1.735167508357E-18,-0.707106781187)
  );
#4384 = DIRECTION('',(-1.226948711654E-18,1.,1.226948711654E-18));
#4385 = ADVANCED_FACE('',(#4386),#4404,.F.);
#4386 = FACE_BOUND('',#4387,.T.);
#4387 = EDGE_LOOP('',(#4388,#4389,#4390,#4398));
#4388 = ORIENTED_EDGE('',*,*,#4365,.F.);
#4389 = ORIENTED_EDGE('',*,*,#3247,.T.);
#4390 = ORIENTED_EDGE('',*,*,#4391,.T.);
#4391 = EDGE_CURVE('',#3238,#4392,#4394,.T.);
#4392 = VERTEX_POINT('',#4393);
#4393 = CARTESIAN_POINT('',(0.16,-2.7,8.54));
#4394 = LINE('',#4395,#4396);
#4395 = CARTESIAN_POINT('',(0.16,-2.7,8.54));
#4396 = VECTOR('',#4397,1.);
#4397 = DIRECTION('',(-0.57735026919,0.57735026919,0.57735026919));
#4398 = ORIENTED_EDGE('',*,*,#4399,.F.);
#4399 = EDGE_CURVE('',#4366,#4392,#4400,.T.);
#4400 = LINE('',#4401,#4402);
#4401 = CARTESIAN_POINT('',(-0.32,-2.7,8.54));
#4402 = VECTOR('',#4403,1.);
#4403 = DIRECTION('',(1.,0.,0.));
#4404 = PLANE('',#4405);
#4405 = AXIS2_PLACEMENT_3D('',#4406,#4407,#4408);
#4406 = CARTESIAN_POINT('',(-0.32,-2.78,8.46));
#4407 = DIRECTION('',(-1.735167508357E-18,0.707106781187,-0.707106781187
    ));
#4408 = DIRECTION('',(-1.,-1.226948711654E-18,1.226948711654E-18));
#4409 = ADVANCED_FACE('',(#4410),#4421,.T.);
#4410 = FACE_BOUND('',#4411,.T.);
#4411 = EDGE_LOOP('',(#4412,#4413,#4414,#4415));
#4412 = ORIENTED_EDGE('',*,*,#4391,.F.);
#4413 = ORIENTED_EDGE('',*,*,#3264,.T.);
#4414 = ORIENTED_EDGE('',*,*,#4343,.T.);
#4415 = ORIENTED_EDGE('',*,*,#4416,.F.);
#4416 = EDGE_CURVE('',#4392,#4344,#4417,.T.);
#4417 = LINE('',#4418,#4419);
#4418 = CARTESIAN_POINT('',(0.16,-2.86,8.54));
#4419 = VECTOR('',#4420,1.);
#4420 = DIRECTION('',(0.,1.,0.));
#4421 = PLANE('',#4422);
#4422 = AXIS2_PLACEMENT_3D('',#4423,#4424,#4425);
#4423 = CARTESIAN_POINT('',(0.24,-2.86,8.46));
#4424 = DIRECTION('',(0.707106781187,-1.735167508357E-18,0.707106781187)
  );
#4425 = DIRECTION('',(1.226948711654E-18,1.,1.226948711654E-18));
#4426 = ADVANCED_FACE('',(#4427),#4452,.T.);
#4427 = FACE_BOUND('',#4428,.T.);
#4428 = EDGE_LOOP('',(#4429,#4437,#4438,#4446));
#4429 = ORIENTED_EDGE('',*,*,#4430,.F.);
#4430 = EDGE_CURVE('',#3279,#4431,#4433,.T.);
#4431 = VERTEX_POINT('',#4432);
#4432 = CARTESIAN_POINT('',(0.16,-0.16,8.54));
#4433 = LINE('',#4434,#4435);
#4434 = CARTESIAN_POINT('',(0.16,-0.16,8.54));
#4435 = VECTOR('',#4436,1.);
#4436 = DIRECTION('',(-0.57735026919,0.57735026919,0.57735026919));
#4437 = ORIENTED_EDGE('',*,*,#3295,.T.);
#4438 = ORIENTED_EDGE('',*,*,#4439,.T.);
#4439 = EDGE_CURVE('',#3288,#4440,#4442,.T.);
#4440 = VERTEX_POINT('',#4441);
#4441 = CARTESIAN_POINT('',(0.16,0.16,8.54));
#4442 = LINE('',#4443,#4444);
#4443 = CARTESIAN_POINT('',(5.333333333333E-02,5.333333333333E-02,
    8.646666666667));
#4444 = VECTOR('',#4445,1.);
#4445 = DIRECTION('',(-0.57735026919,-0.57735026919,0.57735026919));
#4446 = ORIENTED_EDGE('',*,*,#4447,.F.);
#4447 = EDGE_CURVE('',#4431,#4440,#4448,.T.);
#4448 = LINE('',#4449,#4450);
#4449 = CARTESIAN_POINT('',(0.16,-0.32,8.54));
#4450 = VECTOR('',#4451,1.);
#4451 = DIRECTION('',(0.,1.,0.));
#4452 = PLANE('',#4453);
#4453 = AXIS2_PLACEMENT_3D('',#4454,#4455,#4456);
#4454 = CARTESIAN_POINT('',(0.24,-0.32,8.46));
#4455 = DIRECTION('',(0.707106781187,-1.735167508357E-18,0.707106781187)
  );
#4456 = DIRECTION('',(1.226948711654E-18,1.,1.226948711654E-18));
#4457 = ADVANCED_FACE('',(#4458),#4476,.T.);
#4458 = FACE_BOUND('',#4459,.F.);
#4459 = EDGE_LOOP('',(#4460,#4468,#4469,#4470));
#4460 = ORIENTED_EDGE('',*,*,#4461,.F.);
#4461 = EDGE_CURVE('',#3312,#4462,#4464,.T.);
#4462 = VERTEX_POINT('',#4463);
#4463 = CARTESIAN_POINT('',(-0.16,0.16,8.54));
#4464 = LINE('',#4465,#4466);
#4465 = CARTESIAN_POINT('',(-0.16,0.16,8.54));
#4466 = VECTOR('',#4467,1.);
#4467 = DIRECTION('',(0.57735026919,-0.57735026919,0.57735026919));
#4468 = ORIENTED_EDGE('',*,*,#3319,.T.);
#4469 = ORIENTED_EDGE('',*,*,#4439,.T.);
#4470 = ORIENTED_EDGE('',*,*,#4471,.F.);
#4471 = EDGE_CURVE('',#4462,#4440,#4472,.T.);
#4472 = LINE('',#4473,#4474);
#4473 = CARTESIAN_POINT('',(-0.32,0.16,8.54));
#4474 = VECTOR('',#4475,1.);
#4475 = DIRECTION('',(1.,0.,0.));
#4476 = PLANE('',#4477);
#4477 = AXIS2_PLACEMENT_3D('',#4478,#4479,#4480);
#4478 = CARTESIAN_POINT('',(-0.32,0.24,8.46));
#4479 = DIRECTION('',(1.735167508357E-18,0.707106781187,0.707106781187)
  );
#4480 = DIRECTION('',(-1.,1.226948711654E-18,1.226948711654E-18));
#4481 = ADVANCED_FACE('',(#4482),#4500,.F.);
#4482 = FACE_BOUND('',#4483,.F.);
#4483 = EDGE_LOOP('',(#4484,#4492,#4493,#4494));
#4484 = ORIENTED_EDGE('',*,*,#4485,.F.);
#4485 = EDGE_CURVE('',#3334,#4486,#4488,.T.);
#4486 = VERTEX_POINT('',#4487);
#4487 = CARTESIAN_POINT('',(-0.16,-0.16,8.54));
#4488 = LINE('',#4489,#4490);
#4489 = CARTESIAN_POINT('',(-0.266666666667,-0.266666666667,
    8.433333333333));
#4490 = VECTOR('',#4491,1.);
#4491 = DIRECTION('',(0.57735026919,0.57735026919,0.57735026919));
#4492 = ORIENTED_EDGE('',*,*,#3343,.T.);
#4493 = ORIENTED_EDGE('',*,*,#4461,.T.);
#4494 = ORIENTED_EDGE('',*,*,#4495,.F.);
#4495 = EDGE_CURVE('',#4486,#4462,#4496,.T.);
#4496 = LINE('',#4497,#4498);
#4497 = CARTESIAN_POINT('',(-0.16,-0.32,8.54));
#4498 = VECTOR('',#4499,1.);
#4499 = DIRECTION('',(0.,1.,0.));
#4500 = PLANE('',#4501);
#4501 = AXIS2_PLACEMENT_3D('',#4502,#4503,#4504);
#4502 = CARTESIAN_POINT('',(-0.24,-0.32,8.46));
#4503 = DIRECTION('',(0.707106781187,1.735167508357E-18,-0.707106781187)
  );
#4504 = DIRECTION('',(-1.226948711654E-18,1.,1.226948711654E-18));
#4505 = ADVANCED_FACE('',(#4506),#4517,.F.);
#4506 = FACE_BOUND('',#4507,.T.);
#4507 = EDGE_LOOP('',(#4508,#4509,#4510,#4511));
#4508 = ORIENTED_EDGE('',*,*,#4485,.F.);
#4509 = ORIENTED_EDGE('',*,*,#3360,.T.);
#4510 = ORIENTED_EDGE('',*,*,#4430,.T.);
#4511 = ORIENTED_EDGE('',*,*,#4512,.F.);
#4512 = EDGE_CURVE('',#4486,#4431,#4513,.T.);
#4513 = LINE('',#4514,#4515);
#4514 = CARTESIAN_POINT('',(-0.32,-0.16,8.54));
#4515 = VECTOR('',#4516,1.);
#4516 = DIRECTION('',(1.,0.,0.));
#4517 = PLANE('',#4518);
#4518 = AXIS2_PLACEMENT_3D('',#4519,#4520,#4521);
#4519 = CARTESIAN_POINT('',(-0.32,-0.24,8.46));
#4520 = DIRECTION('',(-1.735167508357E-18,0.707106781187,-0.707106781187
    ));
#4521 = DIRECTION('',(-1.,-1.226948711654E-18,1.226948711654E-18));
#4522 = ADVANCED_FACE('',(#4523),#4548,.T.);
#4523 = FACE_BOUND('',#4524,.T.);
#4524 = EDGE_LOOP('',(#4525,#4533,#4534,#4542));
#4525 = ORIENTED_EDGE('',*,*,#4526,.F.);
#4526 = EDGE_CURVE('',#3375,#4527,#4529,.T.);
#4527 = VERTEX_POINT('',#4528);
#4528 = CARTESIAN_POINT('',(2.7,-0.16,8.54));
#4529 = LINE('',#4530,#4531);
#4530 = CARTESIAN_POINT('',(2.7,-0.16,8.54));
#4531 = VECTOR('',#4532,1.);
#4532 = DIRECTION('',(-0.57735026919,0.57735026919,0.57735026919));
#4533 = ORIENTED_EDGE('',*,*,#3391,.T.);
#4534 = ORIENTED_EDGE('',*,*,#4535,.T.);
#4535 = EDGE_CURVE('',#3384,#4536,#4538,.T.);
#4536 = VERTEX_POINT('',#4537);
#4537 = CARTESIAN_POINT('',(2.7,0.16,8.54));
#4538 = LINE('',#4539,#4540);
#4539 = CARTESIAN_POINT('',(2.593333333333,5.333333333333E-02,
    8.646666666667));
#4540 = VECTOR('',#4541,1.);
#4541 = DIRECTION('',(-0.57735026919,-0.57735026919,0.57735026919));
#4542 = ORIENTED_EDGE('',*,*,#4543,.F.);
#4543 = EDGE_CURVE('',#4527,#4536,#4544,.T.);
#4544 = LINE('',#4545,#4546);
#4545 = CARTESIAN_POINT('',(2.7,-0.32,8.54));
#4546 = VECTOR('',#4547,1.);
#4547 = DIRECTION('',(0.,1.,0.));
#4548 = PLANE('',#4549);
#4549 = AXIS2_PLACEMENT_3D('',#4550,#4551,#4552);
#4550 = CARTESIAN_POINT('',(2.78,-0.32,8.46));
#4551 = DIRECTION('',(0.707106781187,-1.735167508357E-18,0.707106781187)
  );
#4552 = DIRECTION('',(1.226948711654E-18,1.,1.226948711654E-18));
#4553 = ADVANCED_FACE('',(#4554),#4572,.T.);
#4554 = FACE_BOUND('',#4555,.F.);
#4555 = EDGE_LOOP('',(#4556,#4564,#4565,#4566));
#4556 = ORIENTED_EDGE('',*,*,#4557,.F.);
#4557 = EDGE_CURVE('',#3408,#4558,#4560,.T.);
#4558 = VERTEX_POINT('',#4559);
#4559 = CARTESIAN_POINT('',(2.38,0.16,8.54));
#4560 = LINE('',#4561,#4562);
#4561 = CARTESIAN_POINT('',(2.38,0.16,8.54));
#4562 = VECTOR('',#4563,1.);
#4563 = DIRECTION('',(0.57735026919,-0.57735026919,0.57735026919));
#4564 = ORIENTED_EDGE('',*,*,#3415,.T.);
#4565 = ORIENTED_EDGE('',*,*,#4535,.T.);
#4566 = ORIENTED_EDGE('',*,*,#4567,.F.);
#4567 = EDGE_CURVE('',#4558,#4536,#4568,.T.);
#4568 = LINE('',#4569,#4570);
#4569 = CARTESIAN_POINT('',(2.22,0.16,8.54));
#4570 = VECTOR('',#4571,1.);
#4571 = DIRECTION('',(1.,0.,0.));
#4572 = PLANE('',#4573);
#4573 = AXIS2_PLACEMENT_3D('',#4574,#4575,#4576);
#4574 = CARTESIAN_POINT('',(2.22,0.24,8.46));
#4575 = DIRECTION('',(1.735167508357E-18,0.707106781187,0.707106781187)
  );
#4576 = DIRECTION('',(-1.,1.226948711654E-18,1.226948711654E-18));
#4577 = ADVANCED_FACE('',(#4578),#4596,.F.);
#4578 = FACE_BOUND('',#4579,.F.);
#4579 = EDGE_LOOP('',(#4580,#4588,#4589,#4590));
#4580 = ORIENTED_EDGE('',*,*,#4581,.F.);
#4581 = EDGE_CURVE('',#3430,#4582,#4584,.T.);
#4582 = VERTEX_POINT('',#4583);
#4583 = CARTESIAN_POINT('',(2.38,-0.16,8.54));
#4584 = LINE('',#4585,#4586);
#4585 = CARTESIAN_POINT('',(2.273333333333,-0.266666666667,
    8.433333333333));
#4586 = VECTOR('',#4587,1.);
#4587 = DIRECTION('',(0.57735026919,0.57735026919,0.57735026919));
#4588 = ORIENTED_EDGE('',*,*,#3439,.T.);
#4589 = ORIENTED_EDGE('',*,*,#4557,.T.);
#4590 = ORIENTED_EDGE('',*,*,#4591,.F.);
#4591 = EDGE_CURVE('',#4582,#4558,#4592,.T.);
#4592 = LINE('',#4593,#4594);
#4593 = CARTESIAN_POINT('',(2.38,-0.32,8.54));
#4594 = VECTOR('',#4595,1.);
#4595 = DIRECTION('',(0.,1.,0.));
#4596 = PLANE('',#4597);
#4597 = AXIS2_PLACEMENT_3D('',#4598,#4599,#4600);
#4598 = CARTESIAN_POINT('',(2.3,-0.32,8.46));
#4599 = DIRECTION('',(0.707106781187,1.735167508357E-18,-0.707106781187)
  );
#4600 = DIRECTION('',(-1.226948711654E-18,1.,1.226948711654E-18));
#4601 = ADVANCED_FACE('',(#4602),#4613,.F.);
#4602 = FACE_BOUND('',#4603,.T.);
#4603 = EDGE_LOOP('',(#4604,#4605,#4606,#4607));
#4604 = ORIENTED_EDGE('',*,*,#4581,.F.);
#4605 = ORIENTED_EDGE('',*,*,#3456,.T.);
#4606 = ORIENTED_EDGE('',*,*,#4526,.T.);
#4607 = ORIENTED_EDGE('',*,*,#4608,.F.);
#4608 = EDGE_CURVE('',#4582,#4527,#4609,.T.);
#4609 = LINE('',#4610,#4611);
#4610 = CARTESIAN_POINT('',(2.22,-0.16,8.54));
#4611 = VECTOR('',#4612,1.);
#4612 = DIRECTION('',(1.,0.,0.));
#4613 = PLANE('',#4614);
#4614 = AXIS2_PLACEMENT_3D('',#4615,#4616,#4617);
#4615 = CARTESIAN_POINT('',(2.22,-0.24,8.46));
#4616 = DIRECTION('',(-1.735167508357E-18,0.707106781187,-0.707106781187
    ));
#4617 = DIRECTION('',(-1.,-1.226948711654E-18,1.226948711654E-18));
#4618 = ADVANCED_FACE('',(#4619),#4644,.T.);
#4619 = FACE_BOUND('',#4620,.T.);
#4620 = EDGE_LOOP('',(#4621,#4629,#4630,#4638));
#4621 = ORIENTED_EDGE('',*,*,#4622,.F.);
#4622 = EDGE_CURVE('',#3471,#4623,#4625,.T.);
#4623 = VERTEX_POINT('',#4624);
#4624 = CARTESIAN_POINT('',(2.7,-5.24,8.54));
#4625 = LINE('',#4626,#4627);
#4626 = CARTESIAN_POINT('',(2.7,-5.24,8.54));
#4627 = VECTOR('',#4628,1.);
#4628 = DIRECTION('',(-0.57735026919,0.57735026919,0.57735026919));
#4629 = ORIENTED_EDGE('',*,*,#3487,.T.);
#4630 = ORIENTED_EDGE('',*,*,#4631,.T.);
#4631 = EDGE_CURVE('',#3480,#4632,#4634,.T.);
#4632 = VERTEX_POINT('',#4633);
#4633 = CARTESIAN_POINT('',(2.7,-4.92,8.54));
#4634 = LINE('',#4635,#4636);
#4635 = CARTESIAN_POINT('',(2.593333333333,-5.026666666667,
    8.646666666667));
#4636 = VECTOR('',#4637,1.);
#4637 = DIRECTION('',(-0.57735026919,-0.57735026919,0.57735026919));
#4638 = ORIENTED_EDGE('',*,*,#4639,.F.);
#4639 = EDGE_CURVE('',#4623,#4632,#4640,.T.);
#4640 = LINE('',#4641,#4642);
#4641 = CARTESIAN_POINT('',(2.7,-5.4,8.54));
#4642 = VECTOR('',#4643,1.);
#4643 = DIRECTION('',(0.,1.,0.));
#4644 = PLANE('',#4645);
#4645 = AXIS2_PLACEMENT_3D('',#4646,#4647,#4648);
#4646 = CARTESIAN_POINT('',(2.78,-5.4,8.46));
#4647 = DIRECTION('',(0.707106781187,-1.735167508357E-18,0.707106781187)
  );
#4648 = DIRECTION('',(1.226948711654E-18,1.,1.226948711654E-18));
#4649 = ADVANCED_FACE('',(#4650),#4668,.T.);
#4650 = FACE_BOUND('',#4651,.F.);
#4651 = EDGE_LOOP('',(#4652,#4660,#4661,#4662));
#4652 = ORIENTED_EDGE('',*,*,#4653,.F.);
#4653 = EDGE_CURVE('',#3504,#4654,#4656,.T.);
#4654 = VERTEX_POINT('',#4655);
#4655 = CARTESIAN_POINT('',(2.38,-4.92,8.54));
#4656 = LINE('',#4657,#4658);
#4657 = CARTESIAN_POINT('',(2.38,-4.92,8.54));
#4658 = VECTOR('',#4659,1.);
#4659 = DIRECTION('',(0.57735026919,-0.57735026919,0.57735026919));
#4660 = ORIENTED_EDGE('',*,*,#3511,.T.);
#4661 = ORIENTED_EDGE('',*,*,#4631,.T.);
#4662 = ORIENTED_EDGE('',*,*,#4663,.F.);
#4663 = EDGE_CURVE('',#4654,#4632,#4664,.T.);
#4664 = LINE('',#4665,#4666);
#4665 = CARTESIAN_POINT('',(2.22,-4.92,8.54));
#4666 = VECTOR('',#4667,1.);
#4667 = DIRECTION('',(1.,0.,0.));
#4668 = PLANE('',#4669);
#4669 = AXIS2_PLACEMENT_3D('',#4670,#4671,#4672);
#4670 = CARTESIAN_POINT('',(2.22,-4.84,8.46));
#4671 = DIRECTION('',(1.735167508357E-18,0.707106781187,0.707106781187)
  );
#4672 = DIRECTION('',(-1.,1.226948711654E-18,1.226948711654E-18));
#4673 = ADVANCED_FACE('',(#4674),#4692,.F.);
#4674 = FACE_BOUND('',#4675,.F.);
#4675 = EDGE_LOOP('',(#4676,#4684,#4685,#4686));
#4676 = ORIENTED_EDGE('',*,*,#4677,.F.);
#4677 = EDGE_CURVE('',#3526,#4678,#4680,.T.);
#4678 = VERTEX_POINT('',#4679);
#4679 = CARTESIAN_POINT('',(2.38,-5.24,8.54));
#4680 = LINE('',#4681,#4682);
#4681 = CARTESIAN_POINT('',(2.273333333333,-5.346666666667,
    8.433333333333));
#4682 = VECTOR('',#4683,1.);
#4683 = DIRECTION('',(0.57735026919,0.57735026919,0.57735026919));
#4684 = ORIENTED_EDGE('',*,*,#3535,.T.);
#4685 = ORIENTED_EDGE('',*,*,#4653,.T.);
#4686 = ORIENTED_EDGE('',*,*,#4687,.F.);
#4687 = EDGE_CURVE('',#4678,#4654,#4688,.T.);
#4688 = LINE('',#4689,#4690);
#4689 = CARTESIAN_POINT('',(2.38,-5.4,8.54));
#4690 = VECTOR('',#4691,1.);
#4691 = DIRECTION('',(0.,1.,0.));
#4692 = PLANE('',#4693);
#4693 = AXIS2_PLACEMENT_3D('',#4694,#4695,#4696);
#4694 = CARTESIAN_POINT('',(2.3,-5.4,8.46));
#4695 = DIRECTION('',(0.707106781187,1.735167508357E-18,-0.707106781187)
  );
#4696 = DIRECTION('',(-1.226948711654E-18,1.,1.226948711654E-18));
#4697 = ADVANCED_FACE('',(#4698),#4709,.F.);
#4698 = FACE_BOUND('',#4699,.T.);
#4699 = EDGE_LOOP('',(#4700,#4701,#4702,#4703));
#4700 = ORIENTED_EDGE('',*,*,#4677,.F.);
#4701 = ORIENTED_EDGE('',*,*,#3552,.T.);
#4702 = ORIENTED_EDGE('',*,*,#4622,.T.);
#4703 = ORIENTED_EDGE('',*,*,#4704,.F.);
#4704 = EDGE_CURVE('',#4678,#4623,#4705,.T.);
#4705 = LINE('',#4706,#4707);
#4706 = CARTESIAN_POINT('',(2.22,-5.24,8.54));
#4707 = VECTOR('',#4708,1.);
#4708 = DIRECTION('',(1.,0.,0.));
#4709 = PLANE('',#4710);
#4710 = AXIS2_PLACEMENT_3D('',#4711,#4712,#4713);
#4711 = CARTESIAN_POINT('',(2.22,-5.32,8.46));
#4712 = DIRECTION('',(-1.735167508357E-18,0.707106781187,-0.707106781187
    ));
#4713 = DIRECTION('',(-1.,-1.226948711654E-18,1.226948711654E-18));
#4714 = ADVANCED_FACE('',(#4715),#4740,.T.);
#4715 = FACE_BOUND('',#4716,.T.);
#4716 = EDGE_LOOP('',(#4717,#4725,#4726,#4734));
#4717 = ORIENTED_EDGE('',*,*,#4718,.F.);
#4718 = EDGE_CURVE('',#3567,#4719,#4721,.T.);
#4719 = VERTEX_POINT('',#4720);
#4720 = CARTESIAN_POINT('',(0.16,-5.24,8.54));
#4721 = LINE('',#4722,#4723);
#4722 = CARTESIAN_POINT('',(0.16,-5.24,8.54));
#4723 = VECTOR('',#4724,1.);
#4724 = DIRECTION('',(-0.57735026919,0.57735026919,0.57735026919));
#4725 = ORIENTED_EDGE('',*,*,#3583,.T.);
#4726 = ORIENTED_EDGE('',*,*,#4727,.T.);
#4727 = EDGE_CURVE('',#3576,#4728,#4730,.T.);
#4728 = VERTEX_POINT('',#4729);
#4729 = CARTESIAN_POINT('',(0.16,-4.92,8.54));
#4730 = LINE('',#4731,#4732);
#4731 = CARTESIAN_POINT('',(5.333333333333E-02,-5.026666666667,
    8.646666666667));
#4732 = VECTOR('',#4733,1.);
#4733 = DIRECTION('',(-0.57735026919,-0.57735026919,0.57735026919));
#4734 = ORIENTED_EDGE('',*,*,#4735,.F.);
#4735 = EDGE_CURVE('',#4719,#4728,#4736,.T.);
#4736 = LINE('',#4737,#4738);
#4737 = CARTESIAN_POINT('',(0.16,-5.4,8.54));
#4738 = VECTOR('',#4739,1.);
#4739 = DIRECTION('',(0.,1.,0.));
#4740 = PLANE('',#4741);
#4741 = AXIS2_PLACEMENT_3D('',#4742,#4743,#4744);
#4742 = CARTESIAN_POINT('',(0.24,-5.4,8.46));
#4743 = DIRECTION('',(0.707106781187,-1.735167508357E-18,0.707106781187)
  );
#4744 = DIRECTION('',(1.226948711654E-18,1.,1.226948711654E-18));
#4745 = ADVANCED_FACE('',(#4746),#4764,.T.);
#4746 = FACE_BOUND('',#4747,.F.);
#4747 = EDGE_LOOP('',(#4748,#4756,#4757,#4758));
#4748 = ORIENTED_EDGE('',*,*,#4749,.F.);
#4749 = EDGE_CURVE('',#3600,#4750,#4752,.T.);
#4750 = VERTEX_POINT('',#4751);
#4751 = CARTESIAN_POINT('',(-0.16,-4.92,8.54));
#4752 = LINE('',#4753,#4754);
#4753 = CARTESIAN_POINT('',(-0.16,-4.92,8.54));
#4754 = VECTOR('',#4755,1.);
#4755 = DIRECTION('',(0.57735026919,-0.57735026919,0.57735026919));
#4756 = ORIENTED_EDGE('',*,*,#3607,.T.);
#4757 = ORIENTED_EDGE('',*,*,#4727,.T.);
#4758 = ORIENTED_EDGE('',*,*,#4759,.F.);
#4759 = EDGE_CURVE('',#4750,#4728,#4760,.T.);
#4760 = LINE('',#4761,#4762);
#4761 = CARTESIAN_POINT('',(-0.32,-4.92,8.54));
#4762 = VECTOR('',#4763,1.);
#4763 = DIRECTION('',(1.,0.,0.));
#4764 = PLANE('',#4765);
#4765 = AXIS2_PLACEMENT_3D('',#4766,#4767,#4768);
#4766 = CARTESIAN_POINT('',(-0.32,-4.84,8.46));
#4767 = DIRECTION('',(1.735167508357E-18,0.707106781187,0.707106781187)
  );
#4768 = DIRECTION('',(-1.,1.226948711654E-18,1.226948711654E-18));
#4769 = ADVANCED_FACE('',(#4770),#4788,.F.);
#4770 = FACE_BOUND('',#4771,.F.);
#4771 = EDGE_LOOP('',(#4772,#4780,#4781,#4782));
#4772 = ORIENTED_EDGE('',*,*,#4773,.F.);
#4773 = EDGE_CURVE('',#3622,#4774,#4776,.T.);
#4774 = VERTEX_POINT('',#4775);
#4775 = CARTESIAN_POINT('',(-0.16,-5.24,8.54));
#4776 = LINE('',#4777,#4778);
#4777 = CARTESIAN_POINT('',(-0.266666666667,-5.346666666667,
    8.433333333333));
#4778 = VECTOR('',#4779,1.);
#4779 = DIRECTION('',(0.57735026919,0.57735026919,0.57735026919));
#4780 = ORIENTED_EDGE('',*,*,#3631,.T.);
#4781 = ORIENTED_EDGE('',*,*,#4749,.T.);
#4782 = ORIENTED_EDGE('',*,*,#4783,.F.);
#4783 = EDGE_CURVE('',#4774,#4750,#4784,.T.);
#4784 = LINE('',#4785,#4786);
#4785 = CARTESIAN_POINT('',(-0.16,-5.4,8.54));
#4786 = VECTOR('',#4787,1.);
#4787 = DIRECTION('',(0.,1.,0.));
#4788 = PLANE('',#4789);
#4789 = AXIS2_PLACEMENT_3D('',#4790,#4791,#4792);
#4790 = CARTESIAN_POINT('',(-0.24,-5.4,8.46));
#4791 = DIRECTION('',(0.707106781187,1.735167508357E-18,-0.707106781187)
  );
#4792 = DIRECTION('',(-1.226948711654E-18,1.,1.226948711654E-18));
#4793 = ADVANCED_FACE('',(#4794),#4805,.F.);
#4794 = FACE_BOUND('',#4795,.T.);
#4795 = EDGE_LOOP('',(#4796,#4797,#4798,#4799));
#4796 = ORIENTED_EDGE('',*,*,#4773,.F.);
#4797 = ORIENTED_EDGE('',*,*,#3648,.T.);
#4798 = ORIENTED_EDGE('',*,*,#4718,.T.);
#4799 = ORIENTED_EDGE('',*,*,#4800,.F.);
#4800 = EDGE_CURVE('',#4774,#4719,#4801,.T.);
#4801 = LINE('',#4802,#4803);
#4802 = CARTESIAN_POINT('',(-0.32,-5.24,8.54));
#4803 = VECTOR('',#4804,1.);
#4804 = DIRECTION('',(1.,0.,0.));
#4805 = PLANE('',#4806);
#4806 = AXIS2_PLACEMENT_3D('',#4807,#4808,#4809);
#4807 = CARTESIAN_POINT('',(-0.32,-5.32,8.46));
#4808 = DIRECTION('',(-1.735167508357E-18,0.707106781187,-0.707106781187
    ));
#4809 = DIRECTION('',(-1.,-1.226948711654E-18,1.226948711654E-18));
#4810 = ADVANCED_FACE('',(#4811),#4817,.F.);
#4811 = FACE_BOUND('',#4812,.F.);
#4812 = EDGE_LOOP('',(#4813,#4814,#4815,#4816));
#4813 = ORIENTED_EDGE('',*,*,#3744,.T.);
#4814 = ORIENTED_EDGE('',*,*,#3679,.T.);
#4815 = ORIENTED_EDGE('',*,*,#3703,.F.);
#4816 = ORIENTED_EDGE('',*,*,#3727,.F.);
#4817 = PLANE('',#4818);
#4818 = AXIS2_PLACEMENT_3D('',#4819,#4820,#4821);
#4819 = CARTESIAN_POINT('',(2.22,-2.86,-3.));
#4820 = DIRECTION('',(0.,0.,1.));
#4821 = DIRECTION('',(1.,0.,-0.));
#4822 = ADVANCED_FACE('',(#4823),#4829,.F.);
#4823 = FACE_BOUND('',#4824,.F.);
#4824 = EDGE_LOOP('',(#4825,#4826,#4827,#4828));
#4825 = ORIENTED_EDGE('',*,*,#3823,.T.);
#4826 = ORIENTED_EDGE('',*,*,#3840,.T.);
#4827 = ORIENTED_EDGE('',*,*,#3775,.F.);
#4828 = ORIENTED_EDGE('',*,*,#3799,.F.);
#4829 = PLANE('',#4830);
#4830 = AXIS2_PLACEMENT_3D('',#4831,#4832,#4833);
#4831 = CARTESIAN_POINT('',(-0.32,-2.86,-3.));
#4832 = DIRECTION('',(0.,0.,1.));
#4833 = DIRECTION('',(1.,0.,-0.));
#4834 = ADVANCED_FACE('',(#4835),#4841,.F.);
#4835 = FACE_BOUND('',#4836,.F.);
#4836 = EDGE_LOOP('',(#4837,#4838,#4839,#4840));
#4837 = ORIENTED_EDGE('',*,*,#3936,.T.);
#4838 = ORIENTED_EDGE('',*,*,#3871,.T.);
#4839 = ORIENTED_EDGE('',*,*,#3895,.F.);
#4840 = ORIENTED_EDGE('',*,*,#3919,.F.);
#4841 = PLANE('',#4842);
#4842 = AXIS2_PLACEMENT_3D('',#4843,#4844,#4845);
#4843 = CARTESIAN_POINT('',(-0.32,-0.32,-3.));
#4844 = DIRECTION('',(0.,0.,1.));
#4845 = DIRECTION('',(1.,0.,-0.));
#4846 = ADVANCED_FACE('',(#4847),#4853,.F.);
#4847 = FACE_BOUND('',#4848,.F.);
#4848 = EDGE_LOOP('',(#4849,#4850,#4851,#4852));
#4849 = ORIENTED_EDGE('',*,*,#4032,.T.);
#4850 = ORIENTED_EDGE('',*,*,#3967,.T.);
#4851 = ORIENTED_EDGE('',*,*,#3991,.F.);
#4852 = ORIENTED_EDGE('',*,*,#4015,.F.);
#4853 = PLANE('',#4854);
#4854 = AXIS2_PLACEMENT_3D('',#4855,#4856,#4857);
#4855 = CARTESIAN_POINT('',(2.22,-0.32,-3.));
#4856 = DIRECTION('',(0.,0.,1.));
#4857 = DIRECTION('',(1.,0.,-0.));
#4858 = ADVANCED_FACE('',(#4859),#4865,.F.);
#4859 = FACE_BOUND('',#4860,.F.);
#4860 = EDGE_LOOP('',(#4861,#4862,#4863,#4864));
#4861 = ORIENTED_EDGE('',*,*,#4128,.T.);
#4862 = ORIENTED_EDGE('',*,*,#4063,.T.);
#4863 = ORIENTED_EDGE('',*,*,#4087,.F.);
#4864 = ORIENTED_EDGE('',*,*,#4111,.F.);
#4865 = PLANE('',#4866);
#4866 = AXIS2_PLACEMENT_3D('',#4867,#4868,#4869);
#4867 = CARTESIAN_POINT('',(2.22,-5.4,-3.));
#4868 = DIRECTION('',(0.,0.,1.));
#4869 = DIRECTION('',(1.,0.,-0.));
#4870 = ADVANCED_FACE('',(#4871),#4877,.F.);
#4871 = FACE_BOUND('',#4872,.F.);
#4872 = EDGE_LOOP('',(#4873,#4874,#4875,#4876));
#4873 = ORIENTED_EDGE('',*,*,#4224,.T.);
#4874 = ORIENTED_EDGE('',*,*,#4159,.T.);
#4875 = ORIENTED_EDGE('',*,*,#4183,.F.);
#4876 = ORIENTED_EDGE('',*,*,#4207,.F.);
#4877 = PLANE('',#4878);
#4878 = AXIS2_PLACEMENT_3D('',#4879,#4880,#4881);
#4879 = CARTESIAN_POINT('',(-0.32,-5.4,-3.));
#4880 = DIRECTION('',(0.,0.,1.));
#4881 = DIRECTION('',(1.,0.,-0.));
#4882 = ADVANCED_FACE('',(#4883),#4889,.T.);
#4883 = FACE_BOUND('',#4884,.T.);
#4884 = EDGE_LOOP('',(#4885,#4886,#4887,#4888));
#4885 = ORIENTED_EDGE('',*,*,#4303,.F.);
#4886 = ORIENTED_EDGE('',*,*,#4320,.T.);
#4887 = ORIENTED_EDGE('',*,*,#4255,.T.);
#4888 = ORIENTED_EDGE('',*,*,#4279,.F.);
#4889 = PLANE('',#4890);
#4890 = AXIS2_PLACEMENT_3D('',#4891,#4892,#4893);
#4891 = CARTESIAN_POINT('',(2.22,-2.86,8.54));
#4892 = DIRECTION('',(0.,0.,1.));
#4893 = DIRECTION('',(1.,0.,-0.));
#4894 = ADVANCED_FACE('',(#4895),#4901,.T.);
#4895 = FACE_BOUND('',#4896,.T.);
#4896 = EDGE_LOOP('',(#4897,#4898,#4899,#4900));
#4897 = ORIENTED_EDGE('',*,*,#4375,.F.);
#4898 = ORIENTED_EDGE('',*,*,#4399,.T.);
#4899 = ORIENTED_EDGE('',*,*,#4416,.T.);
#4900 = ORIENTED_EDGE('',*,*,#4351,.F.);
#4901 = PLANE('',#4902);
#4902 = AXIS2_PLACEMENT_3D('',#4903,#4904,#4905);
#4903 = CARTESIAN_POINT('',(-0.32,-2.86,8.54));
#4904 = DIRECTION('',(0.,0.,1.));
#4905 = DIRECTION('',(1.,0.,-0.));
#4906 = ADVANCED_FACE('',(#4907),#4913,.T.);
#4907 = FACE_BOUND('',#4908,.T.);
#4908 = EDGE_LOOP('',(#4909,#4910,#4911,#4912));
#4909 = ORIENTED_EDGE('',*,*,#4495,.F.);
#4910 = ORIENTED_EDGE('',*,*,#4512,.T.);
#4911 = ORIENTED_EDGE('',*,*,#4447,.T.);
#4912 = ORIENTED_EDGE('',*,*,#4471,.F.);
#4913 = PLANE('',#4914);
#4914 = AXIS2_PLACEMENT_3D('',#4915,#4916,#4917);
#4915 = CARTESIAN_POINT('',(-0.32,-0.32,8.54));
#4916 = DIRECTION('',(0.,0.,1.));
#4917 = DIRECTION('',(1.,0.,-0.));
#4918 = ADVANCED_FACE('',(#4919),#4925,.T.);
#4919 = FACE_BOUND('',#4920,.T.);
#4920 = EDGE_LOOP('',(#4921,#4922,#4923,#4924));
#4921 = ORIENTED_EDGE('',*,*,#4591,.F.);
#4922 = ORIENTED_EDGE('',*,*,#4608,.T.);
#4923 = ORIENTED_EDGE('',*,*,#4543,.T.);
#4924 = ORIENTED_EDGE('',*,*,#4567,.F.);
#4925 = PLANE('',#4926);
#4926 = AXIS2_PLACEMENT_3D('',#4927,#4928,#4929);
#4927 = CARTESIAN_POINT('',(2.22,-0.32,8.54));
#4928 = DIRECTION('',(0.,0.,1.));
#4929 = DIRECTION('',(1.,0.,-0.));
#4930 = ADVANCED_FACE('',(#4931),#4937,.T.);
#4931 = FACE_BOUND('',#4932,.T.);
#4932 = EDGE_LOOP('',(#4933,#4934,#4935,#4936));
#4933 = ORIENTED_EDGE('',*,*,#4687,.F.);
#4934 = ORIENTED_EDGE('',*,*,#4704,.T.);
#4935 = ORIENTED_EDGE('',*,*,#4639,.T.);
#4936 = ORIENTED_EDGE('',*,*,#4663,.F.);
#4937 = PLANE('',#4938);
#4938 = AXIS2_PLACEMENT_3D('',#4939,#4940,#4941);
#4939 = CARTESIAN_POINT('',(2.22,-5.4,8.54));
#4940 = DIRECTION('',(0.,0.,1.));
#4941 = DIRECTION('',(1.,0.,-0.));
#4942 = ADVANCED_FACE('',(#4943),#4949,.T.);
#4943 = FACE_BOUND('',#4944,.T.);
#4944 = EDGE_LOOP('',(#4945,#4946,#4947,#4948));
#4945 = ORIENTED_EDGE('',*,*,#4783,.F.);
#4946 = ORIENTED_EDGE('',*,*,#4800,.T.);
#4947 = ORIENTED_EDGE('',*,*,#4735,.T.);
#4948 = ORIENTED_EDGE('',*,*,#4759,.F.);
#4949 = PLANE('',#4950);
#4950 = AXIS2_PLACEMENT_3D('',#4951,#4952,#4953);
#4951 = CARTESIAN_POINT('',(-0.32,-5.4,8.54));
#4952 = DIRECTION('',(0.,0.,1.));
#4953 = DIRECTION('',(1.,0.,-0.));
#4954 = ( GEOMETRIC_REPRESENTATION_CONTEXT(3) 
GLOBAL_UNCERTAINTY_ASSIGNED_CONTEXT((#4958)) 
GLOBAL_UNIT_ASSIGNED_CONTEXT((#4955,#4956,#4957)) REPRESENTATION_CONTEXT
('Context #1','3D Context with UNIT and UNCERTAINTY') );
#4955 = ( LENGTH_UNIT() NAMED_UNIT(*) SI_UNIT(.MILLI.,.METRE.) );
#4956 = ( NAMED_UNIT(*) PLANE_ANGLE_UNIT() SI_UNIT($,.RADIAN.) );
#4957 = ( NAMED_UNIT(*) SI_UNIT($,.STERADIAN.) SOLID_ANGLE_UNIT() );
#4958 = UNCERTAINTY_MEASURE_WITH_UNIT(LENGTH_MEASURE(1.E-07),#4955,
  'distance_accuracy_value','confusion accuracy');
#4959 = CONTEXT_DEPENDENT_SHAPE_REPRESENTATION(#4960,#4962);
#4960 = ( REPRESENTATION_RELATIONSHIP('','',#1419,#10) 
REPRESENTATION_RELATIONSHIP_WITH_TRANSFORMATION(#4961) 
SHAPE_REPRESENTATION_RELATIONSHIP() );
#4961 = ITEM_DEFINED_TRANSFORMATION('','',#11,#27);
#4962 = PRODUCT_DEFINITION_SHAPE('Placement','Placement of an item',
  #4963);
#4963 = NEXT_ASSEMBLY_USAGE_OCCURRENCE('4','J1','',#5,#1414,$);
#4964 = PRODUCT_RELATED_PRODUCT_CATEGORY('part',$,(#1416));
#4965 = CONTEXT_DEPENDENT_SHAPE_REPRESENTATION(#4966,#4968);
#4966 = ( REPRESENTATION_RELATIONSHIP('','',#156,#10) 
REPRESENTATION_RELATIONSHIP_WITH_TRANSFORMATION(#4967) 
SHAPE_REPRESENTATION_RELATIONSHIP() );
#4967 = ITEM_DEFINED_TRANSFORMATION('','',#11,#31);
#4968 = PRODUCT_DEFINITION_SHAPE('Placement','Placement of an item',
  #4969);
#4969 = NEXT_ASSEMBLY_USAGE_OCCURRENCE('5','J4','',#5,#151,$);
#4970 = CONTEXT_DEPENDENT_SHAPE_REPRESENTATION(#4971,#4973);
#4971 = ( REPRESENTATION_RELATIONSHIP('','',#156,#10) 
REPRESENTATION_RELATIONSHIP_WITH_TRANSFORMATION(#4972) 
SHAPE_REPRESENTATION_RELATIONSHIP() );
#4972 = ITEM_DEFINED_TRANSFORMATION('','',#11,#35);
#4973 = PRODUCT_DEFINITION_SHAPE('Placement','Placement of an item',
  #4974);
#4974 = NEXT_ASSEMBLY_USAGE_OCCURRENCE('6','J2','',#5,#151,$);
#4975 = SHAPE_DEFINITION_REPRESENTATION(#4976,#4982);
#4976 = PRODUCT_DEFINITION_SHAPE('','',#4977);
#4977 = PRODUCT_DEFINITION('design','',#4978,#4981);
#4978 = PRODUCT_DEFINITION_FORMATION('','',#4979);
#4979 = PRODUCT('R_0805_2012Metric','R_0805_2012Metric','',(#4980));
#4980 = PRODUCT_CONTEXT('',#2,'mechanical');
#4981 = PRODUCT_DEFINITION_CONTEXT('part definition',#2,'design');
#4982 = ADVANCED_BREP_SHAPE_REPRESENTATION('',(#11,#4983),#5773);
#4983 = MANIFOLD_SOLID_BREP('',#4984);
#4984 = CLOSED_SHELL('',(#4985,#5025,#5108,#5133,#5158,#5225,#5242,#5259
    ,#5308,#5325,#5342,#5391,#5408,#5477,#5508,#5532,#5601,#5625,#5642,
    #5659,#5676,#5693,#5710,#5727,#5744,#5761));
#4985 = ADVANCED_FACE('',(#4986),#5020,.F.);
#4986 = FACE_BOUND('',#4987,.F.);
#4987 = EDGE_LOOP('',(#4988,#4998,#5006,#5014));
#4988 = ORIENTED_EDGE('',*,*,#4989,.F.);
#4989 = EDGE_CURVE('',#4990,#4992,#4994,.T.);
#4990 = VERTEX_POINT('',#4991);
#4991 = CARTESIAN_POINT('',(-1.,-0.6,4.5E-02));
#4992 = VERTEX_POINT('',#4993);
#4993 = CARTESIAN_POINT('',(-1.,-0.6,0.405));
#4994 = LINE('',#4995,#4996);
#4995 = CARTESIAN_POINT('',(-1.,-0.6,0.));
#4996 = VECTOR('',#4997,1.);
#4997 = DIRECTION('',(0.,0.,1.));
#4998 = ORIENTED_EDGE('',*,*,#4999,.T.);
#4999 = EDGE_CURVE('',#4990,#5000,#5002,.T.);
#5000 = VERTEX_POINT('',#5001);
#5001 = CARTESIAN_POINT('',(-1.,0.6,4.5E-02));
#5002 = LINE('',#5003,#5004);
#5003 = CARTESIAN_POINT('',(-1.,-0.6,4.5E-02));
#5004 = VECTOR('',#5005,1.);
#5005 = DIRECTION('',(0.,1.,0.));
#5006 = ORIENTED_EDGE('',*,*,#5007,.T.);
#5007 = EDGE_CURVE('',#5000,#5008,#5010,.T.);
#5008 = VERTEX_POINT('',#5009);
#5009 = CARTESIAN_POINT('',(-1.,0.6,0.405));
#5010 = LINE('',#5011,#5012);
#5011 = CARTESIAN_POINT('',(-1.,0.6,0.));
#5012 = VECTOR('',#5013,1.);
#5013 = DIRECTION('',(0.,0.,1.));
#5014 = ORIENTED_EDGE('',*,*,#5015,.F.);
#5015 = EDGE_CURVE('',#4992,#5008,#5016,.T.);
#5016 = LINE('',#5017,#5018);
#5017 = CARTESIAN_POINT('',(-1.,-0.6,0.405));
#5018 = VECTOR('',#5019,1.);
#5019 = DIRECTION('',(0.,1.,0.));
#5020 = PLANE('',#5021);
#5021 = AXIS2_PLACEMENT_3D('',#5022,#5023,#5024);
#5022 = CARTESIAN_POINT('',(-1.,-0.6,0.));
#5023 = DIRECTION('',(1.,0.,0.));
#5024 = DIRECTION('',(0.,0.,1.));
#5025 = ADVANCED_FACE('',(#5026),#5103,.F.);
#5026 = FACE_BOUND('',#5027,.F.);
#5027 = EDGE_LOOP('',(#5028,#5038,#5045,#5046,#5055,#5063,#5072,#5080,
    #5088,#5096));
#5028 = ORIENTED_EDGE('',*,*,#5029,.F.);
#5029 = EDGE_CURVE('',#5030,#5032,#5034,.T.);
#5030 = VERTEX_POINT('',#5031);
#5031 = CARTESIAN_POINT('',(-0.955,-0.6,-2.775557561563E-17));
#5032 = VERTEX_POINT('',#5033);
#5033 = CARTESIAN_POINT('',(-0.745,-0.6,-2.775557561563E-17));
#5034 = LINE('',#5035,#5036);
#5035 = CARTESIAN_POINT('',(-1.,-0.6,0.));
#5036 = VECTOR('',#5037,1.);
#5037 = DIRECTION('',(1.,0.,0.));
#5038 = ORIENTED_EDGE('',*,*,#5039,.F.);
#5039 = EDGE_CURVE('',#4990,#5030,#5040,.T.);
#5040 = CIRCLE('',#5041,4.5E-02);
#5041 = AXIS2_PLACEMENT_3D('',#5042,#5043,#5044);
#5042 = CARTESIAN_POINT('',(-0.955,-0.6,4.5E-02));
#5043 = DIRECTION('',(0.,-1.,0.));
#5044 = DIRECTION('',(0.,0.,1.));
#5045 = ORIENTED_EDGE('',*,*,#4989,.T.);
#5046 = ORIENTED_EDGE('',*,*,#5047,.T.);
#5047 = EDGE_CURVE('',#4992,#5048,#5050,.T.);
#5048 = VERTEX_POINT('',#5049);
#5049 = CARTESIAN_POINT('',(-0.955,-0.6,0.45));
#5050 = CIRCLE('',#5051,4.5E-02);
#5051 = AXIS2_PLACEMENT_3D('',#5052,#5053,#5054);
#5052 = CARTESIAN_POINT('',(-0.955,-0.6,0.405));
#5053 = DIRECTION('',(0.,1.,0.));
#5054 = DIRECTION('',(0.,-0.,1.));
#5055 = ORIENTED_EDGE('',*,*,#5056,.T.);
#5056 = EDGE_CURVE('',#5048,#5057,#5059,.T.);
#5057 = VERTEX_POINT('',#5058);
#5058 = CARTESIAN_POINT('',(-0.745,-0.6,0.45));
#5059 = LINE('',#5060,#5061);
#5060 = CARTESIAN_POINT('',(-1.,-0.6,0.45));
#5061 = VECTOR('',#5062,1.);
#5062 = DIRECTION('',(1.,0.,0.));
#5063 = ORIENTED_EDGE('',*,*,#5064,.F.);
#5064 = EDGE_CURVE('',#5065,#5057,#5067,.T.);
#5065 = VERTEX_POINT('',#5066);
#5066 = CARTESIAN_POINT('',(-0.7,-0.6,0.405));
#5067 = CIRCLE('',#5068,4.5E-02);
#5068 = AXIS2_PLACEMENT_3D('',#5069,#5070,#5071);
#5069 = CARTESIAN_POINT('',(-0.745,-0.6,0.405));
#5070 = DIRECTION('',(0.,-1.,0.));
#5071 = DIRECTION('',(0.,0.,1.));
#5072 = ORIENTED_EDGE('',*,*,#5073,.F.);
#5073 = EDGE_CURVE('',#5074,#5065,#5076,.T.);
#5074 = VERTEX_POINT('',#5075);
#5075 = CARTESIAN_POINT('',(-0.955,-0.6,0.405));
#5076 = LINE('',#5077,#5078);
#5077 = CARTESIAN_POINT('',(-0.955,-0.6,0.405));
#5078 = VECTOR('',#5079,1.);
#5079 = DIRECTION('',(1.,0.,0.));
#5080 = ORIENTED_EDGE('',*,*,#5081,.F.);
#5081 = EDGE_CURVE('',#5082,#5074,#5084,.T.);
#5082 = VERTEX_POINT('',#5083);
#5083 = CARTESIAN_POINT('',(-0.955,-0.6,4.5E-02));
#5084 = LINE('',#5085,#5086);
#5085 = CARTESIAN_POINT('',(-0.955,-0.6,4.5E-02));
#5086 = VECTOR('',#5087,1.);
#5087 = DIRECTION('',(0.,0.,1.));
#5088 = ORIENTED_EDGE('',*,*,#5089,.T.);
#5089 = EDGE_CURVE('',#5082,#5090,#5092,.T.);
#5090 = VERTEX_POINT('',#5091);
#5091 = CARTESIAN_POINT('',(-0.7,-0.6,4.5E-02));
#5092 = LINE('',#5093,#5094);
#5093 = CARTESIAN_POINT('',(-0.955,-0.6,4.5E-02));
#5094 = VECTOR('',#5095,1.);
#5095 = DIRECTION('',(1.,0.,0.));
#5096 = ORIENTED_EDGE('',*,*,#5097,.T.);
#5097 = EDGE_CURVE('',#5090,#5032,#5098,.T.);
#5098 = CIRCLE('',#5099,4.5E-02);
#5099 = AXIS2_PLACEMENT_3D('',#5100,#5101,#5102);
#5100 = CARTESIAN_POINT('',(-0.745,-0.6,4.5E-02));
#5101 = DIRECTION('',(0.,1.,0.));
#5102 = DIRECTION('',(0.,-0.,1.));
#5103 = PLANE('',#5104);
#5104 = AXIS2_PLACEMENT_3D('',#5105,#5106,#5107);
#5105 = CARTESIAN_POINT('',(-1.,-0.6,0.));
#5106 = DIRECTION('',(0.,1.,0.));
#5107 = DIRECTION('',(0.,-0.,1.));
#5108 = ADVANCED_FACE('',(#5109),#5128,.T.);
#5109 = FACE_BOUND('',#5110,.T.);
#5110 = EDGE_LOOP('',(#5111,#5112,#5121,#5127));
#5111 = ORIENTED_EDGE('',*,*,#4999,.T.);
#5112 = ORIENTED_EDGE('',*,*,#5113,.T.);
#5113 = EDGE_CURVE('',#5000,#5114,#5116,.T.);
#5114 = VERTEX_POINT('',#5115);
#5115 = CARTESIAN_POINT('',(-0.955,0.6,-2.775557561563E-17));
#5116 = CIRCLE('',#5117,4.5E-02);
#5117 = AXIS2_PLACEMENT_3D('',#5118,#5119,#5120);
#5118 = CARTESIAN_POINT('',(-0.955,0.6,4.5E-02));
#5119 = DIRECTION('',(0.,-1.,0.));
#5120 = DIRECTION('',(0.,0.,1.));
#5121 = ORIENTED_EDGE('',*,*,#5122,.F.);
#5122 = EDGE_CURVE('',#5030,#5114,#5123,.T.);
#5123 = LINE('',#5124,#5125);
#5124 = CARTESIAN_POINT('',(-0.955,-0.6,-2.775557561563E-17));
#5125 = VECTOR('',#5126,1.);
#5126 = DIRECTION('',(0.,1.,0.));
#5127 = ORIENTED_EDGE('',*,*,#5039,.F.);
#5128 = CYLINDRICAL_SURFACE('',#5129,4.5E-02);
#5129 = AXIS2_PLACEMENT_3D('',#5130,#5131,#5132);
#5130 = CARTESIAN_POINT('',(-0.955,-0.6,4.5E-02));
#5131 = DIRECTION('',(0.,1.,0.));
#5132 = DIRECTION('',(-1.,0.,0.));
#5133 = ADVANCED_FACE('',(#5134),#5153,.T.);
#5134 = FACE_BOUND('',#5135,.T.);
#5135 = EDGE_LOOP('',(#5136,#5137,#5145,#5152));
#5136 = ORIENTED_EDGE('',*,*,#5047,.T.);
#5137 = ORIENTED_EDGE('',*,*,#5138,.T.);
#5138 = EDGE_CURVE('',#5048,#5139,#5141,.T.);
#5139 = VERTEX_POINT('',#5140);
#5140 = CARTESIAN_POINT('',(-0.955,0.6,0.45));
#5141 = LINE('',#5142,#5143);
#5142 = CARTESIAN_POINT('',(-0.955,-0.6,0.45));
#5143 = VECTOR('',#5144,1.);
#5144 = DIRECTION('',(0.,1.,0.));
#5145 = ORIENTED_EDGE('',*,*,#5146,.F.);
#5146 = EDGE_CURVE('',#5008,#5139,#5147,.T.);
#5147 = CIRCLE('',#5148,4.5E-02);
#5148 = AXIS2_PLACEMENT_3D('',#5149,#5150,#5151);
#5149 = CARTESIAN_POINT('',(-0.955,0.6,0.405));
#5150 = DIRECTION('',(0.,1.,0.));
#5151 = DIRECTION('',(0.,-0.,1.));
#5152 = ORIENTED_EDGE('',*,*,#5015,.F.);
#5153 = CYLINDRICAL_SURFACE('',#5154,4.5E-02);
#5154 = AXIS2_PLACEMENT_3D('',#5155,#5156,#5157);
#5155 = CARTESIAN_POINT('',(-0.955,-0.6,0.405));
#5156 = DIRECTION('',(0.,1.,0.));
#5157 = DIRECTION('',(-1.,0.,0.));
#5158 = ADVANCED_FACE('',(#5159),#5220,.T.);
#5159 = FACE_BOUND('',#5160,.T.);
#5160 = EDGE_LOOP('',(#5161,#5169,#5170,#5171,#5172,#5180,#5189,#5197,
    #5205,#5213));
#5161 = ORIENTED_EDGE('',*,*,#5162,.F.);
#5162 = EDGE_CURVE('',#5114,#5163,#5165,.T.);
#5163 = VERTEX_POINT('',#5164);
#5164 = CARTESIAN_POINT('',(-0.745,0.6,-2.775557561563E-17));
#5165 = LINE('',#5166,#5167);
#5166 = CARTESIAN_POINT('',(-1.,0.6,0.));
#5167 = VECTOR('',#5168,1.);
#5168 = DIRECTION('',(1.,0.,0.));
#5169 = ORIENTED_EDGE('',*,*,#5113,.F.);
#5170 = ORIENTED_EDGE('',*,*,#5007,.T.);
#5171 = ORIENTED_EDGE('',*,*,#5146,.T.);
#5172 = ORIENTED_EDGE('',*,*,#5173,.T.);
#5173 = EDGE_CURVE('',#5139,#5174,#5176,.T.);
#5174 = VERTEX_POINT('',#5175);
#5175 = CARTESIAN_POINT('',(-0.745,0.6,0.45));
#5176 = LINE('',#5177,#5178);
#5177 = CARTESIAN_POINT('',(-1.,0.6,0.45));
#5178 = VECTOR('',#5179,1.);
#5179 = DIRECTION('',(1.,0.,0.));
#5180 = ORIENTED_EDGE('',*,*,#5181,.F.);
#5181 = EDGE_CURVE('',#5182,#5174,#5184,.T.);
#5182 = VERTEX_POINT('',#5183);
#5183 = CARTESIAN_POINT('',(-0.7,0.6,0.405));
#5184 = CIRCLE('',#5185,4.5E-02);
#5185 = AXIS2_PLACEMENT_3D('',#5186,#5187,#5188);
#5186 = CARTESIAN_POINT('',(-0.745,0.6,0.405));
#5187 = DIRECTION('',(0.,-1.,0.));
#5188 = DIRECTION('',(0.,0.,1.));
#5189 = ORIENTED_EDGE('',*,*,#5190,.F.);
#5190 = EDGE_CURVE('',#5191,#5182,#5193,.T.);
#5191 = VERTEX_POINT('',#5192);
#5192 = CARTESIAN_POINT('',(-0.955,0.6,0.405));
#5193 = LINE('',#5194,#5195);
#5194 = CARTESIAN_POINT('',(-0.955,0.6,0.405));
#5195 = VECTOR('',#5196,1.);
#5196 = DIRECTION('',(1.,0.,0.));
#5197 = ORIENTED_EDGE('',*,*,#5198,.F.);
#5198 = EDGE_CURVE('',#5199,#5191,#5201,.T.);
#5199 = VERTEX_POINT('',#5200);
#5200 = CARTESIAN_POINT('',(-0.955,0.6,4.5E-02));
#5201 = LINE('',#5202,#5203);
#5202 = CARTESIAN_POINT('',(-0.955,0.6,4.5E-02));
#5203 = VECTOR('',#5204,1.);
#5204 = DIRECTION('',(0.,0.,1.));
#5205 = ORIENTED_EDGE('',*,*,#5206,.T.);
#5206 = EDGE_CURVE('',#5199,#5207,#5209,.T.);
#5207 = VERTEX_POINT('',#5208);
#5208 = CARTESIAN_POINT('',(-0.7,0.6,4.5E-02));
#5209 = LINE('',#5210,#5211);
#5210 = CARTESIAN_POINT('',(-0.955,0.6,4.5E-02));
#5211 = VECTOR('',#5212,1.);
#5212 = DIRECTION('',(1.,0.,0.));
#5213 = ORIENTED_EDGE('',*,*,#5214,.T.);
#5214 = EDGE_CURVE('',#5207,#5163,#5215,.T.);
#5215 = CIRCLE('',#5216,4.5E-02);
#5216 = AXIS2_PLACEMENT_3D('',#5217,#5218,#5219);
#5217 = CARTESIAN_POINT('',(-0.745,0.6,4.5E-02));
#5218 = DIRECTION('',(0.,1.,0.));
#5219 = DIRECTION('',(0.,-0.,1.));
#5220 = PLANE('',#5221);
#5221 = AXIS2_PLACEMENT_3D('',#5222,#5223,#5224);
#5222 = CARTESIAN_POINT('',(-1.,0.6,0.));
#5223 = DIRECTION('',(0.,1.,0.));
#5224 = DIRECTION('',(0.,-0.,1.));
#5225 = ADVANCED_FACE('',(#5226),#5237,.F.);
#5226 = FACE_BOUND('',#5227,.F.);
#5227 = EDGE_LOOP('',(#5228,#5229,#5230,#5231));
#5228 = ORIENTED_EDGE('',*,*,#5162,.F.);
#5229 = ORIENTED_EDGE('',*,*,#5122,.F.);
#5230 = ORIENTED_EDGE('',*,*,#5029,.T.);
#5231 = ORIENTED_EDGE('',*,*,#5232,.T.);
#5232 = EDGE_CURVE('',#5032,#5163,#5233,.T.);
#5233 = LINE('',#5234,#5235);
#5234 = CARTESIAN_POINT('',(-0.745,-0.6,-2.775557561563E-17));
#5235 = VECTOR('',#5236,1.);
#5236 = DIRECTION('',(0.,1.,0.));
#5237 = PLANE('',#5238);
#5238 = AXIS2_PLACEMENT_3D('',#5239,#5240,#5241);
#5239 = CARTESIAN_POINT('',(-1.,-0.6,0.));
#5240 = DIRECTION('',(0.,0.,1.));
#5241 = DIRECTION('',(1.,0.,-0.));
#5242 = ADVANCED_FACE('',(#5243),#5254,.T.);
#5243 = FACE_BOUND('',#5244,.T.);
#5244 = EDGE_LOOP('',(#5245,#5246,#5247,#5248));
#5245 = ORIENTED_EDGE('',*,*,#5097,.T.);
#5246 = ORIENTED_EDGE('',*,*,#5232,.T.);
#5247 = ORIENTED_EDGE('',*,*,#5214,.F.);
#5248 = ORIENTED_EDGE('',*,*,#5249,.F.);
#5249 = EDGE_CURVE('',#5090,#5207,#5250,.T.);
#5250 = LINE('',#5251,#5252);
#5251 = CARTESIAN_POINT('',(-0.7,-0.6,4.5E-02));
#5252 = VECTOR('',#5253,1.);
#5253 = DIRECTION('',(0.,1.,0.));
#5254 = CYLINDRICAL_SURFACE('',#5255,4.5E-02);
#5255 = AXIS2_PLACEMENT_3D('',#5256,#5257,#5258);
#5256 = CARTESIAN_POINT('',(-0.745,-0.6,4.5E-02));
#5257 = DIRECTION('',(0.,1.,0.));
#5258 = DIRECTION('',(1.,0.,0.));
#5259 = ADVANCED_FACE('',(#5260),#5303,.F.);
#5260 = FACE_BOUND('',#5261,.F.);
#5261 = EDGE_LOOP('',(#5262,#5263,#5264,#5265,#5273,#5281,#5289,#5297));
#5262 = ORIENTED_EDGE('',*,*,#5089,.F.);
#5263 = ORIENTED_EDGE('',*,*,#5081,.T.);
#5264 = ORIENTED_EDGE('',*,*,#5073,.T.);
#5265 = ORIENTED_EDGE('',*,*,#5266,.T.);
#5266 = EDGE_CURVE('',#5065,#5267,#5269,.T.);
#5267 = VERTEX_POINT('',#5268);
#5268 = CARTESIAN_POINT('',(0.7,-0.6,0.405));
#5269 = LINE('',#5270,#5271);
#5270 = CARTESIAN_POINT('',(-0.7,-0.6,0.405));
#5271 = VECTOR('',#5272,1.);
#5272 = DIRECTION('',(1.,0.,0.));
#5273 = ORIENTED_EDGE('',*,*,#5274,.T.);
#5274 = EDGE_CURVE('',#5267,#5275,#5277,.T.);
#5275 = VERTEX_POINT('',#5276);
#5276 = CARTESIAN_POINT('',(0.955,-0.6,0.405));
#5277 = LINE('',#5278,#5279);
#5278 = CARTESIAN_POINT('',(-0.955,-0.6,0.405));
#5279 = VECTOR('',#5280,1.);
#5280 = DIRECTION('',(1.,0.,0.));
#5281 = ORIENTED_EDGE('',*,*,#5282,.F.);
#5282 = EDGE_CURVE('',#5283,#5275,#5285,.T.);
#5283 = VERTEX_POINT('',#5284);
#5284 = CARTESIAN_POINT('',(0.955,-0.6,4.5E-02));
#5285 = LINE('',#5286,#5287);
#5286 = CARTESIAN_POINT('',(0.955,-0.6,4.5E-02));
#5287 = VECTOR('',#5288,1.);
#5288 = DIRECTION('',(0.,0.,1.));
#5289 = ORIENTED_EDGE('',*,*,#5290,.F.);
#5290 = EDGE_CURVE('',#5291,#5283,#5293,.T.);
#5291 = VERTEX_POINT('',#5292);
#5292 = CARTESIAN_POINT('',(0.7,-0.6,4.5E-02));
#5293 = LINE('',#5294,#5295);
#5294 = CARTESIAN_POINT('',(-0.955,-0.6,4.5E-02));
#5295 = VECTOR('',#5296,1.);
#5296 = DIRECTION('',(1.,0.,0.));
#5297 = ORIENTED_EDGE('',*,*,#5298,.F.);
#5298 = EDGE_CURVE('',#5090,#5291,#5299,.T.);
#5299 = LINE('',#5300,#5301);
#5300 = CARTESIAN_POINT('',(-0.955,-0.6,4.5E-02));
#5301 = VECTOR('',#5302,1.);
#5302 = DIRECTION('',(1.,0.,0.));
#5303 = PLANE('',#5304);
#5304 = AXIS2_PLACEMENT_3D('',#5305,#5306,#5307);
#5305 = CARTESIAN_POINT('',(-0.955,-0.6,4.5E-02));
#5306 = DIRECTION('',(0.,1.,0.));
#5307 = DIRECTION('',(0.,-0.,1.));
#5308 = ADVANCED_FACE('',(#5309),#5320,.T.);
#5309 = FACE_BOUND('',#5310,.T.);
#5310 = EDGE_LOOP('',(#5311,#5312,#5313,#5314));
#5311 = ORIENTED_EDGE('',*,*,#5173,.F.);
#5312 = ORIENTED_EDGE('',*,*,#5138,.F.);
#5313 = ORIENTED_EDGE('',*,*,#5056,.T.);
#5314 = ORIENTED_EDGE('',*,*,#5315,.T.);
#5315 = EDGE_CURVE('',#5057,#5174,#5316,.T.);
#5316 = LINE('',#5317,#5318);
#5317 = CARTESIAN_POINT('',(-0.745,-0.6,0.45));
#5318 = VECTOR('',#5319,1.);
#5319 = DIRECTION('',(0.,1.,0.));
#5320 = PLANE('',#5321);
#5321 = AXIS2_PLACEMENT_3D('',#5322,#5323,#5324);
#5322 = CARTESIAN_POINT('',(-1.,-0.6,0.45));
#5323 = DIRECTION('',(0.,0.,1.));
#5324 = DIRECTION('',(1.,0.,-0.));
#5325 = ADVANCED_FACE('',(#5326),#5337,.T.);
#5326 = FACE_BOUND('',#5327,.T.);
#5327 = EDGE_LOOP('',(#5328,#5334,#5335,#5336));
#5328 = ORIENTED_EDGE('',*,*,#5329,.T.);
#5329 = EDGE_CURVE('',#5065,#5182,#5330,.T.);
#5330 = LINE('',#5331,#5332);
#5331 = CARTESIAN_POINT('',(-0.7,-0.6,0.405));
#5332 = VECTOR('',#5333,1.);
#5333 = DIRECTION('',(0.,1.,0.));
#5334 = ORIENTED_EDGE('',*,*,#5181,.T.);
#5335 = ORIENTED_EDGE('',*,*,#5315,.F.);
#5336 = ORIENTED_EDGE('',*,*,#5064,.F.);
#5337 = CYLINDRICAL_SURFACE('',#5338,4.5E-02);
#5338 = AXIS2_PLACEMENT_3D('',#5339,#5340,#5341);
#5339 = CARTESIAN_POINT('',(-0.745,-0.6,0.405));
#5340 = DIRECTION('',(0.,1.,0.));
#5341 = DIRECTION('',(1.,0.,0.));
#5342 = ADVANCED_FACE('',(#5343),#5386,.T.);
#5343 = FACE_BOUND('',#5344,.T.);
#5344 = EDGE_LOOP('',(#5345,#5346,#5347,#5348,#5356,#5364,#5372,#5380));
#5345 = ORIENTED_EDGE('',*,*,#5206,.F.);
#5346 = ORIENTED_EDGE('',*,*,#5198,.T.);
#5347 = ORIENTED_EDGE('',*,*,#5190,.T.);
#5348 = ORIENTED_EDGE('',*,*,#5349,.T.);
#5349 = EDGE_CURVE('',#5182,#5350,#5352,.T.);
#5350 = VERTEX_POINT('',#5351);
#5351 = CARTESIAN_POINT('',(0.7,0.6,0.405));
#5352 = LINE('',#5353,#5354);
#5353 = CARTESIAN_POINT('',(-0.7,0.6,0.405));
#5354 = VECTOR('',#5355,1.);
#5355 = DIRECTION('',(1.,0.,0.));
#5356 = ORIENTED_EDGE('',*,*,#5357,.T.);
#5357 = EDGE_CURVE('',#5350,#5358,#5360,.T.);
#5358 = VERTEX_POINT('',#5359);
#5359 = CARTESIAN_POINT('',(0.955,0.6,0.405));
#5360 = LINE('',#5361,#5362);
#5361 = CARTESIAN_POINT('',(-0.955,0.6,0.405));
#5362 = VECTOR('',#5363,1.);
#5363 = DIRECTION('',(1.,0.,0.));
#5364 = ORIENTED_EDGE('',*,*,#5365,.F.);
#5365 = EDGE_CURVE('',#5366,#5358,#5368,.T.);
#5366 = VERTEX_POINT('',#5367);
#5367 = CARTESIAN_POINT('',(0.955,0.6,4.5E-02));
#5368 = LINE('',#5369,#5370);
#5369 = CARTESIAN_POINT('',(0.955,0.6,4.5E-02));
#5370 = VECTOR('',#5371,1.);
#5371 = DIRECTION('',(0.,0.,1.));
#5372 = ORIENTED_EDGE('',*,*,#5373,.F.);
#5373 = EDGE_CURVE('',#5374,#5366,#5376,.T.);
#5374 = VERTEX_POINT('',#5375);
#5375 = CARTESIAN_POINT('',(0.7,0.6,4.5E-02));
#5376 = LINE('',#5377,#5378);
#5377 = CARTESIAN_POINT('',(-0.955,0.6,4.5E-02));
#5378 = VECTOR('',#5379,1.);
#5379 = DIRECTION('',(1.,0.,0.));
#5380 = ORIENTED_EDGE('',*,*,#5381,.F.);
#5381 = EDGE_CURVE('',#5207,#5374,#5382,.T.);
#5382 = LINE('',#5383,#5384);
#5383 = CARTESIAN_POINT('',(-0.955,0.6,4.5E-02));
#5384 = VECTOR('',#5385,1.);
#5385 = DIRECTION('',(1.,0.,0.));
#5386 = PLANE('',#5387);
#5387 = AXIS2_PLACEMENT_3D('',#5388,#5389,#5390);
#5388 = CARTESIAN_POINT('',(-0.955,0.6,4.5E-02));
#5389 = DIRECTION('',(0.,1.,0.));
#5390 = DIRECTION('',(0.,-0.,1.));
#5391 = ADVANCED_FACE('',(#5392),#5403,.F.);
#5392 = FACE_BOUND('',#5393,.F.);
#5393 = EDGE_LOOP('',(#5394,#5395,#5396,#5402));
#5394 = ORIENTED_EDGE('',*,*,#5249,.F.);
#5395 = ORIENTED_EDGE('',*,*,#5298,.T.);
#5396 = ORIENTED_EDGE('',*,*,#5397,.T.);
#5397 = EDGE_CURVE('',#5291,#5374,#5398,.T.);
#5398 = LINE('',#5399,#5400);
#5399 = CARTESIAN_POINT('',(0.7,-0.6,4.5E-02));
#5400 = VECTOR('',#5401,1.);
#5401 = DIRECTION('',(0.,1.,0.));
#5402 = ORIENTED_EDGE('',*,*,#5381,.F.);
#5403 = PLANE('',#5404);
#5404 = AXIS2_PLACEMENT_3D('',#5405,#5406,#5407);
#5405 = CARTESIAN_POINT('',(-0.955,-0.6,4.5E-02));
#5406 = DIRECTION('',(0.,0.,1.));
#5407 = DIRECTION('',(1.,0.,-0.));
#5408 = ADVANCED_FACE('',(#5409),#5472,.F.);
#5409 = FACE_BOUND('',#5410,.F.);
#5410 = EDGE_LOOP('',(#5411,#5421,#5428,#5429,#5430,#5431,#5440,#5448,
    #5457,#5465));
#5411 = ORIENTED_EDGE('',*,*,#5412,.F.);
#5412 = EDGE_CURVE('',#5413,#5415,#5417,.T.);
#5413 = VERTEX_POINT('',#5414);
#5414 = CARTESIAN_POINT('',(0.745,-0.6,-2.775557561563E-17));
#5415 = VERTEX_POINT('',#5416);
#5416 = CARTESIAN_POINT('',(0.955,-0.6,-2.775557561563E-17));
#5417 = LINE('',#5418,#5419);
#5418 = CARTESIAN_POINT('',(0.7,-0.6,0.));
#5419 = VECTOR('',#5420,1.);
#5420 = DIRECTION('',(1.,0.,0.));
#5421 = ORIENTED_EDGE('',*,*,#5422,.F.);
#5422 = EDGE_CURVE('',#5291,#5413,#5423,.T.);
#5423 = CIRCLE('',#5424,4.5E-02);
#5424 = AXIS2_PLACEMENT_3D('',#5425,#5426,#5427);
#5425 = CARTESIAN_POINT('',(0.745,-0.6,4.5E-02));
#5426 = DIRECTION('',(0.,-1.,0.));
#5427 = DIRECTION('',(0.,0.,1.));
#5428 = ORIENTED_EDGE('',*,*,#5290,.T.);
#5429 = ORIENTED_EDGE('',*,*,#5282,.T.);
#5430 = ORIENTED_EDGE('',*,*,#5274,.F.);
#5431 = ORIENTED_EDGE('',*,*,#5432,.T.);
#5432 = EDGE_CURVE('',#5267,#5433,#5435,.T.);
#5433 = VERTEX_POINT('',#5434);
#5434 = CARTESIAN_POINT('',(0.745,-0.6,0.45));
#5435 = CIRCLE('',#5436,4.5E-02);
#5436 = AXIS2_PLACEMENT_3D('',#5437,#5438,#5439);
#5437 = CARTESIAN_POINT('',(0.745,-0.6,0.405));
#5438 = DIRECTION('',(0.,1.,0.));
#5439 = DIRECTION('',(0.,-0.,1.));
#5440 = ORIENTED_EDGE('',*,*,#5441,.T.);
#5441 = EDGE_CURVE('',#5433,#5442,#5444,.T.);
#5442 = VERTEX_POINT('',#5443);
#5443 = CARTESIAN_POINT('',(0.955,-0.6,0.45));
#5444 = LINE('',#5445,#5446);
#5445 = CARTESIAN_POINT('',(0.7,-0.6,0.45));
#5446 = VECTOR('',#5447,1.);
#5447 = DIRECTION('',(1.,0.,0.));
#5448 = ORIENTED_EDGE('',*,*,#5449,.F.);
#5449 = EDGE_CURVE('',#5450,#5442,#5452,.T.);
#5450 = VERTEX_POINT('',#5451);
#5451 = CARTESIAN_POINT('',(1.,-0.6,0.405));
#5452 = CIRCLE('',#5453,4.5E-02);
#5453 = AXIS2_PLACEMENT_3D('',#5454,#5455,#5456);
#5454 = CARTESIAN_POINT('',(0.955,-0.6,0.405));
#5455 = DIRECTION('',(0.,-1.,0.));
#5456 = DIRECTION('',(0.,0.,1.));
#5457 = ORIENTED_EDGE('',*,*,#5458,.F.);
#5458 = EDGE_CURVE('',#5459,#5450,#5461,.T.);
#5459 = VERTEX_POINT('',#5460);
#5460 = CARTESIAN_POINT('',(1.,-0.6,4.5E-02));
#5461 = LINE('',#5462,#5463);
#5462 = CARTESIAN_POINT('',(1.,-0.6,0.));
#5463 = VECTOR('',#5464,1.);
#5464 = DIRECTION('',(0.,0.,1.));
#5465 = ORIENTED_EDGE('',*,*,#5466,.T.);
#5466 = EDGE_CURVE('',#5459,#5415,#5467,.T.);
#5467 = CIRCLE('',#5468,4.5E-02);
#5468 = AXIS2_PLACEMENT_3D('',#5469,#5470,#5471);
#5469 = CARTESIAN_POINT('',(0.955,-0.6,4.5E-02));
#5470 = DIRECTION('',(0.,1.,0.));
#5471 = DIRECTION('',(0.,-0.,1.));
#5472 = PLANE('',#5473);
#5473 = AXIS2_PLACEMENT_3D('',#5474,#5475,#5476);
#5474 = CARTESIAN_POINT('',(0.7,-0.6,0.));
#5475 = DIRECTION('',(0.,1.,0.));
#5476 = DIRECTION('',(0.,-0.,1.));
#5477 = ADVANCED_FACE('',(#5478),#5503,.F.);
#5478 = FACE_BOUND('',#5479,.F.);
#5479 = EDGE_LOOP('',(#5480,#5481,#5489,#5497));
#5480 = ORIENTED_EDGE('',*,*,#5266,.F.);
#5481 = ORIENTED_EDGE('',*,*,#5482,.T.);
#5482 = EDGE_CURVE('',#5065,#5483,#5485,.T.);
#5483 = VERTEX_POINT('',#5484);
#5484 = CARTESIAN_POINT('',(-0.7,-0.6,0.45));
#5485 = LINE('',#5486,#5487);
#5486 = CARTESIAN_POINT('',(-0.7,-0.6,0.405));
#5487 = VECTOR('',#5488,1.);
#5488 = DIRECTION('',(0.,0.,1.));
#5489 = ORIENTED_EDGE('',*,*,#5490,.T.);
#5490 = EDGE_CURVE('',#5483,#5491,#5493,.T.);
#5491 = VERTEX_POINT('',#5492);
#5492 = CARTESIAN_POINT('',(0.7,-0.6,0.45));
#5493 = LINE('',#5494,#5495);
#5494 = CARTESIAN_POINT('',(-0.7,-0.6,0.45));
#5495 = VECTOR('',#5496,1.);
#5496 = DIRECTION('',(1.,0.,0.));
#5497 = ORIENTED_EDGE('',*,*,#5498,.F.);
#5498 = EDGE_CURVE('',#5267,#5491,#5499,.T.);
#5499 = LINE('',#5500,#5501);
#5500 = CARTESIAN_POINT('',(0.7,-0.6,0.405));
#5501 = VECTOR('',#5502,1.);
#5502 = DIRECTION('',(0.,0.,1.));
#5503 = PLANE('',#5504);
#5504 = AXIS2_PLACEMENT_3D('',#5505,#5506,#5507);
#5505 = CARTESIAN_POINT('',(-0.7,-0.6,0.405));
#5506 = DIRECTION('',(0.,1.,0.));
#5507 = DIRECTION('',(0.,-0.,1.));
#5508 = ADVANCED_FACE('',(#5509),#5527,.F.);
#5509 = FACE_BOUND('',#5510,.F.);
#5510 = EDGE_LOOP('',(#5511,#5512,#5513,#5521));
#5511 = ORIENTED_EDGE('',*,*,#5482,.F.);
#5512 = ORIENTED_EDGE('',*,*,#5329,.T.);
#5513 = ORIENTED_EDGE('',*,*,#5514,.T.);
#5514 = EDGE_CURVE('',#5182,#5515,#5517,.T.);
#5515 = VERTEX_POINT('',#5516);
#5516 = CARTESIAN_POINT('',(-0.7,0.6,0.45));
#5517 = LINE('',#5518,#5519);
#5518 = CARTESIAN_POINT('',(-0.7,0.6,0.405));
#5519 = VECTOR('',#5520,1.);
#5520 = DIRECTION('',(0.,0.,1.));
#5521 = ORIENTED_EDGE('',*,*,#5522,.F.);
#5522 = EDGE_CURVE('',#5483,#5515,#5523,.T.);
#5523 = LINE('',#5524,#5525);
#5524 = CARTESIAN_POINT('',(-0.7,-0.6,0.45));
#5525 = VECTOR('',#5526,1.);
#5526 = DIRECTION('',(0.,1.,0.));
#5527 = PLANE('',#5528);
#5528 = AXIS2_PLACEMENT_3D('',#5529,#5530,#5531);
#5529 = CARTESIAN_POINT('',(-0.7,-0.6,0.405));
#5530 = DIRECTION('',(1.,0.,0.));
#5531 = DIRECTION('',(0.,0.,1.));
#5532 = ADVANCED_FACE('',(#5533),#5596,.T.);
#5533 = FACE_BOUND('',#5534,.T.);
#5534 = EDGE_LOOP('',(#5535,#5545,#5552,#5553,#5554,#5555,#5564,#5572,
    #5581,#5589));
#5535 = ORIENTED_EDGE('',*,*,#5536,.F.);
#5536 = EDGE_CURVE('',#5537,#5539,#5541,.T.);
#5537 = VERTEX_POINT('',#5538);
#5538 = CARTESIAN_POINT('',(0.745,0.6,-2.775557561563E-17));
#5539 = VERTEX_POINT('',#5540);
#5540 = CARTESIAN_POINT('',(0.955,0.6,-2.775557561563E-17));
#5541 = LINE('',#5542,#5543);
#5542 = CARTESIAN_POINT('',(0.7,0.6,0.));
#5543 = VECTOR('',#5544,1.);
#5544 = DIRECTION('',(1.,0.,0.));
#5545 = ORIENTED_EDGE('',*,*,#5546,.F.);
#5546 = EDGE_CURVE('',#5374,#5537,#5547,.T.);
#5547 = CIRCLE('',#5548,4.5E-02);
#5548 = AXIS2_PLACEMENT_3D('',#5549,#5550,#5551);
#5549 = CARTESIAN_POINT('',(0.745,0.6,4.5E-02));
#5550 = DIRECTION('',(0.,-1.,0.));
#5551 = DIRECTION('',(0.,0.,1.));
#5552 = ORIENTED_EDGE('',*,*,#5373,.T.);
#5553 = ORIENTED_EDGE('',*,*,#5365,.T.);
#5554 = ORIENTED_EDGE('',*,*,#5357,.F.);
#5555 = ORIENTED_EDGE('',*,*,#5556,.T.);
#5556 = EDGE_CURVE('',#5350,#5557,#5559,.T.);
#5557 = VERTEX_POINT('',#5558);
#5558 = CARTESIAN_POINT('',(0.745,0.6,0.45));
#5559 = CIRCLE('',#5560,4.5E-02);
#5560 = AXIS2_PLACEMENT_3D('',#5561,#5562,#5563);
#5561 = CARTESIAN_POINT('',(0.745,0.6,0.405));
#5562 = DIRECTION('',(0.,1.,0.));
#5563 = DIRECTION('',(0.,-0.,1.));
#5564 = ORIENTED_EDGE('',*,*,#5565,.T.);
#5565 = EDGE_CURVE('',#5557,#5566,#5568,.T.);
#5566 = VERTEX_POINT('',#5567);
#5567 = CARTESIAN_POINT('',(0.955,0.6,0.45));
#5568 = LINE('',#5569,#5570);
#5569 = CARTESIAN_POINT('',(0.7,0.6,0.45));
#5570 = VECTOR('',#5571,1.);
#5571 = DIRECTION('',(1.,0.,0.));
#5572 = ORIENTED_EDGE('',*,*,#5573,.F.);
#5573 = EDGE_CURVE('',#5574,#5566,#5576,.T.);
#5574 = VERTEX_POINT('',#5575);
#5575 = CARTESIAN_POINT('',(1.,0.6,0.405));
#5576 = CIRCLE('',#5577,4.5E-02);
#5577 = AXIS2_PLACEMENT_3D('',#5578,#5579,#5580);
#5578 = CARTESIAN_POINT('',(0.955,0.6,0.405));
#5579 = DIRECTION('',(0.,-1.,0.));
#5580 = DIRECTION('',(0.,0.,1.));
#5581 = ORIENTED_EDGE('',*,*,#5582,.F.);
#5582 = EDGE_CURVE('',#5583,#5574,#5585,.T.);
#5583 = VERTEX_POINT('',#5584);
#5584 = CARTESIAN_POINT('',(1.,0.6,4.5E-02));
#5585 = LINE('',#5586,#5587);
#5586 = CARTESIAN_POINT('',(1.,0.6,0.));
#5587 = VECTOR('',#5588,1.);
#5588 = DIRECTION('',(0.,0.,1.));
#5589 = ORIENTED_EDGE('',*,*,#5590,.T.);
#5590 = EDGE_CURVE('',#5583,#5539,#5591,.T.);
#5591 = CIRCLE('',#5592,4.5E-02);
#5592 = AXIS2_PLACEMENT_3D('',#5593,#5594,#5595);
#5593 = CARTESIAN_POINT('',(0.955,0.6,4.5E-02));
#5594 = DIRECTION('',(0.,1.,0.));
#5595 = DIRECTION('',(0.,-0.,1.));
#5596 = PLANE('',#5597);
#5597 = AXIS2_PLACEMENT_3D('',#5598,#5599,#5600);
#5598 = CARTESIAN_POINT('',(0.7,0.6,0.));
#5599 = DIRECTION('',(0.,1.,0.));
#5600 = DIRECTION('',(0.,-0.,1.));
#5601 = ADVANCED_FACE('',(#5602),#5620,.T.);
#5602 = FACE_BOUND('',#5603,.T.);
#5603 = EDGE_LOOP('',(#5604,#5605,#5606,#5614));
#5604 = ORIENTED_EDGE('',*,*,#5349,.F.);
#5605 = ORIENTED_EDGE('',*,*,#5514,.T.);
#5606 = ORIENTED_EDGE('',*,*,#5607,.T.);
#5607 = EDGE_CURVE('',#5515,#5608,#5610,.T.);
#5608 = VERTEX_POINT('',#5609);
#5609 = CARTESIAN_POINT('',(0.7,0.6,0.45));
#5610 = LINE('',#5611,#5612);
#5611 = CARTESIAN_POINT('',(-0.7,0.6,0.45));
#5612 = VECTOR('',#5613,1.);
#5613 = DIRECTION('',(1.,0.,0.));
#5614 = ORIENTED_EDGE('',*,*,#5615,.F.);
#5615 = EDGE_CURVE('',#5350,#5608,#5616,.T.);
#5616 = LINE('',#5617,#5618);
#5617 = CARTESIAN_POINT('',(0.7,0.6,0.405));
#5618 = VECTOR('',#5619,1.);
#5619 = DIRECTION('',(0.,0.,1.));
#5620 = PLANE('',#5621);
#5621 = AXIS2_PLACEMENT_3D('',#5622,#5623,#5624);
#5622 = CARTESIAN_POINT('',(-0.7,0.6,0.405));
#5623 = DIRECTION('',(0.,1.,0.));
#5624 = DIRECTION('',(0.,-0.,1.));
#5625 = ADVANCED_FACE('',(#5626),#5637,.T.);
#5626 = FACE_BOUND('',#5627,.T.);
#5627 = EDGE_LOOP('',(#5628,#5629,#5630,#5636));
#5628 = ORIENTED_EDGE('',*,*,#5397,.T.);
#5629 = ORIENTED_EDGE('',*,*,#5546,.T.);
#5630 = ORIENTED_EDGE('',*,*,#5631,.F.);
#5631 = EDGE_CURVE('',#5413,#5537,#5632,.T.);
#5632 = LINE('',#5633,#5634);
#5633 = CARTESIAN_POINT('',(0.745,-0.6,-2.775557561563E-17));
#5634 = VECTOR('',#5635,1.);
#5635 = DIRECTION('',(0.,1.,0.));
#5636 = ORIENTED_EDGE('',*,*,#5422,.F.);
#5637 = CYLINDRICAL_SURFACE('',#5638,4.5E-02);
#5638 = AXIS2_PLACEMENT_3D('',#5639,#5640,#5641);
#5639 = CARTESIAN_POINT('',(0.745,-0.6,4.5E-02));
#5640 = DIRECTION('',(0.,1.,0.));
#5641 = DIRECTION('',(-1.,0.,0.));
#5642 = ADVANCED_FACE('',(#5643),#5654,.F.);
#5643 = FACE_BOUND('',#5644,.F.);
#5644 = EDGE_LOOP('',(#5645,#5646,#5647,#5648));
#5645 = ORIENTED_EDGE('',*,*,#5536,.F.);
#5646 = ORIENTED_EDGE('',*,*,#5631,.F.);
#5647 = ORIENTED_EDGE('',*,*,#5412,.T.);
#5648 = ORIENTED_EDGE('',*,*,#5649,.T.);
#5649 = EDGE_CURVE('',#5415,#5539,#5650,.T.);
#5650 = LINE('',#5651,#5652);
#5651 = CARTESIAN_POINT('',(0.955,-0.6,-2.775557561563E-17));
#5652 = VECTOR('',#5653,1.);
#5653 = DIRECTION('',(0.,1.,0.));
#5654 = PLANE('',#5655);
#5655 = AXIS2_PLACEMENT_3D('',#5656,#5657,#5658);
#5656 = CARTESIAN_POINT('',(0.7,-0.6,0.));
#5657 = DIRECTION('',(0.,0.,1.));
#5658 = DIRECTION('',(1.,0.,-0.));
#5659 = ADVANCED_FACE('',(#5660),#5671,.T.);
#5660 = FACE_BOUND('',#5661,.T.);
#5661 = EDGE_LOOP('',(#5662,#5663,#5664,#5665));
#5662 = ORIENTED_EDGE('',*,*,#5466,.T.);
#5663 = ORIENTED_EDGE('',*,*,#5649,.T.);
#5664 = ORIENTED_EDGE('',*,*,#5590,.F.);
#5665 = ORIENTED_EDGE('',*,*,#5666,.F.);
#5666 = EDGE_CURVE('',#5459,#5583,#5667,.T.);
#5667 = LINE('',#5668,#5669);
#5668 = CARTESIAN_POINT('',(1.,-0.6,4.5E-02));
#5669 = VECTOR('',#5670,1.);
#5670 = DIRECTION('',(0.,1.,0.));
#5671 = CYLINDRICAL_SURFACE('',#5672,4.5E-02);
#5672 = AXIS2_PLACEMENT_3D('',#5673,#5674,#5675);
#5673 = CARTESIAN_POINT('',(0.955,-0.6,4.5E-02));
#5674 = DIRECTION('',(0.,1.,0.));
#5675 = DIRECTION('',(1.,0.,0.));
#5676 = ADVANCED_FACE('',(#5677),#5688,.T.);
#5677 = FACE_BOUND('',#5678,.T.);
#5678 = EDGE_LOOP('',(#5679,#5680,#5681,#5682));
#5679 = ORIENTED_EDGE('',*,*,#5458,.F.);
#5680 = ORIENTED_EDGE('',*,*,#5666,.T.);
#5681 = ORIENTED_EDGE('',*,*,#5582,.T.);
#5682 = ORIENTED_EDGE('',*,*,#5683,.F.);
#5683 = EDGE_CURVE('',#5450,#5574,#5684,.T.);
#5684 = LINE('',#5685,#5686);
#5685 = CARTESIAN_POINT('',(1.,-0.6,0.405));
#5686 = VECTOR('',#5687,1.);
#5687 = DIRECTION('',(0.,1.,0.));
#5688 = PLANE('',#5689);
#5689 = AXIS2_PLACEMENT_3D('',#5690,#5691,#5692);
#5690 = CARTESIAN_POINT('',(1.,-0.6,0.));
#5691 = DIRECTION('',(1.,0.,0.));
#5692 = DIRECTION('',(0.,0.,1.));
#5693 = ADVANCED_FACE('',(#5694),#5705,.T.);
#5694 = FACE_BOUND('',#5695,.T.);
#5695 = EDGE_LOOP('',(#5696,#5697,#5698,#5704));
#5696 = ORIENTED_EDGE('',*,*,#5683,.T.);
#5697 = ORIENTED_EDGE('',*,*,#5573,.T.);
#5698 = ORIENTED_EDGE('',*,*,#5699,.F.);
#5699 = EDGE_CURVE('',#5442,#5566,#5700,.T.);
#5700 = LINE('',#5701,#5702);
#5701 = CARTESIAN_POINT('',(0.955,-0.6,0.45));
#5702 = VECTOR('',#5703,1.);
#5703 = DIRECTION('',(0.,1.,0.));
#5704 = ORIENTED_EDGE('',*,*,#5449,.F.);
#5705 = CYLINDRICAL_SURFACE('',#5706,4.5E-02);
#5706 = AXIS2_PLACEMENT_3D('',#5707,#5708,#5709);
#5707 = CARTESIAN_POINT('',(0.955,-0.6,0.405));
#5708 = DIRECTION('',(0.,1.,0.));
#5709 = DIRECTION('',(1.,0.,0.));
#5710 = ADVANCED_FACE('',(#5711),#5722,.T.);
#5711 = FACE_BOUND('',#5712,.T.);
#5712 = EDGE_LOOP('',(#5713,#5714,#5720,#5721));
#5713 = ORIENTED_EDGE('',*,*,#5565,.F.);
#5714 = ORIENTED_EDGE('',*,*,#5715,.F.);
#5715 = EDGE_CURVE('',#5433,#5557,#5716,.T.);
#5716 = LINE('',#5717,#5718);
#5717 = CARTESIAN_POINT('',(0.745,-0.6,0.45));
#5718 = VECTOR('',#5719,1.);
#5719 = DIRECTION('',(0.,1.,0.));
#5720 = ORIENTED_EDGE('',*,*,#5441,.T.);
#5721 = ORIENTED_EDGE('',*,*,#5699,.T.);
#5722 = PLANE('',#5723);
#5723 = AXIS2_PLACEMENT_3D('',#5724,#5725,#5726);
#5724 = CARTESIAN_POINT('',(0.7,-0.6,0.45));
#5725 = DIRECTION('',(0.,0.,1.));
#5726 = DIRECTION('',(1.,0.,-0.));
#5727 = ADVANCED_FACE('',(#5728),#5739,.T.);
#5728 = FACE_BOUND('',#5729,.T.);
#5729 = EDGE_LOOP('',(#5730,#5731,#5732,#5733));
#5730 = ORIENTED_EDGE('',*,*,#5432,.T.);
#5731 = ORIENTED_EDGE('',*,*,#5715,.T.);
#5732 = ORIENTED_EDGE('',*,*,#5556,.F.);
#5733 = ORIENTED_EDGE('',*,*,#5734,.F.);
#5734 = EDGE_CURVE('',#5267,#5350,#5735,.T.);
#5735 = LINE('',#5736,#5737);
#5736 = CARTESIAN_POINT('',(0.7,-0.6,0.405));
#5737 = VECTOR('',#5738,1.);
#5738 = DIRECTION('',(0.,1.,0.));
#5739 = CYLINDRICAL_SURFACE('',#5740,4.5E-02);
#5740 = AXIS2_PLACEMENT_3D('',#5741,#5742,#5743);
#5741 = CARTESIAN_POINT('',(0.745,-0.6,0.405));
#5742 = DIRECTION('',(0.,1.,0.));
#5743 = DIRECTION('',(-1.,0.,0.));
#5744 = ADVANCED_FACE('',(#5745),#5756,.T.);
#5745 = FACE_BOUND('',#5746,.T.);
#5746 = EDGE_LOOP('',(#5747,#5748,#5749,#5750));
#5747 = ORIENTED_EDGE('',*,*,#5498,.F.);
#5748 = ORIENTED_EDGE('',*,*,#5734,.T.);
#5749 = ORIENTED_EDGE('',*,*,#5615,.T.);
#5750 = ORIENTED_EDGE('',*,*,#5751,.F.);
#5751 = EDGE_CURVE('',#5491,#5608,#5752,.T.);
#5752 = LINE('',#5753,#5754);
#5753 = CARTESIAN_POINT('',(0.7,-0.6,0.45));
#5754 = VECTOR('',#5755,1.);
#5755 = DIRECTION('',(0.,1.,0.));
#5756 = PLANE('',#5757);
#5757 = AXIS2_PLACEMENT_3D('',#5758,#5759,#5760);
#5758 = CARTESIAN_POINT('',(0.7,-0.6,0.405));
#5759 = DIRECTION('',(1.,0.,0.));
#5760 = DIRECTION('',(0.,0.,1.));
#5761 = ADVANCED_FACE('',(#5762),#5768,.T.);
#5762 = FACE_BOUND('',#5763,.T.);
#5763 = EDGE_LOOP('',(#5764,#5765,#5766,#5767));
#5764 = ORIENTED_EDGE('',*,*,#5522,.F.);
#5765 = ORIENTED_EDGE('',*,*,#5490,.T.);
#5766 = ORIENTED_EDGE('',*,*,#5751,.T.);
#5767 = ORIENTED_EDGE('',*,*,#5607,.F.);
#5768 = PLANE('',#5769);
#5769 = AXIS2_PLACEMENT_3D('',#5770,#5771,#5772);
#5770 = CARTESIAN_POINT('',(-0.7,-0.6,0.45));
#5771 = DIRECTION('',(0.,0.,1.));
#5772 = DIRECTION('',(1.,0.,-0.));
#5773 = ( GEOMETRIC_REPRESENTATION_CONTEXT(3) 
GLOBAL_UNCERTAINTY_ASSIGNED_CONTEXT((#5777)) 
GLOBAL_UNIT_ASSIGNED_CONTEXT((#5774,#5775,#5776)) REPRESENTATION_CONTEXT
('Context #1','3D Context with UNIT and UNCERTAINTY') );
#5774 = ( LENGTH_UNIT() NAMED_UNIT(*) SI_UNIT(.MILLI.,.METRE.) );
#5775 = ( NAMED_UNIT(*) PLANE_ANGLE_UNIT() SI_UNIT($,.RADIAN.) );
#5776 = ( NAMED_UNIT(*) SI_UNIT($,.STERADIAN.) SOLID_ANGLE_UNIT() );
#5777 = UNCERTAINTY_MEASURE_WITH_UNIT(LENGTH_MEASURE(1.E-07),#5774,
  'distance_accuracy_value','confusion accuracy');
#5778 = CONTEXT_DEPENDENT_SHAPE_REPRESENTATION(#5779,#5781);
#5779 = ( REPRESENTATION_RELATIONSHIP('','',#4982,#10) 
REPRESENTATION_RELATIONSHIP_WITH_TRANSFORMATION(#5780) 
SHAPE_REPRESENTATION_RELATIONSHIP() );
#5780 = ITEM_DEFINED_TRANSFORMATION('','',#11,#39);
#5781 = PRODUCT_DEFINITION_SHAPE('Placement','Placement of an item',
  #5782);
#5782 = NEXT_ASSEMBLY_USAGE_OCCURRENCE('7','R6','',#5,#4977,$);
#5783 = PRODUCT_RELATED_PRODUCT_CATEGORY('part',$,(#4979));
#5784 = CONTEXT_DEPENDENT_SHAPE_REPRESENTATION(#5785,#5787);
#5785 = ( REPRESENTATION_RELATIONSHIP('','',#4982,#10) 
REPRESENTATION_RELATIONSHIP_WITH_TRANSFORMATION(#5786) 
SHAPE_REPRESENTATION_RELATIONSHIP() );
#5786 = ITEM_DEFINED_TRANSFORMATION('','',#11,#43);
#5787 = PRODUCT_DEFINITION_SHAPE('Placement','Placement of an item',
  #5788);
#5788 = NEXT_ASSEMBLY_USAGE_OCCURRENCE('8','R7','',#5,#4977,$);
#5789 = SHAPE_DEFINITION_REPRESENTATION(#5790,#5796);
#5790 = PRODUCT_DEFINITION_SHAPE('','',#5791);
#5791 = PRODUCT_DEFINITION('design','',#5792,#5795);
#5792 = PRODUCT_DEFINITION_FORMATION('','',#5793);
#5793 = PRODUCT('SOT-23','SOT-23','',(#5794));
#5794 = PRODUCT_CONTEXT('',#2,'mechanical');
#5795 = PRODUCT_DEFINITION_CONTEXT('part definition',#2,'design');
#5796 = ADVANCED_BREP_SHAPE_REPRESENTATION('',(#11,#5797),#7779);
#5797 = MANIFOLD_SOLID_BREP('',#5798);
#5798 = CLOSED_SHELL('',(#5799,#5837,#5900,#5923,#5952,#5975,#6030,#6069
    ,#6092,#6115,#6132,#6155,#6243,#6259,#6289,#6322,#6353,#6386,#6403,
    #6420,#6453,#6483,#6506,#6529,#6546,#6575,#6629,#6652,#6675,#6698,
    #6737,#6759,#6803,#6878,#6902,#6970,#6987,#7062,#7086,#7154,#7229,
    #7253,#7321,#7338,#7355,#7401,#7417,#7433,#7450,#7462,#7479,#7496,
    #7513,#7530,#7547,#7564,#7576,#7593,#7610,#7627,#7644,#7661,#7673,
    #7690,#7707,#7724,#7741,#7758,#7770));
#5799 = ADVANCED_FACE('',(#5800),#5832,.F.);
#5800 = FACE_BOUND('',#5801,.F.);
#5801 = EDGE_LOOP('',(#5802,#5812,#5819,#5827));
#5802 = ORIENTED_EDGE('',*,*,#5803,.T.);
#5803 = EDGE_CURVE('',#5804,#5806,#5808,.T.);
#5804 = VERTEX_POINT('',#5805);
#5805 = CARTESIAN_POINT('',(-0.571621551758,1.433243103516,0.1));
#5806 = VERTEX_POINT('',#5807);
#5807 = CARTESIAN_POINT('',(0.571621551758,1.433243103516,0.1));
#5808 = LINE('',#5809,#5810);
#5809 = CARTESIAN_POINT('',(-0.571621551758,1.433243103516,0.1));
#5810 = VECTOR('',#5811,1.);
#5811 = DIRECTION('',(1.,1.110223024625E-16,0.));
#5812 = ORIENTED_EDGE('',*,*,#5813,.T.);
#5813 = EDGE_CURVE('',#5806,#5814,#5816,.T.);
#5814 = VERTEX_POINT('',#5815);
#5815 = CARTESIAN_POINT('',(0.605,1.5,0.575));
#5816 = B_SPLINE_CURVE_WITH_KNOTS('',1,(#5817,#5818),.UNSPECIFIED.,.F.,
  .F.,(2,2),(0.,1.),.PIECEWISE_BEZIER_KNOTS.);
#5817 = CARTESIAN_POINT('',(0.571621551758,1.433243103516,0.1));
#5818 = CARTESIAN_POINT('',(0.605,1.5,0.575));
#5819 = ORIENTED_EDGE('',*,*,#5820,.F.);
#5820 = EDGE_CURVE('',#5821,#5814,#5823,.T.);
#5821 = VERTEX_POINT('',#5822);
#5822 = CARTESIAN_POINT('',(-0.605,1.5,0.575));
#5823 = LINE('',#5824,#5825);
#5824 = CARTESIAN_POINT('',(-0.605,1.5,0.575));
#5825 = VECTOR('',#5826,1.);
#5826 = DIRECTION('',(1.,1.110223024625E-16,0.));
#5827 = ORIENTED_EDGE('',*,*,#5828,.F.);
#5828 = EDGE_CURVE('',#5804,#5821,#5829,.T.);
#5829 = B_SPLINE_CURVE_WITH_KNOTS('',1,(#5830,#5831),.UNSPECIFIED.,.F.,
  .F.,(2,2),(0.,1.),.PIECEWISE_BEZIER_KNOTS.);
#5830 = CARTESIAN_POINT('',(-0.571621551758,1.433243103516,0.1));
#5831 = CARTESIAN_POINT('',(-0.605,1.5,0.575));
#5832 = B_SPLINE_SURFACE_WITH_KNOTS('',1,1,(
    (#5833,#5834)
    ,(#5835,#5836
    )),.UNSPECIFIED.,.F.,.F.,.F.,(2,2),(2,2),(0.,1.21),(0.,1.),
  .PIECEWISE_BEZIER_KNOTS.);
#5833 = CARTESIAN_POINT('',(-0.571621551758,1.433243103516,0.1));
#5834 = CARTESIAN_POINT('',(-0.605,1.5,0.575));
#5835 = CARTESIAN_POINT('',(0.571621551758,1.433243103516,0.1));
#5836 = CARTESIAN_POINT('',(0.605,1.5,0.575));
#5837 = ADVANCED_FACE('',(#5838),#5895,.T.);
#5838 = FACE_BOUND('',#5839,.T.);
#5839 = EDGE_LOOP('',(#5840,#5841,#5849,#5857,#5865,#5873,#5881,#5889));
#5840 = ORIENTED_EDGE('',*,*,#5803,.T.);
#5841 = ORIENTED_EDGE('',*,*,#5842,.T.);
#5842 = EDGE_CURVE('',#5806,#5843,#5845,.T.);
#5843 = VERTEX_POINT('',#5844);
#5844 = CARTESIAN_POINT('',(0.633243103516,1.371621551758,0.1));
#5845 = LINE('',#5846,#5847);
#5846 = CARTESIAN_POINT('',(0.571621551758,1.433243103516,0.1));
#5847 = VECTOR('',#5848,1.);
#5848 = DIRECTION('',(0.707106781187,-0.707106781187,0.));
#5849 = ORIENTED_EDGE('',*,*,#5850,.T.);
#5850 = EDGE_CURVE('',#5843,#5851,#5853,.T.);
#5851 = VERTEX_POINT('',#5852);
#5852 = CARTESIAN_POINT('',(0.633243103516,-1.371621551758,0.1));
#5853 = LINE('',#5854,#5855);
#5854 = CARTESIAN_POINT('',(0.633243103516,1.371621551758,0.1));
#5855 = VECTOR('',#5856,1.);
#5856 = DIRECTION('',(1.110223024625E-16,-1.,0.));
#5857 = ORIENTED_EDGE('',*,*,#5858,.T.);
#5858 = EDGE_CURVE('',#5851,#5859,#5861,.T.);
#5859 = VERTEX_POINT('',#5860);
#5860 = CARTESIAN_POINT('',(0.571621551758,-1.433243103516,0.1));
#5861 = LINE('',#5862,#5863);
#5862 = CARTESIAN_POINT('',(0.633243103516,-1.371621551758,0.1));
#5863 = VECTOR('',#5864,1.);
#5864 = DIRECTION('',(-0.707106781187,-0.707106781187,0.));
#5865 = ORIENTED_EDGE('',*,*,#5866,.T.);
#5866 = EDGE_CURVE('',#5859,#5867,#5869,.T.);
#5867 = VERTEX_POINT('',#5868);
#5868 = CARTESIAN_POINT('',(-0.571621551758,-1.433243103516,0.1));
#5869 = LINE('',#5870,#5871);
#5870 = CARTESIAN_POINT('',(0.571621551758,-1.433243103516,0.1));
#5871 = VECTOR('',#5872,1.);
#5872 = DIRECTION('',(-1.,-1.110223024625E-16,0.));
#5873 = ORIENTED_EDGE('',*,*,#5874,.T.);
#5874 = EDGE_CURVE('',#5867,#5875,#5877,.T.);
#5875 = VERTEX_POINT('',#5876);
#5876 = CARTESIAN_POINT('',(-0.633243103516,-1.371621551758,0.1));
#5877 = LINE('',#5878,#5879);
#5878 = CARTESIAN_POINT('',(-0.571621551758,-1.433243103516,0.1));
#5879 = VECTOR('',#5880,1.);
#5880 = DIRECTION('',(-0.707106781187,0.707106781187,0.));
#5881 = ORIENTED_EDGE('',*,*,#5882,.T.);
#5882 = EDGE_CURVE('',#5875,#5883,#5885,.T.);
#5883 = VERTEX_POINT('',#5884);
#5884 = CARTESIAN_POINT('',(-0.633243103516,1.371621551758,0.1));
#5885 = LINE('',#5886,#5887);
#5886 = CARTESIAN_POINT('',(-0.633243103516,-1.371621551758,0.1));
#5887 = VECTOR('',#5888,1.);
#5888 = DIRECTION('',(-1.110223024625E-16,1.,0.));
#5889 = ORIENTED_EDGE('',*,*,#5890,.T.);
#5890 = EDGE_CURVE('',#5883,#5804,#5891,.T.);
#5891 = LINE('',#5892,#5893);
#5892 = CARTESIAN_POINT('',(-0.633243103516,1.371621551758,0.1));
#5893 = VECTOR('',#5894,1.);
#5894 = DIRECTION('',(0.707106781187,0.707106781187,0.));
#5895 = PLANE('',#5896);
#5896 = AXIS2_PLACEMENT_3D('',#5897,#5898,#5899);
#5897 = CARTESIAN_POINT('',(-0.571621551758,1.433243103516,0.1));
#5898 = DIRECTION('',(0.,0.,-1.));
#5899 = DIRECTION('',(0.370454302632,-0.928850692879,0.));
#5900 = ADVANCED_FACE('',(#5901),#5918,.F.);
#5901 = FACE_BOUND('',#5902,.F.);
#5902 = EDGE_LOOP('',(#5903,#5904,#5911,#5917));
#5903 = ORIENTED_EDGE('',*,*,#5842,.T.);
#5904 = ORIENTED_EDGE('',*,*,#5905,.T.);
#5905 = EDGE_CURVE('',#5843,#5906,#5908,.T.);
#5906 = VERTEX_POINT('',#5907);
#5907 = CARTESIAN_POINT('',(0.7,1.405,0.575));
#5908 = B_SPLINE_CURVE_WITH_KNOTS('',1,(#5909,#5910),.UNSPECIFIED.,.F.,
  .F.,(2,2),(0.,1.),.PIECEWISE_BEZIER_KNOTS.);
#5909 = CARTESIAN_POINT('',(0.633243103516,1.371621551758,0.1));
#5910 = CARTESIAN_POINT('',(0.7,1.405,0.575));
#5911 = ORIENTED_EDGE('',*,*,#5912,.F.);
#5912 = EDGE_CURVE('',#5814,#5906,#5913,.T.);
#5913 = LINE('',#5914,#5915);
#5914 = CARTESIAN_POINT('',(0.605,1.5,0.575));
#5915 = VECTOR('',#5916,1.);
#5916 = DIRECTION('',(0.707106781187,-0.707106781187,0.));
#5917 = ORIENTED_EDGE('',*,*,#5813,.F.);
#5918 = B_SPLINE_SURFACE_WITH_KNOTS('',1,1,(
    (#5919,#5920)
    ,(#5921,#5922
    )),.UNSPECIFIED.,.F.,.F.,.F.,(2,2),(2,2),(0.,0.134350288425),(0.,1.)
  ,.PIECEWISE_BEZIER_KNOTS.);
#5919 = CARTESIAN_POINT('',(0.571621551758,1.433243103516,0.1));
#5920 = CARTESIAN_POINT('',(0.605,1.5,0.575));
#5921 = CARTESIAN_POINT('',(0.633243103516,1.371621551758,0.1));
#5922 = CARTESIAN_POINT('',(0.7,1.405,0.575));
#5923 = ADVANCED_FACE('',(#5924),#5947,.F.);
#5924 = FACE_BOUND('',#5925,.F.);
#5925 = EDGE_LOOP('',(#5926,#5927,#5934,#5942));
#5926 = ORIENTED_EDGE('',*,*,#5820,.T.);
#5927 = ORIENTED_EDGE('',*,*,#5928,.T.);
#5928 = EDGE_CURVE('',#5814,#5929,#5931,.T.);
#5929 = VERTEX_POINT('',#5930);
#5930 = CARTESIAN_POINT('',(0.605,1.5,0.725));
#5931 = B_SPLINE_CURVE_WITH_KNOTS('',1,(#5932,#5933),.UNSPECIFIED.,.F.,
  .F.,(2,2),(0.,1.),.PIECEWISE_BEZIER_KNOTS.);
#5932 = CARTESIAN_POINT('',(0.605,1.5,0.575));
#5933 = CARTESIAN_POINT('',(0.605,1.5,0.725));
#5934 = ORIENTED_EDGE('',*,*,#5935,.F.);
#5935 = EDGE_CURVE('',#5936,#5929,#5938,.T.);
#5936 = VERTEX_POINT('',#5937);
#5937 = CARTESIAN_POINT('',(-0.605,1.5,0.725));
#5938 = LINE('',#5939,#5940);
#5939 = CARTESIAN_POINT('',(-0.605,1.5,0.725));
#5940 = VECTOR('',#5941,1.);
#5941 = DIRECTION('',(1.,1.110223024625E-16,0.));
#5942 = ORIENTED_EDGE('',*,*,#5943,.F.);
#5943 = EDGE_CURVE('',#5821,#5936,#5944,.T.);
#5944 = B_SPLINE_CURVE_WITH_KNOTS('',1,(#5945,#5946),.UNSPECIFIED.,.F.,
  .F.,(2,2),(0.,1.),.PIECEWISE_BEZIER_KNOTS.);
#5945 = CARTESIAN_POINT('',(-0.605,1.5,0.575));
#5946 = CARTESIAN_POINT('',(-0.605,1.5,0.725));
#5947 = PLANE('',#5948);
#5948 = AXIS2_PLACEMENT_3D('',#5949,#5950,#5951);
#5949 = CARTESIAN_POINT('',(-0.605,1.5,0.725));
#5950 = DIRECTION('',(1.110223024625E-16,-1.,0.));
#5951 = DIRECTION('',(1.,1.110223024625E-16,0.));
#5952 = ADVANCED_FACE('',(#5953),#5970,.F.);
#5953 = FACE_BOUND('',#5954,.F.);
#5954 = EDGE_LOOP('',(#5955,#5956,#5957,#5965));
#5955 = ORIENTED_EDGE('',*,*,#5890,.T.);
#5956 = ORIENTED_EDGE('',*,*,#5828,.T.);
#5957 = ORIENTED_EDGE('',*,*,#5958,.F.);
#5958 = EDGE_CURVE('',#5959,#5821,#5961,.T.);
#5959 = VERTEX_POINT('',#5960);
#5960 = CARTESIAN_POINT('',(-0.7,1.405,0.575));
#5961 = LINE('',#5962,#5963);
#5962 = CARTESIAN_POINT('',(-0.7,1.405,0.575));
#5963 = VECTOR('',#5964,1.);
#5964 = DIRECTION('',(0.707106781187,0.707106781187,0.));
#5965 = ORIENTED_EDGE('',*,*,#5966,.F.);
#5966 = EDGE_CURVE('',#5883,#5959,#5967,.T.);
#5967 = B_SPLINE_CURVE_WITH_KNOTS('',1,(#5968,#5969),.UNSPECIFIED.,.F.,
  .F.,(2,2),(0.,1.),.PIECEWISE_BEZIER_KNOTS.);
#5968 = CARTESIAN_POINT('',(-0.633243103516,1.371621551758,0.1));
#5969 = CARTESIAN_POINT('',(-0.7,1.405,0.575));
#5970 = B_SPLINE_SURFACE_WITH_KNOTS('',1,1,(
    (#5971,#5972)
    ,(#5973,#5974
    )),.UNSPECIFIED.,.F.,.F.,.F.,(2,2),(2,2),(0.,0.134350288425),(0.,1.)
  ,.PIECEWISE_BEZIER_KNOTS.);
#5971 = CARTESIAN_POINT('',(-0.633243103516,1.371621551758,0.1));
#5972 = CARTESIAN_POINT('',(-0.7,1.405,0.575));
#5973 = CARTESIAN_POINT('',(-0.571621551758,1.433243103516,0.1));
#5974 = CARTESIAN_POINT('',(-0.605,1.5,0.575));
#5975 = ADVANCED_FACE('',(#5976),#6025,.F.);
#5976 = FACE_BOUND('',#5977,.F.);
#5977 = EDGE_LOOP('',(#5978,#5979,#5980,#5988,#5996,#6004,#6012,#6020));
#5978 = ORIENTED_EDGE('',*,*,#5882,.T.);
#5979 = ORIENTED_EDGE('',*,*,#5966,.T.);
#5980 = ORIENTED_EDGE('',*,*,#5981,.F.);
#5981 = EDGE_CURVE('',#5982,#5959,#5984,.T.);
#5982 = VERTEX_POINT('',#5983);
#5983 = CARTESIAN_POINT('',(-0.7,1.15,0.575));
#5984 = LINE('',#5985,#5986);
#5985 = CARTESIAN_POINT('',(-0.7,-1.405,0.575));
#5986 = VECTOR('',#5987,1.);
#5987 = DIRECTION('',(-1.110223024625E-16,1.,0.));
#5988 = ORIENTED_EDGE('',*,*,#5989,.F.);
#5989 = EDGE_CURVE('',#5990,#5982,#5992,.T.);
#5990 = VERTEX_POINT('',#5991);
#5991 = CARTESIAN_POINT('',(-0.7,0.75,0.575));
#5992 = LINE('',#5993,#5994);
#5993 = CARTESIAN_POINT('',(-0.7,0.75,0.575));
#5994 = VECTOR('',#5995,1.);
#5995 = DIRECTION('',(1.144237745222E-17,1.,0.));
#5996 = ORIENTED_EDGE('',*,*,#5997,.F.);
#5997 = EDGE_CURVE('',#5998,#5990,#6000,.T.);
#5998 = VERTEX_POINT('',#5999);
#5999 = CARTESIAN_POINT('',(-0.7,-0.75,0.575));
#6000 = LINE('',#6001,#6002);
#6001 = CARTESIAN_POINT('',(-0.7,-1.405,0.575));
#6002 = VECTOR('',#6003,1.);
#6003 = DIRECTION('',(-1.110223024625E-16,1.,0.));
#6004 = ORIENTED_EDGE('',*,*,#6005,.F.);
#6005 = EDGE_CURVE('',#6006,#5998,#6008,.T.);
#6006 = VERTEX_POINT('',#6007);
#6007 = CARTESIAN_POINT('',(-0.7,-1.15,0.575));
#6008 = LINE('',#6009,#6010);
#6009 = CARTESIAN_POINT('',(-0.7,-1.15,0.575));
#6010 = VECTOR('',#6011,1.);
#6011 = DIRECTION('',(1.144237745222E-17,1.,0.));
#6012 = ORIENTED_EDGE('',*,*,#6013,.F.);
#6013 = EDGE_CURVE('',#6014,#6006,#6016,.T.);
#6014 = VERTEX_POINT('',#6015);
#6015 = CARTESIAN_POINT('',(-0.7,-1.405,0.575));
#6016 = LINE('',#6017,#6018);
#6017 = CARTESIAN_POINT('',(-0.7,-1.405,0.575));
#6018 = VECTOR('',#6019,1.);
#6019 = DIRECTION('',(-1.110223024625E-16,1.,0.));
#6020 = ORIENTED_EDGE('',*,*,#6021,.F.);
#6021 = EDGE_CURVE('',#5875,#6014,#6022,.T.);
#6022 = B_SPLINE_CURVE_WITH_KNOTS('',1,(#6023,#6024),.UNSPECIFIED.,.F.,
  .F.,(2,2),(0.,1.),.PIECEWISE_BEZIER_KNOTS.);
#6023 = CARTESIAN_POINT('',(-0.633243103516,-1.371621551758,0.1));
#6024 = CARTESIAN_POINT('',(-0.7,-1.405,0.575));
#6025 = B_SPLINE_SURFACE_WITH_KNOTS('',1,1,(
    (#6026,#6027)
    ,(#6028,#6029
    )),.UNSPECIFIED.,.F.,.F.,.F.,(2,2),(2,2),(0.,2.81),(0.,1.),
  .PIECEWISE_BEZIER_KNOTS.);
#6026 = CARTESIAN_POINT('',(-0.633243103516,-1.371621551758,0.1));
#6027 = CARTESIAN_POINT('',(-0.7,-1.405,0.575));
#6028 = CARTESIAN_POINT('',(-0.633243103516,1.371621551758,0.1));
#6029 = CARTESIAN_POINT('',(-0.7,1.405,0.575));
#6030 = ADVANCED_FACE('',(#6031),#6064,.F.);
#6031 = FACE_BOUND('',#6032,.F.);
#6032 = EDGE_LOOP('',(#6033,#6034,#6041,#6049,#6057,#6063));
#6033 = ORIENTED_EDGE('',*,*,#5850,.T.);
#6034 = ORIENTED_EDGE('',*,*,#6035,.T.);
#6035 = EDGE_CURVE('',#5851,#6036,#6038,.T.);
#6036 = VERTEX_POINT('',#6037);
#6037 = CARTESIAN_POINT('',(0.7,-1.405,0.575));
#6038 = B_SPLINE_CURVE_WITH_KNOTS('',1,(#6039,#6040),.UNSPECIFIED.,.F.,
  .F.,(2,2),(0.,1.),.PIECEWISE_BEZIER_KNOTS.);
#6039 = CARTESIAN_POINT('',(0.633243103516,-1.371621551758,0.1));
#6040 = CARTESIAN_POINT('',(0.7,-1.405,0.575));
#6041 = ORIENTED_EDGE('',*,*,#6042,.F.);
#6042 = EDGE_CURVE('',#6043,#6036,#6045,.T.);
#6043 = VERTEX_POINT('',#6044);
#6044 = CARTESIAN_POINT('',(0.7,-0.2,0.575));
#6045 = LINE('',#6046,#6047);
#6046 = CARTESIAN_POINT('',(0.7,1.405,0.575));
#6047 = VECTOR('',#6048,1.);
#6048 = DIRECTION('',(1.110223024625E-16,-1.,0.));
#6049 = ORIENTED_EDGE('',*,*,#6050,.F.);
#6050 = EDGE_CURVE('',#6051,#6043,#6053,.T.);
#6051 = VERTEX_POINT('',#6052);
#6052 = CARTESIAN_POINT('',(0.7,0.2,0.575));
#6053 = LINE('',#6054,#6055);
#6054 = CARTESIAN_POINT('',(0.7,0.2,0.575));
#6055 = VECTOR('',#6056,1.);
#6056 = DIRECTION('',(1.110223024625E-16,-1.,0.));
#6057 = ORIENTED_EDGE('',*,*,#6058,.F.);
#6058 = EDGE_CURVE('',#5906,#6051,#6059,.T.);
#6059 = LINE('',#6060,#6061);
#6060 = CARTESIAN_POINT('',(0.7,1.405,0.575));
#6061 = VECTOR('',#6062,1.);
#6062 = DIRECTION('',(1.110223024625E-16,-1.,0.));
#6063 = ORIENTED_EDGE('',*,*,#5905,.F.);
#6064 = B_SPLINE_SURFACE_WITH_KNOTS('',1,1,(
    (#6065,#6066)
    ,(#6067,#6068
    )),.UNSPECIFIED.,.F.,.F.,.F.,(2,2),(2,2),(0.,2.81),(0.,1.),
  .PIECEWISE_BEZIER_KNOTS.);
#6065 = CARTESIAN_POINT('',(0.633243103516,1.371621551758,0.1));
#6066 = CARTESIAN_POINT('',(0.7,1.405,0.575));
#6067 = CARTESIAN_POINT('',(0.633243103516,-1.371621551758,0.1));
#6068 = CARTESIAN_POINT('',(0.7,-1.405,0.575));
#6069 = ADVANCED_FACE('',(#6070),#6087,.F.);
#6070 = FACE_BOUND('',#6071,.F.);
#6071 = EDGE_LOOP('',(#6072,#6073,#6074,#6082));
#6072 = ORIENTED_EDGE('',*,*,#5874,.T.);
#6073 = ORIENTED_EDGE('',*,*,#6021,.T.);
#6074 = ORIENTED_EDGE('',*,*,#6075,.F.);
#6075 = EDGE_CURVE('',#6076,#6014,#6078,.T.);
#6076 = VERTEX_POINT('',#6077);
#6077 = CARTESIAN_POINT('',(-0.605,-1.5,0.575));
#6078 = LINE('',#6079,#6080);
#6079 = CARTESIAN_POINT('',(-0.605,-1.5,0.575));
#6080 = VECTOR('',#6081,1.);
#6081 = DIRECTION('',(-0.707106781187,0.707106781187,0.));
#6082 = ORIENTED_EDGE('',*,*,#6083,.F.);
#6083 = EDGE_CURVE('',#5867,#6076,#6084,.T.);
#6084 = B_SPLINE_CURVE_WITH_KNOTS('',1,(#6085,#6086),.UNSPECIFIED.,.F.,
  .F.,(2,2),(0.,1.),.PIECEWISE_BEZIER_KNOTS.);
#6085 = CARTESIAN_POINT('',(-0.571621551758,-1.433243103516,0.1));
#6086 = CARTESIAN_POINT('',(-0.605,-1.5,0.575));
#6087 = B_SPLINE_SURFACE_WITH_KNOTS('',1,1,(
    (#6088,#6089)
    ,(#6090,#6091
    )),.UNSPECIFIED.,.F.,.F.,.F.,(2,2),(2,2),(0.,0.134350288425),(0.,1.)
  ,.PIECEWISE_BEZIER_KNOTS.);
#6088 = CARTESIAN_POINT('',(-0.571621551758,-1.433243103516,0.1));
#6089 = CARTESIAN_POINT('',(-0.605,-1.5,0.575));
#6090 = CARTESIAN_POINT('',(-0.633243103516,-1.371621551758,0.1));
#6091 = CARTESIAN_POINT('',(-0.7,-1.405,0.575));
#6092 = ADVANCED_FACE('',(#6093),#6110,.F.);
#6093 = FACE_BOUND('',#6094,.F.);
#6094 = EDGE_LOOP('',(#6095,#6096,#6103,#6109));
#6095 = ORIENTED_EDGE('',*,*,#5858,.T.);
#6096 = ORIENTED_EDGE('',*,*,#6097,.T.);
#6097 = EDGE_CURVE('',#5859,#6098,#6100,.T.);
#6098 = VERTEX_POINT('',#6099);
#6099 = CARTESIAN_POINT('',(0.605,-1.5,0.575));
#6100 = B_SPLINE_CURVE_WITH_KNOTS('',1,(#6101,#6102),.UNSPECIFIED.,.F.,
  .F.,(2,2),(0.,1.),.PIECEWISE_BEZIER_KNOTS.);
#6101 = CARTESIAN_POINT('',(0.571621551758,-1.433243103516,0.1));
#6102 = CARTESIAN_POINT('',(0.605,-1.5,0.575));
#6103 = ORIENTED_EDGE('',*,*,#6104,.F.);
#6104 = EDGE_CURVE('',#6036,#6098,#6105,.T.);
#6105 = LINE('',#6106,#6107);
#6106 = CARTESIAN_POINT('',(0.7,-1.405,0.575));
#6107 = VECTOR('',#6108,1.);
#6108 = DIRECTION('',(-0.707106781187,-0.707106781187,0.));
#6109 = ORIENTED_EDGE('',*,*,#6035,.F.);
#6110 = B_SPLINE_SURFACE_WITH_KNOTS('',1,1,(
    (#6111,#6112)
    ,(#6113,#6114
    )),.UNSPECIFIED.,.F.,.F.,.F.,(2,2),(2,2),(0.,0.134350288425),(0.,1.)
  ,.PIECEWISE_BEZIER_KNOTS.);
#6111 = CARTESIAN_POINT('',(0.633243103516,-1.371621551758,0.1));
#6112 = CARTESIAN_POINT('',(0.7,-1.405,0.575));
#6113 = CARTESIAN_POINT('',(0.571621551758,-1.433243103516,0.1));
#6114 = CARTESIAN_POINT('',(0.605,-1.5,0.575));
#6115 = ADVANCED_FACE('',(#6116),#6127,.F.);
#6116 = FACE_BOUND('',#6117,.F.);
#6117 = EDGE_LOOP('',(#6118,#6119,#6120,#6126));
#6118 = ORIENTED_EDGE('',*,*,#5866,.T.);
#6119 = ORIENTED_EDGE('',*,*,#6083,.T.);
#6120 = ORIENTED_EDGE('',*,*,#6121,.F.);
#6121 = EDGE_CURVE('',#6098,#6076,#6122,.T.);
#6122 = LINE('',#6123,#6124);
#6123 = CARTESIAN_POINT('',(0.605,-1.5,0.575));
#6124 = VECTOR('',#6125,1.);
#6125 = DIRECTION('',(-1.,-1.110223024625E-16,0.));
#6126 = ORIENTED_EDGE('',*,*,#6097,.F.);
#6127 = B_SPLINE_SURFACE_WITH_KNOTS('',1,1,(
    (#6128,#6129)
    ,(#6130,#6131
    )),.UNSPECIFIED.,.F.,.F.,.F.,(2,2),(2,2),(0.,1.21),(0.,1.),
  .PIECEWISE_BEZIER_KNOTS.);
#6128 = CARTESIAN_POINT('',(0.571621551758,-1.433243103516,0.1));
#6129 = CARTESIAN_POINT('',(0.605,-1.5,0.575));
#6130 = CARTESIAN_POINT('',(-0.571621551758,-1.433243103516,0.1));
#6131 = CARTESIAN_POINT('',(-0.605,-1.5,0.575));
#6132 = ADVANCED_FACE('',(#6133),#6150,.F.);
#6133 = FACE_BOUND('',#6134,.F.);
#6134 = EDGE_LOOP('',(#6135,#6136,#6143,#6149));
#6135 = ORIENTED_EDGE('',*,*,#5912,.T.);
#6136 = ORIENTED_EDGE('',*,*,#6137,.T.);
#6137 = EDGE_CURVE('',#5906,#6138,#6140,.T.);
#6138 = VERTEX_POINT('',#6139);
#6139 = CARTESIAN_POINT('',(0.7,1.405,0.725));
#6140 = B_SPLINE_CURVE_WITH_KNOTS('',1,(#6141,#6142),.UNSPECIFIED.,.F.,
  .F.,(2,2),(0.,1.),.PIECEWISE_BEZIER_KNOTS.);
#6141 = CARTESIAN_POINT('',(0.7,1.405,0.575));
#6142 = CARTESIAN_POINT('',(0.7,1.405,0.725));
#6143 = ORIENTED_EDGE('',*,*,#6144,.F.);
#6144 = EDGE_CURVE('',#5929,#6138,#6145,.T.);
#6145 = LINE('',#6146,#6147);
#6146 = CARTESIAN_POINT('',(0.605,1.5,0.725));
#6147 = VECTOR('',#6148,1.);
#6148 = DIRECTION('',(0.707106781187,-0.707106781187,0.));
#6149 = ORIENTED_EDGE('',*,*,#5928,.F.);
#6150 = PLANE('',#6151);
#6151 = AXIS2_PLACEMENT_3D('',#6152,#6153,#6154);
#6152 = CARTESIAN_POINT('',(0.605,1.5,0.725));
#6153 = DIRECTION('',(-0.707106781187,-0.707106781187,0.));
#6154 = DIRECTION('',(0.707106781187,-0.707106781187,0.));
#6155 = ADVANCED_FACE('',(#6156),#6238,.F.);
#6156 = FACE_BOUND('',#6157,.F.);
#6157 = EDGE_LOOP('',(#6158,#6166,#6167,#6168,#6176,#6184,#6192,#6200,
    #6208,#6216,#6224,#6232));
#6158 = ORIENTED_EDGE('',*,*,#6159,.T.);
#6159 = EDGE_CURVE('',#6160,#5936,#6162,.T.);
#6160 = VERTEX_POINT('',#6161);
#6161 = CARTESIAN_POINT('',(-0.7,1.405,0.725));
#6162 = LINE('',#6163,#6164);
#6163 = CARTESIAN_POINT('',(-0.7,1.405,0.725));
#6164 = VECTOR('',#6165,1.);
#6165 = DIRECTION('',(0.707106781187,0.707106781187,0.));
#6166 = ORIENTED_EDGE('',*,*,#5935,.T.);
#6167 = ORIENTED_EDGE('',*,*,#6144,.T.);
#6168 = ORIENTED_EDGE('',*,*,#6169,.T.);
#6169 = EDGE_CURVE('',#6138,#6170,#6172,.T.);
#6170 = VERTEX_POINT('',#6171);
#6171 = CARTESIAN_POINT('',(0.7,0.2,0.725));
#6172 = LINE('',#6173,#6174);
#6173 = CARTESIAN_POINT('',(0.7,1.405,0.725));
#6174 = VECTOR('',#6175,1.);
#6175 = DIRECTION('',(1.110223024625E-16,-1.,0.));
#6176 = ORIENTED_EDGE('',*,*,#6177,.T.);
#6177 = EDGE_CURVE('',#6170,#6178,#6180,.T.);
#6178 = VERTEX_POINT('',#6179);
#6179 = CARTESIAN_POINT('',(0.675,0.2,0.725));
#6180 = LINE('',#6181,#6182);
#6181 = CARTESIAN_POINT('',(0.7,0.2,0.725));
#6182 = VECTOR('',#6183,1.);
#6183 = DIRECTION('',(-1.,-1.110223024625E-16,0.));
#6184 = ORIENTED_EDGE('',*,*,#6185,.F.);
#6185 = EDGE_CURVE('',#6186,#6178,#6188,.T.);
#6186 = VERTEX_POINT('',#6187);
#6187 = CARTESIAN_POINT('',(0.675,1.3925,0.725));
#6188 = LINE('',#6189,#6190);
#6189 = CARTESIAN_POINT('',(0.675,1.3925,0.725));
#6190 = VECTOR('',#6191,1.);
#6191 = DIRECTION('',(1.110223024625E-16,-1.,0.));
#6192 = ORIENTED_EDGE('',*,*,#6193,.F.);
#6193 = EDGE_CURVE('',#6194,#6186,#6196,.T.);
#6194 = VERTEX_POINT('',#6195);
#6195 = CARTESIAN_POINT('',(0.5925,1.475,0.725));
#6196 = LINE('',#6197,#6198);
#6197 = CARTESIAN_POINT('',(0.5925,1.475,0.725));
#6198 = VECTOR('',#6199,1.);
#6199 = DIRECTION('',(0.707106781187,-0.707106781187,0.));
#6200 = ORIENTED_EDGE('',*,*,#6201,.F.);
#6201 = EDGE_CURVE('',#6202,#6194,#6204,.T.);
#6202 = VERTEX_POINT('',#6203);
#6203 = CARTESIAN_POINT('',(-0.5925,1.475,0.725));
#6204 = LINE('',#6205,#6206);
#6205 = CARTESIAN_POINT('',(-0.5925,1.475,0.725));
#6206 = VECTOR('',#6207,1.);
#6207 = DIRECTION('',(1.,1.110223024625E-16,0.));
#6208 = ORIENTED_EDGE('',*,*,#6209,.F.);
#6209 = EDGE_CURVE('',#6210,#6202,#6212,.T.);
#6210 = VERTEX_POINT('',#6211);
#6211 = CARTESIAN_POINT('',(-0.675,1.3925,0.725));
#6212 = LINE('',#6213,#6214);
#6213 = CARTESIAN_POINT('',(-0.675,1.3925,0.725));
#6214 = VECTOR('',#6215,1.);
#6215 = DIRECTION('',(0.707106781187,0.707106781187,0.));
#6216 = ORIENTED_EDGE('',*,*,#6217,.F.);
#6217 = EDGE_CURVE('',#6218,#6210,#6220,.T.);
#6218 = VERTEX_POINT('',#6219);
#6219 = CARTESIAN_POINT('',(-0.675,1.15,0.725));
#6220 = LINE('',#6221,#6222);
#6221 = CARTESIAN_POINT('',(-0.675,-1.3925,0.725));
#6222 = VECTOR('',#6223,1.);
#6223 = DIRECTION('',(-1.110223024625E-16,1.,0.));
#6224 = ORIENTED_EDGE('',*,*,#6225,.F.);
#6225 = EDGE_CURVE('',#6226,#6218,#6228,.T.);
#6226 = VERTEX_POINT('',#6227);
#6227 = CARTESIAN_POINT('',(-0.7,1.15,0.725));
#6228 = LINE('',#6229,#6230);
#6229 = CARTESIAN_POINT('',(-0.7,1.15,0.725));
#6230 = VECTOR('',#6231,1.);
#6231 = DIRECTION('',(1.,-1.144237745222E-17,0.));
#6232 = ORIENTED_EDGE('',*,*,#6233,.T.);
#6233 = EDGE_CURVE('',#6226,#6160,#6234,.T.);
#6234 = LINE('',#6235,#6236);
#6235 = CARTESIAN_POINT('',(-0.7,-1.405,0.725));
#6236 = VECTOR('',#6237,1.);
#6237 = DIRECTION('',(-1.110223024625E-16,1.,0.));
#6238 = PLANE('',#6239);
#6239 = AXIS2_PLACEMENT_3D('',#6240,#6241,#6242);
#6240 = CARTESIAN_POINT('',(-1.486299604971E-16,1.4875,0.725));
#6241 = DIRECTION('',(1.022886882533E-31,-6.310887241768E-27,-1.));
#6242 = DIRECTION('',(1.,1.217738924546E-16,1.022886882525E-31));
#6243 = ADVANCED_FACE('',(#6244),#6254,.F.);
#6244 = FACE_BOUND('',#6245,.F.);
#6245 = EDGE_LOOP('',(#6246,#6247,#6248,#6249));
#6246 = ORIENTED_EDGE('',*,*,#5958,.T.);
#6247 = ORIENTED_EDGE('',*,*,#5943,.T.);
#6248 = ORIENTED_EDGE('',*,*,#6159,.F.);
#6249 = ORIENTED_EDGE('',*,*,#6250,.F.);
#6250 = EDGE_CURVE('',#5959,#6160,#6251,.T.);
#6251 = B_SPLINE_CURVE_WITH_KNOTS('',1,(#6252,#6253),.UNSPECIFIED.,.F.,
  .F.,(2,2),(0.,1.),.PIECEWISE_BEZIER_KNOTS.);
#6252 = CARTESIAN_POINT('',(-0.7,1.405,0.575));
#6253 = CARTESIAN_POINT('',(-0.7,1.405,0.725));
#6254 = PLANE('',#6255);
#6255 = AXIS2_PLACEMENT_3D('',#6256,#6257,#6258);
#6256 = CARTESIAN_POINT('',(-0.7,1.405,0.725));
#6257 = DIRECTION('',(0.707106781187,-0.707106781187,0.));
#6258 = DIRECTION('',(0.707106781187,0.707106781187,0.));
#6259 = ADVANCED_FACE('',(#6260),#6284,.F.);
#6260 = FACE_BOUND('',#6261,.F.);
#6261 = EDGE_LOOP('',(#6262,#6269,#6270,#6278));
#6262 = ORIENTED_EDGE('',*,*,#6263,.F.);
#6263 = EDGE_CURVE('',#6014,#6264,#6266,.T.);
#6264 = VERTEX_POINT('',#6265);
#6265 = CARTESIAN_POINT('',(-0.7,-1.405,0.725));
#6266 = B_SPLINE_CURVE_WITH_KNOTS('',1,(#6267,#6268),.UNSPECIFIED.,.F.,
  .F.,(2,2),(0.,1.),.PIECEWISE_BEZIER_KNOTS.);
#6267 = CARTESIAN_POINT('',(-0.7,-1.405,0.575));
#6268 = CARTESIAN_POINT('',(-0.7,-1.405,0.725));
#6269 = ORIENTED_EDGE('',*,*,#6013,.T.);
#6270 = ORIENTED_EDGE('',*,*,#6271,.T.);
#6271 = EDGE_CURVE('',#6006,#6272,#6274,.T.);
#6272 = VERTEX_POINT('',#6273);
#6273 = CARTESIAN_POINT('',(-0.7,-1.15,0.725));
#6274 = LINE('',#6275,#6276);
#6275 = CARTESIAN_POINT('',(-0.7,-1.15,0.529763586955));
#6276 = VECTOR('',#6277,1.);
#6277 = DIRECTION('',(0.,0.,1.));
#6278 = ORIENTED_EDGE('',*,*,#6279,.F.);
#6279 = EDGE_CURVE('',#6264,#6272,#6280,.T.);
#6280 = LINE('',#6281,#6282);
#6281 = CARTESIAN_POINT('',(-0.7,-1.405,0.725));
#6282 = VECTOR('',#6283,1.);
#6283 = DIRECTION('',(-1.110223024625E-16,1.,0.));
#6284 = PLANE('',#6285);
#6285 = AXIS2_PLACEMENT_3D('',#6286,#6287,#6288);
#6286 = CARTESIAN_POINT('',(-0.7,-1.405,0.725));
#6287 = DIRECTION('',(1.,1.110223024625E-16,0.));
#6288 = DIRECTION('',(-1.110223024625E-16,1.,0.));
#6289 = ADVANCED_FACE('',(#6290),#6317,.F.);
#6290 = FACE_BOUND('',#6291,.F.);
#6291 = EDGE_LOOP('',(#6292,#6293,#6302,#6310));
#6292 = ORIENTED_EDGE('',*,*,#6005,.T.);
#6293 = ORIENTED_EDGE('',*,*,#6294,.T.);
#6294 = EDGE_CURVE('',#5998,#6295,#6297,.T.);
#6295 = VERTEX_POINT('',#6296);
#6296 = CARTESIAN_POINT('',(-0.798480775301,-0.75,0.492364817767));
#6297 = CIRCLE('',#6298,0.1);
#6298 = AXIS2_PLACEMENT_3D('',#6299,#6300,#6301);
#6299 = CARTESIAN_POINT('',(-0.7,-0.75,0.475));
#6300 = DIRECTION('',(-1.144237745222E-17,-1.,-5.473822126269E-48));
#6301 = DIRECTION('',(2.22044604925E-15,-2.540718180781E-32,1.));
#6302 = ORIENTED_EDGE('',*,*,#6303,.F.);
#6303 = EDGE_CURVE('',#6304,#6295,#6306,.T.);
#6304 = VERTEX_POINT('',#6305);
#6305 = CARTESIAN_POINT('',(-0.798480775301,-1.15,0.492364817767));
#6306 = LINE('',#6307,#6308);
#6307 = CARTESIAN_POINT('',(-0.798480775301,-1.15,0.492364817767));
#6308 = VECTOR('',#6309,1.);
#6309 = DIRECTION('',(1.144237745222E-17,1.,0.));
#6310 = ORIENTED_EDGE('',*,*,#6311,.F.);
#6311 = EDGE_CURVE('',#6006,#6304,#6312,.T.);
#6312 = CIRCLE('',#6313,0.1);
#6313 = AXIS2_PLACEMENT_3D('',#6314,#6315,#6316);
#6314 = CARTESIAN_POINT('',(-0.7,-1.15,0.475));
#6315 = DIRECTION('',(-1.144237745222E-17,-1.,-5.473822126269E-48));
#6316 = DIRECTION('',(2.22044604925E-15,-2.540718180781E-32,1.));
#6317 = CYLINDRICAL_SURFACE('',#6318,0.1);
#6318 = AXIS2_PLACEMENT_3D('',#6319,#6320,#6321);
#6319 = CARTESIAN_POINT('',(-0.7,-1.15,0.475));
#6320 = DIRECTION('',(-1.144237745222E-17,-1.,0.));
#6321 = DIRECTION('',(2.22044604925E-15,-2.540718180781E-32,1.));
#6322 = ADVANCED_FACE('',(#6323),#6348,.F.);
#6323 = FACE_BOUND('',#6324,.F.);
#6324 = EDGE_LOOP('',(#6325,#6333,#6334,#6342));
#6325 = ORIENTED_EDGE('',*,*,#6326,.F.);
#6326 = EDGE_CURVE('',#5998,#6327,#6329,.T.);
#6327 = VERTEX_POINT('',#6328);
#6328 = CARTESIAN_POINT('',(-0.7,-0.75,0.725));
#6329 = LINE('',#6330,#6331);
#6330 = CARTESIAN_POINT('',(-0.7,-0.75,0.529763586955));
#6331 = VECTOR('',#6332,1.);
#6332 = DIRECTION('',(0.,0.,1.));
#6333 = ORIENTED_EDGE('',*,*,#5997,.T.);
#6334 = ORIENTED_EDGE('',*,*,#6335,.T.);
#6335 = EDGE_CURVE('',#5990,#6336,#6338,.T.);
#6336 = VERTEX_POINT('',#6337);
#6337 = CARTESIAN_POINT('',(-0.7,0.75,0.725));
#6338 = LINE('',#6339,#6340);
#6339 = CARTESIAN_POINT('',(-0.7,0.75,0.529763586955));
#6340 = VECTOR('',#6341,1.);
#6341 = DIRECTION('',(0.,0.,1.));
#6342 = ORIENTED_EDGE('',*,*,#6343,.F.);
#6343 = EDGE_CURVE('',#6327,#6336,#6344,.T.);
#6344 = LINE('',#6345,#6346);
#6345 = CARTESIAN_POINT('',(-0.7,-1.405,0.725));
#6346 = VECTOR('',#6347,1.);
#6347 = DIRECTION('',(-1.110223024625E-16,1.,0.));
#6348 = PLANE('',#6349);
#6349 = AXIS2_PLACEMENT_3D('',#6350,#6351,#6352);
#6350 = CARTESIAN_POINT('',(-0.7,-1.405,0.725));
#6351 = DIRECTION('',(1.,1.110223024625E-16,0.));
#6352 = DIRECTION('',(-1.110223024625E-16,1.,0.));
#6353 = ADVANCED_FACE('',(#6354),#6381,.F.);
#6354 = FACE_BOUND('',#6355,.F.);
#6355 = EDGE_LOOP('',(#6356,#6357,#6366,#6374));
#6356 = ORIENTED_EDGE('',*,*,#5989,.T.);
#6357 = ORIENTED_EDGE('',*,*,#6358,.T.);
#6358 = EDGE_CURVE('',#5982,#6359,#6361,.T.);
#6359 = VERTEX_POINT('',#6360);
#6360 = CARTESIAN_POINT('',(-0.798480775301,1.15,0.492364817767));
#6361 = CIRCLE('',#6362,0.1);
#6362 = AXIS2_PLACEMENT_3D('',#6363,#6364,#6365);
#6363 = CARTESIAN_POINT('',(-0.7,1.15,0.475));
#6364 = DIRECTION('',(-1.144237745222E-17,-1.,-5.473822126269E-48));
#6365 = DIRECTION('',(2.22044604925E-15,-2.540718180781E-32,1.));
#6366 = ORIENTED_EDGE('',*,*,#6367,.F.);
#6367 = EDGE_CURVE('',#6368,#6359,#6370,.T.);
#6368 = VERTEX_POINT('',#6369);
#6369 = CARTESIAN_POINT('',(-0.798480775301,0.75,0.492364817767));
#6370 = LINE('',#6371,#6372);
#6371 = CARTESIAN_POINT('',(-0.798480775301,0.75,0.492364817767));
#6372 = VECTOR('',#6373,1.);
#6373 = DIRECTION('',(1.144237745222E-17,1.,0.));
#6374 = ORIENTED_EDGE('',*,*,#6375,.F.);
#6375 = EDGE_CURVE('',#5990,#6368,#6376,.T.);
#6376 = CIRCLE('',#6377,0.1);
#6377 = AXIS2_PLACEMENT_3D('',#6378,#6379,#6380);
#6378 = CARTESIAN_POINT('',(-0.7,0.75,0.475));
#6379 = DIRECTION('',(-1.144237745222E-17,-1.,-5.473822126269E-48));
#6380 = DIRECTION('',(2.22044604925E-15,-2.540718180781E-32,1.));
#6381 = CYLINDRICAL_SURFACE('',#6382,0.1);
#6382 = AXIS2_PLACEMENT_3D('',#6383,#6384,#6385);
#6383 = CARTESIAN_POINT('',(-0.7,0.75,0.475));
#6384 = DIRECTION('',(-1.144237745222E-17,-1.,0.));
#6385 = DIRECTION('',(2.22044604925E-15,-2.540718180781E-32,1.));
#6386 = ADVANCED_FACE('',(#6387),#6398,.F.);
#6387 = FACE_BOUND('',#6388,.F.);
#6388 = EDGE_LOOP('',(#6389,#6395,#6396,#6397));
#6389 = ORIENTED_EDGE('',*,*,#6390,.F.);
#6390 = EDGE_CURVE('',#5982,#6226,#6391,.T.);
#6391 = LINE('',#6392,#6393);
#6392 = CARTESIAN_POINT('',(-0.7,1.15,0.529763586955));
#6393 = VECTOR('',#6394,1.);
#6394 = DIRECTION('',(0.,0.,1.));
#6395 = ORIENTED_EDGE('',*,*,#5981,.T.);
#6396 = ORIENTED_EDGE('',*,*,#6250,.T.);
#6397 = ORIENTED_EDGE('',*,*,#6233,.F.);
#6398 = PLANE('',#6399);
#6399 = AXIS2_PLACEMENT_3D('',#6400,#6401,#6402);
#6400 = CARTESIAN_POINT('',(-0.7,-1.405,0.725));
#6401 = DIRECTION('',(1.,1.110223024625E-16,0.));
#6402 = DIRECTION('',(-1.110223024625E-16,1.,0.));
#6403 = ADVANCED_FACE('',(#6404),#6415,.F.);
#6404 = FACE_BOUND('',#6405,.F.);
#6405 = EDGE_LOOP('',(#6406,#6407,#6408,#6414));
#6406 = ORIENTED_EDGE('',*,*,#6137,.F.);
#6407 = ORIENTED_EDGE('',*,*,#6058,.T.);
#6408 = ORIENTED_EDGE('',*,*,#6409,.T.);
#6409 = EDGE_CURVE('',#6051,#6170,#6410,.T.);
#6410 = LINE('',#6411,#6412);
#6411 = CARTESIAN_POINT('',(0.7,0.2,0.529763586955));
#6412 = VECTOR('',#6413,1.);
#6413 = DIRECTION('',(0.,0.,1.));
#6414 = ORIENTED_EDGE('',*,*,#6169,.F.);
#6415 = PLANE('',#6416);
#6416 = AXIS2_PLACEMENT_3D('',#6417,#6418,#6419);
#6417 = CARTESIAN_POINT('',(0.7,1.405,0.725));
#6418 = DIRECTION('',(-1.,-1.110223024625E-16,0.));
#6419 = DIRECTION('',(1.110223024625E-16,-1.,0.));
#6420 = ADVANCED_FACE('',(#6421),#6448,.F.);
#6421 = FACE_BOUND('',#6422,.F.);
#6422 = EDGE_LOOP('',(#6423,#6424,#6433,#6441));
#6423 = ORIENTED_EDGE('',*,*,#6050,.T.);
#6424 = ORIENTED_EDGE('',*,*,#6425,.T.);
#6425 = EDGE_CURVE('',#6043,#6426,#6428,.T.);
#6426 = VERTEX_POINT('',#6427);
#6427 = CARTESIAN_POINT('',(0.798480775301,-0.2,0.492364817767));
#6428 = CIRCLE('',#6429,0.1);
#6429 = AXIS2_PLACEMENT_3D('',#6430,#6431,#6432);
#6430 = CARTESIAN_POINT('',(0.7,-0.2,0.475));
#6431 = DIRECTION('',(-1.110223024625E-16,1.,0.));
#6432 = DIRECTION('',(-2.22044604925E-15,-2.465190328815E-31,1.));
#6433 = ORIENTED_EDGE('',*,*,#6434,.F.);
#6434 = EDGE_CURVE('',#6435,#6426,#6437,.T.);
#6435 = VERTEX_POINT('',#6436);
#6436 = CARTESIAN_POINT('',(0.798480775301,0.2,0.492364817767));
#6437 = LINE('',#6438,#6439);
#6438 = CARTESIAN_POINT('',(0.798480775301,0.2,0.492364817767));
#6439 = VECTOR('',#6440,1.);
#6440 = DIRECTION('',(1.110223024625E-16,-1.,0.));
#6441 = ORIENTED_EDGE('',*,*,#6442,.F.);
#6442 = EDGE_CURVE('',#6051,#6435,#6443,.T.);
#6443 = CIRCLE('',#6444,0.1);
#6444 = AXIS2_PLACEMENT_3D('',#6445,#6446,#6447);
#6445 = CARTESIAN_POINT('',(0.7,0.2,0.475));
#6446 = DIRECTION('',(-1.110223024625E-16,1.,0.));
#6447 = DIRECTION('',(-2.22044604925E-15,-2.465190328815E-31,1.));
#6448 = CYLINDRICAL_SURFACE('',#6449,0.1);
#6449 = AXIS2_PLACEMENT_3D('',#6450,#6451,#6452);
#6450 = CARTESIAN_POINT('',(0.7,0.2,0.475));
#6451 = DIRECTION('',(-1.110223024625E-16,1.,0.));
#6452 = DIRECTION('',(-2.22044604925E-15,-2.465190328815E-31,1.));
#6453 = ADVANCED_FACE('',(#6454),#6478,.F.);
#6454 = FACE_BOUND('',#6455,.F.);
#6455 = EDGE_LOOP('',(#6456,#6464,#6465,#6472));
#6456 = ORIENTED_EDGE('',*,*,#6457,.F.);
#6457 = EDGE_CURVE('',#6043,#6458,#6460,.T.);
#6458 = VERTEX_POINT('',#6459);
#6459 = CARTESIAN_POINT('',(0.7,-0.2,0.725));
#6460 = LINE('',#6461,#6462);
#6461 = CARTESIAN_POINT('',(0.7,-0.2,0.529763586955));
#6462 = VECTOR('',#6463,1.);
#6463 = DIRECTION('',(0.,0.,1.));
#6464 = ORIENTED_EDGE('',*,*,#6042,.T.);
#6465 = ORIENTED_EDGE('',*,*,#6466,.T.);
#6466 = EDGE_CURVE('',#6036,#6467,#6469,.T.);
#6467 = VERTEX_POINT('',#6468);
#6468 = CARTESIAN_POINT('',(0.7,-1.405,0.725));
#6469 = B_SPLINE_CURVE_WITH_KNOTS('',1,(#6470,#6471),.UNSPECIFIED.,.F.,
  .F.,(2,2),(0.,1.),.PIECEWISE_BEZIER_KNOTS.);
#6470 = CARTESIAN_POINT('',(0.7,-1.405,0.575));
#6471 = CARTESIAN_POINT('',(0.7,-1.405,0.725));
#6472 = ORIENTED_EDGE('',*,*,#6473,.F.);
#6473 = EDGE_CURVE('',#6458,#6467,#6474,.T.);
#6474 = LINE('',#6475,#6476);
#6475 = CARTESIAN_POINT('',(0.7,1.405,0.725));
#6476 = VECTOR('',#6477,1.);
#6477 = DIRECTION('',(1.110223024625E-16,-1.,0.));
#6478 = PLANE('',#6479);
#6479 = AXIS2_PLACEMENT_3D('',#6480,#6481,#6482);
#6480 = CARTESIAN_POINT('',(0.7,1.405,0.725));
#6481 = DIRECTION('',(-1.,-1.110223024625E-16,0.));
#6482 = DIRECTION('',(1.110223024625E-16,-1.,0.));
#6483 = ADVANCED_FACE('',(#6484),#6501,.F.);
#6484 = FACE_BOUND('',#6485,.F.);
#6485 = EDGE_LOOP('',(#6486,#6487,#6488,#6496));
#6486 = ORIENTED_EDGE('',*,*,#6075,.T.);
#6487 = ORIENTED_EDGE('',*,*,#6263,.T.);
#6488 = ORIENTED_EDGE('',*,*,#6489,.F.);
#6489 = EDGE_CURVE('',#6490,#6264,#6492,.T.);
#6490 = VERTEX_POINT('',#6491);
#6491 = CARTESIAN_POINT('',(-0.605,-1.5,0.725));
#6492 = LINE('',#6493,#6494);
#6493 = CARTESIAN_POINT('',(-0.605,-1.5,0.725));
#6494 = VECTOR('',#6495,1.);
#6495 = DIRECTION('',(-0.707106781187,0.707106781187,0.));
#6496 = ORIENTED_EDGE('',*,*,#6497,.F.);
#6497 = EDGE_CURVE('',#6076,#6490,#6498,.T.);
#6498 = B_SPLINE_CURVE_WITH_KNOTS('',1,(#6499,#6500),.UNSPECIFIED.,.F.,
  .F.,(2,2),(0.,1.),.PIECEWISE_BEZIER_KNOTS.);
#6499 = CARTESIAN_POINT('',(-0.605,-1.5,0.575));
#6500 = CARTESIAN_POINT('',(-0.605,-1.5,0.725));
#6501 = PLANE('',#6502);
#6502 = AXIS2_PLACEMENT_3D('',#6503,#6504,#6505);
#6503 = CARTESIAN_POINT('',(-0.605,-1.5,0.725));
#6504 = DIRECTION('',(0.707106781187,0.707106781187,0.));
#6505 = DIRECTION('',(-0.707106781187,0.707106781187,0.));
#6506 = ADVANCED_FACE('',(#6507),#6524,.F.);
#6507 = FACE_BOUND('',#6508,.F.);
#6508 = EDGE_LOOP('',(#6509,#6510,#6517,#6523));
#6509 = ORIENTED_EDGE('',*,*,#6104,.T.);
#6510 = ORIENTED_EDGE('',*,*,#6511,.T.);
#6511 = EDGE_CURVE('',#6098,#6512,#6514,.T.);
#6512 = VERTEX_POINT('',#6513);
#6513 = CARTESIAN_POINT('',(0.605,-1.5,0.725));
#6514 = B_SPLINE_CURVE_WITH_KNOTS('',1,(#6515,#6516),.UNSPECIFIED.,.F.,
  .F.,(2,2),(0.,1.),.PIECEWISE_BEZIER_KNOTS.);
#6515 = CARTESIAN_POINT('',(0.605,-1.5,0.575));
#6516 = CARTESIAN_POINT('',(0.605,-1.5,0.725));
#6517 = ORIENTED_EDGE('',*,*,#6518,.F.);
#6518 = EDGE_CURVE('',#6467,#6512,#6519,.T.);
#6519 = LINE('',#6520,#6521);
#6520 = CARTESIAN_POINT('',(0.7,-1.405,0.725));
#6521 = VECTOR('',#6522,1.);
#6522 = DIRECTION('',(-0.707106781187,-0.707106781187,0.));
#6523 = ORIENTED_EDGE('',*,*,#6466,.F.);
#6524 = PLANE('',#6525);
#6525 = AXIS2_PLACEMENT_3D('',#6526,#6527,#6528);
#6526 = CARTESIAN_POINT('',(0.7,-1.405,0.725));
#6527 = DIRECTION('',(-0.707106781187,0.707106781187,0.));
#6528 = DIRECTION('',(-0.707106781187,-0.707106781187,0.));
#6529 = ADVANCED_FACE('',(#6530),#6541,.F.);
#6530 = FACE_BOUND('',#6531,.F.);
#6531 = EDGE_LOOP('',(#6532,#6533,#6534,#6540));
#6532 = ORIENTED_EDGE('',*,*,#6121,.T.);
#6533 = ORIENTED_EDGE('',*,*,#6497,.T.);
#6534 = ORIENTED_EDGE('',*,*,#6535,.F.);
#6535 = EDGE_CURVE('',#6512,#6490,#6536,.T.);
#6536 = LINE('',#6537,#6538);
#6537 = CARTESIAN_POINT('',(0.605,-1.5,0.725));
#6538 = VECTOR('',#6539,1.);
#6539 = DIRECTION('',(-1.,-1.110223024625E-16,0.));
#6540 = ORIENTED_EDGE('',*,*,#6511,.F.);
#6541 = PLANE('',#6542);
#6542 = AXIS2_PLACEMENT_3D('',#6543,#6544,#6545);
#6543 = CARTESIAN_POINT('',(0.605,-1.5,0.725));
#6544 = DIRECTION('',(-1.110223024625E-16,1.,0.));
#6545 = DIRECTION('',(-1.,-1.110223024625E-16,0.));
#6546 = ADVANCED_FACE('',(#6547),#6570,.F.);
#6547 = FACE_BOUND('',#6548,.F.);
#6548 = EDGE_LOOP('',(#6549,#6557,#6563,#6564));
#6549 = ORIENTED_EDGE('',*,*,#6550,.F.);
#6550 = EDGE_CURVE('',#6336,#6551,#6553,.T.);
#6551 = VERTEX_POINT('',#6552);
#6552 = CARTESIAN_POINT('',(-0.675,0.75,0.725));
#6553 = LINE('',#6554,#6555);
#6554 = CARTESIAN_POINT('',(-0.7,0.75,0.725));
#6555 = VECTOR('',#6556,1.);
#6556 = DIRECTION('',(1.,-1.144237745222E-17,0.));
#6557 = ORIENTED_EDGE('',*,*,#6558,.T.);
#6558 = EDGE_CURVE('',#6336,#6226,#6559,.T.);
#6559 = LINE('',#6560,#6561);
#6560 = CARTESIAN_POINT('',(-0.7,0.75,0.725));
#6561 = VECTOR('',#6562,1.);
#6562 = DIRECTION('',(1.144237745222E-17,1.,0.));
#6563 = ORIENTED_EDGE('',*,*,#6225,.T.);
#6564 = ORIENTED_EDGE('',*,*,#6565,.F.);
#6565 = EDGE_CURVE('',#6551,#6218,#6566,.T.);
#6566 = LINE('',#6567,#6568);
#6567 = CARTESIAN_POINT('',(-0.675,-1.3925,0.725));
#6568 = VECTOR('',#6569,1.);
#6569 = DIRECTION('',(-1.110223024625E-16,1.,0.));
#6570 = PLANE('',#6571);
#6571 = AXIS2_PLACEMENT_3D('',#6572,#6573,#6574);
#6572 = CARTESIAN_POINT('',(-0.7,0.75,0.725));
#6573 = DIRECTION('',(0.,0.,-1.));
#6574 = DIRECTION('',(1.,-1.144237745222E-17,0.));
#6575 = ADVANCED_FACE('',(#6576),#6624,.F.);
#6576 = FACE_BOUND('',#6577,.F.);
#6577 = EDGE_LOOP('',(#6578,#6588,#6596,#6602,#6603,#6604,#6611,#6619));
#6578 = ORIENTED_EDGE('',*,*,#6579,.T.);
#6579 = EDGE_CURVE('',#6580,#6582,#6584,.T.);
#6580 = VERTEX_POINT('',#6581);
#6581 = CARTESIAN_POINT('',(-0.675,-1.3925,0.725));
#6582 = VERTEX_POINT('',#6583);
#6583 = CARTESIAN_POINT('',(-0.675,-1.15,0.725));
#6584 = LINE('',#6585,#6586);
#6585 = CARTESIAN_POINT('',(-0.675,-1.3925,0.725));
#6586 = VECTOR('',#6587,1.);
#6587 = DIRECTION('',(-1.110223024625E-16,1.,0.));
#6588 = ORIENTED_EDGE('',*,*,#6589,.T.);
#6589 = EDGE_CURVE('',#6582,#6590,#6592,.T.);
#6590 = VERTEX_POINT('',#6591);
#6591 = CARTESIAN_POINT('',(-0.675,-0.75,0.725));
#6592 = LINE('',#6593,#6594);
#6593 = CARTESIAN_POINT('',(-0.675,-1.3925,0.725));
#6594 = VECTOR('',#6595,1.);
#6595 = DIRECTION('',(-1.110223024625E-16,1.,0.));
#6596 = ORIENTED_EDGE('',*,*,#6597,.T.);
#6597 = EDGE_CURVE('',#6590,#6551,#6598,.T.);
#6598 = LINE('',#6599,#6600);
#6599 = CARTESIAN_POINT('',(-0.675,-1.3925,0.725));
#6600 = VECTOR('',#6601,1.);
#6601 = DIRECTION('',(-1.110223024625E-16,1.,0.));
#6602 = ORIENTED_EDGE('',*,*,#6565,.T.);
#6603 = ORIENTED_EDGE('',*,*,#6217,.T.);
#6604 = ORIENTED_EDGE('',*,*,#6605,.T.);
#6605 = EDGE_CURVE('',#6210,#6606,#6608,.T.);
#6606 = VERTEX_POINT('',#6607);
#6607 = CARTESIAN_POINT('',(-0.608243103516,1.359121551758,1.2));
#6608 = B_SPLINE_CURVE_WITH_KNOTS('',1,(#6609,#6610),.UNSPECIFIED.,.F.,
  .F.,(2,2),(0.,1.),.PIECEWISE_BEZIER_KNOTS.);
#6609 = CARTESIAN_POINT('',(-0.675,1.3925,0.725));
#6610 = CARTESIAN_POINT('',(-0.608243103516,1.359121551758,1.2));
#6611 = ORIENTED_EDGE('',*,*,#6612,.F.);
#6612 = EDGE_CURVE('',#6613,#6606,#6615,.T.);
#6613 = VERTEX_POINT('',#6614);
#6614 = CARTESIAN_POINT('',(-0.608243103516,-1.359121551758,1.2));
#6615 = LINE('',#6616,#6617);
#6616 = CARTESIAN_POINT('',(-0.608243103516,-1.359121551758,1.2));
#6617 = VECTOR('',#6618,1.);
#6618 = DIRECTION('',(-1.110223024625E-16,1.,0.));
#6619 = ORIENTED_EDGE('',*,*,#6620,.F.);
#6620 = EDGE_CURVE('',#6580,#6613,#6621,.T.);
#6621 = B_SPLINE_CURVE_WITH_KNOTS('',1,(#6622,#6623),.UNSPECIFIED.,.F.,
  .F.,(2,2),(0.,1.),.PIECEWISE_BEZIER_KNOTS.);
#6622 = CARTESIAN_POINT('',(-0.675,-1.3925,0.725));
#6623 = CARTESIAN_POINT('',(-0.608243103516,-1.359121551758,1.2));
#6624 = B_SPLINE_SURFACE_WITH_KNOTS('',1,1,(
    (#6625,#6626)
    ,(#6627,#6628
    )),.UNSPECIFIED.,.F.,.F.,.F.,(2,2),(2,2),(0.,2.785),(0.,1.),
  .PIECEWISE_BEZIER_KNOTS.);
#6625 = CARTESIAN_POINT('',(-0.675,-1.3925,0.725));
#6626 = CARTESIAN_POINT('',(-0.608243103516,-1.359121551758,1.2));
#6627 = CARTESIAN_POINT('',(-0.675,1.3925,0.725));
#6628 = CARTESIAN_POINT('',(-0.608243103516,1.359121551758,1.2));
#6629 = ADVANCED_FACE('',(#6630),#6647,.F.);
#6630 = FACE_BOUND('',#6631,.F.);
#6631 = EDGE_LOOP('',(#6632,#6633,#6640,#6646));
#6632 = ORIENTED_EDGE('',*,*,#6209,.T.);
#6633 = ORIENTED_EDGE('',*,*,#6634,.T.);
#6634 = EDGE_CURVE('',#6202,#6635,#6637,.T.);
#6635 = VERTEX_POINT('',#6636);
#6636 = CARTESIAN_POINT('',(-0.559121551758,1.408243103516,1.2));
#6637 = B_SPLINE_CURVE_WITH_KNOTS('',1,(#6638,#6639),.UNSPECIFIED.,.F.,
  .F.,(2,2),(0.,1.),.PIECEWISE_BEZIER_KNOTS.);
#6638 = CARTESIAN_POINT('',(-0.5925,1.475,0.725));
#6639 = CARTESIAN_POINT('',(-0.559121551758,1.408243103516,1.2));
#6640 = ORIENTED_EDGE('',*,*,#6641,.F.);
#6641 = EDGE_CURVE('',#6606,#6635,#6642,.T.);
#6642 = LINE('',#6643,#6644);
#6643 = CARTESIAN_POINT('',(-0.608243103516,1.359121551758,1.2));
#6644 = VECTOR('',#6645,1.);
#6645 = DIRECTION('',(0.707106781187,0.707106781187,0.));
#6646 = ORIENTED_EDGE('',*,*,#6605,.F.);
#6647 = B_SPLINE_SURFACE_WITH_KNOTS('',1,1,(
    (#6648,#6649)
    ,(#6650,#6651
    )),.UNSPECIFIED.,.F.,.F.,.F.,(2,2),(2,2),(0.,0.116672618896),(0.,1.)
  ,.PIECEWISE_BEZIER_KNOTS.);
#6648 = CARTESIAN_POINT('',(-0.675,1.3925,0.725));
#6649 = CARTESIAN_POINT('',(-0.608243103516,1.359121551758,1.2));
#6650 = CARTESIAN_POINT('',(-0.5925,1.475,0.725));
#6651 = CARTESIAN_POINT('',(-0.559121551758,1.408243103516,1.2));
#6652 = ADVANCED_FACE('',(#6653),#6670,.F.);
#6653 = FACE_BOUND('',#6654,.F.);
#6654 = EDGE_LOOP('',(#6655,#6656,#6663,#6669));
#6655 = ORIENTED_EDGE('',*,*,#6201,.T.);
#6656 = ORIENTED_EDGE('',*,*,#6657,.T.);
#6657 = EDGE_CURVE('',#6194,#6658,#6660,.T.);
#6658 = VERTEX_POINT('',#6659);
#6659 = CARTESIAN_POINT('',(0.559121551758,1.408243103516,1.2));
#6660 = B_SPLINE_CURVE_WITH_KNOTS('',1,(#6661,#6662),.UNSPECIFIED.,.F.,
  .F.,(2,2),(0.,1.),.PIECEWISE_BEZIER_KNOTS.);
#6661 = CARTESIAN_POINT('',(0.5925,1.475,0.725));
#6662 = CARTESIAN_POINT('',(0.559121551758,1.408243103516,1.2));
#6663 = ORIENTED_EDGE('',*,*,#6664,.F.);
#6664 = EDGE_CURVE('',#6635,#6658,#6665,.T.);
#6665 = LINE('',#6666,#6667);
#6666 = CARTESIAN_POINT('',(-0.559121551758,1.408243103516,1.2));
#6667 = VECTOR('',#6668,1.);
#6668 = DIRECTION('',(1.,1.110223024625E-16,0.));
#6669 = ORIENTED_EDGE('',*,*,#6634,.F.);
#6670 = B_SPLINE_SURFACE_WITH_KNOTS('',1,1,(
    (#6671,#6672)
    ,(#6673,#6674
    )),.UNSPECIFIED.,.F.,.F.,.F.,(2,2),(2,2),(0.,1.185),(0.,1.),
  .PIECEWISE_BEZIER_KNOTS.);
#6671 = CARTESIAN_POINT('',(-0.5925,1.475,0.725));
#6672 = CARTESIAN_POINT('',(-0.559121551758,1.408243103516,1.2));
#6673 = CARTESIAN_POINT('',(0.5925,1.475,0.725));
#6674 = CARTESIAN_POINT('',(0.559121551758,1.408243103516,1.2));
#6675 = ADVANCED_FACE('',(#6676),#6693,.F.);
#6676 = FACE_BOUND('',#6677,.F.);
#6677 = EDGE_LOOP('',(#6678,#6679,#6686,#6692));
#6678 = ORIENTED_EDGE('',*,*,#6193,.T.);
#6679 = ORIENTED_EDGE('',*,*,#6680,.T.);
#6680 = EDGE_CURVE('',#6186,#6681,#6683,.T.);
#6681 = VERTEX_POINT('',#6682);
#6682 = CARTESIAN_POINT('',(0.608243103516,1.359121551758,1.2));
#6683 = B_SPLINE_CURVE_WITH_KNOTS('',1,(#6684,#6685),.UNSPECIFIED.,.F.,
  .F.,(2,2),(0.,1.),.PIECEWISE_BEZIER_KNOTS.);
#6684 = CARTESIAN_POINT('',(0.675,1.3925,0.725));
#6685 = CARTESIAN_POINT('',(0.608243103516,1.359121551758,1.2));
#6686 = ORIENTED_EDGE('',*,*,#6687,.F.);
#6687 = EDGE_CURVE('',#6658,#6681,#6688,.T.);
#6688 = LINE('',#6689,#6690);
#6689 = CARTESIAN_POINT('',(0.559121551758,1.408243103516,1.2));
#6690 = VECTOR('',#6691,1.);
#6691 = DIRECTION('',(0.707106781187,-0.707106781187,0.));
#6692 = ORIENTED_EDGE('',*,*,#6657,.F.);
#6693 = B_SPLINE_SURFACE_WITH_KNOTS('',1,1,(
    (#6694,#6695)
    ,(#6696,#6697
    )),.UNSPECIFIED.,.F.,.F.,.F.,(2,2),(2,2),(0.,0.116672618896),(0.,1.)
  ,.PIECEWISE_BEZIER_KNOTS.);
#6694 = CARTESIAN_POINT('',(0.5925,1.475,0.725));
#6695 = CARTESIAN_POINT('',(0.559121551758,1.408243103516,1.2));
#6696 = CARTESIAN_POINT('',(0.675,1.3925,0.725));
#6697 = CARTESIAN_POINT('',(0.608243103516,1.359121551758,1.2));
#6698 = ADVANCED_FACE('',(#6699),#6732,.F.);
#6699 = FACE_BOUND('',#6700,.F.);
#6700 = EDGE_LOOP('',(#6701,#6702,#6710,#6718,#6725,#6731));
#6701 = ORIENTED_EDGE('',*,*,#6185,.T.);
#6702 = ORIENTED_EDGE('',*,*,#6703,.T.);
#6703 = EDGE_CURVE('',#6178,#6704,#6706,.T.);
#6704 = VERTEX_POINT('',#6705);
#6705 = CARTESIAN_POINT('',(0.675,-0.2,0.725));
#6706 = LINE('',#6707,#6708);
#6707 = CARTESIAN_POINT('',(0.675,1.3925,0.725));
#6708 = VECTOR('',#6709,1.);
#6709 = DIRECTION('',(1.110223024625E-16,-1.,0.));
#6710 = ORIENTED_EDGE('',*,*,#6711,.T.);
#6711 = EDGE_CURVE('',#6704,#6712,#6714,.T.);
#6712 = VERTEX_POINT('',#6713);
#6713 = CARTESIAN_POINT('',(0.675,-1.3925,0.725));
#6714 = LINE('',#6715,#6716);
#6715 = CARTESIAN_POINT('',(0.675,1.3925,0.725));
#6716 = VECTOR('',#6717,1.);
#6717 = DIRECTION('',(1.110223024625E-16,-1.,0.));
#6718 = ORIENTED_EDGE('',*,*,#6719,.T.);
#6719 = EDGE_CURVE('',#6712,#6720,#6722,.T.);
#6720 = VERTEX_POINT('',#6721);
#6721 = CARTESIAN_POINT('',(0.608243103516,-1.359121551758,1.2));
#6722 = B_SPLINE_CURVE_WITH_KNOTS('',1,(#6723,#6724),.UNSPECIFIED.,.F.,
  .F.,(2,2),(0.,1.),.PIECEWISE_BEZIER_KNOTS.);
#6723 = CARTESIAN_POINT('',(0.675,-1.3925,0.725));
#6724 = CARTESIAN_POINT('',(0.608243103516,-1.359121551758,1.2));
#6725 = ORIENTED_EDGE('',*,*,#6726,.F.);
#6726 = EDGE_CURVE('',#6681,#6720,#6727,.T.);
#6727 = LINE('',#6728,#6729);
#6728 = CARTESIAN_POINT('',(0.608243103516,1.359121551758,1.2));
#6729 = VECTOR('',#6730,1.);
#6730 = DIRECTION('',(1.110223024625E-16,-1.,0.));
#6731 = ORIENTED_EDGE('',*,*,#6680,.F.);
#6732 = B_SPLINE_SURFACE_WITH_KNOTS('',1,1,(
    (#6733,#6734)
    ,(#6735,#6736
    )),.UNSPECIFIED.,.F.,.F.,.F.,(2,2),(2,2),(0.,2.785),(0.,1.),
  .PIECEWISE_BEZIER_KNOTS.);
#6733 = CARTESIAN_POINT('',(0.675,1.3925,0.725));
#6734 = CARTESIAN_POINT('',(0.608243103516,1.359121551758,1.2));
#6735 = CARTESIAN_POINT('',(0.675,-1.3925,0.725));
#6736 = CARTESIAN_POINT('',(0.608243103516,-1.359121551758,1.2));
#6737 = ADVANCED_FACE('',(#6738),#6754,.F.);
#6738 = FACE_BOUND('',#6739,.F.);
#6739 = EDGE_LOOP('',(#6740,#6741,#6747,#6753));
#6740 = ORIENTED_EDGE('',*,*,#6177,.F.);
#6741 = ORIENTED_EDGE('',*,*,#6742,.T.);
#6742 = EDGE_CURVE('',#6170,#6458,#6743,.T.);
#6743 = LINE('',#6744,#6745);
#6744 = CARTESIAN_POINT('',(0.7,0.2,0.725));
#6745 = VECTOR('',#6746,1.);
#6746 = DIRECTION('',(1.110223024625E-16,-1.,0.));
#6747 = ORIENTED_EDGE('',*,*,#6748,.T.);
#6748 = EDGE_CURVE('',#6458,#6704,#6749,.T.);
#6749 = LINE('',#6750,#6751);
#6750 = CARTESIAN_POINT('',(0.7,-0.2,0.725));
#6751 = VECTOR('',#6752,1.);
#6752 = DIRECTION('',(-1.,-1.110223024625E-16,0.));
#6753 = ORIENTED_EDGE('',*,*,#6703,.F.);
#6754 = PLANE('',#6755);
#6755 = AXIS2_PLACEMENT_3D('',#6756,#6757,#6758);
#6756 = CARTESIAN_POINT('',(0.7,0.2,0.725));
#6757 = DIRECTION('',(0.,0.,-1.));
#6758 = DIRECTION('',(-1.,-1.110223024625E-16,-0.));
#6759 = ADVANCED_FACE('',(#6760),#6798,.F.);
#6760 = FACE_BOUND('',#6761,.F.);
#6761 = EDGE_LOOP('',(#6762,#6763,#6764,#6765,#6766,#6767,#6768,#6774,
    #6775,#6783,#6791,#6797));
#6762 = ORIENTED_EDGE('',*,*,#6748,.F.);
#6763 = ORIENTED_EDGE('',*,*,#6473,.T.);
#6764 = ORIENTED_EDGE('',*,*,#6518,.T.);
#6765 = ORIENTED_EDGE('',*,*,#6535,.T.);
#6766 = ORIENTED_EDGE('',*,*,#6489,.T.);
#6767 = ORIENTED_EDGE('',*,*,#6279,.T.);
#6768 = ORIENTED_EDGE('',*,*,#6769,.T.);
#6769 = EDGE_CURVE('',#6272,#6582,#6770,.T.);
#6770 = LINE('',#6771,#6772);
#6771 = CARTESIAN_POINT('',(-0.7,-1.15,0.725));
#6772 = VECTOR('',#6773,1.);
#6773 = DIRECTION('',(1.,-1.144237745222E-17,0.));
#6774 = ORIENTED_EDGE('',*,*,#6579,.F.);
#6775 = ORIENTED_EDGE('',*,*,#6776,.F.);
#6776 = EDGE_CURVE('',#6777,#6580,#6779,.T.);
#6777 = VERTEX_POINT('',#6778);
#6778 = CARTESIAN_POINT('',(-0.5925,-1.475,0.725));
#6779 = LINE('',#6780,#6781);
#6780 = CARTESIAN_POINT('',(-0.5925,-1.475,0.725));
#6781 = VECTOR('',#6782,1.);
#6782 = DIRECTION('',(-0.707106781187,0.707106781187,0.));
#6783 = ORIENTED_EDGE('',*,*,#6784,.F.);
#6784 = EDGE_CURVE('',#6785,#6777,#6787,.T.);
#6785 = VERTEX_POINT('',#6786);
#6786 = CARTESIAN_POINT('',(0.5925,-1.475,0.725));
#6787 = LINE('',#6788,#6789);
#6788 = CARTESIAN_POINT('',(0.5925,-1.475,0.725));
#6789 = VECTOR('',#6790,1.);
#6790 = DIRECTION('',(-1.,-1.110223024625E-16,0.));
#6791 = ORIENTED_EDGE('',*,*,#6792,.F.);
#6792 = EDGE_CURVE('',#6712,#6785,#6793,.T.);
#6793 = LINE('',#6794,#6795);
#6794 = CARTESIAN_POINT('',(0.675,-1.3925,0.725));
#6795 = VECTOR('',#6796,1.);
#6796 = DIRECTION('',(-0.707106781187,-0.707106781187,0.));
#6797 = ORIENTED_EDGE('',*,*,#6711,.F.);
#6798 = PLANE('',#6799);
#6799 = AXIS2_PLACEMENT_3D('',#6800,#6801,#6802);
#6800 = CARTESIAN_POINT('',(-1.486299604971E-16,1.4875,0.725));
#6801 = DIRECTION('',(1.022886882533E-31,-6.310887241768E-27,-1.));
#6802 = DIRECTION('',(1.,1.217738924546E-16,1.022886882525E-31));
#6803 = ADVANCED_FACE('',(#6804),#6873,.F.);
#6804 = FACE_BOUND('',#6805,.F.);
#6805 = EDGE_LOOP('',(#6806,#6807,#6808,#6816,#6825,#6833,#6841,#6849,
    #6858,#6866));
#6806 = ORIENTED_EDGE('',*,*,#6271,.F.);
#6807 = ORIENTED_EDGE('',*,*,#6311,.T.);
#6808 = ORIENTED_EDGE('',*,*,#6809,.T.);
#6809 = EDGE_CURVE('',#6304,#6810,#6812,.T.);
#6810 = VERTEX_POINT('',#6811);
#6811 = CARTESIAN_POINT('',(-0.843471632406,-1.15,0.206587955583));
#6812 = LINE('',#6813,#6814);
#6813 = CARTESIAN_POINT('',(-0.798480775301,-1.15,0.492364817767));
#6814 = VECTOR('',#6815,1.);
#6815 = DIRECTION('',(-0.155518033909,1.779496044609E-18,-0.987833053268
    ));
#6816 = ORIENTED_EDGE('',*,*,#6817,.T.);
#6817 = EDGE_CURVE('',#6810,#6818,#6820,.T.);
#6818 = VERTEX_POINT('',#6819);
#6819 = CARTESIAN_POINT('',(-1.089673570659,-1.15,5.551115123126E-17));
#6820 = CIRCLE('',#6821,0.25);
#6821 = AXIS2_PLACEMENT_3D('',#6822,#6823,#6824);
#6822 = CARTESIAN_POINT('',(-1.089673570659,-1.15,0.25));
#6823 = DIRECTION('',(1.144237745222E-17,1.,3.851859888774E-34));
#6824 = DIRECTION('',(0.984807753012,-1.126854202784E-17,-0.173648177667
    ));
#6825 = ORIENTED_EDGE('',*,*,#6826,.T.);
#6826 = EDGE_CURVE('',#6818,#6827,#6829,.T.);
#6827 = VERTEX_POINT('',#6828);
#6828 = CARTESIAN_POINT('',(-1.25,-1.15,5.551115123126E-17));
#6829 = LINE('',#6830,#6831);
#6830 = CARTESIAN_POINT('',(-1.089673570659,-1.15,5.551115123126E-17));
#6831 = VECTOR('',#6832,1.);
#6832 = DIRECTION('',(-1.,1.144237745222E-17,0.));
#6833 = ORIENTED_EDGE('',*,*,#6834,.T.);
#6834 = EDGE_CURVE('',#6827,#6835,#6837,.T.);
#6835 = VERTEX_POINT('',#6836);
#6836 = CARTESIAN_POINT('',(-1.25,-1.15,0.15));
#6837 = LINE('',#6838,#6839);
#6838 = CARTESIAN_POINT('',(-1.25,-1.15,5.551115123126E-17));
#6839 = VECTOR('',#6840,1.);
#6840 = DIRECTION('',(0.,0.,1.));
#6841 = ORIENTED_EDGE('',*,*,#6842,.T.);
#6842 = EDGE_CURVE('',#6835,#6843,#6845,.T.);
#6843 = VERTEX_POINT('',#6844);
#6844 = CARTESIAN_POINT('',(-1.089673570659,-1.15,0.15));
#6845 = LINE('',#6846,#6847);
#6846 = CARTESIAN_POINT('',(-1.25,-1.15,0.15));
#6847 = VECTOR('',#6848,1.);
#6848 = DIRECTION('',(1.,-1.144237745222E-17,0.));
#6849 = ORIENTED_EDGE('',*,*,#6850,.T.);
#6850 = EDGE_CURVE('',#6843,#6851,#6853,.T.);
#6851 = VERTEX_POINT('',#6852);
#6852 = CARTESIAN_POINT('',(-0.991192795358,-1.15,0.232635182233));
#6853 = CIRCLE('',#6854,0.1);
#6854 = AXIS2_PLACEMENT_3D('',#6855,#6856,#6857);
#6855 = CARTESIAN_POINT('',(-1.089673570659,-1.15,0.25));
#6856 = DIRECTION('',(-1.144237745222E-17,-1.,1.094764425254E-47));
#6857 = DIRECTION('',(-2.22044604925E-15,2.540718180781E-32,-1.));
#6858 = ORIENTED_EDGE('',*,*,#6859,.T.);
#6859 = EDGE_CURVE('',#6851,#6860,#6862,.T.);
#6860 = VERTEX_POINT('',#6861);
#6861 = CARTESIAN_POINT('',(-0.946201938253,-1.15,0.518412044417));
#6862 = LINE('',#6863,#6864);
#6863 = CARTESIAN_POINT('',(-0.991192795358,-1.15,0.232635182233));
#6864 = VECTOR('',#6865,1.);
#6865 = DIRECTION('',(0.155518033909,-1.779496044609E-18,0.987833053268)
  );
#6866 = ORIENTED_EDGE('',*,*,#6867,.T.);
#6867 = EDGE_CURVE('',#6860,#6272,#6868,.T.);
#6868 = CIRCLE('',#6869,0.25);
#6869 = AXIS2_PLACEMENT_3D('',#6870,#6871,#6872);
#6870 = CARTESIAN_POINT('',(-0.7,-1.15,0.475));
#6871 = DIRECTION('',(1.144237745222E-17,1.,0.));
#6872 = DIRECTION('',(-0.984807753012,1.126854202784E-17,0.173648177667)
  );
#6873 = PLANE('',#6874);
#6874 = AXIS2_PLACEMENT_3D('',#6875,#6876,#6877);
#6875 = CARTESIAN_POINT('',(-0.931323080229,-1.15,0.33452717391));
#6876 = DIRECTION('',(1.144237745222E-17,1.,0.));
#6877 = DIRECTION('',(0.,-0.,1.));
#6878 = ADVANCED_FACE('',(#6879),#6897,.F.);
#6879 = FACE_BOUND('',#6880,.F.);
#6880 = EDGE_LOOP('',(#6881,#6882,#6890,#6896));
#6881 = ORIENTED_EDGE('',*,*,#6303,.T.);
#6882 = ORIENTED_EDGE('',*,*,#6883,.T.);
#6883 = EDGE_CURVE('',#6295,#6884,#6886,.T.);
#6884 = VERTEX_POINT('',#6885);
#6885 = CARTESIAN_POINT('',(-0.843471632406,-0.75,0.206587955583));
#6886 = LINE('',#6887,#6888);
#6887 = CARTESIAN_POINT('',(-0.798480775301,-0.75,0.492364817767));
#6888 = VECTOR('',#6889,1.);
#6889 = DIRECTION('',(-0.155518033909,1.779496044609E-18,-0.987833053268
    ));
#6890 = ORIENTED_EDGE('',*,*,#6891,.F.);
#6891 = EDGE_CURVE('',#6810,#6884,#6892,.T.);
#6892 = LINE('',#6893,#6894);
#6893 = CARTESIAN_POINT('',(-0.843471632406,-1.15,0.206587955583));
#6894 = VECTOR('',#6895,1.);
#6895 = DIRECTION('',(1.144237745222E-17,1.,0.));
#6896 = ORIENTED_EDGE('',*,*,#6809,.F.);
#6897 = PLANE('',#6898);
#6898 = AXIS2_PLACEMENT_3D('',#6899,#6900,#6901);
#6899 = CARTESIAN_POINT('',(-0.798480775301,-1.15,0.492364817767));
#6900 = DIRECTION('',(-0.987833053268,1.130315865527E-17,0.155518033909)
  );
#6901 = DIRECTION('',(-0.155518033909,1.779496044609E-18,-0.987833053268
    ));
#6902 = ADVANCED_FACE('',(#6903),#6965,.T.);
#6903 = FACE_BOUND('',#6904,.T.);
#6904 = EDGE_LOOP('',(#6905,#6906,#6907,#6908,#6917,#6925,#6933,#6941,
    #6950,#6958));
#6905 = ORIENTED_EDGE('',*,*,#6326,.F.);
#6906 = ORIENTED_EDGE('',*,*,#6294,.T.);
#6907 = ORIENTED_EDGE('',*,*,#6883,.T.);
#6908 = ORIENTED_EDGE('',*,*,#6909,.T.);
#6909 = EDGE_CURVE('',#6884,#6910,#6912,.T.);
#6910 = VERTEX_POINT('',#6911);
#6911 = CARTESIAN_POINT('',(-1.089673570659,-0.75,5.551115123126E-17));
#6912 = CIRCLE('',#6913,0.25);
#6913 = AXIS2_PLACEMENT_3D('',#6914,#6915,#6916);
#6914 = CARTESIAN_POINT('',(-1.089673570659,-0.75,0.25));
#6915 = DIRECTION('',(1.144237745222E-17,1.,3.851859888774E-34));
#6916 = DIRECTION('',(0.984807753012,-1.126854202784E-17,-0.173648177667
    ));
#6917 = ORIENTED_EDGE('',*,*,#6918,.T.);
#6918 = EDGE_CURVE('',#6910,#6919,#6921,.T.);
#6919 = VERTEX_POINT('',#6920);
#6920 = CARTESIAN_POINT('',(-1.25,-0.75,5.551115123126E-17));
#6921 = LINE('',#6922,#6923);
#6922 = CARTESIAN_POINT('',(-1.089673570659,-0.75,5.551115123126E-17));
#6923 = VECTOR('',#6924,1.);
#6924 = DIRECTION('',(-1.,1.144237745222E-17,0.));
#6925 = ORIENTED_EDGE('',*,*,#6926,.T.);
#6926 = EDGE_CURVE('',#6919,#6927,#6929,.T.);
#6927 = VERTEX_POINT('',#6928);
#6928 = CARTESIAN_POINT('',(-1.25,-0.75,0.15));
#6929 = LINE('',#6930,#6931);
#6930 = CARTESIAN_POINT('',(-1.25,-0.75,5.551115123126E-17));
#6931 = VECTOR('',#6932,1.);
#6932 = DIRECTION('',(0.,0.,1.));
#6933 = ORIENTED_EDGE('',*,*,#6934,.T.);
#6934 = EDGE_CURVE('',#6927,#6935,#6937,.T.);
#6935 = VERTEX_POINT('',#6936);
#6936 = CARTESIAN_POINT('',(-1.089673570659,-0.75,0.15));
#6937 = LINE('',#6938,#6939);
#6938 = CARTESIAN_POINT('',(-1.25,-0.75,0.15));
#6939 = VECTOR('',#6940,1.);
#6940 = DIRECTION('',(1.,-1.144237745222E-17,0.));
#6941 = ORIENTED_EDGE('',*,*,#6942,.T.);
#6942 = EDGE_CURVE('',#6935,#6943,#6945,.T.);
#6943 = VERTEX_POINT('',#6944);
#6944 = CARTESIAN_POINT('',(-0.991192795358,-0.75,0.232635182233));
#6945 = CIRCLE('',#6946,0.1);
#6946 = AXIS2_PLACEMENT_3D('',#6947,#6948,#6949);
#6947 = CARTESIAN_POINT('',(-1.089673570659,-0.75,0.25));
#6948 = DIRECTION('',(-1.144237745222E-17,-1.,1.094764425254E-47));
#6949 = DIRECTION('',(-2.22044604925E-15,2.540718180781E-32,-1.));
#6950 = ORIENTED_EDGE('',*,*,#6951,.T.);
#6951 = EDGE_CURVE('',#6943,#6952,#6954,.T.);
#6952 = VERTEX_POINT('',#6953);
#6953 = CARTESIAN_POINT('',(-0.946201938253,-0.75,0.518412044417));
#6954 = LINE('',#6955,#6956);
#6955 = CARTESIAN_POINT('',(-0.991192795358,-0.75,0.232635182233));
#6956 = VECTOR('',#6957,1.);
#6957 = DIRECTION('',(0.155518033909,-1.779496044609E-18,0.987833053268)
  );
#6958 = ORIENTED_EDGE('',*,*,#6959,.T.);
#6959 = EDGE_CURVE('',#6952,#6327,#6960,.T.);
#6960 = CIRCLE('',#6961,0.25);
#6961 = AXIS2_PLACEMENT_3D('',#6962,#6963,#6964);
#6962 = CARTESIAN_POINT('',(-0.7,-0.75,0.475));
#6963 = DIRECTION('',(1.144237745222E-17,1.,0.));
#6964 = DIRECTION('',(-0.984807753012,1.126854202784E-17,0.173648177667)
  );
#6965 = PLANE('',#6966);
#6966 = AXIS2_PLACEMENT_3D('',#6967,#6968,#6969);
#6967 = CARTESIAN_POINT('',(-0.931323080229,-0.75,0.33452717391));
#6968 = DIRECTION('',(1.144237745222E-17,1.,0.));
#6969 = DIRECTION('',(0.,-0.,1.));
#6970 = ADVANCED_FACE('',(#6971),#6982,.F.);
#6971 = FACE_BOUND('',#6972,.F.);
#6972 = EDGE_LOOP('',(#6973,#6974,#6975,#6976));
#6973 = ORIENTED_EDGE('',*,*,#6343,.T.);
#6974 = ORIENTED_EDGE('',*,*,#6550,.T.);
#6975 = ORIENTED_EDGE('',*,*,#6597,.F.);
#6976 = ORIENTED_EDGE('',*,*,#6977,.F.);
#6977 = EDGE_CURVE('',#6327,#6590,#6978,.T.);
#6978 = LINE('',#6979,#6980);
#6979 = CARTESIAN_POINT('',(-0.7,-0.75,0.725));
#6980 = VECTOR('',#6981,1.);
#6981 = DIRECTION('',(1.,-1.144237745222E-17,0.));
#6982 = PLANE('',#6983);
#6983 = AXIS2_PLACEMENT_3D('',#6984,#6985,#6986);
#6984 = CARTESIAN_POINT('',(-1.486299604971E-16,1.4875,0.725));
#6985 = DIRECTION('',(1.022886882533E-31,-6.310887241768E-27,-1.));
#6986 = DIRECTION('',(1.,1.217738924546E-16,1.022886882525E-31));
#6987 = ADVANCED_FACE('',(#6988),#7057,.F.);
#6988 = FACE_BOUND('',#6989,.F.);
#6989 = EDGE_LOOP('',(#6990,#6991,#6992,#7000,#7009,#7017,#7025,#7033,
    #7042,#7050));
#6990 = ORIENTED_EDGE('',*,*,#6335,.F.);
#6991 = ORIENTED_EDGE('',*,*,#6375,.T.);
#6992 = ORIENTED_EDGE('',*,*,#6993,.T.);
#6993 = EDGE_CURVE('',#6368,#6994,#6996,.T.);
#6994 = VERTEX_POINT('',#6995);
#6995 = CARTESIAN_POINT('',(-0.843471632406,0.75,0.206587955583));
#6996 = LINE('',#6997,#6998);
#6997 = CARTESIAN_POINT('',(-0.798480775301,0.75,0.492364817767));
#6998 = VECTOR('',#6999,1.);
#6999 = DIRECTION('',(-0.155518033909,1.779496044609E-18,-0.987833053268
    ));
#7000 = ORIENTED_EDGE('',*,*,#7001,.T.);
#7001 = EDGE_CURVE('',#6994,#7002,#7004,.T.);
#7002 = VERTEX_POINT('',#7003);
#7003 = CARTESIAN_POINT('',(-1.089673570659,0.75,5.551115123126E-17));
#7004 = CIRCLE('',#7005,0.25);
#7005 = AXIS2_PLACEMENT_3D('',#7006,#7007,#7008);
#7006 = CARTESIAN_POINT('',(-1.089673570659,0.75,0.25));
#7007 = DIRECTION('',(1.144237745222E-17,1.,3.851859888774E-34));
#7008 = DIRECTION('',(0.984807753012,-1.126854202784E-17,-0.173648177667
    ));
#7009 = ORIENTED_EDGE('',*,*,#7010,.T.);
#7010 = EDGE_CURVE('',#7002,#7011,#7013,.T.);
#7011 = VERTEX_POINT('',#7012);
#7012 = CARTESIAN_POINT('',(-1.25,0.75,5.551115123126E-17));
#7013 = LINE('',#7014,#7015);
#7014 = CARTESIAN_POINT('',(-1.089673570659,0.75,5.551115123126E-17));
#7015 = VECTOR('',#7016,1.);
#7016 = DIRECTION('',(-1.,1.144237745222E-17,0.));
#7017 = ORIENTED_EDGE('',*,*,#7018,.T.);
#7018 = EDGE_CURVE('',#7011,#7019,#7021,.T.);
#7019 = VERTEX_POINT('',#7020);
#7020 = CARTESIAN_POINT('',(-1.25,0.75,0.15));
#7021 = LINE('',#7022,#7023);
#7022 = CARTESIAN_POINT('',(-1.25,0.75,5.551115123126E-17));
#7023 = VECTOR('',#7024,1.);
#7024 = DIRECTION('',(0.,0.,1.));
#7025 = ORIENTED_EDGE('',*,*,#7026,.T.);
#7026 = EDGE_CURVE('',#7019,#7027,#7029,.T.);
#7027 = VERTEX_POINT('',#7028);
#7028 = CARTESIAN_POINT('',(-1.089673570659,0.75,0.15));
#7029 = LINE('',#7030,#7031);
#7030 = CARTESIAN_POINT('',(-1.25,0.75,0.15));
#7031 = VECTOR('',#7032,1.);
#7032 = DIRECTION('',(1.,-1.144237745222E-17,0.));
#7033 = ORIENTED_EDGE('',*,*,#7034,.T.);
#7034 = EDGE_CURVE('',#7027,#7035,#7037,.T.);
#7035 = VERTEX_POINT('',#7036);
#7036 = CARTESIAN_POINT('',(-0.991192795358,0.75,0.232635182233));
#7037 = CIRCLE('',#7038,0.1);
#7038 = AXIS2_PLACEMENT_3D('',#7039,#7040,#7041);
#7039 = CARTESIAN_POINT('',(-1.089673570659,0.75,0.25));
#7040 = DIRECTION('',(-1.144237745222E-17,-1.,1.094764425254E-47));
#7041 = DIRECTION('',(-2.22044604925E-15,2.540718180781E-32,-1.));
#7042 = ORIENTED_EDGE('',*,*,#7043,.T.);
#7043 = EDGE_CURVE('',#7035,#7044,#7046,.T.);
#7044 = VERTEX_POINT('',#7045);
#7045 = CARTESIAN_POINT('',(-0.946201938253,0.75,0.518412044417));
#7046 = LINE('',#7047,#7048);
#7047 = CARTESIAN_POINT('',(-0.991192795358,0.75,0.232635182233));
#7048 = VECTOR('',#7049,1.);
#7049 = DIRECTION('',(0.155518033909,-1.779496044609E-18,0.987833053268)
  );
#7050 = ORIENTED_EDGE('',*,*,#7051,.T.);
#7051 = EDGE_CURVE('',#7044,#6336,#7052,.T.);
#7052 = CIRCLE('',#7053,0.25);
#7053 = AXIS2_PLACEMENT_3D('',#7054,#7055,#7056);
#7054 = CARTESIAN_POINT('',(-0.7,0.75,0.475));
#7055 = DIRECTION('',(1.144237745222E-17,1.,0.));
#7056 = DIRECTION('',(-0.984807753012,1.126854202784E-17,0.173648177667)
  );
#7057 = PLANE('',#7058);
#7058 = AXIS2_PLACEMENT_3D('',#7059,#7060,#7061);
#7059 = CARTESIAN_POINT('',(-0.931323080229,0.75,0.33452717391));
#7060 = DIRECTION('',(1.144237745222E-17,1.,0.));
#7061 = DIRECTION('',(0.,-0.,1.));
#7062 = ADVANCED_FACE('',(#7063),#7081,.F.);
#7063 = FACE_BOUND('',#7064,.F.);
#7064 = EDGE_LOOP('',(#7065,#7066,#7074,#7080));
#7065 = ORIENTED_EDGE('',*,*,#6367,.T.);
#7066 = ORIENTED_EDGE('',*,*,#7067,.T.);
#7067 = EDGE_CURVE('',#6359,#7068,#7070,.T.);
#7068 = VERTEX_POINT('',#7069);
#7069 = CARTESIAN_POINT('',(-0.843471632406,1.15,0.206587955583));
#7070 = LINE('',#7071,#7072);
#7071 = CARTESIAN_POINT('',(-0.798480775301,1.15,0.492364817767));
#7072 = VECTOR('',#7073,1.);
#7073 = DIRECTION('',(-0.155518033909,1.779496044609E-18,-0.987833053268
    ));
#7074 = ORIENTED_EDGE('',*,*,#7075,.F.);
#7075 = EDGE_CURVE('',#6994,#7068,#7076,.T.);
#7076 = LINE('',#7077,#7078);
#7077 = CARTESIAN_POINT('',(-0.843471632406,0.75,0.206587955583));
#7078 = VECTOR('',#7079,1.);
#7079 = DIRECTION('',(1.144237745222E-17,1.,0.));
#7080 = ORIENTED_EDGE('',*,*,#6993,.F.);
#7081 = PLANE('',#7082);
#7082 = AXIS2_PLACEMENT_3D('',#7083,#7084,#7085);
#7083 = CARTESIAN_POINT('',(-0.798480775301,0.75,0.492364817767));
#7084 = DIRECTION('',(-0.987833053268,1.130315865527E-17,0.155518033909)
  );
#7085 = DIRECTION('',(-0.155518033909,1.779496044609E-18,-0.987833053268
    ));
#7086 = ADVANCED_FACE('',(#7087),#7149,.T.);
#7087 = FACE_BOUND('',#7088,.T.);
#7088 = EDGE_LOOP('',(#7089,#7090,#7091,#7092,#7101,#7109,#7117,#7125,
    #7134,#7142));
#7089 = ORIENTED_EDGE('',*,*,#6390,.F.);
#7090 = ORIENTED_EDGE('',*,*,#6358,.T.);
#7091 = ORIENTED_EDGE('',*,*,#7067,.T.);
#7092 = ORIENTED_EDGE('',*,*,#7093,.T.);
#7093 = EDGE_CURVE('',#7068,#7094,#7096,.T.);
#7094 = VERTEX_POINT('',#7095);
#7095 = CARTESIAN_POINT('',(-1.089673570659,1.15,5.551115123126E-17));
#7096 = CIRCLE('',#7097,0.25);
#7097 = AXIS2_PLACEMENT_3D('',#7098,#7099,#7100);
#7098 = CARTESIAN_POINT('',(-1.089673570659,1.15,0.25));
#7099 = DIRECTION('',(1.144237745222E-17,1.,3.851859888774E-34));
#7100 = DIRECTION('',(0.984807753012,-1.126854202784E-17,-0.173648177667
    ));
#7101 = ORIENTED_EDGE('',*,*,#7102,.T.);
#7102 = EDGE_CURVE('',#7094,#7103,#7105,.T.);
#7103 = VERTEX_POINT('',#7104);
#7104 = CARTESIAN_POINT('',(-1.25,1.15,5.551115123126E-17));
#7105 = LINE('',#7106,#7107);
#7106 = CARTESIAN_POINT('',(-1.089673570659,1.15,5.551115123126E-17));
#7107 = VECTOR('',#7108,1.);
#7108 = DIRECTION('',(-1.,1.144237745222E-17,0.));
#7109 = ORIENTED_EDGE('',*,*,#7110,.T.);
#7110 = EDGE_CURVE('',#7103,#7111,#7113,.T.);
#7111 = VERTEX_POINT('',#7112);
#7112 = CARTESIAN_POINT('',(-1.25,1.15,0.15));
#7113 = LINE('',#7114,#7115);
#7114 = CARTESIAN_POINT('',(-1.25,1.15,5.551115123126E-17));
#7115 = VECTOR('',#7116,1.);
#7116 = DIRECTION('',(0.,0.,1.));
#7117 = ORIENTED_EDGE('',*,*,#7118,.T.);
#7118 = EDGE_CURVE('',#7111,#7119,#7121,.T.);
#7119 = VERTEX_POINT('',#7120);
#7120 = CARTESIAN_POINT('',(-1.089673570659,1.15,0.15));
#7121 = LINE('',#7122,#7123);
#7122 = CARTESIAN_POINT('',(-1.25,1.15,0.15));
#7123 = VECTOR('',#7124,1.);
#7124 = DIRECTION('',(1.,-1.144237745222E-17,0.));
#7125 = ORIENTED_EDGE('',*,*,#7126,.T.);
#7126 = EDGE_CURVE('',#7119,#7127,#7129,.T.);
#7127 = VERTEX_POINT('',#7128);
#7128 = CARTESIAN_POINT('',(-0.991192795358,1.15,0.232635182233));
#7129 = CIRCLE('',#7130,0.1);
#7130 = AXIS2_PLACEMENT_3D('',#7131,#7132,#7133);
#7131 = CARTESIAN_POINT('',(-1.089673570659,1.15,0.25));
#7132 = DIRECTION('',(-1.144237745222E-17,-1.,1.094764425254E-47));
#7133 = DIRECTION('',(-2.22044604925E-15,2.540718180781E-32,-1.));
#7134 = ORIENTED_EDGE('',*,*,#7135,.T.);
#7135 = EDGE_CURVE('',#7127,#7136,#7138,.T.);
#7136 = VERTEX_POINT('',#7137);
#7137 = CARTESIAN_POINT('',(-0.946201938253,1.15,0.518412044417));
#7138 = LINE('',#7139,#7140);
#7139 = CARTESIAN_POINT('',(-0.991192795358,1.15,0.232635182233));
#7140 = VECTOR('',#7141,1.);
#7141 = DIRECTION('',(0.155518033909,-1.779496044609E-18,0.987833053268)
  );
#7142 = ORIENTED_EDGE('',*,*,#7143,.T.);
#7143 = EDGE_CURVE('',#7136,#6226,#7144,.T.);
#7144 = CIRCLE('',#7145,0.25);
#7145 = AXIS2_PLACEMENT_3D('',#7146,#7147,#7148);
#7146 = CARTESIAN_POINT('',(-0.7,1.15,0.475));
#7147 = DIRECTION('',(1.144237745222E-17,1.,0.));
#7148 = DIRECTION('',(-0.984807753012,1.126854202784E-17,0.173648177667)
  );
#7149 = PLANE('',#7150);
#7150 = AXIS2_PLACEMENT_3D('',#7151,#7152,#7153);
#7151 = CARTESIAN_POINT('',(-0.931323080229,1.15,0.33452717391));
#7152 = DIRECTION('',(1.144237745222E-17,1.,0.));
#7153 = DIRECTION('',(0.,-0.,1.));
#7154 = ADVANCED_FACE('',(#7155),#7224,.F.);
#7155 = FACE_BOUND('',#7156,.F.);
#7156 = EDGE_LOOP('',(#7157,#7158,#7159,#7167,#7176,#7184,#7192,#7200,
    #7209,#7217));
#7157 = ORIENTED_EDGE('',*,*,#6409,.F.);
#7158 = ORIENTED_EDGE('',*,*,#6442,.T.);
#7159 = ORIENTED_EDGE('',*,*,#7160,.T.);
#7160 = EDGE_CURVE('',#6435,#7161,#7163,.T.);
#7161 = VERTEX_POINT('',#7162);
#7162 = CARTESIAN_POINT('',(0.843471632406,0.2,0.206587955583));
#7163 = LINE('',#7164,#7165);
#7164 = CARTESIAN_POINT('',(0.798480775301,0.2,0.492364817767));
#7165 = VECTOR('',#7166,1.);
#7166 = DIRECTION('',(0.155518033909,1.726597019897E-17,-0.987833053268)
  );
#7167 = ORIENTED_EDGE('',*,*,#7168,.T.);
#7168 = EDGE_CURVE('',#7161,#7169,#7171,.T.);
#7169 = VERTEX_POINT('',#7170);
#7170 = CARTESIAN_POINT('',(1.089673570659,0.2,5.551115123126E-17));
#7171 = CIRCLE('',#7172,0.25);
#7172 = AXIS2_PLACEMENT_3D('',#7173,#7174,#7175);
#7173 = CARTESIAN_POINT('',(1.089673570659,0.2,0.25));
#7174 = DIRECTION('',(1.110223024625E-16,-1.,0.));
#7175 = DIRECTION('',(-0.984807753012,-1.093356242223E-16,
    -0.173648177667));
#7176 = ORIENTED_EDGE('',*,*,#7177,.T.);
#7177 = EDGE_CURVE('',#7169,#7178,#7180,.T.);
#7178 = VERTEX_POINT('',#7179);
#7179 = CARTESIAN_POINT('',(1.25,0.2,5.551115123126E-17));
#7180 = LINE('',#7181,#7182);
#7181 = CARTESIAN_POINT('',(1.089673570659,0.2,5.551115123126E-17));
#7182 = VECTOR('',#7183,1.);
#7183 = DIRECTION('',(1.,1.110223024625E-16,0.));
#7184 = ORIENTED_EDGE('',*,*,#7185,.T.);
#7185 = EDGE_CURVE('',#7178,#7186,#7188,.T.);
#7186 = VERTEX_POINT('',#7187);
#7187 = CARTESIAN_POINT('',(1.25,0.2,0.15));
#7188 = LINE('',#7189,#7190);
#7189 = CARTESIAN_POINT('',(1.25,0.2,5.551115123126E-17));
#7190 = VECTOR('',#7191,1.);
#7191 = DIRECTION('',(0.,0.,1.));
#7192 = ORIENTED_EDGE('',*,*,#7193,.T.);
#7193 = EDGE_CURVE('',#7186,#7194,#7196,.T.);
#7194 = VERTEX_POINT('',#7195);
#7195 = CARTESIAN_POINT('',(1.089673570659,0.2,0.15));
#7196 = LINE('',#7197,#7198);
#7197 = CARTESIAN_POINT('',(1.25,0.2,0.15));
#7198 = VECTOR('',#7199,1.);
#7199 = DIRECTION('',(-1.,-1.110223024625E-16,0.));
#7200 = ORIENTED_EDGE('',*,*,#7201,.T.);
#7201 = EDGE_CURVE('',#7194,#7202,#7204,.T.);
#7202 = VERTEX_POINT('',#7203);
#7203 = CARTESIAN_POINT('',(0.991192795358,0.2,0.232635182233));
#7204 = CIRCLE('',#7205,0.1);
#7205 = AXIS2_PLACEMENT_3D('',#7206,#7207,#7208);
#7206 = CARTESIAN_POINT('',(1.089673570659,0.2,0.25));
#7207 = DIRECTION('',(-1.110223024625E-16,1.,0.));
#7208 = DIRECTION('',(2.22044604925E-15,2.465190328815E-31,-1.));
#7209 = ORIENTED_EDGE('',*,*,#7210,.T.);
#7210 = EDGE_CURVE('',#7202,#7211,#7213,.T.);
#7211 = VERTEX_POINT('',#7212);
#7212 = CARTESIAN_POINT('',(0.946201938253,0.2,0.518412044417));
#7213 = LINE('',#7214,#7215);
#7214 = CARTESIAN_POINT('',(0.991192795358,0.2,0.232635182233));
#7215 = VECTOR('',#7216,1.);
#7216 = DIRECTION('',(-0.155518033909,-1.726597019897E-17,0.987833053268
    ));
#7217 = ORIENTED_EDGE('',*,*,#7218,.T.);
#7218 = EDGE_CURVE('',#7211,#6170,#7219,.T.);
#7219 = CIRCLE('',#7220,0.25);
#7220 = AXIS2_PLACEMENT_3D('',#7221,#7222,#7223);
#7221 = CARTESIAN_POINT('',(0.7,0.2,0.475));
#7222 = DIRECTION('',(1.110223024625E-16,-1.,0.));
#7223 = DIRECTION('',(0.984807753012,1.093356242223E-16,0.173648177667)
  );
#7224 = PLANE('',#7225);
#7225 = AXIS2_PLACEMENT_3D('',#7226,#7227,#7228);
#7226 = CARTESIAN_POINT('',(0.931323080229,0.2,0.33452717391));
#7227 = DIRECTION('',(1.110223024625E-16,-1.,0.));
#7228 = DIRECTION('',(0.,0.,1.));
#7229 = ADVANCED_FACE('',(#7230),#7248,.F.);
#7230 = FACE_BOUND('',#7231,.F.);
#7231 = EDGE_LOOP('',(#7232,#7233,#7241,#7247));
#7232 = ORIENTED_EDGE('',*,*,#6434,.T.);
#7233 = ORIENTED_EDGE('',*,*,#7234,.T.);
#7234 = EDGE_CURVE('',#6426,#7235,#7237,.T.);
#7235 = VERTEX_POINT('',#7236);
#7236 = CARTESIAN_POINT('',(0.843471632406,-0.2,0.206587955583));
#7237 = LINE('',#7238,#7239);
#7238 = CARTESIAN_POINT('',(0.798480775301,-0.2,0.492364817767));
#7239 = VECTOR('',#7240,1.);
#7240 = DIRECTION('',(0.155518033909,1.726597019897E-17,-0.987833053268)
  );
#7241 = ORIENTED_EDGE('',*,*,#7242,.F.);
#7242 = EDGE_CURVE('',#7161,#7235,#7243,.T.);
#7243 = LINE('',#7244,#7245);
#7244 = CARTESIAN_POINT('',(0.843471632406,0.2,0.206587955583));
#7245 = VECTOR('',#7246,1.);
#7246 = DIRECTION('',(1.110223024625E-16,-1.,0.));
#7247 = ORIENTED_EDGE('',*,*,#7160,.F.);
#7248 = PLANE('',#7249);
#7249 = AXIS2_PLACEMENT_3D('',#7250,#7251,#7252);
#7250 = CARTESIAN_POINT('',(0.798480775301,0.2,0.492364817767));
#7251 = DIRECTION('',(0.987833053268,1.096715000224E-16,0.155518033909)
  );
#7252 = DIRECTION('',(0.155518033909,1.726597019897E-17,-0.987833053268)
  );
#7253 = ADVANCED_FACE('',(#7254),#7316,.T.);
#7254 = FACE_BOUND('',#7255,.T.);
#7255 = EDGE_LOOP('',(#7256,#7257,#7258,#7259,#7268,#7276,#7284,#7292,
    #7301,#7309));
#7256 = ORIENTED_EDGE('',*,*,#6457,.F.);
#7257 = ORIENTED_EDGE('',*,*,#6425,.T.);
#7258 = ORIENTED_EDGE('',*,*,#7234,.T.);
#7259 = ORIENTED_EDGE('',*,*,#7260,.T.);
#7260 = EDGE_CURVE('',#7235,#7261,#7263,.T.);
#7261 = VERTEX_POINT('',#7262);
#7262 = CARTESIAN_POINT('',(1.089673570659,-0.2,5.551115123126E-17));
#7263 = CIRCLE('',#7264,0.25);
#7264 = AXIS2_PLACEMENT_3D('',#7265,#7266,#7267);
#7265 = CARTESIAN_POINT('',(1.089673570659,-0.2,0.25));
#7266 = DIRECTION('',(1.110223024625E-16,-1.,0.));
#7267 = DIRECTION('',(-0.984807753012,-1.093356242223E-16,
    -0.173648177667));
#7268 = ORIENTED_EDGE('',*,*,#7269,.T.);
#7269 = EDGE_CURVE('',#7261,#7270,#7272,.T.);
#7270 = VERTEX_POINT('',#7271);
#7271 = CARTESIAN_POINT('',(1.25,-0.2,5.551115123126E-17));
#7272 = LINE('',#7273,#7274);
#7273 = CARTESIAN_POINT('',(1.089673570659,-0.2,5.551115123126E-17));
#7274 = VECTOR('',#7275,1.);
#7275 = DIRECTION('',(1.,1.110223024625E-16,0.));
#7276 = ORIENTED_EDGE('',*,*,#7277,.T.);
#7277 = EDGE_CURVE('',#7270,#7278,#7280,.T.);
#7278 = VERTEX_POINT('',#7279);
#7279 = CARTESIAN_POINT('',(1.25,-0.2,0.15));
#7280 = LINE('',#7281,#7282);
#7281 = CARTESIAN_POINT('',(1.25,-0.2,5.551115123126E-17));
#7282 = VECTOR('',#7283,1.);
#7283 = DIRECTION('',(0.,0.,1.));
#7284 = ORIENTED_EDGE('',*,*,#7285,.T.);
#7285 = EDGE_CURVE('',#7278,#7286,#7288,.T.);
#7286 = VERTEX_POINT('',#7287);
#7287 = CARTESIAN_POINT('',(1.089673570659,-0.2,0.15));
#7288 = LINE('',#7289,#7290);
#7289 = CARTESIAN_POINT('',(1.25,-0.2,0.15));
#7290 = VECTOR('',#7291,1.);
#7291 = DIRECTION('',(-1.,-1.110223024625E-16,0.));
#7292 = ORIENTED_EDGE('',*,*,#7293,.T.);
#7293 = EDGE_CURVE('',#7286,#7294,#7296,.T.);
#7294 = VERTEX_POINT('',#7295);
#7295 = CARTESIAN_POINT('',(0.991192795358,-0.2,0.232635182233));
#7296 = CIRCLE('',#7297,0.1);
#7297 = AXIS2_PLACEMENT_3D('',#7298,#7299,#7300);
#7298 = CARTESIAN_POINT('',(1.089673570659,-0.2,0.25));
#7299 = DIRECTION('',(-1.110223024625E-16,1.,0.));
#7300 = DIRECTION('',(2.22044604925E-15,2.465190328815E-31,-1.));
#7301 = ORIENTED_EDGE('',*,*,#7302,.T.);
#7302 = EDGE_CURVE('',#7294,#7303,#7305,.T.);
#7303 = VERTEX_POINT('',#7304);
#7304 = CARTESIAN_POINT('',(0.946201938253,-0.2,0.518412044417));
#7305 = LINE('',#7306,#7307);
#7306 = CARTESIAN_POINT('',(0.991192795358,-0.2,0.232635182233));
#7307 = VECTOR('',#7308,1.);
#7308 = DIRECTION('',(-0.155518033909,-1.726597019897E-17,0.987833053268
    ));
#7309 = ORIENTED_EDGE('',*,*,#7310,.T.);
#7310 = EDGE_CURVE('',#7303,#6458,#7311,.T.);
#7311 = CIRCLE('',#7312,0.25);
#7312 = AXIS2_PLACEMENT_3D('',#7313,#7314,#7315);
#7313 = CARTESIAN_POINT('',(0.7,-0.2,0.475));
#7314 = DIRECTION('',(1.110223024625E-16,-1.,0.));
#7315 = DIRECTION('',(0.984807753012,1.093356242223E-16,0.173648177667)
  );
#7316 = PLANE('',#7317);
#7317 = AXIS2_PLACEMENT_3D('',#7318,#7319,#7320);
#7318 = CARTESIAN_POINT('',(0.931323080229,-0.2,0.33452717391));
#7319 = DIRECTION('',(1.110223024625E-16,-1.,0.));
#7320 = DIRECTION('',(0.,0.,1.));
#7321 = ADVANCED_FACE('',(#7322),#7333,.T.);
#7322 = FACE_BOUND('',#7323,.T.);
#7323 = EDGE_LOOP('',(#7324,#7325,#7326,#7327));
#7324 = ORIENTED_EDGE('',*,*,#7051,.T.);
#7325 = ORIENTED_EDGE('',*,*,#6558,.T.);
#7326 = ORIENTED_EDGE('',*,*,#7143,.F.);
#7327 = ORIENTED_EDGE('',*,*,#7328,.F.);
#7328 = EDGE_CURVE('',#7044,#7136,#7329,.T.);
#7329 = LINE('',#7330,#7331);
#7330 = CARTESIAN_POINT('',(-0.946201938253,0.75,0.518412044417));
#7331 = VECTOR('',#7332,1.);
#7332 = DIRECTION('',(1.144237745222E-17,1.,0.));
#7333 = CYLINDRICAL_SURFACE('',#7334,0.25);
#7334 = AXIS2_PLACEMENT_3D('',#7335,#7336,#7337);
#7335 = CARTESIAN_POINT('',(-0.7,0.75,0.475));
#7336 = DIRECTION('',(-1.144237745222E-17,-1.,0.));
#7337 = DIRECTION('',(-0.984807753012,1.126854202784E-17,0.173648177667)
  );
#7338 = ADVANCED_FACE('',(#7339),#7350,.F.);
#7339 = FACE_BOUND('',#7340,.F.);
#7340 = EDGE_LOOP('',(#7341,#7342,#7348,#7349));
#7341 = ORIENTED_EDGE('',*,*,#6769,.F.);
#7342 = ORIENTED_EDGE('',*,*,#7343,.T.);
#7343 = EDGE_CURVE('',#6272,#6327,#7344,.T.);
#7344 = LINE('',#7345,#7346);
#7345 = CARTESIAN_POINT('',(-0.7,-1.15,0.725));
#7346 = VECTOR('',#7347,1.);
#7347 = DIRECTION('',(1.144237745222E-17,1.,0.));
#7348 = ORIENTED_EDGE('',*,*,#6977,.T.);
#7349 = ORIENTED_EDGE('',*,*,#6589,.F.);
#7350 = PLANE('',#7351);
#7351 = AXIS2_PLACEMENT_3D('',#7352,#7353,#7354);
#7352 = CARTESIAN_POINT('',(-0.7,-1.15,0.725));
#7353 = DIRECTION('',(0.,0.,-1.));
#7354 = DIRECTION('',(1.,-1.144237745222E-17,0.));
#7355 = ADVANCED_FACE('',(#7356,#7385),#7396,.T.);
#7356 = FACE_BOUND('',#7357,.T.);
#7357 = EDGE_LOOP('',(#7358,#7359,#7360,#7361,#7369,#7377,#7383,#7384));
#7358 = ORIENTED_EDGE('',*,*,#6664,.F.);
#7359 = ORIENTED_EDGE('',*,*,#6641,.F.);
#7360 = ORIENTED_EDGE('',*,*,#6612,.F.);
#7361 = ORIENTED_EDGE('',*,*,#7362,.F.);
#7362 = EDGE_CURVE('',#7363,#6613,#7365,.T.);
#7363 = VERTEX_POINT('',#7364);
#7364 = CARTESIAN_POINT('',(-0.559121551758,-1.408243103516,1.2));
#7365 = LINE('',#7366,#7367);
#7366 = CARTESIAN_POINT('',(-0.559121551758,-1.408243103516,1.2));
#7367 = VECTOR('',#7368,1.);
#7368 = DIRECTION('',(-0.707106781187,0.707106781187,0.));
#7369 = ORIENTED_EDGE('',*,*,#7370,.F.);
#7370 = EDGE_CURVE('',#7371,#7363,#7373,.T.);
#7371 = VERTEX_POINT('',#7372);
#7372 = CARTESIAN_POINT('',(0.559121551758,-1.408243103516,1.2));
#7373 = LINE('',#7374,#7375);
#7374 = CARTESIAN_POINT('',(0.559121551758,-1.408243103516,1.2));
#7375 = VECTOR('',#7376,1.);
#7376 = DIRECTION('',(-1.,-1.110223024625E-16,0.));
#7377 = ORIENTED_EDGE('',*,*,#7378,.F.);
#7378 = EDGE_CURVE('',#6720,#7371,#7379,.T.);
#7379 = LINE('',#7380,#7381);
#7380 = CARTESIAN_POINT('',(0.608243103516,-1.359121551758,1.2));
#7381 = VECTOR('',#7382,1.);
#7382 = DIRECTION('',(-0.707106781187,-0.707106781187,0.));
#7383 = ORIENTED_EDGE('',*,*,#6726,.F.);
#7384 = ORIENTED_EDGE('',*,*,#6687,.F.);
#7385 = FACE_BOUND('',#7386,.T.);
#7386 = EDGE_LOOP('',(#7387));
#7387 = ORIENTED_EDGE('',*,*,#7388,.T.);
#7388 = EDGE_CURVE('',#7389,#7389,#7391,.T.);
#7389 = VERTEX_POINT('',#7390);
#7390 = CARTESIAN_POINT('',(-0.428243103516,1.178243103516,1.2));
#7391 = CIRCLE('',#7392,5.E-02);
#7392 = AXIS2_PLACEMENT_3D('',#7393,#7394,#7395);
#7393 = CARTESIAN_POINT('',(-0.428243103516,1.228243103516,1.2));
#7394 = DIRECTION('',(0.,-0.,-1.));
#7395 = DIRECTION('',(1.110223024625E-16,-1.,0.));
#7396 = PLANE('',#7397);
#7397 = AXIS2_PLACEMENT_3D('',#7398,#7399,#7400);
#7398 = CARTESIAN_POINT('',(-0.559121551758,1.408243103516,1.2));
#7399 = DIRECTION('',(0.,0.,1.));
#7400 = DIRECTION('',(0.369013679242,-0.929423963825,0.));
#7401 = ADVANCED_FACE('',(#7402),#7412,.F.);
#7402 = FACE_BOUND('',#7403,.F.);
#7403 = EDGE_LOOP('',(#7404,#7405,#7406,#7407));
#7404 = ORIENTED_EDGE('',*,*,#6776,.T.);
#7405 = ORIENTED_EDGE('',*,*,#6620,.T.);
#7406 = ORIENTED_EDGE('',*,*,#7362,.F.);
#7407 = ORIENTED_EDGE('',*,*,#7408,.F.);
#7408 = EDGE_CURVE('',#6777,#7363,#7409,.T.);
#7409 = B_SPLINE_CURVE_WITH_KNOTS('',1,(#7410,#7411),.UNSPECIFIED.,.F.,
  .F.,(2,2),(0.,1.),.PIECEWISE_BEZIER_KNOTS.);
#7410 = CARTESIAN_POINT('',(-0.5925,-1.475,0.725));
#7411 = CARTESIAN_POINT('',(-0.559121551758,-1.408243103516,1.2));
#7412 = B_SPLINE_SURFACE_WITH_KNOTS('',1,1,(
    (#7413,#7414)
    ,(#7415,#7416
    )),.UNSPECIFIED.,.F.,.F.,.F.,(2,2),(2,2),(0.,0.116672618896),(0.,1.)
  ,.PIECEWISE_BEZIER_KNOTS.);
#7413 = CARTESIAN_POINT('',(-0.5925,-1.475,0.725));
#7414 = CARTESIAN_POINT('',(-0.559121551758,-1.408243103516,1.2));
#7415 = CARTESIAN_POINT('',(-0.675,-1.3925,0.725));
#7416 = CARTESIAN_POINT('',(-0.608243103516,-1.359121551758,1.2));
#7417 = ADVANCED_FACE('',(#7418),#7428,.F.);
#7418 = FACE_BOUND('',#7419,.F.);
#7419 = EDGE_LOOP('',(#7420,#7421,#7426,#7427));
#7420 = ORIENTED_EDGE('',*,*,#6792,.T.);
#7421 = ORIENTED_EDGE('',*,*,#7422,.T.);
#7422 = EDGE_CURVE('',#6785,#7371,#7423,.T.);
#7423 = B_SPLINE_CURVE_WITH_KNOTS('',1,(#7424,#7425),.UNSPECIFIED.,.F.,
  .F.,(2,2),(0.,1.),.PIECEWISE_BEZIER_KNOTS.);
#7424 = CARTESIAN_POINT('',(0.5925,-1.475,0.725));
#7425 = CARTESIAN_POINT('',(0.559121551758,-1.408243103516,1.2));
#7426 = ORIENTED_EDGE('',*,*,#7378,.F.);
#7427 = ORIENTED_EDGE('',*,*,#6719,.F.);
#7428 = B_SPLINE_SURFACE_WITH_KNOTS('',1,1,(
    (#7429,#7430)
    ,(#7431,#7432
    )),.UNSPECIFIED.,.F.,.F.,.F.,(2,2),(2,2),(0.,0.116672618896),(0.,1.)
  ,.PIECEWISE_BEZIER_KNOTS.);
#7429 = CARTESIAN_POINT('',(0.675,-1.3925,0.725));
#7430 = CARTESIAN_POINT('',(0.608243103516,-1.359121551758,1.2));
#7431 = CARTESIAN_POINT('',(0.5925,-1.475,0.725));
#7432 = CARTESIAN_POINT('',(0.559121551758,-1.408243103516,1.2));
#7433 = ADVANCED_FACE('',(#7434),#7445,.T.);
#7434 = FACE_BOUND('',#7435,.T.);
#7435 = EDGE_LOOP('',(#7436,#7437,#7438,#7439));
#7436 = ORIENTED_EDGE('',*,*,#7218,.T.);
#7437 = ORIENTED_EDGE('',*,*,#6742,.T.);
#7438 = ORIENTED_EDGE('',*,*,#7310,.F.);
#7439 = ORIENTED_EDGE('',*,*,#7440,.F.);
#7440 = EDGE_CURVE('',#7211,#7303,#7441,.T.);
#7441 = LINE('',#7442,#7443);
#7442 = CARTESIAN_POINT('',(0.946201938253,0.2,0.518412044417));
#7443 = VECTOR('',#7444,1.);
#7444 = DIRECTION('',(1.110223024625E-16,-1.,0.));
#7445 = CYLINDRICAL_SURFACE('',#7446,0.25);
#7446 = AXIS2_PLACEMENT_3D('',#7447,#7448,#7449);
#7447 = CARTESIAN_POINT('',(0.7,0.2,0.475));
#7448 = DIRECTION('',(-1.110223024625E-16,1.,0.));
#7449 = DIRECTION('',(0.984807753012,1.093356242223E-16,0.173648177667)
  );
#7450 = ADVANCED_FACE('',(#7451),#7457,.F.);
#7451 = FACE_BOUND('',#7452,.F.);
#7452 = EDGE_LOOP('',(#7453,#7454,#7455,#7456));
#7453 = ORIENTED_EDGE('',*,*,#6784,.T.);
#7454 = ORIENTED_EDGE('',*,*,#7408,.T.);
#7455 = ORIENTED_EDGE('',*,*,#7370,.F.);
#7456 = ORIENTED_EDGE('',*,*,#7422,.F.);
#7457 = B_SPLINE_SURFACE_WITH_KNOTS('',1,1,(
    (#7458,#7459)
    ,(#7460,#7461
    )),.UNSPECIFIED.,.F.,.F.,.F.,(2,2),(2,2),(0.,1.185),(0.,1.),
  .PIECEWISE_BEZIER_KNOTS.);
#7458 = CARTESIAN_POINT('',(0.5925,-1.475,0.725));
#7459 = CARTESIAN_POINT('',(0.559121551758,-1.408243103516,1.2));
#7460 = CARTESIAN_POINT('',(-0.5925,-1.475,0.725));
#7461 = CARTESIAN_POINT('',(-0.559121551758,-1.408243103516,1.2));
#7462 = ADVANCED_FACE('',(#7463),#7474,.T.);
#7463 = FACE_BOUND('',#7464,.T.);
#7464 = EDGE_LOOP('',(#7465,#7466,#7467,#7468));
#7465 = ORIENTED_EDGE('',*,*,#6867,.T.);
#7466 = ORIENTED_EDGE('',*,*,#7343,.T.);
#7467 = ORIENTED_EDGE('',*,*,#6959,.F.);
#7468 = ORIENTED_EDGE('',*,*,#7469,.F.);
#7469 = EDGE_CURVE('',#6860,#6952,#7470,.T.);
#7470 = LINE('',#7471,#7472);
#7471 = CARTESIAN_POINT('',(-0.946201938253,-1.15,0.518412044417));
#7472 = VECTOR('',#7473,1.);
#7473 = DIRECTION('',(1.144237745222E-17,1.,0.));
#7474 = CYLINDRICAL_SURFACE('',#7475,0.25);
#7475 = AXIS2_PLACEMENT_3D('',#7476,#7477,#7478);
#7476 = CARTESIAN_POINT('',(-0.7,-1.15,0.475));
#7477 = DIRECTION('',(-1.144237745222E-17,-1.,0.));
#7478 = DIRECTION('',(-0.984807753012,1.126854202784E-17,0.173648177667)
  );
#7479 = ADVANCED_FACE('',(#7480),#7491,.F.);
#7480 = FACE_BOUND('',#7481,.F.);
#7481 = EDGE_LOOP('',(#7482,#7488,#7489,#7490));
#7482 = ORIENTED_EDGE('',*,*,#7483,.T.);
#7483 = EDGE_CURVE('',#6851,#6943,#7484,.T.);
#7484 = LINE('',#7485,#7486);
#7485 = CARTESIAN_POINT('',(-0.991192795358,-1.15,0.232635182233));
#7486 = VECTOR('',#7487,1.);
#7487 = DIRECTION('',(1.144237745222E-17,1.,0.));
#7488 = ORIENTED_EDGE('',*,*,#6951,.T.);
#7489 = ORIENTED_EDGE('',*,*,#7469,.F.);
#7490 = ORIENTED_EDGE('',*,*,#6859,.F.);
#7491 = PLANE('',#7492);
#7492 = AXIS2_PLACEMENT_3D('',#7493,#7494,#7495);
#7493 = CARTESIAN_POINT('',(-0.991192795358,-1.15,0.232635182233));
#7494 = DIRECTION('',(0.987833053268,-1.130315865527E-17,-0.155518033909
    ));
#7495 = DIRECTION('',(0.155518033909,-1.779496044609E-18,0.987833053268)
  );
#7496 = ADVANCED_FACE('',(#7497),#7508,.F.);
#7497 = FACE_BOUND('',#7498,.F.);
#7498 = EDGE_LOOP('',(#7499,#7505,#7506,#7507));
#7499 = ORIENTED_EDGE('',*,*,#7500,.T.);
#7500 = EDGE_CURVE('',#6843,#6935,#7501,.T.);
#7501 = LINE('',#7502,#7503);
#7502 = CARTESIAN_POINT('',(-1.089673570659,-1.15,0.15));
#7503 = VECTOR('',#7504,1.);
#7504 = DIRECTION('',(1.144237745222E-17,1.,0.));
#7505 = ORIENTED_EDGE('',*,*,#6942,.T.);
#7506 = ORIENTED_EDGE('',*,*,#7483,.F.);
#7507 = ORIENTED_EDGE('',*,*,#6850,.F.);
#7508 = CYLINDRICAL_SURFACE('',#7509,0.1);
#7509 = AXIS2_PLACEMENT_3D('',#7510,#7511,#7512);
#7510 = CARTESIAN_POINT('',(-1.089673570659,-1.15,0.25));
#7511 = DIRECTION('',(-1.144237745222E-17,-1.,0.));
#7512 = DIRECTION('',(-2.22044604925E-15,2.540718180781E-32,-1.));
#7513 = ADVANCED_FACE('',(#7514),#7525,.F.);
#7514 = FACE_BOUND('',#7515,.F.);
#7515 = EDGE_LOOP('',(#7516,#7522,#7523,#7524));
#7516 = ORIENTED_EDGE('',*,*,#7517,.T.);
#7517 = EDGE_CURVE('',#6835,#6927,#7518,.T.);
#7518 = LINE('',#7519,#7520);
#7519 = CARTESIAN_POINT('',(-1.25,-1.15,0.15));
#7520 = VECTOR('',#7521,1.);
#7521 = DIRECTION('',(1.144237745222E-17,1.,0.));
#7522 = ORIENTED_EDGE('',*,*,#6934,.T.);
#7523 = ORIENTED_EDGE('',*,*,#7500,.F.);
#7524 = ORIENTED_EDGE('',*,*,#6842,.F.);
#7525 = PLANE('',#7526);
#7526 = AXIS2_PLACEMENT_3D('',#7527,#7528,#7529);
#7527 = CARTESIAN_POINT('',(-1.25,-1.15,0.15));
#7528 = DIRECTION('',(0.,0.,-1.));
#7529 = DIRECTION('',(1.,-1.144237745222E-17,0.));
#7530 = ADVANCED_FACE('',(#7531),#7542,.F.);
#7531 = FACE_BOUND('',#7532,.F.);
#7532 = EDGE_LOOP('',(#7533,#7539,#7540,#7541));
#7533 = ORIENTED_EDGE('',*,*,#7534,.T.);
#7534 = EDGE_CURVE('',#6827,#6919,#7535,.T.);
#7535 = LINE('',#7536,#7537);
#7536 = CARTESIAN_POINT('',(-1.25,-1.15,5.551115123126E-17));
#7537 = VECTOR('',#7538,1.);
#7538 = DIRECTION('',(1.144237745222E-17,1.,0.));
#7539 = ORIENTED_EDGE('',*,*,#6926,.T.);
#7540 = ORIENTED_EDGE('',*,*,#7517,.F.);
#7541 = ORIENTED_EDGE('',*,*,#6834,.F.);
#7542 = PLANE('',#7543);
#7543 = AXIS2_PLACEMENT_3D('',#7544,#7545,#7546);
#7544 = CARTESIAN_POINT('',(-1.25,-1.15,5.551115123126E-17));
#7545 = DIRECTION('',(1.,-1.144237745222E-17,0.));
#7546 = DIRECTION('',(0.,0.,1.));
#7547 = ADVANCED_FACE('',(#7548),#7559,.F.);
#7548 = FACE_BOUND('',#7549,.F.);
#7549 = EDGE_LOOP('',(#7550,#7556,#7557,#7558));
#7550 = ORIENTED_EDGE('',*,*,#7551,.T.);
#7551 = EDGE_CURVE('',#6818,#6910,#7552,.T.);
#7552 = LINE('',#7553,#7554);
#7553 = CARTESIAN_POINT('',(-1.089673570659,-1.15,5.551115123126E-17));
#7554 = VECTOR('',#7555,1.);
#7555 = DIRECTION('',(1.144237745222E-17,1.,0.));
#7556 = ORIENTED_EDGE('',*,*,#6918,.T.);
#7557 = ORIENTED_EDGE('',*,*,#7534,.F.);
#7558 = ORIENTED_EDGE('',*,*,#6826,.F.);
#7559 = PLANE('',#7560);
#7560 = AXIS2_PLACEMENT_3D('',#7561,#7562,#7563);
#7561 = CARTESIAN_POINT('',(-1.089673570659,-1.15,5.551115123126E-17));
#7562 = DIRECTION('',(0.,0.,1.));
#7563 = DIRECTION('',(-1.,1.144237745222E-17,0.));
#7564 = ADVANCED_FACE('',(#7565),#7571,.T.);
#7565 = FACE_BOUND('',#7566,.T.);
#7566 = EDGE_LOOP('',(#7567,#7568,#7569,#7570));
#7567 = ORIENTED_EDGE('',*,*,#6817,.T.);
#7568 = ORIENTED_EDGE('',*,*,#7551,.T.);
#7569 = ORIENTED_EDGE('',*,*,#6909,.F.);
#7570 = ORIENTED_EDGE('',*,*,#6891,.F.);
#7571 = CYLINDRICAL_SURFACE('',#7572,0.25);
#7572 = AXIS2_PLACEMENT_3D('',#7573,#7574,#7575);
#7573 = CARTESIAN_POINT('',(-1.089673570659,-1.15,0.25));
#7574 = DIRECTION('',(-1.144237745222E-17,-1.,0.));
#7575 = DIRECTION('',(0.984807753012,-1.126854202784E-17,-0.173648177667
    ));
#7576 = ADVANCED_FACE('',(#7577),#7588,.F.);
#7577 = FACE_BOUND('',#7578,.F.);
#7578 = EDGE_LOOP('',(#7579,#7585,#7586,#7587));
#7579 = ORIENTED_EDGE('',*,*,#7580,.T.);
#7580 = EDGE_CURVE('',#7035,#7127,#7581,.T.);
#7581 = LINE('',#7582,#7583);
#7582 = CARTESIAN_POINT('',(-0.991192795358,0.75,0.232635182233));
#7583 = VECTOR('',#7584,1.);
#7584 = DIRECTION('',(1.144237745222E-17,1.,0.));
#7585 = ORIENTED_EDGE('',*,*,#7135,.T.);
#7586 = ORIENTED_EDGE('',*,*,#7328,.F.);
#7587 = ORIENTED_EDGE('',*,*,#7043,.F.);
#7588 = PLANE('',#7589);
#7589 = AXIS2_PLACEMENT_3D('',#7590,#7591,#7592);
#7590 = CARTESIAN_POINT('',(-0.991192795358,0.75,0.232635182233));
#7591 = DIRECTION('',(0.987833053268,-1.130315865527E-17,-0.155518033909
    ));
#7592 = DIRECTION('',(0.155518033909,-1.779496044609E-18,0.987833053268)
  );
#7593 = ADVANCED_FACE('',(#7594),#7605,.F.);
#7594 = FACE_BOUND('',#7595,.F.);
#7595 = EDGE_LOOP('',(#7596,#7602,#7603,#7604));
#7596 = ORIENTED_EDGE('',*,*,#7597,.T.);
#7597 = EDGE_CURVE('',#7027,#7119,#7598,.T.);
#7598 = LINE('',#7599,#7600);
#7599 = CARTESIAN_POINT('',(-1.089673570659,0.75,0.15));
#7600 = VECTOR('',#7601,1.);
#7601 = DIRECTION('',(1.144237745222E-17,1.,0.));
#7602 = ORIENTED_EDGE('',*,*,#7126,.T.);
#7603 = ORIENTED_EDGE('',*,*,#7580,.F.);
#7604 = ORIENTED_EDGE('',*,*,#7034,.F.);
#7605 = CYLINDRICAL_SURFACE('',#7606,0.1);
#7606 = AXIS2_PLACEMENT_3D('',#7607,#7608,#7609);
#7607 = CARTESIAN_POINT('',(-1.089673570659,0.75,0.25));
#7608 = DIRECTION('',(-1.144237745222E-17,-1.,0.));
#7609 = DIRECTION('',(-2.22044604925E-15,2.540718180781E-32,-1.));
#7610 = ADVANCED_FACE('',(#7611),#7622,.F.);
#7611 = FACE_BOUND('',#7612,.F.);
#7612 = EDGE_LOOP('',(#7613,#7619,#7620,#7621));
#7613 = ORIENTED_EDGE('',*,*,#7614,.T.);
#7614 = EDGE_CURVE('',#7019,#7111,#7615,.T.);
#7615 = LINE('',#7616,#7617);
#7616 = CARTESIAN_POINT('',(-1.25,0.75,0.15));
#7617 = VECTOR('',#7618,1.);
#7618 = DIRECTION('',(1.144237745222E-17,1.,0.));
#7619 = ORIENTED_EDGE('',*,*,#7118,.T.);
#7620 = ORIENTED_EDGE('',*,*,#7597,.F.);
#7621 = ORIENTED_EDGE('',*,*,#7026,.F.);
#7622 = PLANE('',#7623);
#7623 = AXIS2_PLACEMENT_3D('',#7624,#7625,#7626);
#7624 = CARTESIAN_POINT('',(-1.25,0.75,0.15));
#7625 = DIRECTION('',(0.,0.,-1.));
#7626 = DIRECTION('',(1.,-1.144237745222E-17,0.));
#7627 = ADVANCED_FACE('',(#7628),#7639,.F.);
#7628 = FACE_BOUND('',#7629,.F.);
#7629 = EDGE_LOOP('',(#7630,#7636,#7637,#7638));
#7630 = ORIENTED_EDGE('',*,*,#7631,.T.);
#7631 = EDGE_CURVE('',#7011,#7103,#7632,.T.);
#7632 = LINE('',#7633,#7634);
#7633 = CARTESIAN_POINT('',(-1.25,0.75,5.551115123126E-17));
#7634 = VECTOR('',#7635,1.);
#7635 = DIRECTION('',(1.144237745222E-17,1.,0.));
#7636 = ORIENTED_EDGE('',*,*,#7110,.T.);
#7637 = ORIENTED_EDGE('',*,*,#7614,.F.);
#7638 = ORIENTED_EDGE('',*,*,#7018,.F.);
#7639 = PLANE('',#7640);
#7640 = AXIS2_PLACEMENT_3D('',#7641,#7642,#7643);
#7641 = CARTESIAN_POINT('',(-1.25,0.75,5.551115123126E-17));
#7642 = DIRECTION('',(1.,-1.144237745222E-17,0.));
#7643 = DIRECTION('',(0.,0.,1.));
#7644 = ADVANCED_FACE('',(#7645),#7656,.F.);
#7645 = FACE_BOUND('',#7646,.F.);
#7646 = EDGE_LOOP('',(#7647,#7653,#7654,#7655));
#7647 = ORIENTED_EDGE('',*,*,#7648,.T.);
#7648 = EDGE_CURVE('',#7002,#7094,#7649,.T.);
#7649 = LINE('',#7650,#7651);
#7650 = CARTESIAN_POINT('',(-1.089673570659,0.75,5.551115123126E-17));
#7651 = VECTOR('',#7652,1.);
#7652 = DIRECTION('',(1.144237745222E-17,1.,0.));
#7653 = ORIENTED_EDGE('',*,*,#7102,.T.);
#7654 = ORIENTED_EDGE('',*,*,#7631,.F.);
#7655 = ORIENTED_EDGE('',*,*,#7010,.F.);
#7656 = PLANE('',#7657);
#7657 = AXIS2_PLACEMENT_3D('',#7658,#7659,#7660);
#7658 = CARTESIAN_POINT('',(-1.089673570659,0.75,5.551115123126E-17));
#7659 = DIRECTION('',(0.,0.,1.));
#7660 = DIRECTION('',(-1.,1.144237745222E-17,0.));
#7661 = ADVANCED_FACE('',(#7662),#7668,.T.);
#7662 = FACE_BOUND('',#7663,.T.);
#7663 = EDGE_LOOP('',(#7664,#7665,#7666,#7667));
#7664 = ORIENTED_EDGE('',*,*,#7001,.T.);
#7665 = ORIENTED_EDGE('',*,*,#7648,.T.);
#7666 = ORIENTED_EDGE('',*,*,#7093,.F.);
#7667 = ORIENTED_EDGE('',*,*,#7075,.F.);
#7668 = CYLINDRICAL_SURFACE('',#7669,0.25);
#7669 = AXIS2_PLACEMENT_3D('',#7670,#7671,#7672);
#7670 = CARTESIAN_POINT('',(-1.089673570659,0.75,0.25));
#7671 = DIRECTION('',(-1.144237745222E-17,-1.,0.));
#7672 = DIRECTION('',(0.984807753012,-1.126854202784E-17,-0.173648177667
    ));
#7673 = ADVANCED_FACE('',(#7674),#7685,.F.);
#7674 = FACE_BOUND('',#7675,.F.);
#7675 = EDGE_LOOP('',(#7676,#7682,#7683,#7684));
#7676 = ORIENTED_EDGE('',*,*,#7677,.T.);
#7677 = EDGE_CURVE('',#7202,#7294,#7678,.T.);
#7678 = LINE('',#7679,#7680);
#7679 = CARTESIAN_POINT('',(0.991192795358,0.2,0.232635182233));
#7680 = VECTOR('',#7681,1.);
#7681 = DIRECTION('',(1.110223024625E-16,-1.,0.));
#7682 = ORIENTED_EDGE('',*,*,#7302,.T.);
#7683 = ORIENTED_EDGE('',*,*,#7440,.F.);
#7684 = ORIENTED_EDGE('',*,*,#7210,.F.);
#7685 = PLANE('',#7686);
#7686 = AXIS2_PLACEMENT_3D('',#7687,#7688,#7689);
#7687 = CARTESIAN_POINT('',(0.991192795358,0.2,0.232635182233));
#7688 = DIRECTION('',(-0.987833053268,-1.096715000224E-16,
    -0.155518033909));
#7689 = DIRECTION('',(-0.155518033909,-1.726597019897E-17,0.987833053268
    ));
#7690 = ADVANCED_FACE('',(#7691),#7702,.F.);
#7691 = FACE_BOUND('',#7692,.F.);
#7692 = EDGE_LOOP('',(#7693,#7699,#7700,#7701));
#7693 = ORIENTED_EDGE('',*,*,#7694,.T.);
#7694 = EDGE_CURVE('',#7194,#7286,#7695,.T.);
#7695 = LINE('',#7696,#7697);
#7696 = CARTESIAN_POINT('',(1.089673570659,0.2,0.15));
#7697 = VECTOR('',#7698,1.);
#7698 = DIRECTION('',(1.110223024625E-16,-1.,0.));
#7699 = ORIENTED_EDGE('',*,*,#7293,.T.);
#7700 = ORIENTED_EDGE('',*,*,#7677,.F.);
#7701 = ORIENTED_EDGE('',*,*,#7201,.F.);
#7702 = CYLINDRICAL_SURFACE('',#7703,0.1);
#7703 = AXIS2_PLACEMENT_3D('',#7704,#7705,#7706);
#7704 = CARTESIAN_POINT('',(1.089673570659,0.2,0.25));
#7705 = DIRECTION('',(-1.110223024625E-16,1.,0.));
#7706 = DIRECTION('',(2.22044604925E-15,2.465190328815E-31,-1.));
#7707 = ADVANCED_FACE('',(#7708),#7719,.F.);
#7708 = FACE_BOUND('',#7709,.F.);
#7709 = EDGE_LOOP('',(#7710,#7716,#7717,#7718));
#7710 = ORIENTED_EDGE('',*,*,#7711,.T.);
#7711 = EDGE_CURVE('',#7186,#7278,#7712,.T.);
#7712 = LINE('',#7713,#7714);
#7713 = CARTESIAN_POINT('',(1.25,0.2,0.15));
#7714 = VECTOR('',#7715,1.);
#7715 = DIRECTION('',(1.110223024625E-16,-1.,0.));
#7716 = ORIENTED_EDGE('',*,*,#7285,.T.);
#7717 = ORIENTED_EDGE('',*,*,#7694,.F.);
#7718 = ORIENTED_EDGE('',*,*,#7193,.F.);
#7719 = PLANE('',#7720);
#7720 = AXIS2_PLACEMENT_3D('',#7721,#7722,#7723);
#7721 = CARTESIAN_POINT('',(1.25,0.2,0.15));
#7722 = DIRECTION('',(0.,0.,-1.));
#7723 = DIRECTION('',(-1.,-1.110223024625E-16,-0.));
#7724 = ADVANCED_FACE('',(#7725),#7736,.F.);
#7725 = FACE_BOUND('',#7726,.F.);
#7726 = EDGE_LOOP('',(#7727,#7733,#7734,#7735));
#7727 = ORIENTED_EDGE('',*,*,#7728,.T.);
#7728 = EDGE_CURVE('',#7178,#7270,#7729,.T.);
#7729 = LINE('',#7730,#7731);
#7730 = CARTESIAN_POINT('',(1.25,0.2,5.551115123126E-17));
#7731 = VECTOR('',#7732,1.);
#7732 = DIRECTION('',(1.110223024625E-16,-1.,0.));
#7733 = ORIENTED_EDGE('',*,*,#7277,.T.);
#7734 = ORIENTED_EDGE('',*,*,#7711,.F.);
#7735 = ORIENTED_EDGE('',*,*,#7185,.F.);
#7736 = PLANE('',#7737);
#7737 = AXIS2_PLACEMENT_3D('',#7738,#7739,#7740);
#7738 = CARTESIAN_POINT('',(1.25,0.2,5.551115123126E-17));
#7739 = DIRECTION('',(-1.,-1.110223024625E-16,0.));
#7740 = DIRECTION('',(0.,0.,1.));
#7741 = ADVANCED_FACE('',(#7742),#7753,.F.);
#7742 = FACE_BOUND('',#7743,.F.);
#7743 = EDGE_LOOP('',(#7744,#7750,#7751,#7752));
#7744 = ORIENTED_EDGE('',*,*,#7745,.T.);
#7745 = EDGE_CURVE('',#7169,#7261,#7746,.T.);
#7746 = LINE('',#7747,#7748);
#7747 = CARTESIAN_POINT('',(1.089673570659,0.2,5.551115123126E-17));
#7748 = VECTOR('',#7749,1.);
#7749 = DIRECTION('',(1.110223024625E-16,-1.,0.));
#7750 = ORIENTED_EDGE('',*,*,#7269,.T.);
#7751 = ORIENTED_EDGE('',*,*,#7728,.F.);
#7752 = ORIENTED_EDGE('',*,*,#7177,.F.);
#7753 = PLANE('',#7754);
#7754 = AXIS2_PLACEMENT_3D('',#7755,#7756,#7757);
#7755 = CARTESIAN_POINT('',(1.089673570659,0.2,5.551115123126E-17));
#7756 = DIRECTION('',(0.,0.,1.));
#7757 = DIRECTION('',(1.,1.110223024625E-16,-0.));
#7758 = ADVANCED_FACE('',(#7759),#7765,.T.);
#7759 = FACE_BOUND('',#7760,.T.);
#7760 = EDGE_LOOP('',(#7761,#7762,#7763,#7764));
#7761 = ORIENTED_EDGE('',*,*,#7168,.T.);
#7762 = ORIENTED_EDGE('',*,*,#7745,.T.);
#7763 = ORIENTED_EDGE('',*,*,#7260,.F.);
#7764 = ORIENTED_EDGE('',*,*,#7242,.F.);
#7765 = CYLINDRICAL_SURFACE('',#7766,0.25);
#7766 = AXIS2_PLACEMENT_3D('',#7767,#7768,#7769);
#7767 = CARTESIAN_POINT('',(1.089673570659,0.2,0.25));
#7768 = DIRECTION('',(-1.110223024625E-16,1.,0.));
#7769 = DIRECTION('',(-0.984807753012,-1.093356242223E-16,
    -0.173648177667));
#7770 = ADVANCED_FACE('',(#7771),#7774,.F.);
#7771 = FACE_BOUND('',#7772,.T.);
#7772 = EDGE_LOOP('',(#7773));
#7773 = ORIENTED_EDGE('',*,*,#7388,.F.);
#7774 = PLANE('',#7775);
#7775 = AXIS2_PLACEMENT_3D('',#7776,#7777,#7778);
#7776 = CARTESIAN_POINT('',(-0.428243103516,1.228243103516,1.2));
#7777 = DIRECTION('',(0.,0.,-1.));
#7778 = DIRECTION('',(1.110223024625E-16,-1.,0.));
#7779 = ( GEOMETRIC_REPRESENTATION_CONTEXT(3) 
GLOBAL_UNCERTAINTY_ASSIGNED_CONTEXT((#7783)) 
GLOBAL_UNIT_ASSIGNED_CONTEXT((#7780,#7781,#7782)) REPRESENTATION_CONTEXT
('Context #1','3D Context with UNIT and UNCERTAINTY') );
#7780 = ( LENGTH_UNIT() NAMED_UNIT(*) SI_UNIT(.MILLI.,.METRE.) );
#7781 = ( NAMED_UNIT(*) PLANE_ANGLE_UNIT() SI_UNIT($,.RADIAN.) );
#7782 = ( NAMED_UNIT(*) SI_UNIT($,.STERADIAN.) SOLID_ANGLE_UNIT() );
#7783 = UNCERTAINTY_MEASURE_WITH_UNIT(LENGTH_MEASURE(1.E-07),#7780,
  'distance_accuracy_value','confusion accuracy');
#7784 = CONTEXT_DEPENDENT_SHAPE_REPRESENTATION(#7785,#7787);
#7785 = ( REPRESENTATION_RELATIONSHIP('','',#5796,#10) 
REPRESENTATION_RELATIONSHIP_WITH_TRANSFORMATION(#7786) 
SHAPE_REPRESENTATION_RELATIONSHIP() );
#7786 = ITEM_DEFINED_TRANSFORMATION('','',#11,#47);
#7787 = PRODUCT_DEFINITION_SHAPE('Placement','Placement of an item',
  #7788);
#7788 = NEXT_ASSEMBLY_USAGE_OCCURRENCE('9','U3','',#5,#5791,$);
#7789 = PRODUCT_RELATED_PRODUCT_CATEGORY('part',$,(#5793));
#7790 = SHAPE_DEFINITION_REPRESENTATION(#7791,#7797);
#7791 = PRODUCT_DEFINITION_SHAPE('','',#7792);
#7792 = PRODUCT_DEFINITION('design','',#7793,#7796);
#7793 = PRODUCT_DEFINITION_FORMATION('','',#7794);
#7794 = PRODUCT('C_0805_2012Metric','C_0805_2012Metric','',(#7795));
#7795 = PRODUCT_CONTEXT('',#2,'mechanical');
#7796 = PRODUCT_DEFINITION_CONTEXT('part definition',#2,'design');
#7797 = ADVANCED_BREP_SHAPE_REPRESENTATION('',(#11,#7798),#8652);
#7798 = MANIFOLD_SOLID_BREP('',#7799);
#7799 = CLOSED_SHELL('',(#7800,#7876,#7907,#7932,#7957,#7981,#8005,#8030
    ,#8055,#8072,#8158,#8190,#8214,#8239,#8263,#8288,#8312,#8337,#8354,
    #8440,#8471,#8496,#8521,#8545,#8569,#8594,#8619,#8636));
#7800 = ADVANCED_FACE('',(#7801),#7871,.F.);
#7801 = FACE_BOUND('',#7802,.F.);
#7802 = EDGE_LOOP('',(#7803,#7813,#7822,#7830,#7839,#7847,#7856,#7864));
#7803 = ORIENTED_EDGE('',*,*,#7804,.F.);
#7804 = EDGE_CURVE('',#7805,#7807,#7809,.T.);
#7805 = VERTEX_POINT('',#7806);
#7806 = CARTESIAN_POINT('',(-1.,-0.625,4.E-02));
#7807 = VERTEX_POINT('',#7808);
#7808 = CARTESIAN_POINT('',(-1.,-0.625,1.21));
#7809 = LINE('',#7810,#7811);
#7810 = CARTESIAN_POINT('',(-1.,-0.625,0.));
#7811 = VECTOR('',#7812,1.);
#7812 = DIRECTION('',(0.,0.,1.));
#7813 = ORIENTED_EDGE('',*,*,#7814,.T.);
#7814 = EDGE_CURVE('',#7805,#7815,#7817,.T.);
#7815 = VERTEX_POINT('',#7816);
#7816 = CARTESIAN_POINT('',(-1.,-0.585,0.));
#7817 = CIRCLE('',#7818,4.E-02);
#7818 = AXIS2_PLACEMENT_3D('',#7819,#7820,#7821);
#7819 = CARTESIAN_POINT('',(-1.,-0.585,4.E-02));
#7820 = DIRECTION('',(1.,0.,-0.));
#7821 = DIRECTION('',(0.,0.,1.));
#7822 = ORIENTED_EDGE('',*,*,#7823,.T.);
#7823 = EDGE_CURVE('',#7815,#7824,#7826,.T.);
#7824 = VERTEX_POINT('',#7825);
#7825 = CARTESIAN_POINT('',(-1.,0.585,0.));
#7826 = LINE('',#7827,#7828);
#7827 = CARTESIAN_POINT('',(-1.,-0.625,0.));
#7828 = VECTOR('',#7829,1.);
#7829 = DIRECTION('',(0.,1.,0.));
#7830 = ORIENTED_EDGE('',*,*,#7831,.F.);
#7831 = EDGE_CURVE('',#7832,#7824,#7834,.T.);
#7832 = VERTEX_POINT('',#7833);
#7833 = CARTESIAN_POINT('',(-1.,0.625,4.E-02));
#7834 = CIRCLE('',#7835,4.E-02);
#7835 = AXIS2_PLACEMENT_3D('',#7836,#7837,#7838);
#7836 = CARTESIAN_POINT('',(-1.,0.585,4.E-02));
#7837 = DIRECTION('',(-1.,0.,0.));
#7838 = DIRECTION('',(0.,0.,1.));
#7839 = ORIENTED_EDGE('',*,*,#7840,.T.);
#7840 = EDGE_CURVE('',#7832,#7841,#7843,.T.);
#7841 = VERTEX_POINT('',#7842);
#7842 = CARTESIAN_POINT('',(-1.,0.625,1.21));
#7843 = LINE('',#7844,#7845);
#7844 = CARTESIAN_POINT('',(-1.,0.625,0.));
#7845 = VECTOR('',#7846,1.);
#7846 = DIRECTION('',(0.,0.,1.));
#7847 = ORIENTED_EDGE('',*,*,#7848,.T.);
#7848 = EDGE_CURVE('',#7841,#7849,#7851,.T.);
#7849 = VERTEX_POINT('',#7850);
#7850 = CARTESIAN_POINT('',(-1.,0.585,1.25));
#7851 = CIRCLE('',#7852,4.E-02);
#7852 = AXIS2_PLACEMENT_3D('',#7853,#7854,#7855);
#7853 = CARTESIAN_POINT('',(-1.,0.585,1.21));
#7854 = DIRECTION('',(1.,0.,-0.));
#7855 = DIRECTION('',(0.,0.,1.));
#7856 = ORIENTED_EDGE('',*,*,#7857,.F.);
#7857 = EDGE_CURVE('',#7858,#7849,#7860,.T.);
#7858 = VERTEX_POINT('',#7859);
#7859 = CARTESIAN_POINT('',(-1.,-0.585,1.25));
#7860 = LINE('',#7861,#7862);
#7861 = CARTESIAN_POINT('',(-1.,-0.625,1.25));
#7862 = VECTOR('',#7863,1.);
#7863 = DIRECTION('',(0.,1.,0.));
#7864 = ORIENTED_EDGE('',*,*,#7865,.F.);
#7865 = EDGE_CURVE('',#7807,#7858,#7866,.T.);
#7866 = CIRCLE('',#7867,4.E-02);
#7867 = AXIS2_PLACEMENT_3D('',#7868,#7869,#7870);
#7868 = CARTESIAN_POINT('',(-1.,-0.585,1.21));
#7869 = DIRECTION('',(-1.,0.,0.));
#7870 = DIRECTION('',(0.,0.,1.));
#7871 = PLANE('',#7872);
#7872 = AXIS2_PLACEMENT_3D('',#7873,#7874,#7875);
#7873 = CARTESIAN_POINT('',(-1.,-0.625,0.));
#7874 = DIRECTION('',(1.,0.,0.));
#7875 = DIRECTION('',(0.,0.,1.));
#7876 = ADVANCED_FACE('',(#7877),#7902,.F.);
#7877 = FACE_BOUND('',#7878,.F.);
#7878 = EDGE_LOOP('',(#7879,#7889,#7895,#7896));
#7879 = ORIENTED_EDGE('',*,*,#7880,.F.);
#7880 = EDGE_CURVE('',#7881,#7883,#7885,.T.);
#7881 = VERTEX_POINT('',#7882);
#7882 = CARTESIAN_POINT('',(-0.6,-0.625,4.E-02));
#7883 = VERTEX_POINT('',#7884);
#7884 = CARTESIAN_POINT('',(-0.6,-0.625,1.21));
#7885 = LINE('',#7886,#7887);
#7886 = CARTESIAN_POINT('',(-0.6,-0.625,0.));
#7887 = VECTOR('',#7888,1.);
#7888 = DIRECTION('',(0.,0.,1.));
#7889 = ORIENTED_EDGE('',*,*,#7890,.F.);
#7890 = EDGE_CURVE('',#7805,#7881,#7891,.T.);
#7891 = LINE('',#7892,#7893);
#7892 = CARTESIAN_POINT('',(-1.,-0.625,4.E-02));
#7893 = VECTOR('',#7894,1.);
#7894 = DIRECTION('',(1.,0.,0.));
#7895 = ORIENTED_EDGE('',*,*,#7804,.T.);
#7896 = ORIENTED_EDGE('',*,*,#7897,.T.);
#7897 = EDGE_CURVE('',#7807,#7883,#7898,.T.);
#7898 = LINE('',#7899,#7900);
#7899 = CARTESIAN_POINT('',(-1.,-0.625,1.21));
#7900 = VECTOR('',#7901,1.);
#7901 = DIRECTION('',(1.,0.,0.));
#7902 = PLANE('',#7903);
#7903 = AXIS2_PLACEMENT_3D('',#7904,#7905,#7906);
#7904 = CARTESIAN_POINT('',(-1.,-0.625,0.));
#7905 = DIRECTION('',(0.,1.,0.));
#7906 = DIRECTION('',(0.,-0.,1.));
#7907 = ADVANCED_FACE('',(#7908),#7927,.T.);
#7908 = FACE_BOUND('',#7909,.T.);
#7909 = EDGE_LOOP('',(#7910,#7911,#7919,#7926));
#7910 = ORIENTED_EDGE('',*,*,#7814,.T.);
#7911 = ORIENTED_EDGE('',*,*,#7912,.T.);
#7912 = EDGE_CURVE('',#7815,#7913,#7915,.T.);
#7913 = VERTEX_POINT('',#7914);
#7914 = CARTESIAN_POINT('',(-0.6,-0.585,0.));
#7915 = LINE('',#7916,#7917);
#7916 = CARTESIAN_POINT('',(-1.,-0.585,0.));
#7917 = VECTOR('',#7918,1.);
#7918 = DIRECTION('',(1.,0.,0.));
#7919 = ORIENTED_EDGE('',*,*,#7920,.F.);
#7920 = EDGE_CURVE('',#7881,#7913,#7921,.T.);
#7921 = CIRCLE('',#7922,4.E-02);
#7922 = AXIS2_PLACEMENT_3D('',#7923,#7924,#7925);
#7923 = CARTESIAN_POINT('',(-0.6,-0.585,4.E-02));
#7924 = DIRECTION('',(1.,0.,-0.));
#7925 = DIRECTION('',(0.,0.,1.));
#7926 = ORIENTED_EDGE('',*,*,#7890,.F.);
#7927 = CYLINDRICAL_SURFACE('',#7928,4.E-02);
#7928 = AXIS2_PLACEMENT_3D('',#7929,#7930,#7931);
#7929 = CARTESIAN_POINT('',(-1.,-0.585,4.E-02));
#7930 = DIRECTION('',(1.,0.,0.));
#7931 = DIRECTION('',(0.,-1.,0.));
#7932 = ADVANCED_FACE('',(#7933),#7952,.T.);
#7933 = FACE_BOUND('',#7934,.T.);
#7934 = EDGE_LOOP('',(#7935,#7936,#7945,#7951));
#7935 = ORIENTED_EDGE('',*,*,#7897,.T.);
#7936 = ORIENTED_EDGE('',*,*,#7937,.T.);
#7937 = EDGE_CURVE('',#7883,#7938,#7940,.T.);
#7938 = VERTEX_POINT('',#7939);
#7939 = CARTESIAN_POINT('',(-0.6,-0.585,1.25));
#7940 = CIRCLE('',#7941,4.E-02);
#7941 = AXIS2_PLACEMENT_3D('',#7942,#7943,#7944);
#7942 = CARTESIAN_POINT('',(-0.6,-0.585,1.21));
#7943 = DIRECTION('',(-1.,0.,0.));
#7944 = DIRECTION('',(0.,0.,1.));
#7945 = ORIENTED_EDGE('',*,*,#7946,.F.);
#7946 = EDGE_CURVE('',#7858,#7938,#7947,.T.);
#7947 = LINE('',#7948,#7949);
#7948 = CARTESIAN_POINT('',(-1.,-0.585,1.25));
#7949 = VECTOR('',#7950,1.);
#7950 = DIRECTION('',(1.,0.,0.));
#7951 = ORIENTED_EDGE('',*,*,#7865,.F.);
#7952 = CYLINDRICAL_SURFACE('',#7953,4.E-02);
#7953 = AXIS2_PLACEMENT_3D('',#7954,#7955,#7956);
#7954 = CARTESIAN_POINT('',(-1.,-0.585,1.21));
#7955 = DIRECTION('',(1.,0.,0.));
#7956 = DIRECTION('',(0.,-1.,0.));
#7957 = ADVANCED_FACE('',(#7958),#7976,.F.);
#7958 = FACE_BOUND('',#7959,.F.);
#7959 = EDGE_LOOP('',(#7960,#7961,#7962,#7970));
#7960 = ORIENTED_EDGE('',*,*,#7823,.F.);
#7961 = ORIENTED_EDGE('',*,*,#7912,.T.);
#7962 = ORIENTED_EDGE('',*,*,#7963,.T.);
#7963 = EDGE_CURVE('',#7913,#7964,#7966,.T.);
#7964 = VERTEX_POINT('',#7965);
#7965 = CARTESIAN_POINT('',(-0.6,0.585,0.));
#7966 = LINE('',#7967,#7968);
#7967 = CARTESIAN_POINT('',(-0.6,-0.625,0.));
#7968 = VECTOR('',#7969,1.);
#7969 = DIRECTION('',(0.,1.,0.));
#7970 = ORIENTED_EDGE('',*,*,#7971,.F.);
#7971 = EDGE_CURVE('',#7824,#7964,#7972,.T.);
#7972 = LINE('',#7973,#7974);
#7973 = CARTESIAN_POINT('',(-1.,0.585,0.));
#7974 = VECTOR('',#7975,1.);
#7975 = DIRECTION('',(1.,0.,0.));
#7976 = PLANE('',#7977);
#7977 = AXIS2_PLACEMENT_3D('',#7978,#7979,#7980);
#7978 = CARTESIAN_POINT('',(-1.,-0.625,0.));
#7979 = DIRECTION('',(0.,0.,1.));
#7980 = DIRECTION('',(1.,0.,-0.));
#7981 = ADVANCED_FACE('',(#7982),#8000,.T.);
#7982 = FACE_BOUND('',#7983,.T.);
#7983 = EDGE_LOOP('',(#7984,#7985,#7986,#7994));
#7984 = ORIENTED_EDGE('',*,*,#7857,.F.);
#7985 = ORIENTED_EDGE('',*,*,#7946,.T.);
#7986 = ORIENTED_EDGE('',*,*,#7987,.T.);
#7987 = EDGE_CURVE('',#7938,#7988,#7990,.T.);
#7988 = VERTEX_POINT('',#7989);
#7989 = CARTESIAN_POINT('',(-0.6,0.585,1.25));
#7990 = LINE('',#7991,#7992);
#7991 = CARTESIAN_POINT('',(-0.6,-0.625,1.25));
#7992 = VECTOR('',#7993,1.);
#7993 = DIRECTION('',(0.,1.,0.));
#7994 = ORIENTED_EDGE('',*,*,#7995,.F.);
#7995 = EDGE_CURVE('',#7849,#7988,#7996,.T.);
#7996 = LINE('',#7997,#7998);
#7997 = CARTESIAN_POINT('',(-1.,0.585,1.25));
#7998 = VECTOR('',#7999,1.);
#7999 = DIRECTION('',(1.,0.,0.));
#8000 = PLANE('',#8001);
#8001 = AXIS2_PLACEMENT_3D('',#8002,#8003,#8004);
#8002 = CARTESIAN_POINT('',(-1.,-0.625,1.25));
#8003 = DIRECTION('',(0.,0.,1.));
#8004 = DIRECTION('',(1.,0.,-0.));
#8005 = ADVANCED_FACE('',(#8006),#8025,.T.);
#8006 = FACE_BOUND('',#8007,.T.);
#8007 = EDGE_LOOP('',(#8008,#8016,#8023,#8024));
#8008 = ORIENTED_EDGE('',*,*,#8009,.T.);
#8009 = EDGE_CURVE('',#7832,#8010,#8012,.T.);
#8010 = VERTEX_POINT('',#8011);
#8011 = CARTESIAN_POINT('',(-0.6,0.625,4.E-02));
#8012 = LINE('',#8013,#8014);
#8013 = CARTESIAN_POINT('',(-1.,0.625,4.E-02));
#8014 = VECTOR('',#8015,1.);
#8015 = DIRECTION('',(1.,0.,0.));
#8016 = ORIENTED_EDGE('',*,*,#8017,.T.);
#8017 = EDGE_CURVE('',#8010,#7964,#8018,.T.);
#8018 = CIRCLE('',#8019,4.E-02);
#8019 = AXIS2_PLACEMENT_3D('',#8020,#8021,#8022);
#8020 = CARTESIAN_POINT('',(-0.6,0.585,4.E-02));
#8021 = DIRECTION('',(-1.,0.,0.));
#8022 = DIRECTION('',(0.,0.,1.));
#8023 = ORIENTED_EDGE('',*,*,#7971,.F.);
#8024 = ORIENTED_EDGE('',*,*,#7831,.F.);
#8025 = CYLINDRICAL_SURFACE('',#8026,4.E-02);
#8026 = AXIS2_PLACEMENT_3D('',#8027,#8028,#8029);
#8027 = CARTESIAN_POINT('',(-1.,0.585,4.E-02));
#8028 = DIRECTION('',(1.,0.,0.));
#8029 = DIRECTION('',(-0.,1.,0.));
#8030 = ADVANCED_FACE('',(#8031),#8050,.T.);
#8031 = FACE_BOUND('',#8032,.T.);
#8032 = EDGE_LOOP('',(#8033,#8034,#8035,#8044));
#8033 = ORIENTED_EDGE('',*,*,#7848,.T.);
#8034 = ORIENTED_EDGE('',*,*,#7995,.T.);
#8035 = ORIENTED_EDGE('',*,*,#8036,.F.);
#8036 = EDGE_CURVE('',#8037,#7988,#8039,.T.);
#8037 = VERTEX_POINT('',#8038);
#8038 = CARTESIAN_POINT('',(-0.6,0.625,1.21));
#8039 = CIRCLE('',#8040,4.E-02);
#8040 = AXIS2_PLACEMENT_3D('',#8041,#8042,#8043);
#8041 = CARTESIAN_POINT('',(-0.6,0.585,1.21));
#8042 = DIRECTION('',(1.,0.,-0.));
#8043 = DIRECTION('',(0.,0.,1.));
#8044 = ORIENTED_EDGE('',*,*,#8045,.F.);
#8045 = EDGE_CURVE('',#7841,#8037,#8046,.T.);
#8046 = LINE('',#8047,#8048);
#8047 = CARTESIAN_POINT('',(-1.,0.625,1.21));
#8048 = VECTOR('',#8049,1.);
#8049 = DIRECTION('',(1.,0.,0.));
#8050 = CYLINDRICAL_SURFACE('',#8051,4.E-02);
#8051 = AXIS2_PLACEMENT_3D('',#8052,#8053,#8054);
#8052 = CARTESIAN_POINT('',(-1.,0.585,1.21));
#8053 = DIRECTION('',(1.,0.,0.));
#8054 = DIRECTION('',(-0.,1.,0.));
#8055 = ADVANCED_FACE('',(#8056),#8067,.T.);
#8056 = FACE_BOUND('',#8057,.T.);
#8057 = EDGE_LOOP('',(#8058,#8064,#8065,#8066));
#8058 = ORIENTED_EDGE('',*,*,#8059,.F.);
#8059 = EDGE_CURVE('',#8010,#8037,#8060,.T.);
#8060 = LINE('',#8061,#8062);
#8061 = CARTESIAN_POINT('',(-0.6,0.625,0.));
#8062 = VECTOR('',#8063,1.);
#8063 = DIRECTION('',(0.,0.,1.));
#8064 = ORIENTED_EDGE('',*,*,#8009,.F.);
#8065 = ORIENTED_EDGE('',*,*,#7840,.T.);
#8066 = ORIENTED_EDGE('',*,*,#8045,.T.);
#8067 = PLANE('',#8068);
#8068 = AXIS2_PLACEMENT_3D('',#8069,#8070,#8071);
#8069 = CARTESIAN_POINT('',(-1.,0.625,0.));
#8070 = DIRECTION('',(0.,1.,0.));
#8071 = DIRECTION('',(0.,-0.,1.));
#8072 = ADVANCED_FACE('',(#8073,#8083),#8153,.T.);
#8073 = FACE_BOUND('',#8074,.T.);
#8074 = EDGE_LOOP('',(#8075,#8076,#8077,#8078,#8079,#8080,#8081,#8082));
#8075 = ORIENTED_EDGE('',*,*,#7880,.F.);
#8076 = ORIENTED_EDGE('',*,*,#7920,.T.);
#8077 = ORIENTED_EDGE('',*,*,#7963,.T.);
#8078 = ORIENTED_EDGE('',*,*,#8017,.F.);
#8079 = ORIENTED_EDGE('',*,*,#8059,.T.);
#8080 = ORIENTED_EDGE('',*,*,#8036,.T.);
#8081 = ORIENTED_EDGE('',*,*,#7987,.F.);
#8082 = ORIENTED_EDGE('',*,*,#7937,.F.);
#8083 = FACE_BOUND('',#8084,.T.);
#8084 = EDGE_LOOP('',(#8085,#8096,#8104,#8113,#8121,#8130,#8138,#8147));
#8085 = ORIENTED_EDGE('',*,*,#8086,.F.);
#8086 = EDGE_CURVE('',#8087,#8089,#8091,.T.);
#8087 = VERTEX_POINT('',#8088);
#8088 = CARTESIAN_POINT('',(-0.6,-0.585,8.E-02));
#8089 = VERTEX_POINT('',#8090);
#8090 = CARTESIAN_POINT('',(-0.6,-0.545,4.E-02));
#8091 = CIRCLE('',#8092,4.E-02);
#8092 = AXIS2_PLACEMENT_3D('',#8093,#8094,#8095);
#8093 = CARTESIAN_POINT('',(-0.6,-0.545,8.E-02));
#8094 = DIRECTION('',(1.,0.,-0.));
#8095 = DIRECTION('',(0.,0.,1.));
#8096 = ORIENTED_EDGE('',*,*,#8097,.T.);
#8097 = EDGE_CURVE('',#8087,#8098,#8100,.T.);
#8098 = VERTEX_POINT('',#8099);
#8099 = CARTESIAN_POINT('',(-0.6,-0.585,1.17));
#8100 = LINE('',#8101,#8102);
#8101 = CARTESIAN_POINT('',(-0.6,-0.585,4.E-02));
#8102 = VECTOR('',#8103,1.);
#8103 = DIRECTION('',(0.,0.,1.));
#8104 = ORIENTED_EDGE('',*,*,#8105,.T.);
#8105 = EDGE_CURVE('',#8098,#8106,#8108,.T.);
#8106 = VERTEX_POINT('',#8107);
#8107 = CARTESIAN_POINT('',(-0.6,-0.545,1.21));
#8108 = CIRCLE('',#8109,4.E-02);
#8109 = AXIS2_PLACEMENT_3D('',#8110,#8111,#8112);
#8110 = CARTESIAN_POINT('',(-0.6,-0.545,1.17));
#8111 = DIRECTION('',(-1.,0.,0.));
#8112 = DIRECTION('',(0.,0.,1.));
#8113 = ORIENTED_EDGE('',*,*,#8114,.T.);
#8114 = EDGE_CURVE('',#8106,#8115,#8117,.T.);
#8115 = VERTEX_POINT('',#8116);
#8116 = CARTESIAN_POINT('',(-0.6,0.545,1.21));
#8117 = LINE('',#8118,#8119);
#8118 = CARTESIAN_POINT('',(-0.6,-0.585,1.21));
#8119 = VECTOR('',#8120,1.);
#8120 = DIRECTION('',(0.,1.,0.));
#8121 = ORIENTED_EDGE('',*,*,#8122,.F.);
#8122 = EDGE_CURVE('',#8123,#8115,#8125,.T.);
#8123 = VERTEX_POINT('',#8124);
#8124 = CARTESIAN_POINT('',(-0.6,0.585,1.17));
#8125 = CIRCLE('',#8126,4.E-02);
#8126 = AXIS2_PLACEMENT_3D('',#8127,#8128,#8129);
#8127 = CARTESIAN_POINT('',(-0.6,0.545,1.17));
#8128 = DIRECTION('',(1.,0.,-0.));
#8129 = DIRECTION('',(0.,0.,1.));
#8130 = ORIENTED_EDGE('',*,*,#8131,.F.);
#8131 = EDGE_CURVE('',#8132,#8123,#8134,.T.);
#8132 = VERTEX_POINT('',#8133);
#8133 = CARTESIAN_POINT('',(-0.6,0.585,8.E-02));
#8134 = LINE('',#8135,#8136);
#8135 = CARTESIAN_POINT('',(-0.6,0.585,4.E-02));
#8136 = VECTOR('',#8137,1.);
#8137 = DIRECTION('',(0.,0.,1.));
#8138 = ORIENTED_EDGE('',*,*,#8139,.T.);
#8139 = EDGE_CURVE('',#8132,#8140,#8142,.T.);
#8140 = VERTEX_POINT('',#8141);
#8141 = CARTESIAN_POINT('',(-0.6,0.545,4.E-02));
#8142 = CIRCLE('',#8143,4.E-02);
#8143 = AXIS2_PLACEMENT_3D('',#8144,#8145,#8146);
#8144 = CARTESIAN_POINT('',(-0.6,0.545,8.E-02));
#8145 = DIRECTION('',(-1.,0.,0.));
#8146 = DIRECTION('',(0.,0.,1.));
#8147 = ORIENTED_EDGE('',*,*,#8148,.F.);
#8148 = EDGE_CURVE('',#8089,#8140,#8149,.T.);
#8149 = LINE('',#8150,#8151);
#8150 = CARTESIAN_POINT('',(-0.6,-0.585,4.E-02));
#8151 = VECTOR('',#8152,1.);
#8152 = DIRECTION('',(0.,1.,0.));
#8153 = PLANE('',#8154);
#8154 = AXIS2_PLACEMENT_3D('',#8155,#8156,#8157);
#8155 = CARTESIAN_POINT('',(-0.6,-0.625,0.));
#8156 = DIRECTION('',(1.,0.,0.));
#8157 = DIRECTION('',(0.,0.,1.));
#8158 = ADVANCED_FACE('',(#8159),#8185,.T.);
#8159 = FACE_BOUND('',#8160,.T.);
#8160 = EDGE_LOOP('',(#8161,#8162,#8170,#8179));
#8161 = ORIENTED_EDGE('',*,*,#8086,.T.);
#8162 = ORIENTED_EDGE('',*,*,#8163,.T.);
#8163 = EDGE_CURVE('',#8089,#8164,#8166,.T.);
#8164 = VERTEX_POINT('',#8165);
#8165 = CARTESIAN_POINT('',(0.6,-0.545,4.E-02));
#8166 = LINE('',#8167,#8168);
#8167 = CARTESIAN_POINT('',(-0.6,-0.545,4.E-02));
#8168 = VECTOR('',#8169,1.);
#8169 = DIRECTION('',(1.,0.,0.));
#8170 = ORIENTED_EDGE('',*,*,#8171,.F.);
#8171 = EDGE_CURVE('',#8172,#8164,#8174,.T.);
#8172 = VERTEX_POINT('',#8173);
#8173 = CARTESIAN_POINT('',(0.6,-0.585,8.E-02));
#8174 = CIRCLE('',#8175,4.E-02);
#8175 = AXIS2_PLACEMENT_3D('',#8176,#8177,#8178);
#8176 = CARTESIAN_POINT('',(0.6,-0.545,8.E-02));
#8177 = DIRECTION('',(1.,0.,-0.));
#8178 = DIRECTION('',(0.,0.,1.));
#8179 = ORIENTED_EDGE('',*,*,#8180,.F.);
#8180 = EDGE_CURVE('',#8087,#8172,#8181,.T.);
#8181 = LINE('',#8182,#8183);
#8182 = CARTESIAN_POINT('',(-0.6,-0.585,8.E-02));
#8183 = VECTOR('',#8184,1.);
#8184 = DIRECTION('',(1.,0.,0.));
#8185 = CYLINDRICAL_SURFACE('',#8186,4.E-02);
#8186 = AXIS2_PLACEMENT_3D('',#8187,#8188,#8189);
#8187 = CARTESIAN_POINT('',(-0.6,-0.545,8.E-02));
#8188 = DIRECTION('',(1.,0.,0.));
#8189 = DIRECTION('',(0.,-1.,0.));
#8190 = ADVANCED_FACE('',(#8191),#8209,.F.);
#8191 = FACE_BOUND('',#8192,.F.);
#8192 = EDGE_LOOP('',(#8193,#8194,#8195,#8203));
#8193 = ORIENTED_EDGE('',*,*,#8148,.F.);
#8194 = ORIENTED_EDGE('',*,*,#8163,.T.);
#8195 = ORIENTED_EDGE('',*,*,#8196,.T.);
#8196 = EDGE_CURVE('',#8164,#8197,#8199,.T.);
#8197 = VERTEX_POINT('',#8198);
#8198 = CARTESIAN_POINT('',(0.6,0.545,4.E-02));
#8199 = LINE('',#8200,#8201);
#8200 = CARTESIAN_POINT('',(0.6,-0.585,4.E-02));
#8201 = VECTOR('',#8202,1.);
#8202 = DIRECTION('',(0.,1.,0.));
#8203 = ORIENTED_EDGE('',*,*,#8204,.F.);
#8204 = EDGE_CURVE('',#8140,#8197,#8205,.T.);
#8205 = LINE('',#8206,#8207);
#8206 = CARTESIAN_POINT('',(-0.6,0.545,4.E-02));
#8207 = VECTOR('',#8208,1.);
#8208 = DIRECTION('',(1.,0.,0.));
#8209 = PLANE('',#8210);
#8210 = AXIS2_PLACEMENT_3D('',#8211,#8212,#8213);
#8211 = CARTESIAN_POINT('',(-0.6,-0.585,4.E-02));
#8212 = DIRECTION('',(0.,0.,1.));
#8213 = DIRECTION('',(1.,0.,-0.));
#8214 = ADVANCED_FACE('',(#8215),#8234,.T.);
#8215 = FACE_BOUND('',#8216,.T.);
#8216 = EDGE_LOOP('',(#8217,#8225,#8232,#8233));
#8217 = ORIENTED_EDGE('',*,*,#8218,.T.);
#8218 = EDGE_CURVE('',#8132,#8219,#8221,.T.);
#8219 = VERTEX_POINT('',#8220);
#8220 = CARTESIAN_POINT('',(0.6,0.585,8.E-02));
#8221 = LINE('',#8222,#8223);
#8222 = CARTESIAN_POINT('',(-0.6,0.585,8.E-02));
#8223 = VECTOR('',#8224,1.);
#8224 = DIRECTION('',(1.,0.,0.));
#8225 = ORIENTED_EDGE('',*,*,#8226,.T.);
#8226 = EDGE_CURVE('',#8219,#8197,#8227,.T.);
#8227 = CIRCLE('',#8228,4.E-02);
#8228 = AXIS2_PLACEMENT_3D('',#8229,#8230,#8231);
#8229 = CARTESIAN_POINT('',(0.6,0.545,8.E-02));
#8230 = DIRECTION('',(-1.,0.,0.));
#8231 = DIRECTION('',(0.,0.,1.));
#8232 = ORIENTED_EDGE('',*,*,#8204,.F.);
#8233 = ORIENTED_EDGE('',*,*,#8139,.F.);
#8234 = CYLINDRICAL_SURFACE('',#8235,4.E-02);
#8235 = AXIS2_PLACEMENT_3D('',#8236,#8237,#8238);
#8236 = CARTESIAN_POINT('',(-0.6,0.545,8.E-02));
#8237 = DIRECTION('',(1.,0.,0.));
#8238 = DIRECTION('',(-0.,1.,0.));
#8239 = ADVANCED_FACE('',(#8240),#8258,.T.);
#8240 = FACE_BOUND('',#8241,.T.);
#8241 = EDGE_LOOP('',(#8242,#8250,#8251,#8252));
#8242 = ORIENTED_EDGE('',*,*,#8243,.F.);
#8243 = EDGE_CURVE('',#8219,#8244,#8246,.T.);
#8244 = VERTEX_POINT('',#8245);
#8245 = CARTESIAN_POINT('',(0.6,0.585,1.17));
#8246 = LINE('',#8247,#8248);
#8247 = CARTESIAN_POINT('',(0.6,0.585,4.E-02));
#8248 = VECTOR('',#8249,1.);
#8249 = DIRECTION('',(0.,0.,1.));
#8250 = ORIENTED_EDGE('',*,*,#8218,.F.);
#8251 = ORIENTED_EDGE('',*,*,#8131,.T.);
#8252 = ORIENTED_EDGE('',*,*,#8253,.T.);
#8253 = EDGE_CURVE('',#8123,#8244,#8254,.T.);
#8254 = LINE('',#8255,#8256);
#8255 = CARTESIAN_POINT('',(-0.6,0.585,1.17));
#8256 = VECTOR('',#8257,1.);
#8257 = DIRECTION('',(1.,0.,0.));
#8258 = PLANE('',#8259);
#8259 = AXIS2_PLACEMENT_3D('',#8260,#8261,#8262);
#8260 = CARTESIAN_POINT('',(-0.6,0.585,4.E-02));
#8261 = DIRECTION('',(0.,1.,0.));
#8262 = DIRECTION('',(0.,-0.,1.));
#8263 = ADVANCED_FACE('',(#8264),#8283,.T.);
#8264 = FACE_BOUND('',#8265,.T.);
#8265 = EDGE_LOOP('',(#8266,#8267,#8275,#8282));
#8266 = ORIENTED_EDGE('',*,*,#8122,.T.);
#8267 = ORIENTED_EDGE('',*,*,#8268,.T.);
#8268 = EDGE_CURVE('',#8115,#8269,#8271,.T.);
#8269 = VERTEX_POINT('',#8270);
#8270 = CARTESIAN_POINT('',(0.6,0.545,1.21));
#8271 = LINE('',#8272,#8273);
#8272 = CARTESIAN_POINT('',(-0.6,0.545,1.21));
#8273 = VECTOR('',#8274,1.);
#8274 = DIRECTION('',(1.,0.,0.));
#8275 = ORIENTED_EDGE('',*,*,#8276,.F.);
#8276 = EDGE_CURVE('',#8244,#8269,#8277,.T.);
#8277 = CIRCLE('',#8278,4.E-02);
#8278 = AXIS2_PLACEMENT_3D('',#8279,#8280,#8281);
#8279 = CARTESIAN_POINT('',(0.6,0.545,1.17));
#8280 = DIRECTION('',(1.,0.,-0.));
#8281 = DIRECTION('',(0.,0.,1.));
#8282 = ORIENTED_EDGE('',*,*,#8253,.F.);
#8283 = CYLINDRICAL_SURFACE('',#8284,4.E-02);
#8284 = AXIS2_PLACEMENT_3D('',#8285,#8286,#8287);
#8285 = CARTESIAN_POINT('',(-0.6,0.545,1.17));
#8286 = DIRECTION('',(1.,0.,0.));
#8287 = DIRECTION('',(-0.,1.,0.));
#8288 = ADVANCED_FACE('',(#8289),#8307,.T.);
#8289 = FACE_BOUND('',#8290,.T.);
#8290 = EDGE_LOOP('',(#8291,#8292,#8300,#8306));
#8291 = ORIENTED_EDGE('',*,*,#8114,.F.);
#8292 = ORIENTED_EDGE('',*,*,#8293,.T.);
#8293 = EDGE_CURVE('',#8106,#8294,#8296,.T.);
#8294 = VERTEX_POINT('',#8295);
#8295 = CARTESIAN_POINT('',(0.6,-0.545,1.21));
#8296 = LINE('',#8297,#8298);
#8297 = CARTESIAN_POINT('',(-0.6,-0.545,1.21));
#8298 = VECTOR('',#8299,1.);
#8299 = DIRECTION('',(1.,0.,0.));
#8300 = ORIENTED_EDGE('',*,*,#8301,.T.);
#8301 = EDGE_CURVE('',#8294,#8269,#8302,.T.);
#8302 = LINE('',#8303,#8304);
#8303 = CARTESIAN_POINT('',(0.6,-0.585,1.21));
#8304 = VECTOR('',#8305,1.);
#8305 = DIRECTION('',(0.,1.,0.));
#8306 = ORIENTED_EDGE('',*,*,#8268,.F.);
#8307 = PLANE('',#8308);
#8308 = AXIS2_PLACEMENT_3D('',#8309,#8310,#8311);
#8309 = CARTESIAN_POINT('',(-0.6,-0.585,1.21));
#8310 = DIRECTION('',(0.,0.,1.));
#8311 = DIRECTION('',(1.,0.,-0.));
#8312 = ADVANCED_FACE('',(#8313),#8332,.T.);
#8313 = FACE_BOUND('',#8314,.T.);
#8314 = EDGE_LOOP('',(#8315,#8323,#8330,#8331));
#8315 = ORIENTED_EDGE('',*,*,#8316,.T.);
#8316 = EDGE_CURVE('',#8098,#8317,#8319,.T.);
#8317 = VERTEX_POINT('',#8318);
#8318 = CARTESIAN_POINT('',(0.6,-0.585,1.17));
#8319 = LINE('',#8320,#8321);
#8320 = CARTESIAN_POINT('',(-0.6,-0.585,1.17));
#8321 = VECTOR('',#8322,1.);
#8322 = DIRECTION('',(1.,0.,0.));
#8323 = ORIENTED_EDGE('',*,*,#8324,.T.);
#8324 = EDGE_CURVE('',#8317,#8294,#8325,.T.);
#8325 = CIRCLE('',#8326,4.E-02);
#8326 = AXIS2_PLACEMENT_3D('',#8327,#8328,#8329);
#8327 = CARTESIAN_POINT('',(0.6,-0.545,1.17));
#8328 = DIRECTION('',(-1.,0.,0.));
#8329 = DIRECTION('',(0.,0.,1.));
#8330 = ORIENTED_EDGE('',*,*,#8293,.F.);
#8331 = ORIENTED_EDGE('',*,*,#8105,.F.);
#8332 = CYLINDRICAL_SURFACE('',#8333,4.E-02);
#8333 = AXIS2_PLACEMENT_3D('',#8334,#8335,#8336);
#8334 = CARTESIAN_POINT('',(-0.6,-0.545,1.17));
#8335 = DIRECTION('',(1.,0.,0.));
#8336 = DIRECTION('',(0.,-1.,0.));
#8337 = ADVANCED_FACE('',(#8338),#8349,.F.);
#8338 = FACE_BOUND('',#8339,.F.);
#8339 = EDGE_LOOP('',(#8340,#8346,#8347,#8348));
#8340 = ORIENTED_EDGE('',*,*,#8341,.F.);
#8341 = EDGE_CURVE('',#8172,#8317,#8342,.T.);
#8342 = LINE('',#8343,#8344);
#8343 = CARTESIAN_POINT('',(0.6,-0.585,4.E-02));
#8344 = VECTOR('',#8345,1.);
#8345 = DIRECTION('',(0.,0.,1.));
#8346 = ORIENTED_EDGE('',*,*,#8180,.F.);
#8347 = ORIENTED_EDGE('',*,*,#8097,.T.);
#8348 = ORIENTED_EDGE('',*,*,#8316,.T.);
#8349 = PLANE('',#8350);
#8350 = AXIS2_PLACEMENT_3D('',#8351,#8352,#8353);
#8351 = CARTESIAN_POINT('',(-0.6,-0.585,4.E-02));
#8352 = DIRECTION('',(0.,1.,0.));
#8353 = DIRECTION('',(0.,-0.,1.));
#8354 = ADVANCED_FACE('',(#8355,#8425),#8435,.F.);
#8355 = FACE_BOUND('',#8356,.F.);
#8356 = EDGE_LOOP('',(#8357,#8367,#8376,#8384,#8393,#8401,#8410,#8418));
#8357 = ORIENTED_EDGE('',*,*,#8358,.F.);
#8358 = EDGE_CURVE('',#8359,#8361,#8363,.T.);
#8359 = VERTEX_POINT('',#8360);
#8360 = CARTESIAN_POINT('',(0.6,-0.625,4.E-02));
#8361 = VERTEX_POINT('',#8362);
#8362 = CARTESIAN_POINT('',(0.6,-0.625,1.21));
#8363 = LINE('',#8364,#8365);
#8364 = CARTESIAN_POINT('',(0.6,-0.625,0.));
#8365 = VECTOR('',#8366,1.);
#8366 = DIRECTION('',(0.,0.,1.));
#8367 = ORIENTED_EDGE('',*,*,#8368,.T.);
#8368 = EDGE_CURVE('',#8359,#8369,#8371,.T.);
#8369 = VERTEX_POINT('',#8370);
#8370 = CARTESIAN_POINT('',(0.6,-0.585,0.));
#8371 = CIRCLE('',#8372,4.E-02);
#8372 = AXIS2_PLACEMENT_3D('',#8373,#8374,#8375);
#8373 = CARTESIAN_POINT('',(0.6,-0.585,4.E-02));
#8374 = DIRECTION('',(1.,0.,-0.));
#8375 = DIRECTION('',(0.,0.,1.));
#8376 = ORIENTED_EDGE('',*,*,#8377,.T.);
#8377 = EDGE_CURVE('',#8369,#8378,#8380,.T.);
#8378 = VERTEX_POINT('',#8379);
#8379 = CARTESIAN_POINT('',(0.6,0.585,0.));
#8380 = LINE('',#8381,#8382);
#8381 = CARTESIAN_POINT('',(0.6,-0.625,0.));
#8382 = VECTOR('',#8383,1.);
#8383 = DIRECTION('',(0.,1.,0.));
#8384 = ORIENTED_EDGE('',*,*,#8385,.F.);
#8385 = EDGE_CURVE('',#8386,#8378,#8388,.T.);
#8386 = VERTEX_POINT('',#8387);
#8387 = CARTESIAN_POINT('',(0.6,0.625,4.E-02));
#8388 = CIRCLE('',#8389,4.E-02);
#8389 = AXIS2_PLACEMENT_3D('',#8390,#8391,#8392);
#8390 = CARTESIAN_POINT('',(0.6,0.585,4.E-02));
#8391 = DIRECTION('',(-1.,0.,0.));
#8392 = DIRECTION('',(0.,0.,1.));
#8393 = ORIENTED_EDGE('',*,*,#8394,.T.);
#8394 = EDGE_CURVE('',#8386,#8395,#8397,.T.);
#8395 = VERTEX_POINT('',#8396);
#8396 = CARTESIAN_POINT('',(0.6,0.625,1.21));
#8397 = LINE('',#8398,#8399);
#8398 = CARTESIAN_POINT('',(0.6,0.625,0.));
#8399 = VECTOR('',#8400,1.);
#8400 = DIRECTION('',(0.,0.,1.));
#8401 = ORIENTED_EDGE('',*,*,#8402,.T.);
#8402 = EDGE_CURVE('',#8395,#8403,#8405,.T.);
#8403 = VERTEX_POINT('',#8404);
#8404 = CARTESIAN_POINT('',(0.6,0.585,1.25));
#8405 = CIRCLE('',#8406,4.E-02);
#8406 = AXIS2_PLACEMENT_3D('',#8407,#8408,#8409);
#8407 = CARTESIAN_POINT('',(0.6,0.585,1.21));
#8408 = DIRECTION('',(1.,0.,-0.));
#8409 = DIRECTION('',(0.,0.,1.));
#8410 = ORIENTED_EDGE('',*,*,#8411,.F.);
#8411 = EDGE_CURVE('',#8412,#8403,#8414,.T.);
#8412 = VERTEX_POINT('',#8413);
#8413 = CARTESIAN_POINT('',(0.6,-0.585,1.25));
#8414 = LINE('',#8415,#8416);
#8415 = CARTESIAN_POINT('',(0.6,-0.625,1.25));
#8416 = VECTOR('',#8417,1.);
#8417 = DIRECTION('',(0.,1.,0.));
#8418 = ORIENTED_EDGE('',*,*,#8419,.F.);
#8419 = EDGE_CURVE('',#8361,#8412,#8420,.T.);
#8420 = CIRCLE('',#8421,4.E-02);
#8421 = AXIS2_PLACEMENT_3D('',#8422,#8423,#8424);
#8422 = CARTESIAN_POINT('',(0.6,-0.585,1.21));
#8423 = DIRECTION('',(-1.,0.,0.));
#8424 = DIRECTION('',(0.,0.,1.));
#8425 = FACE_BOUND('',#8426,.F.);
#8426 = EDGE_LOOP('',(#8427,#8428,#8429,#8430,#8431,#8432,#8433,#8434));
#8427 = ORIENTED_EDGE('',*,*,#8171,.F.);
#8428 = ORIENTED_EDGE('',*,*,#8341,.T.);
#8429 = ORIENTED_EDGE('',*,*,#8324,.T.);
#8430 = ORIENTED_EDGE('',*,*,#8301,.T.);
#8431 = ORIENTED_EDGE('',*,*,#8276,.F.);
#8432 = ORIENTED_EDGE('',*,*,#8243,.F.);
#8433 = ORIENTED_EDGE('',*,*,#8226,.T.);
#8434 = ORIENTED_EDGE('',*,*,#8196,.F.);
#8435 = PLANE('',#8436);
#8436 = AXIS2_PLACEMENT_3D('',#8437,#8438,#8439);
#8437 = CARTESIAN_POINT('',(0.6,-0.625,0.));
#8438 = DIRECTION('',(1.,0.,0.));
#8439 = DIRECTION('',(0.,0.,1.));
#8440 = ADVANCED_FACE('',(#8441),#8466,.F.);
#8441 = FACE_BOUND('',#8442,.F.);
#8442 = EDGE_LOOP('',(#8443,#8453,#8459,#8460));
#8443 = ORIENTED_EDGE('',*,*,#8444,.F.);
#8444 = EDGE_CURVE('',#8445,#8447,#8449,.T.);
#8445 = VERTEX_POINT('',#8446);
#8446 = CARTESIAN_POINT('',(1.,-0.625,4.E-02));
#8447 = VERTEX_POINT('',#8448);
#8448 = CARTESIAN_POINT('',(1.,-0.625,1.21));
#8449 = LINE('',#8450,#8451);
#8450 = CARTESIAN_POINT('',(1.,-0.625,0.));
#8451 = VECTOR('',#8452,1.);
#8452 = DIRECTION('',(0.,0.,1.));
#8453 = ORIENTED_EDGE('',*,*,#8454,.F.);
#8454 = EDGE_CURVE('',#8359,#8445,#8455,.T.);
#8455 = LINE('',#8456,#8457);
#8456 = CARTESIAN_POINT('',(0.6,-0.625,4.E-02));
#8457 = VECTOR('',#8458,1.);
#8458 = DIRECTION('',(1.,0.,0.));
#8459 = ORIENTED_EDGE('',*,*,#8358,.T.);
#8460 = ORIENTED_EDGE('',*,*,#8461,.T.);
#8461 = EDGE_CURVE('',#8361,#8447,#8462,.T.);
#8462 = LINE('',#8463,#8464);
#8463 = CARTESIAN_POINT('',(0.6,-0.625,1.21));
#8464 = VECTOR('',#8465,1.);
#8465 = DIRECTION('',(1.,0.,0.));
#8466 = PLANE('',#8467);
#8467 = AXIS2_PLACEMENT_3D('',#8468,#8469,#8470);
#8468 = CARTESIAN_POINT('',(0.6,-0.625,0.));
#8469 = DIRECTION('',(0.,1.,0.));
#8470 = DIRECTION('',(0.,-0.,1.));
#8471 = ADVANCED_FACE('',(#8472),#8491,.T.);
#8472 = FACE_BOUND('',#8473,.T.);
#8473 = EDGE_LOOP('',(#8474,#8475,#8483,#8490));
#8474 = ORIENTED_EDGE('',*,*,#8368,.T.);
#8475 = ORIENTED_EDGE('',*,*,#8476,.T.);
#8476 = EDGE_CURVE('',#8369,#8477,#8479,.T.);
#8477 = VERTEX_POINT('',#8478);
#8478 = CARTESIAN_POINT('',(1.,-0.585,0.));
#8479 = LINE('',#8480,#8481);
#8480 = CARTESIAN_POINT('',(0.6,-0.585,0.));
#8481 = VECTOR('',#8482,1.);
#8482 = DIRECTION('',(1.,0.,0.));
#8483 = ORIENTED_EDGE('',*,*,#8484,.F.);
#8484 = EDGE_CURVE('',#8445,#8477,#8485,.T.);
#8485 = CIRCLE('',#8486,4.E-02);
#8486 = AXIS2_PLACEMENT_3D('',#8487,#8488,#8489);
#8487 = CARTESIAN_POINT('',(1.,-0.585,4.E-02));
#8488 = DIRECTION('',(1.,0.,-0.));
#8489 = DIRECTION('',(0.,0.,1.));
#8490 = ORIENTED_EDGE('',*,*,#8454,.F.);
#8491 = CYLINDRICAL_SURFACE('',#8492,4.E-02);
#8492 = AXIS2_PLACEMENT_3D('',#8493,#8494,#8495);
#8493 = CARTESIAN_POINT('',(0.6,-0.585,4.E-02));
#8494 = DIRECTION('',(1.,0.,0.));
#8495 = DIRECTION('',(0.,-1.,0.));
#8496 = ADVANCED_FACE('',(#8497),#8516,.T.);
#8497 = FACE_BOUND('',#8498,.T.);
#8498 = EDGE_LOOP('',(#8499,#8500,#8509,#8515));
#8499 = ORIENTED_EDGE('',*,*,#8461,.T.);
#8500 = ORIENTED_EDGE('',*,*,#8501,.T.);
#8501 = EDGE_CURVE('',#8447,#8502,#8504,.T.);
#8502 = VERTEX_POINT('',#8503);
#8503 = CARTESIAN_POINT('',(1.,-0.585,1.25));
#8504 = CIRCLE('',#8505,4.E-02);
#8505 = AXIS2_PLACEMENT_3D('',#8506,#8507,#8508);
#8506 = CARTESIAN_POINT('',(1.,-0.585,1.21));
#8507 = DIRECTION('',(-1.,0.,0.));
#8508 = DIRECTION('',(0.,0.,1.));
#8509 = ORIENTED_EDGE('',*,*,#8510,.F.);
#8510 = EDGE_CURVE('',#8412,#8502,#8511,.T.);
#8511 = LINE('',#8512,#8513);
#8512 = CARTESIAN_POINT('',(0.6,-0.585,1.25));
#8513 = VECTOR('',#8514,1.);
#8514 = DIRECTION('',(1.,0.,0.));
#8515 = ORIENTED_EDGE('',*,*,#8419,.F.);
#8516 = CYLINDRICAL_SURFACE('',#8517,4.E-02);
#8517 = AXIS2_PLACEMENT_3D('',#8518,#8519,#8520);
#8518 = CARTESIAN_POINT('',(0.6,-0.585,1.21));
#8519 = DIRECTION('',(1.,0.,0.));
#8520 = DIRECTION('',(0.,-1.,0.));
#8521 = ADVANCED_FACE('',(#8522),#8540,.F.);
#8522 = FACE_BOUND('',#8523,.F.);
#8523 = EDGE_LOOP('',(#8524,#8525,#8526,#8534));
#8524 = ORIENTED_EDGE('',*,*,#8377,.F.);
#8525 = ORIENTED_EDGE('',*,*,#8476,.T.);
#8526 = ORIENTED_EDGE('',*,*,#8527,.T.);
#8527 = EDGE_CURVE('',#8477,#8528,#8530,.T.);
#8528 = VERTEX_POINT('',#8529);
#8529 = CARTESIAN_POINT('',(1.,0.585,0.));
#8530 = LINE('',#8531,#8532);
#8531 = CARTESIAN_POINT('',(1.,-0.625,0.));
#8532 = VECTOR('',#8533,1.);
#8533 = DIRECTION('',(0.,1.,0.));
#8534 = ORIENTED_EDGE('',*,*,#8535,.F.);
#8535 = EDGE_CURVE('',#8378,#8528,#8536,.T.);
#8536 = LINE('',#8537,#8538);
#8537 = CARTESIAN_POINT('',(0.6,0.585,0.));
#8538 = VECTOR('',#8539,1.);
#8539 = DIRECTION('',(1.,0.,0.));
#8540 = PLANE('',#8541);
#8541 = AXIS2_PLACEMENT_3D('',#8542,#8543,#8544);
#8542 = CARTESIAN_POINT('',(0.6,-0.625,0.));
#8543 = DIRECTION('',(0.,0.,1.));
#8544 = DIRECTION('',(1.,0.,-0.));
#8545 = ADVANCED_FACE('',(#8546),#8564,.T.);
#8546 = FACE_BOUND('',#8547,.T.);
#8547 = EDGE_LOOP('',(#8548,#8549,#8550,#8558));
#8548 = ORIENTED_EDGE('',*,*,#8411,.F.);
#8549 = ORIENTED_EDGE('',*,*,#8510,.T.);
#8550 = ORIENTED_EDGE('',*,*,#8551,.T.);
#8551 = EDGE_CURVE('',#8502,#8552,#8554,.T.);
#8552 = VERTEX_POINT('',#8553);
#8553 = CARTESIAN_POINT('',(1.,0.585,1.25));
#8554 = LINE('',#8555,#8556);
#8555 = CARTESIAN_POINT('',(1.,-0.625,1.25));
#8556 = VECTOR('',#8557,1.);
#8557 = DIRECTION('',(0.,1.,0.));
#8558 = ORIENTED_EDGE('',*,*,#8559,.F.);
#8559 = EDGE_CURVE('',#8403,#8552,#8560,.T.);
#8560 = LINE('',#8561,#8562);
#8561 = CARTESIAN_POINT('',(0.6,0.585,1.25));
#8562 = VECTOR('',#8563,1.);
#8563 = DIRECTION('',(1.,0.,0.));
#8564 = PLANE('',#8565);
#8565 = AXIS2_PLACEMENT_3D('',#8566,#8567,#8568);
#8566 = CARTESIAN_POINT('',(0.6,-0.625,1.25));
#8567 = DIRECTION('',(0.,0.,1.));
#8568 = DIRECTION('',(1.,0.,-0.));
#8569 = ADVANCED_FACE('',(#8570),#8589,.T.);
#8570 = FACE_BOUND('',#8571,.T.);
#8571 = EDGE_LOOP('',(#8572,#8580,#8587,#8588));
#8572 = ORIENTED_EDGE('',*,*,#8573,.T.);
#8573 = EDGE_CURVE('',#8386,#8574,#8576,.T.);
#8574 = VERTEX_POINT('',#8575);
#8575 = CARTESIAN_POINT('',(1.,0.625,4.E-02));
#8576 = LINE('',#8577,#8578);
#8577 = CARTESIAN_POINT('',(0.6,0.625,4.E-02));
#8578 = VECTOR('',#8579,1.);
#8579 = DIRECTION('',(1.,0.,0.));
#8580 = ORIENTED_EDGE('',*,*,#8581,.T.);
#8581 = EDGE_CURVE('',#8574,#8528,#8582,.T.);
#8582 = CIRCLE('',#8583,4.E-02);
#8583 = AXIS2_PLACEMENT_3D('',#8584,#8585,#8586);
#8584 = CARTESIAN_POINT('',(1.,0.585,4.E-02));
#8585 = DIRECTION('',(-1.,0.,0.));
#8586 = DIRECTION('',(0.,0.,1.));
#8587 = ORIENTED_EDGE('',*,*,#8535,.F.);
#8588 = ORIENTED_EDGE('',*,*,#8385,.F.);
#8589 = CYLINDRICAL_SURFACE('',#8590,4.E-02);
#8590 = AXIS2_PLACEMENT_3D('',#8591,#8592,#8593);
#8591 = CARTESIAN_POINT('',(0.6,0.585,4.E-02));
#8592 = DIRECTION('',(1.,0.,0.));
#8593 = DIRECTION('',(-0.,1.,0.));
#8594 = ADVANCED_FACE('',(#8595),#8614,.T.);
#8595 = FACE_BOUND('',#8596,.T.);
#8596 = EDGE_LOOP('',(#8597,#8598,#8599,#8608));
#8597 = ORIENTED_EDGE('',*,*,#8402,.T.);
#8598 = ORIENTED_EDGE('',*,*,#8559,.T.);
#8599 = ORIENTED_EDGE('',*,*,#8600,.F.);
#8600 = EDGE_CURVE('',#8601,#8552,#8603,.T.);
#8601 = VERTEX_POINT('',#8602);
#8602 = CARTESIAN_POINT('',(1.,0.625,1.21));
#8603 = CIRCLE('',#8604,4.E-02);
#8604 = AXIS2_PLACEMENT_3D('',#8605,#8606,#8607);
#8605 = CARTESIAN_POINT('',(1.,0.585,1.21));
#8606 = DIRECTION('',(1.,0.,-0.));
#8607 = DIRECTION('',(0.,0.,1.));
#8608 = ORIENTED_EDGE('',*,*,#8609,.F.);
#8609 = EDGE_CURVE('',#8395,#8601,#8610,.T.);
#8610 = LINE('',#8611,#8612);
#8611 = CARTESIAN_POINT('',(0.6,0.625,1.21));
#8612 = VECTOR('',#8613,1.);
#8613 = DIRECTION('',(1.,0.,0.));
#8614 = CYLINDRICAL_SURFACE('',#8615,4.E-02);
#8615 = AXIS2_PLACEMENT_3D('',#8616,#8617,#8618);
#8616 = CARTESIAN_POINT('',(0.6,0.585,1.21));
#8617 = DIRECTION('',(1.,0.,0.));
#8618 = DIRECTION('',(-0.,1.,0.));
#8619 = ADVANCED_FACE('',(#8620),#8631,.T.);
#8620 = FACE_BOUND('',#8621,.T.);
#8621 = EDGE_LOOP('',(#8622,#8628,#8629,#8630));
#8622 = ORIENTED_EDGE('',*,*,#8623,.F.);
#8623 = EDGE_CURVE('',#8574,#8601,#8624,.T.);
#8624 = LINE('',#8625,#8626);
#8625 = CARTESIAN_POINT('',(1.,0.625,0.));
#8626 = VECTOR('',#8627,1.);
#8627 = DIRECTION('',(0.,0.,1.));
#8628 = ORIENTED_EDGE('',*,*,#8573,.F.);
#8629 = ORIENTED_EDGE('',*,*,#8394,.T.);
#8630 = ORIENTED_EDGE('',*,*,#8609,.T.);
#8631 = PLANE('',#8632);
#8632 = AXIS2_PLACEMENT_3D('',#8633,#8634,#8635);
#8633 = CARTESIAN_POINT('',(0.6,0.625,0.));
#8634 = DIRECTION('',(0.,1.,0.));
#8635 = DIRECTION('',(0.,-0.,1.));
#8636 = ADVANCED_FACE('',(#8637),#8647,.T.);
#8637 = FACE_BOUND('',#8638,.T.);
#8638 = EDGE_LOOP('',(#8639,#8640,#8641,#8642,#8643,#8644,#8645,#8646));
#8639 = ORIENTED_EDGE('',*,*,#8444,.F.);
#8640 = ORIENTED_EDGE('',*,*,#8484,.T.);
#8641 = ORIENTED_EDGE('',*,*,#8527,.T.);
#8642 = ORIENTED_EDGE('',*,*,#8581,.F.);
#8643 = ORIENTED_EDGE('',*,*,#8623,.T.);
#8644 = ORIENTED_EDGE('',*,*,#8600,.T.);
#8645 = ORIENTED_EDGE('',*,*,#8551,.F.);
#8646 = ORIENTED_EDGE('',*,*,#8501,.F.);
#8647 = PLANE('',#8648);
#8648 = AXIS2_PLACEMENT_3D('',#8649,#8650,#8651);
#8649 = CARTESIAN_POINT('',(1.,-0.625,0.));
#8650 = DIRECTION('',(1.,0.,0.));
#8651 = DIRECTION('',(0.,0.,1.));
#8652 = ( GEOMETRIC_REPRESENTATION_CONTEXT(3) 
GLOBAL_UNCERTAINTY_ASSIGNED_CONTEXT((#8656)) 
GLOBAL_UNIT_ASSIGNED_CONTEXT((#8653,#8654,#8655)) REPRESENTATION_CONTEXT
('Context #1','3D Context with UNIT and UNCERTAINTY') );
#8653 = ( LENGTH_UNIT() NAMED_UNIT(*) SI_UNIT(.MILLI.,.METRE.) );
#8654 = ( NAMED_UNIT(*) PLANE_ANGLE_UNIT() SI_UNIT($,.RADIAN.) );
#8655 = ( NAMED_UNIT(*) SI_UNIT($,.STERADIAN.) SOLID_ANGLE_UNIT() );
#8656 = UNCERTAINTY_MEASURE_WITH_UNIT(LENGTH_MEASURE(1.E-07),#8653,
  'distance_accuracy_value','confusion accuracy');
#8657 = CONTEXT_DEPENDENT_SHAPE_REPRESENTATION(#8658,#8660);
#8658 = ( REPRESENTATION_RELATIONSHIP('','',#7797,#10) 
REPRESENTATION_RELATIONSHIP_WITH_TRANSFORMATION(#8659) 
SHAPE_REPRESENTATION_RELATIONSHIP() );
#8659 = ITEM_DEFINED_TRANSFORMATION('','',#11,#51);
#8660 = PRODUCT_DEFINITION_SHAPE('Placement','Placement of an item',
  #8661);
#8661 = NEXT_ASSEMBLY_USAGE_OCCURRENCE('10','C5','',#5,#7792,$);
#8662 = PRODUCT_RELATED_PRODUCT_CATEGORY('part',$,(#7794));
#8663 = CONTEXT_DEPENDENT_SHAPE_REPRESENTATION(#8664,#8666);
#8664 = ( REPRESENTATION_RELATIONSHIP('','',#7797,#10) 
REPRESENTATION_RELATIONSHIP_WITH_TRANSFORMATION(#8665) 
SHAPE_REPRESENTATION_RELATIONSHIP() );
#8665 = ITEM_DEFINED_TRANSFORMATION('','',#11,#55);
#8666 = PRODUCT_DEFINITION_SHAPE('Placement','Placement of an item',
  #8667);
#8667 = NEXT_ASSEMBLY_USAGE_OCCURRENCE('11','C7','',#5,#7792,$);
#8668 = CONTEXT_DEPENDENT_SHAPE_REPRESENTATION(#8669,#8671);
#8669 = ( REPRESENTATION_RELATIONSHIP('','',#4982,#10) 
REPRESENTATION_RELATIONSHIP_WITH_TRANSFORMATION(#8670) 
SHAPE_REPRESENTATION_RELATIONSHIP() );
#8670 = ITEM_DEFINED_TRANSFORMATION('','',#11,#59);
#8671 = PRODUCT_DEFINITION_SHAPE('Placement','Placement of an item',
  #8672);
#8672 = NEXT_ASSEMBLY_USAGE_OCCURRENCE('12','R4','',#5,#4977,$);
#8673 = CONTEXT_DEPENDENT_SHAPE_REPRESENTATION(#8674,#8676);
#8674 = ( REPRESENTATION_RELATIONSHIP('','',#7797,#10) 
REPRESENTATION_RELATIONSHIP_WITH_TRANSFORMATION(#8675) 
SHAPE_REPRESENTATION_RELATIONSHIP() );
#8675 = ITEM_DEFINED_TRANSFORMATION('','',#11,#63);
#8676 = PRODUCT_DEFINITION_SHAPE('Placement','Placement of an item',
  #8677);
#8677 = NEXT_ASSEMBLY_USAGE_OCCURRENCE('13','C12','',#5,#7792,$);
#8678 = CONTEXT_DEPENDENT_SHAPE_REPRESENTATION(#8679,#8681);
#8679 = ( REPRESENTATION_RELATIONSHIP('','',#7797,#10) 
REPRESENTATION_RELATIONSHIP_WITH_TRANSFORMATION(#8680) 
SHAPE_REPRESENTATION_RELATIONSHIP() );
#8680 = ITEM_DEFINED_TRANSFORMATION('','',#11,#67);
#8681 = PRODUCT_DEFINITION_SHAPE('Placement','Placement of an item',
  #8682);
#8682 = NEXT_ASSEMBLY_USAGE_OCCURRENCE('14','C2','',#5,#7792,$);
#8683 = CONTEXT_DEPENDENT_SHAPE_REPRESENTATION(#8684,#8686);
#8684 = ( REPRESENTATION_RELATIONSHIP('','',#7797,#10) 
REPRESENTATION_RELATIONSHIP_WITH_TRANSFORMATION(#8685) 
SHAPE_REPRESENTATION_RELATIONSHIP() );
#8685 = ITEM_DEFINED_TRANSFORMATION('','',#11,#71);
#8686 = PRODUCT_DEFINITION_SHAPE('Placement','Placement of an item',
  #8687);
#8687 = NEXT_ASSEMBLY_USAGE_OCCURRENCE('15','C6','',#5,#7792,$);
#8688 = CONTEXT_DEPENDENT_SHAPE_REPRESENTATION(#8689,#8691);
#8689 = ( REPRESENTATION_RELATIONSHIP('','',#7797,#10) 
REPRESENTATION_RELATIONSHIP_WITH_TRANSFORMATION(#8690) 
SHAPE_REPRESENTATION_RELATIONSHIP() );
#8690 = ITEM_DEFINED_TRANSFORMATION('','',#11,#75);
#8691 = PRODUCT_DEFINITION_SHAPE('Placement','Placement of an item',
  #8692);
#8692 = NEXT_ASSEMBLY_USAGE_OCCURRENCE('16','C10','',#5,#7792,$);
#8693 = CONTEXT_DEPENDENT_SHAPE_REPRESENTATION(#8694,#8696);
#8694 = ( REPRESENTATION_RELATIONSHIP('','',#4982,#10) 
REPRESENTATION_RELATIONSHIP_WITH_TRANSFORMATION(#8695) 
SHAPE_REPRESENTATION_RELATIONSHIP() );
#8695 = ITEM_DEFINED_TRANSFORMATION('','',#11,#79);
#8696 = PRODUCT_DEFINITION_SHAPE('Placement','Placement of an item',
  #8697);
#8697 = NEXT_ASSEMBLY_USAGE_OCCURRENCE('17','R3','',#5,#4977,$);
#8698 = CONTEXT_DEPENDENT_SHAPE_REPRESENTATION(#8699,#8701);
#8699 = ( REPRESENTATION_RELATIONSHIP('','',#7797,#10) 
REPRESENTATION_RELATIONSHIP_WITH_TRANSFORMATION(#8700) 
SHAPE_REPRESENTATION_RELATIONSHIP() );
#8700 = ITEM_DEFINED_TRANSFORMATION('','',#11,#83);
#8701 = PRODUCT_DEFINITION_SHAPE('Placement','Placement of an item',
  #8702);
#8702 = NEXT_ASSEMBLY_USAGE_OCCURRENCE('18','C3','',#5,#7792,$);
#8703 = SHAPE_DEFINITION_REPRESENTATION(#8704,#8710);
#8704 = PRODUCT_DEFINITION_SHAPE('','',#8705);
#8705 = PRODUCT_DEFINITION('design','',#8706,#8709);
#8706 = PRODUCT_DEFINITION_FORMATION('','',#8707);
#8707 = PRODUCT('D_MiniMELF','D_MiniMELF','',(#8708));
#8708 = PRODUCT_CONTEXT('',#2,'mechanical');
#8709 = PRODUCT_DEFINITION_CONTEXT('part definition',#2,'design');
#8710 = ADVANCED_BREP_SHAPE_REPRESENTATION('',(#11,#8711),#9004);
#8711 = MANIFOLD_SOLID_BREP('',#8712);
#8712 = CLOSED_SHELL('',(#8713,#8746,#8766,#8786,#8811,#8836,#8856,#8876
    ,#8901,#8926,#8956,#8986,#8995));
#8713 = ADVANCED_FACE('',(#8714),#8741,.T.);
#8714 = FACE_BOUND('',#8715,.T.);
#8715 = EDGE_LOOP('',(#8716,#8726,#8733,#8734));
#8716 = ORIENTED_EDGE('',*,*,#8717,.T.);
#8717 = EDGE_CURVE('',#8718,#8720,#8722,.T.);
#8718 = VERTEX_POINT('',#8719);
#8719 = CARTESIAN_POINT('',(-0.52,-4.502971492425E-17,4.502971492425E-17
    ));
#8720 = VERTEX_POINT('',#8721);
#8721 = CARTESIAN_POINT('',(-0.72,-6.234883604896E-17,6.234883604896E-17
    ));
#8722 = LINE('',#8723,#8724);
#8723 = CARTESIAN_POINT('',(-0.52,-4.502971492425E-17,4.502971492425E-17
    ));
#8724 = VECTOR('',#8725,1.);
#8725 = DIRECTION('',(-1.,-8.659560562355E-17,8.659560562355E-17));
#8726 = ORIENTED_EDGE('',*,*,#8727,.T.);
#8727 = EDGE_CURVE('',#8720,#8720,#8728,.T.);
#8728 = CIRCLE('',#8729,0.7);
#8729 = AXIS2_PLACEMENT_3D('',#8730,#8731,#8732);
#8730 = CARTESIAN_POINT('',(-0.72,-6.234883604896E-17,0.7));
#8731 = DIRECTION('',(1.,8.659560562355E-17,-8.659560562355E-17));
#8732 = DIRECTION('',(-8.659560562355E-17,-7.395570986447E-32,-1.));
#8733 = ORIENTED_EDGE('',*,*,#8717,.F.);
#8734 = ORIENTED_EDGE('',*,*,#8735,.F.);
#8735 = EDGE_CURVE('',#8718,#8718,#8736,.T.);
#8736 = CIRCLE('',#8737,0.7);
#8737 = AXIS2_PLACEMENT_3D('',#8738,#8739,#8740);
#8738 = CARTESIAN_POINT('',(-0.52,-4.502971492425E-17,0.7));
#8739 = DIRECTION('',(1.,8.659560562355E-17,-8.659560562355E-17));
#8740 = DIRECTION('',(-8.659560562355E-17,-9.860761315263E-32,-1.));
#8741 = CYLINDRICAL_SURFACE('',#8742,0.7);
#8742 = AXIS2_PLACEMENT_3D('',#8743,#8744,#8745);
#8743 = CARTESIAN_POINT('',(-0.52,-4.502971492425E-17,0.7));
#8744 = DIRECTION('',(-1.,-8.659560562355E-17,8.659560562355E-17));
#8745 = DIRECTION('',(-8.659560562355E-17,-9.860761315263E-32,-1.));
#8746 = ADVANCED_FACE('',(#8747,#8750),#8761,.T.);
#8747 = FACE_BOUND('',#8748,.F.);
#8748 = EDGE_LOOP('',(#8749));
#8749 = ORIENTED_EDGE('',*,*,#8735,.F.);
#8750 = FACE_BOUND('',#8751,.F.);
#8751 = EDGE_LOOP('',(#8752));
#8752 = ORIENTED_EDGE('',*,*,#8753,.F.);
#8753 = EDGE_CURVE('',#8754,#8754,#8756,.T.);
#8754 = VERTEX_POINT('',#8755);
#8755 = CARTESIAN_POINT('',(-0.52,1.110223024625E-17,2.5E-02));
#8756 = CIRCLE('',#8757,0.675);
#8757 = AXIS2_PLACEMENT_3D('',#8758,#8759,#8760);
#8758 = CARTESIAN_POINT('',(-0.52,3.10862446895E-16,0.7));
#8759 = DIRECTION('',(-1.,-0.,0.));
#8760 = DIRECTION('',(0.,-4.440892098501E-16,-1.));
#8761 = PLANE('',#8762);
#8762 = AXIS2_PLACEMENT_3D('',#8763,#8764,#8765);
#8763 = CARTESIAN_POINT('',(-0.52,-4.502971492425E-17,0.7));
#8764 = DIRECTION('',(1.,8.659560562355E-17,-8.659560562355E-17));
#8765 = DIRECTION('',(-8.659560562355E-17,1.7080354225E-17,-1.));
#8766 = ADVANCED_FACE('',(#8767,#8770),#8781,.T.);
#8767 = FACE_BOUND('',#8768,.F.);
#8768 = EDGE_LOOP('',(#8769));
#8769 = ORIENTED_EDGE('',*,*,#8727,.T.);
#8770 = FACE_BOUND('',#8771,.F.);
#8771 = EDGE_LOOP('',(#8772));
#8772 = ORIENTED_EDGE('',*,*,#8773,.T.);
#8773 = EDGE_CURVE('',#8774,#8774,#8776,.T.);
#8774 = VERTEX_POINT('',#8775);
#8775 = CARTESIAN_POINT('',(-0.72,1.110223024625E-17,2.5E-02));
#8776 = CIRCLE('',#8777,0.675);
#8777 = AXIS2_PLACEMENT_3D('',#8778,#8779,#8780);
#8778 = CARTESIAN_POINT('',(-0.72,3.10862446895E-16,0.7));
#8779 = DIRECTION('',(-1.,-0.,0.));
#8780 = DIRECTION('',(0.,-4.440892098501E-16,-1.));
#8781 = PLANE('',#8782);
#8782 = AXIS2_PLACEMENT_3D('',#8783,#8784,#8785);
#8783 = CARTESIAN_POINT('',(-0.72,-6.234883604896E-17,0.7));
#8784 = DIRECTION('',(-1.,-8.659560562355E-17,8.659560562355E-17));
#8785 = DIRECTION('',(8.659560562355E-17,7.395570986447E-32,1.));
#8786 = ADVANCED_FACE('',(#8787),#8806,.T.);
#8787 = FACE_BOUND('',#8788,.T.);
#8788 = EDGE_LOOP('',(#8789,#8798,#8804,#8805));
#8789 = ORIENTED_EDGE('',*,*,#8790,.T.);
#8790 = EDGE_CURVE('',#8791,#8791,#8793,.T.);
#8791 = VERTEX_POINT('',#8792);
#8792 = CARTESIAN_POINT('',(0.9,1.110223024625E-17,2.5E-02));
#8793 = CIRCLE('',#8794,0.675);
#8794 = AXIS2_PLACEMENT_3D('',#8795,#8796,#8797);
#8795 = CARTESIAN_POINT('',(0.9,3.10862446895E-16,0.7));
#8796 = DIRECTION('',(-1.,-0.,0.));
#8797 = DIRECTION('',(0.,-4.440892098501E-16,-1.));
#8798 = ORIENTED_EDGE('',*,*,#8799,.T.);
#8799 = EDGE_CURVE('',#8791,#8754,#8800,.T.);
#8800 = LINE('',#8801,#8802);
#8801 = CARTESIAN_POINT('',(1.35,1.110223024625E-17,2.5E-02));
#8802 = VECTOR('',#8803,1.);
#8803 = DIRECTION('',(-1.,0.,0.));
#8804 = ORIENTED_EDGE('',*,*,#8753,.F.);
#8805 = ORIENTED_EDGE('',*,*,#8799,.F.);
#8806 = CYLINDRICAL_SURFACE('',#8807,0.675);
#8807 = AXIS2_PLACEMENT_3D('',#8808,#8809,#8810);
#8808 = CARTESIAN_POINT('',(1.35,3.10862446895E-16,0.7));
#8809 = DIRECTION('',(-1.,0.,-0.));
#8810 = DIRECTION('',(0.,-4.440892098501E-16,-1.));
#8811 = ADVANCED_FACE('',(#8812),#8831,.T.);
#8812 = FACE_BOUND('',#8813,.T.);
#8813 = EDGE_LOOP('',(#8814,#8815,#8823,#8830));
#8814 = ORIENTED_EDGE('',*,*,#8773,.T.);
#8815 = ORIENTED_EDGE('',*,*,#8816,.T.);
#8816 = EDGE_CURVE('',#8774,#8817,#8819,.T.);
#8817 = VERTEX_POINT('',#8818);
#8818 = CARTESIAN_POINT('',(-0.9,1.110223024625E-17,2.5E-02));
#8819 = LINE('',#8820,#8821);
#8820 = CARTESIAN_POINT('',(1.35,1.110223024625E-17,2.5E-02));
#8821 = VECTOR('',#8822,1.);
#8822 = DIRECTION('',(-1.,0.,0.));
#8823 = ORIENTED_EDGE('',*,*,#8824,.F.);
#8824 = EDGE_CURVE('',#8817,#8817,#8825,.T.);
#8825 = CIRCLE('',#8826,0.675);
#8826 = AXIS2_PLACEMENT_3D('',#8827,#8828,#8829);
#8827 = CARTESIAN_POINT('',(-0.9,3.10862446895E-16,0.7));
#8828 = DIRECTION('',(-1.,-0.,0.));
#8829 = DIRECTION('',(0.,-4.440892098501E-16,-1.));
#8830 = ORIENTED_EDGE('',*,*,#8816,.F.);
#8831 = CYLINDRICAL_SURFACE('',#8832,0.675);
#8832 = AXIS2_PLACEMENT_3D('',#8833,#8834,#8835);
#8833 = CARTESIAN_POINT('',(1.35,3.10862446895E-16,0.7));
#8834 = DIRECTION('',(-1.,0.,-0.));
#8835 = DIRECTION('',(0.,-4.440892098501E-16,-1.));
#8836 = ADVANCED_FACE('',(#8837,#8848),#8851,.T.);
#8837 = FACE_BOUND('',#8838,.T.);
#8838 = EDGE_LOOP('',(#8839));
#8839 = ORIENTED_EDGE('',*,*,#8840,.T.);
#8840 = EDGE_CURVE('',#8841,#8841,#8843,.T.);
#8841 = VERTEX_POINT('',#8842);
#8842 = CARTESIAN_POINT('',(0.9,0.,0.));
#8843 = CIRCLE('',#8844,0.7);
#8844 = AXIS2_PLACEMENT_3D('',#8845,#8846,#8847);
#8845 = CARTESIAN_POINT('',(0.9,3.10862446895E-16,0.7));
#8846 = DIRECTION('',(-1.,-0.,0.));
#8847 = DIRECTION('',(0.,-4.440892098501E-16,-1.));
#8848 = FACE_BOUND('',#8849,.T.);
#8849 = EDGE_LOOP('',(#8850));
#8850 = ORIENTED_EDGE('',*,*,#8790,.F.);
#8851 = PLANE('',#8852);
#8852 = AXIS2_PLACEMENT_3D('',#8853,#8854,#8855);
#8853 = CARTESIAN_POINT('',(0.9,3.10862446895E-16,0.7));
#8854 = DIRECTION('',(-1.,0.,-0.));
#8855 = DIRECTION('',(0.,-4.440892098501E-16,-1.));
#8856 = ADVANCED_FACE('',(#8857,#8868),#8871,.F.);
#8857 = FACE_BOUND('',#8858,.F.);
#8858 = EDGE_LOOP('',(#8859));
#8859 = ORIENTED_EDGE('',*,*,#8860,.T.);
#8860 = EDGE_CURVE('',#8861,#8861,#8863,.T.);
#8861 = VERTEX_POINT('',#8862);
#8862 = CARTESIAN_POINT('',(-0.9,0.,0.));
#8863 = CIRCLE('',#8864,0.7);
#8864 = AXIS2_PLACEMENT_3D('',#8865,#8866,#8867);
#8865 = CARTESIAN_POINT('',(-0.9,3.10862446895E-16,0.7));
#8866 = DIRECTION('',(-1.,-0.,0.));
#8867 = DIRECTION('',(0.,-4.440892098501E-16,-1.));
#8868 = FACE_BOUND('',#8869,.F.);
#8869 = EDGE_LOOP('',(#8870));
#8870 = ORIENTED_EDGE('',*,*,#8824,.F.);
#8871 = PLANE('',#8872);
#8872 = AXIS2_PLACEMENT_3D('',#8873,#8874,#8875);
#8873 = CARTESIAN_POINT('',(-0.9,3.10862446895E-16,0.7));
#8874 = DIRECTION('',(-1.,0.,-0.));
#8875 = DIRECTION('',(0.,-4.440892098501E-16,-1.));
#8876 = ADVANCED_FACE('',(#8877),#8896,.T.);
#8877 = FACE_BOUND('',#8878,.T.);
#8878 = EDGE_LOOP('',(#8879,#8887,#8894,#8895));
#8879 = ORIENTED_EDGE('',*,*,#8880,.T.);
#8880 = EDGE_CURVE('',#8841,#8881,#8883,.T.);
#8881 = VERTEX_POINT('',#8882);
#8882 = CARTESIAN_POINT('',(1.7,0.,0.));
#8883 = LINE('',#8884,#8885);
#8884 = CARTESIAN_POINT('',(0.9,4.440892098501E-33,1.E-17));
#8885 = VECTOR('',#8886,1.);
#8886 = DIRECTION('',(1.,0.,0.));
#8887 = ORIENTED_EDGE('',*,*,#8888,.T.);
#8888 = EDGE_CURVE('',#8881,#8881,#8889,.T.);
#8889 = CIRCLE('',#8890,0.7);
#8890 = AXIS2_PLACEMENT_3D('',#8891,#8892,#8893);
#8891 = CARTESIAN_POINT('',(1.7,3.10862446895E-16,0.7));
#8892 = DIRECTION('',(-1.,-0.,0.));
#8893 = DIRECTION('',(0.,-4.440892098501E-16,-1.));
#8894 = ORIENTED_EDGE('',*,*,#8880,.F.);
#8895 = ORIENTED_EDGE('',*,*,#8840,.F.);
#8896 = CYLINDRICAL_SURFACE('',#8897,0.7);
#8897 = AXIS2_PLACEMENT_3D('',#8898,#8899,#8900);
#8898 = CARTESIAN_POINT('',(0.9,3.10862446895E-16,0.7));
#8899 = DIRECTION('',(1.,0.,0.));
#8900 = DIRECTION('',(0.,-4.440892098501E-16,-1.));
#8901 = ADVANCED_FACE('',(#8902),#8921,.T.);
#8902 = FACE_BOUND('',#8903,.T.);
#8903 = EDGE_LOOP('',(#8904,#8912,#8913,#8914));
#8904 = ORIENTED_EDGE('',*,*,#8905,.T.);
#8905 = EDGE_CURVE('',#8906,#8861,#8908,.T.);
#8906 = VERTEX_POINT('',#8907);
#8907 = CARTESIAN_POINT('',(-1.7,0.,0.));
#8908 = LINE('',#8909,#8910);
#8909 = CARTESIAN_POINT('',(-1.7,-1.33226762955E-32,-3.E-17));
#8910 = VECTOR('',#8911,1.);
#8911 = DIRECTION('',(1.,0.,0.));
#8912 = ORIENTED_EDGE('',*,*,#8860,.T.);
#8913 = ORIENTED_EDGE('',*,*,#8905,.F.);
#8914 = ORIENTED_EDGE('',*,*,#8915,.F.);
#8915 = EDGE_CURVE('',#8906,#8906,#8916,.T.);
#8916 = CIRCLE('',#8917,0.7);
#8917 = AXIS2_PLACEMENT_3D('',#8918,#8919,#8920);
#8918 = CARTESIAN_POINT('',(-1.7,3.10862446895E-16,0.7));
#8919 = DIRECTION('',(-1.,-0.,0.));
#8920 = DIRECTION('',(0.,-4.440892098501E-16,-1.));
#8921 = CYLINDRICAL_SURFACE('',#8922,0.7);
#8922 = AXIS2_PLACEMENT_3D('',#8923,#8924,#8925);
#8923 = CARTESIAN_POINT('',(-1.7,3.10862446895E-16,0.7));
#8924 = DIRECTION('',(1.,0.,0.));
#8925 = DIRECTION('',(0.,-4.440892098501E-16,-1.));
#8926 = ADVANCED_FACE('',(#8927),#8947,.F.);
#8927 = FACE_BOUND('',#8928,.F.);
#8928 = EDGE_LOOP('',(#8929,#8930,#8939,#8946));
#8929 = ORIENTED_EDGE('',*,*,#8888,.T.);
#8930 = ORIENTED_EDGE('',*,*,#8931,.T.);
#8931 = EDGE_CURVE('',#8881,#8932,#8934,.T.);
#8932 = VERTEX_POINT('',#8933);
#8933 = CARTESIAN_POINT('',(1.8,4.440892098501E-17,0.1));
#8934 = CIRCLE('',#8935,0.1);
#8935 = AXIS2_PLACEMENT_3D('',#8936,#8937,#8938);
#8936 = CARTESIAN_POINT('',(1.7,4.440892098501E-17,0.1));
#8937 = DIRECTION('',(0.,-1.,4.440892098501E-16));
#8938 = DIRECTION('',(1.,0.,0.));
#8939 = ORIENTED_EDGE('',*,*,#8940,.F.);
#8940 = EDGE_CURVE('',#8932,#8932,#8941,.T.);
#8941 = CIRCLE('',#8942,0.6);
#8942 = AXIS2_PLACEMENT_3D('',#8943,#8944,#8945);
#8943 = CARTESIAN_POINT('',(1.8,3.10862446895E-16,0.7));
#8944 = DIRECTION('',(-1.,-0.,0.));
#8945 = DIRECTION('',(0.,-4.440892098501E-16,-1.));
#8946 = ORIENTED_EDGE('',*,*,#8931,.F.);
#8947 = SURFACE_OF_REVOLUTION('',#8948,#8953);
#8948 = CIRCLE('',#8949,0.1);
#8949 = AXIS2_PLACEMENT_3D('',#8950,#8951,#8952);
#8950 = CARTESIAN_POINT('',(1.7,4.440892098501E-17,0.1));
#8951 = DIRECTION('',(0.,-1.,4.440892098501E-16));
#8952 = DIRECTION('',(1.,0.,0.));
#8953 = AXIS1_PLACEMENT('',#8954,#8955);
#8954 = CARTESIAN_POINT('',(-8.2,3.10862446895E-16,0.7));
#8955 = DIRECTION('',(-1.,0.,-0.));
#8956 = ADVANCED_FACE('',(#8957),#8977,.F.);
#8957 = FACE_BOUND('',#8958,.F.);
#8958 = EDGE_LOOP('',(#8959,#8968,#8975,#8976));
#8959 = ORIENTED_EDGE('',*,*,#8960,.T.);
#8960 = EDGE_CURVE('',#8961,#8961,#8963,.T.);
#8961 = VERTEX_POINT('',#8962);
#8962 = CARTESIAN_POINT('',(-1.8,4.440892098501E-17,0.1));
#8963 = CIRCLE('',#8964,0.6);
#8964 = AXIS2_PLACEMENT_3D('',#8965,#8966,#8967);
#8965 = CARTESIAN_POINT('',(-1.8,3.10862446895E-16,0.7));
#8966 = DIRECTION('',(-1.,-0.,0.));
#8967 = DIRECTION('',(0.,-4.440892098501E-16,-1.));
#8968 = ORIENTED_EDGE('',*,*,#8969,.T.);
#8969 = EDGE_CURVE('',#8961,#8906,#8970,.T.);
#8970 = CIRCLE('',#8971,0.1);
#8971 = AXIS2_PLACEMENT_3D('',#8972,#8973,#8974);
#8972 = CARTESIAN_POINT('',(-1.7,4.440892098501E-17,0.1));
#8973 = DIRECTION('',(0.,-1.,4.440892098501E-16));
#8974 = DIRECTION('',(1.,0.,0.));
#8975 = ORIENTED_EDGE('',*,*,#8915,.F.);
#8976 = ORIENTED_EDGE('',*,*,#8969,.F.);
#8977 = SURFACE_OF_REVOLUTION('',#8978,#8983);
#8978 = CIRCLE('',#8979,0.1);
#8979 = AXIS2_PLACEMENT_3D('',#8980,#8981,#8982);
#8980 = CARTESIAN_POINT('',(-1.7,4.440892098501E-17,0.1));
#8981 = DIRECTION('',(0.,-1.,4.440892098501E-16));
#8982 = DIRECTION('',(1.,0.,0.));
#8983 = AXIS1_PLACEMENT('',#8984,#8985);
#8984 = CARTESIAN_POINT('',(-8.2,3.10862446895E-16,0.7));
#8985 = DIRECTION('',(-1.,0.,-0.));
#8986 = ADVANCED_FACE('',(#8987),#8990,.F.);
#8987 = FACE_BOUND('',#8988,.F.);
#8988 = EDGE_LOOP('',(#8989));
#8989 = ORIENTED_EDGE('',*,*,#8940,.T.);
#8990 = PLANE('',#8991);
#8991 = AXIS2_PLACEMENT_3D('',#8992,#8993,#8994);
#8992 = CARTESIAN_POINT('',(1.8,3.10862446895E-16,0.7));
#8993 = DIRECTION('',(-1.,0.,-0.));
#8994 = DIRECTION('',(0.,-4.440892098501E-16,-1.));
#8995 = ADVANCED_FACE('',(#8996),#8999,.T.);
#8996 = FACE_BOUND('',#8997,.F.);
#8997 = EDGE_LOOP('',(#8998));
#8998 = ORIENTED_EDGE('',*,*,#8960,.F.);
#8999 = PLANE('',#9000);
#9000 = AXIS2_PLACEMENT_3D('',#9001,#9002,#9003);
#9001 = CARTESIAN_POINT('',(-1.8,3.10862446895E-16,0.7));
#9002 = DIRECTION('',(-1.,0.,-0.));
#9003 = DIRECTION('',(0.,-4.440892098501E-16,-1.));
#9004 = ( GEOMETRIC_REPRESENTATION_CONTEXT(3) 
GLOBAL_UNCERTAINTY_ASSIGNED_CONTEXT((#9008)) 
GLOBAL_UNIT_ASSIGNED_CONTEXT((#9005,#9006,#9007)) REPRESENTATION_CONTEXT
('Context #1','3D Context with UNIT and UNCERTAINTY') );
#9005 = ( LENGTH_UNIT() NAMED_UNIT(*) SI_UNIT(.MILLI.,.METRE.) );
#9006 = ( NAMED_UNIT(*) PLANE_ANGLE_UNIT() SI_UNIT($,.RADIAN.) );
#9007 = ( NAMED_UNIT(*) SI_UNIT($,.STERADIAN.) SOLID_ANGLE_UNIT() );
#9008 = UNCERTAINTY_MEASURE_WITH_UNIT(LENGTH_MEASURE(1.E-07),#9005,
  'distance_accuracy_value','confusion accuracy');
#9009 = CONTEXT_DEPENDENT_SHAPE_REPRESENTATION(#9010,#9012);
#9010 = ( REPRESENTATION_RELATIONSHIP('','',#8710,#10) 
REPRESENTATION_RELATIONSHIP_WITH_TRANSFORMATION(#9011) 
SHAPE_REPRESENTATION_RELATIONSHIP() );
#9011 = ITEM_DEFINED_TRANSFORMATION('','',#11,#87);
#9012 = PRODUCT_DEFINITION_SHAPE('Placement','Placement of an item',
  #9013);
#9013 = NEXT_ASSEMBLY_USAGE_OCCURRENCE('19','D2','',#5,#8705,$);
#9014 = PRODUCT_RELATED_PRODUCT_CATEGORY('part',$,(#8707));
#9015 = CONTEXT_DEPENDENT_SHAPE_REPRESENTATION(#9016,#9018);
#9016 = ( REPRESENTATION_RELATIONSHIP('','',#4982,#10) 
REPRESENTATION_RELATIONSHIP_WITH_TRANSFORMATION(#9017) 
SHAPE_REPRESENTATION_RELATIONSHIP() );
#9017 = ITEM_DEFINED_TRANSFORMATION('','',#11,#91);
#9018 = PRODUCT_DEFINITION_SHAPE('Placement','Placement of an item',
  #9019);
#9019 = NEXT_ASSEMBLY_USAGE_OCCURRENCE('20','R1','',#5,#4977,$);
#9020 = CONTEXT_DEPENDENT_SHAPE_REPRESENTATION(#9021,#9023);
#9021 = ( REPRESENTATION_RELATIONSHIP('','',#4982,#10) 
REPRESENTATION_RELATIONSHIP_WITH_TRANSFORMATION(#9022) 
SHAPE_REPRESENTATION_RELATIONSHIP() );
#9022 = ITEM_DEFINED_TRANSFORMATION('','',#11,#95);
#9023 = PRODUCT_DEFINITION_SHAPE('Placement','Placement of an item',
  #9024);
#9024 = NEXT_ASSEMBLY_USAGE_OCCURRENCE('21','R5','',#5,#4977,$);
#9025 = SHAPE_DEFINITION_REPRESENTATION(#9026,#9032);
#9026 = PRODUCT_DEFINITION_SHAPE('','',#9027);
#9027 = PRODUCT_DEFINITION('design','',#9028,#9031);
#9028 = PRODUCT_DEFINITION_FORMATION('','',#9029);
#9029 = PRODUCT('MSOP-10_3x3mm_P0.5mm','MSOP-10_3x3mm_P0.5mm','',(#9030)
  );
#9030 = PRODUCT_CONTEXT('',#2,'mechanical');
#9031 = PRODUCT_DEFINITION_CONTEXT('part definition',#2,'design');
#9032 = ADVANCED_BREP_SHAPE_REPRESENTATION('',(#11,#9033),#14437);
#9033 = MANIFOLD_SOLID_BREP('',#9034);
#9034 = CLOSED_SHELL('',(#9035,#9073,#9136,#9159,#9188,#9211,#9314,#9417
    ,#9440,#9463,#9480,#9503,#9591,#9607,#9637,#9668,#9699,#9730,#9761,
    #9792,#9823,#9854,#9885,#9916,#9933,#9950,#9981,#10012,#10043,#10074
    ,#10105,#10136,#10167,#10198,#10229,#10259,#10282,#10305,#10322,
    #10367,#10469,#10492,#10515,#10538,#10641,#10679,#10728,#10820,
    #10845,#10929,#10951,#11043,#11068,#11152,#11174,#11266,#11291,
    #11375,#11397,#11489,#11514,#11598,#11615,#11700,#11725,#11802,
    #11887,#11912,#11989,#12006,#12098,#12123,#12207,#12229,#12321,
    #12346,#12430,#12452,#12544,#12569,#12653,#12675,#12767,#12792,
    #12876,#12893,#12912,#12931,#12950,#12969,#13015,#13031,#13050,
    #13069,#13088,#13107,#13123,#13140,#13152,#13169,#13186,#13203,
    #13220,#13237,#13254,#13271,#13283,#13300,#13317,#13334,#13351,
    #13368,#13385,#13402,#13414,#13431,#13448,#13465,#13482,#13499,
    #13516,#13533,#13545,#13562,#13579,#13596,#13613,#13630,#13647,
    #13664,#13676,#13693,#13710,#13727,#13744,#13761,#13778,#13790,
    #13807,#13824,#13841,#13858,#13875,#13892,#13904,#13921,#13938,
    #13955,#13972,#13989,#14006,#14023,#14035,#14052,#14069,#14086,
    #14103,#14120,#14137,#14154,#14166,#14183,#14200,#14217,#14234,
    #14251,#14268,#14285,#14297,#14314,#14331,#14348,#14365,#14382,
    #14399,#14416,#14428));
#9035 = ADVANCED_FACE('',(#9036),#9068,.F.);
#9036 = FACE_BOUND('',#9037,.F.);
#9037 = EDGE_LOOP('',(#9038,#9048,#9055,#9063));
#9038 = ORIENTED_EDGE('',*,*,#9039,.T.);
#9039 = EDGE_CURVE('',#9040,#9042,#9044,.T.);
#9040 = VERTEX_POINT('',#9041);
#9041 = CARTESIAN_POINT('',(-1.28939677592,1.428793551841,0.1));
#9042 = VERTEX_POINT('',#9043);
#9043 = CARTESIAN_POINT('',(1.28939677592,1.428793551841,0.1));
#9044 = LINE('',#9045,#9046);
#9045 = CARTESIAN_POINT('',(-1.28939677592,1.428793551841,0.1));
#9046 = VECTOR('',#9047,1.);
#9047 = DIRECTION('',(1.,1.110223024625E-16,0.));
#9048 = ORIENTED_EDGE('',*,*,#9049,.T.);
#9049 = EDGE_CURVE('',#9042,#9050,#9052,.T.);
#9050 = VERTEX_POINT('',#9051);
#9051 = CARTESIAN_POINT('',(1.325,1.5,0.435));
#9052 = B_SPLINE_CURVE_WITH_KNOTS('',1,(#9053,#9054),.UNSPECIFIED.,.F.,
  .F.,(2,2),(0.,1.),.PIECEWISE_BEZIER_KNOTS.);
#9053 = CARTESIAN_POINT('',(1.28939677592,1.428793551841,0.1));
#9054 = CARTESIAN_POINT('',(1.325,1.5,0.435));
#9055 = ORIENTED_EDGE('',*,*,#9056,.F.);
#9056 = EDGE_CURVE('',#9057,#9050,#9059,.T.);
#9057 = VERTEX_POINT('',#9058);
#9058 = CARTESIAN_POINT('',(-1.325,1.5,0.435));
#9059 = LINE('',#9060,#9061);
#9060 = CARTESIAN_POINT('',(-1.325,1.5,0.435));
#9061 = VECTOR('',#9062,1.);
#9062 = DIRECTION('',(1.,1.110223024625E-16,0.));
#9063 = ORIENTED_EDGE('',*,*,#9064,.F.);
#9064 = EDGE_CURVE('',#9040,#9057,#9065,.T.);
#9065 = B_SPLINE_CURVE_WITH_KNOTS('',1,(#9066,#9067),.UNSPECIFIED.,.F.,
  .F.,(2,2),(0.,1.),.PIECEWISE_BEZIER_KNOTS.);
#9066 = CARTESIAN_POINT('',(-1.28939677592,1.428793551841,0.1));
#9067 = CARTESIAN_POINT('',(-1.325,1.5,0.435));
#9068 = B_SPLINE_SURFACE_WITH_KNOTS('',1,1,(
    (#9069,#9070)
    ,(#9071,#9072
    )),.UNSPECIFIED.,.F.,.F.,.F.,(2,2),(2,2),(0.,2.65),(0.,1.),
  .PIECEWISE_BEZIER_KNOTS.);
#9069 = CARTESIAN_POINT('',(-1.28939677592,1.428793551841,0.1));
#9070 = CARTESIAN_POINT('',(-1.325,1.5,0.435));
#9071 = CARTESIAN_POINT('',(1.28939677592,1.428793551841,0.1));
#9072 = CARTESIAN_POINT('',(1.325,1.5,0.435));
#9073 = ADVANCED_FACE('',(#9074),#9131,.F.);
#9074 = FACE_BOUND('',#9075,.T.);
#9075 = EDGE_LOOP('',(#9076,#9077,#9085,#9093,#9101,#9109,#9117,#9125));
#9076 = ORIENTED_EDGE('',*,*,#9039,.T.);
#9077 = ORIENTED_EDGE('',*,*,#9078,.T.);
#9078 = EDGE_CURVE('',#9042,#9079,#9081,.T.);
#9079 = VERTEX_POINT('',#9080);
#9080 = CARTESIAN_POINT('',(1.428793551841,1.28939677592,0.1));
#9081 = LINE('',#9082,#9083);
#9082 = CARTESIAN_POINT('',(1.28939677592,1.428793551841,0.1));
#9083 = VECTOR('',#9084,1.);
#9084 = DIRECTION('',(0.707106781187,-0.707106781187,0.));
#9085 = ORIENTED_EDGE('',*,*,#9086,.T.);
#9086 = EDGE_CURVE('',#9079,#9087,#9089,.T.);
#9087 = VERTEX_POINT('',#9088);
#9088 = CARTESIAN_POINT('',(1.428793551841,-1.28939677592,0.1));
#9089 = LINE('',#9090,#9091);
#9090 = CARTESIAN_POINT('',(1.428793551841,1.28939677592,0.1));
#9091 = VECTOR('',#9092,1.);
#9092 = DIRECTION('',(1.110223024625E-16,-1.,0.));
#9093 = ORIENTED_EDGE('',*,*,#9094,.T.);
#9094 = EDGE_CURVE('',#9087,#9095,#9097,.T.);
#9095 = VERTEX_POINT('',#9096);
#9096 = CARTESIAN_POINT('',(1.28939677592,-1.428793551841,0.1));
#9097 = LINE('',#9098,#9099);
#9098 = CARTESIAN_POINT('',(1.428793551841,-1.28939677592,0.1));
#9099 = VECTOR('',#9100,1.);
#9100 = DIRECTION('',(-0.707106781187,-0.707106781187,0.));
#9101 = ORIENTED_EDGE('',*,*,#9102,.T.);
#9102 = EDGE_CURVE('',#9095,#9103,#9105,.T.);
#9103 = VERTEX_POINT('',#9104);
#9104 = CARTESIAN_POINT('',(-1.28939677592,-1.428793551841,0.1));
#9105 = LINE('',#9106,#9107);
#9106 = CARTESIAN_POINT('',(1.28939677592,-1.428793551841,0.1));
#9107 = VECTOR('',#9108,1.);
#9108 = DIRECTION('',(-1.,-1.110223024625E-16,0.));
#9109 = ORIENTED_EDGE('',*,*,#9110,.T.);
#9110 = EDGE_CURVE('',#9103,#9111,#9113,.T.);
#9111 = VERTEX_POINT('',#9112);
#9112 = CARTESIAN_POINT('',(-1.428793551841,-1.28939677592,0.1));
#9113 = LINE('',#9114,#9115);
#9114 = CARTESIAN_POINT('',(-1.28939677592,-1.428793551841,0.1));
#9115 = VECTOR('',#9116,1.);
#9116 = DIRECTION('',(-0.707106781187,0.707106781187,0.));
#9117 = ORIENTED_EDGE('',*,*,#9118,.T.);
#9118 = EDGE_CURVE('',#9111,#9119,#9121,.T.);
#9119 = VERTEX_POINT('',#9120);
#9120 = CARTESIAN_POINT('',(-1.428793551841,1.28939677592,0.1));
#9121 = LINE('',#9122,#9123);
#9122 = CARTESIAN_POINT('',(-1.428793551841,-1.28939677592,0.1));
#9123 = VECTOR('',#9124,1.);
#9124 = DIRECTION('',(-1.110223024625E-16,1.,0.));
#9125 = ORIENTED_EDGE('',*,*,#9126,.T.);
#9126 = EDGE_CURVE('',#9119,#9040,#9127,.T.);
#9127 = LINE('',#9128,#9129);
#9128 = CARTESIAN_POINT('',(-1.428793551841,1.28939677592,0.1));
#9129 = VECTOR('',#9130,1.);
#9130 = DIRECTION('',(0.707106781187,0.707106781187,0.));
#9131 = PLANE('',#9132);
#9132 = AXIS2_PLACEMENT_3D('',#9133,#9134,#9135);
#9133 = CARTESIAN_POINT('',(-1.28939677592,1.428793551841,0.1));
#9134 = DIRECTION('',(0.,0.,1.));
#9135 = DIRECTION('',(0.669963866907,-0.742393707569,0.));
#9136 = ADVANCED_FACE('',(#9137),#9154,.F.);
#9137 = FACE_BOUND('',#9138,.F.);
#9138 = EDGE_LOOP('',(#9139,#9140,#9147,#9153));
#9139 = ORIENTED_EDGE('',*,*,#9078,.T.);
#9140 = ORIENTED_EDGE('',*,*,#9141,.T.);
#9141 = EDGE_CURVE('',#9079,#9142,#9144,.T.);
#9142 = VERTEX_POINT('',#9143);
#9143 = CARTESIAN_POINT('',(1.5,1.325,0.435));
#9144 = B_SPLINE_CURVE_WITH_KNOTS('',1,(#9145,#9146),.UNSPECIFIED.,.F.,
  .F.,(2,2),(0.,1.),.PIECEWISE_BEZIER_KNOTS.);
#9145 = CARTESIAN_POINT('',(1.428793551841,1.28939677592,0.1));
#9146 = CARTESIAN_POINT('',(1.5,1.325,0.435));
#9147 = ORIENTED_EDGE('',*,*,#9148,.F.);
#9148 = EDGE_CURVE('',#9050,#9142,#9149,.T.);
#9149 = LINE('',#9150,#9151);
#9150 = CARTESIAN_POINT('',(1.325,1.5,0.435));
#9151 = VECTOR('',#9152,1.);
#9152 = DIRECTION('',(0.707106781187,-0.707106781187,0.));
#9153 = ORIENTED_EDGE('',*,*,#9049,.F.);
#9154 = B_SPLINE_SURFACE_WITH_KNOTS('',1,1,(
    (#9155,#9156)
    ,(#9157,#9158
    )),.UNSPECIFIED.,.F.,.F.,.F.,(2,2),(2,2),(0.,0.247487373415),(0.,1.)
  ,.PIECEWISE_BEZIER_KNOTS.);
#9155 = CARTESIAN_POINT('',(1.28939677592,1.428793551841,0.1));
#9156 = CARTESIAN_POINT('',(1.325,1.5,0.435));
#9157 = CARTESIAN_POINT('',(1.428793551841,1.28939677592,0.1));
#9158 = CARTESIAN_POINT('',(1.5,1.325,0.435));
#9159 = ADVANCED_FACE('',(#9160),#9183,.F.);
#9160 = FACE_BOUND('',#9161,.F.);
#9161 = EDGE_LOOP('',(#9162,#9163,#9170,#9178));
#9162 = ORIENTED_EDGE('',*,*,#9056,.T.);
#9163 = ORIENTED_EDGE('',*,*,#9164,.T.);
#9164 = EDGE_CURVE('',#9050,#9165,#9167,.T.);
#9165 = VERTEX_POINT('',#9166);
#9166 = CARTESIAN_POINT('',(1.325,1.5,0.615));
#9167 = B_SPLINE_CURVE_WITH_KNOTS('',1,(#9168,#9169),.UNSPECIFIED.,.F.,
  .F.,(2,2),(0.,1.),.PIECEWISE_BEZIER_KNOTS.);
#9168 = CARTESIAN_POINT('',(1.325,1.5,0.435));
#9169 = CARTESIAN_POINT('',(1.325,1.5,0.615));
#9170 = ORIENTED_EDGE('',*,*,#9171,.F.);
#9171 = EDGE_CURVE('',#9172,#9165,#9174,.T.);
#9172 = VERTEX_POINT('',#9173);
#9173 = CARTESIAN_POINT('',(-1.325,1.5,0.615));
#9174 = LINE('',#9175,#9176);
#9175 = CARTESIAN_POINT('',(-1.325,1.5,0.615));
#9176 = VECTOR('',#9177,1.);
#9177 = DIRECTION('',(1.,1.110223024625E-16,0.));
#9178 = ORIENTED_EDGE('',*,*,#9179,.F.);
#9179 = EDGE_CURVE('',#9057,#9172,#9180,.T.);
#9180 = B_SPLINE_CURVE_WITH_KNOTS('',1,(#9181,#9182),.UNSPECIFIED.,.F.,
  .F.,(2,2),(0.,1.),.PIECEWISE_BEZIER_KNOTS.);
#9181 = CARTESIAN_POINT('',(-1.325,1.5,0.435));
#9182 = CARTESIAN_POINT('',(-1.325,1.5,0.615));
#9183 = PLANE('',#9184);
#9184 = AXIS2_PLACEMENT_3D('',#9185,#9186,#9187);
#9185 = CARTESIAN_POINT('',(-1.325,1.5,0.615));
#9186 = DIRECTION('',(1.110223024625E-16,-1.,0.));
#9187 = DIRECTION('',(1.,1.110223024625E-16,0.));
#9188 = ADVANCED_FACE('',(#9189),#9206,.F.);
#9189 = FACE_BOUND('',#9190,.F.);
#9190 = EDGE_LOOP('',(#9191,#9192,#9193,#9201));
#9191 = ORIENTED_EDGE('',*,*,#9126,.T.);
#9192 = ORIENTED_EDGE('',*,*,#9064,.T.);
#9193 = ORIENTED_EDGE('',*,*,#9194,.F.);
#9194 = EDGE_CURVE('',#9195,#9057,#9197,.T.);
#9195 = VERTEX_POINT('',#9196);
#9196 = CARTESIAN_POINT('',(-1.5,1.325,0.435));
#9197 = LINE('',#9198,#9199);
#9198 = CARTESIAN_POINT('',(-1.5,1.325,0.435));
#9199 = VECTOR('',#9200,1.);
#9200 = DIRECTION('',(0.707106781187,0.707106781187,0.));
#9201 = ORIENTED_EDGE('',*,*,#9202,.F.);
#9202 = EDGE_CURVE('',#9119,#9195,#9203,.T.);
#9203 = B_SPLINE_CURVE_WITH_KNOTS('',1,(#9204,#9205),.UNSPECIFIED.,.F.,
  .F.,(2,2),(0.,1.),.PIECEWISE_BEZIER_KNOTS.);
#9204 = CARTESIAN_POINT('',(-1.428793551841,1.28939677592,0.1));
#9205 = CARTESIAN_POINT('',(-1.5,1.325,0.435));
#9206 = B_SPLINE_SURFACE_WITH_KNOTS('',1,1,(
    (#9207,#9208)
    ,(#9209,#9210
    )),.UNSPECIFIED.,.F.,.F.,.F.,(2,2),(2,2),(0.,0.247487373415),(0.,1.)
  ,.PIECEWISE_BEZIER_KNOTS.);
#9207 = CARTESIAN_POINT('',(-1.428793551841,1.28939677592,0.1));
#9208 = CARTESIAN_POINT('',(-1.5,1.325,0.435));
#9209 = CARTESIAN_POINT('',(-1.28939677592,1.428793551841,0.1));
#9210 = CARTESIAN_POINT('',(-1.325,1.5,0.435));
#9211 = ADVANCED_FACE('',(#9212),#9309,.F.);
#9212 = FACE_BOUND('',#9213,.F.);
#9213 = EDGE_LOOP('',(#9214,#9215,#9216,#9224,#9232,#9240,#9248,#9256,
    #9264,#9272,#9280,#9288,#9296,#9304));
#9214 = ORIENTED_EDGE('',*,*,#9118,.T.);
#9215 = ORIENTED_EDGE('',*,*,#9202,.T.);
#9216 = ORIENTED_EDGE('',*,*,#9217,.F.);
#9217 = EDGE_CURVE('',#9218,#9195,#9220,.T.);
#9218 = VERTEX_POINT('',#9219);
#9219 = CARTESIAN_POINT('',(-1.5,1.115,0.435));
#9220 = LINE('',#9221,#9222);
#9221 = CARTESIAN_POINT('',(-1.5,-1.325,0.435));
#9222 = VECTOR('',#9223,1.);
#9223 = DIRECTION('',(-1.110223024625E-16,1.,0.));
#9224 = ORIENTED_EDGE('',*,*,#9225,.F.);
#9225 = EDGE_CURVE('',#9226,#9218,#9228,.T.);
#9226 = VERTEX_POINT('',#9227);
#9227 = CARTESIAN_POINT('',(-1.5,0.885,0.435));
#9228 = LINE('',#9229,#9230);
#9229 = CARTESIAN_POINT('',(-1.5,-1.325,0.435));
#9230 = VECTOR('',#9231,1.);
#9231 = DIRECTION('',(-1.110223024625E-16,1.,0.));
#9232 = ORIENTED_EDGE('',*,*,#9233,.F.);
#9233 = EDGE_CURVE('',#9234,#9226,#9236,.T.);
#9234 = VERTEX_POINT('',#9235);
#9235 = CARTESIAN_POINT('',(-1.5,0.615,0.435));
#9236 = LINE('',#9237,#9238);
#9237 = CARTESIAN_POINT('',(-1.5,-1.325,0.435));
#9238 = VECTOR('',#9239,1.);
#9239 = DIRECTION('',(-1.110223024625E-16,1.,0.));
#9240 = ORIENTED_EDGE('',*,*,#9241,.F.);
#9241 = EDGE_CURVE('',#9242,#9234,#9244,.T.);
#9242 = VERTEX_POINT('',#9243);
#9243 = CARTESIAN_POINT('',(-1.5,0.385,0.435));
#9244 = LINE('',#9245,#9246);
#9245 = CARTESIAN_POINT('',(-1.5,-1.325,0.435));
#9246 = VECTOR('',#9247,1.);
#9247 = DIRECTION('',(-1.110223024625E-16,1.,0.));
#9248 = ORIENTED_EDGE('',*,*,#9249,.F.);
#9249 = EDGE_CURVE('',#9250,#9242,#9252,.T.);
#9250 = VERTEX_POINT('',#9251);
#9251 = CARTESIAN_POINT('',(-1.5,0.115,0.435));
#9252 = LINE('',#9253,#9254);
#9253 = CARTESIAN_POINT('',(-1.5,-1.325,0.435));
#9254 = VECTOR('',#9255,1.);
#9255 = DIRECTION('',(-1.110223024625E-16,1.,0.));
#9256 = ORIENTED_EDGE('',*,*,#9257,.F.);
#9257 = EDGE_CURVE('',#9258,#9250,#9260,.T.);
#9258 = VERTEX_POINT('',#9259);
#9259 = CARTESIAN_POINT('',(-1.5,-0.115,0.435));
#9260 = LINE('',#9261,#9262);
#9261 = CARTESIAN_POINT('',(-1.5,-1.325,0.435));
#9262 = VECTOR('',#9263,1.);
#9263 = DIRECTION('',(-1.110223024625E-16,1.,0.));
#9264 = ORIENTED_EDGE('',*,*,#9265,.F.);
#9265 = EDGE_CURVE('',#9266,#9258,#9268,.T.);
#9266 = VERTEX_POINT('',#9267);
#9267 = CARTESIAN_POINT('',(-1.5,-0.385,0.435));
#9268 = LINE('',#9269,#9270);
#9269 = CARTESIAN_POINT('',(-1.5,-1.325,0.435));
#9270 = VECTOR('',#9271,1.);
#9271 = DIRECTION('',(-1.110223024625E-16,1.,0.));
#9272 = ORIENTED_EDGE('',*,*,#9273,.F.);
#9273 = EDGE_CURVE('',#9274,#9266,#9276,.T.);
#9274 = VERTEX_POINT('',#9275);
#9275 = CARTESIAN_POINT('',(-1.5,-0.615,0.435));
#9276 = LINE('',#9277,#9278);
#9277 = CARTESIAN_POINT('',(-1.5,-1.325,0.435));
#9278 = VECTOR('',#9279,1.);
#9279 = DIRECTION('',(-1.110223024625E-16,1.,0.));
#9280 = ORIENTED_EDGE('',*,*,#9281,.F.);
#9281 = EDGE_CURVE('',#9282,#9274,#9284,.T.);
#9282 = VERTEX_POINT('',#9283);
#9283 = CARTESIAN_POINT('',(-1.5,-0.885,0.435));
#9284 = LINE('',#9285,#9286);
#9285 = CARTESIAN_POINT('',(-1.5,-1.325,0.435));
#9286 = VECTOR('',#9287,1.);
#9287 = DIRECTION('',(-1.110223024625E-16,1.,0.));
#9288 = ORIENTED_EDGE('',*,*,#9289,.F.);
#9289 = EDGE_CURVE('',#9290,#9282,#9292,.T.);
#9290 = VERTEX_POINT('',#9291);
#9291 = CARTESIAN_POINT('',(-1.5,-1.115,0.435));
#9292 = LINE('',#9293,#9294);
#9293 = CARTESIAN_POINT('',(-1.5,-1.325,0.435));
#9294 = VECTOR('',#9295,1.);
#9295 = DIRECTION('',(-1.110223024625E-16,1.,0.));
#9296 = ORIENTED_EDGE('',*,*,#9297,.F.);
#9297 = EDGE_CURVE('',#9298,#9290,#9300,.T.);
#9298 = VERTEX_POINT('',#9299);
#9299 = CARTESIAN_POINT('',(-1.5,-1.325,0.435));
#9300 = LINE('',#9301,#9302);
#9301 = CARTESIAN_POINT('',(-1.5,-1.325,0.435));
#9302 = VECTOR('',#9303,1.);
#9303 = DIRECTION('',(-1.110223024625E-16,1.,0.));
#9304 = ORIENTED_EDGE('',*,*,#9305,.F.);
#9305 = EDGE_CURVE('',#9111,#9298,#9306,.T.);
#9306 = B_SPLINE_CURVE_WITH_KNOTS('',1,(#9307,#9308),.UNSPECIFIED.,.F.,
  .F.,(2,2),(0.,1.),.PIECEWISE_BEZIER_KNOTS.);
#9307 = CARTESIAN_POINT('',(-1.428793551841,-1.28939677592,0.1));
#9308 = CARTESIAN_POINT('',(-1.5,-1.325,0.435));
#9309 = B_SPLINE_SURFACE_WITH_KNOTS('',1,1,(
    (#9310,#9311)
    ,(#9312,#9313
    )),.UNSPECIFIED.,.F.,.F.,.F.,(2,2),(2,2),(0.,2.65),(0.,1.),
  .PIECEWISE_BEZIER_KNOTS.);
#9310 = CARTESIAN_POINT('',(-1.428793551841,-1.28939677592,0.1));
#9311 = CARTESIAN_POINT('',(-1.5,-1.325,0.435));
#9312 = CARTESIAN_POINT('',(-1.428793551841,1.28939677592,0.1));
#9313 = CARTESIAN_POINT('',(-1.5,1.325,0.435));
#9314 = ADVANCED_FACE('',(#9315),#9412,.F.);
#9315 = FACE_BOUND('',#9316,.F.);
#9316 = EDGE_LOOP('',(#9317,#9318,#9325,#9333,#9341,#9349,#9357,#9365,
    #9373,#9381,#9389,#9397,#9405,#9411));
#9317 = ORIENTED_EDGE('',*,*,#9086,.T.);
#9318 = ORIENTED_EDGE('',*,*,#9319,.T.);
#9319 = EDGE_CURVE('',#9087,#9320,#9322,.T.);
#9320 = VERTEX_POINT('',#9321);
#9321 = CARTESIAN_POINT('',(1.5,-1.325,0.435));
#9322 = B_SPLINE_CURVE_WITH_KNOTS('',1,(#9323,#9324),.UNSPECIFIED.,.F.,
  .F.,(2,2),(0.,1.),.PIECEWISE_BEZIER_KNOTS.);
#9323 = CARTESIAN_POINT('',(1.428793551841,-1.28939677592,0.1));
#9324 = CARTESIAN_POINT('',(1.5,-1.325,0.435));
#9325 = ORIENTED_EDGE('',*,*,#9326,.F.);
#9326 = EDGE_CURVE('',#9327,#9320,#9329,.T.);
#9327 = VERTEX_POINT('',#9328);
#9328 = CARTESIAN_POINT('',(1.5,-1.115,0.435));
#9329 = LINE('',#9330,#9331);
#9330 = CARTESIAN_POINT('',(1.5,1.325,0.435));
#9331 = VECTOR('',#9332,1.);
#9332 = DIRECTION('',(1.110223024625E-16,-1.,0.));
#9333 = ORIENTED_EDGE('',*,*,#9334,.F.);
#9334 = EDGE_CURVE('',#9335,#9327,#9337,.T.);
#9335 = VERTEX_POINT('',#9336);
#9336 = CARTESIAN_POINT('',(1.5,-0.885,0.435));
#9337 = LINE('',#9338,#9339);
#9338 = CARTESIAN_POINT('',(1.5,1.325,0.435));
#9339 = VECTOR('',#9340,1.);
#9340 = DIRECTION('',(1.110223024625E-16,-1.,0.));
#9341 = ORIENTED_EDGE('',*,*,#9342,.F.);
#9342 = EDGE_CURVE('',#9343,#9335,#9345,.T.);
#9343 = VERTEX_POINT('',#9344);
#9344 = CARTESIAN_POINT('',(1.5,-0.615,0.435));
#9345 = LINE('',#9346,#9347);
#9346 = CARTESIAN_POINT('',(1.5,1.325,0.435));
#9347 = VECTOR('',#9348,1.);
#9348 = DIRECTION('',(1.110223024625E-16,-1.,0.));
#9349 = ORIENTED_EDGE('',*,*,#9350,.F.);
#9350 = EDGE_CURVE('',#9351,#9343,#9353,.T.);
#9351 = VERTEX_POINT('',#9352);
#9352 = CARTESIAN_POINT('',(1.5,-0.385,0.435));
#9353 = LINE('',#9354,#9355);
#9354 = CARTESIAN_POINT('',(1.5,1.325,0.435));
#9355 = VECTOR('',#9356,1.);
#9356 = DIRECTION('',(1.110223024625E-16,-1.,0.));
#9357 = ORIENTED_EDGE('',*,*,#9358,.F.);
#9358 = EDGE_CURVE('',#9359,#9351,#9361,.T.);
#9359 = VERTEX_POINT('',#9360);
#9360 = CARTESIAN_POINT('',(1.5,-0.115,0.435));
#9361 = LINE('',#9362,#9363);
#9362 = CARTESIAN_POINT('',(1.5,1.325,0.435));
#9363 = VECTOR('',#9364,1.);
#9364 = DIRECTION('',(1.110223024625E-16,-1.,0.));
#9365 = ORIENTED_EDGE('',*,*,#9366,.F.);
#9366 = EDGE_CURVE('',#9367,#9359,#9369,.T.);
#9367 = VERTEX_POINT('',#9368);
#9368 = CARTESIAN_POINT('',(1.5,0.115,0.435));
#9369 = LINE('',#9370,#9371);
#9370 = CARTESIAN_POINT('',(1.5,1.325,0.435));
#9371 = VECTOR('',#9372,1.);
#9372 = DIRECTION('',(1.110223024625E-16,-1.,0.));
#9373 = ORIENTED_EDGE('',*,*,#9374,.F.);
#9374 = EDGE_CURVE('',#9375,#9367,#9377,.T.);
#9375 = VERTEX_POINT('',#9376);
#9376 = CARTESIAN_POINT('',(1.5,0.385,0.435));
#9377 = LINE('',#9378,#9379);
#9378 = CARTESIAN_POINT('',(1.5,1.325,0.435));
#9379 = VECTOR('',#9380,1.);
#9380 = DIRECTION('',(1.110223024625E-16,-1.,0.));
#9381 = ORIENTED_EDGE('',*,*,#9382,.F.);
#9382 = EDGE_CURVE('',#9383,#9375,#9385,.T.);
#9383 = VERTEX_POINT('',#9384);
#9384 = CARTESIAN_POINT('',(1.5,0.615,0.435));
#9385 = LINE('',#9386,#9387);
#9386 = CARTESIAN_POINT('',(1.5,1.325,0.435));
#9387 = VECTOR('',#9388,1.);
#9388 = DIRECTION('',(1.110223024625E-16,-1.,0.));
#9389 = ORIENTED_EDGE('',*,*,#9390,.F.);
#9390 = EDGE_CURVE('',#9391,#9383,#9393,.T.);
#9391 = VERTEX_POINT('',#9392);
#9392 = CARTESIAN_POINT('',(1.5,0.885,0.435));
#9393 = LINE('',#9394,#9395);
#9394 = CARTESIAN_POINT('',(1.5,1.325,0.435));
#9395 = VECTOR('',#9396,1.);
#9396 = DIRECTION('',(1.110223024625E-16,-1.,0.));
#9397 = ORIENTED_EDGE('',*,*,#9398,.F.);
#9398 = EDGE_CURVE('',#9399,#9391,#9401,.T.);
#9399 = VERTEX_POINT('',#9400);
#9400 = CARTESIAN_POINT('',(1.5,1.115,0.435));
#9401 = LINE('',#9402,#9403);
#9402 = CARTESIAN_POINT('',(1.5,1.325,0.435));
#9403 = VECTOR('',#9404,1.);
#9404 = DIRECTION('',(1.110223024625E-16,-1.,0.));
#9405 = ORIENTED_EDGE('',*,*,#9406,.F.);
#9406 = EDGE_CURVE('',#9142,#9399,#9407,.T.);
#9407 = LINE('',#9408,#9409);
#9408 = CARTESIAN_POINT('',(1.5,1.325,0.435));
#9409 = VECTOR('',#9410,1.);
#9410 = DIRECTION('',(1.110223024625E-16,-1.,0.));
#9411 = ORIENTED_EDGE('',*,*,#9141,.F.);
#9412 = B_SPLINE_SURFACE_WITH_KNOTS('',1,1,(
    (#9413,#9414)
    ,(#9415,#9416
    )),.UNSPECIFIED.,.F.,.F.,.F.,(2,2),(2,2),(0.,2.65),(0.,1.),
  .PIECEWISE_BEZIER_KNOTS.);
#9413 = CARTESIAN_POINT('',(1.428793551841,1.28939677592,0.1));
#9414 = CARTESIAN_POINT('',(1.5,1.325,0.435));
#9415 = CARTESIAN_POINT('',(1.428793551841,-1.28939677592,0.1));
#9416 = CARTESIAN_POINT('',(1.5,-1.325,0.435));
#9417 = ADVANCED_FACE('',(#9418),#9435,.F.);
#9418 = FACE_BOUND('',#9419,.F.);
#9419 = EDGE_LOOP('',(#9420,#9421,#9422,#9430));
#9420 = ORIENTED_EDGE('',*,*,#9110,.T.);
#9421 = ORIENTED_EDGE('',*,*,#9305,.T.);
#9422 = ORIENTED_EDGE('',*,*,#9423,.F.);
#9423 = EDGE_CURVE('',#9424,#9298,#9426,.T.);
#9424 = VERTEX_POINT('',#9425);
#9425 = CARTESIAN_POINT('',(-1.325,-1.5,0.435));
#9426 = LINE('',#9427,#9428);
#9427 = CARTESIAN_POINT('',(-1.325,-1.5,0.435));
#9428 = VECTOR('',#9429,1.);
#9429 = DIRECTION('',(-0.707106781187,0.707106781187,0.));
#9430 = ORIENTED_EDGE('',*,*,#9431,.F.);
#9431 = EDGE_CURVE('',#9103,#9424,#9432,.T.);
#9432 = B_SPLINE_CURVE_WITH_KNOTS('',1,(#9433,#9434),.UNSPECIFIED.,.F.,
  .F.,(2,2),(0.,1.),.PIECEWISE_BEZIER_KNOTS.);
#9433 = CARTESIAN_POINT('',(-1.28939677592,-1.428793551841,0.1));
#9434 = CARTESIAN_POINT('',(-1.325,-1.5,0.435));
#9435 = B_SPLINE_SURFACE_WITH_KNOTS('',1,1,(
    (#9436,#9437)
    ,(#9438,#9439
    )),.UNSPECIFIED.,.F.,.F.,.F.,(2,2),(2,2),(0.,0.247487373415),(0.,1.)
  ,.PIECEWISE_BEZIER_KNOTS.);
#9436 = CARTESIAN_POINT('',(-1.28939677592,-1.428793551841,0.1));
#9437 = CARTESIAN_POINT('',(-1.325,-1.5,0.435));
#9438 = CARTESIAN_POINT('',(-1.428793551841,-1.28939677592,0.1));
#9439 = CARTESIAN_POINT('',(-1.5,-1.325,0.435));
#9440 = ADVANCED_FACE('',(#9441),#9458,.F.);
#9441 = FACE_BOUND('',#9442,.F.);
#9442 = EDGE_LOOP('',(#9443,#9444,#9451,#9457));
#9443 = ORIENTED_EDGE('',*,*,#9094,.T.);
#9444 = ORIENTED_EDGE('',*,*,#9445,.T.);
#9445 = EDGE_CURVE('',#9095,#9446,#9448,.T.);
#9446 = VERTEX_POINT('',#9447);
#9447 = CARTESIAN_POINT('',(1.325,-1.5,0.435));
#9448 = B_SPLINE_CURVE_WITH_KNOTS('',1,(#9449,#9450),.UNSPECIFIED.,.F.,
  .F.,(2,2),(0.,1.),.PIECEWISE_BEZIER_KNOTS.);
#9449 = CARTESIAN_POINT('',(1.28939677592,-1.428793551841,0.1));
#9450 = CARTESIAN_POINT('',(1.325,-1.5,0.435));
#9451 = ORIENTED_EDGE('',*,*,#9452,.F.);
#9452 = EDGE_CURVE('',#9320,#9446,#9453,.T.);
#9453 = LINE('',#9454,#9455);
#9454 = CARTESIAN_POINT('',(1.5,-1.325,0.435));
#9455 = VECTOR('',#9456,1.);
#9456 = DIRECTION('',(-0.707106781187,-0.707106781187,0.));
#9457 = ORIENTED_EDGE('',*,*,#9319,.F.);
#9458 = B_SPLINE_SURFACE_WITH_KNOTS('',1,1,(
    (#9459,#9460)
    ,(#9461,#9462
    )),.UNSPECIFIED.,.F.,.F.,.F.,(2,2),(2,2),(0.,0.247487373415),(0.,1.)
  ,.PIECEWISE_BEZIER_KNOTS.);
#9459 = CARTESIAN_POINT('',(1.428793551841,-1.28939677592,0.1));
#9460 = CARTESIAN_POINT('',(1.5,-1.325,0.435));
#9461 = CARTESIAN_POINT('',(1.28939677592,-1.428793551841,0.1));
#9462 = CARTESIAN_POINT('',(1.325,-1.5,0.435));
#9463 = ADVANCED_FACE('',(#9464),#9475,.F.);
#9464 = FACE_BOUND('',#9465,.F.);
#9465 = EDGE_LOOP('',(#9466,#9467,#9468,#9474));
#9466 = ORIENTED_EDGE('',*,*,#9102,.T.);
#9467 = ORIENTED_EDGE('',*,*,#9431,.T.);
#9468 = ORIENTED_EDGE('',*,*,#9469,.F.);
#9469 = EDGE_CURVE('',#9446,#9424,#9470,.T.);
#9470 = LINE('',#9471,#9472);
#9471 = CARTESIAN_POINT('',(1.325,-1.5,0.435));
#9472 = VECTOR('',#9473,1.);
#9473 = DIRECTION('',(-1.,-1.110223024625E-16,0.));
#9474 = ORIENTED_EDGE('',*,*,#9445,.F.);
#9475 = B_SPLINE_SURFACE_WITH_KNOTS('',1,1,(
    (#9476,#9477)
    ,(#9478,#9479
    )),.UNSPECIFIED.,.F.,.F.,.F.,(2,2),(2,2),(0.,2.65),(0.,1.),
  .PIECEWISE_BEZIER_KNOTS.);
#9476 = CARTESIAN_POINT('',(1.28939677592,-1.428793551841,0.1));
#9477 = CARTESIAN_POINT('',(1.325,-1.5,0.435));
#9478 = CARTESIAN_POINT('',(-1.28939677592,-1.428793551841,0.1));
#9479 = CARTESIAN_POINT('',(-1.325,-1.5,0.435));
#9480 = ADVANCED_FACE('',(#9481),#9498,.F.);
#9481 = FACE_BOUND('',#9482,.F.);
#9482 = EDGE_LOOP('',(#9483,#9484,#9491,#9497));
#9483 = ORIENTED_EDGE('',*,*,#9148,.T.);
#9484 = ORIENTED_EDGE('',*,*,#9485,.T.);
#9485 = EDGE_CURVE('',#9142,#9486,#9488,.T.);
#9486 = VERTEX_POINT('',#9487);
#9487 = CARTESIAN_POINT('',(1.5,1.325,0.615));
#9488 = B_SPLINE_CURVE_WITH_KNOTS('',1,(#9489,#9490),.UNSPECIFIED.,.F.,
  .F.,(2,2),(0.,1.),.PIECEWISE_BEZIER_KNOTS.);
#9489 = CARTESIAN_POINT('',(1.5,1.325,0.435));
#9490 = CARTESIAN_POINT('',(1.5,1.325,0.615));
#9491 = ORIENTED_EDGE('',*,*,#9492,.F.);
#9492 = EDGE_CURVE('',#9165,#9486,#9493,.T.);
#9493 = LINE('',#9494,#9495);
#9494 = CARTESIAN_POINT('',(1.325,1.5,0.615));
#9495 = VECTOR('',#9496,1.);
#9496 = DIRECTION('',(0.707106781187,-0.707106781187,0.));
#9497 = ORIENTED_EDGE('',*,*,#9164,.F.);
#9498 = PLANE('',#9499);
#9499 = AXIS2_PLACEMENT_3D('',#9500,#9501,#9502);
#9500 = CARTESIAN_POINT('',(1.325,1.5,0.615));
#9501 = DIRECTION('',(-0.707106781187,-0.707106781187,0.));
#9502 = DIRECTION('',(0.707106781187,-0.707106781187,0.));
#9503 = ADVANCED_FACE('',(#9504),#9586,.F.);
#9504 = FACE_BOUND('',#9505,.F.);
#9505 = EDGE_LOOP('',(#9506,#9514,#9515,#9516,#9524,#9532,#9540,#9548,
    #9556,#9564,#9572,#9580));
#9506 = ORIENTED_EDGE('',*,*,#9507,.T.);
#9507 = EDGE_CURVE('',#9508,#9172,#9510,.T.);
#9508 = VERTEX_POINT('',#9509);
#9509 = CARTESIAN_POINT('',(-1.5,1.325,0.615));
#9510 = LINE('',#9511,#9512);
#9511 = CARTESIAN_POINT('',(-1.5,1.325,0.615));
#9512 = VECTOR('',#9513,1.);
#9513 = DIRECTION('',(0.707106781187,0.707106781187,0.));
#9514 = ORIENTED_EDGE('',*,*,#9171,.T.);
#9515 = ORIENTED_EDGE('',*,*,#9492,.T.);
#9516 = ORIENTED_EDGE('',*,*,#9517,.T.);
#9517 = EDGE_CURVE('',#9486,#9518,#9520,.T.);
#9518 = VERTEX_POINT('',#9519);
#9519 = CARTESIAN_POINT('',(1.5,1.115,0.615));
#9520 = LINE('',#9521,#9522);
#9521 = CARTESIAN_POINT('',(1.5,1.325,0.615));
#9522 = VECTOR('',#9523,1.);
#9523 = DIRECTION('',(1.110223024625E-16,-1.,0.));
#9524 = ORIENTED_EDGE('',*,*,#9525,.T.);
#9525 = EDGE_CURVE('',#9518,#9526,#9528,.T.);
#9526 = VERTEX_POINT('',#9527);
#9527 = CARTESIAN_POINT('',(1.425,1.115,0.615));
#9528 = LINE('',#9529,#9530);
#9529 = CARTESIAN_POINT('',(1.75,1.115,0.615));
#9530 = VECTOR('',#9531,1.);
#9531 = DIRECTION('',(-1.,-1.110223024625E-16,0.));
#9532 = ORIENTED_EDGE('',*,*,#9533,.F.);
#9533 = EDGE_CURVE('',#9534,#9526,#9536,.T.);
#9534 = VERTEX_POINT('',#9535);
#9535 = CARTESIAN_POINT('',(1.425,1.2875,0.615));
#9536 = LINE('',#9537,#9538);
#9537 = CARTESIAN_POINT('',(1.425,1.2875,0.615));
#9538 = VECTOR('',#9539,1.);
#9539 = DIRECTION('',(1.110223024625E-16,-1.,0.));
#9540 = ORIENTED_EDGE('',*,*,#9541,.F.);
#9541 = EDGE_CURVE('',#9542,#9534,#9544,.T.);
#9542 = VERTEX_POINT('',#9543);
#9543 = CARTESIAN_POINT('',(1.2875,1.425,0.615));
#9544 = LINE('',#9545,#9546);
#9545 = CARTESIAN_POINT('',(1.2875,1.425,0.615));
#9546 = VECTOR('',#9547,1.);
#9547 = DIRECTION('',(0.707106781187,-0.707106781187,0.));
#9548 = ORIENTED_EDGE('',*,*,#9549,.F.);
#9549 = EDGE_CURVE('',#9550,#9542,#9552,.T.);
#9550 = VERTEX_POINT('',#9551);
#9551 = CARTESIAN_POINT('',(-1.2875,1.425,0.615));
#9552 = LINE('',#9553,#9554);
#9553 = CARTESIAN_POINT('',(-1.2875,1.425,0.615));
#9554 = VECTOR('',#9555,1.);
#9555 = DIRECTION('',(1.,1.110223024625E-16,0.));
#9556 = ORIENTED_EDGE('',*,*,#9557,.F.);
#9557 = EDGE_CURVE('',#9558,#9550,#9560,.T.);
#9558 = VERTEX_POINT('',#9559);
#9559 = CARTESIAN_POINT('',(-1.425,1.2875,0.615));
#9560 = LINE('',#9561,#9562);
#9561 = CARTESIAN_POINT('',(-1.425,1.2875,0.615));
#9562 = VECTOR('',#9563,1.);
#9563 = DIRECTION('',(0.707106781187,0.707106781187,0.));
#9564 = ORIENTED_EDGE('',*,*,#9565,.F.);
#9565 = EDGE_CURVE('',#9566,#9558,#9568,.T.);
#9566 = VERTEX_POINT('',#9567);
#9567 = CARTESIAN_POINT('',(-1.425,1.115,0.615));
#9568 = LINE('',#9569,#9570);
#9569 = CARTESIAN_POINT('',(-1.425,-1.2875,0.615));
#9570 = VECTOR('',#9571,1.);
#9571 = DIRECTION('',(-1.110223024625E-16,1.,0.));
#9572 = ORIENTED_EDGE('',*,*,#9573,.F.);
#9573 = EDGE_CURVE('',#9574,#9566,#9576,.T.);
#9574 = VERTEX_POINT('',#9575);
#9575 = CARTESIAN_POINT('',(-1.5,1.115,0.615));
#9576 = LINE('',#9577,#9578);
#9577 = CARTESIAN_POINT('',(-1.75,1.115,0.615));
#9578 = VECTOR('',#9579,1.);
#9579 = DIRECTION('',(1.,-1.144237745222E-17,0.));
#9580 = ORIENTED_EDGE('',*,*,#9581,.T.);
#9581 = EDGE_CURVE('',#9574,#9508,#9582,.T.);
#9582 = LINE('',#9583,#9584);
#9583 = CARTESIAN_POINT('',(-1.5,-1.325,0.615));
#9584 = VECTOR('',#9585,1.);
#9585 = DIRECTION('',(-1.110223024625E-16,1.,0.));
#9586 = PLANE('',#9587);
#9587 = AXIS2_PLACEMENT_3D('',#9588,#9589,#9590);
#9588 = CARTESIAN_POINT('',(-3.758471954232E-17,1.4625,0.615));
#9589 = DIRECTION('',(-1.552101215968E-32,-4.853414201084E-28,-1.));
#9590 = DIRECTION('',(1.,1.184217143749E-16,-1.552101215974E-32));
#9591 = ADVANCED_FACE('',(#9592),#9602,.F.);
#9592 = FACE_BOUND('',#9593,.F.);
#9593 = EDGE_LOOP('',(#9594,#9595,#9596,#9597));
#9594 = ORIENTED_EDGE('',*,*,#9194,.T.);
#9595 = ORIENTED_EDGE('',*,*,#9179,.T.);
#9596 = ORIENTED_EDGE('',*,*,#9507,.F.);
#9597 = ORIENTED_EDGE('',*,*,#9598,.F.);
#9598 = EDGE_CURVE('',#9195,#9508,#9599,.T.);
#9599 = B_SPLINE_CURVE_WITH_KNOTS('',1,(#9600,#9601),.UNSPECIFIED.,.F.,
  .F.,(2,2),(0.,1.),.PIECEWISE_BEZIER_KNOTS.);
#9600 = CARTESIAN_POINT('',(-1.5,1.325,0.435));
#9601 = CARTESIAN_POINT('',(-1.5,1.325,0.615));
#9602 = PLANE('',#9603);
#9603 = AXIS2_PLACEMENT_3D('',#9604,#9605,#9606);
#9604 = CARTESIAN_POINT('',(-1.5,1.325,0.615));
#9605 = DIRECTION('',(0.707106781187,-0.707106781187,0.));
#9606 = DIRECTION('',(0.707106781187,0.707106781187,0.));
#9607 = ADVANCED_FACE('',(#9608),#9632,.F.);
#9608 = FACE_BOUND('',#9609,.F.);
#9609 = EDGE_LOOP('',(#9610,#9617,#9618,#9626));
#9610 = ORIENTED_EDGE('',*,*,#9611,.F.);
#9611 = EDGE_CURVE('',#9298,#9612,#9614,.T.);
#9612 = VERTEX_POINT('',#9613);
#9613 = CARTESIAN_POINT('',(-1.5,-1.325,0.615));
#9614 = B_SPLINE_CURVE_WITH_KNOTS('',1,(#9615,#9616),.UNSPECIFIED.,.F.,
  .F.,(2,2),(0.,1.),.PIECEWISE_BEZIER_KNOTS.);
#9615 = CARTESIAN_POINT('',(-1.5,-1.325,0.435));
#9616 = CARTESIAN_POINT('',(-1.5,-1.325,0.615));
#9617 = ORIENTED_EDGE('',*,*,#9297,.T.);
#9618 = ORIENTED_EDGE('',*,*,#9619,.T.);
#9619 = EDGE_CURVE('',#9290,#9620,#9622,.T.);
#9620 = VERTEX_POINT('',#9621);
#9621 = CARTESIAN_POINT('',(-1.5,-1.115,0.615));
#9622 = LINE('',#9623,#9624);
#9623 = CARTESIAN_POINT('',(-1.5,-1.115,0.461759022967));
#9624 = VECTOR('',#9625,1.);
#9625 = DIRECTION('',(0.,0.,1.));
#9626 = ORIENTED_EDGE('',*,*,#9627,.F.);
#9627 = EDGE_CURVE('',#9612,#9620,#9628,.T.);
#9628 = LINE('',#9629,#9630);
#9629 = CARTESIAN_POINT('',(-1.5,-1.325,0.615));
#9630 = VECTOR('',#9631,1.);
#9631 = DIRECTION('',(-1.110223024625E-16,1.,0.));
#9632 = PLANE('',#9633);
#9633 = AXIS2_PLACEMENT_3D('',#9634,#9635,#9636);
#9634 = CARTESIAN_POINT('',(-1.5,-1.325,0.615));
#9635 = DIRECTION('',(1.,1.110223024625E-16,0.));
#9636 = DIRECTION('',(-1.110223024625E-16,1.,0.));
#9637 = ADVANCED_FACE('',(#9638),#9663,.F.);
#9638 = FACE_BOUND('',#9639,.F.);
#9639 = EDGE_LOOP('',(#9640,#9648,#9649,#9657));
#9640 = ORIENTED_EDGE('',*,*,#9641,.F.);
#9641 = EDGE_CURVE('',#9290,#9642,#9644,.T.);
#9642 = VERTEX_POINT('',#9643);
#9643 = CARTESIAN_POINT('',(-1.75,-1.115,0.435));
#9644 = LINE('',#9645,#9646);
#9645 = CARTESIAN_POINT('',(-1.35,-1.115,0.435));
#9646 = VECTOR('',#9647,1.);
#9647 = DIRECTION('',(-1.,1.144237745222E-17,0.));
#9648 = ORIENTED_EDGE('',*,*,#9289,.T.);
#9649 = ORIENTED_EDGE('',*,*,#9650,.T.);
#9650 = EDGE_CURVE('',#9282,#9651,#9653,.T.);
#9651 = VERTEX_POINT('',#9652);
#9652 = CARTESIAN_POINT('',(-1.75,-0.885,0.435));
#9653 = LINE('',#9654,#9655);
#9654 = CARTESIAN_POINT('',(-1.35,-0.885,0.435));
#9655 = VECTOR('',#9656,1.);
#9656 = DIRECTION('',(-1.,1.144237745222E-17,0.));
#9657 = ORIENTED_EDGE('',*,*,#9658,.F.);
#9658 = EDGE_CURVE('',#9642,#9651,#9659,.T.);
#9659 = LINE('',#9660,#9661);
#9660 = CARTESIAN_POINT('',(-1.75,-1.115,0.435));
#9661 = VECTOR('',#9662,1.);
#9662 = DIRECTION('',(1.144237745222E-17,1.,0.));
#9663 = PLANE('',#9664);
#9664 = AXIS2_PLACEMENT_3D('',#9665,#9666,#9667);
#9665 = CARTESIAN_POINT('',(-1.35,-1.115,0.435));
#9666 = DIRECTION('',(0.,0.,1.));
#9667 = DIRECTION('',(-1.,1.144237745222E-17,0.));
#9668 = ADVANCED_FACE('',(#9669),#9694,.F.);
#9669 = FACE_BOUND('',#9670,.F.);
#9670 = EDGE_LOOP('',(#9671,#9679,#9680,#9688));
#9671 = ORIENTED_EDGE('',*,*,#9672,.F.);
#9672 = EDGE_CURVE('',#9282,#9673,#9675,.T.);
#9673 = VERTEX_POINT('',#9674);
#9674 = CARTESIAN_POINT('',(-1.5,-0.885,0.615));
#9675 = LINE('',#9676,#9677);
#9676 = CARTESIAN_POINT('',(-1.5,-0.885,0.461759022967));
#9677 = VECTOR('',#9678,1.);
#9678 = DIRECTION('',(0.,0.,1.));
#9679 = ORIENTED_EDGE('',*,*,#9281,.T.);
#9680 = ORIENTED_EDGE('',*,*,#9681,.T.);
#9681 = EDGE_CURVE('',#9274,#9682,#9684,.T.);
#9682 = VERTEX_POINT('',#9683);
#9683 = CARTESIAN_POINT('',(-1.5,-0.615,0.615));
#9684 = LINE('',#9685,#9686);
#9685 = CARTESIAN_POINT('',(-1.5,-0.615,0.461759022967));
#9686 = VECTOR('',#9687,1.);
#9687 = DIRECTION('',(0.,0.,1.));
#9688 = ORIENTED_EDGE('',*,*,#9689,.F.);
#9689 = EDGE_CURVE('',#9673,#9682,#9690,.T.);
#9690 = LINE('',#9691,#9692);
#9691 = CARTESIAN_POINT('',(-1.5,-1.325,0.615));
#9692 = VECTOR('',#9693,1.);
#9693 = DIRECTION('',(-1.110223024625E-16,1.,0.));
#9694 = PLANE('',#9695);
#9695 = AXIS2_PLACEMENT_3D('',#9696,#9697,#9698);
#9696 = CARTESIAN_POINT('',(-1.5,-1.325,0.615));
#9697 = DIRECTION('',(1.,1.110223024625E-16,0.));
#9698 = DIRECTION('',(-1.110223024625E-16,1.,0.));
#9699 = ADVANCED_FACE('',(#9700),#9725,.F.);
#9700 = FACE_BOUND('',#9701,.F.);
#9701 = EDGE_LOOP('',(#9702,#9710,#9711,#9719));
#9702 = ORIENTED_EDGE('',*,*,#9703,.F.);
#9703 = EDGE_CURVE('',#9274,#9704,#9706,.T.);
#9704 = VERTEX_POINT('',#9705);
#9705 = CARTESIAN_POINT('',(-1.75,-0.615,0.435));
#9706 = LINE('',#9707,#9708);
#9707 = CARTESIAN_POINT('',(-1.35,-0.615,0.435));
#9708 = VECTOR('',#9709,1.);
#9709 = DIRECTION('',(-1.,1.144237745222E-17,0.));
#9710 = ORIENTED_EDGE('',*,*,#9273,.T.);
#9711 = ORIENTED_EDGE('',*,*,#9712,.T.);
#9712 = EDGE_CURVE('',#9266,#9713,#9715,.T.);
#9713 = VERTEX_POINT('',#9714);
#9714 = CARTESIAN_POINT('',(-1.75,-0.385,0.435));
#9715 = LINE('',#9716,#9717);
#9716 = CARTESIAN_POINT('',(-1.35,-0.385,0.435));
#9717 = VECTOR('',#9718,1.);
#9718 = DIRECTION('',(-1.,1.144237745222E-17,0.));
#9719 = ORIENTED_EDGE('',*,*,#9720,.F.);
#9720 = EDGE_CURVE('',#9704,#9713,#9721,.T.);
#9721 = LINE('',#9722,#9723);
#9722 = CARTESIAN_POINT('',(-1.75,-0.615,0.435));
#9723 = VECTOR('',#9724,1.);
#9724 = DIRECTION('',(1.144237745222E-17,1.,0.));
#9725 = PLANE('',#9726);
#9726 = AXIS2_PLACEMENT_3D('',#9727,#9728,#9729);
#9727 = CARTESIAN_POINT('',(-1.35,-0.615,0.435));
#9728 = DIRECTION('',(0.,0.,1.));
#9729 = DIRECTION('',(-1.,1.144237745222E-17,0.));
#9730 = ADVANCED_FACE('',(#9731),#9756,.F.);
#9731 = FACE_BOUND('',#9732,.F.);
#9732 = EDGE_LOOP('',(#9733,#9741,#9742,#9750));
#9733 = ORIENTED_EDGE('',*,*,#9734,.F.);
#9734 = EDGE_CURVE('',#9266,#9735,#9737,.T.);
#9735 = VERTEX_POINT('',#9736);
#9736 = CARTESIAN_POINT('',(-1.5,-0.385,0.615));
#9737 = LINE('',#9738,#9739);
#9738 = CARTESIAN_POINT('',(-1.5,-0.385,0.461759022967));
#9739 = VECTOR('',#9740,1.);
#9740 = DIRECTION('',(0.,0.,1.));
#9741 = ORIENTED_EDGE('',*,*,#9265,.T.);
#9742 = ORIENTED_EDGE('',*,*,#9743,.T.);
#9743 = EDGE_CURVE('',#9258,#9744,#9746,.T.);
#9744 = VERTEX_POINT('',#9745);
#9745 = CARTESIAN_POINT('',(-1.5,-0.115,0.615));
#9746 = LINE('',#9747,#9748);
#9747 = CARTESIAN_POINT('',(-1.5,-0.115,0.461759022967));
#9748 = VECTOR('',#9749,1.);
#9749 = DIRECTION('',(0.,0.,1.));
#9750 = ORIENTED_EDGE('',*,*,#9751,.F.);
#9751 = EDGE_CURVE('',#9735,#9744,#9752,.T.);
#9752 = LINE('',#9753,#9754);
#9753 = CARTESIAN_POINT('',(-1.5,-1.325,0.615));
#9754 = VECTOR('',#9755,1.);
#9755 = DIRECTION('',(-1.110223024625E-16,1.,0.));
#9756 = PLANE('',#9757);
#9757 = AXIS2_PLACEMENT_3D('',#9758,#9759,#9760);
#9758 = CARTESIAN_POINT('',(-1.5,-1.325,0.615));
#9759 = DIRECTION('',(1.,1.110223024625E-16,0.));
#9760 = DIRECTION('',(-1.110223024625E-16,1.,0.));
#9761 = ADVANCED_FACE('',(#9762),#9787,.F.);
#9762 = FACE_BOUND('',#9763,.F.);
#9763 = EDGE_LOOP('',(#9764,#9772,#9773,#9781));
#9764 = ORIENTED_EDGE('',*,*,#9765,.F.);
#9765 = EDGE_CURVE('',#9258,#9766,#9768,.T.);
#9766 = VERTEX_POINT('',#9767);
#9767 = CARTESIAN_POINT('',(-1.75,-0.115,0.435));
#9768 = LINE('',#9769,#9770);
#9769 = CARTESIAN_POINT('',(-1.35,-0.115,0.435));
#9770 = VECTOR('',#9771,1.);
#9771 = DIRECTION('',(-1.,1.144237745222E-17,0.));
#9772 = ORIENTED_EDGE('',*,*,#9257,.T.);
#9773 = ORIENTED_EDGE('',*,*,#9774,.T.);
#9774 = EDGE_CURVE('',#9250,#9775,#9777,.T.);
#9775 = VERTEX_POINT('',#9776);
#9776 = CARTESIAN_POINT('',(-1.75,0.115,0.435));
#9777 = LINE('',#9778,#9779);
#9778 = CARTESIAN_POINT('',(-1.35,0.115,0.435));
#9779 = VECTOR('',#9780,1.);
#9780 = DIRECTION('',(-1.,1.144237745222E-17,0.));
#9781 = ORIENTED_EDGE('',*,*,#9782,.F.);
#9782 = EDGE_CURVE('',#9766,#9775,#9783,.T.);
#9783 = LINE('',#9784,#9785);
#9784 = CARTESIAN_POINT('',(-1.75,-0.115,0.435));
#9785 = VECTOR('',#9786,1.);
#9786 = DIRECTION('',(1.144237745222E-17,1.,0.));
#9787 = PLANE('',#9788);
#9788 = AXIS2_PLACEMENT_3D('',#9789,#9790,#9791);
#9789 = CARTESIAN_POINT('',(-1.35,-0.115,0.435));
#9790 = DIRECTION('',(0.,0.,1.));
#9791 = DIRECTION('',(-1.,1.144237745222E-17,0.));
#9792 = ADVANCED_FACE('',(#9793),#9818,.F.);
#9793 = FACE_BOUND('',#9794,.F.);
#9794 = EDGE_LOOP('',(#9795,#9803,#9804,#9812));
#9795 = ORIENTED_EDGE('',*,*,#9796,.F.);
#9796 = EDGE_CURVE('',#9250,#9797,#9799,.T.);
#9797 = VERTEX_POINT('',#9798);
#9798 = CARTESIAN_POINT('',(-1.5,0.115,0.615));
#9799 = LINE('',#9800,#9801);
#9800 = CARTESIAN_POINT('',(-1.5,0.115,0.461759022967));
#9801 = VECTOR('',#9802,1.);
#9802 = DIRECTION('',(0.,0.,1.));
#9803 = ORIENTED_EDGE('',*,*,#9249,.T.);
#9804 = ORIENTED_EDGE('',*,*,#9805,.T.);
#9805 = EDGE_CURVE('',#9242,#9806,#9808,.T.);
#9806 = VERTEX_POINT('',#9807);
#9807 = CARTESIAN_POINT('',(-1.5,0.385,0.615));
#9808 = LINE('',#9809,#9810);
#9809 = CARTESIAN_POINT('',(-1.5,0.385,0.461759022967));
#9810 = VECTOR('',#9811,1.);
#9811 = DIRECTION('',(0.,0.,1.));
#9812 = ORIENTED_EDGE('',*,*,#9813,.F.);
#9813 = EDGE_CURVE('',#9797,#9806,#9814,.T.);
#9814 = LINE('',#9815,#9816);
#9815 = CARTESIAN_POINT('',(-1.5,-1.325,0.615));
#9816 = VECTOR('',#9817,1.);
#9817 = DIRECTION('',(-1.110223024625E-16,1.,0.));
#9818 = PLANE('',#9819);
#9819 = AXIS2_PLACEMENT_3D('',#9820,#9821,#9822);
#9820 = CARTESIAN_POINT('',(-1.5,-1.325,0.615));
#9821 = DIRECTION('',(1.,1.110223024625E-16,0.));
#9822 = DIRECTION('',(-1.110223024625E-16,1.,0.));
#9823 = ADVANCED_FACE('',(#9824),#9849,.F.);
#9824 = FACE_BOUND('',#9825,.F.);
#9825 = EDGE_LOOP('',(#9826,#9834,#9835,#9843));
#9826 = ORIENTED_EDGE('',*,*,#9827,.F.);
#9827 = EDGE_CURVE('',#9242,#9828,#9830,.T.);
#9828 = VERTEX_POINT('',#9829);
#9829 = CARTESIAN_POINT('',(-1.75,0.385,0.435));
#9830 = LINE('',#9831,#9832);
#9831 = CARTESIAN_POINT('',(-1.35,0.385,0.435));
#9832 = VECTOR('',#9833,1.);
#9833 = DIRECTION('',(-1.,1.144237745222E-17,0.));
#9834 = ORIENTED_EDGE('',*,*,#9241,.T.);
#9835 = ORIENTED_EDGE('',*,*,#9836,.T.);
#9836 = EDGE_CURVE('',#9234,#9837,#9839,.T.);
#9837 = VERTEX_POINT('',#9838);
#9838 = CARTESIAN_POINT('',(-1.75,0.615,0.435));
#9839 = LINE('',#9840,#9841);
#9840 = CARTESIAN_POINT('',(-1.35,0.615,0.435));
#9841 = VECTOR('',#9842,1.);
#9842 = DIRECTION('',(-1.,1.144237745222E-17,0.));
#9843 = ORIENTED_EDGE('',*,*,#9844,.F.);
#9844 = EDGE_CURVE('',#9828,#9837,#9845,.T.);
#9845 = LINE('',#9846,#9847);
#9846 = CARTESIAN_POINT('',(-1.75,0.385,0.435));
#9847 = VECTOR('',#9848,1.);
#9848 = DIRECTION('',(1.144237745222E-17,1.,0.));
#9849 = PLANE('',#9850);
#9850 = AXIS2_PLACEMENT_3D('',#9851,#9852,#9853);
#9851 = CARTESIAN_POINT('',(-1.35,0.385,0.435));
#9852 = DIRECTION('',(0.,0.,1.));
#9853 = DIRECTION('',(-1.,1.144237745222E-17,0.));
#9854 = ADVANCED_FACE('',(#9855),#9880,.F.);
#9855 = FACE_BOUND('',#9856,.F.);
#9856 = EDGE_LOOP('',(#9857,#9865,#9866,#9874));
#9857 = ORIENTED_EDGE('',*,*,#9858,.F.);
#9858 = EDGE_CURVE('',#9234,#9859,#9861,.T.);
#9859 = VERTEX_POINT('',#9860);
#9860 = CARTESIAN_POINT('',(-1.5,0.615,0.615));
#9861 = LINE('',#9862,#9863);
#9862 = CARTESIAN_POINT('',(-1.5,0.615,0.461759022967));
#9863 = VECTOR('',#9864,1.);
#9864 = DIRECTION('',(0.,0.,1.));
#9865 = ORIENTED_EDGE('',*,*,#9233,.T.);
#9866 = ORIENTED_EDGE('',*,*,#9867,.T.);
#9867 = EDGE_CURVE('',#9226,#9868,#9870,.T.);
#9868 = VERTEX_POINT('',#9869);
#9869 = CARTESIAN_POINT('',(-1.5,0.885,0.615));
#9870 = LINE('',#9871,#9872);
#9871 = CARTESIAN_POINT('',(-1.5,0.885,0.461759022967));
#9872 = VECTOR('',#9873,1.);
#9873 = DIRECTION('',(0.,0.,1.));
#9874 = ORIENTED_EDGE('',*,*,#9875,.F.);
#9875 = EDGE_CURVE('',#9859,#9868,#9876,.T.);
#9876 = LINE('',#9877,#9878);
#9877 = CARTESIAN_POINT('',(-1.5,-1.325,0.615));
#9878 = VECTOR('',#9879,1.);
#9879 = DIRECTION('',(-1.110223024625E-16,1.,0.));
#9880 = PLANE('',#9881);
#9881 = AXIS2_PLACEMENT_3D('',#9882,#9883,#9884);
#9882 = CARTESIAN_POINT('',(-1.5,-1.325,0.615));
#9883 = DIRECTION('',(1.,1.110223024625E-16,0.));
#9884 = DIRECTION('',(-1.110223024625E-16,1.,0.));
#9885 = ADVANCED_FACE('',(#9886),#9911,.F.);
#9886 = FACE_BOUND('',#9887,.F.);
#9887 = EDGE_LOOP('',(#9888,#9896,#9897,#9905));
#9888 = ORIENTED_EDGE('',*,*,#9889,.F.);
#9889 = EDGE_CURVE('',#9226,#9890,#9892,.T.);
#9890 = VERTEX_POINT('',#9891);
#9891 = CARTESIAN_POINT('',(-1.75,0.885,0.435));
#9892 = LINE('',#9893,#9894);
#9893 = CARTESIAN_POINT('',(-1.35,0.885,0.435));
#9894 = VECTOR('',#9895,1.);
#9895 = DIRECTION('',(-1.,1.144237745222E-17,0.));
#9896 = ORIENTED_EDGE('',*,*,#9225,.T.);
#9897 = ORIENTED_EDGE('',*,*,#9898,.T.);
#9898 = EDGE_CURVE('',#9218,#9899,#9901,.T.);
#9899 = VERTEX_POINT('',#9900);
#9900 = CARTESIAN_POINT('',(-1.75,1.115,0.435));
#9901 = LINE('',#9902,#9903);
#9902 = CARTESIAN_POINT('',(-1.35,1.115,0.435));
#9903 = VECTOR('',#9904,1.);
#9904 = DIRECTION('',(-1.,1.144237745222E-17,0.));
#9905 = ORIENTED_EDGE('',*,*,#9906,.F.);
#9906 = EDGE_CURVE('',#9890,#9899,#9907,.T.);
#9907 = LINE('',#9908,#9909);
#9908 = CARTESIAN_POINT('',(-1.75,0.885,0.435));
#9909 = VECTOR('',#9910,1.);
#9910 = DIRECTION('',(1.144237745222E-17,1.,0.));
#9911 = PLANE('',#9912);
#9912 = AXIS2_PLACEMENT_3D('',#9913,#9914,#9915);
#9913 = CARTESIAN_POINT('',(-1.35,0.885,0.435));
#9914 = DIRECTION('',(0.,0.,1.));
#9915 = DIRECTION('',(-1.,1.144237745222E-17,0.));
#9916 = ADVANCED_FACE('',(#9917),#9928,.F.);
#9917 = FACE_BOUND('',#9918,.F.);
#9918 = EDGE_LOOP('',(#9919,#9925,#9926,#9927));
#9919 = ORIENTED_EDGE('',*,*,#9920,.F.);
#9920 = EDGE_CURVE('',#9218,#9574,#9921,.T.);
#9921 = LINE('',#9922,#9923);
#9922 = CARTESIAN_POINT('',(-1.5,1.115,0.461759022967));
#9923 = VECTOR('',#9924,1.);
#9924 = DIRECTION('',(0.,0.,1.));
#9925 = ORIENTED_EDGE('',*,*,#9217,.T.);
#9926 = ORIENTED_EDGE('',*,*,#9598,.T.);
#9927 = ORIENTED_EDGE('',*,*,#9581,.F.);
#9928 = PLANE('',#9929);
#9929 = AXIS2_PLACEMENT_3D('',#9930,#9931,#9932);
#9930 = CARTESIAN_POINT('',(-1.5,-1.325,0.615));
#9931 = DIRECTION('',(1.,1.110223024625E-16,0.));
#9932 = DIRECTION('',(-1.110223024625E-16,1.,0.));
#9933 = ADVANCED_FACE('',(#9934),#9945,.F.);
#9934 = FACE_BOUND('',#9935,.F.);
#9935 = EDGE_LOOP('',(#9936,#9937,#9938,#9944));
#9936 = ORIENTED_EDGE('',*,*,#9485,.F.);
#9937 = ORIENTED_EDGE('',*,*,#9406,.T.);
#9938 = ORIENTED_EDGE('',*,*,#9939,.T.);
#9939 = EDGE_CURVE('',#9399,#9518,#9940,.T.);
#9940 = LINE('',#9941,#9942);
#9941 = CARTESIAN_POINT('',(1.5,1.115,0.461759022967));
#9942 = VECTOR('',#9943,1.);
#9943 = DIRECTION('',(0.,0.,1.));
#9944 = ORIENTED_EDGE('',*,*,#9517,.F.);
#9945 = PLANE('',#9946);
#9946 = AXIS2_PLACEMENT_3D('',#9947,#9948,#9949);
#9947 = CARTESIAN_POINT('',(1.5,1.325,0.615));
#9948 = DIRECTION('',(-1.,-1.110223024625E-16,0.));
#9949 = DIRECTION('',(1.110223024625E-16,-1.,0.));
#9950 = ADVANCED_FACE('',(#9951),#9976,.F.);
#9951 = FACE_BOUND('',#9952,.F.);
#9952 = EDGE_LOOP('',(#9953,#9961,#9962,#9970));
#9953 = ORIENTED_EDGE('',*,*,#9954,.F.);
#9954 = EDGE_CURVE('',#9399,#9955,#9957,.T.);
#9955 = VERTEX_POINT('',#9956);
#9956 = CARTESIAN_POINT('',(1.75,1.115,0.435));
#9957 = LINE('',#9958,#9959);
#9958 = CARTESIAN_POINT('',(1.35,1.115,0.435));
#9959 = VECTOR('',#9960,1.);
#9960 = DIRECTION('',(1.,1.110223024625E-16,0.));
#9961 = ORIENTED_EDGE('',*,*,#9398,.T.);
#9962 = ORIENTED_EDGE('',*,*,#9963,.T.);
#9963 = EDGE_CURVE('',#9391,#9964,#9966,.T.);
#9964 = VERTEX_POINT('',#9965);
#9965 = CARTESIAN_POINT('',(1.75,0.885,0.435));
#9966 = LINE('',#9967,#9968);
#9967 = CARTESIAN_POINT('',(1.35,0.885,0.435));
#9968 = VECTOR('',#9969,1.);
#9969 = DIRECTION('',(1.,1.110223024625E-16,0.));
#9970 = ORIENTED_EDGE('',*,*,#9971,.F.);
#9971 = EDGE_CURVE('',#9955,#9964,#9972,.T.);
#9972 = LINE('',#9973,#9974);
#9973 = CARTESIAN_POINT('',(1.75,1.115,0.435));
#9974 = VECTOR('',#9975,1.);
#9975 = DIRECTION('',(1.110223024625E-16,-1.,0.));
#9976 = PLANE('',#9977);
#9977 = AXIS2_PLACEMENT_3D('',#9978,#9979,#9980);
#9978 = CARTESIAN_POINT('',(1.35,1.115,0.435));
#9979 = DIRECTION('',(0.,0.,1.));
#9980 = DIRECTION('',(1.,1.110223024625E-16,-0.));
#9981 = ADVANCED_FACE('',(#9982),#10007,.F.);
#9982 = FACE_BOUND('',#9983,.F.);
#9983 = EDGE_LOOP('',(#9984,#9992,#9993,#10001));
#9984 = ORIENTED_EDGE('',*,*,#9985,.F.);
#9985 = EDGE_CURVE('',#9391,#9986,#9988,.T.);
#9986 = VERTEX_POINT('',#9987);
#9987 = CARTESIAN_POINT('',(1.5,0.885,0.615));
#9988 = LINE('',#9989,#9990);
#9989 = CARTESIAN_POINT('',(1.5,0.885,0.461759022967));
#9990 = VECTOR('',#9991,1.);
#9991 = DIRECTION('',(0.,0.,1.));
#9992 = ORIENTED_EDGE('',*,*,#9390,.T.);
#9993 = ORIENTED_EDGE('',*,*,#9994,.T.);
#9994 = EDGE_CURVE('',#9383,#9995,#9997,.T.);
#9995 = VERTEX_POINT('',#9996);
#9996 = CARTESIAN_POINT('',(1.5,0.615,0.615));
#9997 = LINE('',#9998,#9999);
#9998 = CARTESIAN_POINT('',(1.5,0.615,0.461759022967));
#9999 = VECTOR('',#10000,1.);
#10000 = DIRECTION('',(0.,0.,1.));
#10001 = ORIENTED_EDGE('',*,*,#10002,.F.);
#10002 = EDGE_CURVE('',#9986,#9995,#10003,.T.);
#10003 = LINE('',#10004,#10005);
#10004 = CARTESIAN_POINT('',(1.5,1.325,0.615));
#10005 = VECTOR('',#10006,1.);
#10006 = DIRECTION('',(1.110223024625E-16,-1.,0.));
#10007 = PLANE('',#10008);
#10008 = AXIS2_PLACEMENT_3D('',#10009,#10010,#10011);
#10009 = CARTESIAN_POINT('',(1.5,1.325,0.615));
#10010 = DIRECTION('',(-1.,-1.110223024625E-16,0.));
#10011 = DIRECTION('',(1.110223024625E-16,-1.,0.));
#10012 = ADVANCED_FACE('',(#10013),#10038,.F.);
#10013 = FACE_BOUND('',#10014,.F.);
#10014 = EDGE_LOOP('',(#10015,#10023,#10024,#10032));
#10015 = ORIENTED_EDGE('',*,*,#10016,.F.);
#10016 = EDGE_CURVE('',#9383,#10017,#10019,.T.);
#10017 = VERTEX_POINT('',#10018);
#10018 = CARTESIAN_POINT('',(1.75,0.615,0.435));
#10019 = LINE('',#10020,#10021);
#10020 = CARTESIAN_POINT('',(1.35,0.615,0.435));
#10021 = VECTOR('',#10022,1.);
#10022 = DIRECTION('',(1.,1.110223024625E-16,0.));
#10023 = ORIENTED_EDGE('',*,*,#9382,.T.);
#10024 = ORIENTED_EDGE('',*,*,#10025,.T.);
#10025 = EDGE_CURVE('',#9375,#10026,#10028,.T.);
#10026 = VERTEX_POINT('',#10027);
#10027 = CARTESIAN_POINT('',(1.75,0.385,0.435));
#10028 = LINE('',#10029,#10030);
#10029 = CARTESIAN_POINT('',(1.35,0.385,0.435));
#10030 = VECTOR('',#10031,1.);
#10031 = DIRECTION('',(1.,1.110223024625E-16,0.));
#10032 = ORIENTED_EDGE('',*,*,#10033,.F.);
#10033 = EDGE_CURVE('',#10017,#10026,#10034,.T.);
#10034 = LINE('',#10035,#10036);
#10035 = CARTESIAN_POINT('',(1.75,0.615,0.435));
#10036 = VECTOR('',#10037,1.);
#10037 = DIRECTION('',(1.110223024625E-16,-1.,0.));
#10038 = PLANE('',#10039);
#10039 = AXIS2_PLACEMENT_3D('',#10040,#10041,#10042);
#10040 = CARTESIAN_POINT('',(1.35,0.615,0.435));
#10041 = DIRECTION('',(0.,0.,1.));
#10042 = DIRECTION('',(1.,1.110223024625E-16,-0.));
#10043 = ADVANCED_FACE('',(#10044),#10069,.F.);
#10044 = FACE_BOUND('',#10045,.F.);
#10045 = EDGE_LOOP('',(#10046,#10054,#10055,#10063));
#10046 = ORIENTED_EDGE('',*,*,#10047,.F.);
#10047 = EDGE_CURVE('',#9375,#10048,#10050,.T.);
#10048 = VERTEX_POINT('',#10049);
#10049 = CARTESIAN_POINT('',(1.5,0.385,0.615));
#10050 = LINE('',#10051,#10052);
#10051 = CARTESIAN_POINT('',(1.5,0.385,0.461759022967));
#10052 = VECTOR('',#10053,1.);
#10053 = DIRECTION('',(0.,0.,1.));
#10054 = ORIENTED_EDGE('',*,*,#9374,.T.);
#10055 = ORIENTED_EDGE('',*,*,#10056,.T.);
#10056 = EDGE_CURVE('',#9367,#10057,#10059,.T.);
#10057 = VERTEX_POINT('',#10058);
#10058 = CARTESIAN_POINT('',(1.5,0.115,0.615));
#10059 = LINE('',#10060,#10061);
#10060 = CARTESIAN_POINT('',(1.5,0.115,0.461759022967));
#10061 = VECTOR('',#10062,1.);
#10062 = DIRECTION('',(0.,0.,1.));
#10063 = ORIENTED_EDGE('',*,*,#10064,.F.);
#10064 = EDGE_CURVE('',#10048,#10057,#10065,.T.);
#10065 = LINE('',#10066,#10067);
#10066 = CARTESIAN_POINT('',(1.5,1.325,0.615));
#10067 = VECTOR('',#10068,1.);
#10068 = DIRECTION('',(1.110223024625E-16,-1.,0.));
#10069 = PLANE('',#10070);
#10070 = AXIS2_PLACEMENT_3D('',#10071,#10072,#10073);
#10071 = CARTESIAN_POINT('',(1.5,1.325,0.615));
#10072 = DIRECTION('',(-1.,-1.110223024625E-16,0.));
#10073 = DIRECTION('',(1.110223024625E-16,-1.,0.));
#10074 = ADVANCED_FACE('',(#10075),#10100,.F.);
#10075 = FACE_BOUND('',#10076,.F.);
#10076 = EDGE_LOOP('',(#10077,#10085,#10086,#10094));
#10077 = ORIENTED_EDGE('',*,*,#10078,.F.);
#10078 = EDGE_CURVE('',#9367,#10079,#10081,.T.);
#10079 = VERTEX_POINT('',#10080);
#10080 = CARTESIAN_POINT('',(1.75,0.115,0.435));
#10081 = LINE('',#10082,#10083);
#10082 = CARTESIAN_POINT('',(1.35,0.115,0.435));
#10083 = VECTOR('',#10084,1.);
#10084 = DIRECTION('',(1.,1.110223024625E-16,0.));
#10085 = ORIENTED_EDGE('',*,*,#9366,.T.);
#10086 = ORIENTED_EDGE('',*,*,#10087,.T.);
#10087 = EDGE_CURVE('',#9359,#10088,#10090,.T.);
#10088 = VERTEX_POINT('',#10089);
#10089 = CARTESIAN_POINT('',(1.75,-0.115,0.435));
#10090 = LINE('',#10091,#10092);
#10091 = CARTESIAN_POINT('',(1.35,-0.115,0.435));
#10092 = VECTOR('',#10093,1.);
#10093 = DIRECTION('',(1.,1.110223024625E-16,0.));
#10094 = ORIENTED_EDGE('',*,*,#10095,.F.);
#10095 = EDGE_CURVE('',#10079,#10088,#10096,.T.);
#10096 = LINE('',#10097,#10098);
#10097 = CARTESIAN_POINT('',(1.75,0.115,0.435));
#10098 = VECTOR('',#10099,1.);
#10099 = DIRECTION('',(1.110223024625E-16,-1.,0.));
#10100 = PLANE('',#10101);
#10101 = AXIS2_PLACEMENT_3D('',#10102,#10103,#10104);
#10102 = CARTESIAN_POINT('',(1.35,0.115,0.435));
#10103 = DIRECTION('',(0.,0.,1.));
#10104 = DIRECTION('',(1.,1.110223024625E-16,-0.));
#10105 = ADVANCED_FACE('',(#10106),#10131,.F.);
#10106 = FACE_BOUND('',#10107,.F.);
#10107 = EDGE_LOOP('',(#10108,#10116,#10117,#10125));
#10108 = ORIENTED_EDGE('',*,*,#10109,.F.);
#10109 = EDGE_CURVE('',#9359,#10110,#10112,.T.);
#10110 = VERTEX_POINT('',#10111);
#10111 = CARTESIAN_POINT('',(1.5,-0.115,0.615));
#10112 = LINE('',#10113,#10114);
#10113 = CARTESIAN_POINT('',(1.5,-0.115,0.461759022967));
#10114 = VECTOR('',#10115,1.);
#10115 = DIRECTION('',(0.,0.,1.));
#10116 = ORIENTED_EDGE('',*,*,#9358,.T.);
#10117 = ORIENTED_EDGE('',*,*,#10118,.T.);
#10118 = EDGE_CURVE('',#9351,#10119,#10121,.T.);
#10119 = VERTEX_POINT('',#10120);
#10120 = CARTESIAN_POINT('',(1.5,-0.385,0.615));
#10121 = LINE('',#10122,#10123);
#10122 = CARTESIAN_POINT('',(1.5,-0.385,0.461759022967));
#10123 = VECTOR('',#10124,1.);
#10124 = DIRECTION('',(0.,0.,1.));
#10125 = ORIENTED_EDGE('',*,*,#10126,.F.);
#10126 = EDGE_CURVE('',#10110,#10119,#10127,.T.);
#10127 = LINE('',#10128,#10129);
#10128 = CARTESIAN_POINT('',(1.5,1.325,0.615));
#10129 = VECTOR('',#10130,1.);
#10130 = DIRECTION('',(1.110223024625E-16,-1.,0.));
#10131 = PLANE('',#10132);
#10132 = AXIS2_PLACEMENT_3D('',#10133,#10134,#10135);
#10133 = CARTESIAN_POINT('',(1.5,1.325,0.615));
#10134 = DIRECTION('',(-1.,-1.110223024625E-16,0.));
#10135 = DIRECTION('',(1.110223024625E-16,-1.,0.));
#10136 = ADVANCED_FACE('',(#10137),#10162,.F.);
#10137 = FACE_BOUND('',#10138,.F.);
#10138 = EDGE_LOOP('',(#10139,#10147,#10148,#10156));
#10139 = ORIENTED_EDGE('',*,*,#10140,.F.);
#10140 = EDGE_CURVE('',#9351,#10141,#10143,.T.);
#10141 = VERTEX_POINT('',#10142);
#10142 = CARTESIAN_POINT('',(1.75,-0.385,0.435));
#10143 = LINE('',#10144,#10145);
#10144 = CARTESIAN_POINT('',(1.35,-0.385,0.435));
#10145 = VECTOR('',#10146,1.);
#10146 = DIRECTION('',(1.,1.110223024625E-16,0.));
#10147 = ORIENTED_EDGE('',*,*,#9350,.T.);
#10148 = ORIENTED_EDGE('',*,*,#10149,.T.);
#10149 = EDGE_CURVE('',#9343,#10150,#10152,.T.);
#10150 = VERTEX_POINT('',#10151);
#10151 = CARTESIAN_POINT('',(1.75,-0.615,0.435));
#10152 = LINE('',#10153,#10154);
#10153 = CARTESIAN_POINT('',(1.35,-0.615,0.435));
#10154 = VECTOR('',#10155,1.);
#10155 = DIRECTION('',(1.,1.110223024625E-16,0.));
#10156 = ORIENTED_EDGE('',*,*,#10157,.F.);
#10157 = EDGE_CURVE('',#10141,#10150,#10158,.T.);
#10158 = LINE('',#10159,#10160);
#10159 = CARTESIAN_POINT('',(1.75,-0.385,0.435));
#10160 = VECTOR('',#10161,1.);
#10161 = DIRECTION('',(1.110223024625E-16,-1.,0.));
#10162 = PLANE('',#10163);
#10163 = AXIS2_PLACEMENT_3D('',#10164,#10165,#10166);
#10164 = CARTESIAN_POINT('',(1.35,-0.385,0.435));
#10165 = DIRECTION('',(0.,0.,1.));
#10166 = DIRECTION('',(1.,1.110223024625E-16,-0.));
#10167 = ADVANCED_FACE('',(#10168),#10193,.F.);
#10168 = FACE_BOUND('',#10169,.F.);
#10169 = EDGE_LOOP('',(#10170,#10178,#10179,#10187));
#10170 = ORIENTED_EDGE('',*,*,#10171,.F.);
#10171 = EDGE_CURVE('',#9343,#10172,#10174,.T.);
#10172 = VERTEX_POINT('',#10173);
#10173 = CARTESIAN_POINT('',(1.5,-0.615,0.615));
#10174 = LINE('',#10175,#10176);
#10175 = CARTESIAN_POINT('',(1.5,-0.615,0.461759022967));
#10176 = VECTOR('',#10177,1.);
#10177 = DIRECTION('',(0.,0.,1.));
#10178 = ORIENTED_EDGE('',*,*,#9342,.T.);
#10179 = ORIENTED_EDGE('',*,*,#10180,.T.);
#10180 = EDGE_CURVE('',#9335,#10181,#10183,.T.);
#10181 = VERTEX_POINT('',#10182);
#10182 = CARTESIAN_POINT('',(1.5,-0.885,0.615));
#10183 = LINE('',#10184,#10185);
#10184 = CARTESIAN_POINT('',(1.5,-0.885,0.461759022967));
#10185 = VECTOR('',#10186,1.);
#10186 = DIRECTION('',(0.,0.,1.));
#10187 = ORIENTED_EDGE('',*,*,#10188,.F.);
#10188 = EDGE_CURVE('',#10172,#10181,#10189,.T.);
#10189 = LINE('',#10190,#10191);
#10190 = CARTESIAN_POINT('',(1.5,1.325,0.615));
#10191 = VECTOR('',#10192,1.);
#10192 = DIRECTION('',(1.110223024625E-16,-1.,0.));
#10193 = PLANE('',#10194);
#10194 = AXIS2_PLACEMENT_3D('',#10195,#10196,#10197);
#10195 = CARTESIAN_POINT('',(1.5,1.325,0.615));
#10196 = DIRECTION('',(-1.,-1.110223024625E-16,0.));
#10197 = DIRECTION('',(1.110223024625E-16,-1.,0.));
#10198 = ADVANCED_FACE('',(#10199),#10224,.F.);
#10199 = FACE_BOUND('',#10200,.F.);
#10200 = EDGE_LOOP('',(#10201,#10209,#10210,#10218));
#10201 = ORIENTED_EDGE('',*,*,#10202,.F.);
#10202 = EDGE_CURVE('',#9335,#10203,#10205,.T.);
#10203 = VERTEX_POINT('',#10204);
#10204 = CARTESIAN_POINT('',(1.75,-0.885,0.435));
#10205 = LINE('',#10206,#10207);
#10206 = CARTESIAN_POINT('',(1.35,-0.885,0.435));
#10207 = VECTOR('',#10208,1.);
#10208 = DIRECTION('',(1.,1.110223024625E-16,0.));
#10209 = ORIENTED_EDGE('',*,*,#9334,.T.);
#10210 = ORIENTED_EDGE('',*,*,#10211,.T.);
#10211 = EDGE_CURVE('',#9327,#10212,#10214,.T.);
#10212 = VERTEX_POINT('',#10213);
#10213 = CARTESIAN_POINT('',(1.75,-1.115,0.435));
#10214 = LINE('',#10215,#10216);
#10215 = CARTESIAN_POINT('',(1.35,-1.115,0.435));
#10216 = VECTOR('',#10217,1.);
#10217 = DIRECTION('',(1.,1.110223024625E-16,0.));
#10218 = ORIENTED_EDGE('',*,*,#10219,.F.);
#10219 = EDGE_CURVE('',#10203,#10212,#10220,.T.);
#10220 = LINE('',#10221,#10222);
#10221 = CARTESIAN_POINT('',(1.75,-0.885,0.435));
#10222 = VECTOR('',#10223,1.);
#10223 = DIRECTION('',(1.110223024625E-16,-1.,0.));
#10224 = PLANE('',#10225);
#10225 = AXIS2_PLACEMENT_3D('',#10226,#10227,#10228);
#10226 = CARTESIAN_POINT('',(1.35,-0.885,0.435));
#10227 = DIRECTION('',(0.,0.,1.));
#10228 = DIRECTION('',(1.,1.110223024625E-16,-0.));
#10229 = ADVANCED_FACE('',(#10230),#10254,.F.);
#10230 = FACE_BOUND('',#10231,.F.);
#10231 = EDGE_LOOP('',(#10232,#10240,#10241,#10248));
#10232 = ORIENTED_EDGE('',*,*,#10233,.F.);
#10233 = EDGE_CURVE('',#9327,#10234,#10236,.T.);
#10234 = VERTEX_POINT('',#10235);
#10235 = CARTESIAN_POINT('',(1.5,-1.115,0.615));
#10236 = LINE('',#10237,#10238);
#10237 = CARTESIAN_POINT('',(1.5,-1.115,0.461759022967));
#10238 = VECTOR('',#10239,1.);
#10239 = DIRECTION('',(0.,0.,1.));
#10240 = ORIENTED_EDGE('',*,*,#9326,.T.);
#10241 = ORIENTED_EDGE('',*,*,#10242,.T.);
#10242 = EDGE_CURVE('',#9320,#10243,#10245,.T.);
#10243 = VERTEX_POINT('',#10244);
#10244 = CARTESIAN_POINT('',(1.5,-1.325,0.615));
#10245 = B_SPLINE_CURVE_WITH_KNOTS('',1,(#10246,#10247),.UNSPECIFIED.,
  .F.,.F.,(2,2),(0.,1.),.PIECEWISE_BEZIER_KNOTS.);
#10246 = CARTESIAN_POINT('',(1.5,-1.325,0.435));
#10247 = CARTESIAN_POINT('',(1.5,-1.325,0.615));
#10248 = ORIENTED_EDGE('',*,*,#10249,.F.);
#10249 = EDGE_CURVE('',#10234,#10243,#10250,.T.);
#10250 = LINE('',#10251,#10252);
#10251 = CARTESIAN_POINT('',(1.5,1.325,0.615));
#10252 = VECTOR('',#10253,1.);
#10253 = DIRECTION('',(1.110223024625E-16,-1.,0.));
#10254 = PLANE('',#10255);
#10255 = AXIS2_PLACEMENT_3D('',#10256,#10257,#10258);
#10256 = CARTESIAN_POINT('',(1.5,1.325,0.615));
#10257 = DIRECTION('',(-1.,-1.110223024625E-16,0.));
#10258 = DIRECTION('',(1.110223024625E-16,-1.,0.));
#10259 = ADVANCED_FACE('',(#10260),#10277,.F.);
#10260 = FACE_BOUND('',#10261,.F.);
#10261 = EDGE_LOOP('',(#10262,#10263,#10264,#10272));
#10262 = ORIENTED_EDGE('',*,*,#9423,.T.);
#10263 = ORIENTED_EDGE('',*,*,#9611,.T.);
#10264 = ORIENTED_EDGE('',*,*,#10265,.F.);
#10265 = EDGE_CURVE('',#10266,#9612,#10268,.T.);
#10266 = VERTEX_POINT('',#10267);
#10267 = CARTESIAN_POINT('',(-1.325,-1.5,0.615));
#10268 = LINE('',#10269,#10270);
#10269 = CARTESIAN_POINT('',(-1.325,-1.5,0.615));
#10270 = VECTOR('',#10271,1.);
#10271 = DIRECTION('',(-0.707106781187,0.707106781187,0.));
#10272 = ORIENTED_EDGE('',*,*,#10273,.F.);
#10273 = EDGE_CURVE('',#9424,#10266,#10274,.T.);
#10274 = B_SPLINE_CURVE_WITH_KNOTS('',1,(#10275,#10276),.UNSPECIFIED.,
  .F.,.F.,(2,2),(0.,1.),.PIECEWISE_BEZIER_KNOTS.);
#10275 = CARTESIAN_POINT('',(-1.325,-1.5,0.435));
#10276 = CARTESIAN_POINT('',(-1.325,-1.5,0.615));
#10277 = PLANE('',#10278);
#10278 = AXIS2_PLACEMENT_3D('',#10279,#10280,#10281);
#10279 = CARTESIAN_POINT('',(-1.325,-1.5,0.615));
#10280 = DIRECTION('',(0.707106781187,0.707106781187,0.));
#10281 = DIRECTION('',(-0.707106781187,0.707106781187,0.));
#10282 = ADVANCED_FACE('',(#10283),#10300,.F.);
#10283 = FACE_BOUND('',#10284,.F.);
#10284 = EDGE_LOOP('',(#10285,#10286,#10293,#10299));
#10285 = ORIENTED_EDGE('',*,*,#9452,.T.);
#10286 = ORIENTED_EDGE('',*,*,#10287,.T.);
#10287 = EDGE_CURVE('',#9446,#10288,#10290,.T.);
#10288 = VERTEX_POINT('',#10289);
#10289 = CARTESIAN_POINT('',(1.325,-1.5,0.615));
#10290 = B_SPLINE_CURVE_WITH_KNOTS('',1,(#10291,#10292),.UNSPECIFIED.,
  .F.,.F.,(2,2),(0.,1.),.PIECEWISE_BEZIER_KNOTS.);
#10291 = CARTESIAN_POINT('',(1.325,-1.5,0.435));
#10292 = CARTESIAN_POINT('',(1.325,-1.5,0.615));
#10293 = ORIENTED_EDGE('',*,*,#10294,.F.);
#10294 = EDGE_CURVE('',#10243,#10288,#10295,.T.);
#10295 = LINE('',#10296,#10297);
#10296 = CARTESIAN_POINT('',(1.5,-1.325,0.615));
#10297 = VECTOR('',#10298,1.);
#10298 = DIRECTION('',(-0.707106781187,-0.707106781187,0.));
#10299 = ORIENTED_EDGE('',*,*,#10242,.F.);
#10300 = PLANE('',#10301);
#10301 = AXIS2_PLACEMENT_3D('',#10302,#10303,#10304);
#10302 = CARTESIAN_POINT('',(1.5,-1.325,0.615));
#10303 = DIRECTION('',(-0.707106781187,0.707106781187,0.));
#10304 = DIRECTION('',(-0.707106781187,-0.707106781187,0.));
#10305 = ADVANCED_FACE('',(#10306),#10317,.F.);
#10306 = FACE_BOUND('',#10307,.F.);
#10307 = EDGE_LOOP('',(#10308,#10309,#10310,#10316));
#10308 = ORIENTED_EDGE('',*,*,#9469,.T.);
#10309 = ORIENTED_EDGE('',*,*,#10273,.T.);
#10310 = ORIENTED_EDGE('',*,*,#10311,.F.);
#10311 = EDGE_CURVE('',#10288,#10266,#10312,.T.);
#10312 = LINE('',#10313,#10314);
#10313 = CARTESIAN_POINT('',(1.325,-1.5,0.615));
#10314 = VECTOR('',#10315,1.);
#10315 = DIRECTION('',(-1.,-1.110223024625E-16,0.));
#10316 = ORIENTED_EDGE('',*,*,#10287,.F.);
#10317 = PLANE('',#10318);
#10318 = AXIS2_PLACEMENT_3D('',#10319,#10320,#10321);
#10319 = CARTESIAN_POINT('',(1.325,-1.5,0.615));
#10320 = DIRECTION('',(-1.110223024625E-16,1.,0.));
#10321 = DIRECTION('',(-1.,-1.110223024625E-16,0.));
#10322 = ADVANCED_FACE('',(#10323),#10362,.F.);
#10323 = FACE_BOUND('',#10324,.F.);
#10324 = EDGE_LOOP('',(#10325,#10333,#10341,#10347,#10348,#10356));
#10325 = ORIENTED_EDGE('',*,*,#10326,.F.);
#10326 = EDGE_CURVE('',#10327,#9868,#10329,.T.);
#10327 = VERTEX_POINT('',#10328);
#10328 = CARTESIAN_POINT('',(-1.75,0.885,0.615));
#10329 = LINE('',#10330,#10331);
#10330 = CARTESIAN_POINT('',(-1.75,0.885,0.615));
#10331 = VECTOR('',#10332,1.);
#10332 = DIRECTION('',(1.,-1.144237745222E-17,0.));
#10333 = ORIENTED_EDGE('',*,*,#10334,.T.);
#10334 = EDGE_CURVE('',#10327,#10335,#10337,.T.);
#10335 = VERTEX_POINT('',#10336);
#10336 = CARTESIAN_POINT('',(-1.75,1.115,0.615));
#10337 = LINE('',#10338,#10339);
#10338 = CARTESIAN_POINT('',(-1.75,0.885,0.615));
#10339 = VECTOR('',#10340,1.);
#10340 = DIRECTION('',(1.144237745222E-17,1.,0.));
#10341 = ORIENTED_EDGE('',*,*,#10342,.T.);
#10342 = EDGE_CURVE('',#10335,#9574,#10343,.T.);
#10343 = LINE('',#10344,#10345);
#10344 = CARTESIAN_POINT('',(-1.75,1.115,0.615));
#10345 = VECTOR('',#10346,1.);
#10346 = DIRECTION('',(1.,-1.144237745222E-17,0.));
#10347 = ORIENTED_EDGE('',*,*,#9573,.T.);
#10348 = ORIENTED_EDGE('',*,*,#10349,.F.);
#10349 = EDGE_CURVE('',#10350,#9566,#10352,.T.);
#10350 = VERTEX_POINT('',#10351);
#10351 = CARTESIAN_POINT('',(-1.425,0.885,0.615));
#10352 = LINE('',#10353,#10354);
#10353 = CARTESIAN_POINT('',(-1.425,-1.2875,0.615));
#10354 = VECTOR('',#10355,1.);
#10355 = DIRECTION('',(-1.110223024625E-16,1.,0.));
#10356 = ORIENTED_EDGE('',*,*,#10357,.F.);
#10357 = EDGE_CURVE('',#9868,#10350,#10358,.T.);
#10358 = LINE('',#10359,#10360);
#10359 = CARTESIAN_POINT('',(-1.75,0.885,0.615));
#10360 = VECTOR('',#10361,1.);
#10361 = DIRECTION('',(1.,-1.144237745222E-17,0.));
#10362 = PLANE('',#10363);
#10363 = AXIS2_PLACEMENT_3D('',#10364,#10365,#10366);
#10364 = CARTESIAN_POINT('',(-1.75,0.885,0.615));
#10365 = DIRECTION('',(0.,0.,-1.));
#10366 = DIRECTION('',(1.,-1.144237745222E-17,0.));
#10367 = ADVANCED_FACE('',(#10368),#10464,.F.);
#10368 = FACE_BOUND('',#10369,.F.);
#10369 = EDGE_LOOP('',(#10370,#10380,#10388,#10396,#10404,#10412,#10420,
    #10428,#10436,#10442,#10443,#10444,#10451,#10459));
#10370 = ORIENTED_EDGE('',*,*,#10371,.T.);
#10371 = EDGE_CURVE('',#10372,#10374,#10376,.T.);
#10372 = VERTEX_POINT('',#10373);
#10373 = CARTESIAN_POINT('',(-1.425,-1.2875,0.615));
#10374 = VERTEX_POINT('',#10375);
#10375 = CARTESIAN_POINT('',(-1.425,-1.115,0.615));
#10376 = LINE('',#10377,#10378);
#10377 = CARTESIAN_POINT('',(-1.425,-1.2875,0.615));
#10378 = VECTOR('',#10379,1.);
#10379 = DIRECTION('',(-1.110223024625E-16,1.,0.));
#10380 = ORIENTED_EDGE('',*,*,#10381,.T.);
#10381 = EDGE_CURVE('',#10374,#10382,#10384,.T.);
#10382 = VERTEX_POINT('',#10383);
#10383 = CARTESIAN_POINT('',(-1.425,-0.885,0.615));
#10384 = LINE('',#10385,#10386);
#10385 = CARTESIAN_POINT('',(-1.425,-1.2875,0.615));
#10386 = VECTOR('',#10387,1.);
#10387 = DIRECTION('',(-1.110223024625E-16,1.,0.));
#10388 = ORIENTED_EDGE('',*,*,#10389,.T.);
#10389 = EDGE_CURVE('',#10382,#10390,#10392,.T.);
#10390 = VERTEX_POINT('',#10391);
#10391 = CARTESIAN_POINT('',(-1.425,-0.615,0.615));
#10392 = LINE('',#10393,#10394);
#10393 = CARTESIAN_POINT('',(-1.425,-1.2875,0.615));
#10394 = VECTOR('',#10395,1.);
#10395 = DIRECTION('',(-1.110223024625E-16,1.,0.));
#10396 = ORIENTED_EDGE('',*,*,#10397,.T.);
#10397 = EDGE_CURVE('',#10390,#10398,#10400,.T.);
#10398 = VERTEX_POINT('',#10399);
#10399 = CARTESIAN_POINT('',(-1.425,-0.385,0.615));
#10400 = LINE('',#10401,#10402);
#10401 = CARTESIAN_POINT('',(-1.425,-1.2875,0.615));
#10402 = VECTOR('',#10403,1.);
#10403 = DIRECTION('',(-1.110223024625E-16,1.,0.));
#10404 = ORIENTED_EDGE('',*,*,#10405,.T.);
#10405 = EDGE_CURVE('',#10398,#10406,#10408,.T.);
#10406 = VERTEX_POINT('',#10407);
#10407 = CARTESIAN_POINT('',(-1.425,-0.115,0.615));
#10408 = LINE('',#10409,#10410);
#10409 = CARTESIAN_POINT('',(-1.425,-1.2875,0.615));
#10410 = VECTOR('',#10411,1.);
#10411 = DIRECTION('',(-1.110223024625E-16,1.,0.));
#10412 = ORIENTED_EDGE('',*,*,#10413,.T.);
#10413 = EDGE_CURVE('',#10406,#10414,#10416,.T.);
#10414 = VERTEX_POINT('',#10415);
#10415 = CARTESIAN_POINT('',(-1.425,0.115,0.615));
#10416 = LINE('',#10417,#10418);
#10417 = CARTESIAN_POINT('',(-1.425,-1.2875,0.615));
#10418 = VECTOR('',#10419,1.);
#10419 = DIRECTION('',(-1.110223024625E-16,1.,0.));
#10420 = ORIENTED_EDGE('',*,*,#10421,.T.);
#10421 = EDGE_CURVE('',#10414,#10422,#10424,.T.);
#10422 = VERTEX_POINT('',#10423);
#10423 = CARTESIAN_POINT('',(-1.425,0.385,0.615));
#10424 = LINE('',#10425,#10426);
#10425 = CARTESIAN_POINT('',(-1.425,-1.2875,0.615));
#10426 = VECTOR('',#10427,1.);
#10427 = DIRECTION('',(-1.110223024625E-16,1.,0.));
#10428 = ORIENTED_EDGE('',*,*,#10429,.T.);
#10429 = EDGE_CURVE('',#10422,#10430,#10432,.T.);
#10430 = VERTEX_POINT('',#10431);
#10431 = CARTESIAN_POINT('',(-1.425,0.615,0.615));
#10432 = LINE('',#10433,#10434);
#10433 = CARTESIAN_POINT('',(-1.425,-1.2875,0.615));
#10434 = VECTOR('',#10435,1.);
#10435 = DIRECTION('',(-1.110223024625E-16,1.,0.));
#10436 = ORIENTED_EDGE('',*,*,#10437,.T.);
#10437 = EDGE_CURVE('',#10430,#10350,#10438,.T.);
#10438 = LINE('',#10439,#10440);
#10439 = CARTESIAN_POINT('',(-1.425,-1.2875,0.615));
#10440 = VECTOR('',#10441,1.);
#10441 = DIRECTION('',(-1.110223024625E-16,1.,0.));
#10442 = ORIENTED_EDGE('',*,*,#10349,.T.);
#10443 = ORIENTED_EDGE('',*,*,#9565,.T.);
#10444 = ORIENTED_EDGE('',*,*,#10445,.T.);
#10445 = EDGE_CURVE('',#9558,#10446,#10448,.T.);
#10446 = VERTEX_POINT('',#10447);
#10447 = CARTESIAN_POINT('',(-1.353793551841,1.25189677592,0.95));
#10448 = B_SPLINE_CURVE_WITH_KNOTS('',1,(#10449,#10450),.UNSPECIFIED.,
  .F.,.F.,(2,2),(0.,1.),.PIECEWISE_BEZIER_KNOTS.);
#10449 = CARTESIAN_POINT('',(-1.425,1.2875,0.615));
#10450 = CARTESIAN_POINT('',(-1.353793551841,1.25189677592,0.95));
#10451 = ORIENTED_EDGE('',*,*,#10452,.F.);
#10452 = EDGE_CURVE('',#10453,#10446,#10455,.T.);
#10453 = VERTEX_POINT('',#10454);
#10454 = CARTESIAN_POINT('',(-1.353793551841,-1.25189677592,0.95));
#10455 = LINE('',#10456,#10457);
#10456 = CARTESIAN_POINT('',(-1.353793551841,-1.25189677592,0.95));
#10457 = VECTOR('',#10458,1.);
#10458 = DIRECTION('',(-1.110223024625E-16,1.,0.));
#10459 = ORIENTED_EDGE('',*,*,#10460,.F.);
#10460 = EDGE_CURVE('',#10372,#10453,#10461,.T.);
#10461 = B_SPLINE_CURVE_WITH_KNOTS('',1,(#10462,#10463),.UNSPECIFIED.,
  .F.,.F.,(2,2),(0.,1.),.PIECEWISE_BEZIER_KNOTS.);
#10462 = CARTESIAN_POINT('',(-1.425,-1.2875,0.615));
#10463 = CARTESIAN_POINT('',(-1.353793551841,-1.25189677592,0.95));
#10464 = B_SPLINE_SURFACE_WITH_KNOTS('',1,1,(
    (#10465,#10466)
    ,(#10467,#10468
    )),.UNSPECIFIED.,.F.,.F.,.F.,(2,2),(2,2),(0.,2.575),(0.,1.),
  .PIECEWISE_BEZIER_KNOTS.);
#10465 = CARTESIAN_POINT('',(-1.425,-1.2875,0.615));
#10466 = CARTESIAN_POINT('',(-1.353793551841,-1.25189677592,0.95));
#10467 = CARTESIAN_POINT('',(-1.425,1.2875,0.615));
#10468 = CARTESIAN_POINT('',(-1.353793551841,1.25189677592,0.95));
#10469 = ADVANCED_FACE('',(#10470),#10487,.F.);
#10470 = FACE_BOUND('',#10471,.F.);
#10471 = EDGE_LOOP('',(#10472,#10473,#10480,#10486));
#10472 = ORIENTED_EDGE('',*,*,#9557,.T.);
#10473 = ORIENTED_EDGE('',*,*,#10474,.T.);
#10474 = EDGE_CURVE('',#9550,#10475,#10477,.T.);
#10475 = VERTEX_POINT('',#10476);
#10476 = CARTESIAN_POINT('',(-1.25189677592,1.353793551841,0.95));
#10477 = B_SPLINE_CURVE_WITH_KNOTS('',1,(#10478,#10479),.UNSPECIFIED.,
  .F.,.F.,(2,2),(0.,1.),.PIECEWISE_BEZIER_KNOTS.);
#10478 = CARTESIAN_POINT('',(-1.2875,1.425,0.615));
#10479 = CARTESIAN_POINT('',(-1.25189677592,1.353793551841,0.95));
#10480 = ORIENTED_EDGE('',*,*,#10481,.F.);
#10481 = EDGE_CURVE('',#10446,#10475,#10482,.T.);
#10482 = LINE('',#10483,#10484);
#10483 = CARTESIAN_POINT('',(-1.353793551841,1.25189677592,0.95));
#10484 = VECTOR('',#10485,1.);
#10485 = DIRECTION('',(0.707106781187,0.707106781187,0.));
#10486 = ORIENTED_EDGE('',*,*,#10445,.F.);
#10487 = B_SPLINE_SURFACE_WITH_KNOTS('',1,1,(
    (#10488,#10489)
    ,(#10490,#10491
    )),.UNSPECIFIED.,.F.,.F.,.F.,(2,2),(2,2),(0.,0.194454364826),(0.,1.)
  ,.PIECEWISE_BEZIER_KNOTS.);
#10488 = CARTESIAN_POINT('',(-1.425,1.2875,0.615));
#10489 = CARTESIAN_POINT('',(-1.353793551841,1.25189677592,0.95));
#10490 = CARTESIAN_POINT('',(-1.2875,1.425,0.615));
#10491 = CARTESIAN_POINT('',(-1.25189677592,1.353793551841,0.95));
#10492 = ADVANCED_FACE('',(#10493),#10510,.F.);
#10493 = FACE_BOUND('',#10494,.F.);
#10494 = EDGE_LOOP('',(#10495,#10496,#10503,#10509));
#10495 = ORIENTED_EDGE('',*,*,#9549,.T.);
#10496 = ORIENTED_EDGE('',*,*,#10497,.T.);
#10497 = EDGE_CURVE('',#9542,#10498,#10500,.T.);
#10498 = VERTEX_POINT('',#10499);
#10499 = CARTESIAN_POINT('',(1.25189677592,1.353793551841,0.95));
#10500 = B_SPLINE_CURVE_WITH_KNOTS('',1,(#10501,#10502),.UNSPECIFIED.,
  .F.,.F.,(2,2),(0.,1.),.PIECEWISE_BEZIER_KNOTS.);
#10501 = CARTESIAN_POINT('',(1.2875,1.425,0.615));
#10502 = CARTESIAN_POINT('',(1.25189677592,1.353793551841,0.95));
#10503 = ORIENTED_EDGE('',*,*,#10504,.F.);
#10504 = EDGE_CURVE('',#10475,#10498,#10505,.T.);
#10505 = LINE('',#10506,#10507);
#10506 = CARTESIAN_POINT('',(-1.25189677592,1.353793551841,0.95));
#10507 = VECTOR('',#10508,1.);
#10508 = DIRECTION('',(1.,1.110223024625E-16,0.));
#10509 = ORIENTED_EDGE('',*,*,#10474,.F.);
#10510 = B_SPLINE_SURFACE_WITH_KNOTS('',1,1,(
    (#10511,#10512)
    ,(#10513,#10514
    )),.UNSPECIFIED.,.F.,.F.,.F.,(2,2),(2,2),(0.,2.575),(0.,1.),
  .PIECEWISE_BEZIER_KNOTS.);
#10511 = CARTESIAN_POINT('',(-1.2875,1.425,0.615));
#10512 = CARTESIAN_POINT('',(-1.25189677592,1.353793551841,0.95));
#10513 = CARTESIAN_POINT('',(1.2875,1.425,0.615));
#10514 = CARTESIAN_POINT('',(1.25189677592,1.353793551841,0.95));
#10515 = ADVANCED_FACE('',(#10516),#10533,.F.);
#10516 = FACE_BOUND('',#10517,.F.);
#10517 = EDGE_LOOP('',(#10518,#10519,#10526,#10532));
#10518 = ORIENTED_EDGE('',*,*,#9541,.T.);
#10519 = ORIENTED_EDGE('',*,*,#10520,.T.);
#10520 = EDGE_CURVE('',#9534,#10521,#10523,.T.);
#10521 = VERTEX_POINT('',#10522);
#10522 = CARTESIAN_POINT('',(1.353793551841,1.25189677592,0.95));
#10523 = B_SPLINE_CURVE_WITH_KNOTS('',1,(#10524,#10525),.UNSPECIFIED.,
  .F.,.F.,(2,2),(0.,1.),.PIECEWISE_BEZIER_KNOTS.);
#10524 = CARTESIAN_POINT('',(1.425,1.2875,0.615));
#10525 = CARTESIAN_POINT('',(1.353793551841,1.25189677592,0.95));
#10526 = ORIENTED_EDGE('',*,*,#10527,.F.);
#10527 = EDGE_CURVE('',#10498,#10521,#10528,.T.);
#10528 = LINE('',#10529,#10530);
#10529 = CARTESIAN_POINT('',(1.25189677592,1.353793551841,0.95));
#10530 = VECTOR('',#10531,1.);
#10531 = DIRECTION('',(0.707106781187,-0.707106781187,0.));
#10532 = ORIENTED_EDGE('',*,*,#10497,.F.);
#10533 = B_SPLINE_SURFACE_WITH_KNOTS('',1,1,(
    (#10534,#10535)
    ,(#10536,#10537
    )),.UNSPECIFIED.,.F.,.F.,.F.,(2,2),(2,2),(0.,0.194454364826),(0.,1.)
  ,.PIECEWISE_BEZIER_KNOTS.);
#10534 = CARTESIAN_POINT('',(1.2875,1.425,0.615));
#10535 = CARTESIAN_POINT('',(1.25189677592,1.353793551841,0.95));
#10536 = CARTESIAN_POINT('',(1.425,1.2875,0.615));
#10537 = CARTESIAN_POINT('',(1.353793551841,1.25189677592,0.95));
#10538 = ADVANCED_FACE('',(#10539),#10636,.F.);
#10539 = FACE_BOUND('',#10540,.F.);
#10540 = EDGE_LOOP('',(#10541,#10542,#10550,#10558,#10566,#10574,#10582,
    #10590,#10598,#10606,#10614,#10622,#10629,#10635));
#10541 = ORIENTED_EDGE('',*,*,#9533,.T.);
#10542 = ORIENTED_EDGE('',*,*,#10543,.T.);
#10543 = EDGE_CURVE('',#9526,#10544,#10546,.T.);
#10544 = VERTEX_POINT('',#10545);
#10545 = CARTESIAN_POINT('',(1.425,0.885,0.615));
#10546 = LINE('',#10547,#10548);
#10547 = CARTESIAN_POINT('',(1.425,1.2875,0.615));
#10548 = VECTOR('',#10549,1.);
#10549 = DIRECTION('',(1.110223024625E-16,-1.,0.));
#10550 = ORIENTED_EDGE('',*,*,#10551,.T.);
#10551 = EDGE_CURVE('',#10544,#10552,#10554,.T.);
#10552 = VERTEX_POINT('',#10553);
#10553 = CARTESIAN_POINT('',(1.425,0.615,0.615));
#10554 = LINE('',#10555,#10556);
#10555 = CARTESIAN_POINT('',(1.425,1.2875,0.615));
#10556 = VECTOR('',#10557,1.);
#10557 = DIRECTION('',(1.110223024625E-16,-1.,0.));
#10558 = ORIENTED_EDGE('',*,*,#10559,.T.);
#10559 = EDGE_CURVE('',#10552,#10560,#10562,.T.);
#10560 = VERTEX_POINT('',#10561);
#10561 = CARTESIAN_POINT('',(1.425,0.385,0.615));
#10562 = LINE('',#10563,#10564);
#10563 = CARTESIAN_POINT('',(1.425,1.2875,0.615));
#10564 = VECTOR('',#10565,1.);
#10565 = DIRECTION('',(1.110223024625E-16,-1.,0.));
#10566 = ORIENTED_EDGE('',*,*,#10567,.T.);
#10567 = EDGE_CURVE('',#10560,#10568,#10570,.T.);
#10568 = VERTEX_POINT('',#10569);
#10569 = CARTESIAN_POINT('',(1.425,0.115,0.615));
#10570 = LINE('',#10571,#10572);
#10571 = CARTESIAN_POINT('',(1.425,1.2875,0.615));
#10572 = VECTOR('',#10573,1.);
#10573 = DIRECTION('',(1.110223024625E-16,-1.,0.));
#10574 = ORIENTED_EDGE('',*,*,#10575,.T.);
#10575 = EDGE_CURVE('',#10568,#10576,#10578,.T.);
#10576 = VERTEX_POINT('',#10577);
#10577 = CARTESIAN_POINT('',(1.425,-0.115,0.615));
#10578 = LINE('',#10579,#10580);
#10579 = CARTESIAN_POINT('',(1.425,1.2875,0.615));
#10580 = VECTOR('',#10581,1.);
#10581 = DIRECTION('',(1.110223024625E-16,-1.,0.));
#10582 = ORIENTED_EDGE('',*,*,#10583,.T.);
#10583 = EDGE_CURVE('',#10576,#10584,#10586,.T.);
#10584 = VERTEX_POINT('',#10585);
#10585 = CARTESIAN_POINT('',(1.425,-0.385,0.615));
#10586 = LINE('',#10587,#10588);
#10587 = CARTESIAN_POINT('',(1.425,1.2875,0.615));
#10588 = VECTOR('',#10589,1.);
#10589 = DIRECTION('',(1.110223024625E-16,-1.,0.));
#10590 = ORIENTED_EDGE('',*,*,#10591,.T.);
#10591 = EDGE_CURVE('',#10584,#10592,#10594,.T.);
#10592 = VERTEX_POINT('',#10593);
#10593 = CARTESIAN_POINT('',(1.425,-0.615,0.615));
#10594 = LINE('',#10595,#10596);
#10595 = CARTESIAN_POINT('',(1.425,1.2875,0.615));
#10596 = VECTOR('',#10597,1.);
#10597 = DIRECTION('',(1.110223024625E-16,-1.,0.));
#10598 = ORIENTED_EDGE('',*,*,#10599,.T.);
#10599 = EDGE_CURVE('',#10592,#10600,#10602,.T.);
#10600 = VERTEX_POINT('',#10601);
#10601 = CARTESIAN_POINT('',(1.425,-0.885,0.615));
#10602 = LINE('',#10603,#10604);
#10603 = CARTESIAN_POINT('',(1.425,1.2875,0.615));
#10604 = VECTOR('',#10605,1.);
#10605 = DIRECTION('',(1.110223024625E-16,-1.,0.));
#10606 = ORIENTED_EDGE('',*,*,#10607,.T.);
#10607 = EDGE_CURVE('',#10600,#10608,#10610,.T.);
#10608 = VERTEX_POINT('',#10609);
#10609 = CARTESIAN_POINT('',(1.425,-1.115,0.615));
#10610 = LINE('',#10611,#10612);
#10611 = CARTESIAN_POINT('',(1.425,1.2875,0.615));
#10612 = VECTOR('',#10613,1.);
#10613 = DIRECTION('',(1.110223024625E-16,-1.,0.));
#10614 = ORIENTED_EDGE('',*,*,#10615,.T.);
#10615 = EDGE_CURVE('',#10608,#10616,#10618,.T.);
#10616 = VERTEX_POINT('',#10617);
#10617 = CARTESIAN_POINT('',(1.425,-1.2875,0.615));
#10618 = LINE('',#10619,#10620);
#10619 = CARTESIAN_POINT('',(1.425,1.2875,0.615));
#10620 = VECTOR('',#10621,1.);
#10621 = DIRECTION('',(1.110223024625E-16,-1.,0.));
#10622 = ORIENTED_EDGE('',*,*,#10623,.T.);
#10623 = EDGE_CURVE('',#10616,#10624,#10626,.T.);
#10624 = VERTEX_POINT('',#10625);
#10625 = CARTESIAN_POINT('',(1.353793551841,-1.25189677592,0.95));
#10626 = B_SPLINE_CURVE_WITH_KNOTS('',1,(#10627,#10628),.UNSPECIFIED.,
  .F.,.F.,(2,2),(0.,1.),.PIECEWISE_BEZIER_KNOTS.);
#10627 = CARTESIAN_POINT('',(1.425,-1.2875,0.615));
#10628 = CARTESIAN_POINT('',(1.353793551841,-1.25189677592,0.95));
#10629 = ORIENTED_EDGE('',*,*,#10630,.F.);
#10630 = EDGE_CURVE('',#10521,#10624,#10631,.T.);
#10631 = LINE('',#10632,#10633);
#10632 = CARTESIAN_POINT('',(1.353793551841,1.25189677592,0.95));
#10633 = VECTOR('',#10634,1.);
#10634 = DIRECTION('',(1.110223024625E-16,-1.,0.));
#10635 = ORIENTED_EDGE('',*,*,#10520,.F.);
#10636 = B_SPLINE_SURFACE_WITH_KNOTS('',1,1,(
    (#10637,#10638)
    ,(#10639,#10640
    )),.UNSPECIFIED.,.F.,.F.,.F.,(2,2),(2,2),(0.,2.575),(0.,1.),
  .PIECEWISE_BEZIER_KNOTS.);
#10637 = CARTESIAN_POINT('',(1.425,1.2875,0.615));
#10638 = CARTESIAN_POINT('',(1.353793551841,1.25189677592,0.95));
#10639 = CARTESIAN_POINT('',(1.425,-1.2875,0.615));
#10640 = CARTESIAN_POINT('',(1.353793551841,-1.25189677592,0.95));
#10641 = ADVANCED_FACE('',(#10642),#10674,.F.);
#10642 = FACE_BOUND('',#10643,.F.);
#10643 = EDGE_LOOP('',(#10644,#10652,#10660,#10666,#10672,#10673));
#10644 = ORIENTED_EDGE('',*,*,#10645,.F.);
#10645 = EDGE_CURVE('',#10646,#9518,#10648,.T.);
#10646 = VERTEX_POINT('',#10647);
#10647 = CARTESIAN_POINT('',(1.75,1.115,0.615));
#10648 = LINE('',#10649,#10650);
#10649 = CARTESIAN_POINT('',(1.75,1.115,0.615));
#10650 = VECTOR('',#10651,1.);
#10651 = DIRECTION('',(-1.,-1.110223024625E-16,0.));
#10652 = ORIENTED_EDGE('',*,*,#10653,.T.);
#10653 = EDGE_CURVE('',#10646,#10654,#10656,.T.);
#10654 = VERTEX_POINT('',#10655);
#10655 = CARTESIAN_POINT('',(1.75,0.885,0.615));
#10656 = LINE('',#10657,#10658);
#10657 = CARTESIAN_POINT('',(1.75,1.115,0.615));
#10658 = VECTOR('',#10659,1.);
#10659 = DIRECTION('',(1.110223024625E-16,-1.,0.));
#10660 = ORIENTED_EDGE('',*,*,#10661,.T.);
#10661 = EDGE_CURVE('',#10654,#9986,#10662,.T.);
#10662 = LINE('',#10663,#10664);
#10663 = CARTESIAN_POINT('',(1.75,0.885,0.615));
#10664 = VECTOR('',#10665,1.);
#10665 = DIRECTION('',(-1.,-1.110223024625E-16,0.));
#10666 = ORIENTED_EDGE('',*,*,#10667,.T.);
#10667 = EDGE_CURVE('',#9986,#10544,#10668,.T.);
#10668 = LINE('',#10669,#10670);
#10669 = CARTESIAN_POINT('',(1.75,0.885,0.615));
#10670 = VECTOR('',#10671,1.);
#10671 = DIRECTION('',(-1.,-1.110223024625E-16,0.));
#10672 = ORIENTED_EDGE('',*,*,#10543,.F.);
#10673 = ORIENTED_EDGE('',*,*,#9525,.F.);
#10674 = PLANE('',#10675);
#10675 = AXIS2_PLACEMENT_3D('',#10676,#10677,#10678);
#10676 = CARTESIAN_POINT('',(1.75,1.115,0.615));
#10677 = DIRECTION('',(0.,0.,-1.));
#10678 = DIRECTION('',(-1.,-1.110223024625E-16,-0.));
#10679 = ADVANCED_FACE('',(#10680),#10723,.F.);
#10680 = FACE_BOUND('',#10681,.F.);
#10681 = EDGE_LOOP('',(#10682,#10683,#10689,#10690,#10698,#10706,#10712,
    #10713,#10719,#10720,#10721,#10722));
#10682 = ORIENTED_EDGE('',*,*,#9627,.T.);
#10683 = ORIENTED_EDGE('',*,*,#10684,.T.);
#10684 = EDGE_CURVE('',#9620,#10374,#10685,.T.);
#10685 = LINE('',#10686,#10687);
#10686 = CARTESIAN_POINT('',(-1.75,-1.115,0.615));
#10687 = VECTOR('',#10688,1.);
#10688 = DIRECTION('',(1.,-1.144237745222E-17,0.));
#10689 = ORIENTED_EDGE('',*,*,#10371,.F.);
#10690 = ORIENTED_EDGE('',*,*,#10691,.F.);
#10691 = EDGE_CURVE('',#10692,#10372,#10694,.T.);
#10692 = VERTEX_POINT('',#10693);
#10693 = CARTESIAN_POINT('',(-1.2875,-1.425,0.615));
#10694 = LINE('',#10695,#10696);
#10695 = CARTESIAN_POINT('',(-1.2875,-1.425,0.615));
#10696 = VECTOR('',#10697,1.);
#10697 = DIRECTION('',(-0.707106781187,0.707106781187,0.));
#10698 = ORIENTED_EDGE('',*,*,#10699,.F.);
#10699 = EDGE_CURVE('',#10700,#10692,#10702,.T.);
#10700 = VERTEX_POINT('',#10701);
#10701 = CARTESIAN_POINT('',(1.2875,-1.425,0.615));
#10702 = LINE('',#10703,#10704);
#10703 = CARTESIAN_POINT('',(1.2875,-1.425,0.615));
#10704 = VECTOR('',#10705,1.);
#10705 = DIRECTION('',(-1.,-1.110223024625E-16,0.));
#10706 = ORIENTED_EDGE('',*,*,#10707,.F.);
#10707 = EDGE_CURVE('',#10616,#10700,#10708,.T.);
#10708 = LINE('',#10709,#10710);
#10709 = CARTESIAN_POINT('',(1.425,-1.2875,0.615));
#10710 = VECTOR('',#10711,1.);
#10711 = DIRECTION('',(-0.707106781187,-0.707106781187,0.));
#10712 = ORIENTED_EDGE('',*,*,#10615,.F.);
#10713 = ORIENTED_EDGE('',*,*,#10714,.F.);
#10714 = EDGE_CURVE('',#10234,#10608,#10715,.T.);
#10715 = LINE('',#10716,#10717);
#10716 = CARTESIAN_POINT('',(1.75,-1.115,0.615));
#10717 = VECTOR('',#10718,1.);
#10718 = DIRECTION('',(-1.,-1.110223024625E-16,0.));
#10719 = ORIENTED_EDGE('',*,*,#10249,.T.);
#10720 = ORIENTED_EDGE('',*,*,#10294,.T.);
#10721 = ORIENTED_EDGE('',*,*,#10311,.T.);
#10722 = ORIENTED_EDGE('',*,*,#10265,.T.);
#10723 = PLANE('',#10724);
#10724 = AXIS2_PLACEMENT_3D('',#10725,#10726,#10727);
#10725 = CARTESIAN_POINT('',(-3.758471954232E-17,1.4625,0.615));
#10726 = DIRECTION('',(-1.552101215968E-32,-4.853414201084E-28,-1.));
#10727 = DIRECTION('',(1.,1.184217143749E-16,-1.552101215974E-32));
#10728 = ADVANCED_FACE('',(#10729),#10815,.F.);
#10729 = FACE_BOUND('',#10730,.F.);
#10730 = EDGE_LOOP('',(#10731,#10732,#10733,#10742,#10750,#10759,#10767,
    #10775,#10783,#10792,#10800,#10809));
#10731 = ORIENTED_EDGE('',*,*,#9619,.F.);
#10732 = ORIENTED_EDGE('',*,*,#9641,.T.);
#10733 = ORIENTED_EDGE('',*,*,#10734,.T.);
#10734 = EDGE_CURVE('',#9642,#10735,#10737,.T.);
#10735 = VERTEX_POINT('',#10736);
#10736 = CARTESIAN_POINT('',(-1.799240387651,-1.115,0.393682408883));
#10737 = CIRCLE('',#10738,5.E-02);
#10738 = AXIS2_PLACEMENT_3D('',#10739,#10740,#10741);
#10739 = CARTESIAN_POINT('',(-1.75,-1.115,0.385));
#10740 = DIRECTION('',(-1.144237745222E-17,-1.,3.284293275761E-47));
#10741 = DIRECTION('',(4.440892098501E-15,-5.081436361563E-32,1.));
#10742 = ORIENTED_EDGE('',*,*,#10743,.T.);
#10743 = EDGE_CURVE('',#10735,#10744,#10746,.T.);
#10744 = VERTEX_POINT('',#10745);
#10745 = CARTESIAN_POINT('',(-1.830824898817,-1.115,0.190060919137));
#10746 = LINE('',#10747,#10748);
#10747 = CARTESIAN_POINT('',(-1.799240387651,-1.115,0.393682408883));
#10748 = VECTOR('',#10749,1.);
#10749 = DIRECTION('',(-0.153280808835,1.753896870877E-18,
    -0.988182672203));
#10750 = ORIENTED_EDGE('',*,*,#10751,.T.);
#10751 = EDGE_CURVE('',#10744,#10752,#10754,.T.);
#10752 = VERTEX_POINT('',#10753);
#10753 = CARTESIAN_POINT('',(-2.05733068201,-1.115,8.326672684689E-17));
#10754 = CIRCLE('',#10755,0.23);
#10755 = AXIS2_PLACEMENT_3D('',#10756,#10757,#10758);
#10756 = CARTESIAN_POINT('',(-2.05733068201,-1.115,0.23));
#10757 = DIRECTION('',(1.144237745222E-17,1.,7.703719777549E-34));
#10758 = DIRECTION('',(0.984807753012,-1.126854202784E-17,
    -0.173648177667));
#10759 = ORIENTED_EDGE('',*,*,#10760,.T.);
#10760 = EDGE_CURVE('',#10752,#10761,#10763,.T.);
#10761 = VERTEX_POINT('',#10762);
#10762 = CARTESIAN_POINT('',(-2.45,-1.115,8.326672684689E-17));
#10763 = LINE('',#10764,#10765);
#10764 = CARTESIAN_POINT('',(-2.05733068201,-1.115,8.326672684689E-17));
#10765 = VECTOR('',#10766,1.);
#10766 = DIRECTION('',(-1.,1.144237745222E-17,0.));
#10767 = ORIENTED_EDGE('',*,*,#10768,.T.);
#10768 = EDGE_CURVE('',#10761,#10769,#10771,.T.);
#10769 = VERTEX_POINT('',#10770);
#10770 = CARTESIAN_POINT('',(-2.45,-1.115,0.18));
#10771 = LINE('',#10772,#10773);
#10772 = CARTESIAN_POINT('',(-2.45,-1.115,8.326672684689E-17));
#10773 = VECTOR('',#10774,1.);
#10774 = DIRECTION('',(0.,0.,1.));
#10775 = ORIENTED_EDGE('',*,*,#10776,.T.);
#10776 = EDGE_CURVE('',#10769,#10777,#10779,.T.);
#10777 = VERTEX_POINT('',#10778);
#10778 = CARTESIAN_POINT('',(-2.05733068201,-1.115,0.18));
#10779 = LINE('',#10780,#10781);
#10780 = CARTESIAN_POINT('',(-2.45,-1.115,0.18));
#10781 = VECTOR('',#10782,1.);
#10782 = DIRECTION('',(1.,-1.144237745222E-17,0.));
#10783 = ORIENTED_EDGE('',*,*,#10784,.T.);
#10784 = EDGE_CURVE('',#10777,#10785,#10787,.T.);
#10785 = VERTEX_POINT('',#10786);
#10786 = CARTESIAN_POINT('',(-2.008090294359,-1.115,0.221317591117));
#10787 = CIRCLE('',#10788,5.E-02);
#10788 = AXIS2_PLACEMENT_3D('',#10789,#10790,#10791);
#10789 = CARTESIAN_POINT('',(-2.05733068201,-1.115,0.23));
#10790 = DIRECTION('',(-1.144237745222E-17,-1.,-0.));
#10791 = DIRECTION('',(0.,0.,-1.));
#10792 = ORIENTED_EDGE('',*,*,#10793,.T.);
#10793 = EDGE_CURVE('',#10785,#10794,#10796,.T.);
#10794 = VERTEX_POINT('',#10795);
#10795 = CARTESIAN_POINT('',(-1.976505783193,-1.115,0.424939080863));
#10796 = LINE('',#10797,#10798);
#10797 = CARTESIAN_POINT('',(-2.008090294359,-1.115,0.221317591117));
#10798 = VECTOR('',#10799,1.);
#10799 = DIRECTION('',(0.153280808835,-1.753896870877E-18,0.988182672203
    ));
#10800 = ORIENTED_EDGE('',*,*,#10801,.T.);
#10801 = EDGE_CURVE('',#10794,#10802,#10804,.T.);
#10802 = VERTEX_POINT('',#10803);
#10803 = CARTESIAN_POINT('',(-1.75,-1.115,0.615));
#10804 = CIRCLE('',#10805,0.23);
#10805 = AXIS2_PLACEMENT_3D('',#10806,#10807,#10808);
#10806 = CARTESIAN_POINT('',(-1.75,-1.115,0.385));
#10807 = DIRECTION('',(1.144237745222E-17,1.,2.311115933265E-33));
#10808 = DIRECTION('',(-0.984807753012,1.126854202784E-17,0.173648177667
    ));
#10809 = ORIENTED_EDGE('',*,*,#10810,.T.);
#10810 = EDGE_CURVE('',#10802,#9620,#10811,.T.);
#10811 = LINE('',#10812,#10813);
#10812 = CARTESIAN_POINT('',(-1.75,-1.115,0.615));
#10813 = VECTOR('',#10814,1.);
#10814 = DIRECTION('',(1.,-1.144237745222E-17,0.));
#10815 = PLANE('',#10816);
#10816 = AXIS2_PLACEMENT_3D('',#10817,#10818,#10819);
#10817 = CARTESIAN_POINT('',(-1.90066971159,-1.115,0.308518045934));
#10818 = DIRECTION('',(1.144237745222E-17,1.,0.));
#10819 = DIRECTION('',(0.,-0.,1.));
#10820 = ADVANCED_FACE('',(#10821),#10840,.F.);
#10821 = FACE_BOUND('',#10822,.F.);
#10822 = EDGE_LOOP('',(#10823,#10824,#10833,#10839));
#10823 = ORIENTED_EDGE('',*,*,#9658,.T.);
#10824 = ORIENTED_EDGE('',*,*,#10825,.T.);
#10825 = EDGE_CURVE('',#9651,#10826,#10828,.T.);
#10826 = VERTEX_POINT('',#10827);
#10827 = CARTESIAN_POINT('',(-1.799240387651,-0.885,0.393682408883));
#10828 = CIRCLE('',#10829,5.E-02);
#10829 = AXIS2_PLACEMENT_3D('',#10830,#10831,#10832);
#10830 = CARTESIAN_POINT('',(-1.75,-0.885,0.385));
#10831 = DIRECTION('',(-1.144237745222E-17,-1.,3.284293275761E-47));
#10832 = DIRECTION('',(4.440892098501E-15,-5.081436361563E-32,1.));
#10833 = ORIENTED_EDGE('',*,*,#10834,.F.);
#10834 = EDGE_CURVE('',#10735,#10826,#10835,.T.);
#10835 = LINE('',#10836,#10837);
#10836 = CARTESIAN_POINT('',(-1.799240387651,-1.115,0.393682408883));
#10837 = VECTOR('',#10838,1.);
#10838 = DIRECTION('',(1.144237745222E-17,1.,0.));
#10839 = ORIENTED_EDGE('',*,*,#10734,.F.);
#10840 = CYLINDRICAL_SURFACE('',#10841,5.E-02);
#10841 = AXIS2_PLACEMENT_3D('',#10842,#10843,#10844);
#10842 = CARTESIAN_POINT('',(-1.75,-1.115,0.385));
#10843 = DIRECTION('',(-1.144237745222E-17,-1.,0.));
#10844 = DIRECTION('',(4.440892098501E-15,-5.081436361563E-32,1.));
#10845 = ADVANCED_FACE('',(#10846),#10924,.T.);
#10846 = FACE_BOUND('',#10847,.T.);
#10847 = EDGE_LOOP('',(#10848,#10849,#10850,#10851,#10859,#10868,#10876,
    #10884,#10892,#10901,#10909,#10918));
#10848 = ORIENTED_EDGE('',*,*,#9672,.F.);
#10849 = ORIENTED_EDGE('',*,*,#9650,.T.);
#10850 = ORIENTED_EDGE('',*,*,#10825,.T.);
#10851 = ORIENTED_EDGE('',*,*,#10852,.T.);
#10852 = EDGE_CURVE('',#10826,#10853,#10855,.T.);
#10853 = VERTEX_POINT('',#10854);
#10854 = CARTESIAN_POINT('',(-1.830824898817,-0.885,0.190060919137));
#10855 = LINE('',#10856,#10857);
#10856 = CARTESIAN_POINT('',(-1.799240387651,-0.885,0.393682408883));
#10857 = VECTOR('',#10858,1.);
#10858 = DIRECTION('',(-0.153280808835,1.753896870877E-18,
    -0.988182672203));
#10859 = ORIENTED_EDGE('',*,*,#10860,.T.);
#10860 = EDGE_CURVE('',#10853,#10861,#10863,.T.);
#10861 = VERTEX_POINT('',#10862);
#10862 = CARTESIAN_POINT('',(-2.05733068201,-0.885,8.326672684689E-17));
#10863 = CIRCLE('',#10864,0.23);
#10864 = AXIS2_PLACEMENT_3D('',#10865,#10866,#10867);
#10865 = CARTESIAN_POINT('',(-2.05733068201,-0.885,0.23));
#10866 = DIRECTION('',(1.144237745222E-17,1.,7.703719777549E-34));
#10867 = DIRECTION('',(0.984807753012,-1.126854202784E-17,
    -0.173648177667));
#10868 = ORIENTED_EDGE('',*,*,#10869,.T.);
#10869 = EDGE_CURVE('',#10861,#10870,#10872,.T.);
#10870 = VERTEX_POINT('',#10871);
#10871 = CARTESIAN_POINT('',(-2.45,-0.885,8.326672684689E-17));
#10872 = LINE('',#10873,#10874);
#10873 = CARTESIAN_POINT('',(-2.05733068201,-0.885,8.326672684689E-17));
#10874 = VECTOR('',#10875,1.);
#10875 = DIRECTION('',(-1.,1.144237745222E-17,0.));
#10876 = ORIENTED_EDGE('',*,*,#10877,.T.);
#10877 = EDGE_CURVE('',#10870,#10878,#10880,.T.);
#10878 = VERTEX_POINT('',#10879);
#10879 = CARTESIAN_POINT('',(-2.45,-0.885,0.18));
#10880 = LINE('',#10881,#10882);
#10881 = CARTESIAN_POINT('',(-2.45,-0.885,8.326672684689E-17));
#10882 = VECTOR('',#10883,1.);
#10883 = DIRECTION('',(0.,0.,1.));
#10884 = ORIENTED_EDGE('',*,*,#10885,.T.);
#10885 = EDGE_CURVE('',#10878,#10886,#10888,.T.);
#10886 = VERTEX_POINT('',#10887);
#10887 = CARTESIAN_POINT('',(-2.05733068201,-0.885,0.18));
#10888 = LINE('',#10889,#10890);
#10889 = CARTESIAN_POINT('',(-2.45,-0.885,0.18));
#10890 = VECTOR('',#10891,1.);
#10891 = DIRECTION('',(1.,-1.144237745222E-17,0.));
#10892 = ORIENTED_EDGE('',*,*,#10893,.T.);
#10893 = EDGE_CURVE('',#10886,#10894,#10896,.T.);
#10894 = VERTEX_POINT('',#10895);
#10895 = CARTESIAN_POINT('',(-2.008090294359,-0.885,0.221317591117));
#10896 = CIRCLE('',#10897,5.E-02);
#10897 = AXIS2_PLACEMENT_3D('',#10898,#10899,#10900);
#10898 = CARTESIAN_POINT('',(-2.05733068201,-0.885,0.23));
#10899 = DIRECTION('',(-1.144237745222E-17,-1.,-0.));
#10900 = DIRECTION('',(0.,0.,-1.));
#10901 = ORIENTED_EDGE('',*,*,#10902,.T.);
#10902 = EDGE_CURVE('',#10894,#10903,#10905,.T.);
#10903 = VERTEX_POINT('',#10904);
#10904 = CARTESIAN_POINT('',(-1.976505783193,-0.885,0.424939080863));
#10905 = LINE('',#10906,#10907);
#10906 = CARTESIAN_POINT('',(-2.008090294359,-0.885,0.221317591117));
#10907 = VECTOR('',#10908,1.);
#10908 = DIRECTION('',(0.153280808835,-1.753896870877E-18,0.988182672203
    ));
#10909 = ORIENTED_EDGE('',*,*,#10910,.T.);
#10910 = EDGE_CURVE('',#10903,#10911,#10913,.T.);
#10911 = VERTEX_POINT('',#10912);
#10912 = CARTESIAN_POINT('',(-1.75,-0.885,0.615));
#10913 = CIRCLE('',#10914,0.23);
#10914 = AXIS2_PLACEMENT_3D('',#10915,#10916,#10917);
#10915 = CARTESIAN_POINT('',(-1.75,-0.885,0.385));
#10916 = DIRECTION('',(1.144237745222E-17,1.,2.311115933265E-33));
#10917 = DIRECTION('',(-0.984807753012,1.126854202784E-17,0.173648177667
    ));
#10918 = ORIENTED_EDGE('',*,*,#10919,.T.);
#10919 = EDGE_CURVE('',#10911,#9673,#10920,.T.);
#10920 = LINE('',#10921,#10922);
#10921 = CARTESIAN_POINT('',(-1.75,-0.885,0.615));
#10922 = VECTOR('',#10923,1.);
#10923 = DIRECTION('',(1.,-1.144237745222E-17,0.));
#10924 = PLANE('',#10925);
#10925 = AXIS2_PLACEMENT_3D('',#10926,#10927,#10928);
#10926 = CARTESIAN_POINT('',(-1.90066971159,-0.885,0.308518045934));
#10927 = DIRECTION('',(1.144237745222E-17,1.,0.));
#10928 = DIRECTION('',(0.,-0.,1.));
#10929 = ADVANCED_FACE('',(#10930),#10946,.F.);
#10930 = FACE_BOUND('',#10931,.F.);
#10931 = EDGE_LOOP('',(#10932,#10933,#10939,#10940));
#10932 = ORIENTED_EDGE('',*,*,#9689,.T.);
#10933 = ORIENTED_EDGE('',*,*,#10934,.T.);
#10934 = EDGE_CURVE('',#9682,#10390,#10935,.T.);
#10935 = LINE('',#10936,#10937);
#10936 = CARTESIAN_POINT('',(-1.75,-0.615,0.615));
#10937 = VECTOR('',#10938,1.);
#10938 = DIRECTION('',(1.,-1.144237745222E-17,0.));
#10939 = ORIENTED_EDGE('',*,*,#10389,.F.);
#10940 = ORIENTED_EDGE('',*,*,#10941,.F.);
#10941 = EDGE_CURVE('',#9673,#10382,#10942,.T.);
#10942 = LINE('',#10943,#10944);
#10943 = CARTESIAN_POINT('',(-1.75,-0.885,0.615));
#10944 = VECTOR('',#10945,1.);
#10945 = DIRECTION('',(1.,-1.144237745222E-17,0.));
#10946 = PLANE('',#10947);
#10947 = AXIS2_PLACEMENT_3D('',#10948,#10949,#10950);
#10948 = CARTESIAN_POINT('',(-3.758471954232E-17,1.4625,0.615));
#10949 = DIRECTION('',(-1.552101215968E-32,-4.853414201084E-28,-1.));
#10950 = DIRECTION('',(1.,1.184217143749E-16,-1.552101215974E-32));
#10951 = ADVANCED_FACE('',(#10952),#11038,.F.);
#10952 = FACE_BOUND('',#10953,.F.);
#10953 = EDGE_LOOP('',(#10954,#10955,#10956,#10965,#10973,#10982,#10990,
    #10998,#11006,#11015,#11023,#11032));
#10954 = ORIENTED_EDGE('',*,*,#9681,.F.);
#10955 = ORIENTED_EDGE('',*,*,#9703,.T.);
#10956 = ORIENTED_EDGE('',*,*,#10957,.T.);
#10957 = EDGE_CURVE('',#9704,#10958,#10960,.T.);
#10958 = VERTEX_POINT('',#10959);
#10959 = CARTESIAN_POINT('',(-1.799240387651,-0.615,0.393682408883));
#10960 = CIRCLE('',#10961,5.E-02);
#10961 = AXIS2_PLACEMENT_3D('',#10962,#10963,#10964);
#10962 = CARTESIAN_POINT('',(-1.75,-0.615,0.385));
#10963 = DIRECTION('',(-1.144237745222E-17,-1.,3.284293275761E-47));
#10964 = DIRECTION('',(4.440892098501E-15,-5.081436361563E-32,1.));
#10965 = ORIENTED_EDGE('',*,*,#10966,.T.);
#10966 = EDGE_CURVE('',#10958,#10967,#10969,.T.);
#10967 = VERTEX_POINT('',#10968);
#10968 = CARTESIAN_POINT('',(-1.830824898817,-0.615,0.190060919137));
#10969 = LINE('',#10970,#10971);
#10970 = CARTESIAN_POINT('',(-1.799240387651,-0.615,0.393682408883));
#10971 = VECTOR('',#10972,1.);
#10972 = DIRECTION('',(-0.153280808835,1.753896870877E-18,
    -0.988182672203));
#10973 = ORIENTED_EDGE('',*,*,#10974,.T.);
#10974 = EDGE_CURVE('',#10967,#10975,#10977,.T.);
#10975 = VERTEX_POINT('',#10976);
#10976 = CARTESIAN_POINT('',(-2.05733068201,-0.615,8.326672684689E-17));
#10977 = CIRCLE('',#10978,0.23);
#10978 = AXIS2_PLACEMENT_3D('',#10979,#10980,#10981);
#10979 = CARTESIAN_POINT('',(-2.05733068201,-0.615,0.23));
#10980 = DIRECTION('',(1.144237745222E-17,1.,7.703719777549E-34));
#10981 = DIRECTION('',(0.984807753012,-1.126854202784E-17,
    -0.173648177667));
#10982 = ORIENTED_EDGE('',*,*,#10983,.T.);
#10983 = EDGE_CURVE('',#10975,#10984,#10986,.T.);
#10984 = VERTEX_POINT('',#10985);
#10985 = CARTESIAN_POINT('',(-2.45,-0.615,8.326672684689E-17));
#10986 = LINE('',#10987,#10988);
#10987 = CARTESIAN_POINT('',(-2.05733068201,-0.615,8.326672684689E-17));
#10988 = VECTOR('',#10989,1.);
#10989 = DIRECTION('',(-1.,1.144237745222E-17,0.));
#10990 = ORIENTED_EDGE('',*,*,#10991,.T.);
#10991 = EDGE_CURVE('',#10984,#10992,#10994,.T.);
#10992 = VERTEX_POINT('',#10993);
#10993 = CARTESIAN_POINT('',(-2.45,-0.615,0.18));
#10994 = LINE('',#10995,#10996);
#10995 = CARTESIAN_POINT('',(-2.45,-0.615,8.326672684689E-17));
#10996 = VECTOR('',#10997,1.);
#10997 = DIRECTION('',(0.,0.,1.));
#10998 = ORIENTED_EDGE('',*,*,#10999,.T.);
#10999 = EDGE_CURVE('',#10992,#11000,#11002,.T.);
#11000 = VERTEX_POINT('',#11001);
#11001 = CARTESIAN_POINT('',(-2.05733068201,-0.615,0.18));
#11002 = LINE('',#11003,#11004);
#11003 = CARTESIAN_POINT('',(-2.45,-0.615,0.18));
#11004 = VECTOR('',#11005,1.);
#11005 = DIRECTION('',(1.,-1.144237745222E-17,0.));
#11006 = ORIENTED_EDGE('',*,*,#11007,.T.);
#11007 = EDGE_CURVE('',#11000,#11008,#11010,.T.);
#11008 = VERTEX_POINT('',#11009);
#11009 = CARTESIAN_POINT('',(-2.008090294359,-0.615,0.221317591117));
#11010 = CIRCLE('',#11011,5.E-02);
#11011 = AXIS2_PLACEMENT_3D('',#11012,#11013,#11014);
#11012 = CARTESIAN_POINT('',(-2.05733068201,-0.615,0.23));
#11013 = DIRECTION('',(-1.144237745222E-17,-1.,-0.));
#11014 = DIRECTION('',(0.,0.,-1.));
#11015 = ORIENTED_EDGE('',*,*,#11016,.T.);
#11016 = EDGE_CURVE('',#11008,#11017,#11019,.T.);
#11017 = VERTEX_POINT('',#11018);
#11018 = CARTESIAN_POINT('',(-1.976505783193,-0.615,0.424939080863));
#11019 = LINE('',#11020,#11021);
#11020 = CARTESIAN_POINT('',(-2.008090294359,-0.615,0.221317591117));
#11021 = VECTOR('',#11022,1.);
#11022 = DIRECTION('',(0.153280808835,-1.753896870877E-18,0.988182672203
    ));
#11023 = ORIENTED_EDGE('',*,*,#11024,.T.);
#11024 = EDGE_CURVE('',#11017,#11025,#11027,.T.);
#11025 = VERTEX_POINT('',#11026);
#11026 = CARTESIAN_POINT('',(-1.75,-0.615,0.615));
#11027 = CIRCLE('',#11028,0.23);
#11028 = AXIS2_PLACEMENT_3D('',#11029,#11030,#11031);
#11029 = CARTESIAN_POINT('',(-1.75,-0.615,0.385));
#11030 = DIRECTION('',(1.144237745222E-17,1.,2.311115933265E-33));
#11031 = DIRECTION('',(-0.984807753012,1.126854202784E-17,0.173648177667
    ));
#11032 = ORIENTED_EDGE('',*,*,#11033,.T.);
#11033 = EDGE_CURVE('',#11025,#9682,#11034,.T.);
#11034 = LINE('',#11035,#11036);
#11035 = CARTESIAN_POINT('',(-1.75,-0.615,0.615));
#11036 = VECTOR('',#11037,1.);
#11037 = DIRECTION('',(1.,-1.144237745222E-17,0.));
#11038 = PLANE('',#11039);
#11039 = AXIS2_PLACEMENT_3D('',#11040,#11041,#11042);
#11040 = CARTESIAN_POINT('',(-1.90066971159,-0.615,0.308518045934));
#11041 = DIRECTION('',(1.144237745222E-17,1.,0.));
#11042 = DIRECTION('',(0.,-0.,1.));
#11043 = ADVANCED_FACE('',(#11044),#11063,.F.);
#11044 = FACE_BOUND('',#11045,.F.);
#11045 = EDGE_LOOP('',(#11046,#11047,#11056,#11062));
#11046 = ORIENTED_EDGE('',*,*,#9720,.T.);
#11047 = ORIENTED_EDGE('',*,*,#11048,.T.);
#11048 = EDGE_CURVE('',#9713,#11049,#11051,.T.);
#11049 = VERTEX_POINT('',#11050);
#11050 = CARTESIAN_POINT('',(-1.799240387651,-0.385,0.393682408883));
#11051 = CIRCLE('',#11052,5.E-02);
#11052 = AXIS2_PLACEMENT_3D('',#11053,#11054,#11055);
#11053 = CARTESIAN_POINT('',(-1.75,-0.385,0.385));
#11054 = DIRECTION('',(-1.144237745222E-17,-1.,3.284293275761E-47));
#11055 = DIRECTION('',(4.440892098501E-15,-5.081436361563E-32,1.));
#11056 = ORIENTED_EDGE('',*,*,#11057,.F.);
#11057 = EDGE_CURVE('',#10958,#11049,#11058,.T.);
#11058 = LINE('',#11059,#11060);
#11059 = CARTESIAN_POINT('',(-1.799240387651,-0.615,0.393682408883));
#11060 = VECTOR('',#11061,1.);
#11061 = DIRECTION('',(1.144237745222E-17,1.,0.));
#11062 = ORIENTED_EDGE('',*,*,#10957,.F.);
#11063 = CYLINDRICAL_SURFACE('',#11064,5.E-02);
#11064 = AXIS2_PLACEMENT_3D('',#11065,#11066,#11067);
#11065 = CARTESIAN_POINT('',(-1.75,-0.615,0.385));
#11066 = DIRECTION('',(-1.144237745222E-17,-1.,0.));
#11067 = DIRECTION('',(4.440892098501E-15,-5.081436361563E-32,1.));
#11068 = ADVANCED_FACE('',(#11069),#11147,.T.);
#11069 = FACE_BOUND('',#11070,.T.);
#11070 = EDGE_LOOP('',(#11071,#11072,#11073,#11074,#11082,#11091,#11099,
    #11107,#11115,#11124,#11132,#11141));
#11071 = ORIENTED_EDGE('',*,*,#9734,.F.);
#11072 = ORIENTED_EDGE('',*,*,#9712,.T.);
#11073 = ORIENTED_EDGE('',*,*,#11048,.T.);
#11074 = ORIENTED_EDGE('',*,*,#11075,.T.);
#11075 = EDGE_CURVE('',#11049,#11076,#11078,.T.);
#11076 = VERTEX_POINT('',#11077);
#11077 = CARTESIAN_POINT('',(-1.830824898817,-0.385,0.190060919137));
#11078 = LINE('',#11079,#11080);
#11079 = CARTESIAN_POINT('',(-1.799240387651,-0.385,0.393682408883));
#11080 = VECTOR('',#11081,1.);
#11081 = DIRECTION('',(-0.153280808835,1.753896870877E-18,
    -0.988182672203));
#11082 = ORIENTED_EDGE('',*,*,#11083,.T.);
#11083 = EDGE_CURVE('',#11076,#11084,#11086,.T.);
#11084 = VERTEX_POINT('',#11085);
#11085 = CARTESIAN_POINT('',(-2.05733068201,-0.385,8.326672684689E-17));
#11086 = CIRCLE('',#11087,0.23);
#11087 = AXIS2_PLACEMENT_3D('',#11088,#11089,#11090);
#11088 = CARTESIAN_POINT('',(-2.05733068201,-0.385,0.23));
#11089 = DIRECTION('',(1.144237745222E-17,1.,7.703719777549E-34));
#11090 = DIRECTION('',(0.984807753012,-1.126854202784E-17,
    -0.173648177667));
#11091 = ORIENTED_EDGE('',*,*,#11092,.T.);
#11092 = EDGE_CURVE('',#11084,#11093,#11095,.T.);
#11093 = VERTEX_POINT('',#11094);
#11094 = CARTESIAN_POINT('',(-2.45,-0.385,8.326672684689E-17));
#11095 = LINE('',#11096,#11097);
#11096 = CARTESIAN_POINT('',(-2.05733068201,-0.385,8.326672684689E-17));
#11097 = VECTOR('',#11098,1.);
#11098 = DIRECTION('',(-1.,1.144237745222E-17,0.));
#11099 = ORIENTED_EDGE('',*,*,#11100,.T.);
#11100 = EDGE_CURVE('',#11093,#11101,#11103,.T.);
#11101 = VERTEX_POINT('',#11102);
#11102 = CARTESIAN_POINT('',(-2.45,-0.385,0.18));
#11103 = LINE('',#11104,#11105);
#11104 = CARTESIAN_POINT('',(-2.45,-0.385,8.326672684689E-17));
#11105 = VECTOR('',#11106,1.);
#11106 = DIRECTION('',(0.,0.,1.));
#11107 = ORIENTED_EDGE('',*,*,#11108,.T.);
#11108 = EDGE_CURVE('',#11101,#11109,#11111,.T.);
#11109 = VERTEX_POINT('',#11110);
#11110 = CARTESIAN_POINT('',(-2.05733068201,-0.385,0.18));
#11111 = LINE('',#11112,#11113);
#11112 = CARTESIAN_POINT('',(-2.45,-0.385,0.18));
#11113 = VECTOR('',#11114,1.);
#11114 = DIRECTION('',(1.,-1.144237745222E-17,0.));
#11115 = ORIENTED_EDGE('',*,*,#11116,.T.);
#11116 = EDGE_CURVE('',#11109,#11117,#11119,.T.);
#11117 = VERTEX_POINT('',#11118);
#11118 = CARTESIAN_POINT('',(-2.008090294359,-0.385,0.221317591117));
#11119 = CIRCLE('',#11120,5.E-02);
#11120 = AXIS2_PLACEMENT_3D('',#11121,#11122,#11123);
#11121 = CARTESIAN_POINT('',(-2.05733068201,-0.385,0.23));
#11122 = DIRECTION('',(-1.144237745222E-17,-1.,-0.));
#11123 = DIRECTION('',(0.,0.,-1.));
#11124 = ORIENTED_EDGE('',*,*,#11125,.T.);
#11125 = EDGE_CURVE('',#11117,#11126,#11128,.T.);
#11126 = VERTEX_POINT('',#11127);
#11127 = CARTESIAN_POINT('',(-1.976505783193,-0.385,0.424939080863));
#11128 = LINE('',#11129,#11130);
#11129 = CARTESIAN_POINT('',(-2.008090294359,-0.385,0.221317591117));
#11130 = VECTOR('',#11131,1.);
#11131 = DIRECTION('',(0.153280808835,-1.753896870877E-18,0.988182672203
    ));
#11132 = ORIENTED_EDGE('',*,*,#11133,.T.);
#11133 = EDGE_CURVE('',#11126,#11134,#11136,.T.);
#11134 = VERTEX_POINT('',#11135);
#11135 = CARTESIAN_POINT('',(-1.75,-0.385,0.615));
#11136 = CIRCLE('',#11137,0.23);
#11137 = AXIS2_PLACEMENT_3D('',#11138,#11139,#11140);
#11138 = CARTESIAN_POINT('',(-1.75,-0.385,0.385));
#11139 = DIRECTION('',(1.144237745222E-17,1.,2.311115933265E-33));
#11140 = DIRECTION('',(-0.984807753012,1.126854202784E-17,0.173648177667
    ));
#11141 = ORIENTED_EDGE('',*,*,#11142,.T.);
#11142 = EDGE_CURVE('',#11134,#9735,#11143,.T.);
#11143 = LINE('',#11144,#11145);
#11144 = CARTESIAN_POINT('',(-1.75,-0.385,0.615));
#11145 = VECTOR('',#11146,1.);
#11146 = DIRECTION('',(1.,-1.144237745222E-17,0.));
#11147 = PLANE('',#11148);
#11148 = AXIS2_PLACEMENT_3D('',#11149,#11150,#11151);
#11149 = CARTESIAN_POINT('',(-1.90066971159,-0.385,0.308518045934));
#11150 = DIRECTION('',(1.144237745222E-17,1.,0.));
#11151 = DIRECTION('',(0.,-0.,1.));
#11152 = ADVANCED_FACE('',(#11153),#11169,.F.);
#11153 = FACE_BOUND('',#11154,.F.);
#11154 = EDGE_LOOP('',(#11155,#11156,#11162,#11163));
#11155 = ORIENTED_EDGE('',*,*,#9751,.T.);
#11156 = ORIENTED_EDGE('',*,*,#11157,.T.);
#11157 = EDGE_CURVE('',#9744,#10406,#11158,.T.);
#11158 = LINE('',#11159,#11160);
#11159 = CARTESIAN_POINT('',(-1.75,-0.115,0.615));
#11160 = VECTOR('',#11161,1.);
#11161 = DIRECTION('',(1.,-1.144237745222E-17,0.));
#11162 = ORIENTED_EDGE('',*,*,#10405,.F.);
#11163 = ORIENTED_EDGE('',*,*,#11164,.F.);
#11164 = EDGE_CURVE('',#9735,#10398,#11165,.T.);
#11165 = LINE('',#11166,#11167);
#11166 = CARTESIAN_POINT('',(-1.75,-0.385,0.615));
#11167 = VECTOR('',#11168,1.);
#11168 = DIRECTION('',(1.,-1.144237745222E-17,0.));
#11169 = PLANE('',#11170);
#11170 = AXIS2_PLACEMENT_3D('',#11171,#11172,#11173);
#11171 = CARTESIAN_POINT('',(-3.758471954232E-17,1.4625,0.615));
#11172 = DIRECTION('',(-1.552101215968E-32,-4.853414201084E-28,-1.));
#11173 = DIRECTION('',(1.,1.184217143749E-16,-1.552101215974E-32));
#11174 = ADVANCED_FACE('',(#11175),#11261,.F.);
#11175 = FACE_BOUND('',#11176,.F.);
#11176 = EDGE_LOOP('',(#11177,#11178,#11179,#11188,#11196,#11205,#11213,
    #11221,#11229,#11238,#11246,#11255));
#11177 = ORIENTED_EDGE('',*,*,#9743,.F.);
#11178 = ORIENTED_EDGE('',*,*,#9765,.T.);
#11179 = ORIENTED_EDGE('',*,*,#11180,.T.);
#11180 = EDGE_CURVE('',#9766,#11181,#11183,.T.);
#11181 = VERTEX_POINT('',#11182);
#11182 = CARTESIAN_POINT('',(-1.799240387651,-0.115,0.393682408883));
#11183 = CIRCLE('',#11184,5.E-02);
#11184 = AXIS2_PLACEMENT_3D('',#11185,#11186,#11187);
#11185 = CARTESIAN_POINT('',(-1.75,-0.115,0.385));
#11186 = DIRECTION('',(-1.144237745222E-17,-1.,3.284293275761E-47));
#11187 = DIRECTION('',(4.440892098501E-15,-5.081436361563E-32,1.));
#11188 = ORIENTED_EDGE('',*,*,#11189,.T.);
#11189 = EDGE_CURVE('',#11181,#11190,#11192,.T.);
#11190 = VERTEX_POINT('',#11191);
#11191 = CARTESIAN_POINT('',(-1.830824898817,-0.115,0.190060919137));
#11192 = LINE('',#11193,#11194);
#11193 = CARTESIAN_POINT('',(-1.799240387651,-0.115,0.393682408883));
#11194 = VECTOR('',#11195,1.);
#11195 = DIRECTION('',(-0.153280808835,1.753896870877E-18,
    -0.988182672203));
#11196 = ORIENTED_EDGE('',*,*,#11197,.T.);
#11197 = EDGE_CURVE('',#11190,#11198,#11200,.T.);
#11198 = VERTEX_POINT('',#11199);
#11199 = CARTESIAN_POINT('',(-2.05733068201,-0.115,8.326672684689E-17));
#11200 = CIRCLE('',#11201,0.23);
#11201 = AXIS2_PLACEMENT_3D('',#11202,#11203,#11204);
#11202 = CARTESIAN_POINT('',(-2.05733068201,-0.115,0.23));
#11203 = DIRECTION('',(1.144237745222E-17,1.,7.703719777549E-34));
#11204 = DIRECTION('',(0.984807753012,-1.126854202784E-17,
    -0.173648177667));
#11205 = ORIENTED_EDGE('',*,*,#11206,.T.);
#11206 = EDGE_CURVE('',#11198,#11207,#11209,.T.);
#11207 = VERTEX_POINT('',#11208);
#11208 = CARTESIAN_POINT('',(-2.45,-0.115,8.326672684689E-17));
#11209 = LINE('',#11210,#11211);
#11210 = CARTESIAN_POINT('',(-2.05733068201,-0.115,8.326672684689E-17));
#11211 = VECTOR('',#11212,1.);
#11212 = DIRECTION('',(-1.,1.144237745222E-17,0.));
#11213 = ORIENTED_EDGE('',*,*,#11214,.T.);
#11214 = EDGE_CURVE('',#11207,#11215,#11217,.T.);
#11215 = VERTEX_POINT('',#11216);
#11216 = CARTESIAN_POINT('',(-2.45,-0.115,0.18));
#11217 = LINE('',#11218,#11219);
#11218 = CARTESIAN_POINT('',(-2.45,-0.115,8.326672684689E-17));
#11219 = VECTOR('',#11220,1.);
#11220 = DIRECTION('',(0.,0.,1.));
#11221 = ORIENTED_EDGE('',*,*,#11222,.T.);
#11222 = EDGE_CURVE('',#11215,#11223,#11225,.T.);
#11223 = VERTEX_POINT('',#11224);
#11224 = CARTESIAN_POINT('',(-2.05733068201,-0.115,0.18));
#11225 = LINE('',#11226,#11227);
#11226 = CARTESIAN_POINT('',(-2.45,-0.115,0.18));
#11227 = VECTOR('',#11228,1.);
#11228 = DIRECTION('',(1.,-1.144237745222E-17,0.));
#11229 = ORIENTED_EDGE('',*,*,#11230,.T.);
#11230 = EDGE_CURVE('',#11223,#11231,#11233,.T.);
#11231 = VERTEX_POINT('',#11232);
#11232 = CARTESIAN_POINT('',(-2.008090294359,-0.115,0.221317591117));
#11233 = CIRCLE('',#11234,5.E-02);
#11234 = AXIS2_PLACEMENT_3D('',#11235,#11236,#11237);
#11235 = CARTESIAN_POINT('',(-2.05733068201,-0.115,0.23));
#11236 = DIRECTION('',(-1.144237745222E-17,-1.,-0.));
#11237 = DIRECTION('',(0.,0.,-1.));
#11238 = ORIENTED_EDGE('',*,*,#11239,.T.);
#11239 = EDGE_CURVE('',#11231,#11240,#11242,.T.);
#11240 = VERTEX_POINT('',#11241);
#11241 = CARTESIAN_POINT('',(-1.976505783193,-0.115,0.424939080863));
#11242 = LINE('',#11243,#11244);
#11243 = CARTESIAN_POINT('',(-2.008090294359,-0.115,0.221317591117));
#11244 = VECTOR('',#11245,1.);
#11245 = DIRECTION('',(0.153280808835,-1.753896870877E-18,0.988182672203
    ));
#11246 = ORIENTED_EDGE('',*,*,#11247,.T.);
#11247 = EDGE_CURVE('',#11240,#11248,#11250,.T.);
#11248 = VERTEX_POINT('',#11249);
#11249 = CARTESIAN_POINT('',(-1.75,-0.115,0.615));
#11250 = CIRCLE('',#11251,0.23);
#11251 = AXIS2_PLACEMENT_3D('',#11252,#11253,#11254);
#11252 = CARTESIAN_POINT('',(-1.75,-0.115,0.385));
#11253 = DIRECTION('',(1.144237745222E-17,1.,2.311115933265E-33));
#11254 = DIRECTION('',(-0.984807753012,1.126854202784E-17,0.173648177667
    ));
#11255 = ORIENTED_EDGE('',*,*,#11256,.T.);
#11256 = EDGE_CURVE('',#11248,#9744,#11257,.T.);
#11257 = LINE('',#11258,#11259);
#11258 = CARTESIAN_POINT('',(-1.75,-0.115,0.615));
#11259 = VECTOR('',#11260,1.);
#11260 = DIRECTION('',(1.,-1.144237745222E-17,0.));
#11261 = PLANE('',#11262);
#11262 = AXIS2_PLACEMENT_3D('',#11263,#11264,#11265);
#11263 = CARTESIAN_POINT('',(-1.90066971159,-0.115,0.308518045934));
#11264 = DIRECTION('',(1.144237745222E-17,1.,0.));
#11265 = DIRECTION('',(0.,-0.,1.));
#11266 = ADVANCED_FACE('',(#11267),#11286,.F.);
#11267 = FACE_BOUND('',#11268,.F.);
#11268 = EDGE_LOOP('',(#11269,#11270,#11279,#11285));
#11269 = ORIENTED_EDGE('',*,*,#9782,.T.);
#11270 = ORIENTED_EDGE('',*,*,#11271,.T.);
#11271 = EDGE_CURVE('',#9775,#11272,#11274,.T.);
#11272 = VERTEX_POINT('',#11273);
#11273 = CARTESIAN_POINT('',(-1.799240387651,0.115,0.393682408883));
#11274 = CIRCLE('',#11275,5.E-02);
#11275 = AXIS2_PLACEMENT_3D('',#11276,#11277,#11278);
#11276 = CARTESIAN_POINT('',(-1.75,0.115,0.385));
#11277 = DIRECTION('',(-1.144237745222E-17,-1.,3.284293275761E-47));
#11278 = DIRECTION('',(4.440892098501E-15,-5.081436361563E-32,1.));
#11279 = ORIENTED_EDGE('',*,*,#11280,.F.);
#11280 = EDGE_CURVE('',#11181,#11272,#11281,.T.);
#11281 = LINE('',#11282,#11283);
#11282 = CARTESIAN_POINT('',(-1.799240387651,-0.115,0.393682408883));
#11283 = VECTOR('',#11284,1.);
#11284 = DIRECTION('',(1.144237745222E-17,1.,0.));
#11285 = ORIENTED_EDGE('',*,*,#11180,.F.);
#11286 = CYLINDRICAL_SURFACE('',#11287,5.E-02);
#11287 = AXIS2_PLACEMENT_3D('',#11288,#11289,#11290);
#11288 = CARTESIAN_POINT('',(-1.75,-0.115,0.385));
#11289 = DIRECTION('',(-1.144237745222E-17,-1.,0.));
#11290 = DIRECTION('',(4.440892098501E-15,-5.081436361563E-32,1.));
#11291 = ADVANCED_FACE('',(#11292),#11370,.T.);
#11292 = FACE_BOUND('',#11293,.T.);
#11293 = EDGE_LOOP('',(#11294,#11295,#11296,#11297,#11305,#11314,#11322,
    #11330,#11338,#11347,#11355,#11364));
#11294 = ORIENTED_EDGE('',*,*,#9796,.F.);
#11295 = ORIENTED_EDGE('',*,*,#9774,.T.);
#11296 = ORIENTED_EDGE('',*,*,#11271,.T.);
#11297 = ORIENTED_EDGE('',*,*,#11298,.T.);
#11298 = EDGE_CURVE('',#11272,#11299,#11301,.T.);
#11299 = VERTEX_POINT('',#11300);
#11300 = CARTESIAN_POINT('',(-1.830824898817,0.115,0.190060919137));
#11301 = LINE('',#11302,#11303);
#11302 = CARTESIAN_POINT('',(-1.799240387651,0.115,0.393682408883));
#11303 = VECTOR('',#11304,1.);
#11304 = DIRECTION('',(-0.153280808835,1.753896870877E-18,
    -0.988182672203));
#11305 = ORIENTED_EDGE('',*,*,#11306,.T.);
#11306 = EDGE_CURVE('',#11299,#11307,#11309,.T.);
#11307 = VERTEX_POINT('',#11308);
#11308 = CARTESIAN_POINT('',(-2.05733068201,0.115,8.326672684689E-17));
#11309 = CIRCLE('',#11310,0.23);
#11310 = AXIS2_PLACEMENT_3D('',#11311,#11312,#11313);
#11311 = CARTESIAN_POINT('',(-2.05733068201,0.115,0.23));
#11312 = DIRECTION('',(1.144237745222E-17,1.,7.703719777549E-34));
#11313 = DIRECTION('',(0.984807753012,-1.126854202784E-17,
    -0.173648177667));
#11314 = ORIENTED_EDGE('',*,*,#11315,.T.);
#11315 = EDGE_CURVE('',#11307,#11316,#11318,.T.);
#11316 = VERTEX_POINT('',#11317);
#11317 = CARTESIAN_POINT('',(-2.45,0.115,8.326672684689E-17));
#11318 = LINE('',#11319,#11320);
#11319 = CARTESIAN_POINT('',(-2.05733068201,0.115,8.326672684689E-17));
#11320 = VECTOR('',#11321,1.);
#11321 = DIRECTION('',(-1.,1.144237745222E-17,0.));
#11322 = ORIENTED_EDGE('',*,*,#11323,.T.);
#11323 = EDGE_CURVE('',#11316,#11324,#11326,.T.);
#11324 = VERTEX_POINT('',#11325);
#11325 = CARTESIAN_POINT('',(-2.45,0.115,0.18));
#11326 = LINE('',#11327,#11328);
#11327 = CARTESIAN_POINT('',(-2.45,0.115,8.326672684689E-17));
#11328 = VECTOR('',#11329,1.);
#11329 = DIRECTION('',(0.,0.,1.));
#11330 = ORIENTED_EDGE('',*,*,#11331,.T.);
#11331 = EDGE_CURVE('',#11324,#11332,#11334,.T.);
#11332 = VERTEX_POINT('',#11333);
#11333 = CARTESIAN_POINT('',(-2.05733068201,0.115,0.18));
#11334 = LINE('',#11335,#11336);
#11335 = CARTESIAN_POINT('',(-2.45,0.115,0.18));
#11336 = VECTOR('',#11337,1.);
#11337 = DIRECTION('',(1.,-1.144237745222E-17,0.));
#11338 = ORIENTED_EDGE('',*,*,#11339,.T.);
#11339 = EDGE_CURVE('',#11332,#11340,#11342,.T.);
#11340 = VERTEX_POINT('',#11341);
#11341 = CARTESIAN_POINT('',(-2.008090294359,0.115,0.221317591117));
#11342 = CIRCLE('',#11343,5.E-02);
#11343 = AXIS2_PLACEMENT_3D('',#11344,#11345,#11346);
#11344 = CARTESIAN_POINT('',(-2.05733068201,0.115,0.23));
#11345 = DIRECTION('',(-1.144237745222E-17,-1.,-0.));
#11346 = DIRECTION('',(0.,0.,-1.));
#11347 = ORIENTED_EDGE('',*,*,#11348,.T.);
#11348 = EDGE_CURVE('',#11340,#11349,#11351,.T.);
#11349 = VERTEX_POINT('',#11350);
#11350 = CARTESIAN_POINT('',(-1.976505783193,0.115,0.424939080863));
#11351 = LINE('',#11352,#11353);
#11352 = CARTESIAN_POINT('',(-2.008090294359,0.115,0.221317591117));
#11353 = VECTOR('',#11354,1.);
#11354 = DIRECTION('',(0.153280808835,-1.753896870877E-18,0.988182672203
    ));
#11355 = ORIENTED_EDGE('',*,*,#11356,.T.);
#11356 = EDGE_CURVE('',#11349,#11357,#11359,.T.);
#11357 = VERTEX_POINT('',#11358);
#11358 = CARTESIAN_POINT('',(-1.75,0.115,0.615));
#11359 = CIRCLE('',#11360,0.23);
#11360 = AXIS2_PLACEMENT_3D('',#11361,#11362,#11363);
#11361 = CARTESIAN_POINT('',(-1.75,0.115,0.385));
#11362 = DIRECTION('',(1.144237745222E-17,1.,2.311115933265E-33));
#11363 = DIRECTION('',(-0.984807753012,1.126854202784E-17,0.173648177667
    ));
#11364 = ORIENTED_EDGE('',*,*,#11365,.T.);
#11365 = EDGE_CURVE('',#11357,#9797,#11366,.T.);
#11366 = LINE('',#11367,#11368);
#11367 = CARTESIAN_POINT('',(-1.75,0.115,0.615));
#11368 = VECTOR('',#11369,1.);
#11369 = DIRECTION('',(1.,-1.144237745222E-17,0.));
#11370 = PLANE('',#11371);
#11371 = AXIS2_PLACEMENT_3D('',#11372,#11373,#11374);
#11372 = CARTESIAN_POINT('',(-1.90066971159,0.115,0.308518045934));
#11373 = DIRECTION('',(1.144237745222E-17,1.,0.));
#11374 = DIRECTION('',(0.,-0.,1.));
#11375 = ADVANCED_FACE('',(#11376),#11392,.F.);
#11376 = FACE_BOUND('',#11377,.F.);
#11377 = EDGE_LOOP('',(#11378,#11379,#11385,#11386));
#11378 = ORIENTED_EDGE('',*,*,#9813,.T.);
#11379 = ORIENTED_EDGE('',*,*,#11380,.T.);
#11380 = EDGE_CURVE('',#9806,#10422,#11381,.T.);
#11381 = LINE('',#11382,#11383);
#11382 = CARTESIAN_POINT('',(-1.75,0.385,0.615));
#11383 = VECTOR('',#11384,1.);
#11384 = DIRECTION('',(1.,-1.144237745222E-17,0.));
#11385 = ORIENTED_EDGE('',*,*,#10421,.F.);
#11386 = ORIENTED_EDGE('',*,*,#11387,.F.);
#11387 = EDGE_CURVE('',#9797,#10414,#11388,.T.);
#11388 = LINE('',#11389,#11390);
#11389 = CARTESIAN_POINT('',(-1.75,0.115,0.615));
#11390 = VECTOR('',#11391,1.);
#11391 = DIRECTION('',(1.,-1.144237745222E-17,0.));
#11392 = PLANE('',#11393);
#11393 = AXIS2_PLACEMENT_3D('',#11394,#11395,#11396);
#11394 = CARTESIAN_POINT('',(-3.758471954232E-17,1.4625,0.615));
#11395 = DIRECTION('',(-1.552101215968E-32,-4.853414201084E-28,-1.));
#11396 = DIRECTION('',(1.,1.184217143749E-16,-1.552101215974E-32));
#11397 = ADVANCED_FACE('',(#11398),#11484,.F.);
#11398 = FACE_BOUND('',#11399,.F.);
#11399 = EDGE_LOOP('',(#11400,#11401,#11402,#11411,#11419,#11428,#11436,
    #11444,#11452,#11461,#11469,#11478));
#11400 = ORIENTED_EDGE('',*,*,#9805,.F.);
#11401 = ORIENTED_EDGE('',*,*,#9827,.T.);
#11402 = ORIENTED_EDGE('',*,*,#11403,.T.);
#11403 = EDGE_CURVE('',#9828,#11404,#11406,.T.);
#11404 = VERTEX_POINT('',#11405);
#11405 = CARTESIAN_POINT('',(-1.799240387651,0.385,0.393682408883));
#11406 = CIRCLE('',#11407,5.E-02);
#11407 = AXIS2_PLACEMENT_3D('',#11408,#11409,#11410);
#11408 = CARTESIAN_POINT('',(-1.75,0.385,0.385));
#11409 = DIRECTION('',(-1.144237745222E-17,-1.,3.284293275761E-47));
#11410 = DIRECTION('',(4.440892098501E-15,-5.081436361563E-32,1.));
#11411 = ORIENTED_EDGE('',*,*,#11412,.T.);
#11412 = EDGE_CURVE('',#11404,#11413,#11415,.T.);
#11413 = VERTEX_POINT('',#11414);
#11414 = CARTESIAN_POINT('',(-1.830824898817,0.385,0.190060919137));
#11415 = LINE('',#11416,#11417);
#11416 = CARTESIAN_POINT('',(-1.799240387651,0.385,0.393682408883));
#11417 = VECTOR('',#11418,1.);
#11418 = DIRECTION('',(-0.153280808835,1.753896870877E-18,
    -0.988182672203));
#11419 = ORIENTED_EDGE('',*,*,#11420,.T.);
#11420 = EDGE_CURVE('',#11413,#11421,#11423,.T.);
#11421 = VERTEX_POINT('',#11422);
#11422 = CARTESIAN_POINT('',(-2.05733068201,0.385,8.326672684689E-17));
#11423 = CIRCLE('',#11424,0.23);
#11424 = AXIS2_PLACEMENT_3D('',#11425,#11426,#11427);
#11425 = CARTESIAN_POINT('',(-2.05733068201,0.385,0.23));
#11426 = DIRECTION('',(1.144237745222E-17,1.,7.703719777549E-34));
#11427 = DIRECTION('',(0.984807753012,-1.126854202784E-17,
    -0.173648177667));
#11428 = ORIENTED_EDGE('',*,*,#11429,.T.);
#11429 = EDGE_CURVE('',#11421,#11430,#11432,.T.);
#11430 = VERTEX_POINT('',#11431);
#11431 = CARTESIAN_POINT('',(-2.45,0.385,8.326672684689E-17));
#11432 = LINE('',#11433,#11434);
#11433 = CARTESIAN_POINT('',(-2.05733068201,0.385,8.326672684689E-17));
#11434 = VECTOR('',#11435,1.);
#11435 = DIRECTION('',(-1.,1.144237745222E-17,0.));
#11436 = ORIENTED_EDGE('',*,*,#11437,.T.);
#11437 = EDGE_CURVE('',#11430,#11438,#11440,.T.);
#11438 = VERTEX_POINT('',#11439);
#11439 = CARTESIAN_POINT('',(-2.45,0.385,0.18));
#11440 = LINE('',#11441,#11442);
#11441 = CARTESIAN_POINT('',(-2.45,0.385,8.326672684689E-17));
#11442 = VECTOR('',#11443,1.);
#11443 = DIRECTION('',(0.,0.,1.));
#11444 = ORIENTED_EDGE('',*,*,#11445,.T.);
#11445 = EDGE_CURVE('',#11438,#11446,#11448,.T.);
#11446 = VERTEX_POINT('',#11447);
#11447 = CARTESIAN_POINT('',(-2.05733068201,0.385,0.18));
#11448 = LINE('',#11449,#11450);
#11449 = CARTESIAN_POINT('',(-2.45,0.385,0.18));
#11450 = VECTOR('',#11451,1.);
#11451 = DIRECTION('',(1.,-1.144237745222E-17,0.));
#11452 = ORIENTED_EDGE('',*,*,#11453,.T.);
#11453 = EDGE_CURVE('',#11446,#11454,#11456,.T.);
#11454 = VERTEX_POINT('',#11455);
#11455 = CARTESIAN_POINT('',(-2.008090294359,0.385,0.221317591117));
#11456 = CIRCLE('',#11457,5.E-02);
#11457 = AXIS2_PLACEMENT_3D('',#11458,#11459,#11460);
#11458 = CARTESIAN_POINT('',(-2.05733068201,0.385,0.23));
#11459 = DIRECTION('',(-1.144237745222E-17,-1.,-0.));
#11460 = DIRECTION('',(0.,0.,-1.));
#11461 = ORIENTED_EDGE('',*,*,#11462,.T.);
#11462 = EDGE_CURVE('',#11454,#11463,#11465,.T.);
#11463 = VERTEX_POINT('',#11464);
#11464 = CARTESIAN_POINT('',(-1.976505783193,0.385,0.424939080863));
#11465 = LINE('',#11466,#11467);
#11466 = CARTESIAN_POINT('',(-2.008090294359,0.385,0.221317591117));
#11467 = VECTOR('',#11468,1.);
#11468 = DIRECTION('',(0.153280808835,-1.753896870877E-18,0.988182672203
    ));
#11469 = ORIENTED_EDGE('',*,*,#11470,.T.);
#11470 = EDGE_CURVE('',#11463,#11471,#11473,.T.);
#11471 = VERTEX_POINT('',#11472);
#11472 = CARTESIAN_POINT('',(-1.75,0.385,0.615));
#11473 = CIRCLE('',#11474,0.23);
#11474 = AXIS2_PLACEMENT_3D('',#11475,#11476,#11477);
#11475 = CARTESIAN_POINT('',(-1.75,0.385,0.385));
#11476 = DIRECTION('',(1.144237745222E-17,1.,2.311115933265E-33));
#11477 = DIRECTION('',(-0.984807753012,1.126854202784E-17,0.173648177667
    ));
#11478 = ORIENTED_EDGE('',*,*,#11479,.T.);
#11479 = EDGE_CURVE('',#11471,#9806,#11480,.T.);
#11480 = LINE('',#11481,#11482);
#11481 = CARTESIAN_POINT('',(-1.75,0.385,0.615));
#11482 = VECTOR('',#11483,1.);
#11483 = DIRECTION('',(1.,-1.144237745222E-17,0.));
#11484 = PLANE('',#11485);
#11485 = AXIS2_PLACEMENT_3D('',#11486,#11487,#11488);
#11486 = CARTESIAN_POINT('',(-1.90066971159,0.385,0.308518045934));
#11487 = DIRECTION('',(1.144237745222E-17,1.,0.));
#11488 = DIRECTION('',(0.,-0.,1.));
#11489 = ADVANCED_FACE('',(#11490),#11509,.F.);
#11490 = FACE_BOUND('',#11491,.F.);
#11491 = EDGE_LOOP('',(#11492,#11493,#11502,#11508));
#11492 = ORIENTED_EDGE('',*,*,#9844,.T.);
#11493 = ORIENTED_EDGE('',*,*,#11494,.T.);
#11494 = EDGE_CURVE('',#9837,#11495,#11497,.T.);
#11495 = VERTEX_POINT('',#11496);
#11496 = CARTESIAN_POINT('',(-1.799240387651,0.615,0.393682408883));
#11497 = CIRCLE('',#11498,5.E-02);
#11498 = AXIS2_PLACEMENT_3D('',#11499,#11500,#11501);
#11499 = CARTESIAN_POINT('',(-1.75,0.615,0.385));
#11500 = DIRECTION('',(-1.144237745222E-17,-1.,3.284293275761E-47));
#11501 = DIRECTION('',(4.440892098501E-15,-5.081436361563E-32,1.));
#11502 = ORIENTED_EDGE('',*,*,#11503,.F.);
#11503 = EDGE_CURVE('',#11404,#11495,#11504,.T.);
#11504 = LINE('',#11505,#11506);
#11505 = CARTESIAN_POINT('',(-1.799240387651,0.385,0.393682408883));
#11506 = VECTOR('',#11507,1.);
#11507 = DIRECTION('',(1.144237745222E-17,1.,0.));
#11508 = ORIENTED_EDGE('',*,*,#11403,.F.);
#11509 = CYLINDRICAL_SURFACE('',#11510,5.E-02);
#11510 = AXIS2_PLACEMENT_3D('',#11511,#11512,#11513);
#11511 = CARTESIAN_POINT('',(-1.75,0.385,0.385));
#11512 = DIRECTION('',(-1.144237745222E-17,-1.,0.));
#11513 = DIRECTION('',(4.440892098501E-15,-5.081436361563E-32,1.));
#11514 = ADVANCED_FACE('',(#11515),#11593,.T.);
#11515 = FACE_BOUND('',#11516,.T.);
#11516 = EDGE_LOOP('',(#11517,#11518,#11519,#11520,#11528,#11537,#11545,
    #11553,#11561,#11570,#11578,#11587));
#11517 = ORIENTED_EDGE('',*,*,#9858,.F.);
#11518 = ORIENTED_EDGE('',*,*,#9836,.T.);
#11519 = ORIENTED_EDGE('',*,*,#11494,.T.);
#11520 = ORIENTED_EDGE('',*,*,#11521,.T.);
#11521 = EDGE_CURVE('',#11495,#11522,#11524,.T.);
#11522 = VERTEX_POINT('',#11523);
#11523 = CARTESIAN_POINT('',(-1.830824898817,0.615,0.190060919137));
#11524 = LINE('',#11525,#11526);
#11525 = CARTESIAN_POINT('',(-1.799240387651,0.615,0.393682408883));
#11526 = VECTOR('',#11527,1.);
#11527 = DIRECTION('',(-0.153280808835,1.753896870877E-18,
    -0.988182672203));
#11528 = ORIENTED_EDGE('',*,*,#11529,.T.);
#11529 = EDGE_CURVE('',#11522,#11530,#11532,.T.);
#11530 = VERTEX_POINT('',#11531);
#11531 = CARTESIAN_POINT('',(-2.05733068201,0.615,8.326672684689E-17));
#11532 = CIRCLE('',#11533,0.23);
#11533 = AXIS2_PLACEMENT_3D('',#11534,#11535,#11536);
#11534 = CARTESIAN_POINT('',(-2.05733068201,0.615,0.23));
#11535 = DIRECTION('',(1.144237745222E-17,1.,7.703719777549E-34));
#11536 = DIRECTION('',(0.984807753012,-1.126854202784E-17,
    -0.173648177667));
#11537 = ORIENTED_EDGE('',*,*,#11538,.T.);
#11538 = EDGE_CURVE('',#11530,#11539,#11541,.T.);
#11539 = VERTEX_POINT('',#11540);
#11540 = CARTESIAN_POINT('',(-2.45,0.615,8.326672684689E-17));
#11541 = LINE('',#11542,#11543);
#11542 = CARTESIAN_POINT('',(-2.05733068201,0.615,8.326672684689E-17));
#11543 = VECTOR('',#11544,1.);
#11544 = DIRECTION('',(-1.,1.144237745222E-17,0.));
#11545 = ORIENTED_EDGE('',*,*,#11546,.T.);
#11546 = EDGE_CURVE('',#11539,#11547,#11549,.T.);
#11547 = VERTEX_POINT('',#11548);
#11548 = CARTESIAN_POINT('',(-2.45,0.615,0.18));
#11549 = LINE('',#11550,#11551);
#11550 = CARTESIAN_POINT('',(-2.45,0.615,8.326672684689E-17));
#11551 = VECTOR('',#11552,1.);
#11552 = DIRECTION('',(0.,0.,1.));
#11553 = ORIENTED_EDGE('',*,*,#11554,.T.);
#11554 = EDGE_CURVE('',#11547,#11555,#11557,.T.);
#11555 = VERTEX_POINT('',#11556);
#11556 = CARTESIAN_POINT('',(-2.05733068201,0.615,0.18));
#11557 = LINE('',#11558,#11559);
#11558 = CARTESIAN_POINT('',(-2.45,0.615,0.18));
#11559 = VECTOR('',#11560,1.);
#11560 = DIRECTION('',(1.,-1.144237745222E-17,0.));
#11561 = ORIENTED_EDGE('',*,*,#11562,.T.);
#11562 = EDGE_CURVE('',#11555,#11563,#11565,.T.);
#11563 = VERTEX_POINT('',#11564);
#11564 = CARTESIAN_POINT('',(-2.008090294359,0.615,0.221317591117));
#11565 = CIRCLE('',#11566,5.E-02);
#11566 = AXIS2_PLACEMENT_3D('',#11567,#11568,#11569);
#11567 = CARTESIAN_POINT('',(-2.05733068201,0.615,0.23));
#11568 = DIRECTION('',(-1.144237745222E-17,-1.,-0.));
#11569 = DIRECTION('',(0.,0.,-1.));
#11570 = ORIENTED_EDGE('',*,*,#11571,.T.);
#11571 = EDGE_CURVE('',#11563,#11572,#11574,.T.);
#11572 = VERTEX_POINT('',#11573);
#11573 = CARTESIAN_POINT('',(-1.976505783193,0.615,0.424939080863));
#11574 = LINE('',#11575,#11576);
#11575 = CARTESIAN_POINT('',(-2.008090294359,0.615,0.221317591117));
#11576 = VECTOR('',#11577,1.);
#11577 = DIRECTION('',(0.153280808835,-1.753896870877E-18,0.988182672203
    ));
#11578 = ORIENTED_EDGE('',*,*,#11579,.T.);
#11579 = EDGE_CURVE('',#11572,#11580,#11582,.T.);
#11580 = VERTEX_POINT('',#11581);
#11581 = CARTESIAN_POINT('',(-1.75,0.615,0.615));
#11582 = CIRCLE('',#11583,0.23);
#11583 = AXIS2_PLACEMENT_3D('',#11584,#11585,#11586);
#11584 = CARTESIAN_POINT('',(-1.75,0.615,0.385));
#11585 = DIRECTION('',(1.144237745222E-17,1.,2.311115933265E-33));
#11586 = DIRECTION('',(-0.984807753012,1.126854202784E-17,0.173648177667
    ));
#11587 = ORIENTED_EDGE('',*,*,#11588,.T.);
#11588 = EDGE_CURVE('',#11580,#9859,#11589,.T.);
#11589 = LINE('',#11590,#11591);
#11590 = CARTESIAN_POINT('',(-1.75,0.615,0.615));
#11591 = VECTOR('',#11592,1.);
#11592 = DIRECTION('',(1.,-1.144237745222E-17,0.));
#11593 = PLANE('',#11594);
#11594 = AXIS2_PLACEMENT_3D('',#11595,#11596,#11597);
#11595 = CARTESIAN_POINT('',(-1.90066971159,0.615,0.308518045934));
#11596 = DIRECTION('',(1.144237745222E-17,1.,0.));
#11597 = DIRECTION('',(0.,-0.,1.));
#11598 = ADVANCED_FACE('',(#11599),#11610,.F.);
#11599 = FACE_BOUND('',#11600,.F.);
#11600 = EDGE_LOOP('',(#11601,#11602,#11603,#11604));
#11601 = ORIENTED_EDGE('',*,*,#9875,.T.);
#11602 = ORIENTED_EDGE('',*,*,#10357,.T.);
#11603 = ORIENTED_EDGE('',*,*,#10437,.F.);
#11604 = ORIENTED_EDGE('',*,*,#11605,.F.);
#11605 = EDGE_CURVE('',#9859,#10430,#11606,.T.);
#11606 = LINE('',#11607,#11608);
#11607 = CARTESIAN_POINT('',(-1.75,0.615,0.615));
#11608 = VECTOR('',#11609,1.);
#11609 = DIRECTION('',(1.,-1.144237745222E-17,0.));
#11610 = PLANE('',#11611);
#11611 = AXIS2_PLACEMENT_3D('',#11612,#11613,#11614);
#11612 = CARTESIAN_POINT('',(-3.758471954232E-17,1.4625,0.615));
#11613 = DIRECTION('',(-1.552101215968E-32,-4.853414201084E-28,-1.));
#11614 = DIRECTION('',(1.,1.184217143749E-16,-1.552101215974E-32));
#11615 = ADVANCED_FACE('',(#11616),#11695,.F.);
#11616 = FACE_BOUND('',#11617,.F.);
#11617 = EDGE_LOOP('',(#11618,#11619,#11620,#11629,#11637,#11646,#11654,
    #11662,#11670,#11679,#11687,#11694));
#11618 = ORIENTED_EDGE('',*,*,#9867,.F.);
#11619 = ORIENTED_EDGE('',*,*,#9889,.T.);
#11620 = ORIENTED_EDGE('',*,*,#11621,.T.);
#11621 = EDGE_CURVE('',#9890,#11622,#11624,.T.);
#11622 = VERTEX_POINT('',#11623);
#11623 = CARTESIAN_POINT('',(-1.799240387651,0.885,0.393682408883));
#11624 = CIRCLE('',#11625,5.E-02);
#11625 = AXIS2_PLACEMENT_3D('',#11626,#11627,#11628);
#11626 = CARTESIAN_POINT('',(-1.75,0.885,0.385));
#11627 = DIRECTION('',(-1.144237745222E-17,-1.,3.284293275761E-47));
#11628 = DIRECTION('',(4.440892098501E-15,-5.081436361563E-32,1.));
#11629 = ORIENTED_EDGE('',*,*,#11630,.T.);
#11630 = EDGE_CURVE('',#11622,#11631,#11633,.T.);
#11631 = VERTEX_POINT('',#11632);
#11632 = CARTESIAN_POINT('',(-1.830824898817,0.885,0.190060919137));
#11633 = LINE('',#11634,#11635);
#11634 = CARTESIAN_POINT('',(-1.799240387651,0.885,0.393682408883));
#11635 = VECTOR('',#11636,1.);
#11636 = DIRECTION('',(-0.153280808835,1.753896870877E-18,
    -0.988182672203));
#11637 = ORIENTED_EDGE('',*,*,#11638,.T.);
#11638 = EDGE_CURVE('',#11631,#11639,#11641,.T.);
#11639 = VERTEX_POINT('',#11640);
#11640 = CARTESIAN_POINT('',(-2.05733068201,0.885,8.326672684689E-17));
#11641 = CIRCLE('',#11642,0.23);
#11642 = AXIS2_PLACEMENT_3D('',#11643,#11644,#11645);
#11643 = CARTESIAN_POINT('',(-2.05733068201,0.885,0.23));
#11644 = DIRECTION('',(1.144237745222E-17,1.,7.703719777549E-34));
#11645 = DIRECTION('',(0.984807753012,-1.126854202784E-17,
    -0.173648177667));
#11646 = ORIENTED_EDGE('',*,*,#11647,.T.);
#11647 = EDGE_CURVE('',#11639,#11648,#11650,.T.);
#11648 = VERTEX_POINT('',#11649);
#11649 = CARTESIAN_POINT('',(-2.45,0.885,8.326672684689E-17));
#11650 = LINE('',#11651,#11652);
#11651 = CARTESIAN_POINT('',(-2.05733068201,0.885,8.326672684689E-17));
#11652 = VECTOR('',#11653,1.);
#11653 = DIRECTION('',(-1.,1.144237745222E-17,0.));
#11654 = ORIENTED_EDGE('',*,*,#11655,.T.);
#11655 = EDGE_CURVE('',#11648,#11656,#11658,.T.);
#11656 = VERTEX_POINT('',#11657);
#11657 = CARTESIAN_POINT('',(-2.45,0.885,0.18));
#11658 = LINE('',#11659,#11660);
#11659 = CARTESIAN_POINT('',(-2.45,0.885,8.326672684689E-17));
#11660 = VECTOR('',#11661,1.);
#11661 = DIRECTION('',(0.,0.,1.));
#11662 = ORIENTED_EDGE('',*,*,#11663,.T.);
#11663 = EDGE_CURVE('',#11656,#11664,#11666,.T.);
#11664 = VERTEX_POINT('',#11665);
#11665 = CARTESIAN_POINT('',(-2.05733068201,0.885,0.18));
#11666 = LINE('',#11667,#11668);
#11667 = CARTESIAN_POINT('',(-2.45,0.885,0.18));
#11668 = VECTOR('',#11669,1.);
#11669 = DIRECTION('',(1.,-1.144237745222E-17,0.));
#11670 = ORIENTED_EDGE('',*,*,#11671,.T.);
#11671 = EDGE_CURVE('',#11664,#11672,#11674,.T.);
#11672 = VERTEX_POINT('',#11673);
#11673 = CARTESIAN_POINT('',(-2.008090294359,0.885,0.221317591117));
#11674 = CIRCLE('',#11675,5.E-02);
#11675 = AXIS2_PLACEMENT_3D('',#11676,#11677,#11678);
#11676 = CARTESIAN_POINT('',(-2.05733068201,0.885,0.23));
#11677 = DIRECTION('',(-1.144237745222E-17,-1.,-0.));
#11678 = DIRECTION('',(0.,0.,-1.));
#11679 = ORIENTED_EDGE('',*,*,#11680,.T.);
#11680 = EDGE_CURVE('',#11672,#11681,#11683,.T.);
#11681 = VERTEX_POINT('',#11682);
#11682 = CARTESIAN_POINT('',(-1.976505783193,0.885,0.424939080863));
#11683 = LINE('',#11684,#11685);
#11684 = CARTESIAN_POINT('',(-2.008090294359,0.885,0.221317591117));
#11685 = VECTOR('',#11686,1.);
#11686 = DIRECTION('',(0.153280808835,-1.753896870877E-18,0.988182672203
    ));
#11687 = ORIENTED_EDGE('',*,*,#11688,.T.);
#11688 = EDGE_CURVE('',#11681,#10327,#11689,.T.);
#11689 = CIRCLE('',#11690,0.23);
#11690 = AXIS2_PLACEMENT_3D('',#11691,#11692,#11693);
#11691 = CARTESIAN_POINT('',(-1.75,0.885,0.385));
#11692 = DIRECTION('',(1.144237745222E-17,1.,2.311115933265E-33));
#11693 = DIRECTION('',(-0.984807753012,1.126854202784E-17,0.173648177667
    ));
#11694 = ORIENTED_EDGE('',*,*,#10326,.T.);
#11695 = PLANE('',#11696);
#11696 = AXIS2_PLACEMENT_3D('',#11697,#11698,#11699);
#11697 = CARTESIAN_POINT('',(-1.90066971159,0.885,0.308518045934));
#11698 = DIRECTION('',(1.144237745222E-17,1.,0.));
#11699 = DIRECTION('',(0.,-0.,1.));
#11700 = ADVANCED_FACE('',(#11701),#11720,.F.);
#11701 = FACE_BOUND('',#11702,.F.);
#11702 = EDGE_LOOP('',(#11703,#11704,#11713,#11719));
#11703 = ORIENTED_EDGE('',*,*,#9906,.T.);
#11704 = ORIENTED_EDGE('',*,*,#11705,.T.);
#11705 = EDGE_CURVE('',#9899,#11706,#11708,.T.);
#11706 = VERTEX_POINT('',#11707);
#11707 = CARTESIAN_POINT('',(-1.799240387651,1.115,0.393682408883));
#11708 = CIRCLE('',#11709,5.E-02);
#11709 = AXIS2_PLACEMENT_3D('',#11710,#11711,#11712);
#11710 = CARTESIAN_POINT('',(-1.75,1.115,0.385));
#11711 = DIRECTION('',(-1.144237745222E-17,-1.,3.284293275761E-47));
#11712 = DIRECTION('',(4.440892098501E-15,-5.081436361563E-32,1.));
#11713 = ORIENTED_EDGE('',*,*,#11714,.F.);
#11714 = EDGE_CURVE('',#11622,#11706,#11715,.T.);
#11715 = LINE('',#11716,#11717);
#11716 = CARTESIAN_POINT('',(-1.799240387651,0.885,0.393682408883));
#11717 = VECTOR('',#11718,1.);
#11718 = DIRECTION('',(1.144237745222E-17,1.,0.));
#11719 = ORIENTED_EDGE('',*,*,#11621,.F.);
#11720 = CYLINDRICAL_SURFACE('',#11721,5.E-02);
#11721 = AXIS2_PLACEMENT_3D('',#11722,#11723,#11724);
#11722 = CARTESIAN_POINT('',(-1.75,0.885,0.385));
#11723 = DIRECTION('',(-1.144237745222E-17,-1.,0.));
#11724 = DIRECTION('',(4.440892098501E-15,-5.081436361563E-32,1.));
#11725 = ADVANCED_FACE('',(#11726),#11797,.T.);
#11726 = FACE_BOUND('',#11727,.T.);
#11727 = EDGE_LOOP('',(#11728,#11729,#11730,#11731,#11739,#11748,#11756,
    #11764,#11772,#11781,#11789,#11796));
#11728 = ORIENTED_EDGE('',*,*,#9920,.F.);
#11729 = ORIENTED_EDGE('',*,*,#9898,.T.);
#11730 = ORIENTED_EDGE('',*,*,#11705,.T.);
#11731 = ORIENTED_EDGE('',*,*,#11732,.T.);
#11732 = EDGE_CURVE('',#11706,#11733,#11735,.T.);
#11733 = VERTEX_POINT('',#11734);
#11734 = CARTESIAN_POINT('',(-1.830824898817,1.115,0.190060919137));
#11735 = LINE('',#11736,#11737);
#11736 = CARTESIAN_POINT('',(-1.799240387651,1.115,0.393682408883));
#11737 = VECTOR('',#11738,1.);
#11738 = DIRECTION('',(-0.153280808835,1.753896870877E-18,
    -0.988182672203));
#11739 = ORIENTED_EDGE('',*,*,#11740,.T.);
#11740 = EDGE_CURVE('',#11733,#11741,#11743,.T.);
#11741 = VERTEX_POINT('',#11742);
#11742 = CARTESIAN_POINT('',(-2.05733068201,1.115,8.326672684689E-17));
#11743 = CIRCLE('',#11744,0.23);
#11744 = AXIS2_PLACEMENT_3D('',#11745,#11746,#11747);
#11745 = CARTESIAN_POINT('',(-2.05733068201,1.115,0.23));
#11746 = DIRECTION('',(1.144237745222E-17,1.,7.703719777549E-34));
#11747 = DIRECTION('',(0.984807753012,-1.126854202784E-17,
    -0.173648177667));
#11748 = ORIENTED_EDGE('',*,*,#11749,.T.);
#11749 = EDGE_CURVE('',#11741,#11750,#11752,.T.);
#11750 = VERTEX_POINT('',#11751);
#11751 = CARTESIAN_POINT('',(-2.45,1.115,8.326672684689E-17));
#11752 = LINE('',#11753,#11754);
#11753 = CARTESIAN_POINT('',(-2.05733068201,1.115,8.326672684689E-17));
#11754 = VECTOR('',#11755,1.);
#11755 = DIRECTION('',(-1.,1.144237745222E-17,0.));
#11756 = ORIENTED_EDGE('',*,*,#11757,.T.);
#11757 = EDGE_CURVE('',#11750,#11758,#11760,.T.);
#11758 = VERTEX_POINT('',#11759);
#11759 = CARTESIAN_POINT('',(-2.45,1.115,0.18));
#11760 = LINE('',#11761,#11762);
#11761 = CARTESIAN_POINT('',(-2.45,1.115,8.326672684689E-17));
#11762 = VECTOR('',#11763,1.);
#11763 = DIRECTION('',(0.,0.,1.));
#11764 = ORIENTED_EDGE('',*,*,#11765,.T.);
#11765 = EDGE_CURVE('',#11758,#11766,#11768,.T.);
#11766 = VERTEX_POINT('',#11767);
#11767 = CARTESIAN_POINT('',(-2.05733068201,1.115,0.18));
#11768 = LINE('',#11769,#11770);
#11769 = CARTESIAN_POINT('',(-2.45,1.115,0.18));
#11770 = VECTOR('',#11771,1.);
#11771 = DIRECTION('',(1.,-1.144237745222E-17,0.));
#11772 = ORIENTED_EDGE('',*,*,#11773,.T.);
#11773 = EDGE_CURVE('',#11766,#11774,#11776,.T.);
#11774 = VERTEX_POINT('',#11775);
#11775 = CARTESIAN_POINT('',(-2.008090294359,1.115,0.221317591117));
#11776 = CIRCLE('',#11777,5.E-02);
#11777 = AXIS2_PLACEMENT_3D('',#11778,#11779,#11780);
#11778 = CARTESIAN_POINT('',(-2.05733068201,1.115,0.23));
#11779 = DIRECTION('',(-1.144237745222E-17,-1.,-0.));
#11780 = DIRECTION('',(0.,0.,-1.));
#11781 = ORIENTED_EDGE('',*,*,#11782,.T.);
#11782 = EDGE_CURVE('',#11774,#11783,#11785,.T.);
#11783 = VERTEX_POINT('',#11784);
#11784 = CARTESIAN_POINT('',(-1.976505783193,1.115,0.424939080863));
#11785 = LINE('',#11786,#11787);
#11786 = CARTESIAN_POINT('',(-2.008090294359,1.115,0.221317591117));
#11787 = VECTOR('',#11788,1.);
#11788 = DIRECTION('',(0.153280808835,-1.753896870877E-18,0.988182672203
    ));
#11789 = ORIENTED_EDGE('',*,*,#11790,.T.);
#11790 = EDGE_CURVE('',#11783,#10335,#11791,.T.);
#11791 = CIRCLE('',#11792,0.23);
#11792 = AXIS2_PLACEMENT_3D('',#11793,#11794,#11795);
#11793 = CARTESIAN_POINT('',(-1.75,1.115,0.385));
#11794 = DIRECTION('',(1.144237745222E-17,1.,2.311115933265E-33));
#11795 = DIRECTION('',(-0.984807753012,1.126854202784E-17,0.173648177667
    ));
#11796 = ORIENTED_EDGE('',*,*,#10342,.T.);
#11797 = PLANE('',#11798);
#11798 = AXIS2_PLACEMENT_3D('',#11799,#11800,#11801);
#11799 = CARTESIAN_POINT('',(-1.90066971159,1.115,0.308518045934));
#11800 = DIRECTION('',(1.144237745222E-17,1.,0.));
#11801 = DIRECTION('',(0.,-0.,1.));
#11802 = ADVANCED_FACE('',(#11803),#11882,.F.);
#11803 = FACE_BOUND('',#11804,.F.);
#11804 = EDGE_LOOP('',(#11805,#11806,#11807,#11816,#11824,#11833,#11841,
    #11849,#11857,#11866,#11874,#11881));
#11805 = ORIENTED_EDGE('',*,*,#9939,.F.);
#11806 = ORIENTED_EDGE('',*,*,#9954,.T.);
#11807 = ORIENTED_EDGE('',*,*,#11808,.T.);
#11808 = EDGE_CURVE('',#9955,#11809,#11811,.T.);
#11809 = VERTEX_POINT('',#11810);
#11810 = CARTESIAN_POINT('',(1.799240387651,1.115,0.393682408883));
#11811 = CIRCLE('',#11812,5.E-02);
#11812 = AXIS2_PLACEMENT_3D('',#11813,#11814,#11815);
#11813 = CARTESIAN_POINT('',(1.75,1.115,0.385));
#11814 = DIRECTION('',(-1.110223024625E-16,1.,0.));
#11815 = DIRECTION('',(-4.440892098501E-15,-4.930380657631E-31,1.));
#11816 = ORIENTED_EDGE('',*,*,#11817,.T.);
#11817 = EDGE_CURVE('',#11809,#11818,#11820,.T.);
#11818 = VERTEX_POINT('',#11819);
#11819 = CARTESIAN_POINT('',(1.830824898817,1.115,0.190060919137));
#11820 = LINE('',#11821,#11822);
#11821 = CARTESIAN_POINT('',(1.799240387651,1.115,0.393682408883));
#11822 = VECTOR('',#11823,1.);
#11823 = DIRECTION('',(0.153280808835,1.701758832023E-17,-0.988182672203
    ));
#11824 = ORIENTED_EDGE('',*,*,#11825,.T.);
#11825 = EDGE_CURVE('',#11818,#11826,#11828,.T.);
#11826 = VERTEX_POINT('',#11827);
#11827 = CARTESIAN_POINT('',(2.05733068201,1.115,8.326672684689E-17));
#11828 = CIRCLE('',#11829,0.23);
#11829 = AXIS2_PLACEMENT_3D('',#11830,#11831,#11832);
#11830 = CARTESIAN_POINT('',(2.05733068201,1.115,0.23));
#11831 = DIRECTION('',(1.110223024625E-16,-1.,0.));
#11832 = DIRECTION('',(-0.984807753012,-1.093356242223E-16,
    -0.173648177667));
#11833 = ORIENTED_EDGE('',*,*,#11834,.T.);
#11834 = EDGE_CURVE('',#11826,#11835,#11837,.T.);
#11835 = VERTEX_POINT('',#11836);
#11836 = CARTESIAN_POINT('',(2.45,1.115,8.326672684689E-17));
#11837 = LINE('',#11838,#11839);
#11838 = CARTESIAN_POINT('',(2.05733068201,1.115,8.326672684689E-17));
#11839 = VECTOR('',#11840,1.);
#11840 = DIRECTION('',(1.,1.110223024625E-16,0.));
#11841 = ORIENTED_EDGE('',*,*,#11842,.T.);
#11842 = EDGE_CURVE('',#11835,#11843,#11845,.T.);
#11843 = VERTEX_POINT('',#11844);
#11844 = CARTESIAN_POINT('',(2.45,1.115,0.18));
#11845 = LINE('',#11846,#11847);
#11846 = CARTESIAN_POINT('',(2.45,1.115,8.326672684689E-17));
#11847 = VECTOR('',#11848,1.);
#11848 = DIRECTION('',(0.,0.,1.));
#11849 = ORIENTED_EDGE('',*,*,#11850,.T.);
#11850 = EDGE_CURVE('',#11843,#11851,#11853,.T.);
#11851 = VERTEX_POINT('',#11852);
#11852 = CARTESIAN_POINT('',(2.05733068201,1.115,0.18));
#11853 = LINE('',#11854,#11855);
#11854 = CARTESIAN_POINT('',(2.45,1.115,0.18));
#11855 = VECTOR('',#11856,1.);
#11856 = DIRECTION('',(-1.,-1.110223024625E-16,0.));
#11857 = ORIENTED_EDGE('',*,*,#11858,.T.);
#11858 = EDGE_CURVE('',#11851,#11859,#11861,.T.);
#11859 = VERTEX_POINT('',#11860);
#11860 = CARTESIAN_POINT('',(2.008090294359,1.115,0.221317591117));
#11861 = CIRCLE('',#11862,5.E-02);
#11862 = AXIS2_PLACEMENT_3D('',#11863,#11864,#11865);
#11863 = CARTESIAN_POINT('',(2.05733068201,1.115,0.23));
#11864 = DIRECTION('',(-1.110223024625E-16,1.,0.));
#11865 = DIRECTION('',(0.,0.,-1.));
#11866 = ORIENTED_EDGE('',*,*,#11867,.T.);
#11867 = EDGE_CURVE('',#11859,#11868,#11870,.T.);
#11868 = VERTEX_POINT('',#11869);
#11869 = CARTESIAN_POINT('',(1.976505783193,1.115,0.424939080863));
#11870 = LINE('',#11871,#11872);
#11871 = CARTESIAN_POINT('',(2.008090294359,1.115,0.221317591117));
#11872 = VECTOR('',#11873,1.);
#11873 = DIRECTION('',(-0.153280808835,-1.701758832023E-17,
    0.988182672203));
#11874 = ORIENTED_EDGE('',*,*,#11875,.T.);
#11875 = EDGE_CURVE('',#11868,#10646,#11876,.T.);
#11876 = CIRCLE('',#11877,0.23);
#11877 = AXIS2_PLACEMENT_3D('',#11878,#11879,#11880);
#11878 = CARTESIAN_POINT('',(1.75,1.115,0.385));
#11879 = DIRECTION('',(1.110223024625E-16,-1.,0.));
#11880 = DIRECTION('',(0.984807753012,1.093356242223E-16,0.173648177667)
  );
#11881 = ORIENTED_EDGE('',*,*,#10645,.T.);
#11882 = PLANE('',#11883);
#11883 = AXIS2_PLACEMENT_3D('',#11884,#11885,#11886);
#11884 = CARTESIAN_POINT('',(1.90066971159,1.115,0.308518045934));
#11885 = DIRECTION('',(1.110223024625E-16,-1.,0.));
#11886 = DIRECTION('',(0.,0.,1.));
#11887 = ADVANCED_FACE('',(#11888),#11907,.F.);
#11888 = FACE_BOUND('',#11889,.F.);
#11889 = EDGE_LOOP('',(#11890,#11891,#11900,#11906));
#11890 = ORIENTED_EDGE('',*,*,#9971,.T.);
#11891 = ORIENTED_EDGE('',*,*,#11892,.T.);
#11892 = EDGE_CURVE('',#9964,#11893,#11895,.T.);
#11893 = VERTEX_POINT('',#11894);
#11894 = CARTESIAN_POINT('',(1.799240387651,0.885,0.393682408883));
#11895 = CIRCLE('',#11896,5.E-02);
#11896 = AXIS2_PLACEMENT_3D('',#11897,#11898,#11899);
#11897 = CARTESIAN_POINT('',(1.75,0.885,0.385));
#11898 = DIRECTION('',(-1.110223024625E-16,1.,0.));
#11899 = DIRECTION('',(-4.440892098501E-15,-4.930380657631E-31,1.));
#11900 = ORIENTED_EDGE('',*,*,#11901,.F.);
#11901 = EDGE_CURVE('',#11809,#11893,#11902,.T.);
#11902 = LINE('',#11903,#11904);
#11903 = CARTESIAN_POINT('',(1.799240387651,1.115,0.393682408883));
#11904 = VECTOR('',#11905,1.);
#11905 = DIRECTION('',(1.110223024625E-16,-1.,0.));
#11906 = ORIENTED_EDGE('',*,*,#11808,.F.);
#11907 = CYLINDRICAL_SURFACE('',#11908,5.E-02);
#11908 = AXIS2_PLACEMENT_3D('',#11909,#11910,#11911);
#11909 = CARTESIAN_POINT('',(1.75,1.115,0.385));
#11910 = DIRECTION('',(-1.110223024625E-16,1.,0.));
#11911 = DIRECTION('',(-4.440892098501E-15,-4.930380657631E-31,1.));
#11912 = ADVANCED_FACE('',(#11913),#11984,.T.);
#11913 = FACE_BOUND('',#11914,.T.);
#11914 = EDGE_LOOP('',(#11915,#11916,#11917,#11918,#11926,#11935,#11943,
    #11951,#11959,#11968,#11976,#11983));
#11915 = ORIENTED_EDGE('',*,*,#9985,.F.);
#11916 = ORIENTED_EDGE('',*,*,#9963,.T.);
#11917 = ORIENTED_EDGE('',*,*,#11892,.T.);
#11918 = ORIENTED_EDGE('',*,*,#11919,.T.);
#11919 = EDGE_CURVE('',#11893,#11920,#11922,.T.);
#11920 = VERTEX_POINT('',#11921);
#11921 = CARTESIAN_POINT('',(1.830824898817,0.885,0.190060919137));
#11922 = LINE('',#11923,#11924);
#11923 = CARTESIAN_POINT('',(1.799240387651,0.885,0.393682408883));
#11924 = VECTOR('',#11925,1.);
#11925 = DIRECTION('',(0.153280808835,1.701758832023E-17,-0.988182672203
    ));
#11926 = ORIENTED_EDGE('',*,*,#11927,.T.);
#11927 = EDGE_CURVE('',#11920,#11928,#11930,.T.);
#11928 = VERTEX_POINT('',#11929);
#11929 = CARTESIAN_POINT('',(2.05733068201,0.885,8.326672684689E-17));
#11930 = CIRCLE('',#11931,0.23);
#11931 = AXIS2_PLACEMENT_3D('',#11932,#11933,#11934);
#11932 = CARTESIAN_POINT('',(2.05733068201,0.885,0.23));
#11933 = DIRECTION('',(1.110223024625E-16,-1.,0.));
#11934 = DIRECTION('',(-0.984807753012,-1.093356242223E-16,
    -0.173648177667));
#11935 = ORIENTED_EDGE('',*,*,#11936,.T.);
#11936 = EDGE_CURVE('',#11928,#11937,#11939,.T.);
#11937 = VERTEX_POINT('',#11938);
#11938 = CARTESIAN_POINT('',(2.45,0.885,8.326672684689E-17));
#11939 = LINE('',#11940,#11941);
#11940 = CARTESIAN_POINT('',(2.05733068201,0.885,8.326672684689E-17));
#11941 = VECTOR('',#11942,1.);
#11942 = DIRECTION('',(1.,1.110223024625E-16,0.));
#11943 = ORIENTED_EDGE('',*,*,#11944,.T.);
#11944 = EDGE_CURVE('',#11937,#11945,#11947,.T.);
#11945 = VERTEX_POINT('',#11946);
#11946 = CARTESIAN_POINT('',(2.45,0.885,0.18));
#11947 = LINE('',#11948,#11949);
#11948 = CARTESIAN_POINT('',(2.45,0.885,8.326672684689E-17));
#11949 = VECTOR('',#11950,1.);
#11950 = DIRECTION('',(0.,0.,1.));
#11951 = ORIENTED_EDGE('',*,*,#11952,.T.);
#11952 = EDGE_CURVE('',#11945,#11953,#11955,.T.);
#11953 = VERTEX_POINT('',#11954);
#11954 = CARTESIAN_POINT('',(2.05733068201,0.885,0.18));
#11955 = LINE('',#11956,#11957);
#11956 = CARTESIAN_POINT('',(2.45,0.885,0.18));
#11957 = VECTOR('',#11958,1.);
#11958 = DIRECTION('',(-1.,-1.110223024625E-16,0.));
#11959 = ORIENTED_EDGE('',*,*,#11960,.T.);
#11960 = EDGE_CURVE('',#11953,#11961,#11963,.T.);
#11961 = VERTEX_POINT('',#11962);
#11962 = CARTESIAN_POINT('',(2.008090294359,0.885,0.221317591117));
#11963 = CIRCLE('',#11964,5.E-02);
#11964 = AXIS2_PLACEMENT_3D('',#11965,#11966,#11967);
#11965 = CARTESIAN_POINT('',(2.05733068201,0.885,0.23));
#11966 = DIRECTION('',(-1.110223024625E-16,1.,0.));
#11967 = DIRECTION('',(0.,0.,-1.));
#11968 = ORIENTED_EDGE('',*,*,#11969,.T.);
#11969 = EDGE_CURVE('',#11961,#11970,#11972,.T.);
#11970 = VERTEX_POINT('',#11971);
#11971 = CARTESIAN_POINT('',(1.976505783193,0.885,0.424939080863));
#11972 = LINE('',#11973,#11974);
#11973 = CARTESIAN_POINT('',(2.008090294359,0.885,0.221317591117));
#11974 = VECTOR('',#11975,1.);
#11975 = DIRECTION('',(-0.153280808835,-1.701758832023E-17,
    0.988182672203));
#11976 = ORIENTED_EDGE('',*,*,#11977,.T.);
#11977 = EDGE_CURVE('',#11970,#10654,#11978,.T.);
#11978 = CIRCLE('',#11979,0.23);
#11979 = AXIS2_PLACEMENT_3D('',#11980,#11981,#11982);
#11980 = CARTESIAN_POINT('',(1.75,0.885,0.385));
#11981 = DIRECTION('',(1.110223024625E-16,-1.,0.));
#11982 = DIRECTION('',(0.984807753012,1.093356242223E-16,0.173648177667)
  );
#11983 = ORIENTED_EDGE('',*,*,#10661,.T.);
#11984 = PLANE('',#11985);
#11985 = AXIS2_PLACEMENT_3D('',#11986,#11987,#11988);
#11986 = CARTESIAN_POINT('',(1.90066971159,0.885,0.308518045934));
#11987 = DIRECTION('',(1.110223024625E-16,-1.,0.));
#11988 = DIRECTION('',(0.,0.,1.));
#11989 = ADVANCED_FACE('',(#11990),#12001,.F.);
#11990 = FACE_BOUND('',#11991,.F.);
#11991 = EDGE_LOOP('',(#11992,#11993,#11994,#12000));
#11992 = ORIENTED_EDGE('',*,*,#10667,.F.);
#11993 = ORIENTED_EDGE('',*,*,#10002,.T.);
#11994 = ORIENTED_EDGE('',*,*,#11995,.T.);
#11995 = EDGE_CURVE('',#9995,#10552,#11996,.T.);
#11996 = LINE('',#11997,#11998);
#11997 = CARTESIAN_POINT('',(1.75,0.615,0.615));
#11998 = VECTOR('',#11999,1.);
#11999 = DIRECTION('',(-1.,-1.110223024625E-16,0.));
#12000 = ORIENTED_EDGE('',*,*,#10551,.F.);
#12001 = PLANE('',#12002);
#12002 = AXIS2_PLACEMENT_3D('',#12003,#12004,#12005);
#12003 = CARTESIAN_POINT('',(-3.758471954232E-17,1.4625,0.615));
#12004 = DIRECTION('',(-1.552101215968E-32,-4.853414201084E-28,-1.));
#12005 = DIRECTION('',(1.,1.184217143749E-16,-1.552101215974E-32));
#12006 = ADVANCED_FACE('',(#12007),#12093,.F.);
#12007 = FACE_BOUND('',#12008,.F.);
#12008 = EDGE_LOOP('',(#12009,#12010,#12011,#12020,#12028,#12037,#12045,
    #12053,#12061,#12070,#12078,#12087));
#12009 = ORIENTED_EDGE('',*,*,#9994,.F.);
#12010 = ORIENTED_EDGE('',*,*,#10016,.T.);
#12011 = ORIENTED_EDGE('',*,*,#12012,.T.);
#12012 = EDGE_CURVE('',#10017,#12013,#12015,.T.);
#12013 = VERTEX_POINT('',#12014);
#12014 = CARTESIAN_POINT('',(1.799240387651,0.615,0.393682408883));
#12015 = CIRCLE('',#12016,5.E-02);
#12016 = AXIS2_PLACEMENT_3D('',#12017,#12018,#12019);
#12017 = CARTESIAN_POINT('',(1.75,0.615,0.385));
#12018 = DIRECTION('',(-1.110223024625E-16,1.,0.));
#12019 = DIRECTION('',(-4.440892098501E-15,-4.930380657631E-31,1.));
#12020 = ORIENTED_EDGE('',*,*,#12021,.T.);
#12021 = EDGE_CURVE('',#12013,#12022,#12024,.T.);
#12022 = VERTEX_POINT('',#12023);
#12023 = CARTESIAN_POINT('',(1.830824898817,0.615,0.190060919137));
#12024 = LINE('',#12025,#12026);
#12025 = CARTESIAN_POINT('',(1.799240387651,0.615,0.393682408883));
#12026 = VECTOR('',#12027,1.);
#12027 = DIRECTION('',(0.153280808835,1.701758832023E-17,-0.988182672203
    ));
#12028 = ORIENTED_EDGE('',*,*,#12029,.T.);
#12029 = EDGE_CURVE('',#12022,#12030,#12032,.T.);
#12030 = VERTEX_POINT('',#12031);
#12031 = CARTESIAN_POINT('',(2.05733068201,0.615,8.326672684689E-17));
#12032 = CIRCLE('',#12033,0.23);
#12033 = AXIS2_PLACEMENT_3D('',#12034,#12035,#12036);
#12034 = CARTESIAN_POINT('',(2.05733068201,0.615,0.23));
#12035 = DIRECTION('',(1.110223024625E-16,-1.,0.));
#12036 = DIRECTION('',(-0.984807753012,-1.093356242223E-16,
    -0.173648177667));
#12037 = ORIENTED_EDGE('',*,*,#12038,.T.);
#12038 = EDGE_CURVE('',#12030,#12039,#12041,.T.);
#12039 = VERTEX_POINT('',#12040);
#12040 = CARTESIAN_POINT('',(2.45,0.615,8.326672684689E-17));
#12041 = LINE('',#12042,#12043);
#12042 = CARTESIAN_POINT('',(2.05733068201,0.615,8.326672684689E-17));
#12043 = VECTOR('',#12044,1.);
#12044 = DIRECTION('',(1.,1.110223024625E-16,0.));
#12045 = ORIENTED_EDGE('',*,*,#12046,.T.);
#12046 = EDGE_CURVE('',#12039,#12047,#12049,.T.);
#12047 = VERTEX_POINT('',#12048);
#12048 = CARTESIAN_POINT('',(2.45,0.615,0.18));
#12049 = LINE('',#12050,#12051);
#12050 = CARTESIAN_POINT('',(2.45,0.615,8.326672684689E-17));
#12051 = VECTOR('',#12052,1.);
#12052 = DIRECTION('',(0.,0.,1.));
#12053 = ORIENTED_EDGE('',*,*,#12054,.T.);
#12054 = EDGE_CURVE('',#12047,#12055,#12057,.T.);
#12055 = VERTEX_POINT('',#12056);
#12056 = CARTESIAN_POINT('',(2.05733068201,0.615,0.18));
#12057 = LINE('',#12058,#12059);
#12058 = CARTESIAN_POINT('',(2.45,0.615,0.18));
#12059 = VECTOR('',#12060,1.);
#12060 = DIRECTION('',(-1.,-1.110223024625E-16,0.));
#12061 = ORIENTED_EDGE('',*,*,#12062,.T.);
#12062 = EDGE_CURVE('',#12055,#12063,#12065,.T.);
#12063 = VERTEX_POINT('',#12064);
#12064 = CARTESIAN_POINT('',(2.008090294359,0.615,0.221317591117));
#12065 = CIRCLE('',#12066,5.E-02);
#12066 = AXIS2_PLACEMENT_3D('',#12067,#12068,#12069);
#12067 = CARTESIAN_POINT('',(2.05733068201,0.615,0.23));
#12068 = DIRECTION('',(-1.110223024625E-16,1.,0.));
#12069 = DIRECTION('',(0.,0.,-1.));
#12070 = ORIENTED_EDGE('',*,*,#12071,.T.);
#12071 = EDGE_CURVE('',#12063,#12072,#12074,.T.);
#12072 = VERTEX_POINT('',#12073);
#12073 = CARTESIAN_POINT('',(1.976505783193,0.615,0.424939080863));
#12074 = LINE('',#12075,#12076);
#12075 = CARTESIAN_POINT('',(2.008090294359,0.615,0.221317591117));
#12076 = VECTOR('',#12077,1.);
#12077 = DIRECTION('',(-0.153280808835,-1.701758832023E-17,
    0.988182672203));
#12078 = ORIENTED_EDGE('',*,*,#12079,.T.);
#12079 = EDGE_CURVE('',#12072,#12080,#12082,.T.);
#12080 = VERTEX_POINT('',#12081);
#12081 = CARTESIAN_POINT('',(1.75,0.615,0.615));
#12082 = CIRCLE('',#12083,0.23);
#12083 = AXIS2_PLACEMENT_3D('',#12084,#12085,#12086);
#12084 = CARTESIAN_POINT('',(1.75,0.615,0.385));
#12085 = DIRECTION('',(1.110223024625E-16,-1.,0.));
#12086 = DIRECTION('',(0.984807753012,1.093356242223E-16,0.173648177667)
  );
#12087 = ORIENTED_EDGE('',*,*,#12088,.T.);
#12088 = EDGE_CURVE('',#12080,#9995,#12089,.T.);
#12089 = LINE('',#12090,#12091);
#12090 = CARTESIAN_POINT('',(1.75,0.615,0.615));
#12091 = VECTOR('',#12092,1.);
#12092 = DIRECTION('',(-1.,-1.110223024625E-16,0.));
#12093 = PLANE('',#12094);
#12094 = AXIS2_PLACEMENT_3D('',#12095,#12096,#12097);
#12095 = CARTESIAN_POINT('',(1.90066971159,0.615,0.308518045934));
#12096 = DIRECTION('',(1.110223024625E-16,-1.,0.));
#12097 = DIRECTION('',(0.,0.,1.));
#12098 = ADVANCED_FACE('',(#12099),#12118,.F.);
#12099 = FACE_BOUND('',#12100,.F.);
#12100 = EDGE_LOOP('',(#12101,#12102,#12111,#12117));
#12101 = ORIENTED_EDGE('',*,*,#10033,.T.);
#12102 = ORIENTED_EDGE('',*,*,#12103,.T.);
#12103 = EDGE_CURVE('',#10026,#12104,#12106,.T.);
#12104 = VERTEX_POINT('',#12105);
#12105 = CARTESIAN_POINT('',(1.799240387651,0.385,0.393682408883));
#12106 = CIRCLE('',#12107,5.E-02);
#12107 = AXIS2_PLACEMENT_3D('',#12108,#12109,#12110);
#12108 = CARTESIAN_POINT('',(1.75,0.385,0.385));
#12109 = DIRECTION('',(-1.110223024625E-16,1.,0.));
#12110 = DIRECTION('',(-4.440892098501E-15,-4.930380657631E-31,1.));
#12111 = ORIENTED_EDGE('',*,*,#12112,.F.);
#12112 = EDGE_CURVE('',#12013,#12104,#12113,.T.);
#12113 = LINE('',#12114,#12115);
#12114 = CARTESIAN_POINT('',(1.799240387651,0.615,0.393682408883));
#12115 = VECTOR('',#12116,1.);
#12116 = DIRECTION('',(1.110223024625E-16,-1.,0.));
#12117 = ORIENTED_EDGE('',*,*,#12012,.F.);
#12118 = CYLINDRICAL_SURFACE('',#12119,5.E-02);
#12119 = AXIS2_PLACEMENT_3D('',#12120,#12121,#12122);
#12120 = CARTESIAN_POINT('',(1.75,0.615,0.385));
#12121 = DIRECTION('',(-1.110223024625E-16,1.,0.));
#12122 = DIRECTION('',(-4.440892098501E-15,-4.930380657631E-31,1.));
#12123 = ADVANCED_FACE('',(#12124),#12202,.T.);
#12124 = FACE_BOUND('',#12125,.T.);
#12125 = EDGE_LOOP('',(#12126,#12127,#12128,#12129,#12137,#12146,#12154,
    #12162,#12170,#12179,#12187,#12196));
#12126 = ORIENTED_EDGE('',*,*,#10047,.F.);
#12127 = ORIENTED_EDGE('',*,*,#10025,.T.);
#12128 = ORIENTED_EDGE('',*,*,#12103,.T.);
#12129 = ORIENTED_EDGE('',*,*,#12130,.T.);
#12130 = EDGE_CURVE('',#12104,#12131,#12133,.T.);
#12131 = VERTEX_POINT('',#12132);
#12132 = CARTESIAN_POINT('',(1.830824898817,0.385,0.190060919137));
#12133 = LINE('',#12134,#12135);
#12134 = CARTESIAN_POINT('',(1.799240387651,0.385,0.393682408883));
#12135 = VECTOR('',#12136,1.);
#12136 = DIRECTION('',(0.153280808835,1.701758832023E-17,-0.988182672203
    ));
#12137 = ORIENTED_EDGE('',*,*,#12138,.T.);
#12138 = EDGE_CURVE('',#12131,#12139,#12141,.T.);
#12139 = VERTEX_POINT('',#12140);
#12140 = CARTESIAN_POINT('',(2.05733068201,0.385,8.326672684689E-17));
#12141 = CIRCLE('',#12142,0.23);
#12142 = AXIS2_PLACEMENT_3D('',#12143,#12144,#12145);
#12143 = CARTESIAN_POINT('',(2.05733068201,0.385,0.23));
#12144 = DIRECTION('',(1.110223024625E-16,-1.,0.));
#12145 = DIRECTION('',(-0.984807753012,-1.093356242223E-16,
    -0.173648177667));
#12146 = ORIENTED_EDGE('',*,*,#12147,.T.);
#12147 = EDGE_CURVE('',#12139,#12148,#12150,.T.);
#12148 = VERTEX_POINT('',#12149);
#12149 = CARTESIAN_POINT('',(2.45,0.385,8.326672684689E-17));
#12150 = LINE('',#12151,#12152);
#12151 = CARTESIAN_POINT('',(2.05733068201,0.385,8.326672684689E-17));
#12152 = VECTOR('',#12153,1.);
#12153 = DIRECTION('',(1.,1.110223024625E-16,0.));
#12154 = ORIENTED_EDGE('',*,*,#12155,.T.);
#12155 = EDGE_CURVE('',#12148,#12156,#12158,.T.);
#12156 = VERTEX_POINT('',#12157);
#12157 = CARTESIAN_POINT('',(2.45,0.385,0.18));
#12158 = LINE('',#12159,#12160);
#12159 = CARTESIAN_POINT('',(2.45,0.385,8.326672684689E-17));
#12160 = VECTOR('',#12161,1.);
#12161 = DIRECTION('',(0.,0.,1.));
#12162 = ORIENTED_EDGE('',*,*,#12163,.T.);
#12163 = EDGE_CURVE('',#12156,#12164,#12166,.T.);
#12164 = VERTEX_POINT('',#12165);
#12165 = CARTESIAN_POINT('',(2.05733068201,0.385,0.18));
#12166 = LINE('',#12167,#12168);
#12167 = CARTESIAN_POINT('',(2.45,0.385,0.18));
#12168 = VECTOR('',#12169,1.);
#12169 = DIRECTION('',(-1.,-1.110223024625E-16,0.));
#12170 = ORIENTED_EDGE('',*,*,#12171,.T.);
#12171 = EDGE_CURVE('',#12164,#12172,#12174,.T.);
#12172 = VERTEX_POINT('',#12173);
#12173 = CARTESIAN_POINT('',(2.008090294359,0.385,0.221317591117));
#12174 = CIRCLE('',#12175,5.E-02);
#12175 = AXIS2_PLACEMENT_3D('',#12176,#12177,#12178);
#12176 = CARTESIAN_POINT('',(2.05733068201,0.385,0.23));
#12177 = DIRECTION('',(-1.110223024625E-16,1.,0.));
#12178 = DIRECTION('',(0.,0.,-1.));
#12179 = ORIENTED_EDGE('',*,*,#12180,.T.);
#12180 = EDGE_CURVE('',#12172,#12181,#12183,.T.);
#12181 = VERTEX_POINT('',#12182);
#12182 = CARTESIAN_POINT('',(1.976505783193,0.385,0.424939080863));
#12183 = LINE('',#12184,#12185);
#12184 = CARTESIAN_POINT('',(2.008090294359,0.385,0.221317591117));
#12185 = VECTOR('',#12186,1.);
#12186 = DIRECTION('',(-0.153280808835,-1.701758832023E-17,
    0.988182672203));
#12187 = ORIENTED_EDGE('',*,*,#12188,.T.);
#12188 = EDGE_CURVE('',#12181,#12189,#12191,.T.);
#12189 = VERTEX_POINT('',#12190);
#12190 = CARTESIAN_POINT('',(1.75,0.385,0.615));
#12191 = CIRCLE('',#12192,0.23);
#12192 = AXIS2_PLACEMENT_3D('',#12193,#12194,#12195);
#12193 = CARTESIAN_POINT('',(1.75,0.385,0.385));
#12194 = DIRECTION('',(1.110223024625E-16,-1.,0.));
#12195 = DIRECTION('',(0.984807753012,1.093356242223E-16,0.173648177667)
  );
#12196 = ORIENTED_EDGE('',*,*,#12197,.T.);
#12197 = EDGE_CURVE('',#12189,#10048,#12198,.T.);
#12198 = LINE('',#12199,#12200);
#12199 = CARTESIAN_POINT('',(1.75,0.385,0.615));
#12200 = VECTOR('',#12201,1.);
#12201 = DIRECTION('',(-1.,-1.110223024625E-16,0.));
#12202 = PLANE('',#12203);
#12203 = AXIS2_PLACEMENT_3D('',#12204,#12205,#12206);
#12204 = CARTESIAN_POINT('',(1.90066971159,0.385,0.308518045934));
#12205 = DIRECTION('',(1.110223024625E-16,-1.,0.));
#12206 = DIRECTION('',(0.,0.,1.));
#12207 = ADVANCED_FACE('',(#12208),#12224,.F.);
#12208 = FACE_BOUND('',#12209,.F.);
#12209 = EDGE_LOOP('',(#12210,#12216,#12217,#12223));
#12210 = ORIENTED_EDGE('',*,*,#12211,.F.);
#12211 = EDGE_CURVE('',#10048,#10560,#12212,.T.);
#12212 = LINE('',#12213,#12214);
#12213 = CARTESIAN_POINT('',(1.75,0.385,0.615));
#12214 = VECTOR('',#12215,1.);
#12215 = DIRECTION('',(-1.,-1.110223024625E-16,0.));
#12216 = ORIENTED_EDGE('',*,*,#10064,.T.);
#12217 = ORIENTED_EDGE('',*,*,#12218,.T.);
#12218 = EDGE_CURVE('',#10057,#10568,#12219,.T.);
#12219 = LINE('',#12220,#12221);
#12220 = CARTESIAN_POINT('',(1.75,0.115,0.615));
#12221 = VECTOR('',#12222,1.);
#12222 = DIRECTION('',(-1.,-1.110223024625E-16,0.));
#12223 = ORIENTED_EDGE('',*,*,#10567,.F.);
#12224 = PLANE('',#12225);
#12225 = AXIS2_PLACEMENT_3D('',#12226,#12227,#12228);
#12226 = CARTESIAN_POINT('',(-3.758471954232E-17,1.4625,0.615));
#12227 = DIRECTION('',(-1.552101215968E-32,-4.853414201084E-28,-1.));
#12228 = DIRECTION('',(1.,1.184217143749E-16,-1.552101215974E-32));
#12229 = ADVANCED_FACE('',(#12230),#12316,.F.);
#12230 = FACE_BOUND('',#12231,.F.);
#12231 = EDGE_LOOP('',(#12232,#12233,#12234,#12243,#12251,#12260,#12268,
    #12276,#12284,#12293,#12301,#12310));
#12232 = ORIENTED_EDGE('',*,*,#10056,.F.);
#12233 = ORIENTED_EDGE('',*,*,#10078,.T.);
#12234 = ORIENTED_EDGE('',*,*,#12235,.T.);
#12235 = EDGE_CURVE('',#10079,#12236,#12238,.T.);
#12236 = VERTEX_POINT('',#12237);
#12237 = CARTESIAN_POINT('',(1.799240387651,0.115,0.393682408883));
#12238 = CIRCLE('',#12239,5.E-02);
#12239 = AXIS2_PLACEMENT_3D('',#12240,#12241,#12242);
#12240 = CARTESIAN_POINT('',(1.75,0.115,0.385));
#12241 = DIRECTION('',(-1.110223024625E-16,1.,0.));
#12242 = DIRECTION('',(-4.440892098501E-15,-4.930380657631E-31,1.));
#12243 = ORIENTED_EDGE('',*,*,#12244,.T.);
#12244 = EDGE_CURVE('',#12236,#12245,#12247,.T.);
#12245 = VERTEX_POINT('',#12246);
#12246 = CARTESIAN_POINT('',(1.830824898817,0.115,0.190060919137));
#12247 = LINE('',#12248,#12249);
#12248 = CARTESIAN_POINT('',(1.799240387651,0.115,0.393682408883));
#12249 = VECTOR('',#12250,1.);
#12250 = DIRECTION('',(0.153280808835,1.701758832023E-17,-0.988182672203
    ));
#12251 = ORIENTED_EDGE('',*,*,#12252,.T.);
#12252 = EDGE_CURVE('',#12245,#12253,#12255,.T.);
#12253 = VERTEX_POINT('',#12254);
#12254 = CARTESIAN_POINT('',(2.05733068201,0.115,8.326672684689E-17));
#12255 = CIRCLE('',#12256,0.23);
#12256 = AXIS2_PLACEMENT_3D('',#12257,#12258,#12259);
#12257 = CARTESIAN_POINT('',(2.05733068201,0.115,0.23));
#12258 = DIRECTION('',(1.110223024625E-16,-1.,0.));
#12259 = DIRECTION('',(-0.984807753012,-1.093356242223E-16,
    -0.173648177667));
#12260 = ORIENTED_EDGE('',*,*,#12261,.T.);
#12261 = EDGE_CURVE('',#12253,#12262,#12264,.T.);
#12262 = VERTEX_POINT('',#12263);
#12263 = CARTESIAN_POINT('',(2.45,0.115,8.326672684689E-17));
#12264 = LINE('',#12265,#12266);
#12265 = CARTESIAN_POINT('',(2.05733068201,0.115,8.326672684689E-17));
#12266 = VECTOR('',#12267,1.);
#12267 = DIRECTION('',(1.,1.110223024625E-16,0.));
#12268 = ORIENTED_EDGE('',*,*,#12269,.T.);
#12269 = EDGE_CURVE('',#12262,#12270,#12272,.T.);
#12270 = VERTEX_POINT('',#12271);
#12271 = CARTESIAN_POINT('',(2.45,0.115,0.18));
#12272 = LINE('',#12273,#12274);
#12273 = CARTESIAN_POINT('',(2.45,0.115,8.326672684689E-17));
#12274 = VECTOR('',#12275,1.);
#12275 = DIRECTION('',(0.,0.,1.));
#12276 = ORIENTED_EDGE('',*,*,#12277,.T.);
#12277 = EDGE_CURVE('',#12270,#12278,#12280,.T.);
#12278 = VERTEX_POINT('',#12279);
#12279 = CARTESIAN_POINT('',(2.05733068201,0.115,0.18));
#12280 = LINE('',#12281,#12282);
#12281 = CARTESIAN_POINT('',(2.45,0.115,0.18));
#12282 = VECTOR('',#12283,1.);
#12283 = DIRECTION('',(-1.,-1.110223024625E-16,0.));
#12284 = ORIENTED_EDGE('',*,*,#12285,.T.);
#12285 = EDGE_CURVE('',#12278,#12286,#12288,.T.);
#12286 = VERTEX_POINT('',#12287);
#12287 = CARTESIAN_POINT('',(2.008090294359,0.115,0.221317591117));
#12288 = CIRCLE('',#12289,5.E-02);
#12289 = AXIS2_PLACEMENT_3D('',#12290,#12291,#12292);
#12290 = CARTESIAN_POINT('',(2.05733068201,0.115,0.23));
#12291 = DIRECTION('',(-1.110223024625E-16,1.,0.));
#12292 = DIRECTION('',(0.,0.,-1.));
#12293 = ORIENTED_EDGE('',*,*,#12294,.T.);
#12294 = EDGE_CURVE('',#12286,#12295,#12297,.T.);
#12295 = VERTEX_POINT('',#12296);
#12296 = CARTESIAN_POINT('',(1.976505783193,0.115,0.424939080863));
#12297 = LINE('',#12298,#12299);
#12298 = CARTESIAN_POINT('',(2.008090294359,0.115,0.221317591117));
#12299 = VECTOR('',#12300,1.);
#12300 = DIRECTION('',(-0.153280808835,-1.701758832023E-17,
    0.988182672203));
#12301 = ORIENTED_EDGE('',*,*,#12302,.T.);
#12302 = EDGE_CURVE('',#12295,#12303,#12305,.T.);
#12303 = VERTEX_POINT('',#12304);
#12304 = CARTESIAN_POINT('',(1.75,0.115,0.615));
#12305 = CIRCLE('',#12306,0.23);
#12306 = AXIS2_PLACEMENT_3D('',#12307,#12308,#12309);
#12307 = CARTESIAN_POINT('',(1.75,0.115,0.385));
#12308 = DIRECTION('',(1.110223024625E-16,-1.,0.));
#12309 = DIRECTION('',(0.984807753012,1.093356242223E-16,0.173648177667)
  );
#12310 = ORIENTED_EDGE('',*,*,#12311,.T.);
#12311 = EDGE_CURVE('',#12303,#10057,#12312,.T.);
#12312 = LINE('',#12313,#12314);
#12313 = CARTESIAN_POINT('',(1.75,0.115,0.615));
#12314 = VECTOR('',#12315,1.);
#12315 = DIRECTION('',(-1.,-1.110223024625E-16,0.));
#12316 = PLANE('',#12317);
#12317 = AXIS2_PLACEMENT_3D('',#12318,#12319,#12320);
#12318 = CARTESIAN_POINT('',(1.90066971159,0.115,0.308518045934));
#12319 = DIRECTION('',(1.110223024625E-16,-1.,0.));
#12320 = DIRECTION('',(0.,0.,1.));
#12321 = ADVANCED_FACE('',(#12322),#12341,.F.);
#12322 = FACE_BOUND('',#12323,.F.);
#12323 = EDGE_LOOP('',(#12324,#12325,#12334,#12340));
#12324 = ORIENTED_EDGE('',*,*,#10095,.T.);
#12325 = ORIENTED_EDGE('',*,*,#12326,.T.);
#12326 = EDGE_CURVE('',#10088,#12327,#12329,.T.);
#12327 = VERTEX_POINT('',#12328);
#12328 = CARTESIAN_POINT('',(1.799240387651,-0.115,0.393682408883));
#12329 = CIRCLE('',#12330,5.E-02);
#12330 = AXIS2_PLACEMENT_3D('',#12331,#12332,#12333);
#12331 = CARTESIAN_POINT('',(1.75,-0.115,0.385));
#12332 = DIRECTION('',(-1.110223024625E-16,1.,0.));
#12333 = DIRECTION('',(-4.440892098501E-15,-4.930380657631E-31,1.));
#12334 = ORIENTED_EDGE('',*,*,#12335,.F.);
#12335 = EDGE_CURVE('',#12236,#12327,#12336,.T.);
#12336 = LINE('',#12337,#12338);
#12337 = CARTESIAN_POINT('',(1.799240387651,0.115,0.393682408883));
#12338 = VECTOR('',#12339,1.);
#12339 = DIRECTION('',(1.110223024625E-16,-1.,0.));
#12340 = ORIENTED_EDGE('',*,*,#12235,.F.);
#12341 = CYLINDRICAL_SURFACE('',#12342,5.E-02);
#12342 = AXIS2_PLACEMENT_3D('',#12343,#12344,#12345);
#12343 = CARTESIAN_POINT('',(1.75,0.115,0.385));
#12344 = DIRECTION('',(-1.110223024625E-16,1.,0.));
#12345 = DIRECTION('',(-4.440892098501E-15,-4.930380657631E-31,1.));
#12346 = ADVANCED_FACE('',(#12347),#12425,.T.);
#12347 = FACE_BOUND('',#12348,.T.);
#12348 = EDGE_LOOP('',(#12349,#12350,#12351,#12352,#12360,#12369,#12377,
    #12385,#12393,#12402,#12410,#12419));
#12349 = ORIENTED_EDGE('',*,*,#10109,.F.);
#12350 = ORIENTED_EDGE('',*,*,#10087,.T.);
#12351 = ORIENTED_EDGE('',*,*,#12326,.T.);
#12352 = ORIENTED_EDGE('',*,*,#12353,.T.);
#12353 = EDGE_CURVE('',#12327,#12354,#12356,.T.);
#12354 = VERTEX_POINT('',#12355);
#12355 = CARTESIAN_POINT('',(1.830824898817,-0.115,0.190060919137));
#12356 = LINE('',#12357,#12358);
#12357 = CARTESIAN_POINT('',(1.799240387651,-0.115,0.393682408883));
#12358 = VECTOR('',#12359,1.);
#12359 = DIRECTION('',(0.153280808835,1.701758832023E-17,-0.988182672203
    ));
#12360 = ORIENTED_EDGE('',*,*,#12361,.T.);
#12361 = EDGE_CURVE('',#12354,#12362,#12364,.T.);
#12362 = VERTEX_POINT('',#12363);
#12363 = CARTESIAN_POINT('',(2.05733068201,-0.115,8.326672684689E-17));
#12364 = CIRCLE('',#12365,0.23);
#12365 = AXIS2_PLACEMENT_3D('',#12366,#12367,#12368);
#12366 = CARTESIAN_POINT('',(2.05733068201,-0.115,0.23));
#12367 = DIRECTION('',(1.110223024625E-16,-1.,0.));
#12368 = DIRECTION('',(-0.984807753012,-1.093356242223E-16,
    -0.173648177667));
#12369 = ORIENTED_EDGE('',*,*,#12370,.T.);
#12370 = EDGE_CURVE('',#12362,#12371,#12373,.T.);
#12371 = VERTEX_POINT('',#12372);
#12372 = CARTESIAN_POINT('',(2.45,-0.115,8.326672684689E-17));
#12373 = LINE('',#12374,#12375);
#12374 = CARTESIAN_POINT('',(2.05733068201,-0.115,8.326672684689E-17));
#12375 = VECTOR('',#12376,1.);
#12376 = DIRECTION('',(1.,1.110223024625E-16,0.));
#12377 = ORIENTED_EDGE('',*,*,#12378,.T.);
#12378 = EDGE_CURVE('',#12371,#12379,#12381,.T.);
#12379 = VERTEX_POINT('',#12380);
#12380 = CARTESIAN_POINT('',(2.45,-0.115,0.18));
#12381 = LINE('',#12382,#12383);
#12382 = CARTESIAN_POINT('',(2.45,-0.115,8.326672684689E-17));
#12383 = VECTOR('',#12384,1.);
#12384 = DIRECTION('',(0.,0.,1.));
#12385 = ORIENTED_EDGE('',*,*,#12386,.T.);
#12386 = EDGE_CURVE('',#12379,#12387,#12389,.T.);
#12387 = VERTEX_POINT('',#12388);
#12388 = CARTESIAN_POINT('',(2.05733068201,-0.115,0.18));
#12389 = LINE('',#12390,#12391);
#12390 = CARTESIAN_POINT('',(2.45,-0.115,0.18));
#12391 = VECTOR('',#12392,1.);
#12392 = DIRECTION('',(-1.,-1.110223024625E-16,0.));
#12393 = ORIENTED_EDGE('',*,*,#12394,.T.);
#12394 = EDGE_CURVE('',#12387,#12395,#12397,.T.);
#12395 = VERTEX_POINT('',#12396);
#12396 = CARTESIAN_POINT('',(2.008090294359,-0.115,0.221317591117));
#12397 = CIRCLE('',#12398,5.E-02);
#12398 = AXIS2_PLACEMENT_3D('',#12399,#12400,#12401);
#12399 = CARTESIAN_POINT('',(2.05733068201,-0.115,0.23));
#12400 = DIRECTION('',(-1.110223024625E-16,1.,0.));
#12401 = DIRECTION('',(0.,0.,-1.));
#12402 = ORIENTED_EDGE('',*,*,#12403,.T.);
#12403 = EDGE_CURVE('',#12395,#12404,#12406,.T.);
#12404 = VERTEX_POINT('',#12405);
#12405 = CARTESIAN_POINT('',(1.976505783193,-0.115,0.424939080863));
#12406 = LINE('',#12407,#12408);
#12407 = CARTESIAN_POINT('',(2.008090294359,-0.115,0.221317591117));
#12408 = VECTOR('',#12409,1.);
#12409 = DIRECTION('',(-0.153280808835,-1.701758832023E-17,
    0.988182672203));
#12410 = ORIENTED_EDGE('',*,*,#12411,.T.);
#12411 = EDGE_CURVE('',#12404,#12412,#12414,.T.);
#12412 = VERTEX_POINT('',#12413);
#12413 = CARTESIAN_POINT('',(1.75,-0.115,0.615));
#12414 = CIRCLE('',#12415,0.23);
#12415 = AXIS2_PLACEMENT_3D('',#12416,#12417,#12418);
#12416 = CARTESIAN_POINT('',(1.75,-0.115,0.385));
#12417 = DIRECTION('',(1.110223024625E-16,-1.,0.));
#12418 = DIRECTION('',(0.984807753012,1.093356242223E-16,0.173648177667)
  );
#12419 = ORIENTED_EDGE('',*,*,#12420,.T.);
#12420 = EDGE_CURVE('',#12412,#10110,#12421,.T.);
#12421 = LINE('',#12422,#12423);
#12422 = CARTESIAN_POINT('',(1.75,-0.115,0.615));
#12423 = VECTOR('',#12424,1.);
#12424 = DIRECTION('',(-1.,-1.110223024625E-16,0.));
#12425 = PLANE('',#12426);
#12426 = AXIS2_PLACEMENT_3D('',#12427,#12428,#12429);
#12427 = CARTESIAN_POINT('',(1.90066971159,-0.115,0.308518045934));
#12428 = DIRECTION('',(1.110223024625E-16,-1.,0.));
#12429 = DIRECTION('',(0.,0.,1.));
#12430 = ADVANCED_FACE('',(#12431),#12447,.F.);
#12431 = FACE_BOUND('',#12432,.F.);
#12432 = EDGE_LOOP('',(#12433,#12439,#12440,#12446));
#12433 = ORIENTED_EDGE('',*,*,#12434,.F.);
#12434 = EDGE_CURVE('',#10110,#10576,#12435,.T.);
#12435 = LINE('',#12436,#12437);
#12436 = CARTESIAN_POINT('',(1.75,-0.115,0.615));
#12437 = VECTOR('',#12438,1.);
#12438 = DIRECTION('',(-1.,-1.110223024625E-16,0.));
#12439 = ORIENTED_EDGE('',*,*,#10126,.T.);
#12440 = ORIENTED_EDGE('',*,*,#12441,.T.);
#12441 = EDGE_CURVE('',#10119,#10584,#12442,.T.);
#12442 = LINE('',#12443,#12444);
#12443 = CARTESIAN_POINT('',(1.75,-0.385,0.615));
#12444 = VECTOR('',#12445,1.);
#12445 = DIRECTION('',(-1.,-1.110223024625E-16,0.));
#12446 = ORIENTED_EDGE('',*,*,#10583,.F.);
#12447 = PLANE('',#12448);
#12448 = AXIS2_PLACEMENT_3D('',#12449,#12450,#12451);
#12449 = CARTESIAN_POINT('',(-3.758471954232E-17,1.4625,0.615));
#12450 = DIRECTION('',(-1.552101215968E-32,-4.853414201084E-28,-1.));
#12451 = DIRECTION('',(1.,1.184217143749E-16,-1.552101215974E-32));
#12452 = ADVANCED_FACE('',(#12453),#12539,.F.);
#12453 = FACE_BOUND('',#12454,.F.);
#12454 = EDGE_LOOP('',(#12455,#12456,#12457,#12466,#12474,#12483,#12491,
    #12499,#12507,#12516,#12524,#12533));
#12455 = ORIENTED_EDGE('',*,*,#10118,.F.);
#12456 = ORIENTED_EDGE('',*,*,#10140,.T.);
#12457 = ORIENTED_EDGE('',*,*,#12458,.T.);
#12458 = EDGE_CURVE('',#10141,#12459,#12461,.T.);
#12459 = VERTEX_POINT('',#12460);
#12460 = CARTESIAN_POINT('',(1.799240387651,-0.385,0.393682408883));
#12461 = CIRCLE('',#12462,5.E-02);
#12462 = AXIS2_PLACEMENT_3D('',#12463,#12464,#12465);
#12463 = CARTESIAN_POINT('',(1.75,-0.385,0.385));
#12464 = DIRECTION('',(-1.110223024625E-16,1.,0.));
#12465 = DIRECTION('',(-4.440892098501E-15,-4.930380657631E-31,1.));
#12466 = ORIENTED_EDGE('',*,*,#12467,.T.);
#12467 = EDGE_CURVE('',#12459,#12468,#12470,.T.);
#12468 = VERTEX_POINT('',#12469);
#12469 = CARTESIAN_POINT('',(1.830824898817,-0.385,0.190060919137));
#12470 = LINE('',#12471,#12472);
#12471 = CARTESIAN_POINT('',(1.799240387651,-0.385,0.393682408883));
#12472 = VECTOR('',#12473,1.);
#12473 = DIRECTION('',(0.153280808835,1.701758832023E-17,-0.988182672203
    ));
#12474 = ORIENTED_EDGE('',*,*,#12475,.T.);
#12475 = EDGE_CURVE('',#12468,#12476,#12478,.T.);
#12476 = VERTEX_POINT('',#12477);
#12477 = CARTESIAN_POINT('',(2.05733068201,-0.385,8.326672684689E-17));
#12478 = CIRCLE('',#12479,0.23);
#12479 = AXIS2_PLACEMENT_3D('',#12480,#12481,#12482);
#12480 = CARTESIAN_POINT('',(2.05733068201,-0.385,0.23));
#12481 = DIRECTION('',(1.110223024625E-16,-1.,0.));
#12482 = DIRECTION('',(-0.984807753012,-1.093356242223E-16,
    -0.173648177667));
#12483 = ORIENTED_EDGE('',*,*,#12484,.T.);
#12484 = EDGE_CURVE('',#12476,#12485,#12487,.T.);
#12485 = VERTEX_POINT('',#12486);
#12486 = CARTESIAN_POINT('',(2.45,-0.385,8.326672684689E-17));
#12487 = LINE('',#12488,#12489);
#12488 = CARTESIAN_POINT('',(2.05733068201,-0.385,8.326672684689E-17));
#12489 = VECTOR('',#12490,1.);
#12490 = DIRECTION('',(1.,1.110223024625E-16,0.));
#12491 = ORIENTED_EDGE('',*,*,#12492,.T.);
#12492 = EDGE_CURVE('',#12485,#12493,#12495,.T.);
#12493 = VERTEX_POINT('',#12494);
#12494 = CARTESIAN_POINT('',(2.45,-0.385,0.18));
#12495 = LINE('',#12496,#12497);
#12496 = CARTESIAN_POINT('',(2.45,-0.385,8.326672684689E-17));
#12497 = VECTOR('',#12498,1.);
#12498 = DIRECTION('',(0.,0.,1.));
#12499 = ORIENTED_EDGE('',*,*,#12500,.T.);
#12500 = EDGE_CURVE('',#12493,#12501,#12503,.T.);
#12501 = VERTEX_POINT('',#12502);
#12502 = CARTESIAN_POINT('',(2.05733068201,-0.385,0.18));
#12503 = LINE('',#12504,#12505);
#12504 = CARTESIAN_POINT('',(2.45,-0.385,0.18));
#12505 = VECTOR('',#12506,1.);
#12506 = DIRECTION('',(-1.,-1.110223024625E-16,0.));
#12507 = ORIENTED_EDGE('',*,*,#12508,.T.);
#12508 = EDGE_CURVE('',#12501,#12509,#12511,.T.);
#12509 = VERTEX_POINT('',#12510);
#12510 = CARTESIAN_POINT('',(2.008090294359,-0.385,0.221317591117));
#12511 = CIRCLE('',#12512,5.E-02);
#12512 = AXIS2_PLACEMENT_3D('',#12513,#12514,#12515);
#12513 = CARTESIAN_POINT('',(2.05733068201,-0.385,0.23));
#12514 = DIRECTION('',(-1.110223024625E-16,1.,0.));
#12515 = DIRECTION('',(0.,0.,-1.));
#12516 = ORIENTED_EDGE('',*,*,#12517,.T.);
#12517 = EDGE_CURVE('',#12509,#12518,#12520,.T.);
#12518 = VERTEX_POINT('',#12519);
#12519 = CARTESIAN_POINT('',(1.976505783193,-0.385,0.424939080863));
#12520 = LINE('',#12521,#12522);
#12521 = CARTESIAN_POINT('',(2.008090294359,-0.385,0.221317591117));
#12522 = VECTOR('',#12523,1.);
#12523 = DIRECTION('',(-0.153280808835,-1.701758832023E-17,
    0.988182672203));
#12524 = ORIENTED_EDGE('',*,*,#12525,.T.);
#12525 = EDGE_CURVE('',#12518,#12526,#12528,.T.);
#12526 = VERTEX_POINT('',#12527);
#12527 = CARTESIAN_POINT('',(1.75,-0.385,0.615));
#12528 = CIRCLE('',#12529,0.23);
#12529 = AXIS2_PLACEMENT_3D('',#12530,#12531,#12532);
#12530 = CARTESIAN_POINT('',(1.75,-0.385,0.385));
#12531 = DIRECTION('',(1.110223024625E-16,-1.,0.));
#12532 = DIRECTION('',(0.984807753012,1.093356242223E-16,0.173648177667)
  );
#12533 = ORIENTED_EDGE('',*,*,#12534,.T.);
#12534 = EDGE_CURVE('',#12526,#10119,#12535,.T.);
#12535 = LINE('',#12536,#12537);
#12536 = CARTESIAN_POINT('',(1.75,-0.385,0.615));
#12537 = VECTOR('',#12538,1.);
#12538 = DIRECTION('',(-1.,-1.110223024625E-16,0.));
#12539 = PLANE('',#12540);
#12540 = AXIS2_PLACEMENT_3D('',#12541,#12542,#12543);
#12541 = CARTESIAN_POINT('',(1.90066971159,-0.385,0.308518045934));
#12542 = DIRECTION('',(1.110223024625E-16,-1.,0.));
#12543 = DIRECTION('',(0.,0.,1.));
#12544 = ADVANCED_FACE('',(#12545),#12564,.F.);
#12545 = FACE_BOUND('',#12546,.F.);
#12546 = EDGE_LOOP('',(#12547,#12548,#12557,#12563));
#12547 = ORIENTED_EDGE('',*,*,#10157,.T.);
#12548 = ORIENTED_EDGE('',*,*,#12549,.T.);
#12549 = EDGE_CURVE('',#10150,#12550,#12552,.T.);
#12550 = VERTEX_POINT('',#12551);
#12551 = CARTESIAN_POINT('',(1.799240387651,-0.615,0.393682408883));
#12552 = CIRCLE('',#12553,5.E-02);
#12553 = AXIS2_PLACEMENT_3D('',#12554,#12555,#12556);
#12554 = CARTESIAN_POINT('',(1.75,-0.615,0.385));
#12555 = DIRECTION('',(-1.110223024625E-16,1.,0.));
#12556 = DIRECTION('',(-4.440892098501E-15,-4.930380657631E-31,1.));
#12557 = ORIENTED_EDGE('',*,*,#12558,.F.);
#12558 = EDGE_CURVE('',#12459,#12550,#12559,.T.);
#12559 = LINE('',#12560,#12561);
#12560 = CARTESIAN_POINT('',(1.799240387651,-0.385,0.393682408883));
#12561 = VECTOR('',#12562,1.);
#12562 = DIRECTION('',(1.110223024625E-16,-1.,0.));
#12563 = ORIENTED_EDGE('',*,*,#12458,.F.);
#12564 = CYLINDRICAL_SURFACE('',#12565,5.E-02);
#12565 = AXIS2_PLACEMENT_3D('',#12566,#12567,#12568);
#12566 = CARTESIAN_POINT('',(1.75,-0.385,0.385));
#12567 = DIRECTION('',(-1.110223024625E-16,1.,0.));
#12568 = DIRECTION('',(-4.440892098501E-15,-4.930380657631E-31,1.));
#12569 = ADVANCED_FACE('',(#12570),#12648,.T.);
#12570 = FACE_BOUND('',#12571,.T.);
#12571 = EDGE_LOOP('',(#12572,#12573,#12574,#12575,#12583,#12592,#12600,
    #12608,#12616,#12625,#12633,#12642));
#12572 = ORIENTED_EDGE('',*,*,#10171,.F.);
#12573 = ORIENTED_EDGE('',*,*,#10149,.T.);
#12574 = ORIENTED_EDGE('',*,*,#12549,.T.);
#12575 = ORIENTED_EDGE('',*,*,#12576,.T.);
#12576 = EDGE_CURVE('',#12550,#12577,#12579,.T.);
#12577 = VERTEX_POINT('',#12578);
#12578 = CARTESIAN_POINT('',(1.830824898817,-0.615,0.190060919137));
#12579 = LINE('',#12580,#12581);
#12580 = CARTESIAN_POINT('',(1.799240387651,-0.615,0.393682408883));
#12581 = VECTOR('',#12582,1.);
#12582 = DIRECTION('',(0.153280808835,1.701758832023E-17,-0.988182672203
    ));
#12583 = ORIENTED_EDGE('',*,*,#12584,.T.);
#12584 = EDGE_CURVE('',#12577,#12585,#12587,.T.);
#12585 = VERTEX_POINT('',#12586);
#12586 = CARTESIAN_POINT('',(2.05733068201,-0.615,8.326672684689E-17));
#12587 = CIRCLE('',#12588,0.23);
#12588 = AXIS2_PLACEMENT_3D('',#12589,#12590,#12591);
#12589 = CARTESIAN_POINT('',(2.05733068201,-0.615,0.23));
#12590 = DIRECTION('',(1.110223024625E-16,-1.,0.));
#12591 = DIRECTION('',(-0.984807753012,-1.093356242223E-16,
    -0.173648177667));
#12592 = ORIENTED_EDGE('',*,*,#12593,.T.);
#12593 = EDGE_CURVE('',#12585,#12594,#12596,.T.);
#12594 = VERTEX_POINT('',#12595);
#12595 = CARTESIAN_POINT('',(2.45,-0.615,8.326672684689E-17));
#12596 = LINE('',#12597,#12598);
#12597 = CARTESIAN_POINT('',(2.05733068201,-0.615,8.326672684689E-17));
#12598 = VECTOR('',#12599,1.);
#12599 = DIRECTION('',(1.,1.110223024625E-16,0.));
#12600 = ORIENTED_EDGE('',*,*,#12601,.T.);
#12601 = EDGE_CURVE('',#12594,#12602,#12604,.T.);
#12602 = VERTEX_POINT('',#12603);
#12603 = CARTESIAN_POINT('',(2.45,-0.615,0.18));
#12604 = LINE('',#12605,#12606);
#12605 = CARTESIAN_POINT('',(2.45,-0.615,8.326672684689E-17));
#12606 = VECTOR('',#12607,1.);
#12607 = DIRECTION('',(0.,0.,1.));
#12608 = ORIENTED_EDGE('',*,*,#12609,.T.);
#12609 = EDGE_CURVE('',#12602,#12610,#12612,.T.);
#12610 = VERTEX_POINT('',#12611);
#12611 = CARTESIAN_POINT('',(2.05733068201,-0.615,0.18));
#12612 = LINE('',#12613,#12614);
#12613 = CARTESIAN_POINT('',(2.45,-0.615,0.18));
#12614 = VECTOR('',#12615,1.);
#12615 = DIRECTION('',(-1.,-1.110223024625E-16,0.));
#12616 = ORIENTED_EDGE('',*,*,#12617,.T.);
#12617 = EDGE_CURVE('',#12610,#12618,#12620,.T.);
#12618 = VERTEX_POINT('',#12619);
#12619 = CARTESIAN_POINT('',(2.008090294359,-0.615,0.221317591117));
#12620 = CIRCLE('',#12621,5.E-02);
#12621 = AXIS2_PLACEMENT_3D('',#12622,#12623,#12624);
#12622 = CARTESIAN_POINT('',(2.05733068201,-0.615,0.23));
#12623 = DIRECTION('',(-1.110223024625E-16,1.,0.));
#12624 = DIRECTION('',(0.,0.,-1.));
#12625 = ORIENTED_EDGE('',*,*,#12626,.T.);
#12626 = EDGE_CURVE('',#12618,#12627,#12629,.T.);
#12627 = VERTEX_POINT('',#12628);
#12628 = CARTESIAN_POINT('',(1.976505783193,-0.615,0.424939080863));
#12629 = LINE('',#12630,#12631);
#12630 = CARTESIAN_POINT('',(2.008090294359,-0.615,0.221317591117));
#12631 = VECTOR('',#12632,1.);
#12632 = DIRECTION('',(-0.153280808835,-1.701758832023E-17,
    0.988182672203));
#12633 = ORIENTED_EDGE('',*,*,#12634,.T.);
#12634 = EDGE_CURVE('',#12627,#12635,#12637,.T.);
#12635 = VERTEX_POINT('',#12636);
#12636 = CARTESIAN_POINT('',(1.75,-0.615,0.615));
#12637 = CIRCLE('',#12638,0.23);
#12638 = AXIS2_PLACEMENT_3D('',#12639,#12640,#12641);
#12639 = CARTESIAN_POINT('',(1.75,-0.615,0.385));
#12640 = DIRECTION('',(1.110223024625E-16,-1.,0.));
#12641 = DIRECTION('',(0.984807753012,1.093356242223E-16,0.173648177667)
  );
#12642 = ORIENTED_EDGE('',*,*,#12643,.T.);
#12643 = EDGE_CURVE('',#12635,#10172,#12644,.T.);
#12644 = LINE('',#12645,#12646);
#12645 = CARTESIAN_POINT('',(1.75,-0.615,0.615));
#12646 = VECTOR('',#12647,1.);
#12647 = DIRECTION('',(-1.,-1.110223024625E-16,0.));
#12648 = PLANE('',#12649);
#12649 = AXIS2_PLACEMENT_3D('',#12650,#12651,#12652);
#12650 = CARTESIAN_POINT('',(1.90066971159,-0.615,0.308518045934));
#12651 = DIRECTION('',(1.110223024625E-16,-1.,0.));
#12652 = DIRECTION('',(0.,0.,1.));
#12653 = ADVANCED_FACE('',(#12654),#12670,.F.);
#12654 = FACE_BOUND('',#12655,.F.);
#12655 = EDGE_LOOP('',(#12656,#12662,#12663,#12669));
#12656 = ORIENTED_EDGE('',*,*,#12657,.F.);
#12657 = EDGE_CURVE('',#10172,#10592,#12658,.T.);
#12658 = LINE('',#12659,#12660);
#12659 = CARTESIAN_POINT('',(1.75,-0.615,0.615));
#12660 = VECTOR('',#12661,1.);
#12661 = DIRECTION('',(-1.,-1.110223024625E-16,0.));
#12662 = ORIENTED_EDGE('',*,*,#10188,.T.);
#12663 = ORIENTED_EDGE('',*,*,#12664,.T.);
#12664 = EDGE_CURVE('',#10181,#10600,#12665,.T.);
#12665 = LINE('',#12666,#12667);
#12666 = CARTESIAN_POINT('',(1.75,-0.885,0.615));
#12667 = VECTOR('',#12668,1.);
#12668 = DIRECTION('',(-1.,-1.110223024625E-16,0.));
#12669 = ORIENTED_EDGE('',*,*,#10599,.F.);
#12670 = PLANE('',#12671);
#12671 = AXIS2_PLACEMENT_3D('',#12672,#12673,#12674);
#12672 = CARTESIAN_POINT('',(-3.758471954232E-17,1.4625,0.615));
#12673 = DIRECTION('',(-1.552101215968E-32,-4.853414201084E-28,-1.));
#12674 = DIRECTION('',(1.,1.184217143749E-16,-1.552101215974E-32));
#12675 = ADVANCED_FACE('',(#12676),#12762,.F.);
#12676 = FACE_BOUND('',#12677,.F.);
#12677 = EDGE_LOOP('',(#12678,#12679,#12680,#12689,#12697,#12706,#12714,
    #12722,#12730,#12739,#12747,#12756));
#12678 = ORIENTED_EDGE('',*,*,#10180,.F.);
#12679 = ORIENTED_EDGE('',*,*,#10202,.T.);
#12680 = ORIENTED_EDGE('',*,*,#12681,.T.);
#12681 = EDGE_CURVE('',#10203,#12682,#12684,.T.);
#12682 = VERTEX_POINT('',#12683);
#12683 = CARTESIAN_POINT('',(1.799240387651,-0.885,0.393682408883));
#12684 = CIRCLE('',#12685,5.E-02);
#12685 = AXIS2_PLACEMENT_3D('',#12686,#12687,#12688);
#12686 = CARTESIAN_POINT('',(1.75,-0.885,0.385));
#12687 = DIRECTION('',(-1.110223024625E-16,1.,0.));
#12688 = DIRECTION('',(-4.440892098501E-15,-4.930380657631E-31,1.));
#12689 = ORIENTED_EDGE('',*,*,#12690,.T.);
#12690 = EDGE_CURVE('',#12682,#12691,#12693,.T.);
#12691 = VERTEX_POINT('',#12692);
#12692 = CARTESIAN_POINT('',(1.830824898817,-0.885,0.190060919137));
#12693 = LINE('',#12694,#12695);
#12694 = CARTESIAN_POINT('',(1.799240387651,-0.885,0.393682408883));
#12695 = VECTOR('',#12696,1.);
#12696 = DIRECTION('',(0.153280808835,1.701758832023E-17,-0.988182672203
    ));
#12697 = ORIENTED_EDGE('',*,*,#12698,.T.);
#12698 = EDGE_CURVE('',#12691,#12699,#12701,.T.);
#12699 = VERTEX_POINT('',#12700);
#12700 = CARTESIAN_POINT('',(2.05733068201,-0.885,8.326672684689E-17));
#12701 = CIRCLE('',#12702,0.23);
#12702 = AXIS2_PLACEMENT_3D('',#12703,#12704,#12705);
#12703 = CARTESIAN_POINT('',(2.05733068201,-0.885,0.23));
#12704 = DIRECTION('',(1.110223024625E-16,-1.,0.));
#12705 = DIRECTION('',(-0.984807753012,-1.093356242223E-16,
    -0.173648177667));
#12706 = ORIENTED_EDGE('',*,*,#12707,.T.);
#12707 = EDGE_CURVE('',#12699,#12708,#12710,.T.);
#12708 = VERTEX_POINT('',#12709);
#12709 = CARTESIAN_POINT('',(2.45,-0.885,8.326672684689E-17));
#12710 = LINE('',#12711,#12712);
#12711 = CARTESIAN_POINT('',(2.05733068201,-0.885,8.326672684689E-17));
#12712 = VECTOR('',#12713,1.);
#12713 = DIRECTION('',(1.,1.110223024625E-16,0.));
#12714 = ORIENTED_EDGE('',*,*,#12715,.T.);
#12715 = EDGE_CURVE('',#12708,#12716,#12718,.T.);
#12716 = VERTEX_POINT('',#12717);
#12717 = CARTESIAN_POINT('',(2.45,-0.885,0.18));
#12718 = LINE('',#12719,#12720);
#12719 = CARTESIAN_POINT('',(2.45,-0.885,8.326672684689E-17));
#12720 = VECTOR('',#12721,1.);
#12721 = DIRECTION('',(0.,0.,1.));
#12722 = ORIENTED_EDGE('',*,*,#12723,.T.);
#12723 = EDGE_CURVE('',#12716,#12724,#12726,.T.);
#12724 = VERTEX_POINT('',#12725);
#12725 = CARTESIAN_POINT('',(2.05733068201,-0.885,0.18));
#12726 = LINE('',#12727,#12728);
#12727 = CARTESIAN_POINT('',(2.45,-0.885,0.18));
#12728 = VECTOR('',#12729,1.);
#12729 = DIRECTION('',(-1.,-1.110223024625E-16,0.));
#12730 = ORIENTED_EDGE('',*,*,#12731,.T.);
#12731 = EDGE_CURVE('',#12724,#12732,#12734,.T.);
#12732 = VERTEX_POINT('',#12733);
#12733 = CARTESIAN_POINT('',(2.008090294359,-0.885,0.221317591117));
#12734 = CIRCLE('',#12735,5.E-02);
#12735 = AXIS2_PLACEMENT_3D('',#12736,#12737,#12738);
#12736 = CARTESIAN_POINT('',(2.05733068201,-0.885,0.23));
#12737 = DIRECTION('',(-1.110223024625E-16,1.,0.));
#12738 = DIRECTION('',(0.,0.,-1.));
#12739 = ORIENTED_EDGE('',*,*,#12740,.T.);
#12740 = EDGE_CURVE('',#12732,#12741,#12743,.T.);
#12741 = VERTEX_POINT('',#12742);
#12742 = CARTESIAN_POINT('',(1.976505783193,-0.885,0.424939080863));
#12743 = LINE('',#12744,#12745);
#12744 = CARTESIAN_POINT('',(2.008090294359,-0.885,0.221317591117));
#12745 = VECTOR('',#12746,1.);
#12746 = DIRECTION('',(-0.153280808835,-1.701758832023E-17,
    0.988182672203));
#12747 = ORIENTED_EDGE('',*,*,#12748,.T.);
#12748 = EDGE_CURVE('',#12741,#12749,#12751,.T.);
#12749 = VERTEX_POINT('',#12750);
#12750 = CARTESIAN_POINT('',(1.75,-0.885,0.615));
#12751 = CIRCLE('',#12752,0.23);
#12752 = AXIS2_PLACEMENT_3D('',#12753,#12754,#12755);
#12753 = CARTESIAN_POINT('',(1.75,-0.885,0.385));
#12754 = DIRECTION('',(1.110223024625E-16,-1.,0.));
#12755 = DIRECTION('',(0.984807753012,1.093356242223E-16,0.173648177667)
  );
#12756 = ORIENTED_EDGE('',*,*,#12757,.T.);
#12757 = EDGE_CURVE('',#12749,#10181,#12758,.T.);
#12758 = LINE('',#12759,#12760);
#12759 = CARTESIAN_POINT('',(1.75,-0.885,0.615));
#12760 = VECTOR('',#12761,1.);
#12761 = DIRECTION('',(-1.,-1.110223024625E-16,0.));
#12762 = PLANE('',#12763);
#12763 = AXIS2_PLACEMENT_3D('',#12764,#12765,#12766);
#12764 = CARTESIAN_POINT('',(1.90066971159,-0.885,0.308518045934));
#12765 = DIRECTION('',(1.110223024625E-16,-1.,0.));
#12766 = DIRECTION('',(0.,0.,1.));
#12767 = ADVANCED_FACE('',(#12768),#12787,.F.);
#12768 = FACE_BOUND('',#12769,.F.);
#12769 = EDGE_LOOP('',(#12770,#12771,#12780,#12786));
#12770 = ORIENTED_EDGE('',*,*,#10219,.T.);
#12771 = ORIENTED_EDGE('',*,*,#12772,.T.);
#12772 = EDGE_CURVE('',#10212,#12773,#12775,.T.);
#12773 = VERTEX_POINT('',#12774);
#12774 = CARTESIAN_POINT('',(1.799240387651,-1.115,0.393682408883));
#12775 = CIRCLE('',#12776,5.E-02);
#12776 = AXIS2_PLACEMENT_3D('',#12777,#12778,#12779);
#12777 = CARTESIAN_POINT('',(1.75,-1.115,0.385));
#12778 = DIRECTION('',(-1.110223024625E-16,1.,0.));
#12779 = DIRECTION('',(-4.440892098501E-15,-4.930380657631E-31,1.));
#12780 = ORIENTED_EDGE('',*,*,#12781,.F.);
#12781 = EDGE_CURVE('',#12682,#12773,#12782,.T.);
#12782 = LINE('',#12783,#12784);
#12783 = CARTESIAN_POINT('',(1.799240387651,-0.885,0.393682408883));
#12784 = VECTOR('',#12785,1.);
#12785 = DIRECTION('',(1.110223024625E-16,-1.,0.));
#12786 = ORIENTED_EDGE('',*,*,#12681,.F.);
#12787 = CYLINDRICAL_SURFACE('',#12788,5.E-02);
#12788 = AXIS2_PLACEMENT_3D('',#12789,#12790,#12791);
#12789 = CARTESIAN_POINT('',(1.75,-0.885,0.385));
#12790 = DIRECTION('',(-1.110223024625E-16,1.,0.));
#12791 = DIRECTION('',(-4.440892098501E-15,-4.930380657631E-31,1.));
#12792 = ADVANCED_FACE('',(#12793),#12871,.T.);
#12793 = FACE_BOUND('',#12794,.T.);
#12794 = EDGE_LOOP('',(#12795,#12796,#12797,#12798,#12806,#12815,#12823,
    #12831,#12839,#12848,#12856,#12865));
#12795 = ORIENTED_EDGE('',*,*,#10233,.F.);
#12796 = ORIENTED_EDGE('',*,*,#10211,.T.);
#12797 = ORIENTED_EDGE('',*,*,#12772,.T.);
#12798 = ORIENTED_EDGE('',*,*,#12799,.T.);
#12799 = EDGE_CURVE('',#12773,#12800,#12802,.T.);
#12800 = VERTEX_POINT('',#12801);
#12801 = CARTESIAN_POINT('',(1.830824898817,-1.115,0.190060919137));
#12802 = LINE('',#12803,#12804);
#12803 = CARTESIAN_POINT('',(1.799240387651,-1.115,0.393682408883));
#12804 = VECTOR('',#12805,1.);
#12805 = DIRECTION('',(0.153280808835,1.701758832023E-17,-0.988182672203
    ));
#12806 = ORIENTED_EDGE('',*,*,#12807,.T.);
#12807 = EDGE_CURVE('',#12800,#12808,#12810,.T.);
#12808 = VERTEX_POINT('',#12809);
#12809 = CARTESIAN_POINT('',(2.05733068201,-1.115,8.326672684689E-17));
#12810 = CIRCLE('',#12811,0.23);
#12811 = AXIS2_PLACEMENT_3D('',#12812,#12813,#12814);
#12812 = CARTESIAN_POINT('',(2.05733068201,-1.115,0.23));
#12813 = DIRECTION('',(1.110223024625E-16,-1.,0.));
#12814 = DIRECTION('',(-0.984807753012,-1.093356242223E-16,
    -0.173648177667));
#12815 = ORIENTED_EDGE('',*,*,#12816,.T.);
#12816 = EDGE_CURVE('',#12808,#12817,#12819,.T.);
#12817 = VERTEX_POINT('',#12818);
#12818 = CARTESIAN_POINT('',(2.45,-1.115,8.326672684689E-17));
#12819 = LINE('',#12820,#12821);
#12820 = CARTESIAN_POINT('',(2.05733068201,-1.115,8.326672684689E-17));
#12821 = VECTOR('',#12822,1.);
#12822 = DIRECTION('',(1.,1.110223024625E-16,0.));
#12823 = ORIENTED_EDGE('',*,*,#12824,.T.);
#12824 = EDGE_CURVE('',#12817,#12825,#12827,.T.);
#12825 = VERTEX_POINT('',#12826);
#12826 = CARTESIAN_POINT('',(2.45,-1.115,0.18));
#12827 = LINE('',#12828,#12829);
#12828 = CARTESIAN_POINT('',(2.45,-1.115,8.326672684689E-17));
#12829 = VECTOR('',#12830,1.);
#12830 = DIRECTION('',(0.,0.,1.));
#12831 = ORIENTED_EDGE('',*,*,#12832,.T.);
#12832 = EDGE_CURVE('',#12825,#12833,#12835,.T.);
#12833 = VERTEX_POINT('',#12834);
#12834 = CARTESIAN_POINT('',(2.05733068201,-1.115,0.18));
#12835 = LINE('',#12836,#12837);
#12836 = CARTESIAN_POINT('',(2.45,-1.115,0.18));
#12837 = VECTOR('',#12838,1.);
#12838 = DIRECTION('',(-1.,-1.110223024625E-16,0.));
#12839 = ORIENTED_EDGE('',*,*,#12840,.T.);
#12840 = EDGE_CURVE('',#12833,#12841,#12843,.T.);
#12841 = VERTEX_POINT('',#12842);
#12842 = CARTESIAN_POINT('',(2.008090294359,-1.115,0.221317591117));
#12843 = CIRCLE('',#12844,5.E-02);
#12844 = AXIS2_PLACEMENT_3D('',#12845,#12846,#12847);
#12845 = CARTESIAN_POINT('',(2.05733068201,-1.115,0.23));
#12846 = DIRECTION('',(-1.110223024625E-16,1.,0.));
#12847 = DIRECTION('',(0.,0.,-1.));
#12848 = ORIENTED_EDGE('',*,*,#12849,.T.);
#12849 = EDGE_CURVE('',#12841,#12850,#12852,.T.);
#12850 = VERTEX_POINT('',#12851);
#12851 = CARTESIAN_POINT('',(1.976505783193,-1.115,0.424939080863));
#12852 = LINE('',#12853,#12854);
#12853 = CARTESIAN_POINT('',(2.008090294359,-1.115,0.221317591117));
#12854 = VECTOR('',#12855,1.);
#12855 = DIRECTION('',(-0.153280808835,-1.701758832023E-17,
    0.988182672203));
#12856 = ORIENTED_EDGE('',*,*,#12857,.T.);
#12857 = EDGE_CURVE('',#12850,#12858,#12860,.T.);
#12858 = VERTEX_POINT('',#12859);
#12859 = CARTESIAN_POINT('',(1.75,-1.115,0.615));
#12860 = CIRCLE('',#12861,0.23);
#12861 = AXIS2_PLACEMENT_3D('',#12862,#12863,#12864);
#12862 = CARTESIAN_POINT('',(1.75,-1.115,0.385));
#12863 = DIRECTION('',(1.110223024625E-16,-1.,0.));
#12864 = DIRECTION('',(0.984807753012,1.093356242223E-16,0.173648177667)
  );
#12865 = ORIENTED_EDGE('',*,*,#12866,.T.);
#12866 = EDGE_CURVE('',#12858,#10234,#12867,.T.);
#12867 = LINE('',#12868,#12869);
#12868 = CARTESIAN_POINT('',(1.75,-1.115,0.615));
#12869 = VECTOR('',#12870,1.);
#12870 = DIRECTION('',(-1.,-1.110223024625E-16,0.));
#12871 = PLANE('',#12872);
#12872 = AXIS2_PLACEMENT_3D('',#12873,#12874,#12875);
#12873 = CARTESIAN_POINT('',(1.90066971159,-1.115,0.308518045934));
#12874 = DIRECTION('',(1.110223024625E-16,-1.,0.));
#12875 = DIRECTION('',(0.,0.,1.));
#12876 = ADVANCED_FACE('',(#12877),#12888,.T.);
#12877 = FACE_BOUND('',#12878,.T.);
#12878 = EDGE_LOOP('',(#12879,#12880,#12881,#12882));
#12879 = ORIENTED_EDGE('',*,*,#11688,.T.);
#12880 = ORIENTED_EDGE('',*,*,#10334,.T.);
#12881 = ORIENTED_EDGE('',*,*,#11790,.F.);
#12882 = ORIENTED_EDGE('',*,*,#12883,.F.);
#12883 = EDGE_CURVE('',#11681,#11783,#12884,.T.);
#12884 = LINE('',#12885,#12886);
#12885 = CARTESIAN_POINT('',(-1.976505783193,0.885,0.424939080863));
#12886 = VECTOR('',#12887,1.);
#12887 = DIRECTION('',(1.144237745222E-17,1.,0.));
#12888 = CYLINDRICAL_SURFACE('',#12889,0.23);
#12889 = AXIS2_PLACEMENT_3D('',#12890,#12891,#12892);
#12890 = CARTESIAN_POINT('',(-1.75,0.885,0.385));
#12891 = DIRECTION('',(-1.144237745222E-17,-1.,0.));
#12892 = DIRECTION('',(-0.984807753012,1.126854202784E-17,0.173648177667
    ));
#12893 = ADVANCED_FACE('',(#12894),#12907,.F.);
#12894 = FACE_BOUND('',#12895,.F.);
#12895 = EDGE_LOOP('',(#12896,#12897,#12903,#12904,#12905,#12906));
#12896 = ORIENTED_EDGE('',*,*,#10810,.F.);
#12897 = ORIENTED_EDGE('',*,*,#12898,.T.);
#12898 = EDGE_CURVE('',#10802,#10911,#12899,.T.);
#12899 = LINE('',#12900,#12901);
#12900 = CARTESIAN_POINT('',(-1.75,-1.115,0.615));
#12901 = VECTOR('',#12902,1.);
#12902 = DIRECTION('',(1.144237745222E-17,1.,0.));
#12903 = ORIENTED_EDGE('',*,*,#10919,.T.);
#12904 = ORIENTED_EDGE('',*,*,#10941,.T.);
#12905 = ORIENTED_EDGE('',*,*,#10381,.F.);
#12906 = ORIENTED_EDGE('',*,*,#10684,.F.);
#12907 = PLANE('',#12908);
#12908 = AXIS2_PLACEMENT_3D('',#12909,#12910,#12911);
#12909 = CARTESIAN_POINT('',(-1.75,-1.115,0.615));
#12910 = DIRECTION('',(0.,0.,-1.));
#12911 = DIRECTION('',(1.,-1.144237745222E-17,0.));
#12912 = ADVANCED_FACE('',(#12913),#12926,.F.);
#12913 = FACE_BOUND('',#12914,.F.);
#12914 = EDGE_LOOP('',(#12915,#12916,#12922,#12923,#12924,#12925));
#12915 = ORIENTED_EDGE('',*,*,#11033,.F.);
#12916 = ORIENTED_EDGE('',*,*,#12917,.T.);
#12917 = EDGE_CURVE('',#11025,#11134,#12918,.T.);
#12918 = LINE('',#12919,#12920);
#12919 = CARTESIAN_POINT('',(-1.75,-0.615,0.615));
#12920 = VECTOR('',#12921,1.);
#12921 = DIRECTION('',(1.144237745222E-17,1.,0.));
#12922 = ORIENTED_EDGE('',*,*,#11142,.T.);
#12923 = ORIENTED_EDGE('',*,*,#11164,.T.);
#12924 = ORIENTED_EDGE('',*,*,#10397,.F.);
#12925 = ORIENTED_EDGE('',*,*,#10934,.F.);
#12926 = PLANE('',#12927);
#12927 = AXIS2_PLACEMENT_3D('',#12928,#12929,#12930);
#12928 = CARTESIAN_POINT('',(-1.75,-0.615,0.615));
#12929 = DIRECTION('',(0.,0.,-1.));
#12930 = DIRECTION('',(1.,-1.144237745222E-17,0.));
#12931 = ADVANCED_FACE('',(#12932),#12945,.F.);
#12932 = FACE_BOUND('',#12933,.F.);
#12933 = EDGE_LOOP('',(#12934,#12935,#12941,#12942,#12943,#12944));
#12934 = ORIENTED_EDGE('',*,*,#11256,.F.);
#12935 = ORIENTED_EDGE('',*,*,#12936,.T.);
#12936 = EDGE_CURVE('',#11248,#11357,#12937,.T.);
#12937 = LINE('',#12938,#12939);
#12938 = CARTESIAN_POINT('',(-1.75,-0.115,0.615));
#12939 = VECTOR('',#12940,1.);
#12940 = DIRECTION('',(1.144237745222E-17,1.,0.));
#12941 = ORIENTED_EDGE('',*,*,#11365,.T.);
#12942 = ORIENTED_EDGE('',*,*,#11387,.T.);
#12943 = ORIENTED_EDGE('',*,*,#10413,.F.);
#12944 = ORIENTED_EDGE('',*,*,#11157,.F.);
#12945 = PLANE('',#12946);
#12946 = AXIS2_PLACEMENT_3D('',#12947,#12948,#12949);
#12947 = CARTESIAN_POINT('',(-1.75,-0.115,0.615));
#12948 = DIRECTION('',(0.,0.,-1.));
#12949 = DIRECTION('',(1.,-1.144237745222E-17,0.));
#12950 = ADVANCED_FACE('',(#12951),#12964,.F.);
#12951 = FACE_BOUND('',#12952,.F.);
#12952 = EDGE_LOOP('',(#12953,#12954,#12960,#12961,#12962,#12963));
#12953 = ORIENTED_EDGE('',*,*,#11479,.F.);
#12954 = ORIENTED_EDGE('',*,*,#12955,.T.);
#12955 = EDGE_CURVE('',#11471,#11580,#12956,.T.);
#12956 = LINE('',#12957,#12958);
#12957 = CARTESIAN_POINT('',(-1.75,0.385,0.615));
#12958 = VECTOR('',#12959,1.);
#12959 = DIRECTION('',(1.144237745222E-17,1.,0.));
#12960 = ORIENTED_EDGE('',*,*,#11588,.T.);
#12961 = ORIENTED_EDGE('',*,*,#11605,.T.);
#12962 = ORIENTED_EDGE('',*,*,#10429,.F.);
#12963 = ORIENTED_EDGE('',*,*,#11380,.F.);
#12964 = PLANE('',#12965);
#12965 = AXIS2_PLACEMENT_3D('',#12966,#12967,#12968);
#12966 = CARTESIAN_POINT('',(-1.75,0.385,0.615));
#12967 = DIRECTION('',(0.,0.,-1.));
#12968 = DIRECTION('',(1.,-1.144237745222E-17,0.));
#12969 = ADVANCED_FACE('',(#12970,#12999),#13010,.T.);
#12970 = FACE_BOUND('',#12971,.T.);
#12971 = EDGE_LOOP('',(#12972,#12973,#12974,#12975,#12983,#12991,#12997,
    #12998));
#12972 = ORIENTED_EDGE('',*,*,#10504,.F.);
#12973 = ORIENTED_EDGE('',*,*,#10481,.F.);
#12974 = ORIENTED_EDGE('',*,*,#10452,.F.);
#12975 = ORIENTED_EDGE('',*,*,#12976,.F.);
#12976 = EDGE_CURVE('',#12977,#10453,#12979,.T.);
#12977 = VERTEX_POINT('',#12978);
#12978 = CARTESIAN_POINT('',(-1.25189677592,-1.353793551841,0.95));
#12979 = LINE('',#12980,#12981);
#12980 = CARTESIAN_POINT('',(-1.25189677592,-1.353793551841,0.95));
#12981 = VECTOR('',#12982,1.);
#12982 = DIRECTION('',(-0.707106781187,0.707106781187,0.));
#12983 = ORIENTED_EDGE('',*,*,#12984,.F.);
#12984 = EDGE_CURVE('',#12985,#12977,#12987,.T.);
#12985 = VERTEX_POINT('',#12986);
#12986 = CARTESIAN_POINT('',(1.25189677592,-1.353793551841,0.95));
#12987 = LINE('',#12988,#12989);
#12988 = CARTESIAN_POINT('',(1.25189677592,-1.353793551841,0.95));
#12989 = VECTOR('',#12990,1.);
#12990 = DIRECTION('',(-1.,-1.110223024625E-16,0.));
#12991 = ORIENTED_EDGE('',*,*,#12992,.F.);
#12992 = EDGE_CURVE('',#10624,#12985,#12993,.T.);
#12993 = LINE('',#12994,#12995);
#12994 = CARTESIAN_POINT('',(1.353793551841,-1.25189677592,0.95));
#12995 = VECTOR('',#12996,1.);
#12996 = DIRECTION('',(-0.707106781187,-0.707106781187,0.));
#12997 = ORIENTED_EDGE('',*,*,#10630,.F.);
#12998 = ORIENTED_EDGE('',*,*,#10527,.F.);
#12999 = FACE_BOUND('',#13000,.T.);
#13000 = EDGE_LOOP('',(#13001));
#13001 = ORIENTED_EDGE('',*,*,#13002,.T.);
#13002 = EDGE_CURVE('',#13003,#13003,#13005,.T.);
#13003 = VERTEX_POINT('',#13004);
#13004 = CARTESIAN_POINT('',(-0.653793551841,0.403793551841,0.95));
#13005 = CIRCLE('',#13006,0.25);
#13006 = AXIS2_PLACEMENT_3D('',#13007,#13008,#13009);
#13007 = CARTESIAN_POINT('',(-0.653793551841,0.653793551841,0.95));
#13008 = DIRECTION('',(0.,-0.,-1.));
#13009 = DIRECTION('',(1.110223024625E-16,-1.,0.));
#13010 = PLANE('',#13011);
#13011 = AXIS2_PLACEMENT_3D('',#13012,#13013,#13014);
#13012 = CARTESIAN_POINT('',(-1.25189677592,1.353793551841,0.95));
#13013 = DIRECTION('',(0.,0.,1.));
#13014 = DIRECTION('',(0.678936100393,-0.734197365552,0.));
#13015 = ADVANCED_FACE('',(#13016),#13026,.F.);
#13016 = FACE_BOUND('',#13017,.F.);
#13017 = EDGE_LOOP('',(#13018,#13019,#13020,#13021));
#13018 = ORIENTED_EDGE('',*,*,#10691,.T.);
#13019 = ORIENTED_EDGE('',*,*,#10460,.T.);
#13020 = ORIENTED_EDGE('',*,*,#12976,.F.);
#13021 = ORIENTED_EDGE('',*,*,#13022,.F.);
#13022 = EDGE_CURVE('',#10692,#12977,#13023,.T.);
#13023 = B_SPLINE_CURVE_WITH_KNOTS('',1,(#13024,#13025),.UNSPECIFIED.,
  .F.,.F.,(2,2),(0.,1.),.PIECEWISE_BEZIER_KNOTS.);
#13024 = CARTESIAN_POINT('',(-1.2875,-1.425,0.615));
#13025 = CARTESIAN_POINT('',(-1.25189677592,-1.353793551841,0.95));
#13026 = B_SPLINE_SURFACE_WITH_KNOTS('',1,1,(
    (#13027,#13028)
    ,(#13029,#13030
    )),.UNSPECIFIED.,.F.,.F.,.F.,(2,2),(2,2),(0.,0.194454364826),(0.,1.)
  ,.PIECEWISE_BEZIER_KNOTS.);
#13027 = CARTESIAN_POINT('',(-1.2875,-1.425,0.615));
#13028 = CARTESIAN_POINT('',(-1.25189677592,-1.353793551841,0.95));
#13029 = CARTESIAN_POINT('',(-1.425,-1.2875,0.615));
#13030 = CARTESIAN_POINT('',(-1.353793551841,-1.25189677592,0.95));
#13031 = ADVANCED_FACE('',(#13032),#13045,.F.);
#13032 = FACE_BOUND('',#13033,.F.);
#13033 = EDGE_LOOP('',(#13034,#13035,#13041,#13042,#13043,#13044));
#13034 = ORIENTED_EDGE('',*,*,#12088,.F.);
#13035 = ORIENTED_EDGE('',*,*,#13036,.T.);
#13036 = EDGE_CURVE('',#12080,#12189,#13037,.T.);
#13037 = LINE('',#13038,#13039);
#13038 = CARTESIAN_POINT('',(1.75,0.615,0.615));
#13039 = VECTOR('',#13040,1.);
#13040 = DIRECTION('',(1.110223024625E-16,-1.,0.));
#13041 = ORIENTED_EDGE('',*,*,#12197,.T.);
#13042 = ORIENTED_EDGE('',*,*,#12211,.T.);
#13043 = ORIENTED_EDGE('',*,*,#10559,.F.);
#13044 = ORIENTED_EDGE('',*,*,#11995,.F.);
#13045 = PLANE('',#13046);
#13046 = AXIS2_PLACEMENT_3D('',#13047,#13048,#13049);
#13047 = CARTESIAN_POINT('',(1.75,0.615,0.615));
#13048 = DIRECTION('',(0.,0.,-1.));
#13049 = DIRECTION('',(-1.,-1.110223024625E-16,-0.));
#13050 = ADVANCED_FACE('',(#13051),#13064,.F.);
#13051 = FACE_BOUND('',#13052,.F.);
#13052 = EDGE_LOOP('',(#13053,#13054,#13060,#13061,#13062,#13063));
#13053 = ORIENTED_EDGE('',*,*,#12311,.F.);
#13054 = ORIENTED_EDGE('',*,*,#13055,.T.);
#13055 = EDGE_CURVE('',#12303,#12412,#13056,.T.);
#13056 = LINE('',#13057,#13058);
#13057 = CARTESIAN_POINT('',(1.75,0.115,0.615));
#13058 = VECTOR('',#13059,1.);
#13059 = DIRECTION('',(1.110223024625E-16,-1.,0.));
#13060 = ORIENTED_EDGE('',*,*,#12420,.T.);
#13061 = ORIENTED_EDGE('',*,*,#12434,.T.);
#13062 = ORIENTED_EDGE('',*,*,#10575,.F.);
#13063 = ORIENTED_EDGE('',*,*,#12218,.F.);
#13064 = PLANE('',#13065);
#13065 = AXIS2_PLACEMENT_3D('',#13066,#13067,#13068);
#13066 = CARTESIAN_POINT('',(1.75,0.115,0.615));
#13067 = DIRECTION('',(0.,0.,-1.));
#13068 = DIRECTION('',(-1.,-1.110223024625E-16,-0.));
#13069 = ADVANCED_FACE('',(#13070),#13083,.F.);
#13070 = FACE_BOUND('',#13071,.F.);
#13071 = EDGE_LOOP('',(#13072,#13073,#13079,#13080,#13081,#13082));
#13072 = ORIENTED_EDGE('',*,*,#12534,.F.);
#13073 = ORIENTED_EDGE('',*,*,#13074,.T.);
#13074 = EDGE_CURVE('',#12526,#12635,#13075,.T.);
#13075 = LINE('',#13076,#13077);
#13076 = CARTESIAN_POINT('',(1.75,-0.385,0.615));
#13077 = VECTOR('',#13078,1.);
#13078 = DIRECTION('',(1.110223024625E-16,-1.,0.));
#13079 = ORIENTED_EDGE('',*,*,#12643,.T.);
#13080 = ORIENTED_EDGE('',*,*,#12657,.T.);
#13081 = ORIENTED_EDGE('',*,*,#10591,.F.);
#13082 = ORIENTED_EDGE('',*,*,#12441,.F.);
#13083 = PLANE('',#13084);
#13084 = AXIS2_PLACEMENT_3D('',#13085,#13086,#13087);
#13085 = CARTESIAN_POINT('',(1.75,-0.385,0.615));
#13086 = DIRECTION('',(0.,0.,-1.));
#13087 = DIRECTION('',(-1.,-1.110223024625E-16,-0.));
#13088 = ADVANCED_FACE('',(#13089),#13102,.F.);
#13089 = FACE_BOUND('',#13090,.F.);
#13090 = EDGE_LOOP('',(#13091,#13092,#13098,#13099,#13100,#13101));
#13091 = ORIENTED_EDGE('',*,*,#12757,.F.);
#13092 = ORIENTED_EDGE('',*,*,#13093,.T.);
#13093 = EDGE_CURVE('',#12749,#12858,#13094,.T.);
#13094 = LINE('',#13095,#13096);
#13095 = CARTESIAN_POINT('',(1.75,-0.885,0.615));
#13096 = VECTOR('',#13097,1.);
#13097 = DIRECTION('',(1.110223024625E-16,-1.,0.));
#13098 = ORIENTED_EDGE('',*,*,#12866,.T.);
#13099 = ORIENTED_EDGE('',*,*,#10714,.T.);
#13100 = ORIENTED_EDGE('',*,*,#10607,.F.);
#13101 = ORIENTED_EDGE('',*,*,#12664,.F.);
#13102 = PLANE('',#13103);
#13103 = AXIS2_PLACEMENT_3D('',#13104,#13105,#13106);
#13104 = CARTESIAN_POINT('',(1.75,-0.885,0.615));
#13105 = DIRECTION('',(0.,0.,-1.));
#13106 = DIRECTION('',(-1.,-1.110223024625E-16,-0.));
#13107 = ADVANCED_FACE('',(#13108),#13118,.F.);
#13108 = FACE_BOUND('',#13109,.F.);
#13109 = EDGE_LOOP('',(#13110,#13111,#13116,#13117));
#13110 = ORIENTED_EDGE('',*,*,#10707,.T.);
#13111 = ORIENTED_EDGE('',*,*,#13112,.T.);
#13112 = EDGE_CURVE('',#10700,#12985,#13113,.T.);
#13113 = B_SPLINE_CURVE_WITH_KNOTS('',1,(#13114,#13115),.UNSPECIFIED.,
  .F.,.F.,(2,2),(0.,1.),.PIECEWISE_BEZIER_KNOTS.);
#13114 = CARTESIAN_POINT('',(1.2875,-1.425,0.615));
#13115 = CARTESIAN_POINT('',(1.25189677592,-1.353793551841,0.95));
#13116 = ORIENTED_EDGE('',*,*,#12992,.F.);
#13117 = ORIENTED_EDGE('',*,*,#10623,.F.);
#13118 = B_SPLINE_SURFACE_WITH_KNOTS('',1,1,(
    (#13119,#13120)
    ,(#13121,#13122
    )),.UNSPECIFIED.,.F.,.F.,.F.,(2,2),(2,2),(0.,0.194454364826),(0.,1.)
  ,.PIECEWISE_BEZIER_KNOTS.);
#13119 = CARTESIAN_POINT('',(1.425,-1.2875,0.615));
#13120 = CARTESIAN_POINT('',(1.353793551841,-1.25189677592,0.95));
#13121 = CARTESIAN_POINT('',(1.2875,-1.425,0.615));
#13122 = CARTESIAN_POINT('',(1.25189677592,-1.353793551841,0.95));
#13123 = ADVANCED_FACE('',(#13124),#13135,.T.);
#13124 = FACE_BOUND('',#13125,.T.);
#13125 = EDGE_LOOP('',(#13126,#13127,#13128,#13129));
#13126 = ORIENTED_EDGE('',*,*,#11875,.T.);
#13127 = ORIENTED_EDGE('',*,*,#10653,.T.);
#13128 = ORIENTED_EDGE('',*,*,#11977,.F.);
#13129 = ORIENTED_EDGE('',*,*,#13130,.F.);
#13130 = EDGE_CURVE('',#11868,#11970,#13131,.T.);
#13131 = LINE('',#13132,#13133);
#13132 = CARTESIAN_POINT('',(1.976505783193,1.115,0.424939080863));
#13133 = VECTOR('',#13134,1.);
#13134 = DIRECTION('',(1.110223024625E-16,-1.,0.));
#13135 = CYLINDRICAL_SURFACE('',#13136,0.23);
#13136 = AXIS2_PLACEMENT_3D('',#13137,#13138,#13139);
#13137 = CARTESIAN_POINT('',(1.75,1.115,0.385));
#13138 = DIRECTION('',(-1.110223024625E-16,1.,0.));
#13139 = DIRECTION('',(0.984807753012,1.093356242223E-16,0.173648177667)
  );
#13140 = ADVANCED_FACE('',(#13141),#13147,.F.);
#13141 = FACE_BOUND('',#13142,.F.);
#13142 = EDGE_LOOP('',(#13143,#13144,#13145,#13146));
#13143 = ORIENTED_EDGE('',*,*,#10699,.T.);
#13144 = ORIENTED_EDGE('',*,*,#13022,.T.);
#13145 = ORIENTED_EDGE('',*,*,#12984,.F.);
#13146 = ORIENTED_EDGE('',*,*,#13112,.F.);
#13147 = B_SPLINE_SURFACE_WITH_KNOTS('',1,1,(
    (#13148,#13149)
    ,(#13150,#13151
    )),.UNSPECIFIED.,.F.,.F.,.F.,(2,2),(2,2),(0.,2.575),(0.,1.),
  .PIECEWISE_BEZIER_KNOTS.);
#13148 = CARTESIAN_POINT('',(1.2875,-1.425,0.615));
#13149 = CARTESIAN_POINT('',(1.25189677592,-1.353793551841,0.95));
#13150 = CARTESIAN_POINT('',(-1.2875,-1.425,0.615));
#13151 = CARTESIAN_POINT('',(-1.25189677592,-1.353793551841,0.95));
#13152 = ADVANCED_FACE('',(#13153),#13164,.T.);
#13153 = FACE_BOUND('',#13154,.T.);
#13154 = EDGE_LOOP('',(#13155,#13156,#13157,#13158));
#13155 = ORIENTED_EDGE('',*,*,#10801,.T.);
#13156 = ORIENTED_EDGE('',*,*,#12898,.T.);
#13157 = ORIENTED_EDGE('',*,*,#10910,.F.);
#13158 = ORIENTED_EDGE('',*,*,#13159,.F.);
#13159 = EDGE_CURVE('',#10794,#10903,#13160,.T.);
#13160 = LINE('',#13161,#13162);
#13161 = CARTESIAN_POINT('',(-1.976505783193,-1.115,0.424939080863));
#13162 = VECTOR('',#13163,1.);
#13163 = DIRECTION('',(1.144237745222E-17,1.,0.));
#13164 = CYLINDRICAL_SURFACE('',#13165,0.23);
#13165 = AXIS2_PLACEMENT_3D('',#13166,#13167,#13168);
#13166 = CARTESIAN_POINT('',(-1.75,-1.115,0.385));
#13167 = DIRECTION('',(-1.144237745222E-17,-1.,0.));
#13168 = DIRECTION('',(-0.984807753012,1.126854202784E-17,0.173648177667
    ));
#13169 = ADVANCED_FACE('',(#13170),#13181,.F.);
#13170 = FACE_BOUND('',#13171,.F.);
#13171 = EDGE_LOOP('',(#13172,#13178,#13179,#13180));
#13172 = ORIENTED_EDGE('',*,*,#13173,.T.);
#13173 = EDGE_CURVE('',#10785,#10894,#13174,.T.);
#13174 = LINE('',#13175,#13176);
#13175 = CARTESIAN_POINT('',(-2.008090294359,-1.115,0.221317591117));
#13176 = VECTOR('',#13177,1.);
#13177 = DIRECTION('',(1.144237745222E-17,1.,0.));
#13178 = ORIENTED_EDGE('',*,*,#10902,.T.);
#13179 = ORIENTED_EDGE('',*,*,#13159,.F.);
#13180 = ORIENTED_EDGE('',*,*,#10793,.F.);
#13181 = PLANE('',#13182);
#13182 = AXIS2_PLACEMENT_3D('',#13183,#13184,#13185);
#13183 = CARTESIAN_POINT('',(-2.008090294359,-1.115,0.221317591117));
#13184 = DIRECTION('',(0.988182672203,-1.130715912709E-17,
    -0.153280808835));
#13185 = DIRECTION('',(0.153280808835,-1.753896870877E-18,0.988182672203
    ));
#13186 = ADVANCED_FACE('',(#13187),#13198,.F.);
#13187 = FACE_BOUND('',#13188,.F.);
#13188 = EDGE_LOOP('',(#13189,#13195,#13196,#13197));
#13189 = ORIENTED_EDGE('',*,*,#13190,.T.);
#13190 = EDGE_CURVE('',#10777,#10886,#13191,.T.);
#13191 = LINE('',#13192,#13193);
#13192 = CARTESIAN_POINT('',(-2.05733068201,-1.115,0.18));
#13193 = VECTOR('',#13194,1.);
#13194 = DIRECTION('',(1.144237745222E-17,1.,0.));
#13195 = ORIENTED_EDGE('',*,*,#10893,.T.);
#13196 = ORIENTED_EDGE('',*,*,#13173,.F.);
#13197 = ORIENTED_EDGE('',*,*,#10784,.F.);
#13198 = CYLINDRICAL_SURFACE('',#13199,5.E-02);
#13199 = AXIS2_PLACEMENT_3D('',#13200,#13201,#13202);
#13200 = CARTESIAN_POINT('',(-2.05733068201,-1.115,0.23));
#13201 = DIRECTION('',(-1.144237745222E-17,-1.,0.));
#13202 = DIRECTION('',(-0.,0.,-1.));
#13203 = ADVANCED_FACE('',(#13204),#13215,.F.);
#13204 = FACE_BOUND('',#13205,.F.);
#13205 = EDGE_LOOP('',(#13206,#13212,#13213,#13214));
#13206 = ORIENTED_EDGE('',*,*,#13207,.T.);
#13207 = EDGE_CURVE('',#10769,#10878,#13208,.T.);
#13208 = LINE('',#13209,#13210);
#13209 = CARTESIAN_POINT('',(-2.45,-1.115,0.18));
#13210 = VECTOR('',#13211,1.);
#13211 = DIRECTION('',(1.144237745222E-17,1.,0.));
#13212 = ORIENTED_EDGE('',*,*,#10885,.T.);
#13213 = ORIENTED_EDGE('',*,*,#13190,.F.);
#13214 = ORIENTED_EDGE('',*,*,#10776,.F.);
#13215 = PLANE('',#13216);
#13216 = AXIS2_PLACEMENT_3D('',#13217,#13218,#13219);
#13217 = CARTESIAN_POINT('',(-2.45,-1.115,0.18));
#13218 = DIRECTION('',(0.,0.,-1.));
#13219 = DIRECTION('',(1.,-1.144237745222E-17,0.));
#13220 = ADVANCED_FACE('',(#13221),#13232,.F.);
#13221 = FACE_BOUND('',#13222,.F.);
#13222 = EDGE_LOOP('',(#13223,#13229,#13230,#13231));
#13223 = ORIENTED_EDGE('',*,*,#13224,.T.);
#13224 = EDGE_CURVE('',#10761,#10870,#13225,.T.);
#13225 = LINE('',#13226,#13227);
#13226 = CARTESIAN_POINT('',(-2.45,-1.115,8.326672684689E-17));
#13227 = VECTOR('',#13228,1.);
#13228 = DIRECTION('',(1.144237745222E-17,1.,0.));
#13229 = ORIENTED_EDGE('',*,*,#10877,.T.);
#13230 = ORIENTED_EDGE('',*,*,#13207,.F.);
#13231 = ORIENTED_EDGE('',*,*,#10768,.F.);
#13232 = PLANE('',#13233);
#13233 = AXIS2_PLACEMENT_3D('',#13234,#13235,#13236);
#13234 = CARTESIAN_POINT('',(-2.45,-1.115,8.326672684689E-17));
#13235 = DIRECTION('',(1.,-1.144237745222E-17,0.));
#13236 = DIRECTION('',(0.,0.,1.));
#13237 = ADVANCED_FACE('',(#13238),#13249,.F.);
#13238 = FACE_BOUND('',#13239,.F.);
#13239 = EDGE_LOOP('',(#13240,#13246,#13247,#13248));
#13240 = ORIENTED_EDGE('',*,*,#13241,.T.);
#13241 = EDGE_CURVE('',#10752,#10861,#13242,.T.);
#13242 = LINE('',#13243,#13244);
#13243 = CARTESIAN_POINT('',(-2.05733068201,-1.115,8.326672684689E-17));
#13244 = VECTOR('',#13245,1.);
#13245 = DIRECTION('',(1.144237745222E-17,1.,0.));
#13246 = ORIENTED_EDGE('',*,*,#10869,.T.);
#13247 = ORIENTED_EDGE('',*,*,#13224,.F.);
#13248 = ORIENTED_EDGE('',*,*,#10760,.F.);
#13249 = PLANE('',#13250);
#13250 = AXIS2_PLACEMENT_3D('',#13251,#13252,#13253);
#13251 = CARTESIAN_POINT('',(-2.05733068201,-1.115,8.326672684689E-17));
#13252 = DIRECTION('',(0.,0.,1.));
#13253 = DIRECTION('',(-1.,1.144237745222E-17,0.));
#13254 = ADVANCED_FACE('',(#13255),#13266,.T.);
#13255 = FACE_BOUND('',#13256,.T.);
#13256 = EDGE_LOOP('',(#13257,#13258,#13259,#13260));
#13257 = ORIENTED_EDGE('',*,*,#10751,.T.);
#13258 = ORIENTED_EDGE('',*,*,#13241,.T.);
#13259 = ORIENTED_EDGE('',*,*,#10860,.F.);
#13260 = ORIENTED_EDGE('',*,*,#13261,.F.);
#13261 = EDGE_CURVE('',#10744,#10853,#13262,.T.);
#13262 = LINE('',#13263,#13264);
#13263 = CARTESIAN_POINT('',(-1.830824898817,-1.115,0.190060919137));
#13264 = VECTOR('',#13265,1.);
#13265 = DIRECTION('',(1.144237745222E-17,1.,0.));
#13266 = CYLINDRICAL_SURFACE('',#13267,0.23);
#13267 = AXIS2_PLACEMENT_3D('',#13268,#13269,#13270);
#13268 = CARTESIAN_POINT('',(-2.05733068201,-1.115,0.23));
#13269 = DIRECTION('',(-1.144237745222E-17,-1.,0.));
#13270 = DIRECTION('',(0.984807753012,-1.126854202784E-17,
    -0.173648177667));
#13271 = ADVANCED_FACE('',(#13272),#13278,.F.);
#13272 = FACE_BOUND('',#13273,.F.);
#13273 = EDGE_LOOP('',(#13274,#13275,#13276,#13277));
#13274 = ORIENTED_EDGE('',*,*,#10834,.T.);
#13275 = ORIENTED_EDGE('',*,*,#10852,.T.);
#13276 = ORIENTED_EDGE('',*,*,#13261,.F.);
#13277 = ORIENTED_EDGE('',*,*,#10743,.F.);
#13278 = PLANE('',#13279);
#13279 = AXIS2_PLACEMENT_3D('',#13280,#13281,#13282);
#13280 = CARTESIAN_POINT('',(-1.799240387651,-1.115,0.393682408883));
#13281 = DIRECTION('',(-0.988182672203,1.130715912709E-17,0.153280808835
    ));
#13282 = DIRECTION('',(-0.153280808835,1.753896870877E-18,
    -0.988182672203));
#13283 = ADVANCED_FACE('',(#13284),#13295,.T.);
#13284 = FACE_BOUND('',#13285,.T.);
#13285 = EDGE_LOOP('',(#13286,#13287,#13288,#13289));
#13286 = ORIENTED_EDGE('',*,*,#11024,.T.);
#13287 = ORIENTED_EDGE('',*,*,#12917,.T.);
#13288 = ORIENTED_EDGE('',*,*,#11133,.F.);
#13289 = ORIENTED_EDGE('',*,*,#13290,.F.);
#13290 = EDGE_CURVE('',#11017,#11126,#13291,.T.);
#13291 = LINE('',#13292,#13293);
#13292 = CARTESIAN_POINT('',(-1.976505783193,-0.615,0.424939080863));
#13293 = VECTOR('',#13294,1.);
#13294 = DIRECTION('',(1.144237745222E-17,1.,0.));
#13295 = CYLINDRICAL_SURFACE('',#13296,0.23);
#13296 = AXIS2_PLACEMENT_3D('',#13297,#13298,#13299);
#13297 = CARTESIAN_POINT('',(-1.75,-0.615,0.385));
#13298 = DIRECTION('',(-1.144237745222E-17,-1.,0.));
#13299 = DIRECTION('',(-0.984807753012,1.126854202784E-17,0.173648177667
    ));
#13300 = ADVANCED_FACE('',(#13301),#13312,.F.);
#13301 = FACE_BOUND('',#13302,.F.);
#13302 = EDGE_LOOP('',(#13303,#13309,#13310,#13311));
#13303 = ORIENTED_EDGE('',*,*,#13304,.T.);
#13304 = EDGE_CURVE('',#11008,#11117,#13305,.T.);
#13305 = LINE('',#13306,#13307);
#13306 = CARTESIAN_POINT('',(-2.008090294359,-0.615,0.221317591117));
#13307 = VECTOR('',#13308,1.);
#13308 = DIRECTION('',(1.144237745222E-17,1.,0.));
#13309 = ORIENTED_EDGE('',*,*,#11125,.T.);
#13310 = ORIENTED_EDGE('',*,*,#13290,.F.);
#13311 = ORIENTED_EDGE('',*,*,#11016,.F.);
#13312 = PLANE('',#13313);
#13313 = AXIS2_PLACEMENT_3D('',#13314,#13315,#13316);
#13314 = CARTESIAN_POINT('',(-2.008090294359,-0.615,0.221317591117));
#13315 = DIRECTION('',(0.988182672203,-1.130715912709E-17,
    -0.153280808835));
#13316 = DIRECTION('',(0.153280808835,-1.753896870877E-18,0.988182672203
    ));
#13317 = ADVANCED_FACE('',(#13318),#13329,.F.);
#13318 = FACE_BOUND('',#13319,.F.);
#13319 = EDGE_LOOP('',(#13320,#13326,#13327,#13328));
#13320 = ORIENTED_EDGE('',*,*,#13321,.T.);
#13321 = EDGE_CURVE('',#11000,#11109,#13322,.T.);
#13322 = LINE('',#13323,#13324);
#13323 = CARTESIAN_POINT('',(-2.05733068201,-0.615,0.18));
#13324 = VECTOR('',#13325,1.);
#13325 = DIRECTION('',(1.144237745222E-17,1.,0.));
#13326 = ORIENTED_EDGE('',*,*,#11116,.T.);
#13327 = ORIENTED_EDGE('',*,*,#13304,.F.);
#13328 = ORIENTED_EDGE('',*,*,#11007,.F.);
#13329 = CYLINDRICAL_SURFACE('',#13330,5.E-02);
#13330 = AXIS2_PLACEMENT_3D('',#13331,#13332,#13333);
#13331 = CARTESIAN_POINT('',(-2.05733068201,-0.615,0.23));
#13332 = DIRECTION('',(-1.144237745222E-17,-1.,0.));
#13333 = DIRECTION('',(-0.,0.,-1.));
#13334 = ADVANCED_FACE('',(#13335),#13346,.F.);
#13335 = FACE_BOUND('',#13336,.F.);
#13336 = EDGE_LOOP('',(#13337,#13343,#13344,#13345));
#13337 = ORIENTED_EDGE('',*,*,#13338,.T.);
#13338 = EDGE_CURVE('',#10992,#11101,#13339,.T.);
#13339 = LINE('',#13340,#13341);
#13340 = CARTESIAN_POINT('',(-2.45,-0.615,0.18));
#13341 = VECTOR('',#13342,1.);
#13342 = DIRECTION('',(1.144237745222E-17,1.,0.));
#13343 = ORIENTED_EDGE('',*,*,#11108,.T.);
#13344 = ORIENTED_EDGE('',*,*,#13321,.F.);
#13345 = ORIENTED_EDGE('',*,*,#10999,.F.);
#13346 = PLANE('',#13347);
#13347 = AXIS2_PLACEMENT_3D('',#13348,#13349,#13350);
#13348 = CARTESIAN_POINT('',(-2.45,-0.615,0.18));
#13349 = DIRECTION('',(0.,0.,-1.));
#13350 = DIRECTION('',(1.,-1.144237745222E-17,0.));
#13351 = ADVANCED_FACE('',(#13352),#13363,.F.);
#13352 = FACE_BOUND('',#13353,.F.);
#13353 = EDGE_LOOP('',(#13354,#13360,#13361,#13362));
#13354 = ORIENTED_EDGE('',*,*,#13355,.T.);
#13355 = EDGE_CURVE('',#10984,#11093,#13356,.T.);
#13356 = LINE('',#13357,#13358);
#13357 = CARTESIAN_POINT('',(-2.45,-0.615,8.326672684689E-17));
#13358 = VECTOR('',#13359,1.);
#13359 = DIRECTION('',(1.144237745222E-17,1.,0.));
#13360 = ORIENTED_EDGE('',*,*,#11100,.T.);
#13361 = ORIENTED_EDGE('',*,*,#13338,.F.);
#13362 = ORIENTED_EDGE('',*,*,#10991,.F.);
#13363 = PLANE('',#13364);
#13364 = AXIS2_PLACEMENT_3D('',#13365,#13366,#13367);
#13365 = CARTESIAN_POINT('',(-2.45,-0.615,8.326672684689E-17));
#13366 = DIRECTION('',(1.,-1.144237745222E-17,0.));
#13367 = DIRECTION('',(0.,0.,1.));
#13368 = ADVANCED_FACE('',(#13369),#13380,.F.);
#13369 = FACE_BOUND('',#13370,.F.);
#13370 = EDGE_LOOP('',(#13371,#13377,#13378,#13379));
#13371 = ORIENTED_EDGE('',*,*,#13372,.T.);
#13372 = EDGE_CURVE('',#10975,#11084,#13373,.T.);
#13373 = LINE('',#13374,#13375);
#13374 = CARTESIAN_POINT('',(-2.05733068201,-0.615,8.326672684689E-17));
#13375 = VECTOR('',#13376,1.);
#13376 = DIRECTION('',(1.144237745222E-17,1.,0.));
#13377 = ORIENTED_EDGE('',*,*,#11092,.T.);
#13378 = ORIENTED_EDGE('',*,*,#13355,.F.);
#13379 = ORIENTED_EDGE('',*,*,#10983,.F.);
#13380 = PLANE('',#13381);
#13381 = AXIS2_PLACEMENT_3D('',#13382,#13383,#13384);
#13382 = CARTESIAN_POINT('',(-2.05733068201,-0.615,8.326672684689E-17));
#13383 = DIRECTION('',(0.,0.,1.));
#13384 = DIRECTION('',(-1.,1.144237745222E-17,0.));
#13385 = ADVANCED_FACE('',(#13386),#13397,.T.);
#13386 = FACE_BOUND('',#13387,.T.);
#13387 = EDGE_LOOP('',(#13388,#13389,#13390,#13391));
#13388 = ORIENTED_EDGE('',*,*,#10974,.T.);
#13389 = ORIENTED_EDGE('',*,*,#13372,.T.);
#13390 = ORIENTED_EDGE('',*,*,#11083,.F.);
#13391 = ORIENTED_EDGE('',*,*,#13392,.F.);
#13392 = EDGE_CURVE('',#10967,#11076,#13393,.T.);
#13393 = LINE('',#13394,#13395);
#13394 = CARTESIAN_POINT('',(-1.830824898817,-0.615,0.190060919137));
#13395 = VECTOR('',#13396,1.);
#13396 = DIRECTION('',(1.144237745222E-17,1.,0.));
#13397 = CYLINDRICAL_SURFACE('',#13398,0.23);
#13398 = AXIS2_PLACEMENT_3D('',#13399,#13400,#13401);
#13399 = CARTESIAN_POINT('',(-2.05733068201,-0.615,0.23));
#13400 = DIRECTION('',(-1.144237745222E-17,-1.,0.));
#13401 = DIRECTION('',(0.984807753012,-1.126854202784E-17,
    -0.173648177667));
#13402 = ADVANCED_FACE('',(#13403),#13409,.F.);
#13403 = FACE_BOUND('',#13404,.F.);
#13404 = EDGE_LOOP('',(#13405,#13406,#13407,#13408));
#13405 = ORIENTED_EDGE('',*,*,#11057,.T.);
#13406 = ORIENTED_EDGE('',*,*,#11075,.T.);
#13407 = ORIENTED_EDGE('',*,*,#13392,.F.);
#13408 = ORIENTED_EDGE('',*,*,#10966,.F.);
#13409 = PLANE('',#13410);
#13410 = AXIS2_PLACEMENT_3D('',#13411,#13412,#13413);
#13411 = CARTESIAN_POINT('',(-1.799240387651,-0.615,0.393682408883));
#13412 = DIRECTION('',(-0.988182672203,1.130715912709E-17,0.153280808835
    ));
#13413 = DIRECTION('',(-0.153280808835,1.753896870877E-18,
    -0.988182672203));
#13414 = ADVANCED_FACE('',(#13415),#13426,.T.);
#13415 = FACE_BOUND('',#13416,.T.);
#13416 = EDGE_LOOP('',(#13417,#13418,#13419,#13420));
#13417 = ORIENTED_EDGE('',*,*,#11247,.T.);
#13418 = ORIENTED_EDGE('',*,*,#12936,.T.);
#13419 = ORIENTED_EDGE('',*,*,#11356,.F.);
#13420 = ORIENTED_EDGE('',*,*,#13421,.F.);
#13421 = EDGE_CURVE('',#11240,#11349,#13422,.T.);
#13422 = LINE('',#13423,#13424);
#13423 = CARTESIAN_POINT('',(-1.976505783193,-0.115,0.424939080863));
#13424 = VECTOR('',#13425,1.);
#13425 = DIRECTION('',(1.144237745222E-17,1.,0.));
#13426 = CYLINDRICAL_SURFACE('',#13427,0.23);
#13427 = AXIS2_PLACEMENT_3D('',#13428,#13429,#13430);
#13428 = CARTESIAN_POINT('',(-1.75,-0.115,0.385));
#13429 = DIRECTION('',(-1.144237745222E-17,-1.,0.));
#13430 = DIRECTION('',(-0.984807753012,1.126854202784E-17,0.173648177667
    ));
#13431 = ADVANCED_FACE('',(#13432),#13443,.F.);
#13432 = FACE_BOUND('',#13433,.F.);
#13433 = EDGE_LOOP('',(#13434,#13440,#13441,#13442));
#13434 = ORIENTED_EDGE('',*,*,#13435,.T.);
#13435 = EDGE_CURVE('',#11231,#11340,#13436,.T.);
#13436 = LINE('',#13437,#13438);
#13437 = CARTESIAN_POINT('',(-2.008090294359,-0.115,0.221317591117));
#13438 = VECTOR('',#13439,1.);
#13439 = DIRECTION('',(1.144237745222E-17,1.,0.));
#13440 = ORIENTED_EDGE('',*,*,#11348,.T.);
#13441 = ORIENTED_EDGE('',*,*,#13421,.F.);
#13442 = ORIENTED_EDGE('',*,*,#11239,.F.);
#13443 = PLANE('',#13444);
#13444 = AXIS2_PLACEMENT_3D('',#13445,#13446,#13447);
#13445 = CARTESIAN_POINT('',(-2.008090294359,-0.115,0.221317591117));
#13446 = DIRECTION('',(0.988182672203,-1.130715912709E-17,
    -0.153280808835));
#13447 = DIRECTION('',(0.153280808835,-1.753896870877E-18,0.988182672203
    ));
#13448 = ADVANCED_FACE('',(#13449),#13460,.F.);
#13449 = FACE_BOUND('',#13450,.F.);
#13450 = EDGE_LOOP('',(#13451,#13457,#13458,#13459));
#13451 = ORIENTED_EDGE('',*,*,#13452,.T.);
#13452 = EDGE_CURVE('',#11223,#11332,#13453,.T.);
#13453 = LINE('',#13454,#13455);
#13454 = CARTESIAN_POINT('',(-2.05733068201,-0.115,0.18));
#13455 = VECTOR('',#13456,1.);
#13456 = DIRECTION('',(1.144237745222E-17,1.,0.));
#13457 = ORIENTED_EDGE('',*,*,#11339,.T.);
#13458 = ORIENTED_EDGE('',*,*,#13435,.F.);
#13459 = ORIENTED_EDGE('',*,*,#11230,.F.);
#13460 = CYLINDRICAL_SURFACE('',#13461,5.E-02);
#13461 = AXIS2_PLACEMENT_3D('',#13462,#13463,#13464);
#13462 = CARTESIAN_POINT('',(-2.05733068201,-0.115,0.23));
#13463 = DIRECTION('',(-1.144237745222E-17,-1.,0.));
#13464 = DIRECTION('',(-0.,0.,-1.));
#13465 = ADVANCED_FACE('',(#13466),#13477,.F.);
#13466 = FACE_BOUND('',#13467,.F.);
#13467 = EDGE_LOOP('',(#13468,#13474,#13475,#13476));
#13468 = ORIENTED_EDGE('',*,*,#13469,.T.);
#13469 = EDGE_CURVE('',#11215,#11324,#13470,.T.);
#13470 = LINE('',#13471,#13472);
#13471 = CARTESIAN_POINT('',(-2.45,-0.115,0.18));
#13472 = VECTOR('',#13473,1.);
#13473 = DIRECTION('',(1.144237745222E-17,1.,0.));
#13474 = ORIENTED_EDGE('',*,*,#11331,.T.);
#13475 = ORIENTED_EDGE('',*,*,#13452,.F.);
#13476 = ORIENTED_EDGE('',*,*,#11222,.F.);
#13477 = PLANE('',#13478);
#13478 = AXIS2_PLACEMENT_3D('',#13479,#13480,#13481);
#13479 = CARTESIAN_POINT('',(-2.45,-0.115,0.18));
#13480 = DIRECTION('',(0.,0.,-1.));
#13481 = DIRECTION('',(1.,-1.144237745222E-17,0.));
#13482 = ADVANCED_FACE('',(#13483),#13494,.F.);
#13483 = FACE_BOUND('',#13484,.F.);
#13484 = EDGE_LOOP('',(#13485,#13491,#13492,#13493));
#13485 = ORIENTED_EDGE('',*,*,#13486,.T.);
#13486 = EDGE_CURVE('',#11207,#11316,#13487,.T.);
#13487 = LINE('',#13488,#13489);
#13488 = CARTESIAN_POINT('',(-2.45,-0.115,8.326672684689E-17));
#13489 = VECTOR('',#13490,1.);
#13490 = DIRECTION('',(1.144237745222E-17,1.,0.));
#13491 = ORIENTED_EDGE('',*,*,#11323,.T.);
#13492 = ORIENTED_EDGE('',*,*,#13469,.F.);
#13493 = ORIENTED_EDGE('',*,*,#11214,.F.);
#13494 = PLANE('',#13495);
#13495 = AXIS2_PLACEMENT_3D('',#13496,#13497,#13498);
#13496 = CARTESIAN_POINT('',(-2.45,-0.115,8.326672684689E-17));
#13497 = DIRECTION('',(1.,-1.144237745222E-17,0.));
#13498 = DIRECTION('',(0.,0.,1.));
#13499 = ADVANCED_FACE('',(#13500),#13511,.F.);
#13500 = FACE_BOUND('',#13501,.F.);
#13501 = EDGE_LOOP('',(#13502,#13508,#13509,#13510));
#13502 = ORIENTED_EDGE('',*,*,#13503,.T.);
#13503 = EDGE_CURVE('',#11198,#11307,#13504,.T.);
#13504 = LINE('',#13505,#13506);
#13505 = CARTESIAN_POINT('',(-2.05733068201,-0.115,8.326672684689E-17));
#13506 = VECTOR('',#13507,1.);
#13507 = DIRECTION('',(1.144237745222E-17,1.,0.));
#13508 = ORIENTED_EDGE('',*,*,#11315,.T.);
#13509 = ORIENTED_EDGE('',*,*,#13486,.F.);
#13510 = ORIENTED_EDGE('',*,*,#11206,.F.);
#13511 = PLANE('',#13512);
#13512 = AXIS2_PLACEMENT_3D('',#13513,#13514,#13515);
#13513 = CARTESIAN_POINT('',(-2.05733068201,-0.115,8.326672684689E-17));
#13514 = DIRECTION('',(0.,0.,1.));
#13515 = DIRECTION('',(-1.,1.144237745222E-17,0.));
#13516 = ADVANCED_FACE('',(#13517),#13528,.T.);
#13517 = FACE_BOUND('',#13518,.T.);
#13518 = EDGE_LOOP('',(#13519,#13520,#13521,#13522));
#13519 = ORIENTED_EDGE('',*,*,#11197,.T.);
#13520 = ORIENTED_EDGE('',*,*,#13503,.T.);
#13521 = ORIENTED_EDGE('',*,*,#11306,.F.);
#13522 = ORIENTED_EDGE('',*,*,#13523,.F.);
#13523 = EDGE_CURVE('',#11190,#11299,#13524,.T.);
#13524 = LINE('',#13525,#13526);
#13525 = CARTESIAN_POINT('',(-1.830824898817,-0.115,0.190060919137));
#13526 = VECTOR('',#13527,1.);
#13527 = DIRECTION('',(1.144237745222E-17,1.,0.));
#13528 = CYLINDRICAL_SURFACE('',#13529,0.23);
#13529 = AXIS2_PLACEMENT_3D('',#13530,#13531,#13532);
#13530 = CARTESIAN_POINT('',(-2.05733068201,-0.115,0.23));
#13531 = DIRECTION('',(-1.144237745222E-17,-1.,0.));
#13532 = DIRECTION('',(0.984807753012,-1.126854202784E-17,
    -0.173648177667));
#13533 = ADVANCED_FACE('',(#13534),#13540,.F.);
#13534 = FACE_BOUND('',#13535,.F.);
#13535 = EDGE_LOOP('',(#13536,#13537,#13538,#13539));
#13536 = ORIENTED_EDGE('',*,*,#11280,.T.);
#13537 = ORIENTED_EDGE('',*,*,#11298,.T.);
#13538 = ORIENTED_EDGE('',*,*,#13523,.F.);
#13539 = ORIENTED_EDGE('',*,*,#11189,.F.);
#13540 = PLANE('',#13541);
#13541 = AXIS2_PLACEMENT_3D('',#13542,#13543,#13544);
#13542 = CARTESIAN_POINT('',(-1.799240387651,-0.115,0.393682408883));
#13543 = DIRECTION('',(-0.988182672203,1.130715912709E-17,0.153280808835
    ));
#13544 = DIRECTION('',(-0.153280808835,1.753896870877E-18,
    -0.988182672203));
#13545 = ADVANCED_FACE('',(#13546),#13557,.T.);
#13546 = FACE_BOUND('',#13547,.T.);
#13547 = EDGE_LOOP('',(#13548,#13549,#13550,#13551));
#13548 = ORIENTED_EDGE('',*,*,#11470,.T.);
#13549 = ORIENTED_EDGE('',*,*,#12955,.T.);
#13550 = ORIENTED_EDGE('',*,*,#11579,.F.);
#13551 = ORIENTED_EDGE('',*,*,#13552,.F.);
#13552 = EDGE_CURVE('',#11463,#11572,#13553,.T.);
#13553 = LINE('',#13554,#13555);
#13554 = CARTESIAN_POINT('',(-1.976505783193,0.385,0.424939080863));
#13555 = VECTOR('',#13556,1.);
#13556 = DIRECTION('',(1.144237745222E-17,1.,0.));
#13557 = CYLINDRICAL_SURFACE('',#13558,0.23);
#13558 = AXIS2_PLACEMENT_3D('',#13559,#13560,#13561);
#13559 = CARTESIAN_POINT('',(-1.75,0.385,0.385));
#13560 = DIRECTION('',(-1.144237745222E-17,-1.,0.));
#13561 = DIRECTION('',(-0.984807753012,1.126854202784E-17,0.173648177667
    ));
#13562 = ADVANCED_FACE('',(#13563),#13574,.F.);
#13563 = FACE_BOUND('',#13564,.F.);
#13564 = EDGE_LOOP('',(#13565,#13571,#13572,#13573));
#13565 = ORIENTED_EDGE('',*,*,#13566,.T.);
#13566 = EDGE_CURVE('',#11454,#11563,#13567,.T.);
#13567 = LINE('',#13568,#13569);
#13568 = CARTESIAN_POINT('',(-2.008090294359,0.385,0.221317591117));
#13569 = VECTOR('',#13570,1.);
#13570 = DIRECTION('',(1.144237745222E-17,1.,0.));
#13571 = ORIENTED_EDGE('',*,*,#11571,.T.);
#13572 = ORIENTED_EDGE('',*,*,#13552,.F.);
#13573 = ORIENTED_EDGE('',*,*,#11462,.F.);
#13574 = PLANE('',#13575);
#13575 = AXIS2_PLACEMENT_3D('',#13576,#13577,#13578);
#13576 = CARTESIAN_POINT('',(-2.008090294359,0.385,0.221317591117));
#13577 = DIRECTION('',(0.988182672203,-1.130715912709E-17,
    -0.153280808835));
#13578 = DIRECTION('',(0.153280808835,-1.753896870877E-18,0.988182672203
    ));
#13579 = ADVANCED_FACE('',(#13580),#13591,.F.);
#13580 = FACE_BOUND('',#13581,.F.);
#13581 = EDGE_LOOP('',(#13582,#13588,#13589,#13590));
#13582 = ORIENTED_EDGE('',*,*,#13583,.T.);
#13583 = EDGE_CURVE('',#11446,#11555,#13584,.T.);
#13584 = LINE('',#13585,#13586);
#13585 = CARTESIAN_POINT('',(-2.05733068201,0.385,0.18));
#13586 = VECTOR('',#13587,1.);
#13587 = DIRECTION('',(1.144237745222E-17,1.,0.));
#13588 = ORIENTED_EDGE('',*,*,#11562,.T.);
#13589 = ORIENTED_EDGE('',*,*,#13566,.F.);
#13590 = ORIENTED_EDGE('',*,*,#11453,.F.);
#13591 = CYLINDRICAL_SURFACE('',#13592,5.E-02);
#13592 = AXIS2_PLACEMENT_3D('',#13593,#13594,#13595);
#13593 = CARTESIAN_POINT('',(-2.05733068201,0.385,0.23));
#13594 = DIRECTION('',(-1.144237745222E-17,-1.,0.));
#13595 = DIRECTION('',(-0.,0.,-1.));
#13596 = ADVANCED_FACE('',(#13597),#13608,.F.);
#13597 = FACE_BOUND('',#13598,.F.);
#13598 = EDGE_LOOP('',(#13599,#13605,#13606,#13607));
#13599 = ORIENTED_EDGE('',*,*,#13600,.T.);
#13600 = EDGE_CURVE('',#11438,#11547,#13601,.T.);
#13601 = LINE('',#13602,#13603);
#13602 = CARTESIAN_POINT('',(-2.45,0.385,0.18));
#13603 = VECTOR('',#13604,1.);
#13604 = DIRECTION('',(1.144237745222E-17,1.,0.));
#13605 = ORIENTED_EDGE('',*,*,#11554,.T.);
#13606 = ORIENTED_EDGE('',*,*,#13583,.F.);
#13607 = ORIENTED_EDGE('',*,*,#11445,.F.);
#13608 = PLANE('',#13609);
#13609 = AXIS2_PLACEMENT_3D('',#13610,#13611,#13612);
#13610 = CARTESIAN_POINT('',(-2.45,0.385,0.18));
#13611 = DIRECTION('',(0.,0.,-1.));
#13612 = DIRECTION('',(1.,-1.144237745222E-17,0.));
#13613 = ADVANCED_FACE('',(#13614),#13625,.F.);
#13614 = FACE_BOUND('',#13615,.F.);
#13615 = EDGE_LOOP('',(#13616,#13622,#13623,#13624));
#13616 = ORIENTED_EDGE('',*,*,#13617,.T.);
#13617 = EDGE_CURVE('',#11430,#11539,#13618,.T.);
#13618 = LINE('',#13619,#13620);
#13619 = CARTESIAN_POINT('',(-2.45,0.385,8.326672684689E-17));
#13620 = VECTOR('',#13621,1.);
#13621 = DIRECTION('',(1.144237745222E-17,1.,0.));
#13622 = ORIENTED_EDGE('',*,*,#11546,.T.);
#13623 = ORIENTED_EDGE('',*,*,#13600,.F.);
#13624 = ORIENTED_EDGE('',*,*,#11437,.F.);
#13625 = PLANE('',#13626);
#13626 = AXIS2_PLACEMENT_3D('',#13627,#13628,#13629);
#13627 = CARTESIAN_POINT('',(-2.45,0.385,8.326672684689E-17));
#13628 = DIRECTION('',(1.,-1.144237745222E-17,0.));
#13629 = DIRECTION('',(0.,0.,1.));
#13630 = ADVANCED_FACE('',(#13631),#13642,.F.);
#13631 = FACE_BOUND('',#13632,.F.);
#13632 = EDGE_LOOP('',(#13633,#13639,#13640,#13641));
#13633 = ORIENTED_EDGE('',*,*,#13634,.T.);
#13634 = EDGE_CURVE('',#11421,#11530,#13635,.T.);
#13635 = LINE('',#13636,#13637);
#13636 = CARTESIAN_POINT('',(-2.05733068201,0.385,8.326672684689E-17));
#13637 = VECTOR('',#13638,1.);
#13638 = DIRECTION('',(1.144237745222E-17,1.,0.));
#13639 = ORIENTED_EDGE('',*,*,#11538,.T.);
#13640 = ORIENTED_EDGE('',*,*,#13617,.F.);
#13641 = ORIENTED_EDGE('',*,*,#11429,.F.);
#13642 = PLANE('',#13643);
#13643 = AXIS2_PLACEMENT_3D('',#13644,#13645,#13646);
#13644 = CARTESIAN_POINT('',(-2.05733068201,0.385,8.326672684689E-17));
#13645 = DIRECTION('',(0.,0.,1.));
#13646 = DIRECTION('',(-1.,1.144237745222E-17,0.));
#13647 = ADVANCED_FACE('',(#13648),#13659,.T.);
#13648 = FACE_BOUND('',#13649,.T.);
#13649 = EDGE_LOOP('',(#13650,#13651,#13652,#13653));
#13650 = ORIENTED_EDGE('',*,*,#11420,.T.);
#13651 = ORIENTED_EDGE('',*,*,#13634,.T.);
#13652 = ORIENTED_EDGE('',*,*,#11529,.F.);
#13653 = ORIENTED_EDGE('',*,*,#13654,.F.);
#13654 = EDGE_CURVE('',#11413,#11522,#13655,.T.);
#13655 = LINE('',#13656,#13657);
#13656 = CARTESIAN_POINT('',(-1.830824898817,0.385,0.190060919137));
#13657 = VECTOR('',#13658,1.);
#13658 = DIRECTION('',(1.144237745222E-17,1.,0.));
#13659 = CYLINDRICAL_SURFACE('',#13660,0.23);
#13660 = AXIS2_PLACEMENT_3D('',#13661,#13662,#13663);
#13661 = CARTESIAN_POINT('',(-2.05733068201,0.385,0.23));
#13662 = DIRECTION('',(-1.144237745222E-17,-1.,0.));
#13663 = DIRECTION('',(0.984807753012,-1.126854202784E-17,
    -0.173648177667));
#13664 = ADVANCED_FACE('',(#13665),#13671,.F.);
#13665 = FACE_BOUND('',#13666,.F.);
#13666 = EDGE_LOOP('',(#13667,#13668,#13669,#13670));
#13667 = ORIENTED_EDGE('',*,*,#11503,.T.);
#13668 = ORIENTED_EDGE('',*,*,#11521,.T.);
#13669 = ORIENTED_EDGE('',*,*,#13654,.F.);
#13670 = ORIENTED_EDGE('',*,*,#11412,.F.);
#13671 = PLANE('',#13672);
#13672 = AXIS2_PLACEMENT_3D('',#13673,#13674,#13675);
#13673 = CARTESIAN_POINT('',(-1.799240387651,0.385,0.393682408883));
#13674 = DIRECTION('',(-0.988182672203,1.130715912709E-17,0.153280808835
    ));
#13675 = DIRECTION('',(-0.153280808835,1.753896870877E-18,
    -0.988182672203));
#13676 = ADVANCED_FACE('',(#13677),#13688,.F.);
#13677 = FACE_BOUND('',#13678,.F.);
#13678 = EDGE_LOOP('',(#13679,#13685,#13686,#13687));
#13679 = ORIENTED_EDGE('',*,*,#13680,.T.);
#13680 = EDGE_CURVE('',#11672,#11774,#13681,.T.);
#13681 = LINE('',#13682,#13683);
#13682 = CARTESIAN_POINT('',(-2.008090294359,0.885,0.221317591117));
#13683 = VECTOR('',#13684,1.);
#13684 = DIRECTION('',(1.144237745222E-17,1.,0.));
#13685 = ORIENTED_EDGE('',*,*,#11782,.T.);
#13686 = ORIENTED_EDGE('',*,*,#12883,.F.);
#13687 = ORIENTED_EDGE('',*,*,#11680,.F.);
#13688 = PLANE('',#13689);
#13689 = AXIS2_PLACEMENT_3D('',#13690,#13691,#13692);
#13690 = CARTESIAN_POINT('',(-2.008090294359,0.885,0.221317591117));
#13691 = DIRECTION('',(0.988182672203,-1.130715912709E-17,
    -0.153280808835));
#13692 = DIRECTION('',(0.153280808835,-1.753896870877E-18,0.988182672203
    ));
#13693 = ADVANCED_FACE('',(#13694),#13705,.F.);
#13694 = FACE_BOUND('',#13695,.F.);
#13695 = EDGE_LOOP('',(#13696,#13702,#13703,#13704));
#13696 = ORIENTED_EDGE('',*,*,#13697,.T.);
#13697 = EDGE_CURVE('',#11664,#11766,#13698,.T.);
#13698 = LINE('',#13699,#13700);
#13699 = CARTESIAN_POINT('',(-2.05733068201,0.885,0.18));
#13700 = VECTOR('',#13701,1.);
#13701 = DIRECTION('',(1.144237745222E-17,1.,0.));
#13702 = ORIENTED_EDGE('',*,*,#11773,.T.);
#13703 = ORIENTED_EDGE('',*,*,#13680,.F.);
#13704 = ORIENTED_EDGE('',*,*,#11671,.F.);
#13705 = CYLINDRICAL_SURFACE('',#13706,5.E-02);
#13706 = AXIS2_PLACEMENT_3D('',#13707,#13708,#13709);
#13707 = CARTESIAN_POINT('',(-2.05733068201,0.885,0.23));
#13708 = DIRECTION('',(-1.144237745222E-17,-1.,0.));
#13709 = DIRECTION('',(-0.,0.,-1.));
#13710 = ADVANCED_FACE('',(#13711),#13722,.F.);
#13711 = FACE_BOUND('',#13712,.F.);
#13712 = EDGE_LOOP('',(#13713,#13719,#13720,#13721));
#13713 = ORIENTED_EDGE('',*,*,#13714,.T.);
#13714 = EDGE_CURVE('',#11656,#11758,#13715,.T.);
#13715 = LINE('',#13716,#13717);
#13716 = CARTESIAN_POINT('',(-2.45,0.885,0.18));
#13717 = VECTOR('',#13718,1.);
#13718 = DIRECTION('',(1.144237745222E-17,1.,0.));
#13719 = ORIENTED_EDGE('',*,*,#11765,.T.);
#13720 = ORIENTED_EDGE('',*,*,#13697,.F.);
#13721 = ORIENTED_EDGE('',*,*,#11663,.F.);
#13722 = PLANE('',#13723);
#13723 = AXIS2_PLACEMENT_3D('',#13724,#13725,#13726);
#13724 = CARTESIAN_POINT('',(-2.45,0.885,0.18));
#13725 = DIRECTION('',(0.,0.,-1.));
#13726 = DIRECTION('',(1.,-1.144237745222E-17,0.));
#13727 = ADVANCED_FACE('',(#13728),#13739,.F.);
#13728 = FACE_BOUND('',#13729,.F.);
#13729 = EDGE_LOOP('',(#13730,#13736,#13737,#13738));
#13730 = ORIENTED_EDGE('',*,*,#13731,.T.);
#13731 = EDGE_CURVE('',#11648,#11750,#13732,.T.);
#13732 = LINE('',#13733,#13734);
#13733 = CARTESIAN_POINT('',(-2.45,0.885,8.326672684689E-17));
#13734 = VECTOR('',#13735,1.);
#13735 = DIRECTION('',(1.144237745222E-17,1.,0.));
#13736 = ORIENTED_EDGE('',*,*,#11757,.T.);
#13737 = ORIENTED_EDGE('',*,*,#13714,.F.);
#13738 = ORIENTED_EDGE('',*,*,#11655,.F.);
#13739 = PLANE('',#13740);
#13740 = AXIS2_PLACEMENT_3D('',#13741,#13742,#13743);
#13741 = CARTESIAN_POINT('',(-2.45,0.885,8.326672684689E-17));
#13742 = DIRECTION('',(1.,-1.144237745222E-17,0.));
#13743 = DIRECTION('',(0.,0.,1.));
#13744 = ADVANCED_FACE('',(#13745),#13756,.F.);
#13745 = FACE_BOUND('',#13746,.F.);
#13746 = EDGE_LOOP('',(#13747,#13753,#13754,#13755));
#13747 = ORIENTED_EDGE('',*,*,#13748,.T.);
#13748 = EDGE_CURVE('',#11639,#11741,#13749,.T.);
#13749 = LINE('',#13750,#13751);
#13750 = CARTESIAN_POINT('',(-2.05733068201,0.885,8.326672684689E-17));
#13751 = VECTOR('',#13752,1.);
#13752 = DIRECTION('',(1.144237745222E-17,1.,0.));
#13753 = ORIENTED_EDGE('',*,*,#11749,.T.);
#13754 = ORIENTED_EDGE('',*,*,#13731,.F.);
#13755 = ORIENTED_EDGE('',*,*,#11647,.F.);
#13756 = PLANE('',#13757);
#13757 = AXIS2_PLACEMENT_3D('',#13758,#13759,#13760);
#13758 = CARTESIAN_POINT('',(-2.05733068201,0.885,8.326672684689E-17));
#13759 = DIRECTION('',(0.,0.,1.));
#13760 = DIRECTION('',(-1.,1.144237745222E-17,0.));
#13761 = ADVANCED_FACE('',(#13762),#13773,.T.);
#13762 = FACE_BOUND('',#13763,.T.);
#13763 = EDGE_LOOP('',(#13764,#13765,#13766,#13767));
#13764 = ORIENTED_EDGE('',*,*,#11638,.T.);
#13765 = ORIENTED_EDGE('',*,*,#13748,.T.);
#13766 = ORIENTED_EDGE('',*,*,#11740,.F.);
#13767 = ORIENTED_EDGE('',*,*,#13768,.F.);
#13768 = EDGE_CURVE('',#11631,#11733,#13769,.T.);
#13769 = LINE('',#13770,#13771);
#13770 = CARTESIAN_POINT('',(-1.830824898817,0.885,0.190060919137));
#13771 = VECTOR('',#13772,1.);
#13772 = DIRECTION('',(1.144237745222E-17,1.,0.));
#13773 = CYLINDRICAL_SURFACE('',#13774,0.23);
#13774 = AXIS2_PLACEMENT_3D('',#13775,#13776,#13777);
#13775 = CARTESIAN_POINT('',(-2.05733068201,0.885,0.23));
#13776 = DIRECTION('',(-1.144237745222E-17,-1.,0.));
#13777 = DIRECTION('',(0.984807753012,-1.126854202784E-17,
    -0.173648177667));
#13778 = ADVANCED_FACE('',(#13779),#13785,.F.);
#13779 = FACE_BOUND('',#13780,.F.);
#13780 = EDGE_LOOP('',(#13781,#13782,#13783,#13784));
#13781 = ORIENTED_EDGE('',*,*,#11714,.T.);
#13782 = ORIENTED_EDGE('',*,*,#11732,.T.);
#13783 = ORIENTED_EDGE('',*,*,#13768,.F.);
#13784 = ORIENTED_EDGE('',*,*,#11630,.F.);
#13785 = PLANE('',#13786);
#13786 = AXIS2_PLACEMENT_3D('',#13787,#13788,#13789);
#13787 = CARTESIAN_POINT('',(-1.799240387651,0.885,0.393682408883));
#13788 = DIRECTION('',(-0.988182672203,1.130715912709E-17,0.153280808835
    ));
#13789 = DIRECTION('',(-0.153280808835,1.753896870877E-18,
    -0.988182672203));
#13790 = ADVANCED_FACE('',(#13791),#13802,.F.);
#13791 = FACE_BOUND('',#13792,.F.);
#13792 = EDGE_LOOP('',(#13793,#13799,#13800,#13801));
#13793 = ORIENTED_EDGE('',*,*,#13794,.T.);
#13794 = EDGE_CURVE('',#11859,#11961,#13795,.T.);
#13795 = LINE('',#13796,#13797);
#13796 = CARTESIAN_POINT('',(2.008090294359,1.115,0.221317591117));
#13797 = VECTOR('',#13798,1.);
#13798 = DIRECTION('',(1.110223024625E-16,-1.,0.));
#13799 = ORIENTED_EDGE('',*,*,#11969,.T.);
#13800 = ORIENTED_EDGE('',*,*,#13130,.F.);
#13801 = ORIENTED_EDGE('',*,*,#11867,.F.);
#13802 = PLANE('',#13803);
#13803 = AXIS2_PLACEMENT_3D('',#13804,#13805,#13806);
#13804 = CARTESIAN_POINT('',(2.008090294359,1.115,0.221317591117));
#13805 = DIRECTION('',(-0.988182672203,-1.097103155216E-16,
    -0.153280808835));
#13806 = DIRECTION('',(-0.153280808835,-1.701758832023E-17,
    0.988182672203));
#13807 = ADVANCED_FACE('',(#13808),#13819,.F.);
#13808 = FACE_BOUND('',#13809,.F.);
#13809 = EDGE_LOOP('',(#13810,#13816,#13817,#13818));
#13810 = ORIENTED_EDGE('',*,*,#13811,.T.);
#13811 = EDGE_CURVE('',#11851,#11953,#13812,.T.);
#13812 = LINE('',#13813,#13814);
#13813 = CARTESIAN_POINT('',(2.05733068201,1.115,0.18));
#13814 = VECTOR('',#13815,1.);
#13815 = DIRECTION('',(1.110223024625E-16,-1.,0.));
#13816 = ORIENTED_EDGE('',*,*,#11960,.T.);
#13817 = ORIENTED_EDGE('',*,*,#13794,.F.);
#13818 = ORIENTED_EDGE('',*,*,#11858,.F.);
#13819 = CYLINDRICAL_SURFACE('',#13820,5.E-02);
#13820 = AXIS2_PLACEMENT_3D('',#13821,#13822,#13823);
#13821 = CARTESIAN_POINT('',(2.05733068201,1.115,0.23));
#13822 = DIRECTION('',(-1.110223024625E-16,1.,0.));
#13823 = DIRECTION('',(0.,0.,-1.));
#13824 = ADVANCED_FACE('',(#13825),#13836,.F.);
#13825 = FACE_BOUND('',#13826,.F.);
#13826 = EDGE_LOOP('',(#13827,#13833,#13834,#13835));
#13827 = ORIENTED_EDGE('',*,*,#13828,.T.);
#13828 = EDGE_CURVE('',#11843,#11945,#13829,.T.);
#13829 = LINE('',#13830,#13831);
#13830 = CARTESIAN_POINT('',(2.45,1.115,0.18));
#13831 = VECTOR('',#13832,1.);
#13832 = DIRECTION('',(1.110223024625E-16,-1.,0.));
#13833 = ORIENTED_EDGE('',*,*,#11952,.T.);
#13834 = ORIENTED_EDGE('',*,*,#13811,.F.);
#13835 = ORIENTED_EDGE('',*,*,#11850,.F.);
#13836 = PLANE('',#13837);
#13837 = AXIS2_PLACEMENT_3D('',#13838,#13839,#13840);
#13838 = CARTESIAN_POINT('',(2.45,1.115,0.18));
#13839 = DIRECTION('',(0.,0.,-1.));
#13840 = DIRECTION('',(-1.,-1.110223024625E-16,-0.));
#13841 = ADVANCED_FACE('',(#13842),#13853,.F.);
#13842 = FACE_BOUND('',#13843,.F.);
#13843 = EDGE_LOOP('',(#13844,#13850,#13851,#13852));
#13844 = ORIENTED_EDGE('',*,*,#13845,.T.);
#13845 = EDGE_CURVE('',#11835,#11937,#13846,.T.);
#13846 = LINE('',#13847,#13848);
#13847 = CARTESIAN_POINT('',(2.45,1.115,8.326672684689E-17));
#13848 = VECTOR('',#13849,1.);
#13849 = DIRECTION('',(1.110223024625E-16,-1.,0.));
#13850 = ORIENTED_EDGE('',*,*,#11944,.T.);
#13851 = ORIENTED_EDGE('',*,*,#13828,.F.);
#13852 = ORIENTED_EDGE('',*,*,#11842,.F.);
#13853 = PLANE('',#13854);
#13854 = AXIS2_PLACEMENT_3D('',#13855,#13856,#13857);
#13855 = CARTESIAN_POINT('',(2.45,1.115,8.326672684689E-17));
#13856 = DIRECTION('',(-1.,-1.110223024625E-16,0.));
#13857 = DIRECTION('',(0.,0.,1.));
#13858 = ADVANCED_FACE('',(#13859),#13870,.F.);
#13859 = FACE_BOUND('',#13860,.F.);
#13860 = EDGE_LOOP('',(#13861,#13867,#13868,#13869));
#13861 = ORIENTED_EDGE('',*,*,#13862,.T.);
#13862 = EDGE_CURVE('',#11826,#11928,#13863,.T.);
#13863 = LINE('',#13864,#13865);
#13864 = CARTESIAN_POINT('',(2.05733068201,1.115,8.326672684689E-17));
#13865 = VECTOR('',#13866,1.);
#13866 = DIRECTION('',(1.110223024625E-16,-1.,0.));
#13867 = ORIENTED_EDGE('',*,*,#11936,.T.);
#13868 = ORIENTED_EDGE('',*,*,#13845,.F.);
#13869 = ORIENTED_EDGE('',*,*,#11834,.F.);
#13870 = PLANE('',#13871);
#13871 = AXIS2_PLACEMENT_3D('',#13872,#13873,#13874);
#13872 = CARTESIAN_POINT('',(2.05733068201,1.115,8.326672684689E-17));
#13873 = DIRECTION('',(0.,0.,1.));
#13874 = DIRECTION('',(1.,1.110223024625E-16,-0.));
#13875 = ADVANCED_FACE('',(#13876),#13887,.T.);
#13876 = FACE_BOUND('',#13877,.T.);
#13877 = EDGE_LOOP('',(#13878,#13879,#13880,#13881));
#13878 = ORIENTED_EDGE('',*,*,#11825,.T.);
#13879 = ORIENTED_EDGE('',*,*,#13862,.T.);
#13880 = ORIENTED_EDGE('',*,*,#11927,.F.);
#13881 = ORIENTED_EDGE('',*,*,#13882,.F.);
#13882 = EDGE_CURVE('',#11818,#11920,#13883,.T.);
#13883 = LINE('',#13884,#13885);
#13884 = CARTESIAN_POINT('',(1.830824898817,1.115,0.190060919137));
#13885 = VECTOR('',#13886,1.);
#13886 = DIRECTION('',(1.110223024625E-16,-1.,0.));
#13887 = CYLINDRICAL_SURFACE('',#13888,0.23);
#13888 = AXIS2_PLACEMENT_3D('',#13889,#13890,#13891);
#13889 = CARTESIAN_POINT('',(2.05733068201,1.115,0.23));
#13890 = DIRECTION('',(-1.110223024625E-16,1.,0.));
#13891 = DIRECTION('',(-0.984807753012,-1.093356242223E-16,
    -0.173648177667));
#13892 = ADVANCED_FACE('',(#13893),#13899,.F.);
#13893 = FACE_BOUND('',#13894,.F.);
#13894 = EDGE_LOOP('',(#13895,#13896,#13897,#13898));
#13895 = ORIENTED_EDGE('',*,*,#11901,.T.);
#13896 = ORIENTED_EDGE('',*,*,#11919,.T.);
#13897 = ORIENTED_EDGE('',*,*,#13882,.F.);
#13898 = ORIENTED_EDGE('',*,*,#11817,.F.);
#13899 = PLANE('',#13900);
#13900 = AXIS2_PLACEMENT_3D('',#13901,#13902,#13903);
#13901 = CARTESIAN_POINT('',(1.799240387651,1.115,0.393682408883));
#13902 = DIRECTION('',(0.988182672203,1.097103155216E-16,0.153280808835)
  );
#13903 = DIRECTION('',(0.153280808835,1.701758832023E-17,-0.988182672203
    ));
#13904 = ADVANCED_FACE('',(#13905),#13916,.T.);
#13905 = FACE_BOUND('',#13906,.T.);
#13906 = EDGE_LOOP('',(#13907,#13908,#13909,#13910));
#13907 = ORIENTED_EDGE('',*,*,#12079,.T.);
#13908 = ORIENTED_EDGE('',*,*,#13036,.T.);
#13909 = ORIENTED_EDGE('',*,*,#12188,.F.);
#13910 = ORIENTED_EDGE('',*,*,#13911,.F.);
#13911 = EDGE_CURVE('',#12072,#12181,#13912,.T.);
#13912 = LINE('',#13913,#13914);
#13913 = CARTESIAN_POINT('',(1.976505783193,0.615,0.424939080863));
#13914 = VECTOR('',#13915,1.);
#13915 = DIRECTION('',(1.110223024625E-16,-1.,0.));
#13916 = CYLINDRICAL_SURFACE('',#13917,0.23);
#13917 = AXIS2_PLACEMENT_3D('',#13918,#13919,#13920);
#13918 = CARTESIAN_POINT('',(1.75,0.615,0.385));
#13919 = DIRECTION('',(-1.110223024625E-16,1.,0.));
#13920 = DIRECTION('',(0.984807753012,1.093356242223E-16,0.173648177667)
  );
#13921 = ADVANCED_FACE('',(#13922),#13933,.F.);
#13922 = FACE_BOUND('',#13923,.F.);
#13923 = EDGE_LOOP('',(#13924,#13930,#13931,#13932));
#13924 = ORIENTED_EDGE('',*,*,#13925,.T.);
#13925 = EDGE_CURVE('',#12063,#12172,#13926,.T.);
#13926 = LINE('',#13927,#13928);
#13927 = CARTESIAN_POINT('',(2.008090294359,0.615,0.221317591117));
#13928 = VECTOR('',#13929,1.);
#13929 = DIRECTION('',(1.110223024625E-16,-1.,0.));
#13930 = ORIENTED_EDGE('',*,*,#12180,.T.);
#13931 = ORIENTED_EDGE('',*,*,#13911,.F.);
#13932 = ORIENTED_EDGE('',*,*,#12071,.F.);
#13933 = PLANE('',#13934);
#13934 = AXIS2_PLACEMENT_3D('',#13935,#13936,#13937);
#13935 = CARTESIAN_POINT('',(2.008090294359,0.615,0.221317591117));
#13936 = DIRECTION('',(-0.988182672203,-1.097103155216E-16,
    -0.153280808835));
#13937 = DIRECTION('',(-0.153280808835,-1.701758832023E-17,
    0.988182672203));
#13938 = ADVANCED_FACE('',(#13939),#13950,.F.);
#13939 = FACE_BOUND('',#13940,.F.);
#13940 = EDGE_LOOP('',(#13941,#13947,#13948,#13949));
#13941 = ORIENTED_EDGE('',*,*,#13942,.T.);
#13942 = EDGE_CURVE('',#12055,#12164,#13943,.T.);
#13943 = LINE('',#13944,#13945);
#13944 = CARTESIAN_POINT('',(2.05733068201,0.615,0.18));
#13945 = VECTOR('',#13946,1.);
#13946 = DIRECTION('',(1.110223024625E-16,-1.,0.));
#13947 = ORIENTED_EDGE('',*,*,#12171,.T.);
#13948 = ORIENTED_EDGE('',*,*,#13925,.F.);
#13949 = ORIENTED_EDGE('',*,*,#12062,.F.);
#13950 = CYLINDRICAL_SURFACE('',#13951,5.E-02);
#13951 = AXIS2_PLACEMENT_3D('',#13952,#13953,#13954);
#13952 = CARTESIAN_POINT('',(2.05733068201,0.615,0.23));
#13953 = DIRECTION('',(-1.110223024625E-16,1.,0.));
#13954 = DIRECTION('',(0.,0.,-1.));
#13955 = ADVANCED_FACE('',(#13956),#13967,.F.);
#13956 = FACE_BOUND('',#13957,.F.);
#13957 = EDGE_LOOP('',(#13958,#13964,#13965,#13966));
#13958 = ORIENTED_EDGE('',*,*,#13959,.T.);
#13959 = EDGE_CURVE('',#12047,#12156,#13960,.T.);
#13960 = LINE('',#13961,#13962);
#13961 = CARTESIAN_POINT('',(2.45,0.615,0.18));
#13962 = VECTOR('',#13963,1.);
#13963 = DIRECTION('',(1.110223024625E-16,-1.,0.));
#13964 = ORIENTED_EDGE('',*,*,#12163,.T.);
#13965 = ORIENTED_EDGE('',*,*,#13942,.F.);
#13966 = ORIENTED_EDGE('',*,*,#12054,.F.);
#13967 = PLANE('',#13968);
#13968 = AXIS2_PLACEMENT_3D('',#13969,#13970,#13971);
#13969 = CARTESIAN_POINT('',(2.45,0.615,0.18));
#13970 = DIRECTION('',(0.,0.,-1.));
#13971 = DIRECTION('',(-1.,-1.110223024625E-16,-0.));
#13972 = ADVANCED_FACE('',(#13973),#13984,.F.);
#13973 = FACE_BOUND('',#13974,.F.);
#13974 = EDGE_LOOP('',(#13975,#13981,#13982,#13983));
#13975 = ORIENTED_EDGE('',*,*,#13976,.T.);
#13976 = EDGE_CURVE('',#12039,#12148,#13977,.T.);
#13977 = LINE('',#13978,#13979);
#13978 = CARTESIAN_POINT('',(2.45,0.615,8.326672684689E-17));
#13979 = VECTOR('',#13980,1.);
#13980 = DIRECTION('',(1.110223024625E-16,-1.,0.));
#13981 = ORIENTED_EDGE('',*,*,#12155,.T.);
#13982 = ORIENTED_EDGE('',*,*,#13959,.F.);
#13983 = ORIENTED_EDGE('',*,*,#12046,.F.);
#13984 = PLANE('',#13985);
#13985 = AXIS2_PLACEMENT_3D('',#13986,#13987,#13988);
#13986 = CARTESIAN_POINT('',(2.45,0.615,8.326672684689E-17));
#13987 = DIRECTION('',(-1.,-1.110223024625E-16,0.));
#13988 = DIRECTION('',(0.,0.,1.));
#13989 = ADVANCED_FACE('',(#13990),#14001,.F.);
#13990 = FACE_BOUND('',#13991,.F.);
#13991 = EDGE_LOOP('',(#13992,#13998,#13999,#14000));
#13992 = ORIENTED_EDGE('',*,*,#13993,.T.);
#13993 = EDGE_CURVE('',#12030,#12139,#13994,.T.);
#13994 = LINE('',#13995,#13996);
#13995 = CARTESIAN_POINT('',(2.05733068201,0.615,8.326672684689E-17));
#13996 = VECTOR('',#13997,1.);
#13997 = DIRECTION('',(1.110223024625E-16,-1.,0.));
#13998 = ORIENTED_EDGE('',*,*,#12147,.T.);
#13999 = ORIENTED_EDGE('',*,*,#13976,.F.);
#14000 = ORIENTED_EDGE('',*,*,#12038,.F.);
#14001 = PLANE('',#14002);
#14002 = AXIS2_PLACEMENT_3D('',#14003,#14004,#14005);
#14003 = CARTESIAN_POINT('',(2.05733068201,0.615,8.326672684689E-17));
#14004 = DIRECTION('',(0.,0.,1.));
#14005 = DIRECTION('',(1.,1.110223024625E-16,-0.));
#14006 = ADVANCED_FACE('',(#14007),#14018,.T.);
#14007 = FACE_BOUND('',#14008,.T.);
#14008 = EDGE_LOOP('',(#14009,#14010,#14011,#14012));
#14009 = ORIENTED_EDGE('',*,*,#12029,.T.);
#14010 = ORIENTED_EDGE('',*,*,#13993,.T.);
#14011 = ORIENTED_EDGE('',*,*,#12138,.F.);
#14012 = ORIENTED_EDGE('',*,*,#14013,.F.);
#14013 = EDGE_CURVE('',#12022,#12131,#14014,.T.);
#14014 = LINE('',#14015,#14016);
#14015 = CARTESIAN_POINT('',(1.830824898817,0.615,0.190060919137));
#14016 = VECTOR('',#14017,1.);
#14017 = DIRECTION('',(1.110223024625E-16,-1.,0.));
#14018 = CYLINDRICAL_SURFACE('',#14019,0.23);
#14019 = AXIS2_PLACEMENT_3D('',#14020,#14021,#14022);
#14020 = CARTESIAN_POINT('',(2.05733068201,0.615,0.23));
#14021 = DIRECTION('',(-1.110223024625E-16,1.,0.));
#14022 = DIRECTION('',(-0.984807753012,-1.093356242223E-16,
    -0.173648177667));
#14023 = ADVANCED_FACE('',(#14024),#14030,.F.);
#14024 = FACE_BOUND('',#14025,.F.);
#14025 = EDGE_LOOP('',(#14026,#14027,#14028,#14029));
#14026 = ORIENTED_EDGE('',*,*,#12112,.T.);
#14027 = ORIENTED_EDGE('',*,*,#12130,.T.);
#14028 = ORIENTED_EDGE('',*,*,#14013,.F.);
#14029 = ORIENTED_EDGE('',*,*,#12021,.F.);
#14030 = PLANE('',#14031);
#14031 = AXIS2_PLACEMENT_3D('',#14032,#14033,#14034);
#14032 = CARTESIAN_POINT('',(1.799240387651,0.615,0.393682408883));
#14033 = DIRECTION('',(0.988182672203,1.097103155216E-16,0.153280808835)
  );
#14034 = DIRECTION('',(0.153280808835,1.701758832023E-17,-0.988182672203
    ));
#14035 = ADVANCED_FACE('',(#14036),#14047,.T.);
#14036 = FACE_BOUND('',#14037,.T.);
#14037 = EDGE_LOOP('',(#14038,#14039,#14040,#14041));
#14038 = ORIENTED_EDGE('',*,*,#12302,.T.);
#14039 = ORIENTED_EDGE('',*,*,#13055,.T.);
#14040 = ORIENTED_EDGE('',*,*,#12411,.F.);
#14041 = ORIENTED_EDGE('',*,*,#14042,.F.);
#14042 = EDGE_CURVE('',#12295,#12404,#14043,.T.);
#14043 = LINE('',#14044,#14045);
#14044 = CARTESIAN_POINT('',(1.976505783193,0.115,0.424939080863));
#14045 = VECTOR('',#14046,1.);
#14046 = DIRECTION('',(1.110223024625E-16,-1.,0.));
#14047 = CYLINDRICAL_SURFACE('',#14048,0.23);
#14048 = AXIS2_PLACEMENT_3D('',#14049,#14050,#14051);
#14049 = CARTESIAN_POINT('',(1.75,0.115,0.385));
#14050 = DIRECTION('',(-1.110223024625E-16,1.,0.));
#14051 = DIRECTION('',(0.984807753012,1.093356242223E-16,0.173648177667)
  );
#14052 = ADVANCED_FACE('',(#14053),#14064,.F.);
#14053 = FACE_BOUND('',#14054,.F.);
#14054 = EDGE_LOOP('',(#14055,#14061,#14062,#14063));
#14055 = ORIENTED_EDGE('',*,*,#14056,.T.);
#14056 = EDGE_CURVE('',#12286,#12395,#14057,.T.);
#14057 = LINE('',#14058,#14059);
#14058 = CARTESIAN_POINT('',(2.008090294359,0.115,0.221317591117));
#14059 = VECTOR('',#14060,1.);
#14060 = DIRECTION('',(1.110223024625E-16,-1.,0.));
#14061 = ORIENTED_EDGE('',*,*,#12403,.T.);
#14062 = ORIENTED_EDGE('',*,*,#14042,.F.);
#14063 = ORIENTED_EDGE('',*,*,#12294,.F.);
#14064 = PLANE('',#14065);
#14065 = AXIS2_PLACEMENT_3D('',#14066,#14067,#14068);
#14066 = CARTESIAN_POINT('',(2.008090294359,0.115,0.221317591117));
#14067 = DIRECTION('',(-0.988182672203,-1.097103155216E-16,
    -0.153280808835));
#14068 = DIRECTION('',(-0.153280808835,-1.701758832023E-17,
    0.988182672203));
#14069 = ADVANCED_FACE('',(#14070),#14081,.F.);
#14070 = FACE_BOUND('',#14071,.F.);
#14071 = EDGE_LOOP('',(#14072,#14078,#14079,#14080));
#14072 = ORIENTED_EDGE('',*,*,#14073,.T.);
#14073 = EDGE_CURVE('',#12278,#12387,#14074,.T.);
#14074 = LINE('',#14075,#14076);
#14075 = CARTESIAN_POINT('',(2.05733068201,0.115,0.18));
#14076 = VECTOR('',#14077,1.);
#14077 = DIRECTION('',(1.110223024625E-16,-1.,0.));
#14078 = ORIENTED_EDGE('',*,*,#12394,.T.);
#14079 = ORIENTED_EDGE('',*,*,#14056,.F.);
#14080 = ORIENTED_EDGE('',*,*,#12285,.F.);
#14081 = CYLINDRICAL_SURFACE('',#14082,5.E-02);
#14082 = AXIS2_PLACEMENT_3D('',#14083,#14084,#14085);
#14083 = CARTESIAN_POINT('',(2.05733068201,0.115,0.23));
#14084 = DIRECTION('',(-1.110223024625E-16,1.,0.));
#14085 = DIRECTION('',(0.,0.,-1.));
#14086 = ADVANCED_FACE('',(#14087),#14098,.F.);
#14087 = FACE_BOUND('',#14088,.F.);
#14088 = EDGE_LOOP('',(#14089,#14095,#14096,#14097));
#14089 = ORIENTED_EDGE('',*,*,#14090,.T.);
#14090 = EDGE_CURVE('',#12270,#12379,#14091,.T.);
#14091 = LINE('',#14092,#14093);
#14092 = CARTESIAN_POINT('',(2.45,0.115,0.18));
#14093 = VECTOR('',#14094,1.);
#14094 = DIRECTION('',(1.110223024625E-16,-1.,0.));
#14095 = ORIENTED_EDGE('',*,*,#12386,.T.);
#14096 = ORIENTED_EDGE('',*,*,#14073,.F.);
#14097 = ORIENTED_EDGE('',*,*,#12277,.F.);
#14098 = PLANE('',#14099);
#14099 = AXIS2_PLACEMENT_3D('',#14100,#14101,#14102);
#14100 = CARTESIAN_POINT('',(2.45,0.115,0.18));
#14101 = DIRECTION('',(0.,0.,-1.));
#14102 = DIRECTION('',(-1.,-1.110223024625E-16,-0.));
#14103 = ADVANCED_FACE('',(#14104),#14115,.F.);
#14104 = FACE_BOUND('',#14105,.F.);
#14105 = EDGE_LOOP('',(#14106,#14112,#14113,#14114));
#14106 = ORIENTED_EDGE('',*,*,#14107,.T.);
#14107 = EDGE_CURVE('',#12262,#12371,#14108,.T.);
#14108 = LINE('',#14109,#14110);
#14109 = CARTESIAN_POINT('',(2.45,0.115,8.326672684689E-17));
#14110 = VECTOR('',#14111,1.);
#14111 = DIRECTION('',(1.110223024625E-16,-1.,0.));
#14112 = ORIENTED_EDGE('',*,*,#12378,.T.);
#14113 = ORIENTED_EDGE('',*,*,#14090,.F.);
#14114 = ORIENTED_EDGE('',*,*,#12269,.F.);
#14115 = PLANE('',#14116);
#14116 = AXIS2_PLACEMENT_3D('',#14117,#14118,#14119);
#14117 = CARTESIAN_POINT('',(2.45,0.115,8.326672684689E-17));
#14118 = DIRECTION('',(-1.,-1.110223024625E-16,0.));
#14119 = DIRECTION('',(0.,0.,1.));
#14120 = ADVANCED_FACE('',(#14121),#14132,.F.);
#14121 = FACE_BOUND('',#14122,.F.);
#14122 = EDGE_LOOP('',(#14123,#14129,#14130,#14131));
#14123 = ORIENTED_EDGE('',*,*,#14124,.T.);
#14124 = EDGE_CURVE('',#12253,#12362,#14125,.T.);
#14125 = LINE('',#14126,#14127);
#14126 = CARTESIAN_POINT('',(2.05733068201,0.115,8.326672684689E-17));
#14127 = VECTOR('',#14128,1.);
#14128 = DIRECTION('',(1.110223024625E-16,-1.,0.));
#14129 = ORIENTED_EDGE('',*,*,#12370,.T.);
#14130 = ORIENTED_EDGE('',*,*,#14107,.F.);
#14131 = ORIENTED_EDGE('',*,*,#12261,.F.);
#14132 = PLANE('',#14133);
#14133 = AXIS2_PLACEMENT_3D('',#14134,#14135,#14136);
#14134 = CARTESIAN_POINT('',(2.05733068201,0.115,8.326672684689E-17));
#14135 = DIRECTION('',(0.,0.,1.));
#14136 = DIRECTION('',(1.,1.110223024625E-16,-0.));
#14137 = ADVANCED_FACE('',(#14138),#14149,.T.);
#14138 = FACE_BOUND('',#14139,.T.);
#14139 = EDGE_LOOP('',(#14140,#14141,#14142,#14143));
#14140 = ORIENTED_EDGE('',*,*,#12252,.T.);
#14141 = ORIENTED_EDGE('',*,*,#14124,.T.);
#14142 = ORIENTED_EDGE('',*,*,#12361,.F.);
#14143 = ORIENTED_EDGE('',*,*,#14144,.F.);
#14144 = EDGE_CURVE('',#12245,#12354,#14145,.T.);
#14145 = LINE('',#14146,#14147);
#14146 = CARTESIAN_POINT('',(1.830824898817,0.115,0.190060919137));
#14147 = VECTOR('',#14148,1.);
#14148 = DIRECTION('',(1.110223024625E-16,-1.,0.));
#14149 = CYLINDRICAL_SURFACE('',#14150,0.23);
#14150 = AXIS2_PLACEMENT_3D('',#14151,#14152,#14153);
#14151 = CARTESIAN_POINT('',(2.05733068201,0.115,0.23));
#14152 = DIRECTION('',(-1.110223024625E-16,1.,0.));
#14153 = DIRECTION('',(-0.984807753012,-1.093356242223E-16,
    -0.173648177667));
#14154 = ADVANCED_FACE('',(#14155),#14161,.F.);
#14155 = FACE_BOUND('',#14156,.F.);
#14156 = EDGE_LOOP('',(#14157,#14158,#14159,#14160));
#14157 = ORIENTED_EDGE('',*,*,#12335,.T.);
#14158 = ORIENTED_EDGE('',*,*,#12353,.T.);
#14159 = ORIENTED_EDGE('',*,*,#14144,.F.);
#14160 = ORIENTED_EDGE('',*,*,#12244,.F.);
#14161 = PLANE('',#14162);
#14162 = AXIS2_PLACEMENT_3D('',#14163,#14164,#14165);
#14163 = CARTESIAN_POINT('',(1.799240387651,0.115,0.393682408883));
#14164 = DIRECTION('',(0.988182672203,1.097103155216E-16,0.153280808835)
  );
#14165 = DIRECTION('',(0.153280808835,1.701758832023E-17,-0.988182672203
    ));
#14166 = ADVANCED_FACE('',(#14167),#14178,.T.);
#14167 = FACE_BOUND('',#14168,.T.);
#14168 = EDGE_LOOP('',(#14169,#14170,#14171,#14172));
#14169 = ORIENTED_EDGE('',*,*,#12525,.T.);
#14170 = ORIENTED_EDGE('',*,*,#13074,.T.);
#14171 = ORIENTED_EDGE('',*,*,#12634,.F.);
#14172 = ORIENTED_EDGE('',*,*,#14173,.F.);
#14173 = EDGE_CURVE('',#12518,#12627,#14174,.T.);
#14174 = LINE('',#14175,#14176);
#14175 = CARTESIAN_POINT('',(1.976505783193,-0.385,0.424939080863));
#14176 = VECTOR('',#14177,1.);
#14177 = DIRECTION('',(1.110223024625E-16,-1.,0.));
#14178 = CYLINDRICAL_SURFACE('',#14179,0.23);
#14179 = AXIS2_PLACEMENT_3D('',#14180,#14181,#14182);
#14180 = CARTESIAN_POINT('',(1.75,-0.385,0.385));
#14181 = DIRECTION('',(-1.110223024625E-16,1.,0.));
#14182 = DIRECTION('',(0.984807753012,1.093356242223E-16,0.173648177667)
  );
#14183 = ADVANCED_FACE('',(#14184),#14195,.F.);
#14184 = FACE_BOUND('',#14185,.F.);
#14185 = EDGE_LOOP('',(#14186,#14192,#14193,#14194));
#14186 = ORIENTED_EDGE('',*,*,#14187,.T.);
#14187 = EDGE_CURVE('',#12509,#12618,#14188,.T.);
#14188 = LINE('',#14189,#14190);
#14189 = CARTESIAN_POINT('',(2.008090294359,-0.385,0.221317591117));
#14190 = VECTOR('',#14191,1.);
#14191 = DIRECTION('',(1.110223024625E-16,-1.,0.));
#14192 = ORIENTED_EDGE('',*,*,#12626,.T.);
#14193 = ORIENTED_EDGE('',*,*,#14173,.F.);
#14194 = ORIENTED_EDGE('',*,*,#12517,.F.);
#14195 = PLANE('',#14196);
#14196 = AXIS2_PLACEMENT_3D('',#14197,#14198,#14199);
#14197 = CARTESIAN_POINT('',(2.008090294359,-0.385,0.221317591117));
#14198 = DIRECTION('',(-0.988182672203,-1.097103155216E-16,
    -0.153280808835));
#14199 = DIRECTION('',(-0.153280808835,-1.701758832023E-17,
    0.988182672203));
#14200 = ADVANCED_FACE('',(#14201),#14212,.F.);
#14201 = FACE_BOUND('',#14202,.F.);
#14202 = EDGE_LOOP('',(#14203,#14209,#14210,#14211));
#14203 = ORIENTED_EDGE('',*,*,#14204,.T.);
#14204 = EDGE_CURVE('',#12501,#12610,#14205,.T.);
#14205 = LINE('',#14206,#14207);
#14206 = CARTESIAN_POINT('',(2.05733068201,-0.385,0.18));
#14207 = VECTOR('',#14208,1.);
#14208 = DIRECTION('',(1.110223024625E-16,-1.,0.));
#14209 = ORIENTED_EDGE('',*,*,#12617,.T.);
#14210 = ORIENTED_EDGE('',*,*,#14187,.F.);
#14211 = ORIENTED_EDGE('',*,*,#12508,.F.);
#14212 = CYLINDRICAL_SURFACE('',#14213,5.E-02);
#14213 = AXIS2_PLACEMENT_3D('',#14214,#14215,#14216);
#14214 = CARTESIAN_POINT('',(2.05733068201,-0.385,0.23));
#14215 = DIRECTION('',(-1.110223024625E-16,1.,0.));
#14216 = DIRECTION('',(0.,0.,-1.));
#14217 = ADVANCED_FACE('',(#14218),#14229,.F.);
#14218 = FACE_BOUND('',#14219,.F.);
#14219 = EDGE_LOOP('',(#14220,#14226,#14227,#14228));
#14220 = ORIENTED_EDGE('',*,*,#14221,.T.);
#14221 = EDGE_CURVE('',#12493,#12602,#14222,.T.);
#14222 = LINE('',#14223,#14224);
#14223 = CARTESIAN_POINT('',(2.45,-0.385,0.18));
#14224 = VECTOR('',#14225,1.);
#14225 = DIRECTION('',(1.110223024625E-16,-1.,0.));
#14226 = ORIENTED_EDGE('',*,*,#12609,.T.);
#14227 = ORIENTED_EDGE('',*,*,#14204,.F.);
#14228 = ORIENTED_EDGE('',*,*,#12500,.F.);
#14229 = PLANE('',#14230);
#14230 = AXIS2_PLACEMENT_3D('',#14231,#14232,#14233);
#14231 = CARTESIAN_POINT('',(2.45,-0.385,0.18));
#14232 = DIRECTION('',(0.,0.,-1.));
#14233 = DIRECTION('',(-1.,-1.110223024625E-16,-0.));
#14234 = ADVANCED_FACE('',(#14235),#14246,.F.);
#14235 = FACE_BOUND('',#14236,.F.);
#14236 = EDGE_LOOP('',(#14237,#14243,#14244,#14245));
#14237 = ORIENTED_EDGE('',*,*,#14238,.T.);
#14238 = EDGE_CURVE('',#12485,#12594,#14239,.T.);
#14239 = LINE('',#14240,#14241);
#14240 = CARTESIAN_POINT('',(2.45,-0.385,8.326672684689E-17));
#14241 = VECTOR('',#14242,1.);
#14242 = DIRECTION('',(1.110223024625E-16,-1.,0.));
#14243 = ORIENTED_EDGE('',*,*,#12601,.T.);
#14244 = ORIENTED_EDGE('',*,*,#14221,.F.);
#14245 = ORIENTED_EDGE('',*,*,#12492,.F.);
#14246 = PLANE('',#14247);
#14247 = AXIS2_PLACEMENT_3D('',#14248,#14249,#14250);
#14248 = CARTESIAN_POINT('',(2.45,-0.385,8.326672684689E-17));
#14249 = DIRECTION('',(-1.,-1.110223024625E-16,0.));
#14250 = DIRECTION('',(0.,0.,1.));
#14251 = ADVANCED_FACE('',(#14252),#14263,.F.);
#14252 = FACE_BOUND('',#14253,.F.);
#14253 = EDGE_LOOP('',(#14254,#14260,#14261,#14262));
#14254 = ORIENTED_EDGE('',*,*,#14255,.T.);
#14255 = EDGE_CURVE('',#12476,#12585,#14256,.T.);
#14256 = LINE('',#14257,#14258);
#14257 = CARTESIAN_POINT('',(2.05733068201,-0.385,8.326672684689E-17));
#14258 = VECTOR('',#14259,1.);
#14259 = DIRECTION('',(1.110223024625E-16,-1.,0.));
#14260 = ORIENTED_EDGE('',*,*,#12593,.T.);
#14261 = ORIENTED_EDGE('',*,*,#14238,.F.);
#14262 = ORIENTED_EDGE('',*,*,#12484,.F.);
#14263 = PLANE('',#14264);
#14264 = AXIS2_PLACEMENT_3D('',#14265,#14266,#14267);
#14265 = CARTESIAN_POINT('',(2.05733068201,-0.385,8.326672684689E-17));
#14266 = DIRECTION('',(0.,0.,1.));
#14267 = DIRECTION('',(1.,1.110223024625E-16,-0.));
#14268 = ADVANCED_FACE('',(#14269),#14280,.T.);
#14269 = FACE_BOUND('',#14270,.T.);
#14270 = EDGE_LOOP('',(#14271,#14272,#14273,#14274));
#14271 = ORIENTED_EDGE('',*,*,#12475,.T.);
#14272 = ORIENTED_EDGE('',*,*,#14255,.T.);
#14273 = ORIENTED_EDGE('',*,*,#12584,.F.);
#14274 = ORIENTED_EDGE('',*,*,#14275,.F.);
#14275 = EDGE_CURVE('',#12468,#12577,#14276,.T.);
#14276 = LINE('',#14277,#14278);
#14277 = CARTESIAN_POINT('',(1.830824898817,-0.385,0.190060919137));
#14278 = VECTOR('',#14279,1.);
#14279 = DIRECTION('',(1.110223024625E-16,-1.,0.));
#14280 = CYLINDRICAL_SURFACE('',#14281,0.23);
#14281 = AXIS2_PLACEMENT_3D('',#14282,#14283,#14284);
#14282 = CARTESIAN_POINT('',(2.05733068201,-0.385,0.23));
#14283 = DIRECTION('',(-1.110223024625E-16,1.,0.));
#14284 = DIRECTION('',(-0.984807753012,-1.093356242223E-16,
    -0.173648177667));
#14285 = ADVANCED_FACE('',(#14286),#14292,.F.);
#14286 = FACE_BOUND('',#14287,.F.);
#14287 = EDGE_LOOP('',(#14288,#14289,#14290,#14291));
#14288 = ORIENTED_EDGE('',*,*,#12558,.T.);
#14289 = ORIENTED_EDGE('',*,*,#12576,.T.);
#14290 = ORIENTED_EDGE('',*,*,#14275,.F.);
#14291 = ORIENTED_EDGE('',*,*,#12467,.F.);
#14292 = PLANE('',#14293);
#14293 = AXIS2_PLACEMENT_3D('',#14294,#14295,#14296);
#14294 = CARTESIAN_POINT('',(1.799240387651,-0.385,0.393682408883));
#14295 = DIRECTION('',(0.988182672203,1.097103155216E-16,0.153280808835)
  );
#14296 = DIRECTION('',(0.153280808835,1.701758832023E-17,-0.988182672203
    ));
#14297 = ADVANCED_FACE('',(#14298),#14309,.T.);
#14298 = FACE_BOUND('',#14299,.T.);
#14299 = EDGE_LOOP('',(#14300,#14301,#14302,#14303));
#14300 = ORIENTED_EDGE('',*,*,#12748,.T.);
#14301 = ORIENTED_EDGE('',*,*,#13093,.T.);
#14302 = ORIENTED_EDGE('',*,*,#12857,.F.);
#14303 = ORIENTED_EDGE('',*,*,#14304,.F.);
#14304 = EDGE_CURVE('',#12741,#12850,#14305,.T.);
#14305 = LINE('',#14306,#14307);
#14306 = CARTESIAN_POINT('',(1.976505783193,-0.885,0.424939080863));
#14307 = VECTOR('',#14308,1.);
#14308 = DIRECTION('',(1.110223024625E-16,-1.,0.));
#14309 = CYLINDRICAL_SURFACE('',#14310,0.23);
#14310 = AXIS2_PLACEMENT_3D('',#14311,#14312,#14313);
#14311 = CARTESIAN_POINT('',(1.75,-0.885,0.385));
#14312 = DIRECTION('',(-1.110223024625E-16,1.,0.));
#14313 = DIRECTION('',(0.984807753012,1.093356242223E-16,0.173648177667)
  );
#14314 = ADVANCED_FACE('',(#14315),#14326,.F.);
#14315 = FACE_BOUND('',#14316,.F.);
#14316 = EDGE_LOOP('',(#14317,#14323,#14324,#14325));
#14317 = ORIENTED_EDGE('',*,*,#14318,.T.);
#14318 = EDGE_CURVE('',#12732,#12841,#14319,.T.);
#14319 = LINE('',#14320,#14321);
#14320 = CARTESIAN_POINT('',(2.008090294359,-0.885,0.221317591117));
#14321 = VECTOR('',#14322,1.);
#14322 = DIRECTION('',(1.110223024625E-16,-1.,0.));
#14323 = ORIENTED_EDGE('',*,*,#12849,.T.);
#14324 = ORIENTED_EDGE('',*,*,#14304,.F.);
#14325 = ORIENTED_EDGE('',*,*,#12740,.F.);
#14326 = PLANE('',#14327);
#14327 = AXIS2_PLACEMENT_3D('',#14328,#14329,#14330);
#14328 = CARTESIAN_POINT('',(2.008090294359,-0.885,0.221317591117));
#14329 = DIRECTION('',(-0.988182672203,-1.097103155216E-16,
    -0.153280808835));
#14330 = DIRECTION('',(-0.153280808835,-1.701758832023E-17,
    0.988182672203));
#14331 = ADVANCED_FACE('',(#14332),#14343,.F.);
#14332 = FACE_BOUND('',#14333,.F.);
#14333 = EDGE_LOOP('',(#14334,#14340,#14341,#14342));
#14334 = ORIENTED_EDGE('',*,*,#14335,.T.);
#14335 = EDGE_CURVE('',#12724,#12833,#14336,.T.);
#14336 = LINE('',#14337,#14338);
#14337 = CARTESIAN_POINT('',(2.05733068201,-0.885,0.18));
#14338 = VECTOR('',#14339,1.);
#14339 = DIRECTION('',(1.110223024625E-16,-1.,0.));
#14340 = ORIENTED_EDGE('',*,*,#12840,.T.);
#14341 = ORIENTED_EDGE('',*,*,#14318,.F.);
#14342 = ORIENTED_EDGE('',*,*,#12731,.F.);
#14343 = CYLINDRICAL_SURFACE('',#14344,5.E-02);
#14344 = AXIS2_PLACEMENT_3D('',#14345,#14346,#14347);
#14345 = CARTESIAN_POINT('',(2.05733068201,-0.885,0.23));
#14346 = DIRECTION('',(-1.110223024625E-16,1.,0.));
#14347 = DIRECTION('',(0.,0.,-1.));
#14348 = ADVANCED_FACE('',(#14349),#14360,.F.);
#14349 = FACE_BOUND('',#14350,.F.);
#14350 = EDGE_LOOP('',(#14351,#14357,#14358,#14359));
#14351 = ORIENTED_EDGE('',*,*,#14352,.T.);
#14352 = EDGE_CURVE('',#12716,#12825,#14353,.T.);
#14353 = LINE('',#14354,#14355);
#14354 = CARTESIAN_POINT('',(2.45,-0.885,0.18));
#14355 = VECTOR('',#14356,1.);
#14356 = DIRECTION('',(1.110223024625E-16,-1.,0.));
#14357 = ORIENTED_EDGE('',*,*,#12832,.T.);
#14358 = ORIENTED_EDGE('',*,*,#14335,.F.);
#14359 = ORIENTED_EDGE('',*,*,#12723,.F.);
#14360 = PLANE('',#14361);
#14361 = AXIS2_PLACEMENT_3D('',#14362,#14363,#14364);
#14362 = CARTESIAN_POINT('',(2.45,-0.885,0.18));
#14363 = DIRECTION('',(0.,0.,-1.));
#14364 = DIRECTION('',(-1.,-1.110223024625E-16,-0.));
#14365 = ADVANCED_FACE('',(#14366),#14377,.F.);
#14366 = FACE_BOUND('',#14367,.F.);
#14367 = EDGE_LOOP('',(#14368,#14374,#14375,#14376));
#14368 = ORIENTED_EDGE('',*,*,#14369,.T.);
#14369 = EDGE_CURVE('',#12708,#12817,#14370,.T.);
#14370 = LINE('',#14371,#14372);
#14371 = CARTESIAN_POINT('',(2.45,-0.885,8.326672684689E-17));
#14372 = VECTOR('',#14373,1.);
#14373 = DIRECTION('',(1.110223024625E-16,-1.,0.));
#14374 = ORIENTED_EDGE('',*,*,#12824,.T.);
#14375 = ORIENTED_EDGE('',*,*,#14352,.F.);
#14376 = ORIENTED_EDGE('',*,*,#12715,.F.);
#14377 = PLANE('',#14378);
#14378 = AXIS2_PLACEMENT_3D('',#14379,#14380,#14381);
#14379 = CARTESIAN_POINT('',(2.45,-0.885,8.326672684689E-17));
#14380 = DIRECTION('',(-1.,-1.110223024625E-16,0.));
#14381 = DIRECTION('',(0.,0.,1.));
#14382 = ADVANCED_FACE('',(#14383),#14394,.F.);
#14383 = FACE_BOUND('',#14384,.F.);
#14384 = EDGE_LOOP('',(#14385,#14391,#14392,#14393));
#14385 = ORIENTED_EDGE('',*,*,#14386,.T.);
#14386 = EDGE_CURVE('',#12699,#12808,#14387,.T.);
#14387 = LINE('',#14388,#14389);
#14388 = CARTESIAN_POINT('',(2.05733068201,-0.885,8.326672684689E-17));
#14389 = VECTOR('',#14390,1.);
#14390 = DIRECTION('',(1.110223024625E-16,-1.,0.));
#14391 = ORIENTED_EDGE('',*,*,#12816,.T.);
#14392 = ORIENTED_EDGE('',*,*,#14369,.F.);
#14393 = ORIENTED_EDGE('',*,*,#12707,.F.);
#14394 = PLANE('',#14395);
#14395 = AXIS2_PLACEMENT_3D('',#14396,#14397,#14398);
#14396 = CARTESIAN_POINT('',(2.05733068201,-0.885,8.326672684689E-17));
#14397 = DIRECTION('',(0.,0.,1.));
#14398 = DIRECTION('',(1.,1.110223024625E-16,-0.));
#14399 = ADVANCED_FACE('',(#14400),#14411,.T.);
#14400 = FACE_BOUND('',#14401,.T.);
#14401 = EDGE_LOOP('',(#14402,#14403,#14404,#14405));
#14402 = ORIENTED_EDGE('',*,*,#12698,.T.);
#14403 = ORIENTED_EDGE('',*,*,#14386,.T.);
#14404 = ORIENTED_EDGE('',*,*,#12807,.F.);
#14405 = ORIENTED_EDGE('',*,*,#14406,.F.);
#14406 = EDGE_CURVE('',#12691,#12800,#14407,.T.);
#14407 = LINE('',#14408,#14409);
#14408 = CARTESIAN_POINT('',(1.830824898817,-0.885,0.190060919137));
#14409 = VECTOR('',#14410,1.);
#14410 = DIRECTION('',(1.110223024625E-16,-1.,0.));
#14411 = CYLINDRICAL_SURFACE('',#14412,0.23);
#14412 = AXIS2_PLACEMENT_3D('',#14413,#14414,#14415);
#14413 = CARTESIAN_POINT('',(2.05733068201,-0.885,0.23));
#14414 = DIRECTION('',(-1.110223024625E-16,1.,0.));
#14415 = DIRECTION('',(-0.984807753012,-1.093356242223E-16,
    -0.173648177667));
#14416 = ADVANCED_FACE('',(#14417),#14423,.F.);
#14417 = FACE_BOUND('',#14418,.F.);
#14418 = EDGE_LOOP('',(#14419,#14420,#14421,#14422));
#14419 = ORIENTED_EDGE('',*,*,#12781,.T.);
#14420 = ORIENTED_EDGE('',*,*,#12799,.T.);
#14421 = ORIENTED_EDGE('',*,*,#14406,.F.);
#14422 = ORIENTED_EDGE('',*,*,#12690,.F.);
#14423 = PLANE('',#14424);
#14424 = AXIS2_PLACEMENT_3D('',#14425,#14426,#14427);
#14425 = CARTESIAN_POINT('',(1.799240387651,-0.885,0.393682408883));
#14426 = DIRECTION('',(0.988182672203,1.097103155216E-16,0.153280808835)
  );
#14427 = DIRECTION('',(0.153280808835,1.701758832023E-17,-0.988182672203
    ));
#14428 = ADVANCED_FACE('',(#14429),#14432,.F.);
#14429 = FACE_BOUND('',#14430,.T.);
#14430 = EDGE_LOOP('',(#14431));
#14431 = ORIENTED_EDGE('',*,*,#13002,.F.);
#14432 = PLANE('',#14433);
#14433 = AXIS2_PLACEMENT_3D('',#14434,#14435,#14436);
#14434 = CARTESIAN_POINT('',(-0.653793551841,0.653793551841,0.95));
#14435 = DIRECTION('',(0.,0.,-1.));
#14436 = DIRECTION('',(1.110223024625E-16,-1.,0.));
#14437 = ( GEOMETRIC_REPRESENTATION_CONTEXT(3) 
GLOBAL_UNCERTAINTY_ASSIGNED_CONTEXT((#14441)) 
GLOBAL_UNIT_ASSIGNED_CONTEXT((#14438,#14439,#14440)) 
REPRESENTATION_CONTEXT('Context #1',
  '3D Context with UNIT and UNCERTAINTY') );
#14438 = ( LENGTH_UNIT() NAMED_UNIT(*) SI_UNIT(.MILLI.,.METRE.) );
#14439 = ( NAMED_UNIT(*) PLANE_ANGLE_UNIT() SI_UNIT($,.RADIAN.) );
#14440 = ( NAMED_UNIT(*) SI_UNIT($,.STERADIAN.) SOLID_ANGLE_UNIT() );
#14441 = UNCERTAINTY_MEASURE_WITH_UNIT(LENGTH_MEASURE(1.E-07),#14438,
  'distance_accuracy_value','confusion accuracy');
#14442 = CONTEXT_DEPENDENT_SHAPE_REPRESENTATION(#14443,#14445);
#14443 = ( REPRESENTATION_RELATIONSHIP('','',#9032,#10) 
REPRESENTATION_RELATIONSHIP_WITH_TRANSFORMATION(#14444) 
SHAPE_REPRESENTATION_RELATIONSHIP() );
#14444 = ITEM_DEFINED_TRANSFORMATION('','',#11,#99);
#14445 = PRODUCT_DEFINITION_SHAPE('Placement','Placement of an item',
  #14446);
#14446 = NEXT_ASSEMBLY_USAGE_OCCURRENCE('22','U4','',#5,#9027,$);
#14447 = PRODUCT_RELATED_PRODUCT_CATEGORY('part',$,(#9029));
#14448 = SHAPE_DEFINITION_REPRESENTATION(#14449,#14455);
#14449 = PRODUCT_DEFINITION_SHAPE('','',#14450);
#14450 = PRODUCT_DEFINITION('design','',#14451,#14454);
#14451 = PRODUCT_DEFINITION_FORMATION('','',#14452);
#14452 = PRODUCT('D_SMB','D_SMB','',(#14453));
#14453 = PRODUCT_CONTEXT('',#2,'mechanical');
#14454 = PRODUCT_DEFINITION_CONTEXT('part definition',#2,'design');
#14455 = ADVANCED_BREP_SHAPE_REPRESENTATION('',(#11,#14456),#15664);
#14456 = MANIFOLD_SOLID_BREP('',#14457);
#14457 = CLOSED_SHELL('',(#14458,#14498,#14581,#14606,#14681,#14698,
    #14715,#14732,#14749,#14766,#14782,#14829,#14864,#14903,#14932,
    #14971,#15000,#15054,#15097,#15120,#15143,#15166,#15217,#15240,
    #15257,#15331,#15355,#15422,#15434,#15446,#15463,#15492,#15515,
    #15538,#15555,#15577,#15589,#15606,#15623,#15640,#15652));
#14458 = ADVANCED_FACE('',(#14459),#14493,.T.);
#14459 = FACE_BOUND('',#14460,.T.);
#14460 = EDGE_LOOP('',(#14461,#14471,#14479,#14487));
#14461 = ORIENTED_EDGE('',*,*,#14462,.T.);
#14462 = EDGE_CURVE('',#14463,#14465,#14467,.T.);
#14463 = VERTEX_POINT('',#14464);
#14464 = CARTESIAN_POINT('',(1.4,1.,0.));
#14465 = VERTEX_POINT('',#14466);
#14466 = CARTESIAN_POINT('',(2.503333333333,1.,-2.775557561563E-17));
#14467 = LINE('',#14468,#14469);
#14468 = CARTESIAN_POINT('',(2.43,1.,0.));
#14469 = VECTOR('',#14470,1.);
#14470 = DIRECTION('',(1.,-3.445092848398E-16,0.));
#14471 = ORIENTED_EDGE('',*,*,#14472,.T.);
#14472 = EDGE_CURVE('',#14465,#14473,#14475,.T.);
#14473 = VERTEX_POINT('',#14474);
#14474 = CARTESIAN_POINT('',(2.503333333333,-1.,-2.775557561563E-17));
#14475 = LINE('',#14476,#14477);
#14476 = CARTESIAN_POINT('',(2.503333333333,1.,-2.775557561563E-17));
#14477 = VECTOR('',#14478,1.);
#14478 = DIRECTION('',(-3.445092848398E-16,-1.,0.));
#14479 = ORIENTED_EDGE('',*,*,#14480,.T.);
#14480 = EDGE_CURVE('',#14473,#14481,#14483,.T.);
#14481 = VERTEX_POINT('',#14482);
#14482 = CARTESIAN_POINT('',(1.4,-1.,0.));
#14483 = LINE('',#14484,#14485);
#14484 = CARTESIAN_POINT('',(2.43,-1.,0.));
#14485 = VECTOR('',#14486,1.);
#14486 = DIRECTION('',(-1.,3.445092848398E-16,0.));
#14487 = ORIENTED_EDGE('',*,*,#14488,.T.);
#14488 = EDGE_CURVE('',#14481,#14463,#14489,.T.);
#14489 = LINE('',#14490,#14491);
#14490 = CARTESIAN_POINT('',(1.4,-1.,0.));
#14491 = VECTOR('',#14492,1.);
#14492 = DIRECTION('',(3.445092848398E-16,1.,0.));
#14493 = PLANE('',#14494);
#14494 = AXIS2_PLACEMENT_3D('',#14495,#14496,#14497);
#14495 = CARTESIAN_POINT('',(1.951666666667,-6.30120533068E-16,
    -8.943794505573E-18));
#14496 = DIRECTION('',(-1.696061518107E-17,5.165776572619E-33,-1.));
#14497 = DIRECTION('',(1.,-2.22044604925E-16,-1.696061518107E-17));
#14498 = ADVANCED_FACE('',(#14499),#14576,.T.);
#14499 = FACE_BOUND('',#14500,.T.);
#14500 = EDGE_LOOP('',(#14501,#14511,#14518,#14519,#14527,#14535,#14545,
    #14553,#14561,#14569));
#14501 = ORIENTED_EDGE('',*,*,#14502,.F.);
#14502 = EDGE_CURVE('',#14503,#14505,#14507,.T.);
#14503 = VERTEX_POINT('',#14504);
#14504 = CARTESIAN_POINT('',(2.65,1.,0.146666666667));
#14505 = VERTEX_POINT('',#14506);
#14506 = CARTESIAN_POINT('',(2.65,1.,0.811158333333));
#14507 = LINE('',#14508,#14509);
#14508 = CARTESIAN_POINT('',(2.65,1.,0.));
#14509 = VECTOR('',#14510,1.);
#14510 = DIRECTION('',(0.,0.,1.));
#14511 = ORIENTED_EDGE('',*,*,#14512,.T.);
#14512 = EDGE_CURVE('',#14503,#14465,#14513,.T.);
#14513 = CIRCLE('',#14514,0.146666666667);
#14514 = AXIS2_PLACEMENT_3D('',#14515,#14516,#14517);
#14515 = CARTESIAN_POINT('',(2.503333333333,1.,0.146666666667));
#14516 = DIRECTION('',(3.445092848398E-16,1.,-0.));
#14517 = DIRECTION('',(0.,0.,1.));
#14518 = ORIENTED_EDGE('',*,*,#14462,.F.);
#14519 = ORIENTED_EDGE('',*,*,#14520,.T.);
#14520 = EDGE_CURVE('',#14463,#14521,#14523,.T.);
#14521 = VERTEX_POINT('',#14522);
#14522 = CARTESIAN_POINT('',(1.4,1.,0.22));
#14523 = LINE('',#14524,#14525);
#14524 = CARTESIAN_POINT('',(1.4,1.,0.));
#14525 = VECTOR('',#14526,1.);
#14526 = DIRECTION('',(0.,0.,1.));
#14527 = ORIENTED_EDGE('',*,*,#14528,.F.);
#14528 = EDGE_CURVE('',#14529,#14521,#14531,.T.);
#14529 = VERTEX_POINT('',#14530);
#14530 = CARTESIAN_POINT('',(2.37747286303,1.,0.22));
#14531 = LINE('',#14532,#14533);
#14532 = CARTESIAN_POINT('',(2.279656881469,1.,0.22));
#14533 = VECTOR('',#14534,1.);
#14534 = DIRECTION('',(-1.,3.208039609213E-16,0.));
#14535 = ORIENTED_EDGE('',*,*,#14536,.T.);
#14536 = EDGE_CURVE('',#14529,#14537,#14539,.T.);
#14537 = VERTEX_POINT('',#14538);
#14538 = CARTESIAN_POINT('',(2.377627457948,1.,0.2222));
#14539 = B_SPLINE_CURVE_WITH_KNOTS('',4,(#14540,#14541,#14542,#14543,
    #14544),.UNSPECIFIED.,.F.,.F.,(5,5),(0.,1.),
  .PIECEWISE_BEZIER_KNOTS.);
#14540 = CARTESIAN_POINT('',(2.37747286303,1.,0.22));
#14541 = CARTESIAN_POINT('',(2.390434471179,1.,0.40445326836));
#14542 = CARTESIAN_POINT('',(2.403396226036,1.,0.588908624477));
#14543 = CARTESIAN_POINT('',(2.416358116612,1.,0.773365911976));
#14544 = CARTESIAN_POINT('',(2.429320133712,1.,0.957825));
#14545 = ORIENTED_EDGE('',*,*,#14546,.T.);
#14546 = EDGE_CURVE('',#14537,#14547,#14549,.T.);
#14547 = VERTEX_POINT('',#14548);
#14548 = CARTESIAN_POINT('',(2.43,1.,0.2222));
#14549 = LINE('',#14550,#14551);
#14550 = CARTESIAN_POINT('',(1.4,1.,0.2222));
#14551 = VECTOR('',#14552,1.);
#14552 = DIRECTION('',(1.,-3.445092848398E-16,0.));
#14553 = ORIENTED_EDGE('',*,*,#14554,.T.);
#14554 = EDGE_CURVE('',#14547,#14555,#14557,.T.);
#14555 = VERTEX_POINT('',#14556);
#14556 = CARTESIAN_POINT('',(2.43,1.,0.957825));
#14557 = LINE('',#14558,#14559);
#14558 = CARTESIAN_POINT('',(2.43,1.,0.));
#14559 = VECTOR('',#14560,1.);
#14560 = DIRECTION('',(0.,0.,1.));
#14561 = ORIENTED_EDGE('',*,*,#14562,.T.);
#14562 = EDGE_CURVE('',#14555,#14563,#14565,.T.);
#14563 = VERTEX_POINT('',#14564);
#14564 = CARTESIAN_POINT('',(2.503333333333,1.,0.957825));
#14565 = LINE('',#14566,#14567);
#14566 = CARTESIAN_POINT('',(2.43,1.,0.957825));
#14567 = VECTOR('',#14568,1.);
#14568 = DIRECTION('',(1.,-3.445092848398E-16,0.));
#14569 = ORIENTED_EDGE('',*,*,#14570,.F.);
#14570 = EDGE_CURVE('',#14505,#14563,#14571,.T.);
#14571 = CIRCLE('',#14572,0.146666666667);
#14572 = AXIS2_PLACEMENT_3D('',#14573,#14574,#14575);
#14573 = CARTESIAN_POINT('',(2.503333333333,1.,0.811158333333));
#14574 = DIRECTION('',(-3.445092848398E-16,-1.,0.));
#14575 = DIRECTION('',(0.,0.,1.));
#14576 = PLANE('',#14577);
#14577 = AXIS2_PLACEMENT_3D('',#14578,#14579,#14580);
#14578 = CARTESIAN_POINT('',(2.181840899909,1.,0.302067385793));
#14579 = DIRECTION('',(3.208039609213E-16,1.,-3.455687485119E-18));
#14580 = DIRECTION('',(-1.,3.208039609213E-16,0.));
#14581 = ADVANCED_FACE('',(#14582),#14601,.T.);
#14582 = FACE_BOUND('',#14583,.T.);
#14583 = EDGE_LOOP('',(#14584,#14592,#14599,#14600));
#14584 = ORIENTED_EDGE('',*,*,#14585,.T.);
#14585 = EDGE_CURVE('',#14503,#14586,#14588,.T.);
#14586 = VERTEX_POINT('',#14587);
#14587 = CARTESIAN_POINT('',(2.65,-1.,0.146666666667));
#14588 = LINE('',#14589,#14590);
#14589 = CARTESIAN_POINT('',(2.65,1.,0.146666666667));
#14590 = VECTOR('',#14591,1.);
#14591 = DIRECTION('',(-3.445092848398E-16,-1.,0.));
#14592 = ORIENTED_EDGE('',*,*,#14593,.T.);
#14593 = EDGE_CURVE('',#14586,#14473,#14594,.T.);
#14594 = CIRCLE('',#14595,0.146666666667);
#14595 = AXIS2_PLACEMENT_3D('',#14596,#14597,#14598);
#14596 = CARTESIAN_POINT('',(2.503333333333,-1.,0.146666666667));
#14597 = DIRECTION('',(3.445092848398E-16,1.,-0.));
#14598 = DIRECTION('',(0.,0.,1.));
#14599 = ORIENTED_EDGE('',*,*,#14472,.F.);
#14600 = ORIENTED_EDGE('',*,*,#14512,.F.);
#14601 = CYLINDRICAL_SURFACE('',#14602,0.146666666667);
#14602 = AXIS2_PLACEMENT_3D('',#14603,#14604,#14605);
#14603 = CARTESIAN_POINT('',(2.503333333333,1.,0.146666666667));
#14604 = DIRECTION('',(-3.445092848398E-16,-1.,0.));
#14605 = DIRECTION('',(1.,-3.445092848398E-16,0.));
#14606 = ADVANCED_FACE('',(#14607),#14676,.T.);
#14607 = FACE_BOUND('',#14608,.T.);
#14608 = EDGE_LOOP('',(#14609,#14610,#14618,#14627,#14635,#14643,#14651,
    #14661,#14669,#14675));
#14609 = ORIENTED_EDGE('',*,*,#14593,.F.);
#14610 = ORIENTED_EDGE('',*,*,#14611,.T.);
#14611 = EDGE_CURVE('',#14586,#14612,#14614,.T.);
#14612 = VERTEX_POINT('',#14613);
#14613 = CARTESIAN_POINT('',(2.65,-1.,0.811158333333));
#14614 = LINE('',#14615,#14616);
#14615 = CARTESIAN_POINT('',(2.65,-1.,0.));
#14616 = VECTOR('',#14617,1.);
#14617 = DIRECTION('',(0.,0.,1.));
#14618 = ORIENTED_EDGE('',*,*,#14619,.T.);
#14619 = EDGE_CURVE('',#14612,#14620,#14622,.T.);
#14620 = VERTEX_POINT('',#14621);
#14621 = CARTESIAN_POINT('',(2.503333333333,-1.,0.957825));
#14622 = CIRCLE('',#14623,0.146666666667);
#14623 = AXIS2_PLACEMENT_3D('',#14624,#14625,#14626);
#14624 = CARTESIAN_POINT('',(2.503333333333,-1.,0.811158333333));
#14625 = DIRECTION('',(-3.445092848398E-16,-1.,0.));
#14626 = DIRECTION('',(0.,0.,1.));
#14627 = ORIENTED_EDGE('',*,*,#14628,.T.);
#14628 = EDGE_CURVE('',#14620,#14629,#14631,.T.);
#14629 = VERTEX_POINT('',#14630);
#14630 = CARTESIAN_POINT('',(2.43,-1.,0.957825));
#14631 = LINE('',#14632,#14633);
#14632 = CARTESIAN_POINT('',(2.65,-1.,0.957825));
#14633 = VECTOR('',#14634,1.);
#14634 = DIRECTION('',(-1.,3.445092848398E-16,0.));
#14635 = ORIENTED_EDGE('',*,*,#14636,.F.);
#14636 = EDGE_CURVE('',#14637,#14629,#14639,.T.);
#14637 = VERTEX_POINT('',#14638);
#14638 = CARTESIAN_POINT('',(2.43,-1.,0.2222));
#14639 = LINE('',#14640,#14641);
#14640 = CARTESIAN_POINT('',(2.43,-1.,0.));
#14641 = VECTOR('',#14642,1.);
#14642 = DIRECTION('',(0.,0.,1.));
#14643 = ORIENTED_EDGE('',*,*,#14644,.T.);
#14644 = EDGE_CURVE('',#14637,#14645,#14647,.T.);
#14645 = VERTEX_POINT('',#14646);
#14646 = CARTESIAN_POINT('',(2.377627457948,-1.,0.2222));
#14647 = LINE('',#14648,#14649);
#14648 = CARTESIAN_POINT('',(2.43,-1.,0.2222));
#14649 = VECTOR('',#14650,1.);
#14650 = DIRECTION('',(-1.,3.445092848398E-16,0.));
#14651 = ORIENTED_EDGE('',*,*,#14652,.F.);
#14652 = EDGE_CURVE('',#14653,#14645,#14655,.T.);
#14653 = VERTEX_POINT('',#14654);
#14654 = CARTESIAN_POINT('',(2.37747286303,-1.,0.22));
#14655 = B_SPLINE_CURVE_WITH_KNOTS('',4,(#14656,#14657,#14658,#14659,
    #14660),.UNSPECIFIED.,.F.,.F.,(5,5),(0.,1.),
  .PIECEWISE_BEZIER_KNOTS.);
#14656 = CARTESIAN_POINT('',(2.37747286303,-1.,0.22));
#14657 = CARTESIAN_POINT('',(2.390434471179,-1.,0.40445326836));
#14658 = CARTESIAN_POINT('',(2.403396226036,-1.,0.588908624477));
#14659 = CARTESIAN_POINT('',(2.416358116612,-1.,0.773365911976));
#14660 = CARTESIAN_POINT('',(2.429320133712,-1.,0.957825));
#14661 = ORIENTED_EDGE('',*,*,#14662,.F.);
#14662 = EDGE_CURVE('',#14663,#14653,#14665,.T.);
#14663 = VERTEX_POINT('',#14664);
#14664 = CARTESIAN_POINT('',(1.4,-1.,0.22));
#14665 = LINE('',#14666,#14667);
#14666 = CARTESIAN_POINT('',(2.279656881469,-1.,0.22));
#14667 = VECTOR('',#14668,1.);
#14668 = DIRECTION('',(1.,-5.837911398703E-16,-0.));
#14669 = ORIENTED_EDGE('',*,*,#14670,.F.);
#14670 = EDGE_CURVE('',#14481,#14663,#14671,.T.);
#14671 = LINE('',#14672,#14673);
#14672 = CARTESIAN_POINT('',(1.4,-1.,0.));
#14673 = VECTOR('',#14674,1.);
#14674 = DIRECTION('',(0.,0.,1.));
#14675 = ORIENTED_EDGE('',*,*,#14480,.F.);
#14676 = PLANE('',#14677);
#14677 = AXIS2_PLACEMENT_3D('',#14678,#14679,#14680);
#14678 = CARTESIAN_POINT('',(2.181840899909,-1.,0.302067385793));
#14679 = DIRECTION('',(-5.837911398703E-16,-1.,3.048681254865E-17));
#14680 = DIRECTION('',(1.,-5.837911398703E-16,0.));
#14681 = ADVANCED_FACE('',(#14682),#14693,.T.);
#14682 = FACE_BOUND('',#14683,.T.);
#14683 = EDGE_LOOP('',(#14684,#14685,#14686,#14692));
#14684 = ORIENTED_EDGE('',*,*,#14488,.F.);
#14685 = ORIENTED_EDGE('',*,*,#14670,.T.);
#14686 = ORIENTED_EDGE('',*,*,#14687,.F.);
#14687 = EDGE_CURVE('',#14521,#14663,#14688,.T.);
#14688 = LINE('',#14689,#14690);
#14689 = CARTESIAN_POINT('',(1.4,-1.361236431515,0.22));
#14690 = VECTOR('',#14691,1.);
#14691 = DIRECTION('',(-3.445092848398E-16,-1.,0.));
#14692 = ORIENTED_EDGE('',*,*,#14520,.F.);
#14693 = PLANE('',#14694);
#14694 = AXIS2_PLACEMENT_3D('',#14695,#14696,#14697);
#14695 = CARTESIAN_POINT('',(1.4,-1.,0.));
#14696 = DIRECTION('',(-1.,3.445092848398E-16,0.));
#14697 = DIRECTION('',(3.445092848398E-16,1.,0.));
#14698 = ADVANCED_FACE('',(#14699),#14710,.T.);
#14699 = FACE_BOUND('',#14700,.T.);
#14700 = EDGE_LOOP('',(#14701,#14702,#14708,#14709));
#14701 = ORIENTED_EDGE('',*,*,#14502,.T.);
#14702 = ORIENTED_EDGE('',*,*,#14703,.T.);
#14703 = EDGE_CURVE('',#14505,#14612,#14704,.T.);
#14704 = LINE('',#14705,#14706);
#14705 = CARTESIAN_POINT('',(2.65,1.,0.811158333333));
#14706 = VECTOR('',#14707,1.);
#14707 = DIRECTION('',(-3.445092848398E-16,-1.,0.));
#14708 = ORIENTED_EDGE('',*,*,#14611,.F.);
#14709 = ORIENTED_EDGE('',*,*,#14585,.F.);
#14710 = PLANE('',#14711);
#14711 = AXIS2_PLACEMENT_3D('',#14712,#14713,#14714);
#14712 = CARTESIAN_POINT('',(2.65,1.,0.));
#14713 = DIRECTION('',(1.,-3.445092848398E-16,0.));
#14714 = DIRECTION('',(-3.445092848398E-16,-1.,0.));
#14715 = ADVANCED_FACE('',(#14716),#14727,.T.);
#14716 = FACE_BOUND('',#14717,.T.);
#14717 = EDGE_LOOP('',(#14718,#14719,#14725,#14726));
#14718 = ORIENTED_EDGE('',*,*,#14570,.T.);
#14719 = ORIENTED_EDGE('',*,*,#14720,.T.);
#14720 = EDGE_CURVE('',#14563,#14620,#14721,.T.);
#14721 = LINE('',#14722,#14723);
#14722 = CARTESIAN_POINT('',(2.503333333333,1.,0.957825));
#14723 = VECTOR('',#14724,1.);
#14724 = DIRECTION('',(-3.445092848398E-16,-1.,0.));
#14725 = ORIENTED_EDGE('',*,*,#14619,.F.);
#14726 = ORIENTED_EDGE('',*,*,#14703,.F.);
#14727 = CYLINDRICAL_SURFACE('',#14728,0.146666666667);
#14728 = AXIS2_PLACEMENT_3D('',#14729,#14730,#14731);
#14729 = CARTESIAN_POINT('',(2.503333333333,1.,0.811158333333));
#14730 = DIRECTION('',(-3.445092848398E-16,-1.,0.));
#14731 = DIRECTION('',(1.,-3.445092848398E-16,0.));
#14732 = ADVANCED_FACE('',(#14733),#14744,.F.);
#14733 = FACE_BOUND('',#14734,.F.);
#14734 = EDGE_LOOP('',(#14735,#14736,#14737,#14738));
#14735 = ORIENTED_EDGE('',*,*,#14562,.T.);
#14736 = ORIENTED_EDGE('',*,*,#14720,.T.);
#14737 = ORIENTED_EDGE('',*,*,#14628,.T.);
#14738 = ORIENTED_EDGE('',*,*,#14739,.T.);
#14739 = EDGE_CURVE('',#14629,#14555,#14740,.T.);
#14740 = LINE('',#14741,#14742);
#14741 = CARTESIAN_POINT('',(2.43,-1.,0.957825));
#14742 = VECTOR('',#14743,1.);
#14743 = DIRECTION('',(3.445092848398E-16,1.,0.));
#14744 = PLANE('',#14745);
#14745 = AXIS2_PLACEMENT_3D('',#14746,#14747,#14748);
#14746 = CARTESIAN_POINT('',(2.54,-8.881784197001E-16,0.957825));
#14747 = DIRECTION('',(0.,0.,-1.));
#14748 = DIRECTION('',(3.445092848398E-16,1.,0.));
#14749 = ADVANCED_FACE('',(#14750),#14761,.T.);
#14750 = FACE_BOUND('',#14751,.T.);
#14751 = EDGE_LOOP('',(#14752,#14758,#14759,#14760));
#14752 = ORIENTED_EDGE('',*,*,#14753,.T.);
#14753 = EDGE_CURVE('',#14547,#14637,#14754,.T.);
#14754 = LINE('',#14755,#14756);
#14755 = CARTESIAN_POINT('',(2.43,1.,0.2222));
#14756 = VECTOR('',#14757,1.);
#14757 = DIRECTION('',(-3.445092848398E-16,-1.,0.));
#14758 = ORIENTED_EDGE('',*,*,#14636,.T.);
#14759 = ORIENTED_EDGE('',*,*,#14739,.T.);
#14760 = ORIENTED_EDGE('',*,*,#14554,.F.);
#14761 = PLANE('',#14762);
#14762 = AXIS2_PLACEMENT_3D('',#14763,#14764,#14765);
#14763 = CARTESIAN_POINT('',(2.43,-1.,0.));
#14764 = DIRECTION('',(-1.,3.445092848398E-16,0.));
#14765 = DIRECTION('',(3.445092848398E-16,1.,0.));
#14766 = ADVANCED_FACE('',(#14767),#14777,.F.);
#14767 = FACE_BOUND('',#14768,.F.);
#14768 = EDGE_LOOP('',(#14769,#14774,#14775,#14776));
#14769 = ORIENTED_EDGE('',*,*,#14770,.F.);
#14770 = EDGE_CURVE('',#14537,#14645,#14771,.T.);
#14771 = B_SPLINE_CURVE_WITH_KNOTS('',1,(#14772,#14773),.UNSPECIFIED.,
  .F.,.F.,(2,2),(0.,1.),.PIECEWISE_BEZIER_KNOTS.);
#14772 = CARTESIAN_POINT('',(2.377627457948,1.,0.2222));
#14773 = CARTESIAN_POINT('',(2.377627457948,-1.,0.2222));
#14774 = ORIENTED_EDGE('',*,*,#14546,.T.);
#14775 = ORIENTED_EDGE('',*,*,#14753,.T.);
#14776 = ORIENTED_EDGE('',*,*,#14644,.T.);
#14777 = PLANE('',#14778);
#14778 = AXIS2_PLACEMENT_3D('',#14779,#14780,#14781);
#14779 = CARTESIAN_POINT('',(1.915,-6.661338147751E-16,0.2222));
#14780 = DIRECTION('',(0.,0.,-1.));
#14781 = DIRECTION('',(3.445092848398E-16,1.,0.));
#14782 = ADVANCED_FACE('',(#14783),#14824,.T.);
#14783 = FACE_BOUND('',#14784,.T.);
#14784 = EDGE_LOOP('',(#14785,#14794,#14800,#14801,#14802,#14803,#14811,
    #14818));
#14785 = ORIENTED_EDGE('',*,*,#14786,.F.);
#14786 = EDGE_CURVE('',#14787,#14789,#14791,.T.);
#14787 = VERTEX_POINT('',#14788);
#14788 = CARTESIAN_POINT('',(2.37747286303,-1.72247286303,0.22));
#14789 = VERTEX_POINT('',#14790);
#14790 = CARTESIAN_POINT('',(2.43,-1.775,0.9675));
#14791 = B_SPLINE_CURVE_WITH_KNOTS('',1,(#14792,#14793),.UNSPECIFIED.,
  .F.,.F.,(2,2),(0.,1.),.PIECEWISE_BEZIER_KNOTS.);
#14792 = CARTESIAN_POINT('',(2.37747286303,-1.72247286303,0.22));
#14793 = CARTESIAN_POINT('',(2.43,-1.775,0.9675));
#14794 = ORIENTED_EDGE('',*,*,#14795,.T.);
#14795 = EDGE_CURVE('',#14787,#14653,#14796,.T.);
#14796 = LINE('',#14797,#14798);
#14797 = CARTESIAN_POINT('',(2.37747286303,-1.72247286303,0.22));
#14798 = VECTOR('',#14799,1.);
#14799 = DIRECTION('',(2.22044604925E-16,1.,0.));
#14800 = ORIENTED_EDGE('',*,*,#14652,.T.);
#14801 = ORIENTED_EDGE('',*,*,#14770,.F.);
#14802 = ORIENTED_EDGE('',*,*,#14536,.F.);
#14803 = ORIENTED_EDGE('',*,*,#14804,.T.);
#14804 = EDGE_CURVE('',#14529,#14805,#14807,.T.);
#14805 = VERTEX_POINT('',#14806);
#14806 = CARTESIAN_POINT('',(2.37747286303,1.72247286303,0.22));
#14807 = LINE('',#14808,#14809);
#14808 = CARTESIAN_POINT('',(2.37747286303,-1.72247286303,0.22));
#14809 = VECTOR('',#14810,1.);
#14810 = DIRECTION('',(2.22044604925E-16,1.,0.));
#14811 = ORIENTED_EDGE('',*,*,#14812,.T.);
#14812 = EDGE_CURVE('',#14805,#14813,#14815,.T.);
#14813 = VERTEX_POINT('',#14814);
#14814 = CARTESIAN_POINT('',(2.43,1.775,0.9675));
#14815 = B_SPLINE_CURVE_WITH_KNOTS('',1,(#14816,#14817),.UNSPECIFIED.,
  .F.,.F.,(2,2),(0.,1.),.PIECEWISE_BEZIER_KNOTS.);
#14816 = CARTESIAN_POINT('',(2.37747286303,1.72247286303,0.22));
#14817 = CARTESIAN_POINT('',(2.43,1.775,0.9675));
#14818 = ORIENTED_EDGE('',*,*,#14819,.F.);
#14819 = EDGE_CURVE('',#14789,#14813,#14820,.T.);
#14820 = LINE('',#14821,#14822);
#14821 = CARTESIAN_POINT('',(2.43,-1.775,0.9675));
#14822 = VECTOR('',#14823,1.);
#14823 = DIRECTION('',(2.22044604925E-16,1.,0.));
#14824 = B_SPLINE_SURFACE_WITH_KNOTS('',1,1,(
    (#14825,#14826)
    ,(#14827,#14828
    )),.UNSPECIFIED.,.F.,.F.,.F.,(2,2),(2,2),(0.,3.55),(0.,1.),
  .PIECEWISE_BEZIER_KNOTS.);
#14825 = CARTESIAN_POINT('',(2.37747286303,-1.72247286303,0.22));
#14826 = CARTESIAN_POINT('',(2.43,-1.775,0.9675));
#14827 = CARTESIAN_POINT('',(2.37747286303,1.72247286303,0.22));
#14828 = CARTESIAN_POINT('',(2.43,1.775,0.9675));
#14829 = ADVANCED_FACE('',(#14830),#14859,.T.);
#14830 = FACE_BOUND('',#14831,.T.);
#14831 = EDGE_LOOP('',(#14832,#14833,#14841,#14849,#14855,#14856,#14857,
    #14858));
#14832 = ORIENTED_EDGE('',*,*,#14795,.F.);
#14833 = ORIENTED_EDGE('',*,*,#14834,.F.);
#14834 = EDGE_CURVE('',#14835,#14787,#14837,.T.);
#14835 = VERTEX_POINT('',#14836);
#14836 = CARTESIAN_POINT('',(1.3,-1.72247286303,0.22));
#14837 = LINE('',#14838,#14839);
#14838 = CARTESIAN_POINT('',(-2.37747286303,-1.72247286303,0.22));
#14839 = VECTOR('',#14840,1.);
#14840 = DIRECTION('',(1.,-2.22044604925E-16,0.));
#14841 = ORIENTED_EDGE('',*,*,#14842,.T.);
#14842 = EDGE_CURVE('',#14835,#14843,#14845,.T.);
#14843 = VERTEX_POINT('',#14844);
#14844 = CARTESIAN_POINT('',(1.3,1.72247286303,0.22));
#14845 = LINE('',#14846,#14847);
#14846 = CARTESIAN_POINT('',(1.3,-1.72247286303,0.22));
#14847 = VECTOR('',#14848,1.);
#14848 = DIRECTION('',(2.22044604925E-16,1.,0.));
#14849 = ORIENTED_EDGE('',*,*,#14850,.F.);
#14850 = EDGE_CURVE('',#14805,#14843,#14851,.T.);
#14851 = LINE('',#14852,#14853);
#14852 = CARTESIAN_POINT('',(2.37747286303,1.72247286303,0.22));
#14853 = VECTOR('',#14854,1.);
#14854 = DIRECTION('',(-1.,2.22044604925E-16,0.));
#14855 = ORIENTED_EDGE('',*,*,#14804,.F.);
#14856 = ORIENTED_EDGE('',*,*,#14528,.T.);
#14857 = ORIENTED_EDGE('',*,*,#14687,.T.);
#14858 = ORIENTED_EDGE('',*,*,#14662,.T.);
#14859 = PLANE('',#14860);
#14860 = AXIS2_PLACEMENT_3D('',#14861,#14862,#14863);
#14861 = CARTESIAN_POINT('',(2.37747286303,-1.72247286303,0.22));
#14862 = DIRECTION('',(0.,0.,-1.));
#14863 = DIRECTION('',(-0.809803822742,0.586700748825,0.));
#14864 = ADVANCED_FACE('',(#14865),#14898,.T.);
#14865 = FACE_BOUND('',#14866,.T.);
#14866 = EDGE_LOOP('',(#14867,#14877,#14883,#14884,#14885,#14893));
#14867 = ORIENTED_EDGE('',*,*,#14868,.T.);
#14868 = EDGE_CURVE('',#14869,#14871,#14873,.T.);
#14869 = VERTEX_POINT('',#14870);
#14870 = CARTESIAN_POINT('',(-2.37747286303,-1.72247286303,0.22));
#14871 = VERTEX_POINT('',#14872);
#14872 = CARTESIAN_POINT('',(-1.3,-1.72247286303,0.22));
#14873 = LINE('',#14874,#14875);
#14874 = CARTESIAN_POINT('',(-2.37747286303,-1.72247286303,0.22));
#14875 = VECTOR('',#14876,1.);
#14876 = DIRECTION('',(1.,-2.22044604925E-16,0.));
#14877 = ORIENTED_EDGE('',*,*,#14878,.T.);
#14878 = EDGE_CURVE('',#14871,#14835,#14879,.T.);
#14879 = LINE('',#14880,#14881);
#14880 = CARTESIAN_POINT('',(-1.3,-1.72247286303,0.22));
#14881 = VECTOR('',#14882,1.);
#14882 = DIRECTION('',(1.,-2.22044604925E-16,0.));
#14883 = ORIENTED_EDGE('',*,*,#14834,.T.);
#14884 = ORIENTED_EDGE('',*,*,#14786,.T.);
#14885 = ORIENTED_EDGE('',*,*,#14886,.F.);
#14886 = EDGE_CURVE('',#14887,#14789,#14889,.T.);
#14887 = VERTEX_POINT('',#14888);
#14888 = CARTESIAN_POINT('',(-2.43,-1.775,0.9675));
#14889 = LINE('',#14890,#14891);
#14890 = CARTESIAN_POINT('',(-2.43,-1.775,0.9675));
#14891 = VECTOR('',#14892,1.);
#14892 = DIRECTION('',(1.,-2.22044604925E-16,0.));
#14893 = ORIENTED_EDGE('',*,*,#14894,.F.);
#14894 = EDGE_CURVE('',#14869,#14887,#14895,.T.);
#14895 = B_SPLINE_CURVE_WITH_KNOTS('',1,(#14896,#14897),.UNSPECIFIED.,
  .F.,.F.,(2,2),(0.,1.),.PIECEWISE_BEZIER_KNOTS.);
#14896 = CARTESIAN_POINT('',(-2.37747286303,-1.72247286303,0.22));
#14897 = CARTESIAN_POINT('',(-2.43,-1.775,0.9675));
#14898 = B_SPLINE_SURFACE_WITH_KNOTS('',1,1,(
    (#14899,#14900)
    ,(#14901,#14902
    )),.UNSPECIFIED.,.F.,.F.,.F.,(2,2),(2,2),(0.,4.86),(0.,1.),
  .PIECEWISE_BEZIER_KNOTS.);
#14899 = CARTESIAN_POINT('',(-2.37747286303,-1.72247286303,0.22));
#14900 = CARTESIAN_POINT('',(-2.43,-1.775,0.9675));
#14901 = CARTESIAN_POINT('',(2.37747286303,-1.72247286303,0.22));
#14902 = CARTESIAN_POINT('',(2.43,-1.775,0.9675));
#14903 = ADVANCED_FACE('',(#14904),#14927,.T.);
#14904 = FACE_BOUND('',#14905,.T.);
#14905 = EDGE_LOOP('',(#14906,#14907,#14914,#14922));
#14906 = ORIENTED_EDGE('',*,*,#14819,.T.);
#14907 = ORIENTED_EDGE('',*,*,#14908,.T.);
#14908 = EDGE_CURVE('',#14813,#14909,#14911,.T.);
#14909 = VERTEX_POINT('',#14910);
#14910 = CARTESIAN_POINT('',(2.346905231482,1.691905231482,2.15));
#14911 = B_SPLINE_CURVE_WITH_KNOTS('',1,(#14912,#14913),.UNSPECIFIED.,
  .F.,.F.,(2,2),(0.,1.),.PIECEWISE_BEZIER_KNOTS.);
#14912 = CARTESIAN_POINT('',(2.43,1.775,0.9675));
#14913 = CARTESIAN_POINT('',(2.346905231482,1.691905231482,2.15));
#14914 = ORIENTED_EDGE('',*,*,#14915,.F.);
#14915 = EDGE_CURVE('',#14916,#14909,#14918,.T.);
#14916 = VERTEX_POINT('',#14917);
#14917 = CARTESIAN_POINT('',(2.346905231482,-1.691905231482,2.15));
#14918 = LINE('',#14919,#14920);
#14919 = CARTESIAN_POINT('',(2.346905231482,-1.691905231482,2.15));
#14920 = VECTOR('',#14921,1.);
#14921 = DIRECTION('',(2.22044604925E-16,1.,0.));
#14922 = ORIENTED_EDGE('',*,*,#14923,.F.);
#14923 = EDGE_CURVE('',#14789,#14916,#14924,.T.);
#14924 = B_SPLINE_CURVE_WITH_KNOTS('',1,(#14925,#14926),.UNSPECIFIED.,
  .F.,.F.,(2,2),(0.,1.),.PIECEWISE_BEZIER_KNOTS.);
#14925 = CARTESIAN_POINT('',(2.43,-1.775,0.9675));
#14926 = CARTESIAN_POINT('',(2.346905231482,-1.691905231482,2.15));
#14927 = B_SPLINE_SURFACE_WITH_KNOTS('',1,1,(
    (#14928,#14929)
    ,(#14930,#14931
    )),.UNSPECIFIED.,.F.,.F.,.F.,(2,2),(2,2),(0.,3.55),(0.,1.),
  .PIECEWISE_BEZIER_KNOTS.);
#14928 = CARTESIAN_POINT('',(2.43,-1.775,0.9675));
#14929 = CARTESIAN_POINT('',(2.346905231482,-1.691905231482,2.15));
#14930 = CARTESIAN_POINT('',(2.43,1.775,0.9675));
#14931 = CARTESIAN_POINT('',(2.346905231482,1.691905231482,2.15));
#14932 = ADVANCED_FACE('',(#14933),#14966,.T.);
#14933 = FACE_BOUND('',#14934,.T.);
#14934 = EDGE_LOOP('',(#14935,#14936,#14944,#14952,#14959,#14965));
#14935 = ORIENTED_EDGE('',*,*,#14850,.T.);
#14936 = ORIENTED_EDGE('',*,*,#14937,.T.);
#14937 = EDGE_CURVE('',#14843,#14938,#14940,.T.);
#14938 = VERTEX_POINT('',#14939);
#14939 = CARTESIAN_POINT('',(-1.3,1.72247286303,0.22));
#14940 = LINE('',#14941,#14942);
#14941 = CARTESIAN_POINT('',(1.3,1.72247286303,0.22));
#14942 = VECTOR('',#14943,1.);
#14943 = DIRECTION('',(-1.,2.22044604925E-16,0.));
#14944 = ORIENTED_EDGE('',*,*,#14945,.T.);
#14945 = EDGE_CURVE('',#14938,#14946,#14948,.T.);
#14946 = VERTEX_POINT('',#14947);
#14947 = CARTESIAN_POINT('',(-2.37747286303,1.72247286303,0.22));
#14948 = LINE('',#14949,#14950);
#14949 = CARTESIAN_POINT('',(2.37747286303,1.72247286303,0.22));
#14950 = VECTOR('',#14951,1.);
#14951 = DIRECTION('',(-1.,2.22044604925E-16,0.));
#14952 = ORIENTED_EDGE('',*,*,#14953,.T.);
#14953 = EDGE_CURVE('',#14946,#14954,#14956,.T.);
#14954 = VERTEX_POINT('',#14955);
#14955 = CARTESIAN_POINT('',(-2.43,1.775,0.9675));
#14956 = B_SPLINE_CURVE_WITH_KNOTS('',1,(#14957,#14958),.UNSPECIFIED.,
  .F.,.F.,(2,2),(0.,1.),.PIECEWISE_BEZIER_KNOTS.);
#14957 = CARTESIAN_POINT('',(-2.37747286303,1.72247286303,0.22));
#14958 = CARTESIAN_POINT('',(-2.43,1.775,0.9675));
#14959 = ORIENTED_EDGE('',*,*,#14960,.F.);
#14960 = EDGE_CURVE('',#14813,#14954,#14961,.T.);
#14961 = LINE('',#14962,#14963);
#14962 = CARTESIAN_POINT('',(2.43,1.775,0.9675));
#14963 = VECTOR('',#14964,1.);
#14964 = DIRECTION('',(-1.,2.22044604925E-16,0.));
#14965 = ORIENTED_EDGE('',*,*,#14812,.F.);
#14966 = B_SPLINE_SURFACE_WITH_KNOTS('',1,1,(
    (#14967,#14968)
    ,(#14969,#14970
    )),.UNSPECIFIED.,.F.,.F.,.F.,(2,2),(2,2),(0.,4.86),(0.,1.),
  .PIECEWISE_BEZIER_KNOTS.);
#14967 = CARTESIAN_POINT('',(2.37747286303,1.72247286303,0.22));
#14968 = CARTESIAN_POINT('',(2.43,1.775,0.9675));
#14969 = CARTESIAN_POINT('',(-2.37747286303,1.72247286303,0.22));
#14970 = CARTESIAN_POINT('',(-2.43,1.775,0.9675));
#14971 = ADVANCED_FACE('',(#14972),#14995,.T.);
#14972 = FACE_BOUND('',#14973,.T.);
#14973 = EDGE_LOOP('',(#14974,#14984,#14989,#14990));
#14974 = ORIENTED_EDGE('',*,*,#14975,.T.);
#14975 = EDGE_CURVE('',#14976,#14978,#14980,.T.);
#14976 = VERTEX_POINT('',#14977);
#14977 = CARTESIAN_POINT('',(1.3,-1.707013371213,0.));
#14978 = VERTEX_POINT('',#14979);
#14979 = CARTESIAN_POINT('',(1.3,1.707013371213,0.));
#14980 = LINE('',#14981,#14982);
#14981 = CARTESIAN_POINT('',(1.3,-1.707013371213,0.));
#14982 = VECTOR('',#14983,1.);
#14983 = DIRECTION('',(2.22044604925E-16,1.,0.));
#14984 = ORIENTED_EDGE('',*,*,#14985,.T.);
#14985 = EDGE_CURVE('',#14978,#14843,#14986,.T.);
#14986 = B_SPLINE_CURVE_WITH_KNOTS('',1,(#14987,#14988),.UNSPECIFIED.,
  .F.,.F.,(2,2),(0.,1.),.PIECEWISE_BEZIER_KNOTS.);
#14987 = CARTESIAN_POINT('',(1.3,1.707013371213,0.));
#14988 = CARTESIAN_POINT('',(1.3,1.72247286303,0.22));
#14989 = ORIENTED_EDGE('',*,*,#14842,.F.);
#14990 = ORIENTED_EDGE('',*,*,#14991,.F.);
#14991 = EDGE_CURVE('',#14976,#14835,#14992,.T.);
#14992 = B_SPLINE_CURVE_WITH_KNOTS('',1,(#14993,#14994),.UNSPECIFIED.,
  .F.,.F.,(2,2),(0.,1.),.PIECEWISE_BEZIER_KNOTS.);
#14993 = CARTESIAN_POINT('',(1.3,-1.707013371213,0.));
#14994 = CARTESIAN_POINT('',(1.3,-1.72247286303,0.22));
#14995 = B_SPLINE_SURFACE_WITH_KNOTS('',1,1,(
    (#14996,#14997)
    ,(#14998,#14999
    )),.UNSPECIFIED.,.F.,.F.,.F.,(2,2),(2,2),(0.,3.44494572606),(0.,1.),
  .PIECEWISE_BEZIER_KNOTS.);
#14996 = CARTESIAN_POINT('',(1.3,-1.707013371213,0.));
#14997 = CARTESIAN_POINT('',(1.3,-1.72247286303,0.22));
#14998 = CARTESIAN_POINT('',(1.3,1.707013371213,0.));
#14999 = CARTESIAN_POINT('',(1.3,1.72247286303,0.22));
#15000 = ADVANCED_FACE('',(#15001),#15049,.T.);
#15001 = FACE_BOUND('',#15002,.T.);
#15002 = EDGE_LOOP('',(#15003,#15004,#15010,#15011,#15019,#15027,#15035,
    #15043));
#15003 = ORIENTED_EDGE('',*,*,#14945,.F.);
#15004 = ORIENTED_EDGE('',*,*,#15005,.T.);
#15005 = EDGE_CURVE('',#14938,#14871,#15006,.T.);
#15006 = LINE('',#15007,#15008);
#15007 = CARTESIAN_POINT('',(-1.3,1.72247286303,0.22));
#15008 = VECTOR('',#15009,1.);
#15009 = DIRECTION('',(-2.22044604925E-16,-1.,0.));
#15010 = ORIENTED_EDGE('',*,*,#14868,.F.);
#15011 = ORIENTED_EDGE('',*,*,#15012,.F.);
#15012 = EDGE_CURVE('',#15013,#14869,#15015,.T.);
#15013 = VERTEX_POINT('',#15014);
#15014 = CARTESIAN_POINT('',(-2.37747286303,-1.,0.22));
#15015 = LINE('',#15016,#15017);
#15016 = CARTESIAN_POINT('',(-2.37747286303,1.72247286303,0.22));
#15017 = VECTOR('',#15018,1.);
#15018 = DIRECTION('',(-2.22044604925E-16,-1.,0.));
#15019 = ORIENTED_EDGE('',*,*,#15020,.T.);
#15020 = EDGE_CURVE('',#15013,#15021,#15023,.T.);
#15021 = VERTEX_POINT('',#15022);
#15022 = CARTESIAN_POINT('',(-1.4,-1.,0.22));
#15023 = LINE('',#15024,#15025);
#15024 = CARTESIAN_POINT('',(9.781598156056E-02,-1.,0.22));
#15025 = VECTOR('',#15026,1.);
#15026 = DIRECTION('',(1.,-2.22044604925E-16,0.));
#15027 = ORIENTED_EDGE('',*,*,#15028,.T.);
#15028 = EDGE_CURVE('',#15021,#15029,#15031,.T.);
#15029 = VERTEX_POINT('',#15030);
#15030 = CARTESIAN_POINT('',(-1.4,1.,0.22));
#15031 = LINE('',#15032,#15033);
#15032 = CARTESIAN_POINT('',(-1.4,-0.361236431515,0.22));
#15033 = VECTOR('',#15034,1.);
#15034 = DIRECTION('',(2.22044604925E-16,1.,0.));
#15035 = ORIENTED_EDGE('',*,*,#15036,.T.);
#15036 = EDGE_CURVE('',#15029,#15037,#15039,.T.);
#15037 = VERTEX_POINT('',#15038);
#15038 = CARTESIAN_POINT('',(-2.37747286303,1.,0.22));
#15039 = LINE('',#15040,#15041);
#15040 = CARTESIAN_POINT('',(9.781598156056E-02,1.,0.22));
#15041 = VECTOR('',#15042,1.);
#15042 = DIRECTION('',(-1.,2.22044604925E-16,0.));
#15043 = ORIENTED_EDGE('',*,*,#15044,.F.);
#15044 = EDGE_CURVE('',#14946,#15037,#15045,.T.);
#15045 = LINE('',#15046,#15047);
#15046 = CARTESIAN_POINT('',(-2.37747286303,1.72247286303,0.22));
#15047 = VECTOR('',#15048,1.);
#15048 = DIRECTION('',(-2.22044604925E-16,-1.,0.));
#15049 = PLANE('',#15050);
#15050 = AXIS2_PLACEMENT_3D('',#15051,#15052,#15053);
#15051 = CARTESIAN_POINT('',(2.37747286303,-1.72247286303,0.22));
#15052 = DIRECTION('',(0.,0.,-1.));
#15053 = DIRECTION('',(-0.809803822742,0.586700748825,0.));
#15054 = ADVANCED_FACE('',(#15055),#15092,.T.);
#15055 = FACE_BOUND('',#15056,.T.);
#15056 = EDGE_LOOP('',(#15057,#15058,#15059,#15069,#15076,#15084,#15085,
    #15086));
#15057 = ORIENTED_EDGE('',*,*,#14953,.F.);
#15058 = ORIENTED_EDGE('',*,*,#15044,.T.);
#15059 = ORIENTED_EDGE('',*,*,#15060,.T.);
#15060 = EDGE_CURVE('',#15037,#15061,#15063,.T.);
#15061 = VERTEX_POINT('',#15062);
#15062 = CARTESIAN_POINT('',(-2.377627457948,1.,0.2222));
#15063 = B_SPLINE_CURVE_WITH_KNOTS('',4,(#15064,#15065,#15066,#15067,
    #15068),.UNSPECIFIED.,.F.,.F.,(5,5),(0.,1.),
  .PIECEWISE_BEZIER_KNOTS.);
#15064 = CARTESIAN_POINT('',(-2.37747286303,1.,0.22));
#15065 = CARTESIAN_POINT('',(-2.390434471179,1.,0.40445326836));
#15066 = CARTESIAN_POINT('',(-2.403396226036,1.,0.588908624477));
#15067 = CARTESIAN_POINT('',(-2.416358116612,1.,0.773365911976));
#15068 = CARTESIAN_POINT('',(-2.429320133712,1.,0.957825));
#15069 = ORIENTED_EDGE('',*,*,#15070,.F.);
#15070 = EDGE_CURVE('',#15071,#15061,#15073,.T.);
#15071 = VERTEX_POINT('',#15072);
#15072 = CARTESIAN_POINT('',(-2.377627457948,-1.,0.2222));
#15073 = B_SPLINE_CURVE_WITH_KNOTS('',1,(#15074,#15075),.UNSPECIFIED.,
  .F.,.F.,(2,2),(0.,1.),.PIECEWISE_BEZIER_KNOTS.);
#15074 = CARTESIAN_POINT('',(-2.377627457948,-1.,0.2222));
#15075 = CARTESIAN_POINT('',(-2.377627457948,1.,0.2222));
#15076 = ORIENTED_EDGE('',*,*,#15077,.F.);
#15077 = EDGE_CURVE('',#15013,#15071,#15078,.T.);
#15078 = B_SPLINE_CURVE_WITH_KNOTS('',4,(#15079,#15080,#15081,#15082,
    #15083),.UNSPECIFIED.,.F.,.F.,(5,5),(0.,1.),
  .PIECEWISE_BEZIER_KNOTS.);
#15079 = CARTESIAN_POINT('',(-2.37747286303,-1.,0.22));
#15080 = CARTESIAN_POINT('',(-2.390434471179,-1.,0.40445326836));
#15081 = CARTESIAN_POINT('',(-2.403396226036,-1.,0.588908624477));
#15082 = CARTESIAN_POINT('',(-2.416358116612,-1.,0.773365911976));
#15083 = CARTESIAN_POINT('',(-2.429320133712,-1.,0.957825));
#15084 = ORIENTED_EDGE('',*,*,#15012,.T.);
#15085 = ORIENTED_EDGE('',*,*,#14894,.T.);
#15086 = ORIENTED_EDGE('',*,*,#15087,.F.);
#15087 = EDGE_CURVE('',#14954,#14887,#15088,.T.);
#15088 = LINE('',#15089,#15090);
#15089 = CARTESIAN_POINT('',(-2.43,1.775,0.9675));
#15090 = VECTOR('',#15091,1.);
#15091 = DIRECTION('',(-2.22044604925E-16,-1.,0.));
#15092 = B_SPLINE_SURFACE_WITH_KNOTS('',1,1,(
    (#15093,#15094)
    ,(#15095,#15096
    )),.UNSPECIFIED.,.F.,.F.,.F.,(2,2),(2,2),(0.,3.55),(0.,1.),
  .PIECEWISE_BEZIER_KNOTS.);
#15093 = CARTESIAN_POINT('',(-2.37747286303,1.72247286303,0.22));
#15094 = CARTESIAN_POINT('',(-2.43,1.775,0.9675));
#15095 = CARTESIAN_POINT('',(-2.37747286303,-1.72247286303,0.22));
#15096 = CARTESIAN_POINT('',(-2.43,-1.775,0.9675));
#15097 = ADVANCED_FACE('',(#15098),#15115,.T.);
#15098 = FACE_BOUND('',#15099,.T.);
#15099 = EDGE_LOOP('',(#15100,#15108,#15109,#15110));
#15100 = ORIENTED_EDGE('',*,*,#15101,.T.);
#15101 = EDGE_CURVE('',#15102,#14976,#15104,.T.);
#15102 = VERTEX_POINT('',#15103);
#15103 = CARTESIAN_POINT('',(-1.3,-1.707013371213,0.));
#15104 = LINE('',#15105,#15106);
#15105 = CARTESIAN_POINT('',(-1.3,-1.707013371213,0.));
#15106 = VECTOR('',#15107,1.);
#15107 = DIRECTION('',(1.,-2.22044604925E-16,0.));
#15108 = ORIENTED_EDGE('',*,*,#14991,.T.);
#15109 = ORIENTED_EDGE('',*,*,#14878,.F.);
#15110 = ORIENTED_EDGE('',*,*,#15111,.F.);
#15111 = EDGE_CURVE('',#15102,#14871,#15112,.T.);
#15112 = B_SPLINE_CURVE_WITH_KNOTS('',1,(#15113,#15114),.UNSPECIFIED.,
  .F.,.F.,(2,2),(0.,1.),.PIECEWISE_BEZIER_KNOTS.);
#15113 = CARTESIAN_POINT('',(-1.3,-1.707013371213,0.));
#15114 = CARTESIAN_POINT('',(-1.3,-1.72247286303,0.22));
#15115 = PLANE('',#15116);
#15116 = AXIS2_PLACEMENT_3D('',#15117,#15118,#15119);
#15117 = CARTESIAN_POINT('',(-1.3,-1.72247286303,0.22));
#15118 = DIRECTION('',(-2.214984063823E-16,-0.997540140447,
    -7.009756199374E-02));
#15119 = DIRECTION('',(1.,-2.22044604925E-16,-1.177128382009E-30));
#15120 = ADVANCED_FACE('',(#15121),#15138,.T.);
#15121 = FACE_BOUND('',#15122,.T.);
#15122 = EDGE_LOOP('',(#15123,#15124,#15125,#15133));
#15123 = ORIENTED_EDGE('',*,*,#14886,.T.);
#15124 = ORIENTED_EDGE('',*,*,#14923,.T.);
#15125 = ORIENTED_EDGE('',*,*,#15126,.F.);
#15126 = EDGE_CURVE('',#15127,#14916,#15129,.T.);
#15127 = VERTEX_POINT('',#15128);
#15128 = CARTESIAN_POINT('',(-2.346905231482,-1.691905231482,2.15));
#15129 = LINE('',#15130,#15131);
#15130 = CARTESIAN_POINT('',(-2.346905231482,-1.691905231482,2.15));
#15131 = VECTOR('',#15132,1.);
#15132 = DIRECTION('',(1.,-2.22044604925E-16,0.));
#15133 = ORIENTED_EDGE('',*,*,#15134,.F.);
#15134 = EDGE_CURVE('',#14887,#15127,#15135,.T.);
#15135 = B_SPLINE_CURVE_WITH_KNOTS('',1,(#15136,#15137),.UNSPECIFIED.,
  .F.,.F.,(2,2),(0.,1.),.PIECEWISE_BEZIER_KNOTS.);
#15136 = CARTESIAN_POINT('',(-2.43,-1.775,0.9675));
#15137 = CARTESIAN_POINT('',(-2.346905231482,-1.691905231482,2.15));
#15138 = B_SPLINE_SURFACE_WITH_KNOTS('',1,1,(
    (#15139,#15140)
    ,(#15141,#15142
    )),.UNSPECIFIED.,.F.,.F.,.F.,(2,2),(2,2),(0.,4.86),(0.,1.),
  .PIECEWISE_BEZIER_KNOTS.);
#15139 = CARTESIAN_POINT('',(-2.43,-1.775,0.9675));
#15140 = CARTESIAN_POINT('',(-2.346905231482,-1.691905231482,2.15));
#15141 = CARTESIAN_POINT('',(2.43,-1.775,0.9675));
#15142 = CARTESIAN_POINT('',(2.346905231482,-1.691905231482,2.15));
#15143 = ADVANCED_FACE('',(#15144),#15161,.T.);
#15144 = FACE_BOUND('',#15145,.T.);
#15145 = EDGE_LOOP('',(#15146,#15147,#15154,#15160));
#15146 = ORIENTED_EDGE('',*,*,#14960,.T.);
#15147 = ORIENTED_EDGE('',*,*,#15148,.T.);
#15148 = EDGE_CURVE('',#14954,#15149,#15151,.T.);
#15149 = VERTEX_POINT('',#15150);
#15150 = CARTESIAN_POINT('',(-2.346905231482,1.691905231482,2.15));
#15151 = B_SPLINE_CURVE_WITH_KNOTS('',1,(#15152,#15153),.UNSPECIFIED.,
  .F.,.F.,(2,2),(0.,1.),.PIECEWISE_BEZIER_KNOTS.);
#15152 = CARTESIAN_POINT('',(-2.43,1.775,0.9675));
#15153 = CARTESIAN_POINT('',(-2.346905231482,1.691905231482,2.15));
#15154 = ORIENTED_EDGE('',*,*,#15155,.F.);
#15155 = EDGE_CURVE('',#14909,#15149,#15156,.T.);
#15156 = LINE('',#15157,#15158);
#15157 = CARTESIAN_POINT('',(2.346905231482,1.691905231482,2.15));
#15158 = VECTOR('',#15159,1.);
#15159 = DIRECTION('',(-1.,2.22044604925E-16,0.));
#15160 = ORIENTED_EDGE('',*,*,#14908,.F.);
#15161 = B_SPLINE_SURFACE_WITH_KNOTS('',1,1,(
    (#15162,#15163)
    ,(#15164,#15165
    )),.UNSPECIFIED.,.F.,.F.,.F.,(2,2),(2,2),(0.,4.86),(0.,1.),
  .PIECEWISE_BEZIER_KNOTS.);
#15162 = CARTESIAN_POINT('',(2.43,1.775,0.9675));
#15163 = CARTESIAN_POINT('',(2.346905231482,1.691905231482,2.15));
#15164 = CARTESIAN_POINT('',(-2.43,1.775,0.9675));
#15165 = CARTESIAN_POINT('',(-2.346905231482,1.691905231482,2.15));
#15166 = ADVANCED_FACE('',(#15167,#15178),#15212,.F.);
#15167 = FACE_BOUND('',#15168,.F.);
#15168 = EDGE_LOOP('',(#15169,#15170,#15171,#15177));
#15169 = ORIENTED_EDGE('',*,*,#14915,.F.);
#15170 = ORIENTED_EDGE('',*,*,#15126,.F.);
#15171 = ORIENTED_EDGE('',*,*,#15172,.F.);
#15172 = EDGE_CURVE('',#15149,#15127,#15173,.T.);
#15173 = LINE('',#15174,#15175);
#15174 = CARTESIAN_POINT('',(-2.346905231482,1.691905231482,2.15));
#15175 = VECTOR('',#15176,1.);
#15176 = DIRECTION('',(-2.22044604925E-16,-1.,0.));
#15177 = ORIENTED_EDGE('',*,*,#15155,.F.);
#15178 = FACE_BOUND('',#15179,.F.);
#15179 = EDGE_LOOP('',(#15180,#15190,#15198,#15206));
#15180 = ORIENTED_EDGE('',*,*,#15181,.T.);
#15181 = EDGE_CURVE('',#15182,#15184,#15186,.T.);
#15182 = VERTEX_POINT('',#15183);
#15183 = CARTESIAN_POINT('',(-1.663810462964,1.608810462964,2.15));
#15184 = VERTEX_POINT('',#15185);
#15185 = CARTESIAN_POINT('',(-2.263810462964,1.608810462964,2.15));
#15186 = LINE('',#15187,#15188);
#15187 = CARTESIAN_POINT('',(-1.663810462964,1.608810462964,2.15));
#15188 = VECTOR('',#15189,1.);
#15189 = DIRECTION('',(-1.,2.22044604925E-16,0.));
#15190 = ORIENTED_EDGE('',*,*,#15191,.T.);
#15191 = EDGE_CURVE('',#15184,#15192,#15194,.T.);
#15192 = VERTEX_POINT('',#15193);
#15193 = CARTESIAN_POINT('',(-2.263810462964,-1.608810462964,2.15));
#15194 = LINE('',#15195,#15196);
#15195 = CARTESIAN_POINT('',(-2.263810462964,1.608810462964,2.15));
#15196 = VECTOR('',#15197,1.);
#15197 = DIRECTION('',(-2.22044604925E-16,-1.,0.));
#15198 = ORIENTED_EDGE('',*,*,#15199,.T.);
#15199 = EDGE_CURVE('',#15192,#15200,#15202,.T.);
#15200 = VERTEX_POINT('',#15201);
#15201 = CARTESIAN_POINT('',(-1.663810462964,-1.608810462964,2.15));
#15202 = LINE('',#15203,#15204);
#15203 = CARTESIAN_POINT('',(-2.263810462964,-1.608810462964,2.15));
#15204 = VECTOR('',#15205,1.);
#15205 = DIRECTION('',(1.,-2.22044604925E-16,0.));
#15206 = ORIENTED_EDGE('',*,*,#15207,.T.);
#15207 = EDGE_CURVE('',#15200,#15182,#15208,.T.);
#15208 = LINE('',#15209,#15210);
#15209 = CARTESIAN_POINT('',(-1.663810462964,-1.608810462964,2.15));
#15210 = VECTOR('',#15211,1.);
#15211 = DIRECTION('',(2.22044604925E-16,1.,0.));
#15212 = PLANE('',#15213);
#15213 = AXIS2_PLACEMENT_3D('',#15214,#15215,#15216);
#15214 = CARTESIAN_POINT('',(2.346905231482,-1.691905231482,2.15));
#15215 = DIRECTION('',(0.,0.,-1.));
#15216 = DIRECTION('',(-0.811184528135,0.584790271221,0.));
#15217 = ADVANCED_FACE('',(#15218),#15235,.T.);
#15218 = FACE_BOUND('',#15219,.T.);
#15219 = EDGE_LOOP('',(#15220,#15228,#15233,#15234));
#15220 = ORIENTED_EDGE('',*,*,#15221,.T.);
#15221 = EDGE_CURVE('',#14978,#15222,#15224,.T.);
#15222 = VERTEX_POINT('',#15223);
#15223 = CARTESIAN_POINT('',(-1.3,1.707013371213,0.));
#15224 = LINE('',#15225,#15226);
#15225 = CARTESIAN_POINT('',(1.3,1.707013371213,0.));
#15226 = VECTOR('',#15227,1.);
#15227 = DIRECTION('',(-1.,2.22044604925E-16,0.));
#15228 = ORIENTED_EDGE('',*,*,#15229,.T.);
#15229 = EDGE_CURVE('',#15222,#14938,#15230,.T.);
#15230 = B_SPLINE_CURVE_WITH_KNOTS('',1,(#15231,#15232),.UNSPECIFIED.,
  .F.,.F.,(2,2),(0.,1.),.PIECEWISE_BEZIER_KNOTS.);
#15231 = CARTESIAN_POINT('',(-1.3,1.707013371213,0.));
#15232 = CARTESIAN_POINT('',(-1.3,1.72247286303,0.22));
#15233 = ORIENTED_EDGE('',*,*,#14937,.F.);
#15234 = ORIENTED_EDGE('',*,*,#14985,.F.);
#15235 = PLANE('',#15236);
#15236 = AXIS2_PLACEMENT_3D('',#15237,#15238,#15239);
#15237 = CARTESIAN_POINT('',(1.3,1.72247286303,0.22));
#15238 = DIRECTION('',(2.214984063823E-16,0.997540140447,
    -7.009756199374E-02));
#15239 = DIRECTION('',(-1.,2.22044604925E-16,-1.177128382009E-30));
#15240 = ADVANCED_FACE('',(#15241),#15252,.T.);
#15241 = FACE_BOUND('',#15242,.F.);
#15242 = EDGE_LOOP('',(#15243,#15244,#15245,#15251));
#15243 = ORIENTED_EDGE('',*,*,#14975,.T.);
#15244 = ORIENTED_EDGE('',*,*,#15221,.T.);
#15245 = ORIENTED_EDGE('',*,*,#15246,.T.);
#15246 = EDGE_CURVE('',#15222,#15102,#15247,.T.);
#15247 = LINE('',#15248,#15249);
#15248 = CARTESIAN_POINT('',(-1.3,1.707013371213,0.));
#15249 = VECTOR('',#15250,1.);
#15250 = DIRECTION('',(-2.22044604925E-16,-1.,0.));
#15251 = ORIENTED_EDGE('',*,*,#15101,.T.);
#15252 = PLANE('',#15253);
#15253 = AXIS2_PLACEMENT_3D('',#15254,#15255,#15256);
#15254 = CARTESIAN_POINT('',(1.3,-1.707013371213,0.));
#15255 = DIRECTION('',(0.,0.,-1.));
#15256 = DIRECTION('',(-0.605871695069,0.795562372863,0.));
#15257 = ADVANCED_FACE('',(#15258),#15326,.T.);
#15258 = FACE_BOUND('',#15259,.T.);
#15259 = EDGE_LOOP('',(#15260,#15271,#15279,#15288,#15296,#15304,#15310,
    #15311,#15312,#15320));
#15260 = ORIENTED_EDGE('',*,*,#15261,.F.);
#15261 = EDGE_CURVE('',#15262,#15264,#15266,.T.);
#15262 = VERTEX_POINT('',#15263);
#15263 = CARTESIAN_POINT('',(-2.65,1.,0.146666666667));
#15264 = VERTEX_POINT('',#15265);
#15265 = CARTESIAN_POINT('',(-2.503333333333,1.,-2.775557561563E-17));
#15266 = CIRCLE('',#15267,0.146666666667);
#15267 = AXIS2_PLACEMENT_3D('',#15268,#15269,#15270);
#15268 = CARTESIAN_POINT('',(-2.503333333333,1.,0.146666666667));
#15269 = DIRECTION('',(-2.22044604925E-16,-1.,0.));
#15270 = DIRECTION('',(0.,0.,1.));
#15271 = ORIENTED_EDGE('',*,*,#15272,.T.);
#15272 = EDGE_CURVE('',#15262,#15273,#15275,.T.);
#15273 = VERTEX_POINT('',#15274);
#15274 = CARTESIAN_POINT('',(-2.65,1.,0.811158333333));
#15275 = LINE('',#15276,#15277);
#15276 = CARTESIAN_POINT('',(-2.65,1.,0.));
#15277 = VECTOR('',#15278,1.);
#15278 = DIRECTION('',(0.,0.,1.));
#15279 = ORIENTED_EDGE('',*,*,#15280,.T.);
#15280 = EDGE_CURVE('',#15273,#15281,#15283,.T.);
#15281 = VERTEX_POINT('',#15282);
#15282 = CARTESIAN_POINT('',(-2.503333333333,1.,0.957825));
#15283 = CIRCLE('',#15284,0.146666666667);
#15284 = AXIS2_PLACEMENT_3D('',#15285,#15286,#15287);
#15285 = CARTESIAN_POINT('',(-2.503333333333,1.,0.811158333333));
#15286 = DIRECTION('',(2.22044604925E-16,1.,-0.));
#15287 = DIRECTION('',(0.,0.,1.));
#15288 = ORIENTED_EDGE('',*,*,#15289,.T.);
#15289 = EDGE_CURVE('',#15281,#15290,#15292,.T.);
#15290 = VERTEX_POINT('',#15291);
#15291 = CARTESIAN_POINT('',(-2.43,1.,0.957825));
#15292 = LINE('',#15293,#15294);
#15293 = CARTESIAN_POINT('',(-2.65,1.,0.957825));
#15294 = VECTOR('',#15295,1.);
#15295 = DIRECTION('',(1.,-2.22044604925E-16,0.));
#15296 = ORIENTED_EDGE('',*,*,#15297,.F.);
#15297 = EDGE_CURVE('',#15298,#15290,#15300,.T.);
#15298 = VERTEX_POINT('',#15299);
#15299 = CARTESIAN_POINT('',(-2.43,1.,0.2222));
#15300 = LINE('',#15301,#15302);
#15301 = CARTESIAN_POINT('',(-2.43,1.,0.));
#15302 = VECTOR('',#15303,1.);
#15303 = DIRECTION('',(0.,0.,1.));
#15304 = ORIENTED_EDGE('',*,*,#15305,.T.);
#15305 = EDGE_CURVE('',#15298,#15061,#15306,.T.);
#15306 = LINE('',#15307,#15308);
#15307 = CARTESIAN_POINT('',(-2.43,1.,0.2222));
#15308 = VECTOR('',#15309,1.);
#15309 = DIRECTION('',(1.,-2.22044604925E-16,0.));
#15310 = ORIENTED_EDGE('',*,*,#15060,.F.);
#15311 = ORIENTED_EDGE('',*,*,#15036,.F.);
#15312 = ORIENTED_EDGE('',*,*,#15313,.F.);
#15313 = EDGE_CURVE('',#15314,#15029,#15316,.T.);
#15314 = VERTEX_POINT('',#15315);
#15315 = CARTESIAN_POINT('',(-1.4,1.,0.));
#15316 = LINE('',#15317,#15318);
#15317 = CARTESIAN_POINT('',(-1.4,1.,0.));
#15318 = VECTOR('',#15319,1.);
#15319 = DIRECTION('',(0.,0.,1.));
#15320 = ORIENTED_EDGE('',*,*,#15321,.F.);
#15321 = EDGE_CURVE('',#15264,#15314,#15322,.T.);
#15322 = LINE('',#15323,#15324);
#15323 = CARTESIAN_POINT('',(-2.43,1.,0.));
#15324 = VECTOR('',#15325,1.);
#15325 = DIRECTION('',(1.,-2.22044604925E-16,0.));
#15326 = PLANE('',#15327);
#15327 = AXIS2_PLACEMENT_3D('',#15328,#15329,#15330);
#15328 = CARTESIAN_POINT('',(-2.181840899909,1.,0.302067385793));
#15329 = DIRECTION('',(2.22044604925E-16,1.,0.));
#15330 = DIRECTION('',(0.,-0.,1.));
#15331 = ADVANCED_FACE('',(#15332),#15350,.T.);
#15332 = FACE_BOUND('',#15333,.T.);
#15333 = EDGE_LOOP('',(#15334,#15342,#15343,#15344));
#15334 = ORIENTED_EDGE('',*,*,#15335,.F.);
#15335 = EDGE_CURVE('',#15314,#15336,#15338,.T.);
#15336 = VERTEX_POINT('',#15337);
#15337 = CARTESIAN_POINT('',(-1.4,-1.,0.));
#15338 = LINE('',#15339,#15340);
#15339 = CARTESIAN_POINT('',(-1.4,1.,0.));
#15340 = VECTOR('',#15341,1.);
#15341 = DIRECTION('',(-2.22044604925E-16,-1.,0.));
#15342 = ORIENTED_EDGE('',*,*,#15313,.T.);
#15343 = ORIENTED_EDGE('',*,*,#15028,.F.);
#15344 = ORIENTED_EDGE('',*,*,#15345,.F.);
#15345 = EDGE_CURVE('',#15336,#15021,#15346,.T.);
#15346 = LINE('',#15347,#15348);
#15347 = CARTESIAN_POINT('',(-1.4,-1.,0.));
#15348 = VECTOR('',#15349,1.);
#15349 = DIRECTION('',(0.,0.,1.));
#15350 = PLANE('',#15351);
#15351 = AXIS2_PLACEMENT_3D('',#15352,#15353,#15354);
#15352 = CARTESIAN_POINT('',(-1.4,1.,0.));
#15353 = DIRECTION('',(1.,-2.22044604925E-16,0.));
#15354 = DIRECTION('',(-2.22044604925E-16,-1.,0.));
#15355 = ADVANCED_FACE('',(#15356),#15417,.T.);
#15356 = FACE_BOUND('',#15357,.T.);
#15357 = EDGE_LOOP('',(#15358,#15368,#15377,#15383,#15384,#15385,#15386,
    #15394,#15402,#15410));
#15358 = ORIENTED_EDGE('',*,*,#15359,.F.);
#15359 = EDGE_CURVE('',#15360,#15362,#15364,.T.);
#15360 = VERTEX_POINT('',#15361);
#15361 = CARTESIAN_POINT('',(-2.65,-1.,0.146666666667));
#15362 = VERTEX_POINT('',#15363);
#15363 = CARTESIAN_POINT('',(-2.65,-1.,0.811158333333));
#15364 = LINE('',#15365,#15366);
#15365 = CARTESIAN_POINT('',(-2.65,-1.,0.));
#15366 = VECTOR('',#15367,1.);
#15367 = DIRECTION('',(0.,0.,1.));
#15368 = ORIENTED_EDGE('',*,*,#15369,.T.);
#15369 = EDGE_CURVE('',#15360,#15370,#15372,.T.);
#15370 = VERTEX_POINT('',#15371);
#15371 = CARTESIAN_POINT('',(-2.503333333333,-1.,-2.775557561563E-17));
#15372 = CIRCLE('',#15373,0.146666666667);
#15373 = AXIS2_PLACEMENT_3D('',#15374,#15375,#15376);
#15374 = CARTESIAN_POINT('',(-2.503333333333,-1.,0.146666666667));
#15375 = DIRECTION('',(-2.22044604925E-16,-1.,0.));
#15376 = DIRECTION('',(0.,0.,1.));
#15377 = ORIENTED_EDGE('',*,*,#15378,.F.);
#15378 = EDGE_CURVE('',#15336,#15370,#15379,.T.);
#15379 = LINE('',#15380,#15381);
#15380 = CARTESIAN_POINT('',(-2.43,-1.,0.));
#15381 = VECTOR('',#15382,1.);
#15382 = DIRECTION('',(-1.,2.22044604925E-16,0.));
#15383 = ORIENTED_EDGE('',*,*,#15345,.T.);
#15384 = ORIENTED_EDGE('',*,*,#15020,.F.);
#15385 = ORIENTED_EDGE('',*,*,#15077,.T.);
#15386 = ORIENTED_EDGE('',*,*,#15387,.T.);
#15387 = EDGE_CURVE('',#15071,#15388,#15390,.T.);
#15388 = VERTEX_POINT('',#15389);
#15389 = CARTESIAN_POINT('',(-2.43,-1.,0.2222));
#15390 = LINE('',#15391,#15392);
#15391 = CARTESIAN_POINT('',(-1.4,-1.,0.2222));
#15392 = VECTOR('',#15393,1.);
#15393 = DIRECTION('',(-1.,2.22044604925E-16,0.));
#15394 = ORIENTED_EDGE('',*,*,#15395,.T.);
#15395 = EDGE_CURVE('',#15388,#15396,#15398,.T.);
#15396 = VERTEX_POINT('',#15397);
#15397 = CARTESIAN_POINT('',(-2.43,-1.,0.957825));
#15398 = LINE('',#15399,#15400);
#15399 = CARTESIAN_POINT('',(-2.43,-1.,0.));
#15400 = VECTOR('',#15401,1.);
#15401 = DIRECTION('',(0.,0.,1.));
#15402 = ORIENTED_EDGE('',*,*,#15403,.T.);
#15403 = EDGE_CURVE('',#15396,#15404,#15406,.T.);
#15404 = VERTEX_POINT('',#15405);
#15405 = CARTESIAN_POINT('',(-2.503333333333,-1.,0.957825));
#15406 = LINE('',#15407,#15408);
#15407 = CARTESIAN_POINT('',(-2.43,-1.,0.957825));
#15408 = VECTOR('',#15409,1.);
#15409 = DIRECTION('',(-1.,2.22044604925E-16,0.));
#15410 = ORIENTED_EDGE('',*,*,#15411,.F.);
#15411 = EDGE_CURVE('',#15362,#15404,#15412,.T.);
#15412 = CIRCLE('',#15413,0.146666666667);
#15413 = AXIS2_PLACEMENT_3D('',#15414,#15415,#15416);
#15414 = CARTESIAN_POINT('',(-2.503333333333,-1.,0.811158333333));
#15415 = DIRECTION('',(2.22044604925E-16,1.,-0.));
#15416 = DIRECTION('',(0.,0.,1.));
#15417 = PLANE('',#15418);
#15418 = AXIS2_PLACEMENT_3D('',#15419,#15420,#15421);
#15419 = CARTESIAN_POINT('',(-2.181840899909,-1.,0.302067385793));
#15420 = DIRECTION('',(-2.22044604925E-16,-1.,-0.));
#15421 = DIRECTION('',(0.,0.,-1.));
#15422 = ADVANCED_FACE('',(#15423),#15429,.T.);
#15423 = FACE_BOUND('',#15424,.T.);
#15424 = EDGE_LOOP('',(#15425,#15426,#15427,#15428));
#15425 = ORIENTED_EDGE('',*,*,#15246,.T.);
#15426 = ORIENTED_EDGE('',*,*,#15111,.T.);
#15427 = ORIENTED_EDGE('',*,*,#15005,.F.);
#15428 = ORIENTED_EDGE('',*,*,#15229,.F.);
#15429 = B_SPLINE_SURFACE_WITH_KNOTS('',1,1,(
    (#15430,#15431)
    ,(#15432,#15433
    )),.UNSPECIFIED.,.F.,.F.,.F.,(2,2),(2,2),(0.,3.44494572606),(0.,1.),
  .PIECEWISE_BEZIER_KNOTS.);
#15430 = CARTESIAN_POINT('',(-1.3,1.707013371213,0.));
#15431 = CARTESIAN_POINT('',(-1.3,1.72247286303,0.22));
#15432 = CARTESIAN_POINT('',(-1.3,-1.707013371213,0.));
#15433 = CARTESIAN_POINT('',(-1.3,-1.72247286303,0.22));
#15434 = ADVANCED_FACE('',(#15435),#15441,.T.);
#15435 = FACE_BOUND('',#15436,.T.);
#15436 = EDGE_LOOP('',(#15437,#15438,#15439,#15440));
#15437 = ORIENTED_EDGE('',*,*,#15087,.T.);
#15438 = ORIENTED_EDGE('',*,*,#15134,.T.);
#15439 = ORIENTED_EDGE('',*,*,#15172,.F.);
#15440 = ORIENTED_EDGE('',*,*,#15148,.F.);
#15441 = B_SPLINE_SURFACE_WITH_KNOTS('',1,1,(
    (#15442,#15443)
    ,(#15444,#15445
    )),.UNSPECIFIED.,.F.,.F.,.F.,(2,2),(2,2),(0.,3.55),(0.,1.),
  .PIECEWISE_BEZIER_KNOTS.);
#15442 = CARTESIAN_POINT('',(-2.43,1.775,0.9675));
#15443 = CARTESIAN_POINT('',(-2.346905231482,1.691905231482,2.15));
#15444 = CARTESIAN_POINT('',(-2.43,-1.775,0.9675));
#15445 = CARTESIAN_POINT('',(-2.346905231482,-1.691905231482,2.15));
#15446 = ADVANCED_FACE('',(#15447),#15458,.F.);
#15447 = FACE_BOUND('',#15448,.F.);
#15448 = EDGE_LOOP('',(#15449,#15450,#15451,#15457));
#15449 = ORIENTED_EDGE('',*,*,#15070,.F.);
#15450 = ORIENTED_EDGE('',*,*,#15387,.T.);
#15451 = ORIENTED_EDGE('',*,*,#15452,.T.);
#15452 = EDGE_CURVE('',#15388,#15298,#15453,.T.);
#15453 = LINE('',#15454,#15455);
#15454 = CARTESIAN_POINT('',(-2.43,-1.,0.2222));
#15455 = VECTOR('',#15456,1.);
#15456 = DIRECTION('',(2.22044604925E-16,1.,0.));
#15457 = ORIENTED_EDGE('',*,*,#15305,.T.);
#15458 = PLANE('',#15459);
#15459 = AXIS2_PLACEMENT_3D('',#15460,#15461,#15462);
#15460 = CARTESIAN_POINT('',(-1.915,4.440892098501E-16,0.2222));
#15461 = DIRECTION('',(0.,-0.,-1.));
#15462 = DIRECTION('',(-2.22044604925E-16,-1.,0.));
#15463 = ADVANCED_FACE('',(#15464),#15487,.F.);
#15464 = FACE_BOUND('',#15465,.F.);
#15465 = EDGE_LOOP('',(#15466,#15476,#15481,#15482));
#15466 = ORIENTED_EDGE('',*,*,#15467,.T.);
#15467 = EDGE_CURVE('',#15468,#15470,#15472,.T.);
#15468 = VERTEX_POINT('',#15469);
#15469 = CARTESIAN_POINT('',(-1.663810462964,1.608810462964,2.1478));
#15470 = VERTEX_POINT('',#15471);
#15471 = CARTESIAN_POINT('',(-2.263810462964,1.608810462964,2.1478));
#15472 = LINE('',#15473,#15474);
#15473 = CARTESIAN_POINT('',(-1.663810462964,1.608810462964,2.1478));
#15474 = VECTOR('',#15475,1.);
#15475 = DIRECTION('',(-1.,2.22044604925E-16,0.));
#15476 = ORIENTED_EDGE('',*,*,#15477,.T.);
#15477 = EDGE_CURVE('',#15470,#15184,#15478,.T.);
#15478 = B_SPLINE_CURVE_WITH_KNOTS('',1,(#15479,#15480),.UNSPECIFIED.,
  .F.,.F.,(2,2),(0.,1.),.PIECEWISE_BEZIER_KNOTS.);
#15479 = CARTESIAN_POINT('',(-2.263810462964,1.608810462964,2.1478));
#15480 = CARTESIAN_POINT('',(-2.263810462964,1.608810462964,2.15));
#15481 = ORIENTED_EDGE('',*,*,#15181,.F.);
#15482 = ORIENTED_EDGE('',*,*,#15483,.F.);
#15483 = EDGE_CURVE('',#15468,#15182,#15484,.T.);
#15484 = B_SPLINE_CURVE_WITH_KNOTS('',1,(#15485,#15486),.UNSPECIFIED.,
  .F.,.F.,(2,2),(0.,1.),.PIECEWISE_BEZIER_KNOTS.);
#15485 = CARTESIAN_POINT('',(-1.663810462964,1.608810462964,2.1478));
#15486 = CARTESIAN_POINT('',(-1.663810462964,1.608810462964,2.15));
#15487 = PLANE('',#15488);
#15488 = AXIS2_PLACEMENT_3D('',#15489,#15490,#15491);
#15489 = CARTESIAN_POINT('',(-1.663810462964,1.608810462964,2.15));
#15490 = DIRECTION('',(2.22044604925E-16,1.,0.));
#15491 = DIRECTION('',(-1.,2.22044604925E-16,0.));
#15492 = ADVANCED_FACE('',(#15493),#15510,.F.);
#15493 = FACE_BOUND('',#15494,.F.);
#15494 = EDGE_LOOP('',(#15495,#15503,#15504,#15505));
#15495 = ORIENTED_EDGE('',*,*,#15496,.T.);
#15496 = EDGE_CURVE('',#15497,#15468,#15499,.T.);
#15497 = VERTEX_POINT('',#15498);
#15498 = CARTESIAN_POINT('',(-1.663810462964,-1.608810462964,2.1478));
#15499 = LINE('',#15500,#15501);
#15500 = CARTESIAN_POINT('',(-1.663810462964,-1.608810462964,2.1478));
#15501 = VECTOR('',#15502,1.);
#15502 = DIRECTION('',(2.22044604925E-16,1.,0.));
#15503 = ORIENTED_EDGE('',*,*,#15483,.T.);
#15504 = ORIENTED_EDGE('',*,*,#15207,.F.);
#15505 = ORIENTED_EDGE('',*,*,#15506,.F.);
#15506 = EDGE_CURVE('',#15497,#15200,#15507,.T.);
#15507 = B_SPLINE_CURVE_WITH_KNOTS('',1,(#15508,#15509),.UNSPECIFIED.,
  .F.,.F.,(2,2),(0.,1.),.PIECEWISE_BEZIER_KNOTS.);
#15508 = CARTESIAN_POINT('',(-1.663810462964,-1.608810462964,2.1478));
#15509 = CARTESIAN_POINT('',(-1.663810462964,-1.608810462964,2.15));
#15510 = PLANE('',#15511);
#15511 = AXIS2_PLACEMENT_3D('',#15512,#15513,#15514);
#15512 = CARTESIAN_POINT('',(-1.663810462964,-1.608810462964,2.15));
#15513 = DIRECTION('',(1.,-2.22044604925E-16,0.));
#15514 = DIRECTION('',(2.22044604925E-16,1.,0.));
#15515 = ADVANCED_FACE('',(#15516),#15533,.F.);
#15516 = FACE_BOUND('',#15517,.F.);
#15517 = EDGE_LOOP('',(#15518,#15526,#15527,#15528));
#15518 = ORIENTED_EDGE('',*,*,#15519,.T.);
#15519 = EDGE_CURVE('',#15520,#15497,#15522,.T.);
#15520 = VERTEX_POINT('',#15521);
#15521 = CARTESIAN_POINT('',(-2.263810462964,-1.608810462964,2.1478));
#15522 = LINE('',#15523,#15524);
#15523 = CARTESIAN_POINT('',(-2.263810462964,-1.608810462964,2.1478));
#15524 = VECTOR('',#15525,1.);
#15525 = DIRECTION('',(1.,-2.22044604925E-16,0.));
#15526 = ORIENTED_EDGE('',*,*,#15506,.T.);
#15527 = ORIENTED_EDGE('',*,*,#15199,.F.);
#15528 = ORIENTED_EDGE('',*,*,#15529,.F.);
#15529 = EDGE_CURVE('',#15520,#15192,#15530,.T.);
#15530 = B_SPLINE_CURVE_WITH_KNOTS('',1,(#15531,#15532),.UNSPECIFIED.,
  .F.,.F.,(2,2),(0.,1.),.PIECEWISE_BEZIER_KNOTS.);
#15531 = CARTESIAN_POINT('',(-2.263810462964,-1.608810462964,2.1478));
#15532 = CARTESIAN_POINT('',(-2.263810462964,-1.608810462964,2.15));
#15533 = PLANE('',#15534);
#15534 = AXIS2_PLACEMENT_3D('',#15535,#15536,#15537);
#15535 = CARTESIAN_POINT('',(-2.263810462964,-1.608810462964,2.15));
#15536 = DIRECTION('',(-2.22044604925E-16,-1.,0.));
#15537 = DIRECTION('',(1.,-2.22044604925E-16,0.));
#15538 = ADVANCED_FACE('',(#15539),#15550,.F.);
#15539 = FACE_BOUND('',#15540,.F.);
#15540 = EDGE_LOOP('',(#15541,#15547,#15548,#15549));
#15541 = ORIENTED_EDGE('',*,*,#15542,.T.);
#15542 = EDGE_CURVE('',#15470,#15520,#15543,.T.);
#15543 = LINE('',#15544,#15545);
#15544 = CARTESIAN_POINT('',(-2.263810462964,1.608810462964,2.1478));
#15545 = VECTOR('',#15546,1.);
#15546 = DIRECTION('',(-2.22044604925E-16,-1.,0.));
#15547 = ORIENTED_EDGE('',*,*,#15529,.T.);
#15548 = ORIENTED_EDGE('',*,*,#15191,.F.);
#15549 = ORIENTED_EDGE('',*,*,#15477,.F.);
#15550 = PLANE('',#15551);
#15551 = AXIS2_PLACEMENT_3D('',#15552,#15553,#15554);
#15552 = CARTESIAN_POINT('',(-2.263810462964,1.608810462964,2.15));
#15553 = DIRECTION('',(-1.,2.22044604925E-16,0.));
#15554 = DIRECTION('',(-2.22044604925E-16,-1.,0.));
#15555 = ADVANCED_FACE('',(#15556),#15572,.T.);
#15556 = FACE_BOUND('',#15557,.T.);
#15557 = EDGE_LOOP('',(#15558,#15564,#15565,#15571));
#15558 = ORIENTED_EDGE('',*,*,#15559,.T.);
#15559 = EDGE_CURVE('',#15360,#15262,#15560,.T.);
#15560 = LINE('',#15561,#15562);
#15561 = CARTESIAN_POINT('',(-2.65,-1.,0.146666666667));
#15562 = VECTOR('',#15563,1.);
#15563 = DIRECTION('',(2.22044604925E-16,1.,0.));
#15564 = ORIENTED_EDGE('',*,*,#15261,.T.);
#15565 = ORIENTED_EDGE('',*,*,#15566,.F.);
#15566 = EDGE_CURVE('',#15370,#15264,#15567,.T.);
#15567 = LINE('',#15568,#15569);
#15568 = CARTESIAN_POINT('',(-2.503333333333,-1.,-2.775557561563E-17));
#15569 = VECTOR('',#15570,1.);
#15570 = DIRECTION('',(2.22044604925E-16,1.,0.));
#15571 = ORIENTED_EDGE('',*,*,#15369,.F.);
#15572 = CYLINDRICAL_SURFACE('',#15573,0.146666666667);
#15573 = AXIS2_PLACEMENT_3D('',#15574,#15575,#15576);
#15574 = CARTESIAN_POINT('',(-2.503333333333,-1.,0.146666666667));
#15575 = DIRECTION('',(2.22044604925E-16,1.,0.));
#15576 = DIRECTION('',(-1.,2.22044604925E-16,0.));
#15577 = ADVANCED_FACE('',(#15578),#15584,.T.);
#15578 = FACE_BOUND('',#15579,.T.);
#15579 = EDGE_LOOP('',(#15580,#15581,#15582,#15583));
#15580 = ORIENTED_EDGE('',*,*,#15378,.T.);
#15581 = ORIENTED_EDGE('',*,*,#15566,.T.);
#15582 = ORIENTED_EDGE('',*,*,#15321,.T.);
#15583 = ORIENTED_EDGE('',*,*,#15335,.T.);
#15584 = PLANE('',#15585);
#15585 = AXIS2_PLACEMENT_3D('',#15586,#15587,#15588);
#15586 = CARTESIAN_POINT('',(-1.951666666667,4.691322319676E-16,
    -8.943794505573E-18));
#15587 = DIRECTION('',(1.696061518107E-17,-4.165945518725E-33,-1.));
#15588 = DIRECTION('',(1.,-2.22044604925E-16,1.696061518107E-17));
#15589 = ADVANCED_FACE('',(#15590),#15601,.T.);
#15590 = FACE_BOUND('',#15591,.T.);
#15591 = EDGE_LOOP('',(#15592,#15593,#15594,#15600));
#15592 = ORIENTED_EDGE('',*,*,#15452,.T.);
#15593 = ORIENTED_EDGE('',*,*,#15297,.T.);
#15594 = ORIENTED_EDGE('',*,*,#15595,.T.);
#15595 = EDGE_CURVE('',#15290,#15396,#15596,.T.);
#15596 = LINE('',#15597,#15598);
#15597 = CARTESIAN_POINT('',(-2.43,1.,0.957825));
#15598 = VECTOR('',#15599,1.);
#15599 = DIRECTION('',(-2.22044604925E-16,-1.,0.));
#15600 = ORIENTED_EDGE('',*,*,#15395,.F.);
#15601 = PLANE('',#15602);
#15602 = AXIS2_PLACEMENT_3D('',#15603,#15604,#15605);
#15603 = CARTESIAN_POINT('',(-2.43,1.,0.));
#15604 = DIRECTION('',(1.,-2.22044604925E-16,0.));
#15605 = DIRECTION('',(-2.22044604925E-16,-1.,0.));
#15606 = ADVANCED_FACE('',(#15607),#15618,.F.);
#15607 = FACE_BOUND('',#15608,.F.);
#15608 = EDGE_LOOP('',(#15609,#15610,#15616,#15617));
#15609 = ORIENTED_EDGE('',*,*,#15403,.T.);
#15610 = ORIENTED_EDGE('',*,*,#15611,.T.);
#15611 = EDGE_CURVE('',#15404,#15281,#15612,.T.);
#15612 = LINE('',#15613,#15614);
#15613 = CARTESIAN_POINT('',(-2.503333333333,-1.,0.957825));
#15614 = VECTOR('',#15615,1.);
#15615 = DIRECTION('',(2.22044604925E-16,1.,0.));
#15616 = ORIENTED_EDGE('',*,*,#15289,.T.);
#15617 = ORIENTED_EDGE('',*,*,#15595,.T.);
#15618 = PLANE('',#15619);
#15619 = AXIS2_PLACEMENT_3D('',#15620,#15621,#15622);
#15620 = CARTESIAN_POINT('',(-2.54,6.661338147751E-16,0.957825));
#15621 = DIRECTION('',(0.,-0.,-1.));
#15622 = DIRECTION('',(-2.22044604925E-16,-1.,0.));
#15623 = ADVANCED_FACE('',(#15624),#15635,.T.);
#15624 = FACE_BOUND('',#15625,.T.);
#15625 = EDGE_LOOP('',(#15626,#15627,#15628,#15629));
#15626 = ORIENTED_EDGE('',*,*,#15411,.T.);
#15627 = ORIENTED_EDGE('',*,*,#15611,.T.);
#15628 = ORIENTED_EDGE('',*,*,#15280,.F.);
#15629 = ORIENTED_EDGE('',*,*,#15630,.F.);
#15630 = EDGE_CURVE('',#15362,#15273,#15631,.T.);
#15631 = LINE('',#15632,#15633);
#15632 = CARTESIAN_POINT('',(-2.65,-1.,0.811158333333));
#15633 = VECTOR('',#15634,1.);
#15634 = DIRECTION('',(2.22044604925E-16,1.,0.));
#15635 = CYLINDRICAL_SURFACE('',#15636,0.146666666667);
#15636 = AXIS2_PLACEMENT_3D('',#15637,#15638,#15639);
#15637 = CARTESIAN_POINT('',(-2.503333333333,-1.,0.811158333333));
#15638 = DIRECTION('',(2.22044604925E-16,1.,0.));
#15639 = DIRECTION('',(-1.,2.22044604925E-16,0.));
#15640 = ADVANCED_FACE('',(#15641),#15647,.T.);
#15641 = FACE_BOUND('',#15642,.T.);
#15642 = EDGE_LOOP('',(#15643,#15644,#15645,#15646));
#15643 = ORIENTED_EDGE('',*,*,#15359,.T.);
#15644 = ORIENTED_EDGE('',*,*,#15630,.T.);
#15645 = ORIENTED_EDGE('',*,*,#15272,.F.);
#15646 = ORIENTED_EDGE('',*,*,#15559,.F.);
#15647 = PLANE('',#15648);
#15648 = AXIS2_PLACEMENT_3D('',#15649,#15650,#15651);
#15649 = CARTESIAN_POINT('',(-2.65,-1.,0.));
#15650 = DIRECTION('',(-1.,2.22044604925E-16,0.));
#15651 = DIRECTION('',(2.22044604925E-16,1.,0.));
#15652 = ADVANCED_FACE('',(#15653),#15659,.F.);
#15653 = FACE_BOUND('',#15654,.T.);
#15654 = EDGE_LOOP('',(#15655,#15656,#15657,#15658));
#15655 = ORIENTED_EDGE('',*,*,#15496,.T.);
#15656 = ORIENTED_EDGE('',*,*,#15467,.T.);
#15657 = ORIENTED_EDGE('',*,*,#15542,.T.);
#15658 = ORIENTED_EDGE('',*,*,#15519,.T.);
#15659 = PLANE('',#15660);
#15660 = AXIS2_PLACEMENT_3D('',#15661,#15662,#15663);
#15661 = CARTESIAN_POINT('',(-1.663810462964,-1.608810462964,2.1478));
#15662 = DIRECTION('',(0.,0.,-1.));
#15663 = DIRECTION('',(-0.183313304678,0.983054541889,0.));
#15664 = ( GEOMETRIC_REPRESENTATION_CONTEXT(3) 
GLOBAL_UNCERTAINTY_ASSIGNED_CONTEXT((#15668)) 
GLOBAL_UNIT_ASSIGNED_CONTEXT((#15665,#15666,#15667)) 
REPRESENTATION_CONTEXT('Context #1',
  '3D Context with UNIT and UNCERTAINTY') );
#15665 = ( LENGTH_UNIT() NAMED_UNIT(*) SI_UNIT(.MILLI.,.METRE.) );
#15666 = ( NAMED_UNIT(*) PLANE_ANGLE_UNIT() SI_UNIT($,.RADIAN.) );
#15667 = ( NAMED_UNIT(*) SI_UNIT($,.STERADIAN.) SOLID_ANGLE_UNIT() );
#15668 = UNCERTAINTY_MEASURE_WITH_UNIT(LENGTH_MEASURE(1.E-07),#15665,
  'distance_accuracy_value','confusion accuracy');
#15669 = CONTEXT_DEPENDENT_SHAPE_REPRESENTATION(#15670,#15672);
#15670 = ( REPRESENTATION_RELATIONSHIP('','',#14455,#10) 
REPRESENTATION_RELATIONSHIP_WITH_TRANSFORMATION(#15671) 
SHAPE_REPRESENTATION_RELATIONSHIP() );
#15671 = ITEM_DEFINED_TRANSFORMATION('','',#11,#103);
#15672 = PRODUCT_DEFINITION_SHAPE('Placement','Placement of an item',
  #15673);
#15673 = NEXT_ASSEMBLY_USAGE_OCCURRENCE('23','D1','',#5,#14450,$);
#15674 = PRODUCT_RELATED_PRODUCT_CATEGORY('part',$,(#14452));
#15675 = CONTEXT_DEPENDENT_SHAPE_REPRESENTATION(#15676,#15678);
#15676 = ( REPRESENTATION_RELATIONSHIP('','',#4982,#10) 
REPRESENTATION_RELATIONSHIP_WITH_TRANSFORMATION(#15677) 
SHAPE_REPRESENTATION_RELATIONSHIP() );
#15677 = ITEM_DEFINED_TRANSFORMATION('','',#11,#107);
#15678 = PRODUCT_DEFINITION_SHAPE('Placement','Placement of an item',
  #15679);
#15679 = NEXT_ASSEMBLY_USAGE_OCCURRENCE('24','R2','',#5,#4977,$);
#15680 = SHAPE_DEFINITION_REPRESENTATION(#15681,#15687);
#15681 = PRODUCT_DEFINITION_SHAPE('','',#15682);
#15682 = PRODUCT_DEFINITION('design','',#15683,#15686);
#15683 = PRODUCT_DEFINITION_FORMATION('','',#15684);
#15684 = PRODUCT('SOT-23-5','SOT-23-5','',(#15685));
#15685 = PRODUCT_CONTEXT('',#2,'mechanical');
#15686 = PRODUCT_DEFINITION_CONTEXT('part definition',#2,'design');
#15687 = ADVANCED_BREP_SHAPE_REPRESENTATION('',(#11,#15688),#18757);
#15688 = MANIFOLD_SOLID_BREP('',#15689);
#15689 = CLOSED_SHELL('',(#15690,#15728,#15791,#15814,#15843,#15866,
    #15937,#15992,#16015,#16038,#16055,#16078,#16166,#16182,#16212,
    #16243,#16274,#16305,#16336,#16367,#16384,#16401,#16432,#16463,
    #16494,#16524,#16547,#16570,#16587,#16632,#16702,#16725,#16748,
    #16771,#16826,#16864,#16913,#17005,#17030,#17114,#17136,#17228,
    #17253,#17337,#17354,#17439,#17464,#17541,#17626,#17651,#17728,
    #17745,#17837,#17862,#17946,#17963,#17982,#18001,#18047,#18063,
    #18082,#18098,#18115,#18127,#18144,#18161,#18178,#18195,#18212,
    #18229,#18246,#18258,#18275,#18292,#18309,#18326,#18343,#18360,
    #18377,#18389,#18406,#18423,#18440,#18457,#18474,#18491,#18503,
    #18520,#18537,#18554,#18571,#18588,#18605,#18617,#18634,#18651,
    #18668,#18685,#18702,#18719,#18736,#18748));
#15690 = ADVANCED_FACE('',(#15691),#15723,.F.);
#15691 = FACE_BOUND('',#15692,.F.);
#15692 = EDGE_LOOP('',(#15693,#15703,#15710,#15718));
#15693 = ORIENTED_EDGE('',*,*,#15694,.T.);
#15694 = EDGE_CURVE('',#15695,#15697,#15699,.T.);
#15695 = VERTEX_POINT('',#15696);
#15696 = CARTESIAN_POINT('',(-0.659324228722,1.358648457443,0.1));
#15697 = VERTEX_POINT('',#15698);
#15698 = CARTESIAN_POINT('',(0.659324228722,1.358648457443,0.1));
#15699 = LINE('',#15700,#15701);
#15700 = CARTESIAN_POINT('',(-0.659324228722,1.358648457443,0.1));
#15701 = VECTOR('',#15702,1.);
#15702 = DIRECTION('',(1.,1.110223024625E-16,0.));
#15703 = ORIENTED_EDGE('',*,*,#15704,.T.);
#15704 = EDGE_CURVE('',#15697,#15705,#15707,.T.);
#15705 = VERTEX_POINT('',#15706);
#15706 = CARTESIAN_POINT('',(0.705,1.45,0.75));
#15707 = B_SPLINE_CURVE_WITH_KNOTS('',1,(#15708,#15709),.UNSPECIFIED.,
  .F.,.F.,(2,2),(0.,1.),.PIECEWISE_BEZIER_KNOTS.);
#15708 = CARTESIAN_POINT('',(0.659324228722,1.358648457443,0.1));
#15709 = CARTESIAN_POINT('',(0.705,1.45,0.75));
#15710 = ORIENTED_EDGE('',*,*,#15711,.F.);
#15711 = EDGE_CURVE('',#15712,#15705,#15714,.T.);
#15712 = VERTEX_POINT('',#15713);
#15713 = CARTESIAN_POINT('',(-0.705,1.45,0.75));
#15714 = LINE('',#15715,#15716);
#15715 = CARTESIAN_POINT('',(-0.705,1.45,0.75));
#15716 = VECTOR('',#15717,1.);
#15717 = DIRECTION('',(1.,1.110223024625E-16,0.));
#15718 = ORIENTED_EDGE('',*,*,#15719,.F.);
#15719 = EDGE_CURVE('',#15695,#15712,#15720,.T.);
#15720 = B_SPLINE_CURVE_WITH_KNOTS('',1,(#15721,#15722),.UNSPECIFIED.,
  .F.,.F.,(2,2),(0.,1.),.PIECEWISE_BEZIER_KNOTS.);
#15721 = CARTESIAN_POINT('',(-0.659324228722,1.358648457443,0.1));
#15722 = CARTESIAN_POINT('',(-0.705,1.45,0.75));
#15723 = B_SPLINE_SURFACE_WITH_KNOTS('',1,1,(
    (#15724,#15725)
    ,(#15726,#15727
    )),.UNSPECIFIED.,.F.,.F.,.F.,(2,2),(2,2),(0.,1.41),(0.,1.),
  .PIECEWISE_BEZIER_KNOTS.);
#15724 = CARTESIAN_POINT('',(-0.659324228722,1.358648457443,0.1));
#15725 = CARTESIAN_POINT('',(-0.705,1.45,0.75));
#15726 = CARTESIAN_POINT('',(0.659324228722,1.358648457443,0.1));
#15727 = CARTESIAN_POINT('',(0.705,1.45,0.75));
#15728 = ADVANCED_FACE('',(#15729),#15786,.F.);
#15729 = FACE_BOUND('',#15730,.T.);
#15730 = EDGE_LOOP('',(#15731,#15732,#15740,#15748,#15756,#15764,#15772,
    #15780));
#15731 = ORIENTED_EDGE('',*,*,#15694,.T.);
#15732 = ORIENTED_EDGE('',*,*,#15733,.T.);
#15733 = EDGE_CURVE('',#15697,#15734,#15736,.T.);
#15734 = VERTEX_POINT('',#15735);
#15735 = CARTESIAN_POINT('',(0.708648457443,1.309324228722,0.1));
#15736 = LINE('',#15737,#15738);
#15737 = CARTESIAN_POINT('',(0.659324228722,1.358648457443,0.1));
#15738 = VECTOR('',#15739,1.);
#15739 = DIRECTION('',(0.707106781187,-0.707106781187,0.));
#15740 = ORIENTED_EDGE('',*,*,#15741,.T.);
#15741 = EDGE_CURVE('',#15734,#15742,#15744,.T.);
#15742 = VERTEX_POINT('',#15743);
#15743 = CARTESIAN_POINT('',(0.708648457443,-1.309324228722,0.1));
#15744 = LINE('',#15745,#15746);
#15745 = CARTESIAN_POINT('',(0.708648457443,1.309324228722,0.1));
#15746 = VECTOR('',#15747,1.);
#15747 = DIRECTION('',(1.110223024625E-16,-1.,0.));
#15748 = ORIENTED_EDGE('',*,*,#15749,.T.);
#15749 = EDGE_CURVE('',#15742,#15750,#15752,.T.);
#15750 = VERTEX_POINT('',#15751);
#15751 = CARTESIAN_POINT('',(0.659324228722,-1.358648457443,0.1));
#15752 = LINE('',#15753,#15754);
#15753 = CARTESIAN_POINT('',(0.708648457443,-1.309324228722,0.1));
#15754 = VECTOR('',#15755,1.);
#15755 = DIRECTION('',(-0.707106781187,-0.707106781187,0.));
#15756 = ORIENTED_EDGE('',*,*,#15757,.T.);
#15757 = EDGE_CURVE('',#15750,#15758,#15760,.T.);
#15758 = VERTEX_POINT('',#15759);
#15759 = CARTESIAN_POINT('',(-0.659324228722,-1.358648457443,0.1));
#15760 = LINE('',#15761,#15762);
#15761 = CARTESIAN_POINT('',(0.659324228722,-1.358648457443,0.1));
#15762 = VECTOR('',#15763,1.);
#15763 = DIRECTION('',(-1.,-1.110223024625E-16,0.));
#15764 = ORIENTED_EDGE('',*,*,#15765,.T.);
#15765 = EDGE_CURVE('',#15758,#15766,#15768,.T.);
#15766 = VERTEX_POINT('',#15767);
#15767 = CARTESIAN_POINT('',(-0.708648457443,-1.309324228722,0.1));
#15768 = LINE('',#15769,#15770);
#15769 = CARTESIAN_POINT('',(-0.659324228722,-1.358648457443,0.1));
#15770 = VECTOR('',#15771,1.);
#15771 = DIRECTION('',(-0.707106781187,0.707106781187,0.));
#15772 = ORIENTED_EDGE('',*,*,#15773,.T.);
#15773 = EDGE_CURVE('',#15766,#15774,#15776,.T.);
#15774 = VERTEX_POINT('',#15775);
#15775 = CARTESIAN_POINT('',(-0.708648457443,1.309324228722,0.1));
#15776 = LINE('',#15777,#15778);
#15777 = CARTESIAN_POINT('',(-0.708648457443,-1.309324228722,0.1));
#15778 = VECTOR('',#15779,1.);
#15779 = DIRECTION('',(-1.110223024625E-16,1.,0.));
#15780 = ORIENTED_EDGE('',*,*,#15781,.T.);
#15781 = EDGE_CURVE('',#15774,#15695,#15782,.T.);
#15782 = LINE('',#15783,#15784);
#15783 = CARTESIAN_POINT('',(-0.708648457443,1.309324228722,0.1));
#15784 = VECTOR('',#15785,1.);
#15785 = DIRECTION('',(0.707106781187,0.707106781187,0.));
#15786 = PLANE('',#15787);
#15787 = AXIS2_PLACEMENT_3D('',#15788,#15789,#15790);
#15788 = CARTESIAN_POINT('',(-0.659324228722,1.358648457443,0.1));
#15789 = DIRECTION('',(0.,0.,1.));
#15790 = DIRECTION('',(0.436587433964,-0.899661832304,0.));
#15791 = ADVANCED_FACE('',(#15792),#15809,.F.);
#15792 = FACE_BOUND('',#15793,.F.);
#15793 = EDGE_LOOP('',(#15794,#15795,#15802,#15808));
#15794 = ORIENTED_EDGE('',*,*,#15733,.T.);
#15795 = ORIENTED_EDGE('',*,*,#15796,.T.);
#15796 = EDGE_CURVE('',#15734,#15797,#15799,.T.);
#15797 = VERTEX_POINT('',#15798);
#15798 = CARTESIAN_POINT('',(0.8,1.355,0.75));
#15799 = B_SPLINE_CURVE_WITH_KNOTS('',1,(#15800,#15801),.UNSPECIFIED.,
  .F.,.F.,(2,2),(0.,1.),.PIECEWISE_BEZIER_KNOTS.);
#15800 = CARTESIAN_POINT('',(0.708648457443,1.309324228722,0.1));
#15801 = CARTESIAN_POINT('',(0.8,1.355,0.75));
#15802 = ORIENTED_EDGE('',*,*,#15803,.F.);
#15803 = EDGE_CURVE('',#15705,#15797,#15804,.T.);
#15804 = LINE('',#15805,#15806);
#15805 = CARTESIAN_POINT('',(0.705,1.45,0.75));
#15806 = VECTOR('',#15807,1.);
#15807 = DIRECTION('',(0.707106781187,-0.707106781187,0.));
#15808 = ORIENTED_EDGE('',*,*,#15704,.F.);
#15809 = B_SPLINE_SURFACE_WITH_KNOTS('',1,1,(
    (#15810,#15811)
    ,(#15812,#15813
    )),.UNSPECIFIED.,.F.,.F.,.F.,(2,2),(2,2),(0.,0.134350288425),(0.,1.)
  ,.PIECEWISE_BEZIER_KNOTS.);
#15810 = CARTESIAN_POINT('',(0.659324228722,1.358648457443,0.1));
#15811 = CARTESIAN_POINT('',(0.705,1.45,0.75));
#15812 = CARTESIAN_POINT('',(0.708648457443,1.309324228722,0.1));
#15813 = CARTESIAN_POINT('',(0.8,1.355,0.75));
#15814 = ADVANCED_FACE('',(#15815),#15838,.F.);
#15815 = FACE_BOUND('',#15816,.F.);
#15816 = EDGE_LOOP('',(#15817,#15818,#15825,#15833));
#15817 = ORIENTED_EDGE('',*,*,#15711,.T.);
#15818 = ORIENTED_EDGE('',*,*,#15819,.T.);
#15819 = EDGE_CURVE('',#15705,#15820,#15822,.T.);
#15820 = VERTEX_POINT('',#15821);
#15821 = CARTESIAN_POINT('',(0.705,1.45,0.9));
#15822 = B_SPLINE_CURVE_WITH_KNOTS('',1,(#15823,#15824),.UNSPECIFIED.,
  .F.,.F.,(2,2),(0.,1.),.PIECEWISE_BEZIER_KNOTS.);
#15823 = CARTESIAN_POINT('',(0.705,1.45,0.75));
#15824 = CARTESIAN_POINT('',(0.705,1.45,0.9));
#15825 = ORIENTED_EDGE('',*,*,#15826,.F.);
#15826 = EDGE_CURVE('',#15827,#15820,#15829,.T.);
#15827 = VERTEX_POINT('',#15828);
#15828 = CARTESIAN_POINT('',(-0.705,1.45,0.9));
#15829 = LINE('',#15830,#15831);
#15830 = CARTESIAN_POINT('',(-0.705,1.45,0.9));
#15831 = VECTOR('',#15832,1.);
#15832 = DIRECTION('',(1.,1.110223024625E-16,0.));
#15833 = ORIENTED_EDGE('',*,*,#15834,.F.);
#15834 = EDGE_CURVE('',#15712,#15827,#15835,.T.);
#15835 = B_SPLINE_CURVE_WITH_KNOTS('',1,(#15836,#15837),.UNSPECIFIED.,
  .F.,.F.,(2,2),(0.,1.),.PIECEWISE_BEZIER_KNOTS.);
#15836 = CARTESIAN_POINT('',(-0.705,1.45,0.75));
#15837 = CARTESIAN_POINT('',(-0.705,1.45,0.9));
#15838 = PLANE('',#15839);
#15839 = AXIS2_PLACEMENT_3D('',#15840,#15841,#15842);
#15840 = CARTESIAN_POINT('',(-0.705,1.45,0.9));
#15841 = DIRECTION('',(1.110223024625E-16,-1.,0.));
#15842 = DIRECTION('',(1.,1.110223024625E-16,0.));
#15843 = ADVANCED_FACE('',(#15844),#15861,.F.);
#15844 = FACE_BOUND('',#15845,.F.);
#15845 = EDGE_LOOP('',(#15846,#15847,#15848,#15856));
#15846 = ORIENTED_EDGE('',*,*,#15781,.T.);
#15847 = ORIENTED_EDGE('',*,*,#15719,.T.);
#15848 = ORIENTED_EDGE('',*,*,#15849,.F.);
#15849 = EDGE_CURVE('',#15850,#15712,#15852,.T.);
#15850 = VERTEX_POINT('',#15851);
#15851 = CARTESIAN_POINT('',(-0.8,1.355,0.75));
#15852 = LINE('',#15853,#15854);
#15853 = CARTESIAN_POINT('',(-0.8,1.355,0.75));
#15854 = VECTOR('',#15855,1.);
#15855 = DIRECTION('',(0.707106781187,0.707106781187,0.));
#15856 = ORIENTED_EDGE('',*,*,#15857,.F.);
#15857 = EDGE_CURVE('',#15774,#15850,#15858,.T.);
#15858 = B_SPLINE_CURVE_WITH_KNOTS('',1,(#15859,#15860),.UNSPECIFIED.,
  .F.,.F.,(2,2),(0.,1.),.PIECEWISE_BEZIER_KNOTS.);
#15859 = CARTESIAN_POINT('',(-0.708648457443,1.309324228722,0.1));
#15860 = CARTESIAN_POINT('',(-0.8,1.355,0.75));
#15861 = B_SPLINE_SURFACE_WITH_KNOTS('',1,1,(
    (#15862,#15863)
    ,(#15864,#15865
    )),.UNSPECIFIED.,.F.,.F.,.F.,(2,2),(2,2),(0.,0.134350288425),(0.,1.)
  ,.PIECEWISE_BEZIER_KNOTS.);
#15862 = CARTESIAN_POINT('',(-0.708648457443,1.309324228722,0.1));
#15863 = CARTESIAN_POINT('',(-0.8,1.355,0.75));
#15864 = CARTESIAN_POINT('',(-0.659324228722,1.358648457443,0.1));
#15865 = CARTESIAN_POINT('',(-0.705,1.45,0.75));
#15866 = ADVANCED_FACE('',(#15867),#15932,.F.);
#15867 = FACE_BOUND('',#15868,.F.);
#15868 = EDGE_LOOP('',(#15869,#15870,#15871,#15879,#15887,#15895,#15903,
    #15911,#15919,#15927));
#15869 = ORIENTED_EDGE('',*,*,#15773,.T.);
#15870 = ORIENTED_EDGE('',*,*,#15857,.T.);
#15871 = ORIENTED_EDGE('',*,*,#15872,.F.);
#15872 = EDGE_CURVE('',#15873,#15850,#15875,.T.);
#15873 = VERTEX_POINT('',#15874);
#15874 = CARTESIAN_POINT('',(-0.8,1.2,0.75));
#15875 = LINE('',#15876,#15877);
#15876 = CARTESIAN_POINT('',(-0.8,-1.355,0.75));
#15877 = VECTOR('',#15878,1.);
#15878 = DIRECTION('',(-1.110223024625E-16,1.,0.));
#15879 = ORIENTED_EDGE('',*,*,#15880,.F.);
#15880 = EDGE_CURVE('',#15881,#15873,#15883,.T.);
#15881 = VERTEX_POINT('',#15882);
#15882 = CARTESIAN_POINT('',(-0.8,0.7,0.75));
#15883 = LINE('',#15884,#15885);
#15884 = CARTESIAN_POINT('',(-0.8,-1.355,0.75));
#15885 = VECTOR('',#15886,1.);
#15886 = DIRECTION('',(-1.110223024625E-16,1.,0.));
#15887 = ORIENTED_EDGE('',*,*,#15888,.F.);
#15888 = EDGE_CURVE('',#15889,#15881,#15891,.T.);
#15889 = VERTEX_POINT('',#15890);
#15890 = CARTESIAN_POINT('',(-0.8,0.25,0.75));
#15891 = LINE('',#15892,#15893);
#15892 = CARTESIAN_POINT('',(-0.8,-1.355,0.75));
#15893 = VECTOR('',#15894,1.);
#15894 = DIRECTION('',(-1.110223024625E-16,1.,0.));
#15895 = ORIENTED_EDGE('',*,*,#15896,.F.);
#15896 = EDGE_CURVE('',#15897,#15889,#15899,.T.);
#15897 = VERTEX_POINT('',#15898);
#15898 = CARTESIAN_POINT('',(-0.8,-0.25,0.75));
#15899 = LINE('',#15900,#15901);
#15900 = CARTESIAN_POINT('',(-0.8,-1.355,0.75));
#15901 = VECTOR('',#15902,1.);
#15902 = DIRECTION('',(-1.110223024625E-16,1.,0.));
#15903 = ORIENTED_EDGE('',*,*,#15904,.F.);
#15904 = EDGE_CURVE('',#15905,#15897,#15907,.T.);
#15905 = VERTEX_POINT('',#15906);
#15906 = CARTESIAN_POINT('',(-0.8,-0.7,0.75));
#15907 = LINE('',#15908,#15909);
#15908 = CARTESIAN_POINT('',(-0.8,-1.355,0.75));
#15909 = VECTOR('',#15910,1.);
#15910 = DIRECTION('',(-1.110223024625E-16,1.,0.));
#15911 = ORIENTED_EDGE('',*,*,#15912,.F.);
#15912 = EDGE_CURVE('',#15913,#15905,#15915,.T.);
#15913 = VERTEX_POINT('',#15914);
#15914 = CARTESIAN_POINT('',(-0.8,-1.2,0.75));
#15915 = LINE('',#15916,#15917);
#15916 = CARTESIAN_POINT('',(-0.8,-1.355,0.75));
#15917 = VECTOR('',#15918,1.);
#15918 = DIRECTION('',(-1.110223024625E-16,1.,0.));
#15919 = ORIENTED_EDGE('',*,*,#15920,.F.);
#15920 = EDGE_CURVE('',#15921,#15913,#15923,.T.);
#15921 = VERTEX_POINT('',#15922);
#15922 = CARTESIAN_POINT('',(-0.8,-1.355,0.75));
#15923 = LINE('',#15924,#15925);
#15924 = CARTESIAN_POINT('',(-0.8,-1.355,0.75));
#15925 = VECTOR('',#15926,1.);
#15926 = DIRECTION('',(-1.110223024625E-16,1.,0.));
#15927 = ORIENTED_EDGE('',*,*,#15928,.F.);
#15928 = EDGE_CURVE('',#15766,#15921,#15929,.T.);
#15929 = B_SPLINE_CURVE_WITH_KNOTS('',1,(#15930,#15931),.UNSPECIFIED.,
  .F.,.F.,(2,2),(0.,1.),.PIECEWISE_BEZIER_KNOTS.);
#15930 = CARTESIAN_POINT('',(-0.708648457443,-1.309324228722,0.1));
#15931 = CARTESIAN_POINT('',(-0.8,-1.355,0.75));
#15932 = B_SPLINE_SURFACE_WITH_KNOTS('',1,1,(
    (#15933,#15934)
    ,(#15935,#15936
    )),.UNSPECIFIED.,.F.,.F.,.F.,(2,2),(2,2),(0.,2.71),(0.,1.),
  .PIECEWISE_BEZIER_KNOTS.);
#15933 = CARTESIAN_POINT('',(-0.708648457443,-1.309324228722,0.1));
#15934 = CARTESIAN_POINT('',(-0.8,-1.355,0.75));
#15935 = CARTESIAN_POINT('',(-0.708648457443,1.309324228722,0.1));
#15936 = CARTESIAN_POINT('',(-0.8,1.355,0.75));
#15937 = ADVANCED_FACE('',(#15938),#15987,.F.);
#15938 = FACE_BOUND('',#15939,.F.);
#15939 = EDGE_LOOP('',(#15940,#15941,#15948,#15956,#15964,#15972,#15980,
    #15986));
#15940 = ORIENTED_EDGE('',*,*,#15741,.T.);
#15941 = ORIENTED_EDGE('',*,*,#15942,.T.);
#15942 = EDGE_CURVE('',#15742,#15943,#15945,.T.);
#15943 = VERTEX_POINT('',#15944);
#15944 = CARTESIAN_POINT('',(0.8,-1.355,0.75));
#15945 = B_SPLINE_CURVE_WITH_KNOTS('',1,(#15946,#15947),.UNSPECIFIED.,
  .F.,.F.,(2,2),(0.,1.),.PIECEWISE_BEZIER_KNOTS.);
#15946 = CARTESIAN_POINT('',(0.708648457443,-1.309324228722,0.1));
#15947 = CARTESIAN_POINT('',(0.8,-1.355,0.75));
#15948 = ORIENTED_EDGE('',*,*,#15949,.F.);
#15949 = EDGE_CURVE('',#15950,#15943,#15952,.T.);
#15950 = VERTEX_POINT('',#15951);
#15951 = CARTESIAN_POINT('',(0.8,-1.2,0.75));
#15952 = LINE('',#15953,#15954);
#15953 = CARTESIAN_POINT('',(0.8,1.355,0.75));
#15954 = VECTOR('',#15955,1.);
#15955 = DIRECTION('',(1.110223024625E-16,-1.,0.));
#15956 = ORIENTED_EDGE('',*,*,#15957,.F.);
#15957 = EDGE_CURVE('',#15958,#15950,#15960,.T.);
#15958 = VERTEX_POINT('',#15959);
#15959 = CARTESIAN_POINT('',(0.8,-0.7,0.75));
#15960 = LINE('',#15961,#15962);
#15961 = CARTESIAN_POINT('',(0.8,1.355,0.75));
#15962 = VECTOR('',#15963,1.);
#15963 = DIRECTION('',(1.110223024625E-16,-1.,0.));
#15964 = ORIENTED_EDGE('',*,*,#15965,.F.);
#15965 = EDGE_CURVE('',#15966,#15958,#15968,.T.);
#15966 = VERTEX_POINT('',#15967);
#15967 = CARTESIAN_POINT('',(0.8,0.7,0.75));
#15968 = LINE('',#15969,#15970);
#15969 = CARTESIAN_POINT('',(0.8,1.355,0.75));
#15970 = VECTOR('',#15971,1.);
#15971 = DIRECTION('',(1.110223024625E-16,-1.,0.));
#15972 = ORIENTED_EDGE('',*,*,#15973,.F.);
#15973 = EDGE_CURVE('',#15974,#15966,#15976,.T.);
#15974 = VERTEX_POINT('',#15975);
#15975 = CARTESIAN_POINT('',(0.8,1.2,0.75));
#15976 = LINE('',#15977,#15978);
#15977 = CARTESIAN_POINT('',(0.8,1.355,0.75));
#15978 = VECTOR('',#15979,1.);
#15979 = DIRECTION('',(1.110223024625E-16,-1.,0.));
#15980 = ORIENTED_EDGE('',*,*,#15981,.F.);
#15981 = EDGE_CURVE('',#15797,#15974,#15982,.T.);
#15982 = LINE('',#15983,#15984);
#15983 = CARTESIAN_POINT('',(0.8,1.355,0.75));
#15984 = VECTOR('',#15985,1.);
#15985 = DIRECTION('',(1.110223024625E-16,-1.,0.));
#15986 = ORIENTED_EDGE('',*,*,#15796,.F.);
#15987 = B_SPLINE_SURFACE_WITH_KNOTS('',1,1,(
    (#15988,#15989)
    ,(#15990,#15991
    )),.UNSPECIFIED.,.F.,.F.,.F.,(2,2),(2,2),(0.,2.71),(0.,1.),
  .PIECEWISE_BEZIER_KNOTS.);
#15988 = CARTESIAN_POINT('',(0.708648457443,1.309324228722,0.1));
#15989 = CARTESIAN_POINT('',(0.8,1.355,0.75));
#15990 = CARTESIAN_POINT('',(0.708648457443,-1.309324228722,0.1));
#15991 = CARTESIAN_POINT('',(0.8,-1.355,0.75));
#15992 = ADVANCED_FACE('',(#15993),#16010,.F.);
#15993 = FACE_BOUND('',#15994,.F.);
#15994 = EDGE_LOOP('',(#15995,#15996,#15997,#16005));
#15995 = ORIENTED_EDGE('',*,*,#15765,.T.);
#15996 = ORIENTED_EDGE('',*,*,#15928,.T.);
#15997 = ORIENTED_EDGE('',*,*,#15998,.F.);
#15998 = EDGE_CURVE('',#15999,#15921,#16001,.T.);
#15999 = VERTEX_POINT('',#16000);
#16000 = CARTESIAN_POINT('',(-0.705,-1.45,0.75));
#16001 = LINE('',#16002,#16003);
#16002 = CARTESIAN_POINT('',(-0.705,-1.45,0.75));
#16003 = VECTOR('',#16004,1.);
#16004 = DIRECTION('',(-0.707106781187,0.707106781187,0.));
#16005 = ORIENTED_EDGE('',*,*,#16006,.F.);
#16006 = EDGE_CURVE('',#15758,#15999,#16007,.T.);
#16007 = B_SPLINE_CURVE_WITH_KNOTS('',1,(#16008,#16009),.UNSPECIFIED.,
  .F.,.F.,(2,2),(0.,1.),.PIECEWISE_BEZIER_KNOTS.);
#16008 = CARTESIAN_POINT('',(-0.659324228722,-1.358648457443,0.1));
#16009 = CARTESIAN_POINT('',(-0.705,-1.45,0.75));
#16010 = B_SPLINE_SURFACE_WITH_KNOTS('',1,1,(
    (#16011,#16012)
    ,(#16013,#16014
    )),.UNSPECIFIED.,.F.,.F.,.F.,(2,2),(2,2),(0.,0.134350288425),(0.,1.)
  ,.PIECEWISE_BEZIER_KNOTS.);
#16011 = CARTESIAN_POINT('',(-0.659324228722,-1.358648457443,0.1));
#16012 = CARTESIAN_POINT('',(-0.705,-1.45,0.75));
#16013 = CARTESIAN_POINT('',(-0.708648457443,-1.309324228722,0.1));
#16014 = CARTESIAN_POINT('',(-0.8,-1.355,0.75));
#16015 = ADVANCED_FACE('',(#16016),#16033,.F.);
#16016 = FACE_BOUND('',#16017,.F.);
#16017 = EDGE_LOOP('',(#16018,#16019,#16026,#16032));
#16018 = ORIENTED_EDGE('',*,*,#15749,.T.);
#16019 = ORIENTED_EDGE('',*,*,#16020,.T.);
#16020 = EDGE_CURVE('',#15750,#16021,#16023,.T.);
#16021 = VERTEX_POINT('',#16022);
#16022 = CARTESIAN_POINT('',(0.705,-1.45,0.75));
#16023 = B_SPLINE_CURVE_WITH_KNOTS('',1,(#16024,#16025),.UNSPECIFIED.,
  .F.,.F.,(2,2),(0.,1.),.PIECEWISE_BEZIER_KNOTS.);
#16024 = CARTESIAN_POINT('',(0.659324228722,-1.358648457443,0.1));
#16025 = CARTESIAN_POINT('',(0.705,-1.45,0.75));
#16026 = ORIENTED_EDGE('',*,*,#16027,.F.);
#16027 = EDGE_CURVE('',#15943,#16021,#16028,.T.);
#16028 = LINE('',#16029,#16030);
#16029 = CARTESIAN_POINT('',(0.8,-1.355,0.75));
#16030 = VECTOR('',#16031,1.);
#16031 = DIRECTION('',(-0.707106781187,-0.707106781187,0.));
#16032 = ORIENTED_EDGE('',*,*,#15942,.F.);
#16033 = B_SPLINE_SURFACE_WITH_KNOTS('',1,1,(
    (#16034,#16035)
    ,(#16036,#16037
    )),.UNSPECIFIED.,.F.,.F.,.F.,(2,2),(2,2),(0.,0.134350288425),(0.,1.)
  ,.PIECEWISE_BEZIER_KNOTS.);
#16034 = CARTESIAN_POINT('',(0.708648457443,-1.309324228722,0.1));
#16035 = CARTESIAN_POINT('',(0.8,-1.355,0.75));
#16036 = CARTESIAN_POINT('',(0.659324228722,-1.358648457443,0.1));
#16037 = CARTESIAN_POINT('',(0.705,-1.45,0.75));
#16038 = ADVANCED_FACE('',(#16039),#16050,.F.);
#16039 = FACE_BOUND('',#16040,.F.);
#16040 = EDGE_LOOP('',(#16041,#16042,#16043,#16049));
#16041 = ORIENTED_EDGE('',*,*,#15757,.T.);
#16042 = ORIENTED_EDGE('',*,*,#16006,.T.);
#16043 = ORIENTED_EDGE('',*,*,#16044,.F.);
#16044 = EDGE_CURVE('',#16021,#15999,#16045,.T.);
#16045 = LINE('',#16046,#16047);
#16046 = CARTESIAN_POINT('',(0.705,-1.45,0.75));
#16047 = VECTOR('',#16048,1.);
#16048 = DIRECTION('',(-1.,-1.110223024625E-16,0.));
#16049 = ORIENTED_EDGE('',*,*,#16020,.F.);
#16050 = B_SPLINE_SURFACE_WITH_KNOTS('',1,1,(
    (#16051,#16052)
    ,(#16053,#16054
    )),.UNSPECIFIED.,.F.,.F.,.F.,(2,2),(2,2),(0.,1.41),(0.,1.),
  .PIECEWISE_BEZIER_KNOTS.);
#16051 = CARTESIAN_POINT('',(0.659324228722,-1.358648457443,0.1));
#16052 = CARTESIAN_POINT('',(0.705,-1.45,0.75));
#16053 = CARTESIAN_POINT('',(-0.659324228722,-1.358648457443,0.1));
#16054 = CARTESIAN_POINT('',(-0.705,-1.45,0.75));
#16055 = ADVANCED_FACE('',(#16056),#16073,.F.);
#16056 = FACE_BOUND('',#16057,.F.);
#16057 = EDGE_LOOP('',(#16058,#16059,#16066,#16072));
#16058 = ORIENTED_EDGE('',*,*,#15803,.T.);
#16059 = ORIENTED_EDGE('',*,*,#16060,.T.);
#16060 = EDGE_CURVE('',#15797,#16061,#16063,.T.);
#16061 = VERTEX_POINT('',#16062);
#16062 = CARTESIAN_POINT('',(0.8,1.355,0.9));
#16063 = B_SPLINE_CURVE_WITH_KNOTS('',1,(#16064,#16065),.UNSPECIFIED.,
  .F.,.F.,(2,2),(0.,1.),.PIECEWISE_BEZIER_KNOTS.);
#16064 = CARTESIAN_POINT('',(0.8,1.355,0.75));
#16065 = CARTESIAN_POINT('',(0.8,1.355,0.9));
#16066 = ORIENTED_EDGE('',*,*,#16067,.F.);
#16067 = EDGE_CURVE('',#15820,#16061,#16068,.T.);
#16068 = LINE('',#16069,#16070);
#16069 = CARTESIAN_POINT('',(0.705,1.45,0.9));
#16070 = VECTOR('',#16071,1.);
#16071 = DIRECTION('',(0.707106781187,-0.707106781187,0.));
#16072 = ORIENTED_EDGE('',*,*,#15819,.F.);
#16073 = PLANE('',#16074);
#16074 = AXIS2_PLACEMENT_3D('',#16075,#16076,#16077);
#16075 = CARTESIAN_POINT('',(0.705,1.45,0.9));
#16076 = DIRECTION('',(-0.707106781187,-0.707106781187,0.));
#16077 = DIRECTION('',(0.707106781187,-0.707106781187,0.));
#16078 = ADVANCED_FACE('',(#16079),#16161,.F.);
#16079 = FACE_BOUND('',#16080,.F.);
#16080 = EDGE_LOOP('',(#16081,#16089,#16090,#16091,#16099,#16107,#16115,
    #16123,#16131,#16139,#16147,#16155));
#16081 = ORIENTED_EDGE('',*,*,#16082,.T.);
#16082 = EDGE_CURVE('',#16083,#15827,#16085,.T.);
#16083 = VERTEX_POINT('',#16084);
#16084 = CARTESIAN_POINT('',(-0.8,1.355,0.9));
#16085 = LINE('',#16086,#16087);
#16086 = CARTESIAN_POINT('',(-0.8,1.355,0.9));
#16087 = VECTOR('',#16088,1.);
#16088 = DIRECTION('',(0.707106781187,0.707106781187,0.));
#16089 = ORIENTED_EDGE('',*,*,#15826,.T.);
#16090 = ORIENTED_EDGE('',*,*,#16067,.T.);
#16091 = ORIENTED_EDGE('',*,*,#16092,.T.);
#16092 = EDGE_CURVE('',#16061,#16093,#16095,.T.);
#16093 = VERTEX_POINT('',#16094);
#16094 = CARTESIAN_POINT('',(0.8,1.2,0.9));
#16095 = LINE('',#16096,#16097);
#16096 = CARTESIAN_POINT('',(0.8,1.355,0.9));
#16097 = VECTOR('',#16098,1.);
#16098 = DIRECTION('',(1.110223024625E-16,-1.,0.));
#16099 = ORIENTED_EDGE('',*,*,#16100,.T.);
#16100 = EDGE_CURVE('',#16093,#16101,#16103,.T.);
#16101 = VERTEX_POINT('',#16102);
#16102 = CARTESIAN_POINT('',(0.775,1.2,0.9));
#16103 = LINE('',#16104,#16105);
#16104 = CARTESIAN_POINT('',(0.85,1.2,0.9));
#16105 = VECTOR('',#16106,1.);
#16106 = DIRECTION('',(-1.,-1.110223024625E-16,0.));
#16107 = ORIENTED_EDGE('',*,*,#16108,.F.);
#16108 = EDGE_CURVE('',#16109,#16101,#16111,.T.);
#16109 = VERTEX_POINT('',#16110);
#16110 = CARTESIAN_POINT('',(0.775,1.3425,0.9));
#16111 = LINE('',#16112,#16113);
#16112 = CARTESIAN_POINT('',(0.775,1.3425,0.9));
#16113 = VECTOR('',#16114,1.);
#16114 = DIRECTION('',(1.110223024625E-16,-1.,0.));
#16115 = ORIENTED_EDGE('',*,*,#16116,.F.);
#16116 = EDGE_CURVE('',#16117,#16109,#16119,.T.);
#16117 = VERTEX_POINT('',#16118);
#16118 = CARTESIAN_POINT('',(0.6925,1.425,0.9));
#16119 = LINE('',#16120,#16121);
#16120 = CARTESIAN_POINT('',(0.6925,1.425,0.9));
#16121 = VECTOR('',#16122,1.);
#16122 = DIRECTION('',(0.707106781187,-0.707106781187,0.));
#16123 = ORIENTED_EDGE('',*,*,#16124,.F.);
#16124 = EDGE_CURVE('',#16125,#16117,#16127,.T.);
#16125 = VERTEX_POINT('',#16126);
#16126 = CARTESIAN_POINT('',(-0.6925,1.425,0.9));
#16127 = LINE('',#16128,#16129);
#16128 = CARTESIAN_POINT('',(-0.6925,1.425,0.9));
#16129 = VECTOR('',#16130,1.);
#16130 = DIRECTION('',(1.,1.110223024625E-16,0.));
#16131 = ORIENTED_EDGE('',*,*,#16132,.F.);
#16132 = EDGE_CURVE('',#16133,#16125,#16135,.T.);
#16133 = VERTEX_POINT('',#16134);
#16134 = CARTESIAN_POINT('',(-0.775,1.3425,0.9));
#16135 = LINE('',#16136,#16137);
#16136 = CARTESIAN_POINT('',(-0.775,1.3425,0.9));
#16137 = VECTOR('',#16138,1.);
#16138 = DIRECTION('',(0.707106781187,0.707106781187,0.));
#16139 = ORIENTED_EDGE('',*,*,#16140,.F.);
#16140 = EDGE_CURVE('',#16141,#16133,#16143,.T.);
#16141 = VERTEX_POINT('',#16142);
#16142 = CARTESIAN_POINT('',(-0.775,1.2,0.9));
#16143 = LINE('',#16144,#16145);
#16144 = CARTESIAN_POINT('',(-0.775,-1.3425,0.9));
#16145 = VECTOR('',#16146,1.);
#16146 = DIRECTION('',(-1.110223024625E-16,1.,0.));
#16147 = ORIENTED_EDGE('',*,*,#16148,.F.);
#16148 = EDGE_CURVE('',#16149,#16141,#16151,.T.);
#16149 = VERTEX_POINT('',#16150);
#16150 = CARTESIAN_POINT('',(-0.8,1.2,0.9));
#16151 = LINE('',#16152,#16153);
#16152 = CARTESIAN_POINT('',(-0.85,1.2,0.9));
#16153 = VECTOR('',#16154,1.);
#16154 = DIRECTION('',(1.,-1.144237745222E-17,0.));
#16155 = ORIENTED_EDGE('',*,*,#16156,.T.);
#16156 = EDGE_CURVE('',#16149,#16083,#16157,.T.);
#16157 = LINE('',#16158,#16159);
#16158 = CARTESIAN_POINT('',(-0.8,-1.355,0.9));
#16159 = VECTOR('',#16160,1.);
#16160 = DIRECTION('',(-1.110223024625E-16,1.,0.));
#16161 = PLANE('',#16162);
#16162 = AXIS2_PLACEMENT_3D('',#16163,#16164,#16165);
#16163 = CARTESIAN_POINT('',(-2.091417030376E-16,1.4375,0.9));
#16164 = DIRECTION('',(4.595758349624E-18,6.551522493592E-27,-1.));
#16165 = DIRECTION('',(1.,1.51922136901E-16,4.595758349624E-18));
#16166 = ADVANCED_FACE('',(#16167),#16177,.F.);
#16167 = FACE_BOUND('',#16168,.F.);
#16168 = EDGE_LOOP('',(#16169,#16170,#16171,#16172));
#16169 = ORIENTED_EDGE('',*,*,#15849,.T.);
#16170 = ORIENTED_EDGE('',*,*,#15834,.T.);
#16171 = ORIENTED_EDGE('',*,*,#16082,.F.);
#16172 = ORIENTED_EDGE('',*,*,#16173,.F.);
#16173 = EDGE_CURVE('',#15850,#16083,#16174,.T.);
#16174 = B_SPLINE_CURVE_WITH_KNOTS('',1,(#16175,#16176),.UNSPECIFIED.,
  .F.,.F.,(2,2),(0.,1.),.PIECEWISE_BEZIER_KNOTS.);
#16175 = CARTESIAN_POINT('',(-0.8,1.355,0.75));
#16176 = CARTESIAN_POINT('',(-0.8,1.355,0.9));
#16177 = PLANE('',#16178);
#16178 = AXIS2_PLACEMENT_3D('',#16179,#16180,#16181);
#16179 = CARTESIAN_POINT('',(-0.8,1.355,0.9));
#16180 = DIRECTION('',(0.707106781187,-0.707106781187,0.));
#16181 = DIRECTION('',(0.707106781187,0.707106781187,0.));
#16182 = ADVANCED_FACE('',(#16183),#16207,.F.);
#16183 = FACE_BOUND('',#16184,.F.);
#16184 = EDGE_LOOP('',(#16185,#16192,#16193,#16201));
#16185 = ORIENTED_EDGE('',*,*,#16186,.F.);
#16186 = EDGE_CURVE('',#15921,#16187,#16189,.T.);
#16187 = VERTEX_POINT('',#16188);
#16188 = CARTESIAN_POINT('',(-0.8,-1.355,0.9));
#16189 = B_SPLINE_CURVE_WITH_KNOTS('',1,(#16190,#16191),.UNSPECIFIED.,
  .F.,.F.,(2,2),(0.,1.),.PIECEWISE_BEZIER_KNOTS.);
#16190 = CARTESIAN_POINT('',(-0.8,-1.355,0.75));
#16191 = CARTESIAN_POINT('',(-0.8,-1.355,0.9));
#16192 = ORIENTED_EDGE('',*,*,#15920,.T.);
#16193 = ORIENTED_EDGE('',*,*,#16194,.T.);
#16194 = EDGE_CURVE('',#15913,#16195,#16197,.T.);
#16195 = VERTEX_POINT('',#16196);
#16196 = CARTESIAN_POINT('',(-0.8,-1.2,0.9));
#16197 = LINE('',#16198,#16199);
#16198 = CARTESIAN_POINT('',(-0.8,-1.2,0.670847817658));
#16199 = VECTOR('',#16200,1.);
#16200 = DIRECTION('',(0.,0.,1.));
#16201 = ORIENTED_EDGE('',*,*,#16202,.F.);
#16202 = EDGE_CURVE('',#16187,#16195,#16203,.T.);
#16203 = LINE('',#16204,#16205);
#16204 = CARTESIAN_POINT('',(-0.8,-1.355,0.9));
#16205 = VECTOR('',#16206,1.);
#16206 = DIRECTION('',(-1.110223024625E-16,1.,0.));
#16207 = PLANE('',#16208);
#16208 = AXIS2_PLACEMENT_3D('',#16209,#16210,#16211);
#16209 = CARTESIAN_POINT('',(-0.8,-1.355,0.9));
#16210 = DIRECTION('',(1.,1.110223024625E-16,0.));
#16211 = DIRECTION('',(-1.110223024625E-16,1.,0.));
#16212 = ADVANCED_FACE('',(#16213),#16238,.F.);
#16213 = FACE_BOUND('',#16214,.F.);
#16214 = EDGE_LOOP('',(#16215,#16223,#16224,#16232));
#16215 = ORIENTED_EDGE('',*,*,#16216,.F.);
#16216 = EDGE_CURVE('',#15913,#16217,#16219,.T.);
#16217 = VERTEX_POINT('',#16218);
#16218 = CARTESIAN_POINT('',(-0.85,-1.2,0.75));
#16219 = LINE('',#16220,#16221);
#16220 = CARTESIAN_POINT('',(-0.75,-1.2,0.75));
#16221 = VECTOR('',#16222,1.);
#16222 = DIRECTION('',(-1.,1.144237745222E-17,0.));
#16223 = ORIENTED_EDGE('',*,*,#15912,.T.);
#16224 = ORIENTED_EDGE('',*,*,#16225,.T.);
#16225 = EDGE_CURVE('',#15905,#16226,#16228,.T.);
#16226 = VERTEX_POINT('',#16227);
#16227 = CARTESIAN_POINT('',(-0.85,-0.7,0.75));
#16228 = LINE('',#16229,#16230);
#16229 = CARTESIAN_POINT('',(-0.75,-0.7,0.75));
#16230 = VECTOR('',#16231,1.);
#16231 = DIRECTION('',(-1.,1.144237745222E-17,0.));
#16232 = ORIENTED_EDGE('',*,*,#16233,.F.);
#16233 = EDGE_CURVE('',#16217,#16226,#16234,.T.);
#16234 = LINE('',#16235,#16236);
#16235 = CARTESIAN_POINT('',(-0.85,-1.2,0.75));
#16236 = VECTOR('',#16237,1.);
#16237 = DIRECTION('',(1.144237745222E-17,1.,0.));
#16238 = PLANE('',#16239);
#16239 = AXIS2_PLACEMENT_3D('',#16240,#16241,#16242);
#16240 = CARTESIAN_POINT('',(-0.75,-1.2,0.75));
#16241 = DIRECTION('',(0.,0.,1.));
#16242 = DIRECTION('',(-1.,1.144237745222E-17,0.));
#16243 = ADVANCED_FACE('',(#16244),#16269,.F.);
#16244 = FACE_BOUND('',#16245,.F.);
#16245 = EDGE_LOOP('',(#16246,#16254,#16255,#16263));
#16246 = ORIENTED_EDGE('',*,*,#16247,.F.);
#16247 = EDGE_CURVE('',#15905,#16248,#16250,.T.);
#16248 = VERTEX_POINT('',#16249);
#16249 = CARTESIAN_POINT('',(-0.8,-0.7,0.9));
#16250 = LINE('',#16251,#16252);
#16251 = CARTESIAN_POINT('',(-0.8,-0.7,0.670847817658));
#16252 = VECTOR('',#16253,1.);
#16253 = DIRECTION('',(0.,0.,1.));
#16254 = ORIENTED_EDGE('',*,*,#15904,.T.);
#16255 = ORIENTED_EDGE('',*,*,#16256,.T.);
#16256 = EDGE_CURVE('',#15897,#16257,#16259,.T.);
#16257 = VERTEX_POINT('',#16258);
#16258 = CARTESIAN_POINT('',(-0.8,-0.25,0.9));
#16259 = LINE('',#16260,#16261);
#16260 = CARTESIAN_POINT('',(-0.8,-0.25,0.670847817658));
#16261 = VECTOR('',#16262,1.);
#16262 = DIRECTION('',(0.,0.,1.));
#16263 = ORIENTED_EDGE('',*,*,#16264,.F.);
#16264 = EDGE_CURVE('',#16248,#16257,#16265,.T.);
#16265 = LINE('',#16266,#16267);
#16266 = CARTESIAN_POINT('',(-0.8,-1.355,0.9));
#16267 = VECTOR('',#16268,1.);
#16268 = DIRECTION('',(-1.110223024625E-16,1.,0.));
#16269 = PLANE('',#16270);
#16270 = AXIS2_PLACEMENT_3D('',#16271,#16272,#16273);
#16271 = CARTESIAN_POINT('',(-0.8,-1.355,0.9));
#16272 = DIRECTION('',(1.,1.110223024625E-16,0.));
#16273 = DIRECTION('',(-1.110223024625E-16,1.,0.));
#16274 = ADVANCED_FACE('',(#16275),#16300,.F.);
#16275 = FACE_BOUND('',#16276,.F.);
#16276 = EDGE_LOOP('',(#16277,#16285,#16286,#16294));
#16277 = ORIENTED_EDGE('',*,*,#16278,.F.);
#16278 = EDGE_CURVE('',#15897,#16279,#16281,.T.);
#16279 = VERTEX_POINT('',#16280);
#16280 = CARTESIAN_POINT('',(-0.85,-0.25,0.75));
#16281 = LINE('',#16282,#16283);
#16282 = CARTESIAN_POINT('',(-0.75,-0.25,0.75));
#16283 = VECTOR('',#16284,1.);
#16284 = DIRECTION('',(-1.,1.144237745222E-17,0.));
#16285 = ORIENTED_EDGE('',*,*,#15896,.T.);
#16286 = ORIENTED_EDGE('',*,*,#16287,.T.);
#16287 = EDGE_CURVE('',#15889,#16288,#16290,.T.);
#16288 = VERTEX_POINT('',#16289);
#16289 = CARTESIAN_POINT('',(-0.85,0.25,0.75));
#16290 = LINE('',#16291,#16292);
#16291 = CARTESIAN_POINT('',(-0.75,0.25,0.75));
#16292 = VECTOR('',#16293,1.);
#16293 = DIRECTION('',(-1.,1.144237745222E-17,0.));
#16294 = ORIENTED_EDGE('',*,*,#16295,.F.);
#16295 = EDGE_CURVE('',#16279,#16288,#16296,.T.);
#16296 = LINE('',#16297,#16298);
#16297 = CARTESIAN_POINT('',(-0.85,-0.25,0.75));
#16298 = VECTOR('',#16299,1.);
#16299 = DIRECTION('',(1.144237745222E-17,1.,0.));
#16300 = PLANE('',#16301);
#16301 = AXIS2_PLACEMENT_3D('',#16302,#16303,#16304);
#16302 = CARTESIAN_POINT('',(-0.75,-0.25,0.75));
#16303 = DIRECTION('',(0.,0.,1.));
#16304 = DIRECTION('',(-1.,1.144237745222E-17,0.));
#16305 = ADVANCED_FACE('',(#16306),#16331,.F.);
#16306 = FACE_BOUND('',#16307,.F.);
#16307 = EDGE_LOOP('',(#16308,#16316,#16317,#16325));
#16308 = ORIENTED_EDGE('',*,*,#16309,.F.);
#16309 = EDGE_CURVE('',#15889,#16310,#16312,.T.);
#16310 = VERTEX_POINT('',#16311);
#16311 = CARTESIAN_POINT('',(-0.8,0.25,0.9));
#16312 = LINE('',#16313,#16314);
#16313 = CARTESIAN_POINT('',(-0.8,0.25,0.670847817658));
#16314 = VECTOR('',#16315,1.);
#16315 = DIRECTION('',(0.,0.,1.));
#16316 = ORIENTED_EDGE('',*,*,#15888,.T.);
#16317 = ORIENTED_EDGE('',*,*,#16318,.T.);
#16318 = EDGE_CURVE('',#15881,#16319,#16321,.T.);
#16319 = VERTEX_POINT('',#16320);
#16320 = CARTESIAN_POINT('',(-0.8,0.7,0.9));
#16321 = LINE('',#16322,#16323);
#16322 = CARTESIAN_POINT('',(-0.8,0.7,0.670847817658));
#16323 = VECTOR('',#16324,1.);
#16324 = DIRECTION('',(0.,0.,1.));
#16325 = ORIENTED_EDGE('',*,*,#16326,.F.);
#16326 = EDGE_CURVE('',#16310,#16319,#16327,.T.);
#16327 = LINE('',#16328,#16329);
#16328 = CARTESIAN_POINT('',(-0.8,-1.355,0.9));
#16329 = VECTOR('',#16330,1.);
#16330 = DIRECTION('',(-1.110223024625E-16,1.,0.));
#16331 = PLANE('',#16332);
#16332 = AXIS2_PLACEMENT_3D('',#16333,#16334,#16335);
#16333 = CARTESIAN_POINT('',(-0.8,-1.355,0.9));
#16334 = DIRECTION('',(1.,1.110223024625E-16,0.));
#16335 = DIRECTION('',(-1.110223024625E-16,1.,0.));
#16336 = ADVANCED_FACE('',(#16337),#16362,.F.);
#16337 = FACE_BOUND('',#16338,.F.);
#16338 = EDGE_LOOP('',(#16339,#16347,#16348,#16356));
#16339 = ORIENTED_EDGE('',*,*,#16340,.F.);
#16340 = EDGE_CURVE('',#15881,#16341,#16343,.T.);
#16341 = VERTEX_POINT('',#16342);
#16342 = CARTESIAN_POINT('',(-0.85,0.7,0.75));
#16343 = LINE('',#16344,#16345);
#16344 = CARTESIAN_POINT('',(-0.75,0.7,0.75));
#16345 = VECTOR('',#16346,1.);
#16346 = DIRECTION('',(-1.,1.144237745222E-17,0.));
#16347 = ORIENTED_EDGE('',*,*,#15880,.T.);
#16348 = ORIENTED_EDGE('',*,*,#16349,.T.);
#16349 = EDGE_CURVE('',#15873,#16350,#16352,.T.);
#16350 = VERTEX_POINT('',#16351);
#16351 = CARTESIAN_POINT('',(-0.85,1.2,0.75));
#16352 = LINE('',#16353,#16354);
#16353 = CARTESIAN_POINT('',(-0.75,1.2,0.75));
#16354 = VECTOR('',#16355,1.);
#16355 = DIRECTION('',(-1.,1.144237745222E-17,0.));
#16356 = ORIENTED_EDGE('',*,*,#16357,.F.);
#16357 = EDGE_CURVE('',#16341,#16350,#16358,.T.);
#16358 = LINE('',#16359,#16360);
#16359 = CARTESIAN_POINT('',(-0.85,0.7,0.75));
#16360 = VECTOR('',#16361,1.);
#16361 = DIRECTION('',(1.144237745222E-17,1.,0.));
#16362 = PLANE('',#16363);
#16363 = AXIS2_PLACEMENT_3D('',#16364,#16365,#16366);
#16364 = CARTESIAN_POINT('',(-0.75,0.7,0.75));
#16365 = DIRECTION('',(0.,0.,1.));
#16366 = DIRECTION('',(-1.,1.144237745222E-17,0.));
#16367 = ADVANCED_FACE('',(#16368),#16379,.F.);
#16368 = FACE_BOUND('',#16369,.F.);
#16369 = EDGE_LOOP('',(#16370,#16376,#16377,#16378));
#16370 = ORIENTED_EDGE('',*,*,#16371,.F.);
#16371 = EDGE_CURVE('',#15873,#16149,#16372,.T.);
#16372 = LINE('',#16373,#16374);
#16373 = CARTESIAN_POINT('',(-0.8,1.2,0.670847817658));
#16374 = VECTOR('',#16375,1.);
#16375 = DIRECTION('',(0.,0.,1.));
#16376 = ORIENTED_EDGE('',*,*,#15872,.T.);
#16377 = ORIENTED_EDGE('',*,*,#16173,.T.);
#16378 = ORIENTED_EDGE('',*,*,#16156,.F.);
#16379 = PLANE('',#16380);
#16380 = AXIS2_PLACEMENT_3D('',#16381,#16382,#16383);
#16381 = CARTESIAN_POINT('',(-0.8,-1.355,0.9));
#16382 = DIRECTION('',(1.,1.110223024625E-16,0.));
#16383 = DIRECTION('',(-1.110223024625E-16,1.,0.));
#16384 = ADVANCED_FACE('',(#16385),#16396,.F.);
#16385 = FACE_BOUND('',#16386,.F.);
#16386 = EDGE_LOOP('',(#16387,#16388,#16389,#16395));
#16387 = ORIENTED_EDGE('',*,*,#16060,.F.);
#16388 = ORIENTED_EDGE('',*,*,#15981,.T.);
#16389 = ORIENTED_EDGE('',*,*,#16390,.T.);
#16390 = EDGE_CURVE('',#15974,#16093,#16391,.T.);
#16391 = LINE('',#16392,#16393);
#16392 = CARTESIAN_POINT('',(0.8,1.2,0.670847817658));
#16393 = VECTOR('',#16394,1.);
#16394 = DIRECTION('',(0.,0.,1.));
#16395 = ORIENTED_EDGE('',*,*,#16092,.F.);
#16396 = PLANE('',#16397);
#16397 = AXIS2_PLACEMENT_3D('',#16398,#16399,#16400);
#16398 = CARTESIAN_POINT('',(0.8,1.355,0.9));
#16399 = DIRECTION('',(-1.,-1.110223024625E-16,0.));
#16400 = DIRECTION('',(1.110223024625E-16,-1.,0.));
#16401 = ADVANCED_FACE('',(#16402),#16427,.F.);
#16402 = FACE_BOUND('',#16403,.F.);
#16403 = EDGE_LOOP('',(#16404,#16412,#16413,#16421));
#16404 = ORIENTED_EDGE('',*,*,#16405,.F.);
#16405 = EDGE_CURVE('',#15974,#16406,#16408,.T.);
#16406 = VERTEX_POINT('',#16407);
#16407 = CARTESIAN_POINT('',(0.85,1.2,0.75));
#16408 = LINE('',#16409,#16410);
#16409 = CARTESIAN_POINT('',(0.75,1.2,0.75));
#16410 = VECTOR('',#16411,1.);
#16411 = DIRECTION('',(1.,1.110223024625E-16,0.));
#16412 = ORIENTED_EDGE('',*,*,#15973,.T.);
#16413 = ORIENTED_EDGE('',*,*,#16414,.T.);
#16414 = EDGE_CURVE('',#15966,#16415,#16417,.T.);
#16415 = VERTEX_POINT('',#16416);
#16416 = CARTESIAN_POINT('',(0.85,0.7,0.75));
#16417 = LINE('',#16418,#16419);
#16418 = CARTESIAN_POINT('',(0.75,0.7,0.75));
#16419 = VECTOR('',#16420,1.);
#16420 = DIRECTION('',(1.,1.110223024625E-16,0.));
#16421 = ORIENTED_EDGE('',*,*,#16422,.F.);
#16422 = EDGE_CURVE('',#16406,#16415,#16423,.T.);
#16423 = LINE('',#16424,#16425);
#16424 = CARTESIAN_POINT('',(0.85,1.2,0.75));
#16425 = VECTOR('',#16426,1.);
#16426 = DIRECTION('',(1.110223024625E-16,-1.,0.));
#16427 = PLANE('',#16428);
#16428 = AXIS2_PLACEMENT_3D('',#16429,#16430,#16431);
#16429 = CARTESIAN_POINT('',(0.75,1.2,0.75));
#16430 = DIRECTION('',(0.,0.,1.));
#16431 = DIRECTION('',(1.,1.110223024625E-16,-0.));
#16432 = ADVANCED_FACE('',(#16433),#16458,.F.);
#16433 = FACE_BOUND('',#16434,.F.);
#16434 = EDGE_LOOP('',(#16435,#16443,#16444,#16452));
#16435 = ORIENTED_EDGE('',*,*,#16436,.F.);
#16436 = EDGE_CURVE('',#15966,#16437,#16439,.T.);
#16437 = VERTEX_POINT('',#16438);
#16438 = CARTESIAN_POINT('',(0.8,0.7,0.9));
#16439 = LINE('',#16440,#16441);
#16440 = CARTESIAN_POINT('',(0.8,0.7,0.670847817658));
#16441 = VECTOR('',#16442,1.);
#16442 = DIRECTION('',(0.,0.,1.));
#16443 = ORIENTED_EDGE('',*,*,#15965,.T.);
#16444 = ORIENTED_EDGE('',*,*,#16445,.T.);
#16445 = EDGE_CURVE('',#15958,#16446,#16448,.T.);
#16446 = VERTEX_POINT('',#16447);
#16447 = CARTESIAN_POINT('',(0.8,-0.7,0.9));
#16448 = LINE('',#16449,#16450);
#16449 = CARTESIAN_POINT('',(0.8,-0.7,0.670847817658));
#16450 = VECTOR('',#16451,1.);
#16451 = DIRECTION('',(0.,0.,1.));
#16452 = ORIENTED_EDGE('',*,*,#16453,.F.);
#16453 = EDGE_CURVE('',#16437,#16446,#16454,.T.);
#16454 = LINE('',#16455,#16456);
#16455 = CARTESIAN_POINT('',(0.8,1.355,0.9));
#16456 = VECTOR('',#16457,1.);
#16457 = DIRECTION('',(1.110223024625E-16,-1.,0.));
#16458 = PLANE('',#16459);
#16459 = AXIS2_PLACEMENT_3D('',#16460,#16461,#16462);
#16460 = CARTESIAN_POINT('',(0.8,1.355,0.9));
#16461 = DIRECTION('',(-1.,-1.110223024625E-16,0.));
#16462 = DIRECTION('',(1.110223024625E-16,-1.,0.));
#16463 = ADVANCED_FACE('',(#16464),#16489,.F.);
#16464 = FACE_BOUND('',#16465,.F.);
#16465 = EDGE_LOOP('',(#16466,#16474,#16475,#16483));
#16466 = ORIENTED_EDGE('',*,*,#16467,.F.);
#16467 = EDGE_CURVE('',#15958,#16468,#16470,.T.);
#16468 = VERTEX_POINT('',#16469);
#16469 = CARTESIAN_POINT('',(0.85,-0.7,0.75));
#16470 = LINE('',#16471,#16472);
#16471 = CARTESIAN_POINT('',(0.75,-0.7,0.75));
#16472 = VECTOR('',#16473,1.);
#16473 = DIRECTION('',(1.,1.110223024625E-16,0.));
#16474 = ORIENTED_EDGE('',*,*,#15957,.T.);
#16475 = ORIENTED_EDGE('',*,*,#16476,.T.);
#16476 = EDGE_CURVE('',#15950,#16477,#16479,.T.);
#16477 = VERTEX_POINT('',#16478);
#16478 = CARTESIAN_POINT('',(0.85,-1.2,0.75));
#16479 = LINE('',#16480,#16481);
#16480 = CARTESIAN_POINT('',(0.75,-1.2,0.75));
#16481 = VECTOR('',#16482,1.);
#16482 = DIRECTION('',(1.,1.110223024625E-16,0.));
#16483 = ORIENTED_EDGE('',*,*,#16484,.F.);
#16484 = EDGE_CURVE('',#16468,#16477,#16485,.T.);
#16485 = LINE('',#16486,#16487);
#16486 = CARTESIAN_POINT('',(0.85,-0.7,0.75));
#16487 = VECTOR('',#16488,1.);
#16488 = DIRECTION('',(1.110223024625E-16,-1.,0.));
#16489 = PLANE('',#16490);
#16490 = AXIS2_PLACEMENT_3D('',#16491,#16492,#16493);
#16491 = CARTESIAN_POINT('',(0.75,-0.7,0.75));
#16492 = DIRECTION('',(0.,0.,1.));
#16493 = DIRECTION('',(1.,1.110223024625E-16,-0.));
#16494 = ADVANCED_FACE('',(#16495),#16519,.F.);
#16495 = FACE_BOUND('',#16496,.F.);
#16496 = EDGE_LOOP('',(#16497,#16505,#16506,#16513));
#16497 = ORIENTED_EDGE('',*,*,#16498,.F.);
#16498 = EDGE_CURVE('',#15950,#16499,#16501,.T.);
#16499 = VERTEX_POINT('',#16500);
#16500 = CARTESIAN_POINT('',(0.8,-1.2,0.9));
#16501 = LINE('',#16502,#16503);
#16502 = CARTESIAN_POINT('',(0.8,-1.2,0.670847817658));
#16503 = VECTOR('',#16504,1.);
#16504 = DIRECTION('',(0.,0.,1.));
#16505 = ORIENTED_EDGE('',*,*,#15949,.T.);
#16506 = ORIENTED_EDGE('',*,*,#16507,.T.);
#16507 = EDGE_CURVE('',#15943,#16508,#16510,.T.);
#16508 = VERTEX_POINT('',#16509);
#16509 = CARTESIAN_POINT('',(0.8,-1.355,0.9));
#16510 = B_SPLINE_CURVE_WITH_KNOTS('',1,(#16511,#16512),.UNSPECIFIED.,
  .F.,.F.,(2,2),(0.,1.),.PIECEWISE_BEZIER_KNOTS.);
#16511 = CARTESIAN_POINT('',(0.8,-1.355,0.75));
#16512 = CARTESIAN_POINT('',(0.8,-1.355,0.9));
#16513 = ORIENTED_EDGE('',*,*,#16514,.F.);
#16514 = EDGE_CURVE('',#16499,#16508,#16515,.T.);
#16515 = LINE('',#16516,#16517);
#16516 = CARTESIAN_POINT('',(0.8,1.355,0.9));
#16517 = VECTOR('',#16518,1.);
#16518 = DIRECTION('',(1.110223024625E-16,-1.,0.));
#16519 = PLANE('',#16520);
#16520 = AXIS2_PLACEMENT_3D('',#16521,#16522,#16523);
#16521 = CARTESIAN_POINT('',(0.8,1.355,0.9));
#16522 = DIRECTION('',(-1.,-1.110223024625E-16,0.));
#16523 = DIRECTION('',(1.110223024625E-16,-1.,0.));
#16524 = ADVANCED_FACE('',(#16525),#16542,.F.);
#16525 = FACE_BOUND('',#16526,.F.);
#16526 = EDGE_LOOP('',(#16527,#16528,#16529,#16537));
#16527 = ORIENTED_EDGE('',*,*,#15998,.T.);
#16528 = ORIENTED_EDGE('',*,*,#16186,.T.);
#16529 = ORIENTED_EDGE('',*,*,#16530,.F.);
#16530 = EDGE_CURVE('',#16531,#16187,#16533,.T.);
#16531 = VERTEX_POINT('',#16532);
#16532 = CARTESIAN_POINT('',(-0.705,-1.45,0.9));
#16533 = LINE('',#16534,#16535);
#16534 = CARTESIAN_POINT('',(-0.705,-1.45,0.9));
#16535 = VECTOR('',#16536,1.);
#16536 = DIRECTION('',(-0.707106781187,0.707106781187,0.));
#16537 = ORIENTED_EDGE('',*,*,#16538,.F.);
#16538 = EDGE_CURVE('',#15999,#16531,#16539,.T.);
#16539 = B_SPLINE_CURVE_WITH_KNOTS('',1,(#16540,#16541),.UNSPECIFIED.,
  .F.,.F.,(2,2),(0.,1.),.PIECEWISE_BEZIER_KNOTS.);
#16540 = CARTESIAN_POINT('',(-0.705,-1.45,0.75));
#16541 = CARTESIAN_POINT('',(-0.705,-1.45,0.9));
#16542 = PLANE('',#16543);
#16543 = AXIS2_PLACEMENT_3D('',#16544,#16545,#16546);
#16544 = CARTESIAN_POINT('',(-0.705,-1.45,0.9));
#16545 = DIRECTION('',(0.707106781187,0.707106781187,0.));
#16546 = DIRECTION('',(-0.707106781187,0.707106781187,0.));
#16547 = ADVANCED_FACE('',(#16548),#16565,.F.);
#16548 = FACE_BOUND('',#16549,.F.);
#16549 = EDGE_LOOP('',(#16550,#16551,#16558,#16564));
#16550 = ORIENTED_EDGE('',*,*,#16027,.T.);
#16551 = ORIENTED_EDGE('',*,*,#16552,.T.);
#16552 = EDGE_CURVE('',#16021,#16553,#16555,.T.);
#16553 = VERTEX_POINT('',#16554);
#16554 = CARTESIAN_POINT('',(0.705,-1.45,0.9));
#16555 = B_SPLINE_CURVE_WITH_KNOTS('',1,(#16556,#16557),.UNSPECIFIED.,
  .F.,.F.,(2,2),(0.,1.),.PIECEWISE_BEZIER_KNOTS.);
#16556 = CARTESIAN_POINT('',(0.705,-1.45,0.75));
#16557 = CARTESIAN_POINT('',(0.705,-1.45,0.9));
#16558 = ORIENTED_EDGE('',*,*,#16559,.F.);
#16559 = EDGE_CURVE('',#16508,#16553,#16560,.T.);
#16560 = LINE('',#16561,#16562);
#16561 = CARTESIAN_POINT('',(0.8,-1.355,0.9));
#16562 = VECTOR('',#16563,1.);
#16563 = DIRECTION('',(-0.707106781187,-0.707106781187,0.));
#16564 = ORIENTED_EDGE('',*,*,#16507,.F.);
#16565 = PLANE('',#16566);
#16566 = AXIS2_PLACEMENT_3D('',#16567,#16568,#16569);
#16567 = CARTESIAN_POINT('',(0.8,-1.355,0.9));
#16568 = DIRECTION('',(-0.707106781187,0.707106781187,0.));
#16569 = DIRECTION('',(-0.707106781187,-0.707106781187,0.));
#16570 = ADVANCED_FACE('',(#16571),#16582,.F.);
#16571 = FACE_BOUND('',#16572,.F.);
#16572 = EDGE_LOOP('',(#16573,#16574,#16575,#16581));
#16573 = ORIENTED_EDGE('',*,*,#16044,.T.);
#16574 = ORIENTED_EDGE('',*,*,#16538,.T.);
#16575 = ORIENTED_EDGE('',*,*,#16576,.F.);
#16576 = EDGE_CURVE('',#16553,#16531,#16577,.T.);
#16577 = LINE('',#16578,#16579);
#16578 = CARTESIAN_POINT('',(0.705,-1.45,0.9));
#16579 = VECTOR('',#16580,1.);
#16580 = DIRECTION('',(-1.,-1.110223024625E-16,0.));
#16581 = ORIENTED_EDGE('',*,*,#16552,.F.);
#16582 = PLANE('',#16583);
#16583 = AXIS2_PLACEMENT_3D('',#16584,#16585,#16586);
#16584 = CARTESIAN_POINT('',(0.705,-1.45,0.9));
#16585 = DIRECTION('',(-1.110223024625E-16,1.,0.));
#16586 = DIRECTION('',(-1.,-1.110223024625E-16,0.));
#16587 = ADVANCED_FACE('',(#16588),#16627,.F.);
#16588 = FACE_BOUND('',#16589,.F.);
#16589 = EDGE_LOOP('',(#16590,#16598,#16606,#16612,#16613,#16621));
#16590 = ORIENTED_EDGE('',*,*,#16591,.F.);
#16591 = EDGE_CURVE('',#16592,#16319,#16594,.T.);
#16592 = VERTEX_POINT('',#16593);
#16593 = CARTESIAN_POINT('',(-0.85,0.7,0.9));
#16594 = LINE('',#16595,#16596);
#16595 = CARTESIAN_POINT('',(-0.85,0.7,0.9));
#16596 = VECTOR('',#16597,1.);
#16597 = DIRECTION('',(1.,-1.144237745222E-17,0.));
#16598 = ORIENTED_EDGE('',*,*,#16599,.T.);
#16599 = EDGE_CURVE('',#16592,#16600,#16602,.T.);
#16600 = VERTEX_POINT('',#16601);
#16601 = CARTESIAN_POINT('',(-0.85,1.2,0.9));
#16602 = LINE('',#16603,#16604);
#16603 = CARTESIAN_POINT('',(-0.85,0.7,0.9));
#16604 = VECTOR('',#16605,1.);
#16605 = DIRECTION('',(1.144237745222E-17,1.,0.));
#16606 = ORIENTED_EDGE('',*,*,#16607,.T.);
#16607 = EDGE_CURVE('',#16600,#16149,#16608,.T.);
#16608 = LINE('',#16609,#16610);
#16609 = CARTESIAN_POINT('',(-0.85,1.2,0.9));
#16610 = VECTOR('',#16611,1.);
#16611 = DIRECTION('',(1.,-1.144237745222E-17,0.));
#16612 = ORIENTED_EDGE('',*,*,#16148,.T.);
#16613 = ORIENTED_EDGE('',*,*,#16614,.F.);
#16614 = EDGE_CURVE('',#16615,#16141,#16617,.T.);
#16615 = VERTEX_POINT('',#16616);
#16616 = CARTESIAN_POINT('',(-0.775,0.7,0.9));
#16617 = LINE('',#16618,#16619);
#16618 = CARTESIAN_POINT('',(-0.775,-1.3425,0.9));
#16619 = VECTOR('',#16620,1.);
#16620 = DIRECTION('',(-1.110223024625E-16,1.,0.));
#16621 = ORIENTED_EDGE('',*,*,#16622,.F.);
#16622 = EDGE_CURVE('',#16319,#16615,#16623,.T.);
#16623 = LINE('',#16624,#16625);
#16624 = CARTESIAN_POINT('',(-0.85,0.7,0.9));
#16625 = VECTOR('',#16626,1.);
#16626 = DIRECTION('',(1.,-1.144237745222E-17,0.));
#16627 = PLANE('',#16628);
#16628 = AXIS2_PLACEMENT_3D('',#16629,#16630,#16631);
#16629 = CARTESIAN_POINT('',(-0.85,0.7,0.9));
#16630 = DIRECTION('',(0.,0.,-1.));
#16631 = DIRECTION('',(1.,-1.144237745222E-17,0.));
#16632 = ADVANCED_FACE('',(#16633),#16697,.F.);
#16633 = FACE_BOUND('',#16634,.F.);
#16634 = EDGE_LOOP('',(#16635,#16645,#16653,#16661,#16669,#16675,#16676,
    #16677,#16684,#16692));
#16635 = ORIENTED_EDGE('',*,*,#16636,.T.);
#16636 = EDGE_CURVE('',#16637,#16639,#16641,.T.);
#16637 = VERTEX_POINT('',#16638);
#16638 = CARTESIAN_POINT('',(-0.775,-1.3425,0.9));
#16639 = VERTEX_POINT('',#16640);
#16640 = CARTESIAN_POINT('',(-0.775,-1.2,0.9));
#16641 = LINE('',#16642,#16643);
#16642 = CARTESIAN_POINT('',(-0.775,-1.3425,0.9));
#16643 = VECTOR('',#16644,1.);
#16644 = DIRECTION('',(-1.110223024625E-16,1.,0.));
#16645 = ORIENTED_EDGE('',*,*,#16646,.T.);
#16646 = EDGE_CURVE('',#16639,#16647,#16649,.T.);
#16647 = VERTEX_POINT('',#16648);
#16648 = CARTESIAN_POINT('',(-0.775,-0.7,0.9));
#16649 = LINE('',#16650,#16651);
#16650 = CARTESIAN_POINT('',(-0.775,-1.3425,0.9));
#16651 = VECTOR('',#16652,1.);
#16652 = DIRECTION('',(-1.110223024625E-16,1.,0.));
#16653 = ORIENTED_EDGE('',*,*,#16654,.T.);
#16654 = EDGE_CURVE('',#16647,#16655,#16657,.T.);
#16655 = VERTEX_POINT('',#16656);
#16656 = CARTESIAN_POINT('',(-0.775,-0.25,0.9));
#16657 = LINE('',#16658,#16659);
#16658 = CARTESIAN_POINT('',(-0.775,-1.3425,0.9));
#16659 = VECTOR('',#16660,1.);
#16660 = DIRECTION('',(-1.110223024625E-16,1.,0.));
#16661 = ORIENTED_EDGE('',*,*,#16662,.T.);
#16662 = EDGE_CURVE('',#16655,#16663,#16665,.T.);
#16663 = VERTEX_POINT('',#16664);
#16664 = CARTESIAN_POINT('',(-0.775,0.25,0.9));
#16665 = LINE('',#16666,#16667);
#16666 = CARTESIAN_POINT('',(-0.775,-1.3425,0.9));
#16667 = VECTOR('',#16668,1.);
#16668 = DIRECTION('',(-1.110223024625E-16,1.,0.));
#16669 = ORIENTED_EDGE('',*,*,#16670,.T.);
#16670 = EDGE_CURVE('',#16663,#16615,#16671,.T.);
#16671 = LINE('',#16672,#16673);
#16672 = CARTESIAN_POINT('',(-0.775,-1.3425,0.9));
#16673 = VECTOR('',#16674,1.);
#16674 = DIRECTION('',(-1.110223024625E-16,1.,0.));
#16675 = ORIENTED_EDGE('',*,*,#16614,.T.);
#16676 = ORIENTED_EDGE('',*,*,#16140,.T.);
#16677 = ORIENTED_EDGE('',*,*,#16678,.T.);
#16678 = EDGE_CURVE('',#16133,#16679,#16681,.T.);
#16679 = VERTEX_POINT('',#16680);
#16680 = CARTESIAN_POINT('',(-0.683648457443,1.296824228722,1.55));
#16681 = B_SPLINE_CURVE_WITH_KNOTS('',1,(#16682,#16683),.UNSPECIFIED.,
  .F.,.F.,(2,2),(0.,1.),.PIECEWISE_BEZIER_KNOTS.);
#16682 = CARTESIAN_POINT('',(-0.775,1.3425,0.9));
#16683 = CARTESIAN_POINT('',(-0.683648457443,1.296824228722,1.55));
#16684 = ORIENTED_EDGE('',*,*,#16685,.F.);
#16685 = EDGE_CURVE('',#16686,#16679,#16688,.T.);
#16686 = VERTEX_POINT('',#16687);
#16687 = CARTESIAN_POINT('',(-0.683648457443,-1.296824228722,1.55));
#16688 = LINE('',#16689,#16690);
#16689 = CARTESIAN_POINT('',(-0.683648457443,-1.296824228722,1.55));
#16690 = VECTOR('',#16691,1.);
#16691 = DIRECTION('',(-1.110223024625E-16,1.,0.));
#16692 = ORIENTED_EDGE('',*,*,#16693,.F.);
#16693 = EDGE_CURVE('',#16637,#16686,#16694,.T.);
#16694 = B_SPLINE_CURVE_WITH_KNOTS('',1,(#16695,#16696),.UNSPECIFIED.,
  .F.,.F.,(2,2),(0.,1.),.PIECEWISE_BEZIER_KNOTS.);
#16695 = CARTESIAN_POINT('',(-0.775,-1.3425,0.9));
#16696 = CARTESIAN_POINT('',(-0.683648457443,-1.296824228722,1.55));
#16697 = B_SPLINE_SURFACE_WITH_KNOTS('',1,1,(
    (#16698,#16699)
    ,(#16700,#16701
    )),.UNSPECIFIED.,.F.,.F.,.F.,(2,2),(2,2),(0.,2.685),(0.,1.),
  .PIECEWISE_BEZIER_KNOTS.);
#16698 = CARTESIAN_POINT('',(-0.775,-1.3425,0.9));
#16699 = CARTESIAN_POINT('',(-0.683648457443,-1.296824228722,1.55));
#16700 = CARTESIAN_POINT('',(-0.775,1.3425,0.9));
#16701 = CARTESIAN_POINT('',(-0.683648457443,1.296824228722,1.55));
#16702 = ADVANCED_FACE('',(#16703),#16720,.F.);
#16703 = FACE_BOUND('',#16704,.F.);
#16704 = EDGE_LOOP('',(#16705,#16706,#16713,#16719));
#16705 = ORIENTED_EDGE('',*,*,#16132,.T.);
#16706 = ORIENTED_EDGE('',*,*,#16707,.T.);
#16707 = EDGE_CURVE('',#16125,#16708,#16710,.T.);
#16708 = VERTEX_POINT('',#16709);
#16709 = CARTESIAN_POINT('',(-0.646824228722,1.333648457443,1.55));
#16710 = B_SPLINE_CURVE_WITH_KNOTS('',1,(#16711,#16712),.UNSPECIFIED.,
  .F.,.F.,(2,2),(0.,1.),.PIECEWISE_BEZIER_KNOTS.);
#16711 = CARTESIAN_POINT('',(-0.6925,1.425,0.9));
#16712 = CARTESIAN_POINT('',(-0.646824228722,1.333648457443,1.55));
#16713 = ORIENTED_EDGE('',*,*,#16714,.F.);
#16714 = EDGE_CURVE('',#16679,#16708,#16715,.T.);
#16715 = LINE('',#16716,#16717);
#16716 = CARTESIAN_POINT('',(-0.683648457443,1.296824228722,1.55));
#16717 = VECTOR('',#16718,1.);
#16718 = DIRECTION('',(0.707106781187,0.707106781187,0.));
#16719 = ORIENTED_EDGE('',*,*,#16678,.F.);
#16720 = B_SPLINE_SURFACE_WITH_KNOTS('',1,1,(
    (#16721,#16722)
    ,(#16723,#16724
    )),.UNSPECIFIED.,.F.,.F.,.F.,(2,2),(2,2),(0.,0.116672618896),(0.,1.)
  ,.PIECEWISE_BEZIER_KNOTS.);
#16721 = CARTESIAN_POINT('',(-0.775,1.3425,0.9));
#16722 = CARTESIAN_POINT('',(-0.683648457443,1.296824228722,1.55));
#16723 = CARTESIAN_POINT('',(-0.6925,1.425,0.9));
#16724 = CARTESIAN_POINT('',(-0.646824228722,1.333648457443,1.55));
#16725 = ADVANCED_FACE('',(#16726),#16743,.F.);
#16726 = FACE_BOUND('',#16727,.F.);
#16727 = EDGE_LOOP('',(#16728,#16729,#16736,#16742));
#16728 = ORIENTED_EDGE('',*,*,#16124,.T.);
#16729 = ORIENTED_EDGE('',*,*,#16730,.T.);
#16730 = EDGE_CURVE('',#16117,#16731,#16733,.T.);
#16731 = VERTEX_POINT('',#16732);
#16732 = CARTESIAN_POINT('',(0.646824228722,1.333648457443,1.55));
#16733 = B_SPLINE_CURVE_WITH_KNOTS('',1,(#16734,#16735),.UNSPECIFIED.,
  .F.,.F.,(2,2),(0.,1.),.PIECEWISE_BEZIER_KNOTS.);
#16734 = CARTESIAN_POINT('',(0.6925,1.425,0.9));
#16735 = CARTESIAN_POINT('',(0.646824228722,1.333648457443,1.55));
#16736 = ORIENTED_EDGE('',*,*,#16737,.F.);
#16737 = EDGE_CURVE('',#16708,#16731,#16738,.T.);
#16738 = LINE('',#16739,#16740);
#16739 = CARTESIAN_POINT('',(-0.646824228722,1.333648457443,1.55));
#16740 = VECTOR('',#16741,1.);
#16741 = DIRECTION('',(1.,1.110223024625E-16,0.));
#16742 = ORIENTED_EDGE('',*,*,#16707,.F.);
#16743 = B_SPLINE_SURFACE_WITH_KNOTS('',1,1,(
    (#16744,#16745)
    ,(#16746,#16747
    )),.UNSPECIFIED.,.F.,.F.,.F.,(2,2),(2,2),(0.,1.385),(0.,1.),
  .PIECEWISE_BEZIER_KNOTS.);
#16744 = CARTESIAN_POINT('',(-0.6925,1.425,0.9));
#16745 = CARTESIAN_POINT('',(-0.646824228722,1.333648457443,1.55));
#16746 = CARTESIAN_POINT('',(0.6925,1.425,0.9));
#16747 = CARTESIAN_POINT('',(0.646824228722,1.333648457443,1.55));
#16748 = ADVANCED_FACE('',(#16749),#16766,.F.);
#16749 = FACE_BOUND('',#16750,.F.);
#16750 = EDGE_LOOP('',(#16751,#16752,#16759,#16765));
#16751 = ORIENTED_EDGE('',*,*,#16116,.T.);
#16752 = ORIENTED_EDGE('',*,*,#16753,.T.);
#16753 = EDGE_CURVE('',#16109,#16754,#16756,.T.);
#16754 = VERTEX_POINT('',#16755);
#16755 = CARTESIAN_POINT('',(0.683648457443,1.296824228722,1.55));
#16756 = B_SPLINE_CURVE_WITH_KNOTS('',1,(#16757,#16758),.UNSPECIFIED.,
  .F.,.F.,(2,2),(0.,1.),.PIECEWISE_BEZIER_KNOTS.);
#16757 = CARTESIAN_POINT('',(0.775,1.3425,0.9));
#16758 = CARTESIAN_POINT('',(0.683648457443,1.296824228722,1.55));
#16759 = ORIENTED_EDGE('',*,*,#16760,.F.);
#16760 = EDGE_CURVE('',#16731,#16754,#16761,.T.);
#16761 = LINE('',#16762,#16763);
#16762 = CARTESIAN_POINT('',(0.646824228722,1.333648457443,1.55));
#16763 = VECTOR('',#16764,1.);
#16764 = DIRECTION('',(0.707106781187,-0.707106781187,0.));
#16765 = ORIENTED_EDGE('',*,*,#16730,.F.);
#16766 = B_SPLINE_SURFACE_WITH_KNOTS('',1,1,(
    (#16767,#16768)
    ,(#16769,#16770
    )),.UNSPECIFIED.,.F.,.F.,.F.,(2,2),(2,2),(0.,0.116672618896),(0.,1.)
  ,.PIECEWISE_BEZIER_KNOTS.);
#16767 = CARTESIAN_POINT('',(0.6925,1.425,0.9));
#16768 = CARTESIAN_POINT('',(0.646824228722,1.333648457443,1.55));
#16769 = CARTESIAN_POINT('',(0.775,1.3425,0.9));
#16770 = CARTESIAN_POINT('',(0.683648457443,1.296824228722,1.55));
#16771 = ADVANCED_FACE('',(#16772),#16821,.F.);
#16772 = FACE_BOUND('',#16773,.F.);
#16773 = EDGE_LOOP('',(#16774,#16775,#16783,#16791,#16799,#16807,#16814,
    #16820));
#16774 = ORIENTED_EDGE('',*,*,#16108,.T.);
#16775 = ORIENTED_EDGE('',*,*,#16776,.T.);
#16776 = EDGE_CURVE('',#16101,#16777,#16779,.T.);
#16777 = VERTEX_POINT('',#16778);
#16778 = CARTESIAN_POINT('',(0.775,0.7,0.9));
#16779 = LINE('',#16780,#16781);
#16780 = CARTESIAN_POINT('',(0.775,1.3425,0.9));
#16781 = VECTOR('',#16782,1.);
#16782 = DIRECTION('',(1.110223024625E-16,-1.,0.));
#16783 = ORIENTED_EDGE('',*,*,#16784,.T.);
#16784 = EDGE_CURVE('',#16777,#16785,#16787,.T.);
#16785 = VERTEX_POINT('',#16786);
#16786 = CARTESIAN_POINT('',(0.775,-0.7,0.9));
#16787 = LINE('',#16788,#16789);
#16788 = CARTESIAN_POINT('',(0.775,1.3425,0.9));
#16789 = VECTOR('',#16790,1.);
#16790 = DIRECTION('',(1.110223024625E-16,-1.,0.));
#16791 = ORIENTED_EDGE('',*,*,#16792,.T.);
#16792 = EDGE_CURVE('',#16785,#16793,#16795,.T.);
#16793 = VERTEX_POINT('',#16794);
#16794 = CARTESIAN_POINT('',(0.775,-1.2,0.9));
#16795 = LINE('',#16796,#16797);
#16796 = CARTESIAN_POINT('',(0.775,1.3425,0.9));
#16797 = VECTOR('',#16798,1.);
#16798 = DIRECTION('',(1.110223024625E-16,-1.,0.));
#16799 = ORIENTED_EDGE('',*,*,#16800,.T.);
#16800 = EDGE_CURVE('',#16793,#16801,#16803,.T.);
#16801 = VERTEX_POINT('',#16802);
#16802 = CARTESIAN_POINT('',(0.775,-1.3425,0.9));
#16803 = LINE('',#16804,#16805);
#16804 = CARTESIAN_POINT('',(0.775,1.3425,0.9));
#16805 = VECTOR('',#16806,1.);
#16806 = DIRECTION('',(1.110223024625E-16,-1.,0.));
#16807 = ORIENTED_EDGE('',*,*,#16808,.T.);
#16808 = EDGE_CURVE('',#16801,#16809,#16811,.T.);
#16809 = VERTEX_POINT('',#16810);
#16810 = CARTESIAN_POINT('',(0.683648457443,-1.296824228722,1.55));
#16811 = B_SPLINE_CURVE_WITH_KNOTS('',1,(#16812,#16813),.UNSPECIFIED.,
  .F.,.F.,(2,2),(0.,1.),.PIECEWISE_BEZIER_KNOTS.);
#16812 = CARTESIAN_POINT('',(0.775,-1.3425,0.9));
#16813 = CARTESIAN_POINT('',(0.683648457443,-1.296824228722,1.55));
#16814 = ORIENTED_EDGE('',*,*,#16815,.F.);
#16815 = EDGE_CURVE('',#16754,#16809,#16816,.T.);
#16816 = LINE('',#16817,#16818);
#16817 = CARTESIAN_POINT('',(0.683648457443,1.296824228722,1.55));
#16818 = VECTOR('',#16819,1.);
#16819 = DIRECTION('',(1.110223024625E-16,-1.,0.));
#16820 = ORIENTED_EDGE('',*,*,#16753,.F.);
#16821 = B_SPLINE_SURFACE_WITH_KNOTS('',1,1,(
    (#16822,#16823)
    ,(#16824,#16825
    )),.UNSPECIFIED.,.F.,.F.,.F.,(2,2),(2,2),(0.,2.685),(0.,1.),
  .PIECEWISE_BEZIER_KNOTS.);
#16822 = CARTESIAN_POINT('',(0.775,1.3425,0.9));
#16823 = CARTESIAN_POINT('',(0.683648457443,1.296824228722,1.55));
#16824 = CARTESIAN_POINT('',(0.775,-1.3425,0.9));
#16825 = CARTESIAN_POINT('',(0.683648457443,-1.296824228722,1.55));
#16826 = ADVANCED_FACE('',(#16827),#16859,.F.);
#16827 = FACE_BOUND('',#16828,.F.);
#16828 = EDGE_LOOP('',(#16829,#16837,#16845,#16851,#16857,#16858));
#16829 = ORIENTED_EDGE('',*,*,#16830,.F.);
#16830 = EDGE_CURVE('',#16831,#16093,#16833,.T.);
#16831 = VERTEX_POINT('',#16832);
#16832 = CARTESIAN_POINT('',(0.85,1.2,0.9));
#16833 = LINE('',#16834,#16835);
#16834 = CARTESIAN_POINT('',(0.85,1.2,0.9));
#16835 = VECTOR('',#16836,1.);
#16836 = DIRECTION('',(-1.,-1.110223024625E-16,0.));
#16837 = ORIENTED_EDGE('',*,*,#16838,.T.);
#16838 = EDGE_CURVE('',#16831,#16839,#16841,.T.);
#16839 = VERTEX_POINT('',#16840);
#16840 = CARTESIAN_POINT('',(0.85,0.7,0.9));
#16841 = LINE('',#16842,#16843);
#16842 = CARTESIAN_POINT('',(0.85,1.2,0.9));
#16843 = VECTOR('',#16844,1.);
#16844 = DIRECTION('',(1.110223024625E-16,-1.,0.));
#16845 = ORIENTED_EDGE('',*,*,#16846,.T.);
#16846 = EDGE_CURVE('',#16839,#16437,#16847,.T.);
#16847 = LINE('',#16848,#16849);
#16848 = CARTESIAN_POINT('',(0.85,0.7,0.9));
#16849 = VECTOR('',#16850,1.);
#16850 = DIRECTION('',(-1.,-1.110223024625E-16,0.));
#16851 = ORIENTED_EDGE('',*,*,#16852,.T.);
#16852 = EDGE_CURVE('',#16437,#16777,#16853,.T.);
#16853 = LINE('',#16854,#16855);
#16854 = CARTESIAN_POINT('',(0.85,0.7,0.9));
#16855 = VECTOR('',#16856,1.);
#16856 = DIRECTION('',(-1.,-1.110223024625E-16,0.));
#16857 = ORIENTED_EDGE('',*,*,#16776,.F.);
#16858 = ORIENTED_EDGE('',*,*,#16100,.F.);
#16859 = PLANE('',#16860);
#16860 = AXIS2_PLACEMENT_3D('',#16861,#16862,#16863);
#16861 = CARTESIAN_POINT('',(0.85,1.2,0.9));
#16862 = DIRECTION('',(0.,0.,-1.));
#16863 = DIRECTION('',(-1.,-1.110223024625E-16,-0.));
#16864 = ADVANCED_FACE('',(#16865),#16908,.F.);
#16865 = FACE_BOUND('',#16866,.F.);
#16866 = EDGE_LOOP('',(#16867,#16873,#16874,#16875,#16876,#16877,#16878,
    #16884,#16885,#16893,#16901,#16907));
#16867 = ORIENTED_EDGE('',*,*,#16868,.F.);
#16868 = EDGE_CURVE('',#16499,#16793,#16869,.T.);
#16869 = LINE('',#16870,#16871);
#16870 = CARTESIAN_POINT('',(0.85,-1.2,0.9));
#16871 = VECTOR('',#16872,1.);
#16872 = DIRECTION('',(-1.,-1.110223024625E-16,0.));
#16873 = ORIENTED_EDGE('',*,*,#16514,.T.);
#16874 = ORIENTED_EDGE('',*,*,#16559,.T.);
#16875 = ORIENTED_EDGE('',*,*,#16576,.T.);
#16876 = ORIENTED_EDGE('',*,*,#16530,.T.);
#16877 = ORIENTED_EDGE('',*,*,#16202,.T.);
#16878 = ORIENTED_EDGE('',*,*,#16879,.T.);
#16879 = EDGE_CURVE('',#16195,#16639,#16880,.T.);
#16880 = LINE('',#16881,#16882);
#16881 = CARTESIAN_POINT('',(-0.85,-1.2,0.9));
#16882 = VECTOR('',#16883,1.);
#16883 = DIRECTION('',(1.,-1.144237745222E-17,0.));
#16884 = ORIENTED_EDGE('',*,*,#16636,.F.);
#16885 = ORIENTED_EDGE('',*,*,#16886,.F.);
#16886 = EDGE_CURVE('',#16887,#16637,#16889,.T.);
#16887 = VERTEX_POINT('',#16888);
#16888 = CARTESIAN_POINT('',(-0.6925,-1.425,0.9));
#16889 = LINE('',#16890,#16891);
#16890 = CARTESIAN_POINT('',(-0.6925,-1.425,0.9));
#16891 = VECTOR('',#16892,1.);
#16892 = DIRECTION('',(-0.707106781187,0.707106781187,0.));
#16893 = ORIENTED_EDGE('',*,*,#16894,.F.);
#16894 = EDGE_CURVE('',#16895,#16887,#16897,.T.);
#16895 = VERTEX_POINT('',#16896);
#16896 = CARTESIAN_POINT('',(0.6925,-1.425,0.9));
#16897 = LINE('',#16898,#16899);
#16898 = CARTESIAN_POINT('',(0.6925,-1.425,0.9));
#16899 = VECTOR('',#16900,1.);
#16900 = DIRECTION('',(-1.,-1.110223024625E-16,0.));
#16901 = ORIENTED_EDGE('',*,*,#16902,.F.);
#16902 = EDGE_CURVE('',#16801,#16895,#16903,.T.);
#16903 = LINE('',#16904,#16905);
#16904 = CARTESIAN_POINT('',(0.775,-1.3425,0.9));
#16905 = VECTOR('',#16906,1.);
#16906 = DIRECTION('',(-0.707106781187,-0.707106781187,0.));
#16907 = ORIENTED_EDGE('',*,*,#16800,.F.);
#16908 = PLANE('',#16909);
#16909 = AXIS2_PLACEMENT_3D('',#16910,#16911,#16912);
#16910 = CARTESIAN_POINT('',(-2.091417030376E-16,1.4375,0.9));
#16911 = DIRECTION('',(4.595758349624E-18,6.551522493592E-27,-1.));
#16912 = DIRECTION('',(1.,1.51922136901E-16,4.595758349624E-18));
#16913 = ADVANCED_FACE('',(#16914),#17000,.F.);
#16914 = FACE_BOUND('',#16915,.F.);
#16915 = EDGE_LOOP('',(#16916,#16917,#16918,#16927,#16935,#16944,#16952,
    #16960,#16968,#16977,#16985,#16994));
#16916 = ORIENTED_EDGE('',*,*,#16194,.F.);
#16917 = ORIENTED_EDGE('',*,*,#16216,.T.);
#16918 = ORIENTED_EDGE('',*,*,#16919,.T.);
#16919 = EDGE_CURVE('',#16217,#16920,#16922,.T.);
#16920 = VERTEX_POINT('',#16921);
#16921 = CARTESIAN_POINT('',(-0.948480775301,-1.2,0.667364817767));
#16922 = CIRCLE('',#16923,0.1);
#16923 = AXIS2_PLACEMENT_3D('',#16924,#16925,#16926);
#16924 = CARTESIAN_POINT('',(-0.85,-1.2,0.65));
#16925 = DIRECTION('',(-1.144237745222E-17,-1.,0.));
#16926 = DIRECTION('',(0.,0.,1.));
#16927 = ORIENTED_EDGE('',*,*,#16928,.T.);
#16928 = EDGE_CURVE('',#16920,#16929,#16931,.T.);
#16929 = VERTEX_POINT('',#16930);
#16930 = CARTESIAN_POINT('',(-1.02432885403,-1.2,0.206587955583));
#16931 = LINE('',#16932,#16933);
#16932 = CARTESIAN_POINT('',(-0.948480775301,-1.2,0.667364817767));
#16933 = VECTOR('',#16934,1.);
#16934 = DIRECTION('',(-0.162423314012,1.858508865964E-18,
    -0.986721169868));
#16935 = ORIENTED_EDGE('',*,*,#16936,.T.);
#16936 = EDGE_CURVE('',#16929,#16937,#16939,.T.);
#16937 = VERTEX_POINT('',#16938);
#16938 = CARTESIAN_POINT('',(-1.270530792283,-1.2,0.));
#16939 = CIRCLE('',#16940,0.25);
#16940 = AXIS2_PLACEMENT_3D('',#16941,#16942,#16943);
#16941 = CARTESIAN_POINT('',(-1.270530792283,-1.2,0.25));
#16942 = DIRECTION('',(1.144237745222E-17,1.,1.155557966632E-33));
#16943 = DIRECTION('',(0.984807753012,-1.126854202784E-17,
    -0.173648177667));
#16944 = ORIENTED_EDGE('',*,*,#16945,.T.);
#16945 = EDGE_CURVE('',#16937,#16946,#16948,.T.);
#16946 = VERTEX_POINT('',#16947);
#16947 = CARTESIAN_POINT('',(-1.4,-1.2,0.));
#16948 = LINE('',#16949,#16950);
#16949 = CARTESIAN_POINT('',(-1.270530792283,-1.2,0.));
#16950 = VECTOR('',#16951,1.);
#16951 = DIRECTION('',(-1.,1.144237745222E-17,0.));
#16952 = ORIENTED_EDGE('',*,*,#16953,.T.);
#16953 = EDGE_CURVE('',#16946,#16954,#16956,.T.);
#16954 = VERTEX_POINT('',#16955);
#16955 = CARTESIAN_POINT('',(-1.4,-1.2,0.15));
#16956 = LINE('',#16957,#16958);
#16957 = CARTESIAN_POINT('',(-1.4,-1.2,0.));
#16958 = VECTOR('',#16959,1.);
#16959 = DIRECTION('',(0.,0.,1.));
#16960 = ORIENTED_EDGE('',*,*,#16961,.T.);
#16961 = EDGE_CURVE('',#16954,#16962,#16964,.T.);
#16962 = VERTEX_POINT('',#16963);
#16963 = CARTESIAN_POINT('',(-1.270530792283,-1.2,0.15));
#16964 = LINE('',#16965,#16966);
#16965 = CARTESIAN_POINT('',(-1.4,-1.2,0.15));
#16966 = VECTOR('',#16967,1.);
#16967 = DIRECTION('',(1.,-1.144237745222E-17,0.));
#16968 = ORIENTED_EDGE('',*,*,#16969,.T.);
#16969 = EDGE_CURVE('',#16962,#16970,#16972,.T.);
#16970 = VERTEX_POINT('',#16971);
#16971 = CARTESIAN_POINT('',(-1.172050016982,-1.2,0.232635182233));
#16972 = CIRCLE('',#16973,0.1);
#16973 = AXIS2_PLACEMENT_3D('',#16974,#16975,#16976);
#16974 = CARTESIAN_POINT('',(-1.270530792283,-1.2,0.25));
#16975 = DIRECTION('',(-1.144237745222E-17,-1.,0.));
#16976 = DIRECTION('',(-2.22044604925E-15,2.540718180781E-32,-1.));
#16977 = ORIENTED_EDGE('',*,*,#16978,.T.);
#16978 = EDGE_CURVE('',#16970,#16979,#16981,.T.);
#16979 = VERTEX_POINT('',#16980);
#16980 = CARTESIAN_POINT('',(-1.096201938253,-1.2,0.693412044417));
#16981 = LINE('',#16982,#16983);
#16982 = CARTESIAN_POINT('',(-1.172050016982,-1.2,0.232635182233));
#16983 = VECTOR('',#16984,1.);
#16984 = DIRECTION('',(0.162423314012,-1.858508865964E-18,0.986721169868
    ));
#16985 = ORIENTED_EDGE('',*,*,#16986,.T.);
#16986 = EDGE_CURVE('',#16979,#16987,#16989,.T.);
#16987 = VERTEX_POINT('',#16988);
#16988 = CARTESIAN_POINT('',(-0.85,-1.2,0.9));
#16989 = CIRCLE('',#16990,0.25);
#16990 = AXIS2_PLACEMENT_3D('',#16991,#16992,#16993);
#16991 = CARTESIAN_POINT('',(-0.85,-1.2,0.65));
#16992 = DIRECTION('',(1.144237745222E-17,1.,7.703719777549E-34));
#16993 = DIRECTION('',(-0.984807753012,1.126854202784E-17,0.173648177667
    ));
#16994 = ORIENTED_EDGE('',*,*,#16995,.T.);
#16995 = EDGE_CURVE('',#16987,#16195,#16996,.T.);
#16996 = LINE('',#16997,#16998);
#16997 = CARTESIAN_POINT('',(-0.85,-1.2,0.9));
#16998 = VECTOR('',#16999,1.);
#16999 = DIRECTION('',(1.,-1.144237745222E-17,0.));
#17000 = PLANE('',#17001);
#17001 = AXIS2_PLACEMENT_3D('',#17002,#17003,#17004);
#17002 = CARTESIAN_POINT('',(-1.069123385139,-1.2,0.441695635315));
#17003 = DIRECTION('',(1.144237745222E-17,1.,0.));
#17004 = DIRECTION('',(0.,-0.,1.));
#17005 = ADVANCED_FACE('',(#17006),#17025,.F.);
#17006 = FACE_BOUND('',#17007,.F.);
#17007 = EDGE_LOOP('',(#17008,#17009,#17018,#17024));
#17008 = ORIENTED_EDGE('',*,*,#16233,.T.);
#17009 = ORIENTED_EDGE('',*,*,#17010,.T.);
#17010 = EDGE_CURVE('',#16226,#17011,#17013,.T.);
#17011 = VERTEX_POINT('',#17012);
#17012 = CARTESIAN_POINT('',(-0.948480775301,-0.7,0.667364817767));
#17013 = CIRCLE('',#17014,0.1);
#17014 = AXIS2_PLACEMENT_3D('',#17015,#17016,#17017);
#17015 = CARTESIAN_POINT('',(-0.85,-0.7,0.65));
#17016 = DIRECTION('',(-1.144237745222E-17,-1.,0.));
#17017 = DIRECTION('',(0.,0.,1.));
#17018 = ORIENTED_EDGE('',*,*,#17019,.F.);
#17019 = EDGE_CURVE('',#16920,#17011,#17020,.T.);
#17020 = LINE('',#17021,#17022);
#17021 = CARTESIAN_POINT('',(-0.948480775301,-1.2,0.667364817767));
#17022 = VECTOR('',#17023,1.);
#17023 = DIRECTION('',(1.144237745222E-17,1.,0.));
#17024 = ORIENTED_EDGE('',*,*,#16919,.F.);
#17025 = CYLINDRICAL_SURFACE('',#17026,0.1);
#17026 = AXIS2_PLACEMENT_3D('',#17027,#17028,#17029);
#17027 = CARTESIAN_POINT('',(-0.85,-1.2,0.65));
#17028 = DIRECTION('',(-1.144237745222E-17,-1.,0.));
#17029 = DIRECTION('',(0.,0.,1.));
#17030 = ADVANCED_FACE('',(#17031),#17109,.T.);
#17031 = FACE_BOUND('',#17032,.T.);
#17032 = EDGE_LOOP('',(#17033,#17034,#17035,#17036,#17044,#17053,#17061,
    #17069,#17077,#17086,#17094,#17103));
#17033 = ORIENTED_EDGE('',*,*,#16247,.F.);
#17034 = ORIENTED_EDGE('',*,*,#16225,.T.);
#17035 = ORIENTED_EDGE('',*,*,#17010,.T.);
#17036 = ORIENTED_EDGE('',*,*,#17037,.T.);
#17037 = EDGE_CURVE('',#17011,#17038,#17040,.T.);
#17038 = VERTEX_POINT('',#17039);
#17039 = CARTESIAN_POINT('',(-1.02432885403,-0.7,0.206587955583));
#17040 = LINE('',#17041,#17042);
#17041 = CARTESIAN_POINT('',(-0.948480775301,-0.7,0.667364817767));
#17042 = VECTOR('',#17043,1.);
#17043 = DIRECTION('',(-0.162423314012,1.858508865964E-18,
    -0.986721169868));
#17044 = ORIENTED_EDGE('',*,*,#17045,.T.);
#17045 = EDGE_CURVE('',#17038,#17046,#17048,.T.);
#17046 = VERTEX_POINT('',#17047);
#17047 = CARTESIAN_POINT('',(-1.270530792283,-0.7,0.));
#17048 = CIRCLE('',#17049,0.25);
#17049 = AXIS2_PLACEMENT_3D('',#17050,#17051,#17052);
#17050 = CARTESIAN_POINT('',(-1.270530792283,-0.7,0.25));
#17051 = DIRECTION('',(1.144237745222E-17,1.,1.155557966632E-33));
#17052 = DIRECTION('',(0.984807753012,-1.126854202784E-17,
    -0.173648177667));
#17053 = ORIENTED_EDGE('',*,*,#17054,.T.);
#17054 = EDGE_CURVE('',#17046,#17055,#17057,.T.);
#17055 = VERTEX_POINT('',#17056);
#17056 = CARTESIAN_POINT('',(-1.4,-0.7,0.));
#17057 = LINE('',#17058,#17059);
#17058 = CARTESIAN_POINT('',(-1.270530792283,-0.7,0.));
#17059 = VECTOR('',#17060,1.);
#17060 = DIRECTION('',(-1.,1.144237745222E-17,0.));
#17061 = ORIENTED_EDGE('',*,*,#17062,.T.);
#17062 = EDGE_CURVE('',#17055,#17063,#17065,.T.);
#17063 = VERTEX_POINT('',#17064);
#17064 = CARTESIAN_POINT('',(-1.4,-0.7,0.15));
#17065 = LINE('',#17066,#17067);
#17066 = CARTESIAN_POINT('',(-1.4,-0.7,0.));
#17067 = VECTOR('',#17068,1.);
#17068 = DIRECTION('',(0.,0.,1.));
#17069 = ORIENTED_EDGE('',*,*,#17070,.T.);
#17070 = EDGE_CURVE('',#17063,#17071,#17073,.T.);
#17071 = VERTEX_POINT('',#17072);
#17072 = CARTESIAN_POINT('',(-1.270530792283,-0.7,0.15));
#17073 = LINE('',#17074,#17075);
#17074 = CARTESIAN_POINT('',(-1.4,-0.7,0.15));
#17075 = VECTOR('',#17076,1.);
#17076 = DIRECTION('',(1.,-1.144237745222E-17,0.));
#17077 = ORIENTED_EDGE('',*,*,#17078,.T.);
#17078 = EDGE_CURVE('',#17071,#17079,#17081,.T.);
#17079 = VERTEX_POINT('',#17080);
#17080 = CARTESIAN_POINT('',(-1.172050016982,-0.7,0.232635182233));
#17081 = CIRCLE('',#17082,0.1);
#17082 = AXIS2_PLACEMENT_3D('',#17083,#17084,#17085);
#17083 = CARTESIAN_POINT('',(-1.270530792283,-0.7,0.25));
#17084 = DIRECTION('',(-1.144237745222E-17,-1.,0.));
#17085 = DIRECTION('',(-2.22044604925E-15,2.540718180781E-32,-1.));
#17086 = ORIENTED_EDGE('',*,*,#17087,.T.);
#17087 = EDGE_CURVE('',#17079,#17088,#17090,.T.);
#17088 = VERTEX_POINT('',#17089);
#17089 = CARTESIAN_POINT('',(-1.096201938253,-0.7,0.693412044417));
#17090 = LINE('',#17091,#17092);
#17091 = CARTESIAN_POINT('',(-1.172050016982,-0.7,0.232635182233));
#17092 = VECTOR('',#17093,1.);
#17093 = DIRECTION('',(0.162423314012,-1.858508865964E-18,0.986721169868
    ));
#17094 = ORIENTED_EDGE('',*,*,#17095,.T.);
#17095 = EDGE_CURVE('',#17088,#17096,#17098,.T.);
#17096 = VERTEX_POINT('',#17097);
#17097 = CARTESIAN_POINT('',(-0.85,-0.7,0.9));
#17098 = CIRCLE('',#17099,0.25);
#17099 = AXIS2_PLACEMENT_3D('',#17100,#17101,#17102);
#17100 = CARTESIAN_POINT('',(-0.85,-0.7,0.65));
#17101 = DIRECTION('',(1.144237745222E-17,1.,7.703719777549E-34));
#17102 = DIRECTION('',(-0.984807753012,1.126854202784E-17,0.173648177667
    ));
#17103 = ORIENTED_EDGE('',*,*,#17104,.T.);
#17104 = EDGE_CURVE('',#17096,#16248,#17105,.T.);
#17105 = LINE('',#17106,#17107);
#17106 = CARTESIAN_POINT('',(-0.85,-0.7,0.9));
#17107 = VECTOR('',#17108,1.);
#17108 = DIRECTION('',(1.,-1.144237745222E-17,0.));
#17109 = PLANE('',#17110);
#17110 = AXIS2_PLACEMENT_3D('',#17111,#17112,#17113);
#17111 = CARTESIAN_POINT('',(-1.069123385139,-0.7,0.441695635315));
#17112 = DIRECTION('',(1.144237745222E-17,1.,0.));
#17113 = DIRECTION('',(0.,-0.,1.));
#17114 = ADVANCED_FACE('',(#17115),#17131,.F.);
#17115 = FACE_BOUND('',#17116,.F.);
#17116 = EDGE_LOOP('',(#17117,#17118,#17124,#17125));
#17117 = ORIENTED_EDGE('',*,*,#16264,.T.);
#17118 = ORIENTED_EDGE('',*,*,#17119,.T.);
#17119 = EDGE_CURVE('',#16257,#16655,#17120,.T.);
#17120 = LINE('',#17121,#17122);
#17121 = CARTESIAN_POINT('',(-0.85,-0.25,0.9));
#17122 = VECTOR('',#17123,1.);
#17123 = DIRECTION('',(1.,-1.144237745222E-17,0.));
#17124 = ORIENTED_EDGE('',*,*,#16654,.F.);
#17125 = ORIENTED_EDGE('',*,*,#17126,.F.);
#17126 = EDGE_CURVE('',#16248,#16647,#17127,.T.);
#17127 = LINE('',#17128,#17129);
#17128 = CARTESIAN_POINT('',(-0.85,-0.7,0.9));
#17129 = VECTOR('',#17130,1.);
#17130 = DIRECTION('',(1.,-1.144237745222E-17,0.));
#17131 = PLANE('',#17132);
#17132 = AXIS2_PLACEMENT_3D('',#17133,#17134,#17135);
#17133 = CARTESIAN_POINT('',(-2.091417030376E-16,1.4375,0.9));
#17134 = DIRECTION('',(4.595758349624E-18,6.551522493592E-27,-1.));
#17135 = DIRECTION('',(1.,1.51922136901E-16,4.595758349624E-18));
#17136 = ADVANCED_FACE('',(#17137),#17223,.F.);
#17137 = FACE_BOUND('',#17138,.F.);
#17138 = EDGE_LOOP('',(#17139,#17140,#17141,#17150,#17158,#17167,#17175,
    #17183,#17191,#17200,#17208,#17217));
#17139 = ORIENTED_EDGE('',*,*,#16256,.F.);
#17140 = ORIENTED_EDGE('',*,*,#16278,.T.);
#17141 = ORIENTED_EDGE('',*,*,#17142,.T.);
#17142 = EDGE_CURVE('',#16279,#17143,#17145,.T.);
#17143 = VERTEX_POINT('',#17144);
#17144 = CARTESIAN_POINT('',(-0.948480775301,-0.25,0.667364817767));
#17145 = CIRCLE('',#17146,0.1);
#17146 = AXIS2_PLACEMENT_3D('',#17147,#17148,#17149);
#17147 = CARTESIAN_POINT('',(-0.85,-0.25,0.65));
#17148 = DIRECTION('',(-1.144237745222E-17,-1.,0.));
#17149 = DIRECTION('',(0.,0.,1.));
#17150 = ORIENTED_EDGE('',*,*,#17151,.T.);
#17151 = EDGE_CURVE('',#17143,#17152,#17154,.T.);
#17152 = VERTEX_POINT('',#17153);
#17153 = CARTESIAN_POINT('',(-1.02432885403,-0.25,0.206587955583));
#17154 = LINE('',#17155,#17156);
#17155 = CARTESIAN_POINT('',(-0.948480775301,-0.25,0.667364817767));
#17156 = VECTOR('',#17157,1.);
#17157 = DIRECTION('',(-0.162423314012,1.858508865964E-18,
    -0.986721169868));
#17158 = ORIENTED_EDGE('',*,*,#17159,.T.);
#17159 = EDGE_CURVE('',#17152,#17160,#17162,.T.);
#17160 = VERTEX_POINT('',#17161);
#17161 = CARTESIAN_POINT('',(-1.270530792283,-0.25,0.));
#17162 = CIRCLE('',#17163,0.25);
#17163 = AXIS2_PLACEMENT_3D('',#17164,#17165,#17166);
#17164 = CARTESIAN_POINT('',(-1.270530792283,-0.25,0.25));
#17165 = DIRECTION('',(1.144237745222E-17,1.,1.155557966632E-33));
#17166 = DIRECTION('',(0.984807753012,-1.126854202784E-17,
    -0.173648177667));
#17167 = ORIENTED_EDGE('',*,*,#17168,.T.);
#17168 = EDGE_CURVE('',#17160,#17169,#17171,.T.);
#17169 = VERTEX_POINT('',#17170);
#17170 = CARTESIAN_POINT('',(-1.4,-0.25,0.));
#17171 = LINE('',#17172,#17173);
#17172 = CARTESIAN_POINT('',(-1.270530792283,-0.25,0.));
#17173 = VECTOR('',#17174,1.);
#17174 = DIRECTION('',(-1.,1.144237745222E-17,0.));
#17175 = ORIENTED_EDGE('',*,*,#17176,.T.);
#17176 = EDGE_CURVE('',#17169,#17177,#17179,.T.);
#17177 = VERTEX_POINT('',#17178);
#17178 = CARTESIAN_POINT('',(-1.4,-0.25,0.15));
#17179 = LINE('',#17180,#17181);
#17180 = CARTESIAN_POINT('',(-1.4,-0.25,0.));
#17181 = VECTOR('',#17182,1.);
#17182 = DIRECTION('',(0.,0.,1.));
#17183 = ORIENTED_EDGE('',*,*,#17184,.T.);
#17184 = EDGE_CURVE('',#17177,#17185,#17187,.T.);
#17185 = VERTEX_POINT('',#17186);
#17186 = CARTESIAN_POINT('',(-1.270530792283,-0.25,0.15));
#17187 = LINE('',#17188,#17189);
#17188 = CARTESIAN_POINT('',(-1.4,-0.25,0.15));
#17189 = VECTOR('',#17190,1.);
#17190 = DIRECTION('',(1.,-1.144237745222E-17,0.));
#17191 = ORIENTED_EDGE('',*,*,#17192,.T.);
#17192 = EDGE_CURVE('',#17185,#17193,#17195,.T.);
#17193 = VERTEX_POINT('',#17194);
#17194 = CARTESIAN_POINT('',(-1.172050016982,-0.25,0.232635182233));
#17195 = CIRCLE('',#17196,0.1);
#17196 = AXIS2_PLACEMENT_3D('',#17197,#17198,#17199);
#17197 = CARTESIAN_POINT('',(-1.270530792283,-0.25,0.25));
#17198 = DIRECTION('',(-1.144237745222E-17,-1.,0.));
#17199 = DIRECTION('',(-2.22044604925E-15,2.540718180781E-32,-1.));
#17200 = ORIENTED_EDGE('',*,*,#17201,.T.);
#17201 = EDGE_CURVE('',#17193,#17202,#17204,.T.);
#17202 = VERTEX_POINT('',#17203);
#17203 = CARTESIAN_POINT('',(-1.096201938253,-0.25,0.693412044417));
#17204 = LINE('',#17205,#17206);
#17205 = CARTESIAN_POINT('',(-1.172050016982,-0.25,0.232635182233));
#17206 = VECTOR('',#17207,1.);
#17207 = DIRECTION('',(0.162423314012,-1.858508865964E-18,0.986721169868
    ));
#17208 = ORIENTED_EDGE('',*,*,#17209,.T.);
#17209 = EDGE_CURVE('',#17202,#17210,#17212,.T.);
#17210 = VERTEX_POINT('',#17211);
#17211 = CARTESIAN_POINT('',(-0.85,-0.25,0.9));
#17212 = CIRCLE('',#17213,0.25);
#17213 = AXIS2_PLACEMENT_3D('',#17214,#17215,#17216);
#17214 = CARTESIAN_POINT('',(-0.85,-0.25,0.65));
#17215 = DIRECTION('',(1.144237745222E-17,1.,7.703719777549E-34));
#17216 = DIRECTION('',(-0.984807753012,1.126854202784E-17,0.173648177667
    ));
#17217 = ORIENTED_EDGE('',*,*,#17218,.T.);
#17218 = EDGE_CURVE('',#17210,#16257,#17219,.T.);
#17219 = LINE('',#17220,#17221);
#17220 = CARTESIAN_POINT('',(-0.85,-0.25,0.9));
#17221 = VECTOR('',#17222,1.);
#17222 = DIRECTION('',(1.,-1.144237745222E-17,0.));
#17223 = PLANE('',#17224);
#17224 = AXIS2_PLACEMENT_3D('',#17225,#17226,#17227);
#17225 = CARTESIAN_POINT('',(-1.069123385139,-0.25,0.441695635315));
#17226 = DIRECTION('',(1.144237745222E-17,1.,0.));
#17227 = DIRECTION('',(0.,-0.,1.));
#17228 = ADVANCED_FACE('',(#17229),#17248,.F.);
#17229 = FACE_BOUND('',#17230,.F.);
#17230 = EDGE_LOOP('',(#17231,#17232,#17241,#17247));
#17231 = ORIENTED_EDGE('',*,*,#16295,.T.);
#17232 = ORIENTED_EDGE('',*,*,#17233,.T.);
#17233 = EDGE_CURVE('',#16288,#17234,#17236,.T.);
#17234 = VERTEX_POINT('',#17235);
#17235 = CARTESIAN_POINT('',(-0.948480775301,0.25,0.667364817767));
#17236 = CIRCLE('',#17237,0.1);
#17237 = AXIS2_PLACEMENT_3D('',#17238,#17239,#17240);
#17238 = CARTESIAN_POINT('',(-0.85,0.25,0.65));
#17239 = DIRECTION('',(-1.144237745222E-17,-1.,0.));
#17240 = DIRECTION('',(0.,0.,1.));
#17241 = ORIENTED_EDGE('',*,*,#17242,.F.);
#17242 = EDGE_CURVE('',#17143,#17234,#17243,.T.);
#17243 = LINE('',#17244,#17245);
#17244 = CARTESIAN_POINT('',(-0.948480775301,-0.25,0.667364817767));
#17245 = VECTOR('',#17246,1.);
#17246 = DIRECTION('',(1.144237745222E-17,1.,0.));
#17247 = ORIENTED_EDGE('',*,*,#17142,.F.);
#17248 = CYLINDRICAL_SURFACE('',#17249,0.1);
#17249 = AXIS2_PLACEMENT_3D('',#17250,#17251,#17252);
#17250 = CARTESIAN_POINT('',(-0.85,-0.25,0.65));
#17251 = DIRECTION('',(-1.144237745222E-17,-1.,0.));
#17252 = DIRECTION('',(0.,0.,1.));
#17253 = ADVANCED_FACE('',(#17254),#17332,.T.);
#17254 = FACE_BOUND('',#17255,.T.);
#17255 = EDGE_LOOP('',(#17256,#17257,#17258,#17259,#17267,#17276,#17284,
    #17292,#17300,#17309,#17317,#17326));
#17256 = ORIENTED_EDGE('',*,*,#16309,.F.);
#17257 = ORIENTED_EDGE('',*,*,#16287,.T.);
#17258 = ORIENTED_EDGE('',*,*,#17233,.T.);
#17259 = ORIENTED_EDGE('',*,*,#17260,.T.);
#17260 = EDGE_CURVE('',#17234,#17261,#17263,.T.);
#17261 = VERTEX_POINT('',#17262);
#17262 = CARTESIAN_POINT('',(-1.02432885403,0.25,0.206587955583));
#17263 = LINE('',#17264,#17265);
#17264 = CARTESIAN_POINT('',(-0.948480775301,0.25,0.667364817767));
#17265 = VECTOR('',#17266,1.);
#17266 = DIRECTION('',(-0.162423314012,1.858508865964E-18,
    -0.986721169868));
#17267 = ORIENTED_EDGE('',*,*,#17268,.T.);
#17268 = EDGE_CURVE('',#17261,#17269,#17271,.T.);
#17269 = VERTEX_POINT('',#17270);
#17270 = CARTESIAN_POINT('',(-1.270530792283,0.25,0.));
#17271 = CIRCLE('',#17272,0.25);
#17272 = AXIS2_PLACEMENT_3D('',#17273,#17274,#17275);
#17273 = CARTESIAN_POINT('',(-1.270530792283,0.25,0.25));
#17274 = DIRECTION('',(1.144237745222E-17,1.,1.155557966632E-33));
#17275 = DIRECTION('',(0.984807753012,-1.126854202784E-17,
    -0.173648177667));
#17276 = ORIENTED_EDGE('',*,*,#17277,.T.);
#17277 = EDGE_CURVE('',#17269,#17278,#17280,.T.);
#17278 = VERTEX_POINT('',#17279);
#17279 = CARTESIAN_POINT('',(-1.4,0.25,0.));
#17280 = LINE('',#17281,#17282);
#17281 = CARTESIAN_POINT('',(-1.270530792283,0.25,0.));
#17282 = VECTOR('',#17283,1.);
#17283 = DIRECTION('',(-1.,1.144237745222E-17,0.));
#17284 = ORIENTED_EDGE('',*,*,#17285,.T.);
#17285 = EDGE_CURVE('',#17278,#17286,#17288,.T.);
#17286 = VERTEX_POINT('',#17287);
#17287 = CARTESIAN_POINT('',(-1.4,0.25,0.15));
#17288 = LINE('',#17289,#17290);
#17289 = CARTESIAN_POINT('',(-1.4,0.25,0.));
#17290 = VECTOR('',#17291,1.);
#17291 = DIRECTION('',(0.,0.,1.));
#17292 = ORIENTED_EDGE('',*,*,#17293,.T.);
#17293 = EDGE_CURVE('',#17286,#17294,#17296,.T.);
#17294 = VERTEX_POINT('',#17295);
#17295 = CARTESIAN_POINT('',(-1.270530792283,0.25,0.15));
#17296 = LINE('',#17297,#17298);
#17297 = CARTESIAN_POINT('',(-1.4,0.25,0.15));
#17298 = VECTOR('',#17299,1.);
#17299 = DIRECTION('',(1.,-1.144237745222E-17,0.));
#17300 = ORIENTED_EDGE('',*,*,#17301,.T.);
#17301 = EDGE_CURVE('',#17294,#17302,#17304,.T.);
#17302 = VERTEX_POINT('',#17303);
#17303 = CARTESIAN_POINT('',(-1.172050016982,0.25,0.232635182233));
#17304 = CIRCLE('',#17305,0.1);
#17305 = AXIS2_PLACEMENT_3D('',#17306,#17307,#17308);
#17306 = CARTESIAN_POINT('',(-1.270530792283,0.25,0.25));
#17307 = DIRECTION('',(-1.144237745222E-17,-1.,0.));
#17308 = DIRECTION('',(-2.22044604925E-15,2.540718180781E-32,-1.));
#17309 = ORIENTED_EDGE('',*,*,#17310,.T.);
#17310 = EDGE_CURVE('',#17302,#17311,#17313,.T.);
#17311 = VERTEX_POINT('',#17312);
#17312 = CARTESIAN_POINT('',(-1.096201938253,0.25,0.693412044417));
#17313 = LINE('',#17314,#17315);
#17314 = CARTESIAN_POINT('',(-1.172050016982,0.25,0.232635182233));
#17315 = VECTOR('',#17316,1.);
#17316 = DIRECTION('',(0.162423314012,-1.858508865964E-18,0.986721169868
    ));
#17317 = ORIENTED_EDGE('',*,*,#17318,.T.);
#17318 = EDGE_CURVE('',#17311,#17319,#17321,.T.);
#17319 = VERTEX_POINT('',#17320);
#17320 = CARTESIAN_POINT('',(-0.85,0.25,0.9));
#17321 = CIRCLE('',#17322,0.25);
#17322 = AXIS2_PLACEMENT_3D('',#17323,#17324,#17325);
#17323 = CARTESIAN_POINT('',(-0.85,0.25,0.65));
#17324 = DIRECTION('',(1.144237745222E-17,1.,7.703719777549E-34));
#17325 = DIRECTION('',(-0.984807753012,1.126854202784E-17,0.173648177667
    ));
#17326 = ORIENTED_EDGE('',*,*,#17327,.T.);
#17327 = EDGE_CURVE('',#17319,#16310,#17328,.T.);
#17328 = LINE('',#17329,#17330);
#17329 = CARTESIAN_POINT('',(-0.85,0.25,0.9));
#17330 = VECTOR('',#17331,1.);
#17331 = DIRECTION('',(1.,-1.144237745222E-17,0.));
#17332 = PLANE('',#17333);
#17333 = AXIS2_PLACEMENT_3D('',#17334,#17335,#17336);
#17334 = CARTESIAN_POINT('',(-1.069123385139,0.25,0.441695635315));
#17335 = DIRECTION('',(1.144237745222E-17,1.,0.));
#17336 = DIRECTION('',(0.,-0.,1.));
#17337 = ADVANCED_FACE('',(#17338),#17349,.F.);
#17338 = FACE_BOUND('',#17339,.F.);
#17339 = EDGE_LOOP('',(#17340,#17341,#17342,#17343));
#17340 = ORIENTED_EDGE('',*,*,#16326,.T.);
#17341 = ORIENTED_EDGE('',*,*,#16622,.T.);
#17342 = ORIENTED_EDGE('',*,*,#16670,.F.);
#17343 = ORIENTED_EDGE('',*,*,#17344,.F.);
#17344 = EDGE_CURVE('',#16310,#16663,#17345,.T.);
#17345 = LINE('',#17346,#17347);
#17346 = CARTESIAN_POINT('',(-0.85,0.25,0.9));
#17347 = VECTOR('',#17348,1.);
#17348 = DIRECTION('',(1.,-1.144237745222E-17,0.));
#17349 = PLANE('',#17350);
#17350 = AXIS2_PLACEMENT_3D('',#17351,#17352,#17353);
#17351 = CARTESIAN_POINT('',(-2.091417030376E-16,1.4375,0.9));
#17352 = DIRECTION('',(4.595758349624E-18,6.551522493592E-27,-1.));
#17353 = DIRECTION('',(1.,1.51922136901E-16,4.595758349624E-18));
#17354 = ADVANCED_FACE('',(#17355),#17434,.F.);
#17355 = FACE_BOUND('',#17356,.F.);
#17356 = EDGE_LOOP('',(#17357,#17358,#17359,#17368,#17376,#17385,#17393,
    #17401,#17409,#17418,#17426,#17433));
#17357 = ORIENTED_EDGE('',*,*,#16318,.F.);
#17358 = ORIENTED_EDGE('',*,*,#16340,.T.);
#17359 = ORIENTED_EDGE('',*,*,#17360,.T.);
#17360 = EDGE_CURVE('',#16341,#17361,#17363,.T.);
#17361 = VERTEX_POINT('',#17362);
#17362 = CARTESIAN_POINT('',(-0.948480775301,0.7,0.667364817767));
#17363 = CIRCLE('',#17364,0.1);
#17364 = AXIS2_PLACEMENT_3D('',#17365,#17366,#17367);
#17365 = CARTESIAN_POINT('',(-0.85,0.7,0.65));
#17366 = DIRECTION('',(-1.144237745222E-17,-1.,0.));
#17367 = DIRECTION('',(0.,0.,1.));
#17368 = ORIENTED_EDGE('',*,*,#17369,.T.);
#17369 = EDGE_CURVE('',#17361,#17370,#17372,.T.);
#17370 = VERTEX_POINT('',#17371);
#17371 = CARTESIAN_POINT('',(-1.02432885403,0.7,0.206587955583));
#17372 = LINE('',#17373,#17374);
#17373 = CARTESIAN_POINT('',(-0.948480775301,0.7,0.667364817767));
#17374 = VECTOR('',#17375,1.);
#17375 = DIRECTION('',(-0.162423314012,1.858508865964E-18,
    -0.986721169868));
#17376 = ORIENTED_EDGE('',*,*,#17377,.T.);
#17377 = EDGE_CURVE('',#17370,#17378,#17380,.T.);
#17378 = VERTEX_POINT('',#17379);
#17379 = CARTESIAN_POINT('',(-1.270530792283,0.7,0.));
#17380 = CIRCLE('',#17381,0.25);
#17381 = AXIS2_PLACEMENT_3D('',#17382,#17383,#17384);
#17382 = CARTESIAN_POINT('',(-1.270530792283,0.7,0.25));
#17383 = DIRECTION('',(1.144237745222E-17,1.,1.155557966632E-33));
#17384 = DIRECTION('',(0.984807753012,-1.126854202784E-17,
    -0.173648177667));
#17385 = ORIENTED_EDGE('',*,*,#17386,.T.);
#17386 = EDGE_CURVE('',#17378,#17387,#17389,.T.);
#17387 = VERTEX_POINT('',#17388);
#17388 = CARTESIAN_POINT('',(-1.4,0.7,0.));
#17389 = LINE('',#17390,#17391);
#17390 = CARTESIAN_POINT('',(-1.270530792283,0.7,0.));
#17391 = VECTOR('',#17392,1.);
#17392 = DIRECTION('',(-1.,1.144237745222E-17,0.));
#17393 = ORIENTED_EDGE('',*,*,#17394,.T.);
#17394 = EDGE_CURVE('',#17387,#17395,#17397,.T.);
#17395 = VERTEX_POINT('',#17396);
#17396 = CARTESIAN_POINT('',(-1.4,0.7,0.15));
#17397 = LINE('',#17398,#17399);
#17398 = CARTESIAN_POINT('',(-1.4,0.7,0.));
#17399 = VECTOR('',#17400,1.);
#17400 = DIRECTION('',(0.,0.,1.));
#17401 = ORIENTED_EDGE('',*,*,#17402,.T.);
#17402 = EDGE_CURVE('',#17395,#17403,#17405,.T.);
#17403 = VERTEX_POINT('',#17404);
#17404 = CARTESIAN_POINT('',(-1.270530792283,0.7,0.15));
#17405 = LINE('',#17406,#17407);
#17406 = CARTESIAN_POINT('',(-1.4,0.7,0.15));
#17407 = VECTOR('',#17408,1.);
#17408 = DIRECTION('',(1.,-1.144237745222E-17,0.));
#17409 = ORIENTED_EDGE('',*,*,#17410,.T.);
#17410 = EDGE_CURVE('',#17403,#17411,#17413,.T.);
#17411 = VERTEX_POINT('',#17412);
#17412 = CARTESIAN_POINT('',(-1.172050016982,0.7,0.232635182233));
#17413 = CIRCLE('',#17414,0.1);
#17414 = AXIS2_PLACEMENT_3D('',#17415,#17416,#17417);
#17415 = CARTESIAN_POINT('',(-1.270530792283,0.7,0.25));
#17416 = DIRECTION('',(-1.144237745222E-17,-1.,0.));
#17417 = DIRECTION('',(-2.22044604925E-15,2.540718180781E-32,-1.));
#17418 = ORIENTED_EDGE('',*,*,#17419,.T.);
#17419 = EDGE_CURVE('',#17411,#17420,#17422,.T.);
#17420 = VERTEX_POINT('',#17421);
#17421 = CARTESIAN_POINT('',(-1.096201938253,0.7,0.693412044417));
#17422 = LINE('',#17423,#17424);
#17423 = CARTESIAN_POINT('',(-1.172050016982,0.7,0.232635182233));
#17424 = VECTOR('',#17425,1.);
#17425 = DIRECTION('',(0.162423314012,-1.858508865964E-18,0.986721169868
    ));
#17426 = ORIENTED_EDGE('',*,*,#17427,.T.);
#17427 = EDGE_CURVE('',#17420,#16592,#17428,.T.);
#17428 = CIRCLE('',#17429,0.25);
#17429 = AXIS2_PLACEMENT_3D('',#17430,#17431,#17432);
#17430 = CARTESIAN_POINT('',(-0.85,0.7,0.65));
#17431 = DIRECTION('',(1.144237745222E-17,1.,7.703719777549E-34));
#17432 = DIRECTION('',(-0.984807753012,1.126854202784E-17,0.173648177667
    ));
#17433 = ORIENTED_EDGE('',*,*,#16591,.T.);
#17434 = PLANE('',#17435);
#17435 = AXIS2_PLACEMENT_3D('',#17436,#17437,#17438);
#17436 = CARTESIAN_POINT('',(-1.069123385139,0.7,0.441695635315));
#17437 = DIRECTION('',(1.144237745222E-17,1.,0.));
#17438 = DIRECTION('',(0.,-0.,1.));
#17439 = ADVANCED_FACE('',(#17440),#17459,.F.);
#17440 = FACE_BOUND('',#17441,.F.);
#17441 = EDGE_LOOP('',(#17442,#17443,#17452,#17458));
#17442 = ORIENTED_EDGE('',*,*,#16357,.T.);
#17443 = ORIENTED_EDGE('',*,*,#17444,.T.);
#17444 = EDGE_CURVE('',#16350,#17445,#17447,.T.);
#17445 = VERTEX_POINT('',#17446);
#17446 = CARTESIAN_POINT('',(-0.948480775301,1.2,0.667364817767));
#17447 = CIRCLE('',#17448,0.1);
#17448 = AXIS2_PLACEMENT_3D('',#17449,#17450,#17451);
#17449 = CARTESIAN_POINT('',(-0.85,1.2,0.65));
#17450 = DIRECTION('',(-1.144237745222E-17,-1.,0.));
#17451 = DIRECTION('',(0.,0.,1.));
#17452 = ORIENTED_EDGE('',*,*,#17453,.F.);
#17453 = EDGE_CURVE('',#17361,#17445,#17454,.T.);
#17454 = LINE('',#17455,#17456);
#17455 = CARTESIAN_POINT('',(-0.948480775301,0.7,0.667364817767));
#17456 = VECTOR('',#17457,1.);
#17457 = DIRECTION('',(1.144237745222E-17,1.,0.));
#17458 = ORIENTED_EDGE('',*,*,#17360,.F.);
#17459 = CYLINDRICAL_SURFACE('',#17460,0.1);
#17460 = AXIS2_PLACEMENT_3D('',#17461,#17462,#17463);
#17461 = CARTESIAN_POINT('',(-0.85,0.7,0.65));
#17462 = DIRECTION('',(-1.144237745222E-17,-1.,0.));
#17463 = DIRECTION('',(0.,0.,1.));
#17464 = ADVANCED_FACE('',(#17465),#17536,.T.);
#17465 = FACE_BOUND('',#17466,.T.);
#17466 = EDGE_LOOP('',(#17467,#17468,#17469,#17470,#17478,#17487,#17495,
    #17503,#17511,#17520,#17528,#17535));
#17467 = ORIENTED_EDGE('',*,*,#16371,.F.);
#17468 = ORIENTED_EDGE('',*,*,#16349,.T.);
#17469 = ORIENTED_EDGE('',*,*,#17444,.T.);
#17470 = ORIENTED_EDGE('',*,*,#17471,.T.);
#17471 = EDGE_CURVE('',#17445,#17472,#17474,.T.);
#17472 = VERTEX_POINT('',#17473);
#17473 = CARTESIAN_POINT('',(-1.02432885403,1.2,0.206587955583));
#17474 = LINE('',#17475,#17476);
#17475 = CARTESIAN_POINT('',(-0.948480775301,1.2,0.667364817767));
#17476 = VECTOR('',#17477,1.);
#17477 = DIRECTION('',(-0.162423314012,1.858508865964E-18,
    -0.986721169868));
#17478 = ORIENTED_EDGE('',*,*,#17479,.T.);
#17479 = EDGE_CURVE('',#17472,#17480,#17482,.T.);
#17480 = VERTEX_POINT('',#17481);
#17481 = CARTESIAN_POINT('',(-1.270530792283,1.2,0.));
#17482 = CIRCLE('',#17483,0.25);
#17483 = AXIS2_PLACEMENT_3D('',#17484,#17485,#17486);
#17484 = CARTESIAN_POINT('',(-1.270530792283,1.2,0.25));
#17485 = DIRECTION('',(1.144237745222E-17,1.,1.155557966632E-33));
#17486 = DIRECTION('',(0.984807753012,-1.126854202784E-17,
    -0.173648177667));
#17487 = ORIENTED_EDGE('',*,*,#17488,.T.);
#17488 = EDGE_CURVE('',#17480,#17489,#17491,.T.);
#17489 = VERTEX_POINT('',#17490);
#17490 = CARTESIAN_POINT('',(-1.4,1.2,0.));
#17491 = LINE('',#17492,#17493);
#17492 = CARTESIAN_POINT('',(-1.270530792283,1.2,0.));
#17493 = VECTOR('',#17494,1.);
#17494 = DIRECTION('',(-1.,1.144237745222E-17,0.));
#17495 = ORIENTED_EDGE('',*,*,#17496,.T.);
#17496 = EDGE_CURVE('',#17489,#17497,#17499,.T.);
#17497 = VERTEX_POINT('',#17498);
#17498 = CARTESIAN_POINT('',(-1.4,1.2,0.15));
#17499 = LINE('',#17500,#17501);
#17500 = CARTESIAN_POINT('',(-1.4,1.2,0.));
#17501 = VECTOR('',#17502,1.);
#17502 = DIRECTION('',(0.,0.,1.));
#17503 = ORIENTED_EDGE('',*,*,#17504,.T.);
#17504 = EDGE_CURVE('',#17497,#17505,#17507,.T.);
#17505 = VERTEX_POINT('',#17506);
#17506 = CARTESIAN_POINT('',(-1.270530792283,1.2,0.15));
#17507 = LINE('',#17508,#17509);
#17508 = CARTESIAN_POINT('',(-1.4,1.2,0.15));
#17509 = VECTOR('',#17510,1.);
#17510 = DIRECTION('',(1.,-1.144237745222E-17,0.));
#17511 = ORIENTED_EDGE('',*,*,#17512,.T.);
#17512 = EDGE_CURVE('',#17505,#17513,#17515,.T.);
#17513 = VERTEX_POINT('',#17514);
#17514 = CARTESIAN_POINT('',(-1.172050016982,1.2,0.232635182233));
#17515 = CIRCLE('',#17516,0.1);
#17516 = AXIS2_PLACEMENT_3D('',#17517,#17518,#17519);
#17517 = CARTESIAN_POINT('',(-1.270530792283,1.2,0.25));
#17518 = DIRECTION('',(-1.144237745222E-17,-1.,0.));
#17519 = DIRECTION('',(-2.22044604925E-15,2.540718180781E-32,-1.));
#17520 = ORIENTED_EDGE('',*,*,#17521,.T.);
#17521 = EDGE_CURVE('',#17513,#17522,#17524,.T.);
#17522 = VERTEX_POINT('',#17523);
#17523 = CARTESIAN_POINT('',(-1.096201938253,1.2,0.693412044417));
#17524 = LINE('',#17525,#17526);
#17525 = CARTESIAN_POINT('',(-1.172050016982,1.2,0.232635182233));
#17526 = VECTOR('',#17527,1.);
#17527 = DIRECTION('',(0.162423314012,-1.858508865964E-18,0.986721169868
    ));
#17528 = ORIENTED_EDGE('',*,*,#17529,.T.);
#17529 = EDGE_CURVE('',#17522,#16600,#17530,.T.);
#17530 = CIRCLE('',#17531,0.25);
#17531 = AXIS2_PLACEMENT_3D('',#17532,#17533,#17534);
#17532 = CARTESIAN_POINT('',(-0.85,1.2,0.65));
#17533 = DIRECTION('',(1.144237745222E-17,1.,7.703719777549E-34));
#17534 = DIRECTION('',(-0.984807753012,1.126854202784E-17,0.173648177667
    ));
#17535 = ORIENTED_EDGE('',*,*,#16607,.T.);
#17536 = PLANE('',#17537);
#17537 = AXIS2_PLACEMENT_3D('',#17538,#17539,#17540);
#17538 = CARTESIAN_POINT('',(-1.069123385139,1.2,0.441695635315));
#17539 = DIRECTION('',(1.144237745222E-17,1.,0.));
#17540 = DIRECTION('',(0.,-0.,1.));
#17541 = ADVANCED_FACE('',(#17542),#17621,.F.);
#17542 = FACE_BOUND('',#17543,.F.);
#17543 = EDGE_LOOP('',(#17544,#17545,#17546,#17555,#17563,#17572,#17580,
    #17588,#17596,#17605,#17613,#17620));
#17544 = ORIENTED_EDGE('',*,*,#16390,.F.);
#17545 = ORIENTED_EDGE('',*,*,#16405,.T.);
#17546 = ORIENTED_EDGE('',*,*,#17547,.T.);
#17547 = EDGE_CURVE('',#16406,#17548,#17550,.T.);
#17548 = VERTEX_POINT('',#17549);
#17549 = CARTESIAN_POINT('',(0.948480775301,1.2,0.667364817767));
#17550 = CIRCLE('',#17551,0.1);
#17551 = AXIS2_PLACEMENT_3D('',#17552,#17553,#17554);
#17552 = CARTESIAN_POINT('',(0.85,1.2,0.65));
#17553 = DIRECTION('',(-1.110223024625E-16,1.,0.));
#17554 = DIRECTION('',(0.,0.,1.));
#17555 = ORIENTED_EDGE('',*,*,#17556,.T.);
#17556 = EDGE_CURVE('',#17548,#17557,#17559,.T.);
#17557 = VERTEX_POINT('',#17558);
#17558 = CARTESIAN_POINT('',(1.02432885403,1.2,0.206587955583));
#17559 = LINE('',#17560,#17561);
#17560 = CARTESIAN_POINT('',(0.948480775301,1.2,0.667364817767));
#17561 = VECTOR('',#17562,1.);
#17562 = DIRECTION('',(0.162423314012,1.803261029519E-17,-0.986721169868
    ));
#17563 = ORIENTED_EDGE('',*,*,#17564,.T.);
#17564 = EDGE_CURVE('',#17557,#17565,#17567,.T.);
#17565 = VERTEX_POINT('',#17566);
#17566 = CARTESIAN_POINT('',(1.270530792283,1.2,0.));
#17567 = CIRCLE('',#17568,0.25);
#17568 = AXIS2_PLACEMENT_3D('',#17569,#17570,#17571);
#17569 = CARTESIAN_POINT('',(1.270530792283,1.2,0.25));
#17570 = DIRECTION('',(1.110223024625E-16,-1.,0.));
#17571 = DIRECTION('',(-0.984807753012,-1.093356242223E-16,
    -0.173648177667));
#17572 = ORIENTED_EDGE('',*,*,#17573,.T.);
#17573 = EDGE_CURVE('',#17565,#17574,#17576,.T.);
#17574 = VERTEX_POINT('',#17575);
#17575 = CARTESIAN_POINT('',(1.4,1.2,0.));
#17576 = LINE('',#17577,#17578);
#17577 = CARTESIAN_POINT('',(1.270530792283,1.2,0.));
#17578 = VECTOR('',#17579,1.);
#17579 = DIRECTION('',(1.,1.110223024625E-16,0.));
#17580 = ORIENTED_EDGE('',*,*,#17581,.T.);
#17581 = EDGE_CURVE('',#17574,#17582,#17584,.T.);
#17582 = VERTEX_POINT('',#17583);
#17583 = CARTESIAN_POINT('',(1.4,1.2,0.15));
#17584 = LINE('',#17585,#17586);
#17585 = CARTESIAN_POINT('',(1.4,1.2,0.));
#17586 = VECTOR('',#17587,1.);
#17587 = DIRECTION('',(0.,0.,1.));
#17588 = ORIENTED_EDGE('',*,*,#17589,.T.);
#17589 = EDGE_CURVE('',#17582,#17590,#17592,.T.);
#17590 = VERTEX_POINT('',#17591);
#17591 = CARTESIAN_POINT('',(1.270530792283,1.2,0.15));
#17592 = LINE('',#17593,#17594);
#17593 = CARTESIAN_POINT('',(1.4,1.2,0.15));
#17594 = VECTOR('',#17595,1.);
#17595 = DIRECTION('',(-1.,-1.110223024625E-16,0.));
#17596 = ORIENTED_EDGE('',*,*,#17597,.T.);
#17597 = EDGE_CURVE('',#17590,#17598,#17600,.T.);
#17598 = VERTEX_POINT('',#17599);
#17599 = CARTESIAN_POINT('',(1.172050016982,1.2,0.232635182233));
#17600 = CIRCLE('',#17601,0.1);
#17601 = AXIS2_PLACEMENT_3D('',#17602,#17603,#17604);
#17602 = CARTESIAN_POINT('',(1.270530792283,1.2,0.25));
#17603 = DIRECTION('',(-1.110223024625E-16,1.,0.));
#17604 = DIRECTION('',(2.22044604925E-15,2.465190328815E-31,-1.));
#17605 = ORIENTED_EDGE('',*,*,#17606,.T.);
#17606 = EDGE_CURVE('',#17598,#17607,#17609,.T.);
#17607 = VERTEX_POINT('',#17608);
#17608 = CARTESIAN_POINT('',(1.096201938253,1.2,0.693412044417));
#17609 = LINE('',#17610,#17611);
#17610 = CARTESIAN_POINT('',(1.172050016982,1.2,0.232635182233));
#17611 = VECTOR('',#17612,1.);
#17612 = DIRECTION('',(-0.162423314012,-1.803261029519E-17,
    0.986721169868));
#17613 = ORIENTED_EDGE('',*,*,#17614,.T.);
#17614 = EDGE_CURVE('',#17607,#16831,#17615,.T.);
#17615 = CIRCLE('',#17616,0.25);
#17616 = AXIS2_PLACEMENT_3D('',#17617,#17618,#17619);
#17617 = CARTESIAN_POINT('',(0.85,1.2,0.65));
#17618 = DIRECTION('',(1.110223024625E-16,-1.,0.));
#17619 = DIRECTION('',(0.984807753012,1.093356242223E-16,0.173648177667)
  );
#17620 = ORIENTED_EDGE('',*,*,#16830,.T.);
#17621 = PLANE('',#17622);
#17622 = AXIS2_PLACEMENT_3D('',#17623,#17624,#17625);
#17623 = CARTESIAN_POINT('',(1.069123385139,1.2,0.441695635315));
#17624 = DIRECTION('',(1.110223024625E-16,-1.,0.));
#17625 = DIRECTION('',(0.,0.,1.));
#17626 = ADVANCED_FACE('',(#17627),#17646,.F.);
#17627 = FACE_BOUND('',#17628,.F.);
#17628 = EDGE_LOOP('',(#17629,#17630,#17639,#17645));
#17629 = ORIENTED_EDGE('',*,*,#16422,.T.);
#17630 = ORIENTED_EDGE('',*,*,#17631,.T.);
#17631 = EDGE_CURVE('',#16415,#17632,#17634,.T.);
#17632 = VERTEX_POINT('',#17633);
#17633 = CARTESIAN_POINT('',(0.948480775301,0.7,0.667364817767));
#17634 = CIRCLE('',#17635,0.1);
#17635 = AXIS2_PLACEMENT_3D('',#17636,#17637,#17638);
#17636 = CARTESIAN_POINT('',(0.85,0.7,0.65));
#17637 = DIRECTION('',(-1.110223024625E-16,1.,0.));
#17638 = DIRECTION('',(0.,0.,1.));
#17639 = ORIENTED_EDGE('',*,*,#17640,.F.);
#17640 = EDGE_CURVE('',#17548,#17632,#17641,.T.);
#17641 = LINE('',#17642,#17643);
#17642 = CARTESIAN_POINT('',(0.948480775301,1.2,0.667364817767));
#17643 = VECTOR('',#17644,1.);
#17644 = DIRECTION('',(1.110223024625E-16,-1.,0.));
#17645 = ORIENTED_EDGE('',*,*,#17547,.F.);
#17646 = CYLINDRICAL_SURFACE('',#17647,0.1);
#17647 = AXIS2_PLACEMENT_3D('',#17648,#17649,#17650);
#17648 = CARTESIAN_POINT('',(0.85,1.2,0.65));
#17649 = DIRECTION('',(-1.110223024625E-16,1.,0.));
#17650 = DIRECTION('',(0.,0.,1.));
#17651 = ADVANCED_FACE('',(#17652),#17723,.T.);
#17652 = FACE_BOUND('',#17653,.T.);
#17653 = EDGE_LOOP('',(#17654,#17655,#17656,#17657,#17665,#17674,#17682,
    #17690,#17698,#17707,#17715,#17722));
#17654 = ORIENTED_EDGE('',*,*,#16436,.F.);
#17655 = ORIENTED_EDGE('',*,*,#16414,.T.);
#17656 = ORIENTED_EDGE('',*,*,#17631,.T.);
#17657 = ORIENTED_EDGE('',*,*,#17658,.T.);
#17658 = EDGE_CURVE('',#17632,#17659,#17661,.T.);
#17659 = VERTEX_POINT('',#17660);
#17660 = CARTESIAN_POINT('',(1.02432885403,0.7,0.206587955583));
#17661 = LINE('',#17662,#17663);
#17662 = CARTESIAN_POINT('',(0.948480775301,0.7,0.667364817767));
#17663 = VECTOR('',#17664,1.);
#17664 = DIRECTION('',(0.162423314012,1.803261029519E-17,-0.986721169868
    ));
#17665 = ORIENTED_EDGE('',*,*,#17666,.T.);
#17666 = EDGE_CURVE('',#17659,#17667,#17669,.T.);
#17667 = VERTEX_POINT('',#17668);
#17668 = CARTESIAN_POINT('',(1.270530792283,0.7,0.));
#17669 = CIRCLE('',#17670,0.25);
#17670 = AXIS2_PLACEMENT_3D('',#17671,#17672,#17673);
#17671 = CARTESIAN_POINT('',(1.270530792283,0.7,0.25));
#17672 = DIRECTION('',(1.110223024625E-16,-1.,0.));
#17673 = DIRECTION('',(-0.984807753012,-1.093356242223E-16,
    -0.173648177667));
#17674 = ORIENTED_EDGE('',*,*,#17675,.T.);
#17675 = EDGE_CURVE('',#17667,#17676,#17678,.T.);
#17676 = VERTEX_POINT('',#17677);
#17677 = CARTESIAN_POINT('',(1.4,0.7,0.));
#17678 = LINE('',#17679,#17680);
#17679 = CARTESIAN_POINT('',(1.270530792283,0.7,0.));
#17680 = VECTOR('',#17681,1.);
#17681 = DIRECTION('',(1.,1.110223024625E-16,0.));
#17682 = ORIENTED_EDGE('',*,*,#17683,.T.);
#17683 = EDGE_CURVE('',#17676,#17684,#17686,.T.);
#17684 = VERTEX_POINT('',#17685);
#17685 = CARTESIAN_POINT('',(1.4,0.7,0.15));
#17686 = LINE('',#17687,#17688);
#17687 = CARTESIAN_POINT('',(1.4,0.7,0.));
#17688 = VECTOR('',#17689,1.);
#17689 = DIRECTION('',(0.,0.,1.));
#17690 = ORIENTED_EDGE('',*,*,#17691,.T.);
#17691 = EDGE_CURVE('',#17684,#17692,#17694,.T.);
#17692 = VERTEX_POINT('',#17693);
#17693 = CARTESIAN_POINT('',(1.270530792283,0.7,0.15));
#17694 = LINE('',#17695,#17696);
#17695 = CARTESIAN_POINT('',(1.4,0.7,0.15));
#17696 = VECTOR('',#17697,1.);
#17697 = DIRECTION('',(-1.,-1.110223024625E-16,0.));
#17698 = ORIENTED_EDGE('',*,*,#17699,.T.);
#17699 = EDGE_CURVE('',#17692,#17700,#17702,.T.);
#17700 = VERTEX_POINT('',#17701);
#17701 = CARTESIAN_POINT('',(1.172050016982,0.7,0.232635182233));
#17702 = CIRCLE('',#17703,0.1);
#17703 = AXIS2_PLACEMENT_3D('',#17704,#17705,#17706);
#17704 = CARTESIAN_POINT('',(1.270530792283,0.7,0.25));
#17705 = DIRECTION('',(-1.110223024625E-16,1.,0.));
#17706 = DIRECTION('',(2.22044604925E-15,2.465190328815E-31,-1.));
#17707 = ORIENTED_EDGE('',*,*,#17708,.T.);
#17708 = EDGE_CURVE('',#17700,#17709,#17711,.T.);
#17709 = VERTEX_POINT('',#17710);
#17710 = CARTESIAN_POINT('',(1.096201938253,0.7,0.693412044417));
#17711 = LINE('',#17712,#17713);
#17712 = CARTESIAN_POINT('',(1.172050016982,0.7,0.232635182233));
#17713 = VECTOR('',#17714,1.);
#17714 = DIRECTION('',(-0.162423314012,-1.803261029519E-17,
    0.986721169868));
#17715 = ORIENTED_EDGE('',*,*,#17716,.T.);
#17716 = EDGE_CURVE('',#17709,#16839,#17717,.T.);
#17717 = CIRCLE('',#17718,0.25);
#17718 = AXIS2_PLACEMENT_3D('',#17719,#17720,#17721);
#17719 = CARTESIAN_POINT('',(0.85,0.7,0.65));
#17720 = DIRECTION('',(1.110223024625E-16,-1.,0.));
#17721 = DIRECTION('',(0.984807753012,1.093356242223E-16,0.173648177667)
  );
#17722 = ORIENTED_EDGE('',*,*,#16846,.T.);
#17723 = PLANE('',#17724);
#17724 = AXIS2_PLACEMENT_3D('',#17725,#17726,#17727);
#17725 = CARTESIAN_POINT('',(1.069123385139,0.7,0.441695635315));
#17726 = DIRECTION('',(1.110223024625E-16,-1.,0.));
#17727 = DIRECTION('',(0.,0.,1.));
#17728 = ADVANCED_FACE('',(#17729),#17740,.F.);
#17729 = FACE_BOUND('',#17730,.F.);
#17730 = EDGE_LOOP('',(#17731,#17732,#17733,#17739));
#17731 = ORIENTED_EDGE('',*,*,#16852,.F.);
#17732 = ORIENTED_EDGE('',*,*,#16453,.T.);
#17733 = ORIENTED_EDGE('',*,*,#17734,.T.);
#17734 = EDGE_CURVE('',#16446,#16785,#17735,.T.);
#17735 = LINE('',#17736,#17737);
#17736 = CARTESIAN_POINT('',(0.85,-0.7,0.9));
#17737 = VECTOR('',#17738,1.);
#17738 = DIRECTION('',(-1.,-1.110223024625E-16,0.));
#17739 = ORIENTED_EDGE('',*,*,#16784,.F.);
#17740 = PLANE('',#17741);
#17741 = AXIS2_PLACEMENT_3D('',#17742,#17743,#17744);
#17742 = CARTESIAN_POINT('',(-2.091417030376E-16,1.4375,0.9));
#17743 = DIRECTION('',(4.595758349624E-18,6.551522493592E-27,-1.));
#17744 = DIRECTION('',(1.,1.51922136901E-16,4.595758349624E-18));
#17745 = ADVANCED_FACE('',(#17746),#17832,.F.);
#17746 = FACE_BOUND('',#17747,.F.);
#17747 = EDGE_LOOP('',(#17748,#17749,#17750,#17759,#17767,#17776,#17784,
    #17792,#17800,#17809,#17817,#17826));
#17748 = ORIENTED_EDGE('',*,*,#16445,.F.);
#17749 = ORIENTED_EDGE('',*,*,#16467,.T.);
#17750 = ORIENTED_EDGE('',*,*,#17751,.T.);
#17751 = EDGE_CURVE('',#16468,#17752,#17754,.T.);
#17752 = VERTEX_POINT('',#17753);
#17753 = CARTESIAN_POINT('',(0.948480775301,-0.7,0.667364817767));
#17754 = CIRCLE('',#17755,0.1);
#17755 = AXIS2_PLACEMENT_3D('',#17756,#17757,#17758);
#17756 = CARTESIAN_POINT('',(0.85,-0.7,0.65));
#17757 = DIRECTION('',(-1.110223024625E-16,1.,0.));
#17758 = DIRECTION('',(0.,0.,1.));
#17759 = ORIENTED_EDGE('',*,*,#17760,.T.);
#17760 = EDGE_CURVE('',#17752,#17761,#17763,.T.);
#17761 = VERTEX_POINT('',#17762);
#17762 = CARTESIAN_POINT('',(1.02432885403,-0.7,0.206587955583));
#17763 = LINE('',#17764,#17765);
#17764 = CARTESIAN_POINT('',(0.948480775301,-0.7,0.667364817767));
#17765 = VECTOR('',#17766,1.);
#17766 = DIRECTION('',(0.162423314012,1.803261029519E-17,-0.986721169868
    ));
#17767 = ORIENTED_EDGE('',*,*,#17768,.T.);
#17768 = EDGE_CURVE('',#17761,#17769,#17771,.T.);
#17769 = VERTEX_POINT('',#17770);
#17770 = CARTESIAN_POINT('',(1.270530792283,-0.7,0.));
#17771 = CIRCLE('',#17772,0.25);
#17772 = AXIS2_PLACEMENT_3D('',#17773,#17774,#17775);
#17773 = CARTESIAN_POINT('',(1.270530792283,-0.7,0.25));
#17774 = DIRECTION('',(1.110223024625E-16,-1.,0.));
#17775 = DIRECTION('',(-0.984807753012,-1.093356242223E-16,
    -0.173648177667));
#17776 = ORIENTED_EDGE('',*,*,#17777,.T.);
#17777 = EDGE_CURVE('',#17769,#17778,#17780,.T.);
#17778 = VERTEX_POINT('',#17779);
#17779 = CARTESIAN_POINT('',(1.4,-0.7,0.));
#17780 = LINE('',#17781,#17782);
#17781 = CARTESIAN_POINT('',(1.270530792283,-0.7,0.));
#17782 = VECTOR('',#17783,1.);
#17783 = DIRECTION('',(1.,1.110223024625E-16,0.));
#17784 = ORIENTED_EDGE('',*,*,#17785,.T.);
#17785 = EDGE_CURVE('',#17778,#17786,#17788,.T.);
#17786 = VERTEX_POINT('',#17787);
#17787 = CARTESIAN_POINT('',(1.4,-0.7,0.15));
#17788 = LINE('',#17789,#17790);
#17789 = CARTESIAN_POINT('',(1.4,-0.7,0.));
#17790 = VECTOR('',#17791,1.);
#17791 = DIRECTION('',(0.,0.,1.));
#17792 = ORIENTED_EDGE('',*,*,#17793,.T.);
#17793 = EDGE_CURVE('',#17786,#17794,#17796,.T.);
#17794 = VERTEX_POINT('',#17795);
#17795 = CARTESIAN_POINT('',(1.270530792283,-0.7,0.15));
#17796 = LINE('',#17797,#17798);
#17797 = CARTESIAN_POINT('',(1.4,-0.7,0.15));
#17798 = VECTOR('',#17799,1.);
#17799 = DIRECTION('',(-1.,-1.110223024625E-16,0.));
#17800 = ORIENTED_EDGE('',*,*,#17801,.T.);
#17801 = EDGE_CURVE('',#17794,#17802,#17804,.T.);
#17802 = VERTEX_POINT('',#17803);
#17803 = CARTESIAN_POINT('',(1.172050016982,-0.7,0.232635182233));
#17804 = CIRCLE('',#17805,0.1);
#17805 = AXIS2_PLACEMENT_3D('',#17806,#17807,#17808);
#17806 = CARTESIAN_POINT('',(1.270530792283,-0.7,0.25));
#17807 = DIRECTION('',(-1.110223024625E-16,1.,0.));
#17808 = DIRECTION('',(2.22044604925E-15,2.465190328815E-31,-1.));
#17809 = ORIENTED_EDGE('',*,*,#17810,.T.);
#17810 = EDGE_CURVE('',#17802,#17811,#17813,.T.);
#17811 = VERTEX_POINT('',#17812);
#17812 = CARTESIAN_POINT('',(1.096201938253,-0.7,0.693412044417));
#17813 = LINE('',#17814,#17815);
#17814 = CARTESIAN_POINT('',(1.172050016982,-0.7,0.232635182233));
#17815 = VECTOR('',#17816,1.);
#17816 = DIRECTION('',(-0.162423314012,-1.803261029519E-17,
    0.986721169868));
#17817 = ORIENTED_EDGE('',*,*,#17818,.T.);
#17818 = EDGE_CURVE('',#17811,#17819,#17821,.T.);
#17819 = VERTEX_POINT('',#17820);
#17820 = CARTESIAN_POINT('',(0.85,-0.7,0.9));
#17821 = CIRCLE('',#17822,0.25);
#17822 = AXIS2_PLACEMENT_3D('',#17823,#17824,#17825);
#17823 = CARTESIAN_POINT('',(0.85,-0.7,0.65));
#17824 = DIRECTION('',(1.110223024625E-16,-1.,0.));
#17825 = DIRECTION('',(0.984807753012,1.093356242223E-16,0.173648177667)
  );
#17826 = ORIENTED_EDGE('',*,*,#17827,.T.);
#17827 = EDGE_CURVE('',#17819,#16446,#17828,.T.);
#17828 = LINE('',#17829,#17830);
#17829 = CARTESIAN_POINT('',(0.85,-0.7,0.9));
#17830 = VECTOR('',#17831,1.);
#17831 = DIRECTION('',(-1.,-1.110223024625E-16,0.));
#17832 = PLANE('',#17833);
#17833 = AXIS2_PLACEMENT_3D('',#17834,#17835,#17836);
#17834 = CARTESIAN_POINT('',(1.069123385139,-0.7,0.441695635315));
#17835 = DIRECTION('',(1.110223024625E-16,-1.,0.));
#17836 = DIRECTION('',(0.,0.,1.));
#17837 = ADVANCED_FACE('',(#17838),#17857,.F.);
#17838 = FACE_BOUND('',#17839,.F.);
#17839 = EDGE_LOOP('',(#17840,#17841,#17850,#17856));
#17840 = ORIENTED_EDGE('',*,*,#16484,.T.);
#17841 = ORIENTED_EDGE('',*,*,#17842,.T.);
#17842 = EDGE_CURVE('',#16477,#17843,#17845,.T.);
#17843 = VERTEX_POINT('',#17844);
#17844 = CARTESIAN_POINT('',(0.948480775301,-1.2,0.667364817767));
#17845 = CIRCLE('',#17846,0.1);
#17846 = AXIS2_PLACEMENT_3D('',#17847,#17848,#17849);
#17847 = CARTESIAN_POINT('',(0.85,-1.2,0.65));
#17848 = DIRECTION('',(-1.110223024625E-16,1.,0.));
#17849 = DIRECTION('',(0.,0.,1.));
#17850 = ORIENTED_EDGE('',*,*,#17851,.F.);
#17851 = EDGE_CURVE('',#17752,#17843,#17852,.T.);
#17852 = LINE('',#17853,#17854);
#17853 = CARTESIAN_POINT('',(0.948480775301,-0.7,0.667364817767));
#17854 = VECTOR('',#17855,1.);
#17855 = DIRECTION('',(1.110223024625E-16,-1.,0.));
#17856 = ORIENTED_EDGE('',*,*,#17751,.F.);
#17857 = CYLINDRICAL_SURFACE('',#17858,0.1);
#17858 = AXIS2_PLACEMENT_3D('',#17859,#17860,#17861);
#17859 = CARTESIAN_POINT('',(0.85,-0.7,0.65));
#17860 = DIRECTION('',(-1.110223024625E-16,1.,0.));
#17861 = DIRECTION('',(0.,0.,1.));
#17862 = ADVANCED_FACE('',(#17863),#17941,.T.);
#17863 = FACE_BOUND('',#17864,.T.);
#17864 = EDGE_LOOP('',(#17865,#17866,#17867,#17868,#17876,#17885,#17893,
    #17901,#17909,#17918,#17926,#17935));
#17865 = ORIENTED_EDGE('',*,*,#16498,.F.);
#17866 = ORIENTED_EDGE('',*,*,#16476,.T.);
#17867 = ORIENTED_EDGE('',*,*,#17842,.T.);
#17868 = ORIENTED_EDGE('',*,*,#17869,.T.);
#17869 = EDGE_CURVE('',#17843,#17870,#17872,.T.);
#17870 = VERTEX_POINT('',#17871);
#17871 = CARTESIAN_POINT('',(1.02432885403,-1.2,0.206587955583));
#17872 = LINE('',#17873,#17874);
#17873 = CARTESIAN_POINT('',(0.948480775301,-1.2,0.667364817767));
#17874 = VECTOR('',#17875,1.);
#17875 = DIRECTION('',(0.162423314012,1.803261029519E-17,-0.986721169868
    ));
#17876 = ORIENTED_EDGE('',*,*,#17877,.T.);
#17877 = EDGE_CURVE('',#17870,#17878,#17880,.T.);
#17878 = VERTEX_POINT('',#17879);
#17879 = CARTESIAN_POINT('',(1.270530792283,-1.2,0.));
#17880 = CIRCLE('',#17881,0.25);
#17881 = AXIS2_PLACEMENT_3D('',#17882,#17883,#17884);
#17882 = CARTESIAN_POINT('',(1.270530792283,-1.2,0.25));
#17883 = DIRECTION('',(1.110223024625E-16,-1.,0.));
#17884 = DIRECTION('',(-0.984807753012,-1.093356242223E-16,
    -0.173648177667));
#17885 = ORIENTED_EDGE('',*,*,#17886,.T.);
#17886 = EDGE_CURVE('',#17878,#17887,#17889,.T.);
#17887 = VERTEX_POINT('',#17888);
#17888 = CARTESIAN_POINT('',(1.4,-1.2,0.));
#17889 = LINE('',#17890,#17891);
#17890 = CARTESIAN_POINT('',(1.270530792283,-1.2,0.));
#17891 = VECTOR('',#17892,1.);
#17892 = DIRECTION('',(1.,1.110223024625E-16,0.));
#17893 = ORIENTED_EDGE('',*,*,#17894,.T.);
#17894 = EDGE_CURVE('',#17887,#17895,#17897,.T.);
#17895 = VERTEX_POINT('',#17896);
#17896 = CARTESIAN_POINT('',(1.4,-1.2,0.15));
#17897 = LINE('',#17898,#17899);
#17898 = CARTESIAN_POINT('',(1.4,-1.2,0.));
#17899 = VECTOR('',#17900,1.);
#17900 = DIRECTION('',(0.,0.,1.));
#17901 = ORIENTED_EDGE('',*,*,#17902,.T.);
#17902 = EDGE_CURVE('',#17895,#17903,#17905,.T.);
#17903 = VERTEX_POINT('',#17904);
#17904 = CARTESIAN_POINT('',(1.270530792283,-1.2,0.15));
#17905 = LINE('',#17906,#17907);
#17906 = CARTESIAN_POINT('',(1.4,-1.2,0.15));
#17907 = VECTOR('',#17908,1.);
#17908 = DIRECTION('',(-1.,-1.110223024625E-16,0.));
#17909 = ORIENTED_EDGE('',*,*,#17910,.T.);
#17910 = EDGE_CURVE('',#17903,#17911,#17913,.T.);
#17911 = VERTEX_POINT('',#17912);
#17912 = CARTESIAN_POINT('',(1.172050016982,-1.2,0.232635182233));
#17913 = CIRCLE('',#17914,0.1);
#17914 = AXIS2_PLACEMENT_3D('',#17915,#17916,#17917);
#17915 = CARTESIAN_POINT('',(1.270530792283,-1.2,0.25));
#17916 = DIRECTION('',(-1.110223024625E-16,1.,0.));
#17917 = DIRECTION('',(2.22044604925E-15,2.465190328815E-31,-1.));
#17918 = ORIENTED_EDGE('',*,*,#17919,.T.);
#17919 = EDGE_CURVE('',#17911,#17920,#17922,.T.);
#17920 = VERTEX_POINT('',#17921);
#17921 = CARTESIAN_POINT('',(1.096201938253,-1.2,0.693412044417));
#17922 = LINE('',#17923,#17924);
#17923 = CARTESIAN_POINT('',(1.172050016982,-1.2,0.232635182233));
#17924 = VECTOR('',#17925,1.);
#17925 = DIRECTION('',(-0.162423314012,-1.803261029519E-17,
    0.986721169868));
#17926 = ORIENTED_EDGE('',*,*,#17927,.T.);
#17927 = EDGE_CURVE('',#17920,#17928,#17930,.T.);
#17928 = VERTEX_POINT('',#17929);
#17929 = CARTESIAN_POINT('',(0.85,-1.2,0.9));
#17930 = CIRCLE('',#17931,0.25);
#17931 = AXIS2_PLACEMENT_3D('',#17932,#17933,#17934);
#17932 = CARTESIAN_POINT('',(0.85,-1.2,0.65));
#17933 = DIRECTION('',(1.110223024625E-16,-1.,0.));
#17934 = DIRECTION('',(0.984807753012,1.093356242223E-16,0.173648177667)
  );
#17935 = ORIENTED_EDGE('',*,*,#17936,.T.);
#17936 = EDGE_CURVE('',#17928,#16499,#17937,.T.);
#17937 = LINE('',#17938,#17939);
#17938 = CARTESIAN_POINT('',(0.85,-1.2,0.9));
#17939 = VECTOR('',#17940,1.);
#17940 = DIRECTION('',(-1.,-1.110223024625E-16,0.));
#17941 = PLANE('',#17942);
#17942 = AXIS2_PLACEMENT_3D('',#17943,#17944,#17945);
#17943 = CARTESIAN_POINT('',(1.069123385139,-1.2,0.441695635315));
#17944 = DIRECTION('',(1.110223024625E-16,-1.,0.));
#17945 = DIRECTION('',(0.,0.,1.));
#17946 = ADVANCED_FACE('',(#17947),#17958,.T.);
#17947 = FACE_BOUND('',#17948,.T.);
#17948 = EDGE_LOOP('',(#17949,#17950,#17951,#17952));
#17949 = ORIENTED_EDGE('',*,*,#17427,.T.);
#17950 = ORIENTED_EDGE('',*,*,#16599,.T.);
#17951 = ORIENTED_EDGE('',*,*,#17529,.F.);
#17952 = ORIENTED_EDGE('',*,*,#17953,.F.);
#17953 = EDGE_CURVE('',#17420,#17522,#17954,.T.);
#17954 = LINE('',#17955,#17956);
#17955 = CARTESIAN_POINT('',(-1.096201938253,0.7,0.693412044417));
#17956 = VECTOR('',#17957,1.);
#17957 = DIRECTION('',(1.144237745222E-17,1.,0.));
#17958 = CYLINDRICAL_SURFACE('',#17959,0.25);
#17959 = AXIS2_PLACEMENT_3D('',#17960,#17961,#17962);
#17960 = CARTESIAN_POINT('',(-0.85,0.7,0.65));
#17961 = DIRECTION('',(-1.144237745222E-17,-1.,0.));
#17962 = DIRECTION('',(-0.984807753012,1.126854202784E-17,0.173648177667
    ));
#17963 = ADVANCED_FACE('',(#17964),#17977,.F.);
#17964 = FACE_BOUND('',#17965,.F.);
#17965 = EDGE_LOOP('',(#17966,#17967,#17973,#17974,#17975,#17976));
#17966 = ORIENTED_EDGE('',*,*,#16995,.F.);
#17967 = ORIENTED_EDGE('',*,*,#17968,.T.);
#17968 = EDGE_CURVE('',#16987,#17096,#17969,.T.);
#17969 = LINE('',#17970,#17971);
#17970 = CARTESIAN_POINT('',(-0.85,-1.2,0.9));
#17971 = VECTOR('',#17972,1.);
#17972 = DIRECTION('',(1.144237745222E-17,1.,0.));
#17973 = ORIENTED_EDGE('',*,*,#17104,.T.);
#17974 = ORIENTED_EDGE('',*,*,#17126,.T.);
#17975 = ORIENTED_EDGE('',*,*,#16646,.F.);
#17976 = ORIENTED_EDGE('',*,*,#16879,.F.);
#17977 = PLANE('',#17978);
#17978 = AXIS2_PLACEMENT_3D('',#17979,#17980,#17981);
#17979 = CARTESIAN_POINT('',(-0.85,-1.2,0.9));
#17980 = DIRECTION('',(0.,0.,-1.));
#17981 = DIRECTION('',(1.,-1.144237745222E-17,0.));
#17982 = ADVANCED_FACE('',(#17983),#17996,.F.);
#17983 = FACE_BOUND('',#17984,.F.);
#17984 = EDGE_LOOP('',(#17985,#17986,#17992,#17993,#17994,#17995));
#17985 = ORIENTED_EDGE('',*,*,#17218,.F.);
#17986 = ORIENTED_EDGE('',*,*,#17987,.T.);
#17987 = EDGE_CURVE('',#17210,#17319,#17988,.T.);
#17988 = LINE('',#17989,#17990);
#17989 = CARTESIAN_POINT('',(-0.85,-0.25,0.9));
#17990 = VECTOR('',#17991,1.);
#17991 = DIRECTION('',(1.144237745222E-17,1.,0.));
#17992 = ORIENTED_EDGE('',*,*,#17327,.T.);
#17993 = ORIENTED_EDGE('',*,*,#17344,.T.);
#17994 = ORIENTED_EDGE('',*,*,#16662,.F.);
#17995 = ORIENTED_EDGE('',*,*,#17119,.F.);
#17996 = PLANE('',#17997);
#17997 = AXIS2_PLACEMENT_3D('',#17998,#17999,#18000);
#17998 = CARTESIAN_POINT('',(-0.85,-0.25,0.9));
#17999 = DIRECTION('',(0.,0.,-1.));
#18000 = DIRECTION('',(1.,-1.144237745222E-17,0.));
#18001 = ADVANCED_FACE('',(#18002,#18031),#18042,.T.);
#18002 = FACE_BOUND('',#18003,.T.);
#18003 = EDGE_LOOP('',(#18004,#18005,#18006,#18007,#18015,#18023,#18029,
    #18030));
#18004 = ORIENTED_EDGE('',*,*,#16737,.F.);
#18005 = ORIENTED_EDGE('',*,*,#16714,.F.);
#18006 = ORIENTED_EDGE('',*,*,#16685,.F.);
#18007 = ORIENTED_EDGE('',*,*,#18008,.F.);
#18008 = EDGE_CURVE('',#18009,#16686,#18011,.T.);
#18009 = VERTEX_POINT('',#18010);
#18010 = CARTESIAN_POINT('',(-0.646824228722,-1.333648457443,1.55));
#18011 = LINE('',#18012,#18013);
#18012 = CARTESIAN_POINT('',(-0.646824228722,-1.333648457443,1.55));
#18013 = VECTOR('',#18014,1.);
#18014 = DIRECTION('',(-0.707106781187,0.707106781187,0.));
#18015 = ORIENTED_EDGE('',*,*,#18016,.F.);
#18016 = EDGE_CURVE('',#18017,#18009,#18019,.T.);
#18017 = VERTEX_POINT('',#18018);
#18018 = CARTESIAN_POINT('',(0.646824228722,-1.333648457443,1.55));
#18019 = LINE('',#18020,#18021);
#18020 = CARTESIAN_POINT('',(0.646824228722,-1.333648457443,1.55));
#18021 = VECTOR('',#18022,1.);
#18022 = DIRECTION('',(-1.,-1.110223024625E-16,0.));
#18023 = ORIENTED_EDGE('',*,*,#18024,.F.);
#18024 = EDGE_CURVE('',#16809,#18017,#18025,.T.);
#18025 = LINE('',#18026,#18027);
#18026 = CARTESIAN_POINT('',(0.683648457443,-1.296824228722,1.55));
#18027 = VECTOR('',#18028,1.);
#18028 = DIRECTION('',(-0.707106781187,-0.707106781187,0.));
#18029 = ORIENTED_EDGE('',*,*,#16815,.F.);
#18030 = ORIENTED_EDGE('',*,*,#16760,.F.);
#18031 = FACE_BOUND('',#18032,.T.);
#18032 = EDGE_LOOP('',(#18033));
#18033 = ORIENTED_EDGE('',*,*,#18034,.T.);
#18034 = EDGE_CURVE('',#18035,#18035,#18037,.T.);
#18035 = VERTEX_POINT('',#18036);
#18036 = CARTESIAN_POINT('',(-0.483648457443,1.083648457443,1.55));
#18037 = CIRCLE('',#18038,5.E-02);
#18038 = AXIS2_PLACEMENT_3D('',#18039,#18040,#18041);
#18039 = CARTESIAN_POINT('',(-0.483648457443,1.133648457443,1.55));
#18040 = DIRECTION('',(0.,-0.,-1.));
#18041 = DIRECTION('',(1.110223024625E-16,-1.,0.));
#18042 = PLANE('',#18043);
#18043 = AXIS2_PLACEMENT_3D('',#18044,#18045,#18046);
#18044 = CARTESIAN_POINT('',(-0.646824228722,1.333648457443,1.55));
#18045 = DIRECTION('',(0.,0.,1.));
#18046 = DIRECTION('',(0.436386464522,-0.899759330922,0.));
#18047 = ADVANCED_FACE('',(#18048),#18058,.F.);
#18048 = FACE_BOUND('',#18049,.F.);
#18049 = EDGE_LOOP('',(#18050,#18051,#18052,#18053));
#18050 = ORIENTED_EDGE('',*,*,#16886,.T.);
#18051 = ORIENTED_EDGE('',*,*,#16693,.T.);
#18052 = ORIENTED_EDGE('',*,*,#18008,.F.);
#18053 = ORIENTED_EDGE('',*,*,#18054,.F.);
#18054 = EDGE_CURVE('',#16887,#18009,#18055,.T.);
#18055 = B_SPLINE_CURVE_WITH_KNOTS('',1,(#18056,#18057),.UNSPECIFIED.,
  .F.,.F.,(2,2),(0.,1.),.PIECEWISE_BEZIER_KNOTS.);
#18056 = CARTESIAN_POINT('',(-0.6925,-1.425,0.9));
#18057 = CARTESIAN_POINT('',(-0.646824228722,-1.333648457443,1.55));
#18058 = B_SPLINE_SURFACE_WITH_KNOTS('',1,1,(
    (#18059,#18060)
    ,(#18061,#18062
    )),.UNSPECIFIED.,.F.,.F.,.F.,(2,2),(2,2),(0.,0.116672618896),(0.,1.)
  ,.PIECEWISE_BEZIER_KNOTS.);
#18059 = CARTESIAN_POINT('',(-0.6925,-1.425,0.9));
#18060 = CARTESIAN_POINT('',(-0.646824228722,-1.333648457443,1.55));
#18061 = CARTESIAN_POINT('',(-0.775,-1.3425,0.9));
#18062 = CARTESIAN_POINT('',(-0.683648457443,-1.296824228722,1.55));
#18063 = ADVANCED_FACE('',(#18064),#18077,.F.);
#18064 = FACE_BOUND('',#18065,.F.);
#18065 = EDGE_LOOP('',(#18066,#18067,#18073,#18074,#18075,#18076));
#18066 = ORIENTED_EDGE('',*,*,#17827,.F.);
#18067 = ORIENTED_EDGE('',*,*,#18068,.T.);
#18068 = EDGE_CURVE('',#17819,#17928,#18069,.T.);
#18069 = LINE('',#18070,#18071);
#18070 = CARTESIAN_POINT('',(0.85,-0.7,0.9));
#18071 = VECTOR('',#18072,1.);
#18072 = DIRECTION('',(1.110223024625E-16,-1.,0.));
#18073 = ORIENTED_EDGE('',*,*,#17936,.T.);
#18074 = ORIENTED_EDGE('',*,*,#16868,.T.);
#18075 = ORIENTED_EDGE('',*,*,#16792,.F.);
#18076 = ORIENTED_EDGE('',*,*,#17734,.F.);
#18077 = PLANE('',#18078);
#18078 = AXIS2_PLACEMENT_3D('',#18079,#18080,#18081);
#18079 = CARTESIAN_POINT('',(0.85,-0.7,0.9));
#18080 = DIRECTION('',(0.,0.,-1.));
#18081 = DIRECTION('',(-1.,-1.110223024625E-16,-0.));
#18082 = ADVANCED_FACE('',(#18083),#18093,.F.);
#18083 = FACE_BOUND('',#18084,.F.);
#18084 = EDGE_LOOP('',(#18085,#18086,#18091,#18092));
#18085 = ORIENTED_EDGE('',*,*,#16902,.T.);
#18086 = ORIENTED_EDGE('',*,*,#18087,.T.);
#18087 = EDGE_CURVE('',#16895,#18017,#18088,.T.);
#18088 = B_SPLINE_CURVE_WITH_KNOTS('',1,(#18089,#18090),.UNSPECIFIED.,
  .F.,.F.,(2,2),(0.,1.),.PIECEWISE_BEZIER_KNOTS.);
#18089 = CARTESIAN_POINT('',(0.6925,-1.425,0.9));
#18090 = CARTESIAN_POINT('',(0.646824228722,-1.333648457443,1.55));
#18091 = ORIENTED_EDGE('',*,*,#18024,.F.);
#18092 = ORIENTED_EDGE('',*,*,#16808,.F.);
#18093 = B_SPLINE_SURFACE_WITH_KNOTS('',1,1,(
    (#18094,#18095)
    ,(#18096,#18097
    )),.UNSPECIFIED.,.F.,.F.,.F.,(2,2),(2,2),(0.,0.116672618896),(0.,1.)
  ,.PIECEWISE_BEZIER_KNOTS.);
#18094 = CARTESIAN_POINT('',(0.775,-1.3425,0.9));
#18095 = CARTESIAN_POINT('',(0.683648457443,-1.296824228722,1.55));
#18096 = CARTESIAN_POINT('',(0.6925,-1.425,0.9));
#18097 = CARTESIAN_POINT('',(0.646824228722,-1.333648457443,1.55));
#18098 = ADVANCED_FACE('',(#18099),#18110,.T.);
#18099 = FACE_BOUND('',#18100,.T.);
#18100 = EDGE_LOOP('',(#18101,#18102,#18103,#18104));
#18101 = ORIENTED_EDGE('',*,*,#17614,.T.);
#18102 = ORIENTED_EDGE('',*,*,#16838,.T.);
#18103 = ORIENTED_EDGE('',*,*,#17716,.F.);
#18104 = ORIENTED_EDGE('',*,*,#18105,.F.);
#18105 = EDGE_CURVE('',#17607,#17709,#18106,.T.);
#18106 = LINE('',#18107,#18108);
#18107 = CARTESIAN_POINT('',(1.096201938253,1.2,0.693412044417));
#18108 = VECTOR('',#18109,1.);
#18109 = DIRECTION('',(1.110223024625E-16,-1.,0.));
#18110 = CYLINDRICAL_SURFACE('',#18111,0.25);
#18111 = AXIS2_PLACEMENT_3D('',#18112,#18113,#18114);
#18112 = CARTESIAN_POINT('',(0.85,1.2,0.65));
#18113 = DIRECTION('',(-1.110223024625E-16,1.,0.));
#18114 = DIRECTION('',(0.984807753012,1.093356242223E-16,0.173648177667)
  );
#18115 = ADVANCED_FACE('',(#18116),#18122,.F.);
#18116 = FACE_BOUND('',#18117,.F.);
#18117 = EDGE_LOOP('',(#18118,#18119,#18120,#18121));
#18118 = ORIENTED_EDGE('',*,*,#16894,.T.);
#18119 = ORIENTED_EDGE('',*,*,#18054,.T.);
#18120 = ORIENTED_EDGE('',*,*,#18016,.F.);
#18121 = ORIENTED_EDGE('',*,*,#18087,.F.);
#18122 = B_SPLINE_SURFACE_WITH_KNOTS('',1,1,(
    (#18123,#18124)
    ,(#18125,#18126
    )),.UNSPECIFIED.,.F.,.F.,.F.,(2,2),(2,2),(0.,1.385),(0.,1.),
  .PIECEWISE_BEZIER_KNOTS.);
#18123 = CARTESIAN_POINT('',(0.6925,-1.425,0.9));
#18124 = CARTESIAN_POINT('',(0.646824228722,-1.333648457443,1.55));
#18125 = CARTESIAN_POINT('',(-0.6925,-1.425,0.9));
#18126 = CARTESIAN_POINT('',(-0.646824228722,-1.333648457443,1.55));
#18127 = ADVANCED_FACE('',(#18128),#18139,.T.);
#18128 = FACE_BOUND('',#18129,.T.);
#18129 = EDGE_LOOP('',(#18130,#18131,#18132,#18133));
#18130 = ORIENTED_EDGE('',*,*,#16986,.T.);
#18131 = ORIENTED_EDGE('',*,*,#17968,.T.);
#18132 = ORIENTED_EDGE('',*,*,#17095,.F.);
#18133 = ORIENTED_EDGE('',*,*,#18134,.F.);
#18134 = EDGE_CURVE('',#16979,#17088,#18135,.T.);
#18135 = LINE('',#18136,#18137);
#18136 = CARTESIAN_POINT('',(-1.096201938253,-1.2,0.693412044417));
#18137 = VECTOR('',#18138,1.);
#18138 = DIRECTION('',(1.144237745222E-17,1.,0.));
#18139 = CYLINDRICAL_SURFACE('',#18140,0.25);
#18140 = AXIS2_PLACEMENT_3D('',#18141,#18142,#18143);
#18141 = CARTESIAN_POINT('',(-0.85,-1.2,0.65));
#18142 = DIRECTION('',(-1.144237745222E-17,-1.,0.));
#18143 = DIRECTION('',(-0.984807753012,1.126854202784E-17,0.173648177667
    ));
#18144 = ADVANCED_FACE('',(#18145),#18156,.F.);
#18145 = FACE_BOUND('',#18146,.F.);
#18146 = EDGE_LOOP('',(#18147,#18153,#18154,#18155));
#18147 = ORIENTED_EDGE('',*,*,#18148,.T.);
#18148 = EDGE_CURVE('',#16970,#17079,#18149,.T.);
#18149 = LINE('',#18150,#18151);
#18150 = CARTESIAN_POINT('',(-1.172050016982,-1.2,0.232635182233));
#18151 = VECTOR('',#18152,1.);
#18152 = DIRECTION('',(1.144237745222E-17,1.,0.));
#18153 = ORIENTED_EDGE('',*,*,#17087,.T.);
#18154 = ORIENTED_EDGE('',*,*,#18134,.F.);
#18155 = ORIENTED_EDGE('',*,*,#16978,.F.);
#18156 = PLANE('',#18157);
#18157 = AXIS2_PLACEMENT_3D('',#18158,#18159,#18160);
#18158 = CARTESIAN_POINT('',(-1.172050016982,-1.2,0.232635182233));
#18159 = DIRECTION('',(0.986721169868,-1.129043606572E-17,
    -0.162423314012));
#18160 = DIRECTION('',(0.162423314012,-1.858508865964E-18,0.986721169868
    ));
#18161 = ADVANCED_FACE('',(#18162),#18173,.F.);
#18162 = FACE_BOUND('',#18163,.F.);
#18163 = EDGE_LOOP('',(#18164,#18170,#18171,#18172));
#18164 = ORIENTED_EDGE('',*,*,#18165,.T.);
#18165 = EDGE_CURVE('',#16962,#17071,#18166,.T.);
#18166 = LINE('',#18167,#18168);
#18167 = CARTESIAN_POINT('',(-1.270530792283,-1.2,0.15));
#18168 = VECTOR('',#18169,1.);
#18169 = DIRECTION('',(1.144237745222E-17,1.,0.));
#18170 = ORIENTED_EDGE('',*,*,#17078,.T.);
#18171 = ORIENTED_EDGE('',*,*,#18148,.F.);
#18172 = ORIENTED_EDGE('',*,*,#16969,.F.);
#18173 = CYLINDRICAL_SURFACE('',#18174,0.1);
#18174 = AXIS2_PLACEMENT_3D('',#18175,#18176,#18177);
#18175 = CARTESIAN_POINT('',(-1.270530792283,-1.2,0.25));
#18176 = DIRECTION('',(-1.144237745222E-17,-1.,0.));
#18177 = DIRECTION('',(-2.22044604925E-15,2.540718180781E-32,-1.));
#18178 = ADVANCED_FACE('',(#18179),#18190,.F.);
#18179 = FACE_BOUND('',#18180,.F.);
#18180 = EDGE_LOOP('',(#18181,#18187,#18188,#18189));
#18181 = ORIENTED_EDGE('',*,*,#18182,.T.);
#18182 = EDGE_CURVE('',#16954,#17063,#18183,.T.);
#18183 = LINE('',#18184,#18185);
#18184 = CARTESIAN_POINT('',(-1.4,-1.2,0.15));
#18185 = VECTOR('',#18186,1.);
#18186 = DIRECTION('',(1.144237745222E-17,1.,0.));
#18187 = ORIENTED_EDGE('',*,*,#17070,.T.);
#18188 = ORIENTED_EDGE('',*,*,#18165,.F.);
#18189 = ORIENTED_EDGE('',*,*,#16961,.F.);
#18190 = PLANE('',#18191);
#18191 = AXIS2_PLACEMENT_3D('',#18192,#18193,#18194);
#18192 = CARTESIAN_POINT('',(-1.4,-1.2,0.15));
#18193 = DIRECTION('',(0.,0.,-1.));
#18194 = DIRECTION('',(1.,-1.144237745222E-17,0.));
#18195 = ADVANCED_FACE('',(#18196),#18207,.F.);
#18196 = FACE_BOUND('',#18197,.F.);
#18197 = EDGE_LOOP('',(#18198,#18204,#18205,#18206));
#18198 = ORIENTED_EDGE('',*,*,#18199,.T.);
#18199 = EDGE_CURVE('',#16946,#17055,#18200,.T.);
#18200 = LINE('',#18201,#18202);
#18201 = CARTESIAN_POINT('',(-1.4,-1.2,0.));
#18202 = VECTOR('',#18203,1.);
#18203 = DIRECTION('',(1.144237745222E-17,1.,0.));
#18204 = ORIENTED_EDGE('',*,*,#17062,.T.);
#18205 = ORIENTED_EDGE('',*,*,#18182,.F.);
#18206 = ORIENTED_EDGE('',*,*,#16953,.F.);
#18207 = PLANE('',#18208);
#18208 = AXIS2_PLACEMENT_3D('',#18209,#18210,#18211);
#18209 = CARTESIAN_POINT('',(-1.4,-1.2,0.));
#18210 = DIRECTION('',(1.,-1.144237745222E-17,0.));
#18211 = DIRECTION('',(0.,0.,1.));
#18212 = ADVANCED_FACE('',(#18213),#18224,.F.);
#18213 = FACE_BOUND('',#18214,.F.);
#18214 = EDGE_LOOP('',(#18215,#18221,#18222,#18223));
#18215 = ORIENTED_EDGE('',*,*,#18216,.T.);
#18216 = EDGE_CURVE('',#16937,#17046,#18217,.T.);
#18217 = LINE('',#18218,#18219);
#18218 = CARTESIAN_POINT('',(-1.270530792283,-1.2,0.));
#18219 = VECTOR('',#18220,1.);
#18220 = DIRECTION('',(1.144237745222E-17,1.,0.));
#18221 = ORIENTED_EDGE('',*,*,#17054,.T.);
#18222 = ORIENTED_EDGE('',*,*,#18199,.F.);
#18223 = ORIENTED_EDGE('',*,*,#16945,.F.);
#18224 = PLANE('',#18225);
#18225 = AXIS2_PLACEMENT_3D('',#18226,#18227,#18228);
#18226 = CARTESIAN_POINT('',(-1.270530792283,-1.2,0.));
#18227 = DIRECTION('',(0.,0.,1.));
#18228 = DIRECTION('',(-1.,1.144237745222E-17,0.));
#18229 = ADVANCED_FACE('',(#18230),#18241,.T.);
#18230 = FACE_BOUND('',#18231,.T.);
#18231 = EDGE_LOOP('',(#18232,#18233,#18234,#18235));
#18232 = ORIENTED_EDGE('',*,*,#16936,.T.);
#18233 = ORIENTED_EDGE('',*,*,#18216,.T.);
#18234 = ORIENTED_EDGE('',*,*,#17045,.F.);
#18235 = ORIENTED_EDGE('',*,*,#18236,.F.);
#18236 = EDGE_CURVE('',#16929,#17038,#18237,.T.);
#18237 = LINE('',#18238,#18239);
#18238 = CARTESIAN_POINT('',(-1.02432885403,-1.2,0.206587955583));
#18239 = VECTOR('',#18240,1.);
#18240 = DIRECTION('',(1.144237745222E-17,1.,0.));
#18241 = CYLINDRICAL_SURFACE('',#18242,0.25);
#18242 = AXIS2_PLACEMENT_3D('',#18243,#18244,#18245);
#18243 = CARTESIAN_POINT('',(-1.270530792283,-1.2,0.25));
#18244 = DIRECTION('',(-1.144237745222E-17,-1.,0.));
#18245 = DIRECTION('',(0.984807753012,-1.126854202784E-17,
    -0.173648177667));
#18246 = ADVANCED_FACE('',(#18247),#18253,.F.);
#18247 = FACE_BOUND('',#18248,.F.);
#18248 = EDGE_LOOP('',(#18249,#18250,#18251,#18252));
#18249 = ORIENTED_EDGE('',*,*,#17019,.T.);
#18250 = ORIENTED_EDGE('',*,*,#17037,.T.);
#18251 = ORIENTED_EDGE('',*,*,#18236,.F.);
#18252 = ORIENTED_EDGE('',*,*,#16928,.F.);
#18253 = PLANE('',#18254);
#18254 = AXIS2_PLACEMENT_3D('',#18255,#18256,#18257);
#18255 = CARTESIAN_POINT('',(-0.948480775301,-1.2,0.667364817767));
#18256 = DIRECTION('',(-0.986721169868,1.129043606572E-17,0.162423314012
    ));
#18257 = DIRECTION('',(-0.162423314012,1.858508865964E-18,
    -0.986721169868));
#18258 = ADVANCED_FACE('',(#18259),#18270,.T.);
#18259 = FACE_BOUND('',#18260,.T.);
#18260 = EDGE_LOOP('',(#18261,#18262,#18263,#18264));
#18261 = ORIENTED_EDGE('',*,*,#17209,.T.);
#18262 = ORIENTED_EDGE('',*,*,#17987,.T.);
#18263 = ORIENTED_EDGE('',*,*,#17318,.F.);
#18264 = ORIENTED_EDGE('',*,*,#18265,.F.);
#18265 = EDGE_CURVE('',#17202,#17311,#18266,.T.);
#18266 = LINE('',#18267,#18268);
#18267 = CARTESIAN_POINT('',(-1.096201938253,-0.25,0.693412044417));
#18268 = VECTOR('',#18269,1.);
#18269 = DIRECTION('',(1.144237745222E-17,1.,0.));
#18270 = CYLINDRICAL_SURFACE('',#18271,0.25);
#18271 = AXIS2_PLACEMENT_3D('',#18272,#18273,#18274);
#18272 = CARTESIAN_POINT('',(-0.85,-0.25,0.65));
#18273 = DIRECTION('',(-1.144237745222E-17,-1.,0.));
#18274 = DIRECTION('',(-0.984807753012,1.126854202784E-17,0.173648177667
    ));
#18275 = ADVANCED_FACE('',(#18276),#18287,.F.);
#18276 = FACE_BOUND('',#18277,.F.);
#18277 = EDGE_LOOP('',(#18278,#18284,#18285,#18286));
#18278 = ORIENTED_EDGE('',*,*,#18279,.T.);
#18279 = EDGE_CURVE('',#17193,#17302,#18280,.T.);
#18280 = LINE('',#18281,#18282);
#18281 = CARTESIAN_POINT('',(-1.172050016982,-0.25,0.232635182233));
#18282 = VECTOR('',#18283,1.);
#18283 = DIRECTION('',(1.144237745222E-17,1.,0.));
#18284 = ORIENTED_EDGE('',*,*,#17310,.T.);
#18285 = ORIENTED_EDGE('',*,*,#18265,.F.);
#18286 = ORIENTED_EDGE('',*,*,#17201,.F.);
#18287 = PLANE('',#18288);
#18288 = AXIS2_PLACEMENT_3D('',#18289,#18290,#18291);
#18289 = CARTESIAN_POINT('',(-1.172050016982,-0.25,0.232635182233));
#18290 = DIRECTION('',(0.986721169868,-1.129043606572E-17,
    -0.162423314012));
#18291 = DIRECTION('',(0.162423314012,-1.858508865964E-18,0.986721169868
    ));
#18292 = ADVANCED_FACE('',(#18293),#18304,.F.);
#18293 = FACE_BOUND('',#18294,.F.);
#18294 = EDGE_LOOP('',(#18295,#18301,#18302,#18303));
#18295 = ORIENTED_EDGE('',*,*,#18296,.T.);
#18296 = EDGE_CURVE('',#17185,#17294,#18297,.T.);
#18297 = LINE('',#18298,#18299);
#18298 = CARTESIAN_POINT('',(-1.270530792283,-0.25,0.15));
#18299 = VECTOR('',#18300,1.);
#18300 = DIRECTION('',(1.144237745222E-17,1.,0.));
#18301 = ORIENTED_EDGE('',*,*,#17301,.T.);
#18302 = ORIENTED_EDGE('',*,*,#18279,.F.);
#18303 = ORIENTED_EDGE('',*,*,#17192,.F.);
#18304 = CYLINDRICAL_SURFACE('',#18305,0.1);
#18305 = AXIS2_PLACEMENT_3D('',#18306,#18307,#18308);
#18306 = CARTESIAN_POINT('',(-1.270530792283,-0.25,0.25));
#18307 = DIRECTION('',(-1.144237745222E-17,-1.,0.));
#18308 = DIRECTION('',(-2.22044604925E-15,2.540718180781E-32,-1.));
#18309 = ADVANCED_FACE('',(#18310),#18321,.F.);
#18310 = FACE_BOUND('',#18311,.F.);
#18311 = EDGE_LOOP('',(#18312,#18318,#18319,#18320));
#18312 = ORIENTED_EDGE('',*,*,#18313,.T.);
#18313 = EDGE_CURVE('',#17177,#17286,#18314,.T.);
#18314 = LINE('',#18315,#18316);
#18315 = CARTESIAN_POINT('',(-1.4,-0.25,0.15));
#18316 = VECTOR('',#18317,1.);
#18317 = DIRECTION('',(1.144237745222E-17,1.,0.));
#18318 = ORIENTED_EDGE('',*,*,#17293,.T.);
#18319 = ORIENTED_EDGE('',*,*,#18296,.F.);
#18320 = ORIENTED_EDGE('',*,*,#17184,.F.);
#18321 = PLANE('',#18322);
#18322 = AXIS2_PLACEMENT_3D('',#18323,#18324,#18325);
#18323 = CARTESIAN_POINT('',(-1.4,-0.25,0.15));
#18324 = DIRECTION('',(0.,0.,-1.));
#18325 = DIRECTION('',(1.,-1.144237745222E-17,0.));
#18326 = ADVANCED_FACE('',(#18327),#18338,.F.);
#18327 = FACE_BOUND('',#18328,.F.);
#18328 = EDGE_LOOP('',(#18329,#18335,#18336,#18337));
#18329 = ORIENTED_EDGE('',*,*,#18330,.T.);
#18330 = EDGE_CURVE('',#17169,#17278,#18331,.T.);
#18331 = LINE('',#18332,#18333);
#18332 = CARTESIAN_POINT('',(-1.4,-0.25,0.));
#18333 = VECTOR('',#18334,1.);
#18334 = DIRECTION('',(1.144237745222E-17,1.,0.));
#18335 = ORIENTED_EDGE('',*,*,#17285,.T.);
#18336 = ORIENTED_EDGE('',*,*,#18313,.F.);
#18337 = ORIENTED_EDGE('',*,*,#17176,.F.);
#18338 = PLANE('',#18339);
#18339 = AXIS2_PLACEMENT_3D('',#18340,#18341,#18342);
#18340 = CARTESIAN_POINT('',(-1.4,-0.25,0.));
#18341 = DIRECTION('',(1.,-1.144237745222E-17,0.));
#18342 = DIRECTION('',(0.,0.,1.));
#18343 = ADVANCED_FACE('',(#18344),#18355,.F.);
#18344 = FACE_BOUND('',#18345,.F.);
#18345 = EDGE_LOOP('',(#18346,#18352,#18353,#18354));
#18346 = ORIENTED_EDGE('',*,*,#18347,.T.);
#18347 = EDGE_CURVE('',#17160,#17269,#18348,.T.);
#18348 = LINE('',#18349,#18350);
#18349 = CARTESIAN_POINT('',(-1.270530792283,-0.25,0.));
#18350 = VECTOR('',#18351,1.);
#18351 = DIRECTION('',(1.144237745222E-17,1.,0.));
#18352 = ORIENTED_EDGE('',*,*,#17277,.T.);
#18353 = ORIENTED_EDGE('',*,*,#18330,.F.);
#18354 = ORIENTED_EDGE('',*,*,#17168,.F.);
#18355 = PLANE('',#18356);
#18356 = AXIS2_PLACEMENT_3D('',#18357,#18358,#18359);
#18357 = CARTESIAN_POINT('',(-1.270530792283,-0.25,0.));
#18358 = DIRECTION('',(0.,0.,1.));
#18359 = DIRECTION('',(-1.,1.144237745222E-17,0.));
#18360 = ADVANCED_FACE('',(#18361),#18372,.T.);
#18361 = FACE_BOUND('',#18362,.T.);
#18362 = EDGE_LOOP('',(#18363,#18364,#18365,#18366));
#18363 = ORIENTED_EDGE('',*,*,#17159,.T.);
#18364 = ORIENTED_EDGE('',*,*,#18347,.T.);
#18365 = ORIENTED_EDGE('',*,*,#17268,.F.);
#18366 = ORIENTED_EDGE('',*,*,#18367,.F.);
#18367 = EDGE_CURVE('',#17152,#17261,#18368,.T.);
#18368 = LINE('',#18369,#18370);
#18369 = CARTESIAN_POINT('',(-1.02432885403,-0.25,0.206587955583));
#18370 = VECTOR('',#18371,1.);
#18371 = DIRECTION('',(1.144237745222E-17,1.,0.));
#18372 = CYLINDRICAL_SURFACE('',#18373,0.25);
#18373 = AXIS2_PLACEMENT_3D('',#18374,#18375,#18376);
#18374 = CARTESIAN_POINT('',(-1.270530792283,-0.25,0.25));
#18375 = DIRECTION('',(-1.144237745222E-17,-1.,0.));
#18376 = DIRECTION('',(0.984807753012,-1.126854202784E-17,
    -0.173648177667));
#18377 = ADVANCED_FACE('',(#18378),#18384,.F.);
#18378 = FACE_BOUND('',#18379,.F.);
#18379 = EDGE_LOOP('',(#18380,#18381,#18382,#18383));
#18380 = ORIENTED_EDGE('',*,*,#17242,.T.);
#18381 = ORIENTED_EDGE('',*,*,#17260,.T.);
#18382 = ORIENTED_EDGE('',*,*,#18367,.F.);
#18383 = ORIENTED_EDGE('',*,*,#17151,.F.);
#18384 = PLANE('',#18385);
#18385 = AXIS2_PLACEMENT_3D('',#18386,#18387,#18388);
#18386 = CARTESIAN_POINT('',(-0.948480775301,-0.25,0.667364817767));
#18387 = DIRECTION('',(-0.986721169868,1.129043606572E-17,0.162423314012
    ));
#18388 = DIRECTION('',(-0.162423314012,1.858508865964E-18,
    -0.986721169868));
#18389 = ADVANCED_FACE('',(#18390),#18401,.F.);
#18390 = FACE_BOUND('',#18391,.F.);
#18391 = EDGE_LOOP('',(#18392,#18398,#18399,#18400));
#18392 = ORIENTED_EDGE('',*,*,#18393,.T.);
#18393 = EDGE_CURVE('',#17411,#17513,#18394,.T.);
#18394 = LINE('',#18395,#18396);
#18395 = CARTESIAN_POINT('',(-1.172050016982,0.7,0.232635182233));
#18396 = VECTOR('',#18397,1.);
#18397 = DIRECTION('',(1.144237745222E-17,1.,0.));
#18398 = ORIENTED_EDGE('',*,*,#17521,.T.);
#18399 = ORIENTED_EDGE('',*,*,#17953,.F.);
#18400 = ORIENTED_EDGE('',*,*,#17419,.F.);
#18401 = PLANE('',#18402);
#18402 = AXIS2_PLACEMENT_3D('',#18403,#18404,#18405);
#18403 = CARTESIAN_POINT('',(-1.172050016982,0.7,0.232635182233));
#18404 = DIRECTION('',(0.986721169868,-1.129043606572E-17,
    -0.162423314012));
#18405 = DIRECTION('',(0.162423314012,-1.858508865964E-18,0.986721169868
    ));
#18406 = ADVANCED_FACE('',(#18407),#18418,.F.);
#18407 = FACE_BOUND('',#18408,.F.);
#18408 = EDGE_LOOP('',(#18409,#18415,#18416,#18417));
#18409 = ORIENTED_EDGE('',*,*,#18410,.T.);
#18410 = EDGE_CURVE('',#17403,#17505,#18411,.T.);
#18411 = LINE('',#18412,#18413);
#18412 = CARTESIAN_POINT('',(-1.270530792283,0.7,0.15));
#18413 = VECTOR('',#18414,1.);
#18414 = DIRECTION('',(1.144237745222E-17,1.,0.));
#18415 = ORIENTED_EDGE('',*,*,#17512,.T.);
#18416 = ORIENTED_EDGE('',*,*,#18393,.F.);
#18417 = ORIENTED_EDGE('',*,*,#17410,.F.);
#18418 = CYLINDRICAL_SURFACE('',#18419,0.1);
#18419 = AXIS2_PLACEMENT_3D('',#18420,#18421,#18422);
#18420 = CARTESIAN_POINT('',(-1.270530792283,0.7,0.25));
#18421 = DIRECTION('',(-1.144237745222E-17,-1.,0.));
#18422 = DIRECTION('',(-2.22044604925E-15,2.540718180781E-32,-1.));
#18423 = ADVANCED_FACE('',(#18424),#18435,.F.);
#18424 = FACE_BOUND('',#18425,.F.);
#18425 = EDGE_LOOP('',(#18426,#18432,#18433,#18434));
#18426 = ORIENTED_EDGE('',*,*,#18427,.T.);
#18427 = EDGE_CURVE('',#17395,#17497,#18428,.T.);
#18428 = LINE('',#18429,#18430);
#18429 = CARTESIAN_POINT('',(-1.4,0.7,0.15));
#18430 = VECTOR('',#18431,1.);
#18431 = DIRECTION('',(1.144237745222E-17,1.,0.));
#18432 = ORIENTED_EDGE('',*,*,#17504,.T.);
#18433 = ORIENTED_EDGE('',*,*,#18410,.F.);
#18434 = ORIENTED_EDGE('',*,*,#17402,.F.);
#18435 = PLANE('',#18436);
#18436 = AXIS2_PLACEMENT_3D('',#18437,#18438,#18439);
#18437 = CARTESIAN_POINT('',(-1.4,0.7,0.15));
#18438 = DIRECTION('',(0.,0.,-1.));
#18439 = DIRECTION('',(1.,-1.144237745222E-17,0.));
#18440 = ADVANCED_FACE('',(#18441),#18452,.F.);
#18441 = FACE_BOUND('',#18442,.F.);
#18442 = EDGE_LOOP('',(#18443,#18449,#18450,#18451));
#18443 = ORIENTED_EDGE('',*,*,#18444,.T.);
#18444 = EDGE_CURVE('',#17387,#17489,#18445,.T.);
#18445 = LINE('',#18446,#18447);
#18446 = CARTESIAN_POINT('',(-1.4,0.7,0.));
#18447 = VECTOR('',#18448,1.);
#18448 = DIRECTION('',(1.144237745222E-17,1.,0.));
#18449 = ORIENTED_EDGE('',*,*,#17496,.T.);
#18450 = ORIENTED_EDGE('',*,*,#18427,.F.);
#18451 = ORIENTED_EDGE('',*,*,#17394,.F.);
#18452 = PLANE('',#18453);
#18453 = AXIS2_PLACEMENT_3D('',#18454,#18455,#18456);
#18454 = CARTESIAN_POINT('',(-1.4,0.7,0.));
#18455 = DIRECTION('',(1.,-1.144237745222E-17,0.));
#18456 = DIRECTION('',(0.,0.,1.));
#18457 = ADVANCED_FACE('',(#18458),#18469,.F.);
#18458 = FACE_BOUND('',#18459,.F.);
#18459 = EDGE_LOOP('',(#18460,#18466,#18467,#18468));
#18460 = ORIENTED_EDGE('',*,*,#18461,.T.);
#18461 = EDGE_CURVE('',#17378,#17480,#18462,.T.);
#18462 = LINE('',#18463,#18464);
#18463 = CARTESIAN_POINT('',(-1.270530792283,0.7,0.));
#18464 = VECTOR('',#18465,1.);
#18465 = DIRECTION('',(1.144237745222E-17,1.,0.));
#18466 = ORIENTED_EDGE('',*,*,#17488,.T.);
#18467 = ORIENTED_EDGE('',*,*,#18444,.F.);
#18468 = ORIENTED_EDGE('',*,*,#17386,.F.);
#18469 = PLANE('',#18470);
#18470 = AXIS2_PLACEMENT_3D('',#18471,#18472,#18473);
#18471 = CARTESIAN_POINT('',(-1.270530792283,0.7,0.));
#18472 = DIRECTION('',(0.,0.,1.));
#18473 = DIRECTION('',(-1.,1.144237745222E-17,0.));
#18474 = ADVANCED_FACE('',(#18475),#18486,.T.);
#18475 = FACE_BOUND('',#18476,.T.);
#18476 = EDGE_LOOP('',(#18477,#18478,#18479,#18480));
#18477 = ORIENTED_EDGE('',*,*,#17377,.T.);
#18478 = ORIENTED_EDGE('',*,*,#18461,.T.);
#18479 = ORIENTED_EDGE('',*,*,#17479,.F.);
#18480 = ORIENTED_EDGE('',*,*,#18481,.F.);
#18481 = EDGE_CURVE('',#17370,#17472,#18482,.T.);
#18482 = LINE('',#18483,#18484);
#18483 = CARTESIAN_POINT('',(-1.02432885403,0.7,0.206587955583));
#18484 = VECTOR('',#18485,1.);
#18485 = DIRECTION('',(1.144237745222E-17,1.,0.));
#18486 = CYLINDRICAL_SURFACE('',#18487,0.25);
#18487 = AXIS2_PLACEMENT_3D('',#18488,#18489,#18490);
#18488 = CARTESIAN_POINT('',(-1.270530792283,0.7,0.25));
#18489 = DIRECTION('',(-1.144237745222E-17,-1.,0.));
#18490 = DIRECTION('',(0.984807753012,-1.126854202784E-17,
    -0.173648177667));
#18491 = ADVANCED_FACE('',(#18492),#18498,.F.);
#18492 = FACE_BOUND('',#18493,.F.);
#18493 = EDGE_LOOP('',(#18494,#18495,#18496,#18497));
#18494 = ORIENTED_EDGE('',*,*,#17453,.T.);
#18495 = ORIENTED_EDGE('',*,*,#17471,.T.);
#18496 = ORIENTED_EDGE('',*,*,#18481,.F.);
#18497 = ORIENTED_EDGE('',*,*,#17369,.F.);
#18498 = PLANE('',#18499);
#18499 = AXIS2_PLACEMENT_3D('',#18500,#18501,#18502);
#18500 = CARTESIAN_POINT('',(-0.948480775301,0.7,0.667364817767));
#18501 = DIRECTION('',(-0.986721169868,1.129043606572E-17,0.162423314012
    ));
#18502 = DIRECTION('',(-0.162423314012,1.858508865964E-18,
    -0.986721169868));
#18503 = ADVANCED_FACE('',(#18504),#18515,.F.);
#18504 = FACE_BOUND('',#18505,.F.);
#18505 = EDGE_LOOP('',(#18506,#18512,#18513,#18514));
#18506 = ORIENTED_EDGE('',*,*,#18507,.T.);
#18507 = EDGE_CURVE('',#17598,#17700,#18508,.T.);
#18508 = LINE('',#18509,#18510);
#18509 = CARTESIAN_POINT('',(1.172050016982,1.2,0.232635182233));
#18510 = VECTOR('',#18511,1.);
#18511 = DIRECTION('',(1.110223024625E-16,-1.,0.));
#18512 = ORIENTED_EDGE('',*,*,#17708,.T.);
#18513 = ORIENTED_EDGE('',*,*,#18105,.F.);
#18514 = ORIENTED_EDGE('',*,*,#17606,.F.);
#18515 = PLANE('',#18516);
#18516 = AXIS2_PLACEMENT_3D('',#18517,#18518,#18519);
#18517 = CARTESIAN_POINT('',(1.172050016982,1.2,0.232635182233));
#18518 = DIRECTION('',(-0.986721169868,-1.095480561672E-16,
    -0.162423314012));
#18519 = DIRECTION('',(-0.162423314012,-1.803261029519E-17,
    0.986721169868));
#18520 = ADVANCED_FACE('',(#18521),#18532,.F.);
#18521 = FACE_BOUND('',#18522,.F.);
#18522 = EDGE_LOOP('',(#18523,#18529,#18530,#18531));
#18523 = ORIENTED_EDGE('',*,*,#18524,.T.);
#18524 = EDGE_CURVE('',#17590,#17692,#18525,.T.);
#18525 = LINE('',#18526,#18527);
#18526 = CARTESIAN_POINT('',(1.270530792283,1.2,0.15));
#18527 = VECTOR('',#18528,1.);
#18528 = DIRECTION('',(1.110223024625E-16,-1.,0.));
#18529 = ORIENTED_EDGE('',*,*,#17699,.T.);
#18530 = ORIENTED_EDGE('',*,*,#18507,.F.);
#18531 = ORIENTED_EDGE('',*,*,#17597,.F.);
#18532 = CYLINDRICAL_SURFACE('',#18533,0.1);
#18533 = AXIS2_PLACEMENT_3D('',#18534,#18535,#18536);
#18534 = CARTESIAN_POINT('',(1.270530792283,1.2,0.25));
#18535 = DIRECTION('',(-1.110223024625E-16,1.,0.));
#18536 = DIRECTION('',(2.22044604925E-15,2.465190328815E-31,-1.));
#18537 = ADVANCED_FACE('',(#18538),#18549,.F.);
#18538 = FACE_BOUND('',#18539,.F.);
#18539 = EDGE_LOOP('',(#18540,#18546,#18547,#18548));
#18540 = ORIENTED_EDGE('',*,*,#18541,.T.);
#18541 = EDGE_CURVE('',#17582,#17684,#18542,.T.);
#18542 = LINE('',#18543,#18544);
#18543 = CARTESIAN_POINT('',(1.4,1.2,0.15));
#18544 = VECTOR('',#18545,1.);
#18545 = DIRECTION('',(1.110223024625E-16,-1.,0.));
#18546 = ORIENTED_EDGE('',*,*,#17691,.T.);
#18547 = ORIENTED_EDGE('',*,*,#18524,.F.);
#18548 = ORIENTED_EDGE('',*,*,#17589,.F.);
#18549 = PLANE('',#18550);
#18550 = AXIS2_PLACEMENT_3D('',#18551,#18552,#18553);
#18551 = CARTESIAN_POINT('',(1.4,1.2,0.15));
#18552 = DIRECTION('',(0.,0.,-1.));
#18553 = DIRECTION('',(-1.,-1.110223024625E-16,-0.));
#18554 = ADVANCED_FACE('',(#18555),#18566,.F.);
#18555 = FACE_BOUND('',#18556,.F.);
#18556 = EDGE_LOOP('',(#18557,#18563,#18564,#18565));
#18557 = ORIENTED_EDGE('',*,*,#18558,.T.);
#18558 = EDGE_CURVE('',#17574,#17676,#18559,.T.);
#18559 = LINE('',#18560,#18561);
#18560 = CARTESIAN_POINT('',(1.4,1.2,0.));
#18561 = VECTOR('',#18562,1.);
#18562 = DIRECTION('',(1.110223024625E-16,-1.,0.));
#18563 = ORIENTED_EDGE('',*,*,#17683,.T.);
#18564 = ORIENTED_EDGE('',*,*,#18541,.F.);
#18565 = ORIENTED_EDGE('',*,*,#17581,.F.);
#18566 = PLANE('',#18567);
#18567 = AXIS2_PLACEMENT_3D('',#18568,#18569,#18570);
#18568 = CARTESIAN_POINT('',(1.4,1.2,0.));
#18569 = DIRECTION('',(-1.,-1.110223024625E-16,0.));
#18570 = DIRECTION('',(0.,0.,1.));
#18571 = ADVANCED_FACE('',(#18572),#18583,.F.);
#18572 = FACE_BOUND('',#18573,.F.);
#18573 = EDGE_LOOP('',(#18574,#18580,#18581,#18582));
#18574 = ORIENTED_EDGE('',*,*,#18575,.T.);
#18575 = EDGE_CURVE('',#17565,#17667,#18576,.T.);
#18576 = LINE('',#18577,#18578);
#18577 = CARTESIAN_POINT('',(1.270530792283,1.2,0.));
#18578 = VECTOR('',#18579,1.);
#18579 = DIRECTION('',(1.110223024625E-16,-1.,0.));
#18580 = ORIENTED_EDGE('',*,*,#17675,.T.);
#18581 = ORIENTED_EDGE('',*,*,#18558,.F.);
#18582 = ORIENTED_EDGE('',*,*,#17573,.F.);
#18583 = PLANE('',#18584);
#18584 = AXIS2_PLACEMENT_3D('',#18585,#18586,#18587);
#18585 = CARTESIAN_POINT('',(1.270530792283,1.2,0.));
#18586 = DIRECTION('',(0.,0.,1.));
#18587 = DIRECTION('',(1.,1.110223024625E-16,-0.));
#18588 = ADVANCED_FACE('',(#18589),#18600,.T.);
#18589 = FACE_BOUND('',#18590,.T.);
#18590 = EDGE_LOOP('',(#18591,#18592,#18593,#18594));
#18591 = ORIENTED_EDGE('',*,*,#17564,.T.);
#18592 = ORIENTED_EDGE('',*,*,#18575,.T.);
#18593 = ORIENTED_EDGE('',*,*,#17666,.F.);
#18594 = ORIENTED_EDGE('',*,*,#18595,.F.);
#18595 = EDGE_CURVE('',#17557,#17659,#18596,.T.);
#18596 = LINE('',#18597,#18598);
#18597 = CARTESIAN_POINT('',(1.02432885403,1.2,0.206587955583));
#18598 = VECTOR('',#18599,1.);
#18599 = DIRECTION('',(1.110223024625E-16,-1.,0.));
#18600 = CYLINDRICAL_SURFACE('',#18601,0.25);
#18601 = AXIS2_PLACEMENT_3D('',#18602,#18603,#18604);
#18602 = CARTESIAN_POINT('',(1.270530792283,1.2,0.25));
#18603 = DIRECTION('',(-1.110223024625E-16,1.,0.));
#18604 = DIRECTION('',(-0.984807753012,-1.093356242223E-16,
    -0.173648177667));
#18605 = ADVANCED_FACE('',(#18606),#18612,.F.);
#18606 = FACE_BOUND('',#18607,.F.);
#18607 = EDGE_LOOP('',(#18608,#18609,#18610,#18611));
#18608 = ORIENTED_EDGE('',*,*,#17640,.T.);
#18609 = ORIENTED_EDGE('',*,*,#17658,.T.);
#18610 = ORIENTED_EDGE('',*,*,#18595,.F.);
#18611 = ORIENTED_EDGE('',*,*,#17556,.F.);
#18612 = PLANE('',#18613);
#18613 = AXIS2_PLACEMENT_3D('',#18614,#18615,#18616);
#18614 = CARTESIAN_POINT('',(0.948480775301,1.2,0.667364817767));
#18615 = DIRECTION('',(0.986721169868,1.095480561672E-16,0.162423314012)
  );
#18616 = DIRECTION('',(0.162423314012,1.803261029519E-17,-0.986721169868
    ));
#18617 = ADVANCED_FACE('',(#18618),#18629,.T.);
#18618 = FACE_BOUND('',#18619,.T.);
#18619 = EDGE_LOOP('',(#18620,#18621,#18622,#18623));
#18620 = ORIENTED_EDGE('',*,*,#17818,.T.);
#18621 = ORIENTED_EDGE('',*,*,#18068,.T.);
#18622 = ORIENTED_EDGE('',*,*,#17927,.F.);
#18623 = ORIENTED_EDGE('',*,*,#18624,.F.);
#18624 = EDGE_CURVE('',#17811,#17920,#18625,.T.);
#18625 = LINE('',#18626,#18627);
#18626 = CARTESIAN_POINT('',(1.096201938253,-0.7,0.693412044417));
#18627 = VECTOR('',#18628,1.);
#18628 = DIRECTION('',(1.110223024625E-16,-1.,0.));
#18629 = CYLINDRICAL_SURFACE('',#18630,0.25);
#18630 = AXIS2_PLACEMENT_3D('',#18631,#18632,#18633);
#18631 = CARTESIAN_POINT('',(0.85,-0.7,0.65));
#18632 = DIRECTION('',(-1.110223024625E-16,1.,0.));
#18633 = DIRECTION('',(0.984807753012,1.093356242223E-16,0.173648177667)
  );
#18634 = ADVANCED_FACE('',(#18635),#18646,.F.);
#18635 = FACE_BOUND('',#18636,.F.);
#18636 = EDGE_LOOP('',(#18637,#18643,#18644,#18645));
#18637 = ORIENTED_EDGE('',*,*,#18638,.T.);
#18638 = EDGE_CURVE('',#17802,#17911,#18639,.T.);
#18639 = LINE('',#18640,#18641);
#18640 = CARTESIAN_POINT('',(1.172050016982,-0.7,0.232635182233));
#18641 = VECTOR('',#18642,1.);
#18642 = DIRECTION('',(1.110223024625E-16,-1.,0.));
#18643 = ORIENTED_EDGE('',*,*,#17919,.T.);
#18644 = ORIENTED_EDGE('',*,*,#18624,.F.);
#18645 = ORIENTED_EDGE('',*,*,#17810,.F.);
#18646 = PLANE('',#18647);
#18647 = AXIS2_PLACEMENT_3D('',#18648,#18649,#18650);
#18648 = CARTESIAN_POINT('',(1.172050016982,-0.7,0.232635182233));
#18649 = DIRECTION('',(-0.986721169868,-1.095480561672E-16,
    -0.162423314012));
#18650 = DIRECTION('',(-0.162423314012,-1.803261029519E-17,
    0.986721169868));
#18651 = ADVANCED_FACE('',(#18652),#18663,.F.);
#18652 = FACE_BOUND('',#18653,.F.);
#18653 = EDGE_LOOP('',(#18654,#18660,#18661,#18662));
#18654 = ORIENTED_EDGE('',*,*,#18655,.T.);
#18655 = EDGE_CURVE('',#17794,#17903,#18656,.T.);
#18656 = LINE('',#18657,#18658);
#18657 = CARTESIAN_POINT('',(1.270530792283,-0.7,0.15));
#18658 = VECTOR('',#18659,1.);
#18659 = DIRECTION('',(1.110223024625E-16,-1.,0.));
#18660 = ORIENTED_EDGE('',*,*,#17910,.T.);
#18661 = ORIENTED_EDGE('',*,*,#18638,.F.);
#18662 = ORIENTED_EDGE('',*,*,#17801,.F.);
#18663 = CYLINDRICAL_SURFACE('',#18664,0.1);
#18664 = AXIS2_PLACEMENT_3D('',#18665,#18666,#18667);
#18665 = CARTESIAN_POINT('',(1.270530792283,-0.7,0.25));
#18666 = DIRECTION('',(-1.110223024625E-16,1.,0.));
#18667 = DIRECTION('',(2.22044604925E-15,2.465190328815E-31,-1.));
#18668 = ADVANCED_FACE('',(#18669),#18680,.F.);
#18669 = FACE_BOUND('',#18670,.F.);
#18670 = EDGE_LOOP('',(#18671,#18677,#18678,#18679));
#18671 = ORIENTED_EDGE('',*,*,#18672,.T.);
#18672 = EDGE_CURVE('',#17786,#17895,#18673,.T.);
#18673 = LINE('',#18674,#18675);
#18674 = CARTESIAN_POINT('',(1.4,-0.7,0.15));
#18675 = VECTOR('',#18676,1.);
#18676 = DIRECTION('',(1.110223024625E-16,-1.,0.));
#18677 = ORIENTED_EDGE('',*,*,#17902,.T.);
#18678 = ORIENTED_EDGE('',*,*,#18655,.F.);
#18679 = ORIENTED_EDGE('',*,*,#17793,.F.);
#18680 = PLANE('',#18681);
#18681 = AXIS2_PLACEMENT_3D('',#18682,#18683,#18684);
#18682 = CARTESIAN_POINT('',(1.4,-0.7,0.15));
#18683 = DIRECTION('',(0.,0.,-1.));
#18684 = DIRECTION('',(-1.,-1.110223024625E-16,-0.));
#18685 = ADVANCED_FACE('',(#18686),#18697,.F.);
#18686 = FACE_BOUND('',#18687,.F.);
#18687 = EDGE_LOOP('',(#18688,#18694,#18695,#18696));
#18688 = ORIENTED_EDGE('',*,*,#18689,.T.);
#18689 = EDGE_CURVE('',#17778,#17887,#18690,.T.);
#18690 = LINE('',#18691,#18692);
#18691 = CARTESIAN_POINT('',(1.4,-0.7,0.));
#18692 = VECTOR('',#18693,1.);
#18693 = DIRECTION('',(1.110223024625E-16,-1.,0.));
#18694 = ORIENTED_EDGE('',*,*,#17894,.T.);
#18695 = ORIENTED_EDGE('',*,*,#18672,.F.);
#18696 = ORIENTED_EDGE('',*,*,#17785,.F.);
#18697 = PLANE('',#18698);
#18698 = AXIS2_PLACEMENT_3D('',#18699,#18700,#18701);
#18699 = CARTESIAN_POINT('',(1.4,-0.7,0.));
#18700 = DIRECTION('',(-1.,-1.110223024625E-16,0.));
#18701 = DIRECTION('',(0.,0.,1.));
#18702 = ADVANCED_FACE('',(#18703),#18714,.F.);
#18703 = FACE_BOUND('',#18704,.F.);
#18704 = EDGE_LOOP('',(#18705,#18711,#18712,#18713));
#18705 = ORIENTED_EDGE('',*,*,#18706,.T.);
#18706 = EDGE_CURVE('',#17769,#17878,#18707,.T.);
#18707 = LINE('',#18708,#18709);
#18708 = CARTESIAN_POINT('',(1.270530792283,-0.7,0.));
#18709 = VECTOR('',#18710,1.);
#18710 = DIRECTION('',(1.110223024625E-16,-1.,0.));
#18711 = ORIENTED_EDGE('',*,*,#17886,.T.);
#18712 = ORIENTED_EDGE('',*,*,#18689,.F.);
#18713 = ORIENTED_EDGE('',*,*,#17777,.F.);
#18714 = PLANE('',#18715);
#18715 = AXIS2_PLACEMENT_3D('',#18716,#18717,#18718);
#18716 = CARTESIAN_POINT('',(1.270530792283,-0.7,0.));
#18717 = DIRECTION('',(0.,0.,1.));
#18718 = DIRECTION('',(1.,1.110223024625E-16,-0.));
#18719 = ADVANCED_FACE('',(#18720),#18731,.T.);
#18720 = FACE_BOUND('',#18721,.T.);
#18721 = EDGE_LOOP('',(#18722,#18723,#18724,#18725));
#18722 = ORIENTED_EDGE('',*,*,#17768,.T.);
#18723 = ORIENTED_EDGE('',*,*,#18706,.T.);
#18724 = ORIENTED_EDGE('',*,*,#17877,.F.);
#18725 = ORIENTED_EDGE('',*,*,#18726,.F.);
#18726 = EDGE_CURVE('',#17761,#17870,#18727,.T.);
#18727 = LINE('',#18728,#18729);
#18728 = CARTESIAN_POINT('',(1.02432885403,-0.7,0.206587955583));
#18729 = VECTOR('',#18730,1.);
#18730 = DIRECTION('',(1.110223024625E-16,-1.,0.));
#18731 = CYLINDRICAL_SURFACE('',#18732,0.25);
#18732 = AXIS2_PLACEMENT_3D('',#18733,#18734,#18735);
#18733 = CARTESIAN_POINT('',(1.270530792283,-0.7,0.25));
#18734 = DIRECTION('',(-1.110223024625E-16,1.,0.));
#18735 = DIRECTION('',(-0.984807753012,-1.093356242223E-16,
    -0.173648177667));
#18736 = ADVANCED_FACE('',(#18737),#18743,.F.);
#18737 = FACE_BOUND('',#18738,.F.);
#18738 = EDGE_LOOP('',(#18739,#18740,#18741,#18742));
#18739 = ORIENTED_EDGE('',*,*,#17851,.T.);
#18740 = ORIENTED_EDGE('',*,*,#17869,.T.);
#18741 = ORIENTED_EDGE('',*,*,#18726,.F.);
#18742 = ORIENTED_EDGE('',*,*,#17760,.F.);
#18743 = PLANE('',#18744);
#18744 = AXIS2_PLACEMENT_3D('',#18745,#18746,#18747);
#18745 = CARTESIAN_POINT('',(0.948480775301,-0.7,0.667364817767));
#18746 = DIRECTION('',(0.986721169868,1.095480561672E-16,0.162423314012)
  );
#18747 = DIRECTION('',(0.162423314012,1.803261029519E-17,-0.986721169868
    ));
#18748 = ADVANCED_FACE('',(#18749),#18752,.F.);
#18749 = FACE_BOUND('',#18750,.T.);
#18750 = EDGE_LOOP('',(#18751));
#18751 = ORIENTED_EDGE('',*,*,#18034,.F.);
#18752 = PLANE('',#18753);
#18753 = AXIS2_PLACEMENT_3D('',#18754,#18755,#18756);
#18754 = CARTESIAN_POINT('',(-0.483648457443,1.133648457443,1.55));
#18755 = DIRECTION('',(0.,0.,-1.));
#18756 = DIRECTION('',(1.110223024625E-16,-1.,0.));
#18757 = ( GEOMETRIC_REPRESENTATION_CONTEXT(3) 
GLOBAL_UNCERTAINTY_ASSIGNED_CONTEXT((#18761)) 
GLOBAL_UNIT_ASSIGNED_CONTEXT((#18758,#18759,#18760)) 
REPRESENTATION_CONTEXT('Context #1',
  '3D Context with UNIT and UNCERTAINTY') );
#18758 = ( LENGTH_UNIT() NAMED_UNIT(*) SI_UNIT(.MILLI.,.METRE.) );
#18759 = ( NAMED_UNIT(*) PLANE_ANGLE_UNIT() SI_UNIT($,.RADIAN.) );
#18760 = ( NAMED_UNIT(*) SI_UNIT($,.STERADIAN.) SOLID_ANGLE_UNIT() );
#18761 = UNCERTAINTY_MEASURE_WITH_UNIT(LENGTH_MEASURE(1.E-07),#18758,
  'distance_accuracy_value','confusion accuracy');
#18762 = CONTEXT_DEPENDENT_SHAPE_REPRESENTATION(#18763,#18765);
#18763 = ( REPRESENTATION_RELATIONSHIP('','',#15687,#10) 
REPRESENTATION_RELATIONSHIP_WITH_TRANSFORMATION(#18764) 
SHAPE_REPRESENTATION_RELATIONSHIP() );
#18764 = ITEM_DEFINED_TRANSFORMATION('','',#11,#111);
#18765 = PRODUCT_DEFINITION_SHAPE('Placement','Placement of an item',
  #18766);
#18766 = NEXT_ASSEMBLY_USAGE_OCCURRENCE('25','U2','',#5,#15682,$);
#18767 = PRODUCT_RELATED_PRODUCT_CATEGORY('part',$,(#15684));
#18768 = CONTEXT_DEPENDENT_SHAPE_REPRESENTATION(#18769,#18771);
#18769 = ( REPRESENTATION_RELATIONSHIP('','',#7797,#10) 
REPRESENTATION_RELATIONSHIP_WITH_TRANSFORMATION(#18770) 
SHAPE_REPRESENTATION_RELATIONSHIP() );
#18770 = ITEM_DEFINED_TRANSFORMATION('','',#11,#115);
#18771 = PRODUCT_DEFINITION_SHAPE('Placement','Placement of an item',
  #18772);
#18772 = NEXT_ASSEMBLY_USAGE_OCCURRENCE('26','C1','',#5,#7792,$);
#18773 = CONTEXT_DEPENDENT_SHAPE_REPRESENTATION(#18774,#18776);
#18774 = ( REPRESENTATION_RELATIONSHIP('','',#7797,#10) 
REPRESENTATION_RELATIONSHIP_WITH_TRANSFORMATION(#18775) 
SHAPE_REPRESENTATION_RELATIONSHIP() );
#18775 = ITEM_DEFINED_TRANSFORMATION('','',#11,#119);
#18776 = PRODUCT_DEFINITION_SHAPE('Placement','Placement of an item',
  #18777);
#18777 = NEXT_ASSEMBLY_USAGE_OCCURRENCE('27','C8','',#5,#7792,$);
#18778 = CONTEXT_DEPENDENT_SHAPE_REPRESENTATION(#18779,#18781);
#18779 = ( REPRESENTATION_RELATIONSHIP('','',#7797,#10) 
REPRESENTATION_RELATIONSHIP_WITH_TRANSFORMATION(#18780) 
SHAPE_REPRESENTATION_RELATIONSHIP() );
#18780 = ITEM_DEFINED_TRANSFORMATION('','',#11,#123);
#18781 = PRODUCT_DEFINITION_SHAPE('Placement','Placement of an item',
  #18782);
#18782 = NEXT_ASSEMBLY_USAGE_OCCURRENCE('28','C4','',#5,#7792,$);
#18783 = CONTEXT_DEPENDENT_SHAPE_REPRESENTATION(#18784,#18786);
#18784 = ( REPRESENTATION_RELATIONSHIP('','',#5796,#10) 
REPRESENTATION_RELATIONSHIP_WITH_TRANSFORMATION(#18785) 
SHAPE_REPRESENTATION_RELATIONSHIP() );
#18785 = ITEM_DEFINED_TRANSFORMATION('','',#11,#127);
#18786 = PRODUCT_DEFINITION_SHAPE('Placement','Placement of an item',
  #18787);
#18787 = NEXT_ASSEMBLY_USAGE_OCCURRENCE('29','U1','',#5,#5791,$);
#18788 = CONTEXT_DEPENDENT_SHAPE_REPRESENTATION(#18789,#18791);
#18789 = ( REPRESENTATION_RELATIONSHIP('','',#7797,#10) 
REPRESENTATION_RELATIONSHIP_WITH_TRANSFORMATION(#18790) 
SHAPE_REPRESENTATION_RELATIONSHIP() );
#18790 = ITEM_DEFINED_TRANSFORMATION('','',#11,#131);
#18791 = PRODUCT_DEFINITION_SHAPE('Placement','Placement of an item',
  #18792);
#18792 = NEXT_ASSEMBLY_USAGE_OCCURRENCE('30','C9','',#5,#7792,$);
#18793 = CONTEXT_DEPENDENT_SHAPE_REPRESENTATION(#18794,#18796);
#18794 = ( REPRESENTATION_RELATIONSHIP('','',#7797,#10) 
REPRESENTATION_RELATIONSHIP_WITH_TRANSFORMATION(#18795) 
SHAPE_REPRESENTATION_RELATIONSHIP() );
#18795 = ITEM_DEFINED_TRANSFORMATION('','',#11,#135);
#18796 = PRODUCT_DEFINITION_SHAPE('Placement','Placement of an item',
  #18797);
#18797 = NEXT_ASSEMBLY_USAGE_OCCURRENCE('31','C11','',#5,#7792,$);
#18798 = SHAPE_DEFINITION_REPRESENTATION(#18799,#18805);
#18799 = PRODUCT_DEFINITION_SHAPE('','',#18800);
#18800 = PRODUCT_DEFINITION('design','',#18801,#18804);
#18801 = PRODUCT_DEFINITION_FORMATION('','',#18802);
#18802 = PRODUCT('kibot_ljoc_gb1_PCB','kibot_ljoc_gb1_PCB','',(#18803));
#18803 = PRODUCT_CONTEXT('',#2,'mechanical');
#18804 = PRODUCT_DEFINITION_CONTEXT('part definition',#2,'design');
#18805 = ADVANCED_BREP_SHAPE_REPRESENTATION('',(#11,#18806),#19931);
#18806 = MANIFOLD_SOLID_BREP('',#18807);
#18807 = CLOSED_SHELL('',(#18808,#18848,#18879,#18910,#19202,#19494,
    #19506,#19523,#19540,#19557,#19574,#19591,#19608,#19625,#19642,
    #19659,#19676,#19693,#19710,#19727,#19744,#19761,#19778,#19795,
    #19812,#19829,#19846,#19863,#19880,#19897,#19914));
#18808 = ADVANCED_FACE('',(#18809),#18843,.T.);
#18809 = FACE_BOUND('',#18810,.T.);
#18810 = EDGE_LOOP('',(#18811,#18821,#18829,#18837));
#18811 = ORIENTED_EDGE('',*,*,#18812,.T.);
#18812 = EDGE_CURVE('',#18813,#18815,#18817,.T.);
#18813 = VERTEX_POINT('',#18814);
#18814 = CARTESIAN_POINT('',(65.786,5.334,0.));
#18815 = VERTEX_POINT('',#18816);
#18816 = CARTESIAN_POINT('',(65.786,5.334,1.51));
#18817 = LINE('',#18818,#18819);
#18818 = CARTESIAN_POINT('',(65.786,5.334,0.));
#18819 = VECTOR('',#18820,1.);
#18820 = DIRECTION('',(0.,0.,1.));
#18821 = ORIENTED_EDGE('',*,*,#18822,.T.);
#18822 = EDGE_CURVE('',#18815,#18823,#18825,.T.);
#18823 = VERTEX_POINT('',#18824);
#18824 = CARTESIAN_POINT('',(5.334,5.334,1.51));
#18825 = LINE('',#18826,#18827);
#18826 = CARTESIAN_POINT('',(65.786,5.334,1.51));
#18827 = VECTOR('',#18828,1.);
#18828 = DIRECTION('',(-1.,0.,0.));
#18829 = ORIENTED_EDGE('',*,*,#18830,.F.);
#18830 = EDGE_CURVE('',#18831,#18823,#18833,.T.);
#18831 = VERTEX_POINT('',#18832);
#18832 = CARTESIAN_POINT('',(5.334,5.334,0.));
#18833 = LINE('',#18834,#18835);
#18834 = CARTESIAN_POINT('',(5.334,5.334,0.));
#18835 = VECTOR('',#18836,1.);
#18836 = DIRECTION('',(0.,0.,1.));
#18837 = ORIENTED_EDGE('',*,*,#18838,.F.);
#18838 = EDGE_CURVE('',#18813,#18831,#18839,.T.);
#18839 = LINE('',#18840,#18841);
#18840 = CARTESIAN_POINT('',(65.786,5.334,0.));
#18841 = VECTOR('',#18842,1.);
#18842 = DIRECTION('',(-1.,0.,0.));
#18843 = PLANE('',#18844);
#18844 = AXIS2_PLACEMENT_3D('',#18845,#18846,#18847);
#18845 = CARTESIAN_POINT('',(65.786,5.334,0.));
#18846 = DIRECTION('',(0.,-1.,0.));
#18847 = DIRECTION('',(-1.,0.,0.));
#18848 = ADVANCED_FACE('',(#18849),#18874,.T.);
#18849 = FACE_BOUND('',#18850,.T.);
#18850 = EDGE_LOOP('',(#18851,#18861,#18867,#18868));
#18851 = ORIENTED_EDGE('',*,*,#18852,.T.);
#18852 = EDGE_CURVE('',#18853,#18855,#18857,.T.);
#18853 = VERTEX_POINT('',#18854);
#18854 = CARTESIAN_POINT('',(65.786,45.466,0.));
#18855 = VERTEX_POINT('',#18856);
#18856 = CARTESIAN_POINT('',(65.786,45.466,1.51));
#18857 = LINE('',#18858,#18859);
#18858 = CARTESIAN_POINT('',(65.786,45.466,0.));
#18859 = VECTOR('',#18860,1.);
#18860 = DIRECTION('',(0.,0.,1.));
#18861 = ORIENTED_EDGE('',*,*,#18862,.T.);
#18862 = EDGE_CURVE('',#18855,#18815,#18863,.T.);
#18863 = LINE('',#18864,#18865);
#18864 = CARTESIAN_POINT('',(65.786,45.466,1.51));
#18865 = VECTOR('',#18866,1.);
#18866 = DIRECTION('',(0.,-1.,0.));
#18867 = ORIENTED_EDGE('',*,*,#18812,.F.);
#18868 = ORIENTED_EDGE('',*,*,#18869,.F.);
#18869 = EDGE_CURVE('',#18853,#18813,#18870,.T.);
#18870 = LINE('',#18871,#18872);
#18871 = CARTESIAN_POINT('',(65.786,45.466,0.));
#18872 = VECTOR('',#18873,1.);
#18873 = DIRECTION('',(0.,-1.,0.));
#18874 = PLANE('',#18875);
#18875 = AXIS2_PLACEMENT_3D('',#18876,#18877,#18878);
#18876 = CARTESIAN_POINT('',(65.786,45.466,0.));
#18877 = DIRECTION('',(1.,0.,-0.));
#18878 = DIRECTION('',(0.,-1.,0.));
#18879 = ADVANCED_FACE('',(#18880),#18905,.T.);
#18880 = FACE_BOUND('',#18881,.T.);
#18881 = EDGE_LOOP('',(#18882,#18883,#18891,#18899));
#18882 = ORIENTED_EDGE('',*,*,#18830,.T.);
#18883 = ORIENTED_EDGE('',*,*,#18884,.T.);
#18884 = EDGE_CURVE('',#18823,#18885,#18887,.T.);
#18885 = VERTEX_POINT('',#18886);
#18886 = CARTESIAN_POINT('',(5.334,45.466,1.51));
#18887 = LINE('',#18888,#18889);
#18888 = CARTESIAN_POINT('',(5.334,5.334,1.51));
#18889 = VECTOR('',#18890,1.);
#18890 = DIRECTION('',(0.,1.,0.));
#18891 = ORIENTED_EDGE('',*,*,#18892,.F.);
#18892 = EDGE_CURVE('',#18893,#18885,#18895,.T.);
#18893 = VERTEX_POINT('',#18894);
#18894 = CARTESIAN_POINT('',(5.334,45.466,0.));
#18895 = LINE('',#18896,#18897);
#18896 = CARTESIAN_POINT('',(5.334,45.466,0.));
#18897 = VECTOR('',#18898,1.);
#18898 = DIRECTION('',(0.,0.,1.));
#18899 = ORIENTED_EDGE('',*,*,#18900,.F.);
#18900 = EDGE_CURVE('',#18831,#18893,#18901,.T.);
#18901 = LINE('',#18902,#18903);
#18902 = CARTESIAN_POINT('',(5.334,5.334,0.));
#18903 = VECTOR('',#18904,1.);
#18904 = DIRECTION('',(0.,1.,0.));
#18905 = PLANE('',#18906);
#18906 = AXIS2_PLACEMENT_3D('',#18907,#18908,#18909);
#18907 = CARTESIAN_POINT('',(5.334,5.334,0.));
#18908 = DIRECTION('',(-1.,0.,0.));
#18909 = DIRECTION('',(0.,1.,0.));
#18910 = ADVANCED_FACE('',(#18911,#18922,#18933,#18944,#18955,#18966,
    #18977,#18988,#18999,#19010,#19021,#19032,#19043,#19054,#19065,
    #19076,#19087,#19098,#19109,#19120,#19131,#19142,#19153,#19164,
    #19175,#19186),#19197,.F.);
#18911 = FACE_BOUND('',#18912,.F.);
#18912 = EDGE_LOOP('',(#18913,#18914,#18915,#18921));
#18913 = ORIENTED_EDGE('',*,*,#18838,.F.);
#18914 = ORIENTED_EDGE('',*,*,#18869,.F.);
#18915 = ORIENTED_EDGE('',*,*,#18916,.F.);
#18916 = EDGE_CURVE('',#18893,#18853,#18917,.T.);
#18917 = LINE('',#18918,#18919);
#18918 = CARTESIAN_POINT('',(5.334,45.466,0.));
#18919 = VECTOR('',#18920,1.);
#18920 = DIRECTION('',(1.,0.,0.));
#18921 = ORIENTED_EDGE('',*,*,#18900,.F.);
#18922 = FACE_BOUND('',#18923,.F.);
#18923 = EDGE_LOOP('',(#18924));
#18924 = ORIENTED_EDGE('',*,*,#18925,.T.);
#18925 = EDGE_CURVE('',#18926,#18926,#18928,.T.);
#18926 = VERTEX_POINT('',#18927);
#18927 = CARTESIAN_POINT('',(10.16,8.66,0.));
#18928 = CIRCLE('',#18929,1.5);
#18929 = AXIS2_PLACEMENT_3D('',#18930,#18931,#18932);
#18930 = CARTESIAN_POINT('',(10.16,10.16,0.));
#18931 = DIRECTION('',(-0.,0.,-1.));
#18932 = DIRECTION('',(-0.,-1.,0.));
#18933 = FACE_BOUND('',#18934,.F.);
#18934 = EDGE_LOOP('',(#18935));
#18935 = ORIENTED_EDGE('',*,*,#18936,.T.);
#18936 = EDGE_CURVE('',#18937,#18937,#18939,.T.);
#18937 = VERTEX_POINT('',#18938);
#18938 = CARTESIAN_POINT('',(8.6106,22.01,0.));
#18939 = CIRCLE('',#18940,0.85);
#18940 = AXIS2_PLACEMENT_3D('',#18941,#18942,#18943);
#18941 = CARTESIAN_POINT('',(8.6106,22.86,0.));
#18942 = DIRECTION('',(-0.,0.,-1.));
#18943 = DIRECTION('',(-0.,-1.,0.));
#18944 = FACE_BOUND('',#18945,.F.);
#18945 = EDGE_LOOP('',(#18946));
#18946 = ORIENTED_EDGE('',*,*,#18947,.T.);
#18947 = EDGE_CURVE('',#18948,#18948,#18950,.T.);
#18948 = VERTEX_POINT('',#18949);
#18949 = CARTESIAN_POINT('',(13.6906,22.01,0.));
#18950 = CIRCLE('',#18951,0.85);
#18951 = AXIS2_PLACEMENT_3D('',#18952,#18953,#18954);
#18952 = CARTESIAN_POINT('',(13.6906,22.86,0.));
#18953 = DIRECTION('',(-0.,0.,-1.));
#18954 = DIRECTION('',(-0.,-1.,0.));
#18955 = FACE_BOUND('',#18956,.F.);
#18956 = EDGE_LOOP('',(#18957));
#18957 = ORIENTED_EDGE('',*,*,#18958,.T.);
#18958 = EDGE_CURVE('',#18959,#18959,#18961,.T.);
#18959 = VERTEX_POINT('',#18960);
#18960 = CARTESIAN_POINT('',(11.1506,24.65,0.));
#18961 = CIRCLE('',#18962,0.75);
#18962 = AXIS2_PLACEMENT_3D('',#18963,#18964,#18965);
#18963 = CARTESIAN_POINT('',(11.1506,25.4,0.));
#18964 = DIRECTION('',(-0.,0.,-1.));
#18965 = DIRECTION('',(-0.,-1.,0.));
#18966 = FACE_BOUND('',#18967,.F.);
#18967 = EDGE_LOOP('',(#18968));
#18968 = ORIENTED_EDGE('',*,*,#18969,.T.);
#18969 = EDGE_CURVE('',#18970,#18970,#18972,.T.);
#18970 = VERTEX_POINT('',#18971);
#18971 = CARTESIAN_POINT('',(60.96,8.66,0.));
#18972 = CIRCLE('',#18973,1.5);
#18973 = AXIS2_PLACEMENT_3D('',#18974,#18975,#18976);
#18974 = CARTESIAN_POINT('',(60.96,10.16,0.));
#18975 = DIRECTION('',(-0.,0.,-1.));
#18976 = DIRECTION('',(-0.,-1.,0.));
#18977 = FACE_BOUND('',#18978,.F.);
#18978 = EDGE_LOOP('',(#18979));
#18979 = ORIENTED_EDGE('',*,*,#18980,.T.);
#18980 = EDGE_CURVE('',#18981,#18981,#18983,.T.);
#18981 = VERTEX_POINT('',#18982);
#18982 = CARTESIAN_POINT('',(57.404,17.0815,0.));
#18983 = CIRCLE('',#18984,0.4445);
#18984 = AXIS2_PLACEMENT_3D('',#18985,#18986,#18987);
#18985 = CARTESIAN_POINT('',(57.404,17.526,0.));
#18986 = DIRECTION('',(-0.,0.,-1.));
#18987 = DIRECTION('',(1.598521340293E-14,-1.,-0.));
#18988 = FACE_BOUND('',#18989,.F.);
#18989 = EDGE_LOOP('',(#18990));
#18990 = ORIENTED_EDGE('',*,*,#18991,.T.);
#18991 = EDGE_CURVE('',#18992,#18992,#18994,.T.);
#18992 = VERTEX_POINT('',#18993);
#18993 = CARTESIAN_POINT('',(59.944,17.0815,0.));
#18994 = CIRCLE('',#18995,0.4445);
#18995 = AXIS2_PLACEMENT_3D('',#18996,#18997,#18998);
#18996 = CARTESIAN_POINT('',(59.944,17.526,0.));
#18997 = DIRECTION('',(-0.,0.,-1.));
#18998 = DIRECTION('',(-0.,-1.,0.));
#18999 = FACE_BOUND('',#19000,.F.);
#19000 = EDGE_LOOP('',(#19001));
#19001 = ORIENTED_EDGE('',*,*,#19002,.T.);
#19002 = EDGE_CURVE('',#19003,#19003,#19005,.T.);
#19003 = VERTEX_POINT('',#19004);
#19004 = CARTESIAN_POINT('',(57.404,19.6215,0.));
#19005 = CIRCLE('',#19006,0.4445);
#19006 = AXIS2_PLACEMENT_3D('',#19007,#19008,#19009);
#19007 = CARTESIAN_POINT('',(57.404,20.066,0.));
#19008 = DIRECTION('',(-0.,0.,-1.));
#19009 = DIRECTION('',(1.598521340293E-14,-1.,-0.));
#19010 = FACE_BOUND('',#19011,.F.);
#19011 = EDGE_LOOP('',(#19012));
#19012 = ORIENTED_EDGE('',*,*,#19013,.T.);
#19013 = EDGE_CURVE('',#19014,#19014,#19016,.T.);
#19014 = VERTEX_POINT('',#19015);
#19015 = CARTESIAN_POINT('',(59.944,19.6215,0.));
#19016 = CIRCLE('',#19017,0.4445);
#19017 = AXIS2_PLACEMENT_3D('',#19018,#19019,#19020);
#19018 = CARTESIAN_POINT('',(59.944,20.066,0.));
#19019 = DIRECTION('',(-0.,0.,-1.));
#19020 = DIRECTION('',(-0.,-1.,0.));
#19021 = FACE_BOUND('',#19022,.F.);
#19022 = EDGE_LOOP('',(#19023));
#19023 = ORIENTED_EDGE('',*,*,#19024,.T.);
#19024 = EDGE_CURVE('',#19025,#19025,#19027,.T.);
#19025 = VERTEX_POINT('',#19026);
#19026 = CARTESIAN_POINT('',(57.404,22.1615,0.));
#19027 = CIRCLE('',#19028,0.4445);
#19028 = AXIS2_PLACEMENT_3D('',#19029,#19030,#19031);
#19029 = CARTESIAN_POINT('',(57.404,22.606,0.));
#19030 = DIRECTION('',(-0.,0.,-1.));
#19031 = DIRECTION('',(1.598521340293E-14,-1.,-0.));
#19032 = FACE_BOUND('',#19033,.F.);
#19033 = EDGE_LOOP('',(#19034));
#19034 = ORIENTED_EDGE('',*,*,#19035,.T.);
#19035 = EDGE_CURVE('',#19036,#19036,#19038,.T.);
#19036 = VERTEX_POINT('',#19037);
#19037 = CARTESIAN_POINT('',(59.944,22.1615,0.));
#19038 = CIRCLE('',#19039,0.4445);
#19039 = AXIS2_PLACEMENT_3D('',#19040,#19041,#19042);
#19040 = CARTESIAN_POINT('',(59.944,22.606,0.));
#19041 = DIRECTION('',(-0.,0.,-1.));
#19042 = DIRECTION('',(-0.,-1.,0.));
#19043 = FACE_BOUND('',#19044,.F.);
#19044 = EDGE_LOOP('',(#19045));
#19045 = ORIENTED_EDGE('',*,*,#19046,.T.);
#19046 = EDGE_CURVE('',#19047,#19047,#19049,.T.);
#19047 = VERTEX_POINT('',#19048);
#19048 = CARTESIAN_POINT('',(8.6106,27.09,0.));
#19049 = CIRCLE('',#19050,0.85);
#19050 = AXIS2_PLACEMENT_3D('',#19051,#19052,#19053);
#19051 = CARTESIAN_POINT('',(8.6106,27.94,0.));
#19052 = DIRECTION('',(-0.,0.,-1.));
#19053 = DIRECTION('',(-0.,-1.,0.));
#19054 = FACE_BOUND('',#19055,.F.);
#19055 = EDGE_LOOP('',(#19056));
#19056 = ORIENTED_EDGE('',*,*,#19057,.T.);
#19057 = EDGE_CURVE('',#19058,#19058,#19060,.T.);
#19058 = VERTEX_POINT('',#19059);
#19059 = CARTESIAN_POINT('',(13.6906,27.09,0.));
#19060 = CIRCLE('',#19061,0.85);
#19061 = AXIS2_PLACEMENT_3D('',#19062,#19063,#19064);
#19062 = CARTESIAN_POINT('',(13.6906,27.94,0.));
#19063 = DIRECTION('',(-0.,0.,-1.));
#19064 = DIRECTION('',(-0.,-1.,0.));
#19065 = FACE_BOUND('',#19066,.F.);
#19066 = EDGE_LOOP('',(#19067));
#19067 = ORIENTED_EDGE('',*,*,#19068,.T.);
#19068 = EDGE_CURVE('',#19069,#19069,#19071,.T.);
#19069 = VERTEX_POINT('',#19070);
#19070 = CARTESIAN_POINT('',(10.16,39.14,0.));
#19071 = CIRCLE('',#19072,1.5);
#19072 = AXIS2_PLACEMENT_3D('',#19073,#19074,#19075);
#19073 = CARTESIAN_POINT('',(10.16,40.64,0.));
#19074 = DIRECTION('',(-0.,0.,-1.));
#19075 = DIRECTION('',(-0.,-1.,0.));
#19076 = FACE_BOUND('',#19077,.F.);
#19077 = EDGE_LOOP('',(#19078));
#19078 = ORIENTED_EDGE('',*,*,#19079,.T.);
#19079 = EDGE_CURVE('',#19080,#19080,#19082,.T.);
#19080 = VERTEX_POINT('',#19081);
#19081 = CARTESIAN_POINT('',(41.148,31.3055,0.));
#19082 = CIRCLE('',#19083,0.4445);
#19083 = AXIS2_PLACEMENT_3D('',#19084,#19085,#19086);
#19084 = CARTESIAN_POINT('',(41.148,31.75,0.));
#19085 = DIRECTION('',(-0.,0.,-1.));
#19086 = DIRECTION('',(1.598521340293E-14,-1.,-0.));
#19087 = FACE_BOUND('',#19088,.F.);
#19088 = EDGE_LOOP('',(#19089));
#19089 = ORIENTED_EDGE('',*,*,#19090,.T.);
#19090 = EDGE_CURVE('',#19091,#19091,#19093,.T.);
#19091 = VERTEX_POINT('',#19092);
#19092 = CARTESIAN_POINT('',(57.403999,26.4795,0.));
#19093 = CIRCLE('',#19094,0.4445);
#19094 = AXIS2_PLACEMENT_3D('',#19095,#19096,#19097);
#19095 = CARTESIAN_POINT('',(57.403999,26.924,0.));
#19096 = DIRECTION('',(-0.,0.,-1.));
#19097 = DIRECTION('',(-0.,-1.,0.));
#19098 = FACE_BOUND('',#19099,.F.);
#19099 = EDGE_LOOP('',(#19100));
#19100 = ORIENTED_EDGE('',*,*,#19101,.T.);
#19101 = EDGE_CURVE('',#19102,#19102,#19104,.T.);
#19102 = VERTEX_POINT('',#19103);
#19103 = CARTESIAN_POINT('',(59.944001,26.4795,0.));
#19104 = CIRCLE('',#19105,0.4445);
#19105 = AXIS2_PLACEMENT_3D('',#19106,#19107,#19108);
#19106 = CARTESIAN_POINT('',(59.944001,26.924,0.));
#19107 = DIRECTION('',(-0.,0.,-1.));
#19108 = DIRECTION('',(-0.,-1.,0.));
#19109 = FACE_BOUND('',#19110,.F.);
#19110 = EDGE_LOOP('',(#19111));
#19111 = ORIENTED_EDGE('',*,*,#19112,.T.);
#19112 = EDGE_CURVE('',#19113,#19113,#19115,.T.);
#19113 = VERTEX_POINT('',#19114);
#19114 = CARTESIAN_POINT('',(57.403999,29.0195,0.));
#19115 = CIRCLE('',#19116,0.4445);
#19116 = AXIS2_PLACEMENT_3D('',#19117,#19118,#19119);
#19117 = CARTESIAN_POINT('',(57.403999,29.464,0.));
#19118 = DIRECTION('',(-0.,0.,-1.));
#19119 = DIRECTION('',(-0.,-1.,0.));
#19120 = FACE_BOUND('',#19121,.F.);
#19121 = EDGE_LOOP('',(#19122));
#19122 = ORIENTED_EDGE('',*,*,#19123,.T.);
#19123 = EDGE_CURVE('',#19124,#19124,#19126,.T.);
#19124 = VERTEX_POINT('',#19125);
#19125 = CARTESIAN_POINT('',(59.944001,29.0195,0.));
#19126 = CIRCLE('',#19127,0.4445);
#19127 = AXIS2_PLACEMENT_3D('',#19128,#19129,#19130);
#19128 = CARTESIAN_POINT('',(59.944001,29.464,0.));
#19129 = DIRECTION('',(-0.,0.,-1.));
#19130 = DIRECTION('',(-0.,-1.,0.));
#19131 = FACE_BOUND('',#19132,.F.);
#19132 = EDGE_LOOP('',(#19133));
#19133 = ORIENTED_EDGE('',*,*,#19134,.T.);
#19134 = EDGE_CURVE('',#19135,#19135,#19137,.T.);
#19135 = VERTEX_POINT('',#19136);
#19136 = CARTESIAN_POINT('',(57.403999,31.5595,0.));
#19137 = CIRCLE('',#19138,0.4445);
#19138 = AXIS2_PLACEMENT_3D('',#19139,#19140,#19141);
#19139 = CARTESIAN_POINT('',(57.403999,32.004,0.));
#19140 = DIRECTION('',(-0.,0.,-1.));
#19141 = DIRECTION('',(-0.,-1.,0.));
#19142 = FACE_BOUND('',#19143,.F.);
#19143 = EDGE_LOOP('',(#19144));
#19144 = ORIENTED_EDGE('',*,*,#19145,.T.);
#19145 = EDGE_CURVE('',#19146,#19146,#19148,.T.);
#19146 = VERTEX_POINT('',#19147);
#19147 = CARTESIAN_POINT('',(59.944001,31.5595,0.));
#19148 = CIRCLE('',#19149,0.4445);
#19149 = AXIS2_PLACEMENT_3D('',#19150,#19151,#19152);
#19150 = CARTESIAN_POINT('',(59.944001,32.004,0.));
#19151 = DIRECTION('',(-0.,0.,-1.));
#19152 = DIRECTION('',(-0.,-1.,0.));
#19153 = FACE_BOUND('',#19154,.F.);
#19154 = EDGE_LOOP('',(#19155));
#19155 = ORIENTED_EDGE('',*,*,#19156,.T.);
#19156 = EDGE_CURVE('',#19157,#19157,#19159,.T.);
#19157 = VERTEX_POINT('',#19158);
#19158 = CARTESIAN_POINT('',(41.148,33.8455,0.));
#19159 = CIRCLE('',#19160,0.4445);
#19160 = AXIS2_PLACEMENT_3D('',#19161,#19162,#19163);
#19161 = CARTESIAN_POINT('',(41.148,34.29,0.));
#19162 = DIRECTION('',(-0.,0.,-1.));
#19163 = DIRECTION('',(1.598521340293E-14,-1.,-0.));
#19164 = FACE_BOUND('',#19165,.F.);
#19165 = EDGE_LOOP('',(#19166));
#19166 = ORIENTED_EDGE('',*,*,#19167,.T.);
#19167 = EDGE_CURVE('',#19168,#19168,#19170,.T.);
#19168 = VERTEX_POINT('',#19169);
#19169 = CARTESIAN_POINT('',(57.403999,34.0995,0.));
#19170 = CIRCLE('',#19171,0.4445);
#19171 = AXIS2_PLACEMENT_3D('',#19172,#19173,#19174);
#19172 = CARTESIAN_POINT('',(57.403999,34.544,0.));
#19173 = DIRECTION('',(-0.,0.,-1.));
#19174 = DIRECTION('',(-0.,-1.,0.));
#19175 = FACE_BOUND('',#19176,.F.);
#19176 = EDGE_LOOP('',(#19177));
#19177 = ORIENTED_EDGE('',*,*,#19178,.T.);
#19178 = EDGE_CURVE('',#19179,#19179,#19181,.T.);
#19179 = VERTEX_POINT('',#19180);
#19180 = CARTESIAN_POINT('',(59.944001,34.0995,0.));
#19181 = CIRCLE('',#19182,0.4445);
#19182 = AXIS2_PLACEMENT_3D('',#19183,#19184,#19185);
#19183 = CARTESIAN_POINT('',(59.944001,34.544,0.));
#19184 = DIRECTION('',(-0.,0.,-1.));
#19185 = DIRECTION('',(-0.,-1.,0.));
#19186 = FACE_BOUND('',#19187,.F.);
#19187 = EDGE_LOOP('',(#19188));
#19188 = ORIENTED_EDGE('',*,*,#19189,.T.);
#19189 = EDGE_CURVE('',#19190,#19190,#19192,.T.);
#19190 = VERTEX_POINT('',#19191);
#19191 = CARTESIAN_POINT('',(60.96,39.14,0.));
#19192 = CIRCLE('',#19193,1.5);
#19193 = AXIS2_PLACEMENT_3D('',#19194,#19195,#19196);
#19194 = CARTESIAN_POINT('',(60.96,40.64,0.));
#19195 = DIRECTION('',(-0.,0.,-1.));
#19196 = DIRECTION('',(-0.,-1.,0.));
#19197 = PLANE('',#19198);
#19198 = AXIS2_PLACEMENT_3D('',#19199,#19200,#19201);
#19199 = CARTESIAN_POINT('',(0.,0.,0.));
#19200 = DIRECTION('',(0.,0.,1.));
#19201 = DIRECTION('',(1.,0.,-0.));
#19202 = ADVANCED_FACE('',(#19203,#19214,#19225,#19236,#19247,#19258,
    #19269,#19280,#19291,#19302,#19313,#19324,#19335,#19346,#19357,
    #19368,#19379,#19390,#19401,#19412,#19423,#19434,#19445,#19456,
    #19467,#19478),#19489,.T.);
#19203 = FACE_BOUND('',#19204,.T.);
#19204 = EDGE_LOOP('',(#19205,#19206,#19207,#19213));
#19205 = ORIENTED_EDGE('',*,*,#18822,.F.);
#19206 = ORIENTED_EDGE('',*,*,#18862,.F.);
#19207 = ORIENTED_EDGE('',*,*,#19208,.F.);
#19208 = EDGE_CURVE('',#18885,#18855,#19209,.T.);
#19209 = LINE('',#19210,#19211);
#19210 = CARTESIAN_POINT('',(5.334,45.466,1.51));
#19211 = VECTOR('',#19212,1.);
#19212 = DIRECTION('',(1.,0.,0.));
#19213 = ORIENTED_EDGE('',*,*,#18884,.F.);
#19214 = FACE_BOUND('',#19215,.T.);
#19215 = EDGE_LOOP('',(#19216));
#19216 = ORIENTED_EDGE('',*,*,#19217,.T.);
#19217 = EDGE_CURVE('',#19218,#19218,#19220,.T.);
#19218 = VERTEX_POINT('',#19219);
#19219 = CARTESIAN_POINT('',(10.16,8.66,1.51));
#19220 = CIRCLE('',#19221,1.5);
#19221 = AXIS2_PLACEMENT_3D('',#19222,#19223,#19224);
#19222 = CARTESIAN_POINT('',(10.16,10.16,1.51));
#19223 = DIRECTION('',(-0.,0.,-1.));
#19224 = DIRECTION('',(-0.,-1.,0.));
#19225 = FACE_BOUND('',#19226,.T.);
#19226 = EDGE_LOOP('',(#19227));
#19227 = ORIENTED_EDGE('',*,*,#19228,.T.);
#19228 = EDGE_CURVE('',#19229,#19229,#19231,.T.);
#19229 = VERTEX_POINT('',#19230);
#19230 = CARTESIAN_POINT('',(8.6106,22.01,1.51));
#19231 = CIRCLE('',#19232,0.85);
#19232 = AXIS2_PLACEMENT_3D('',#19233,#19234,#19235);
#19233 = CARTESIAN_POINT('',(8.6106,22.86,1.51));
#19234 = DIRECTION('',(-0.,0.,-1.));
#19235 = DIRECTION('',(-0.,-1.,0.));
#19236 = FACE_BOUND('',#19237,.T.);
#19237 = EDGE_LOOP('',(#19238));
#19238 = ORIENTED_EDGE('',*,*,#19239,.T.);
#19239 = EDGE_CURVE('',#19240,#19240,#19242,.T.);
#19240 = VERTEX_POINT('',#19241);
#19241 = CARTESIAN_POINT('',(13.6906,22.01,1.51));
#19242 = CIRCLE('',#19243,0.85);
#19243 = AXIS2_PLACEMENT_3D('',#19244,#19245,#19246);
#19244 = CARTESIAN_POINT('',(13.6906,22.86,1.51));
#19245 = DIRECTION('',(-0.,0.,-1.));
#19246 = DIRECTION('',(-0.,-1.,0.));
#19247 = FACE_BOUND('',#19248,.T.);
#19248 = EDGE_LOOP('',(#19249));
#19249 = ORIENTED_EDGE('',*,*,#19250,.T.);
#19250 = EDGE_CURVE('',#19251,#19251,#19253,.T.);
#19251 = VERTEX_POINT('',#19252);
#19252 = CARTESIAN_POINT('',(11.1506,24.65,1.51));
#19253 = CIRCLE('',#19254,0.75);
#19254 = AXIS2_PLACEMENT_3D('',#19255,#19256,#19257);
#19255 = CARTESIAN_POINT('',(11.1506,25.4,1.51));
#19256 = DIRECTION('',(-0.,0.,-1.));
#19257 = DIRECTION('',(-0.,-1.,0.));
#19258 = FACE_BOUND('',#19259,.T.);
#19259 = EDGE_LOOP('',(#19260));
#19260 = ORIENTED_EDGE('',*,*,#19261,.T.);
#19261 = EDGE_CURVE('',#19262,#19262,#19264,.T.);
#19262 = VERTEX_POINT('',#19263);
#19263 = CARTESIAN_POINT('',(60.96,8.66,1.51));
#19264 = CIRCLE('',#19265,1.5);
#19265 = AXIS2_PLACEMENT_3D('',#19266,#19267,#19268);
#19266 = CARTESIAN_POINT('',(60.96,10.16,1.51));
#19267 = DIRECTION('',(-0.,0.,-1.));
#19268 = DIRECTION('',(-0.,-1.,0.));
#19269 = FACE_BOUND('',#19270,.T.);
#19270 = EDGE_LOOP('',(#19271));
#19271 = ORIENTED_EDGE('',*,*,#19272,.T.);
#19272 = EDGE_CURVE('',#19273,#19273,#19275,.T.);
#19273 = VERTEX_POINT('',#19274);
#19274 = CARTESIAN_POINT('',(57.404,17.0815,1.51));
#19275 = CIRCLE('',#19276,0.4445);
#19276 = AXIS2_PLACEMENT_3D('',#19277,#19278,#19279);
#19277 = CARTESIAN_POINT('',(57.404,17.526,1.51));
#19278 = DIRECTION('',(-0.,0.,-1.));
#19279 = DIRECTION('',(1.598521340293E-14,-1.,-0.));
#19280 = FACE_BOUND('',#19281,.T.);
#19281 = EDGE_LOOP('',(#19282));
#19282 = ORIENTED_EDGE('',*,*,#19283,.T.);
#19283 = EDGE_CURVE('',#19284,#19284,#19286,.T.);
#19284 = VERTEX_POINT('',#19285);
#19285 = CARTESIAN_POINT('',(59.944,17.0815,1.51));
#19286 = CIRCLE('',#19287,0.4445);
#19287 = AXIS2_PLACEMENT_3D('',#19288,#19289,#19290);
#19288 = CARTESIAN_POINT('',(59.944,17.526,1.51));
#19289 = DIRECTION('',(-0.,0.,-1.));
#19290 = DIRECTION('',(-0.,-1.,0.));
#19291 = FACE_BOUND('',#19292,.T.);
#19292 = EDGE_LOOP('',(#19293));
#19293 = ORIENTED_EDGE('',*,*,#19294,.T.);
#19294 = EDGE_CURVE('',#19295,#19295,#19297,.T.);
#19295 = VERTEX_POINT('',#19296);
#19296 = CARTESIAN_POINT('',(57.404,19.6215,1.51));
#19297 = CIRCLE('',#19298,0.4445);
#19298 = AXIS2_PLACEMENT_3D('',#19299,#19300,#19301);
#19299 = CARTESIAN_POINT('',(57.404,20.066,1.51));
#19300 = DIRECTION('',(-0.,0.,-1.));
#19301 = DIRECTION('',(1.598521340293E-14,-1.,-0.));
#19302 = FACE_BOUND('',#19303,.T.);
#19303 = EDGE_LOOP('',(#19304));
#19304 = ORIENTED_EDGE('',*,*,#19305,.T.);
#19305 = EDGE_CURVE('',#19306,#19306,#19308,.T.);
#19306 = VERTEX_POINT('',#19307);
#19307 = CARTESIAN_POINT('',(59.944,19.6215,1.51));
#19308 = CIRCLE('',#19309,0.4445);
#19309 = AXIS2_PLACEMENT_3D('',#19310,#19311,#19312);
#19310 = CARTESIAN_POINT('',(59.944,20.066,1.51));
#19311 = DIRECTION('',(-0.,0.,-1.));
#19312 = DIRECTION('',(-0.,-1.,0.));
#19313 = FACE_BOUND('',#19314,.T.);
#19314 = EDGE_LOOP('',(#19315));
#19315 = ORIENTED_EDGE('',*,*,#19316,.T.);
#19316 = EDGE_CURVE('',#19317,#19317,#19319,.T.);
#19317 = VERTEX_POINT('',#19318);
#19318 = CARTESIAN_POINT('',(57.404,22.1615,1.51));
#19319 = CIRCLE('',#19320,0.4445);
#19320 = AXIS2_PLACEMENT_3D('',#19321,#19322,#19323);
#19321 = CARTESIAN_POINT('',(57.404,22.606,1.51));
#19322 = DIRECTION('',(-0.,0.,-1.));
#19323 = DIRECTION('',(1.598521340293E-14,-1.,-0.));
#19324 = FACE_BOUND('',#19325,.T.);
#19325 = EDGE_LOOP('',(#19326));
#19326 = ORIENTED_EDGE('',*,*,#19327,.T.);
#19327 = EDGE_CURVE('',#19328,#19328,#19330,.T.);
#19328 = VERTEX_POINT('',#19329);
#19329 = CARTESIAN_POINT('',(59.944,22.1615,1.51));
#19330 = CIRCLE('',#19331,0.4445);
#19331 = AXIS2_PLACEMENT_3D('',#19332,#19333,#19334);
#19332 = CARTESIAN_POINT('',(59.944,22.606,1.51));
#19333 = DIRECTION('',(-0.,0.,-1.));
#19334 = DIRECTION('',(-0.,-1.,0.));
#19335 = FACE_BOUND('',#19336,.T.);
#19336 = EDGE_LOOP('',(#19337));
#19337 = ORIENTED_EDGE('',*,*,#19338,.T.);
#19338 = EDGE_CURVE('',#19339,#19339,#19341,.T.);
#19339 = VERTEX_POINT('',#19340);
#19340 = CARTESIAN_POINT('',(8.6106,27.09,1.51));
#19341 = CIRCLE('',#19342,0.85);
#19342 = AXIS2_PLACEMENT_3D('',#19343,#19344,#19345);
#19343 = CARTESIAN_POINT('',(8.6106,27.94,1.51));
#19344 = DIRECTION('',(-0.,0.,-1.));
#19345 = DIRECTION('',(-0.,-1.,0.));
#19346 = FACE_BOUND('',#19347,.T.);
#19347 = EDGE_LOOP('',(#19348));
#19348 = ORIENTED_EDGE('',*,*,#19349,.T.);
#19349 = EDGE_CURVE('',#19350,#19350,#19352,.T.);
#19350 = VERTEX_POINT('',#19351);
#19351 = CARTESIAN_POINT('',(13.6906,27.09,1.51));
#19352 = CIRCLE('',#19353,0.85);
#19353 = AXIS2_PLACEMENT_3D('',#19354,#19355,#19356);
#19354 = CARTESIAN_POINT('',(13.6906,27.94,1.51));
#19355 = DIRECTION('',(-0.,0.,-1.));
#19356 = DIRECTION('',(-0.,-1.,0.));
#19357 = FACE_BOUND('',#19358,.T.);
#19358 = EDGE_LOOP('',(#19359));
#19359 = ORIENTED_EDGE('',*,*,#19360,.T.);
#19360 = EDGE_CURVE('',#19361,#19361,#19363,.T.);
#19361 = VERTEX_POINT('',#19362);
#19362 = CARTESIAN_POINT('',(10.16,39.14,1.51));
#19363 = CIRCLE('',#19364,1.5);
#19364 = AXIS2_PLACEMENT_3D('',#19365,#19366,#19367);
#19365 = CARTESIAN_POINT('',(10.16,40.64,1.51));
#19366 = DIRECTION('',(-0.,0.,-1.));
#19367 = DIRECTION('',(-0.,-1.,0.));
#19368 = FACE_BOUND('',#19369,.T.);
#19369 = EDGE_LOOP('',(#19370));
#19370 = ORIENTED_EDGE('',*,*,#19371,.T.);
#19371 = EDGE_CURVE('',#19372,#19372,#19374,.T.);
#19372 = VERTEX_POINT('',#19373);
#19373 = CARTESIAN_POINT('',(41.148,31.3055,1.51));
#19374 = CIRCLE('',#19375,0.4445);
#19375 = AXIS2_PLACEMENT_3D('',#19376,#19377,#19378);
#19376 = CARTESIAN_POINT('',(41.148,31.75,1.51));
#19377 = DIRECTION('',(-0.,0.,-1.));
#19378 = DIRECTION('',(1.598521340293E-14,-1.,-0.));
#19379 = FACE_BOUND('',#19380,.T.);
#19380 = EDGE_LOOP('',(#19381));
#19381 = ORIENTED_EDGE('',*,*,#19382,.T.);
#19382 = EDGE_CURVE('',#19383,#19383,#19385,.T.);
#19383 = VERTEX_POINT('',#19384);
#19384 = CARTESIAN_POINT('',(57.403999,26.4795,1.51));
#19385 = CIRCLE('',#19386,0.4445);
#19386 = AXIS2_PLACEMENT_3D('',#19387,#19388,#19389);
#19387 = CARTESIAN_POINT('',(57.403999,26.924,1.51));
#19388 = DIRECTION('',(-0.,0.,-1.));
#19389 = DIRECTION('',(-0.,-1.,0.));
#19390 = FACE_BOUND('',#19391,.T.);
#19391 = EDGE_LOOP('',(#19392));
#19392 = ORIENTED_EDGE('',*,*,#19393,.T.);
#19393 = EDGE_CURVE('',#19394,#19394,#19396,.T.);
#19394 = VERTEX_POINT('',#19395);
#19395 = CARTESIAN_POINT('',(59.944001,26.4795,1.51));
#19396 = CIRCLE('',#19397,0.4445);
#19397 = AXIS2_PLACEMENT_3D('',#19398,#19399,#19400);
#19398 = CARTESIAN_POINT('',(59.944001,26.924,1.51));
#19399 = DIRECTION('',(-0.,0.,-1.));
#19400 = DIRECTION('',(-0.,-1.,0.));
#19401 = FACE_BOUND('',#19402,.T.);
#19402 = EDGE_LOOP('',(#19403));
#19403 = ORIENTED_EDGE('',*,*,#19404,.T.);
#19404 = EDGE_CURVE('',#19405,#19405,#19407,.T.);
#19405 = VERTEX_POINT('',#19406);
#19406 = CARTESIAN_POINT('',(57.403999,29.0195,1.51));
#19407 = CIRCLE('',#19408,0.4445);
#19408 = AXIS2_PLACEMENT_3D('',#19409,#19410,#19411);
#19409 = CARTESIAN_POINT('',(57.403999,29.464,1.51));
#19410 = DIRECTION('',(-0.,0.,-1.));
#19411 = DIRECTION('',(-0.,-1.,0.));
#19412 = FACE_BOUND('',#19413,.T.);
#19413 = EDGE_LOOP('',(#19414));
#19414 = ORIENTED_EDGE('',*,*,#19415,.T.);
#19415 = EDGE_CURVE('',#19416,#19416,#19418,.T.);
#19416 = VERTEX_POINT('',#19417);
#19417 = CARTESIAN_POINT('',(59.944001,29.0195,1.51));
#19418 = CIRCLE('',#19419,0.4445);
#19419 = AXIS2_PLACEMENT_3D('',#19420,#19421,#19422);
#19420 = CARTESIAN_POINT('',(59.944001,29.464,1.51));
#19421 = DIRECTION('',(-0.,0.,-1.));
#19422 = DIRECTION('',(-0.,-1.,0.));
#19423 = FACE_BOUND('',#19424,.T.);
#19424 = EDGE_LOOP('',(#19425));
#19425 = ORIENTED_EDGE('',*,*,#19426,.T.);
#19426 = EDGE_CURVE('',#19427,#19427,#19429,.T.);
#19427 = VERTEX_POINT('',#19428);
#19428 = CARTESIAN_POINT('',(57.403999,31.5595,1.51));
#19429 = CIRCLE('',#19430,0.4445);
#19430 = AXIS2_PLACEMENT_3D('',#19431,#19432,#19433);
#19431 = CARTESIAN_POINT('',(57.403999,32.004,1.51));
#19432 = DIRECTION('',(-0.,0.,-1.));
#19433 = DIRECTION('',(-0.,-1.,0.));
#19434 = FACE_BOUND('',#19435,.T.);
#19435 = EDGE_LOOP('',(#19436));
#19436 = ORIENTED_EDGE('',*,*,#19437,.T.);
#19437 = EDGE_CURVE('',#19438,#19438,#19440,.T.);
#19438 = VERTEX_POINT('',#19439);
#19439 = CARTESIAN_POINT('',(59.944001,31.5595,1.51));
#19440 = CIRCLE('',#19441,0.4445);
#19441 = AXIS2_PLACEMENT_3D('',#19442,#19443,#19444);
#19442 = CARTESIAN_POINT('',(59.944001,32.004,1.51));
#19443 = DIRECTION('',(-0.,0.,-1.));
#19444 = DIRECTION('',(-0.,-1.,0.));
#19445 = FACE_BOUND('',#19446,.T.);
#19446 = EDGE_LOOP('',(#19447));
#19447 = ORIENTED_EDGE('',*,*,#19448,.T.);
#19448 = EDGE_CURVE('',#19449,#19449,#19451,.T.);
#19449 = VERTEX_POINT('',#19450);
#19450 = CARTESIAN_POINT('',(41.148,33.8455,1.51));
#19451 = CIRCLE('',#19452,0.4445);
#19452 = AXIS2_PLACEMENT_3D('',#19453,#19454,#19455);
#19453 = CARTESIAN_POINT('',(41.148,34.29,1.51));
#19454 = DIRECTION('',(-0.,0.,-1.));
#19455 = DIRECTION('',(1.598521340293E-14,-1.,-0.));
#19456 = FACE_BOUND('',#19457,.T.);
#19457 = EDGE_LOOP('',(#19458));
#19458 = ORIENTED_EDGE('',*,*,#19459,.T.);
#19459 = EDGE_CURVE('',#19460,#19460,#19462,.T.);
#19460 = VERTEX_POINT('',#19461);
#19461 = CARTESIAN_POINT('',(57.403999,34.0995,1.51));
#19462 = CIRCLE('',#19463,0.4445);
#19463 = AXIS2_PLACEMENT_3D('',#19464,#19465,#19466);
#19464 = CARTESIAN_POINT('',(57.403999,34.544,1.51));
#19465 = DIRECTION('',(-0.,0.,-1.));
#19466 = DIRECTION('',(-0.,-1.,0.));
#19467 = FACE_BOUND('',#19468,.T.);
#19468 = EDGE_LOOP('',(#19469));
#19469 = ORIENTED_EDGE('',*,*,#19470,.T.);
#19470 = EDGE_CURVE('',#19471,#19471,#19473,.T.);
#19471 = VERTEX_POINT('',#19472);
#19472 = CARTESIAN_POINT('',(59.944001,34.0995,1.51));
#19473 = CIRCLE('',#19474,0.4445);
#19474 = AXIS2_PLACEMENT_3D('',#19475,#19476,#19477);
#19475 = CARTESIAN_POINT('',(59.944001,34.544,1.51));
#19476 = DIRECTION('',(-0.,0.,-1.));
#19477 = DIRECTION('',(-0.,-1.,0.));
#19478 = FACE_BOUND('',#19479,.T.);
#19479 = EDGE_LOOP('',(#19480));
#19480 = ORIENTED_EDGE('',*,*,#19481,.T.);
#19481 = EDGE_CURVE('',#19482,#19482,#19484,.T.);
#19482 = VERTEX_POINT('',#19483);
#19483 = CARTESIAN_POINT('',(60.96,39.14,1.51));
#19484 = CIRCLE('',#19485,1.5);
#19485 = AXIS2_PLACEMENT_3D('',#19486,#19487,#19488);
#19486 = CARTESIAN_POINT('',(60.96,40.64,1.51));
#19487 = DIRECTION('',(-0.,0.,-1.));
#19488 = DIRECTION('',(-0.,-1.,0.));
#19489 = PLANE('',#19490);
#19490 = AXIS2_PLACEMENT_3D('',#19491,#19492,#19493);
#19491 = CARTESIAN_POINT('',(0.,0.,1.51));
#19492 = DIRECTION('',(0.,0.,1.));
#19493 = DIRECTION('',(1.,0.,-0.));
#19494 = ADVANCED_FACE('',(#19495),#19501,.T.);
#19495 = FACE_BOUND('',#19496,.T.);
#19496 = EDGE_LOOP('',(#19497,#19498,#19499,#19500));
#19497 = ORIENTED_EDGE('',*,*,#18892,.T.);
#19498 = ORIENTED_EDGE('',*,*,#19208,.T.);
#19499 = ORIENTED_EDGE('',*,*,#18852,.F.);
#19500 = ORIENTED_EDGE('',*,*,#18916,.F.);
#19501 = PLANE('',#19502);
#19502 = AXIS2_PLACEMENT_3D('',#19503,#19504,#19505);
#19503 = CARTESIAN_POINT('',(5.334,45.466,0.));
#19504 = DIRECTION('',(0.,1.,0.));
#19505 = DIRECTION('',(1.,0.,0.));
#19506 = ADVANCED_FACE('',(#19507),#19518,.F.);
#19507 = FACE_BOUND('',#19508,.T.);
#19508 = EDGE_LOOP('',(#19509,#19510,#19516,#19517));
#19509 = ORIENTED_EDGE('',*,*,#18925,.T.);
#19510 = ORIENTED_EDGE('',*,*,#19511,.T.);
#19511 = EDGE_CURVE('',#18926,#19218,#19512,.T.);
#19512 = LINE('',#19513,#19514);
#19513 = CARTESIAN_POINT('',(10.16,8.66,-4.6E-02));
#19514 = VECTOR('',#19515,1.);
#19515 = DIRECTION('',(0.,0.,1.));
#19516 = ORIENTED_EDGE('',*,*,#19217,.F.);
#19517 = ORIENTED_EDGE('',*,*,#19511,.F.);
#19518 = CYLINDRICAL_SURFACE('',#19519,1.5);
#19519 = AXIS2_PLACEMENT_3D('',#19520,#19521,#19522);
#19520 = CARTESIAN_POINT('',(10.16,10.16,-4.6E-02));
#19521 = DIRECTION('',(-0.,-0.,-1.));
#19522 = DIRECTION('',(-0.,-1.,0.));
#19523 = ADVANCED_FACE('',(#19524),#19535,.F.);
#19524 = FACE_BOUND('',#19525,.T.);
#19525 = EDGE_LOOP('',(#19526,#19527,#19533,#19534));
#19526 = ORIENTED_EDGE('',*,*,#18936,.T.);
#19527 = ORIENTED_EDGE('',*,*,#19528,.T.);
#19528 = EDGE_CURVE('',#18937,#19229,#19529,.T.);
#19529 = LINE('',#19530,#19531);
#19530 = CARTESIAN_POINT('',(8.6106,22.01,-4.6E-02));
#19531 = VECTOR('',#19532,1.);
#19532 = DIRECTION('',(0.,0.,1.));
#19533 = ORIENTED_EDGE('',*,*,#19228,.F.);
#19534 = ORIENTED_EDGE('',*,*,#19528,.F.);
#19535 = CYLINDRICAL_SURFACE('',#19536,0.85);
#19536 = AXIS2_PLACEMENT_3D('',#19537,#19538,#19539);
#19537 = CARTESIAN_POINT('',(8.6106,22.86,-4.6E-02));
#19538 = DIRECTION('',(-0.,-0.,-1.));
#19539 = DIRECTION('',(-0.,-1.,0.));
#19540 = ADVANCED_FACE('',(#19541),#19552,.F.);
#19541 = FACE_BOUND('',#19542,.T.);
#19542 = EDGE_LOOP('',(#19543,#19544,#19550,#19551));
#19543 = ORIENTED_EDGE('',*,*,#18947,.T.);
#19544 = ORIENTED_EDGE('',*,*,#19545,.T.);
#19545 = EDGE_CURVE('',#18948,#19240,#19546,.T.);
#19546 = LINE('',#19547,#19548);
#19547 = CARTESIAN_POINT('',(13.6906,22.01,-4.6E-02));
#19548 = VECTOR('',#19549,1.);
#19549 = DIRECTION('',(0.,0.,1.));
#19550 = ORIENTED_EDGE('',*,*,#19239,.F.);
#19551 = ORIENTED_EDGE('',*,*,#19545,.F.);
#19552 = CYLINDRICAL_SURFACE('',#19553,0.85);
#19553 = AXIS2_PLACEMENT_3D('',#19554,#19555,#19556);
#19554 = CARTESIAN_POINT('',(13.6906,22.86,-4.6E-02));
#19555 = DIRECTION('',(-0.,-0.,-1.));
#19556 = DIRECTION('',(-0.,-1.,0.));
#19557 = ADVANCED_FACE('',(#19558),#19569,.F.);
#19558 = FACE_BOUND('',#19559,.T.);
#19559 = EDGE_LOOP('',(#19560,#19561,#19567,#19568));
#19560 = ORIENTED_EDGE('',*,*,#18958,.T.);
#19561 = ORIENTED_EDGE('',*,*,#19562,.T.);
#19562 = EDGE_CURVE('',#18959,#19251,#19563,.T.);
#19563 = LINE('',#19564,#19565);
#19564 = CARTESIAN_POINT('',(11.1506,24.65,-4.6E-02));
#19565 = VECTOR('',#19566,1.);
#19566 = DIRECTION('',(0.,0.,1.));
#19567 = ORIENTED_EDGE('',*,*,#19250,.F.);
#19568 = ORIENTED_EDGE('',*,*,#19562,.F.);
#19569 = CYLINDRICAL_SURFACE('',#19570,0.75);
#19570 = AXIS2_PLACEMENT_3D('',#19571,#19572,#19573);
#19571 = CARTESIAN_POINT('',(11.1506,25.4,-4.6E-02));
#19572 = DIRECTION('',(-0.,-0.,-1.));
#19573 = DIRECTION('',(-0.,-1.,0.));
#19574 = ADVANCED_FACE('',(#19575),#19586,.F.);
#19575 = FACE_BOUND('',#19576,.T.);
#19576 = EDGE_LOOP('',(#19577,#19578,#19584,#19585));
#19577 = ORIENTED_EDGE('',*,*,#18969,.T.);
#19578 = ORIENTED_EDGE('',*,*,#19579,.T.);
#19579 = EDGE_CURVE('',#18970,#19262,#19580,.T.);
#19580 = LINE('',#19581,#19582);
#19581 = CARTESIAN_POINT('',(60.96,8.66,-4.6E-02));
#19582 = VECTOR('',#19583,1.);
#19583 = DIRECTION('',(0.,0.,1.));
#19584 = ORIENTED_EDGE('',*,*,#19261,.F.);
#19585 = ORIENTED_EDGE('',*,*,#19579,.F.);
#19586 = CYLINDRICAL_SURFACE('',#19587,1.5);
#19587 = AXIS2_PLACEMENT_3D('',#19588,#19589,#19590);
#19588 = CARTESIAN_POINT('',(60.96,10.16,-4.6E-02));
#19589 = DIRECTION('',(-0.,-0.,-1.));
#19590 = DIRECTION('',(-0.,-1.,0.));
#19591 = ADVANCED_FACE('',(#19592),#19603,.F.);
#19592 = FACE_BOUND('',#19593,.T.);
#19593 = EDGE_LOOP('',(#19594,#19595,#19601,#19602));
#19594 = ORIENTED_EDGE('',*,*,#18980,.T.);
#19595 = ORIENTED_EDGE('',*,*,#19596,.T.);
#19596 = EDGE_CURVE('',#18981,#19273,#19597,.T.);
#19597 = LINE('',#19598,#19599);
#19598 = CARTESIAN_POINT('',(57.404,17.0815,-4.6E-02));
#19599 = VECTOR('',#19600,1.);
#19600 = DIRECTION('',(0.,0.,1.));
#19601 = ORIENTED_EDGE('',*,*,#19272,.F.);
#19602 = ORIENTED_EDGE('',*,*,#19596,.F.);
#19603 = CYLINDRICAL_SURFACE('',#19604,0.4445);
#19604 = AXIS2_PLACEMENT_3D('',#19605,#19606,#19607);
#19605 = CARTESIAN_POINT('',(57.404,17.526,-4.6E-02));
#19606 = DIRECTION('',(-0.,0.,-1.));
#19607 = DIRECTION('',(1.598521340293E-14,-1.,-0.));
#19608 = ADVANCED_FACE('',(#19609),#19620,.F.);
#19609 = FACE_BOUND('',#19610,.T.);
#19610 = EDGE_LOOP('',(#19611,#19612,#19618,#19619));
#19611 = ORIENTED_EDGE('',*,*,#18991,.T.);
#19612 = ORIENTED_EDGE('',*,*,#19613,.T.);
#19613 = EDGE_CURVE('',#18992,#19284,#19614,.T.);
#19614 = LINE('',#19615,#19616);
#19615 = CARTESIAN_POINT('',(59.944,17.0815,-4.6E-02));
#19616 = VECTOR('',#19617,1.);
#19617 = DIRECTION('',(0.,0.,1.));
#19618 = ORIENTED_EDGE('',*,*,#19283,.F.);
#19619 = ORIENTED_EDGE('',*,*,#19613,.F.);
#19620 = CYLINDRICAL_SURFACE('',#19621,0.4445);
#19621 = AXIS2_PLACEMENT_3D('',#19622,#19623,#19624);
#19622 = CARTESIAN_POINT('',(59.944,17.526,-4.6E-02));
#19623 = DIRECTION('',(-0.,-0.,-1.));
#19624 = DIRECTION('',(-0.,-1.,0.));
#19625 = ADVANCED_FACE('',(#19626),#19637,.F.);
#19626 = FACE_BOUND('',#19627,.T.);
#19627 = EDGE_LOOP('',(#19628,#19629,#19635,#19636));
#19628 = ORIENTED_EDGE('',*,*,#19002,.T.);
#19629 = ORIENTED_EDGE('',*,*,#19630,.T.);
#19630 = EDGE_CURVE('',#19003,#19295,#19631,.T.);
#19631 = LINE('',#19632,#19633);
#19632 = CARTESIAN_POINT('',(57.404,19.6215,-4.6E-02));
#19633 = VECTOR('',#19634,1.);
#19634 = DIRECTION('',(0.,0.,1.));
#19635 = ORIENTED_EDGE('',*,*,#19294,.F.);
#19636 = ORIENTED_EDGE('',*,*,#19630,.F.);
#19637 = CYLINDRICAL_SURFACE('',#19638,0.4445);
#19638 = AXIS2_PLACEMENT_3D('',#19639,#19640,#19641);
#19639 = CARTESIAN_POINT('',(57.404,20.066,-4.6E-02));
#19640 = DIRECTION('',(-0.,0.,-1.));
#19641 = DIRECTION('',(1.598521340293E-14,-1.,-0.));
#19642 = ADVANCED_FACE('',(#19643),#19654,.F.);
#19643 = FACE_BOUND('',#19644,.T.);
#19644 = EDGE_LOOP('',(#19645,#19646,#19652,#19653));
#19645 = ORIENTED_EDGE('',*,*,#19013,.T.);
#19646 = ORIENTED_EDGE('',*,*,#19647,.T.);
#19647 = EDGE_CURVE('',#19014,#19306,#19648,.T.);
#19648 = LINE('',#19649,#19650);
#19649 = CARTESIAN_POINT('',(59.944,19.6215,-4.6E-02));
#19650 = VECTOR('',#19651,1.);
#19651 = DIRECTION('',(0.,0.,1.));
#19652 = ORIENTED_EDGE('',*,*,#19305,.F.);
#19653 = ORIENTED_EDGE('',*,*,#19647,.F.);
#19654 = CYLINDRICAL_SURFACE('',#19655,0.4445);
#19655 = AXIS2_PLACEMENT_3D('',#19656,#19657,#19658);
#19656 = CARTESIAN_POINT('',(59.944,20.066,-4.6E-02));
#19657 = DIRECTION('',(-0.,-0.,-1.));
#19658 = DIRECTION('',(-0.,-1.,0.));
#19659 = ADVANCED_FACE('',(#19660),#19671,.F.);
#19660 = FACE_BOUND('',#19661,.T.);
#19661 = EDGE_LOOP('',(#19662,#19663,#19669,#19670));
#19662 = ORIENTED_EDGE('',*,*,#19024,.T.);
#19663 = ORIENTED_EDGE('',*,*,#19664,.T.);
#19664 = EDGE_CURVE('',#19025,#19317,#19665,.T.);
#19665 = LINE('',#19666,#19667);
#19666 = CARTESIAN_POINT('',(57.404,22.1615,-4.6E-02));
#19667 = VECTOR('',#19668,1.);
#19668 = DIRECTION('',(0.,0.,1.));
#19669 = ORIENTED_EDGE('',*,*,#19316,.F.);
#19670 = ORIENTED_EDGE('',*,*,#19664,.F.);
#19671 = CYLINDRICAL_SURFACE('',#19672,0.4445);
#19672 = AXIS2_PLACEMENT_3D('',#19673,#19674,#19675);
#19673 = CARTESIAN_POINT('',(57.404,22.606,-4.6E-02));
#19674 = DIRECTION('',(-0.,0.,-1.));
#19675 = DIRECTION('',(1.598521340293E-14,-1.,-0.));
#19676 = ADVANCED_FACE('',(#19677),#19688,.F.);
#19677 = FACE_BOUND('',#19678,.T.);
#19678 = EDGE_LOOP('',(#19679,#19680,#19686,#19687));
#19679 = ORIENTED_EDGE('',*,*,#19035,.T.);
#19680 = ORIENTED_EDGE('',*,*,#19681,.T.);
#19681 = EDGE_CURVE('',#19036,#19328,#19682,.T.);
#19682 = LINE('',#19683,#19684);
#19683 = CARTESIAN_POINT('',(59.944,22.1615,-4.6E-02));
#19684 = VECTOR('',#19685,1.);
#19685 = DIRECTION('',(0.,0.,1.));
#19686 = ORIENTED_EDGE('',*,*,#19327,.F.);
#19687 = ORIENTED_EDGE('',*,*,#19681,.F.);
#19688 = CYLINDRICAL_SURFACE('',#19689,0.4445);
#19689 = AXIS2_PLACEMENT_3D('',#19690,#19691,#19692);
#19690 = CARTESIAN_POINT('',(59.944,22.606,-4.6E-02));
#19691 = DIRECTION('',(-0.,-0.,-1.));
#19692 = DIRECTION('',(-0.,-1.,0.));
#19693 = ADVANCED_FACE('',(#19694),#19705,.F.);
#19694 = FACE_BOUND('',#19695,.T.);
#19695 = EDGE_LOOP('',(#19696,#19697,#19703,#19704));
#19696 = ORIENTED_EDGE('',*,*,#19046,.T.);
#19697 = ORIENTED_EDGE('',*,*,#19698,.T.);
#19698 = EDGE_CURVE('',#19047,#19339,#19699,.T.);
#19699 = LINE('',#19700,#19701);
#19700 = CARTESIAN_POINT('',(8.6106,27.09,-4.6E-02));
#19701 = VECTOR('',#19702,1.);
#19702 = DIRECTION('',(0.,0.,1.));
#19703 = ORIENTED_EDGE('',*,*,#19338,.F.);
#19704 = ORIENTED_EDGE('',*,*,#19698,.F.);
#19705 = CYLINDRICAL_SURFACE('',#19706,0.85);
#19706 = AXIS2_PLACEMENT_3D('',#19707,#19708,#19709);
#19707 = CARTESIAN_POINT('',(8.6106,27.94,-4.6E-02));
#19708 = DIRECTION('',(-0.,-0.,-1.));
#19709 = DIRECTION('',(-0.,-1.,0.));
#19710 = ADVANCED_FACE('',(#19711),#19722,.F.);
#19711 = FACE_BOUND('',#19712,.T.);
#19712 = EDGE_LOOP('',(#19713,#19714,#19720,#19721));
#19713 = ORIENTED_EDGE('',*,*,#19057,.T.);
#19714 = ORIENTED_EDGE('',*,*,#19715,.T.);
#19715 = EDGE_CURVE('',#19058,#19350,#19716,.T.);
#19716 = LINE('',#19717,#19718);
#19717 = CARTESIAN_POINT('',(13.6906,27.09,-4.6E-02));
#19718 = VECTOR('',#19719,1.);
#19719 = DIRECTION('',(0.,0.,1.));
#19720 = ORIENTED_EDGE('',*,*,#19349,.F.);
#19721 = ORIENTED_EDGE('',*,*,#19715,.F.);
#19722 = CYLINDRICAL_SURFACE('',#19723,0.85);
#19723 = AXIS2_PLACEMENT_3D('',#19724,#19725,#19726);
#19724 = CARTESIAN_POINT('',(13.6906,27.94,-4.6E-02));
#19725 = DIRECTION('',(-0.,-0.,-1.));
#19726 = DIRECTION('',(-0.,-1.,0.));
#19727 = ADVANCED_FACE('',(#19728),#19739,.F.);
#19728 = FACE_BOUND('',#19729,.T.);
#19729 = EDGE_LOOP('',(#19730,#19731,#19737,#19738));
#19730 = ORIENTED_EDGE('',*,*,#19068,.T.);
#19731 = ORIENTED_EDGE('',*,*,#19732,.T.);
#19732 = EDGE_CURVE('',#19069,#19361,#19733,.T.);
#19733 = LINE('',#19734,#19735);
#19734 = CARTESIAN_POINT('',(10.16,39.14,-4.6E-02));
#19735 = VECTOR('',#19736,1.);
#19736 = DIRECTION('',(0.,0.,1.));
#19737 = ORIENTED_EDGE('',*,*,#19360,.F.);
#19738 = ORIENTED_EDGE('',*,*,#19732,.F.);
#19739 = CYLINDRICAL_SURFACE('',#19740,1.5);
#19740 = AXIS2_PLACEMENT_3D('',#19741,#19742,#19743);
#19741 = CARTESIAN_POINT('',(10.16,40.64,-4.6E-02));
#19742 = DIRECTION('',(-0.,-0.,-1.));
#19743 = DIRECTION('',(-0.,-1.,0.));
#19744 = ADVANCED_FACE('',(#19745),#19756,.F.);
#19745 = FACE_BOUND('',#19746,.T.);
#19746 = EDGE_LOOP('',(#19747,#19748,#19754,#19755));
#19747 = ORIENTED_EDGE('',*,*,#19079,.T.);
#19748 = ORIENTED_EDGE('',*,*,#19749,.T.);
#19749 = EDGE_CURVE('',#19080,#19372,#19750,.T.);
#19750 = LINE('',#19751,#19752);
#19751 = CARTESIAN_POINT('',(41.148,31.3055,-4.6E-02));
#19752 = VECTOR('',#19753,1.);
#19753 = DIRECTION('',(0.,0.,1.));
#19754 = ORIENTED_EDGE('',*,*,#19371,.F.);
#19755 = ORIENTED_EDGE('',*,*,#19749,.F.);
#19756 = CYLINDRICAL_SURFACE('',#19757,0.4445);
#19757 = AXIS2_PLACEMENT_3D('',#19758,#19759,#19760);
#19758 = CARTESIAN_POINT('',(41.148,31.75,-4.6E-02));
#19759 = DIRECTION('',(-0.,0.,-1.));
#19760 = DIRECTION('',(1.598521340293E-14,-1.,-0.));
#19761 = ADVANCED_FACE('',(#19762),#19773,.F.);
#19762 = FACE_BOUND('',#19763,.T.);
#19763 = EDGE_LOOP('',(#19764,#19765,#19771,#19772));
#19764 = ORIENTED_EDGE('',*,*,#19090,.T.);
#19765 = ORIENTED_EDGE('',*,*,#19766,.T.);
#19766 = EDGE_CURVE('',#19091,#19383,#19767,.T.);
#19767 = LINE('',#19768,#19769);
#19768 = CARTESIAN_POINT('',(57.403999,26.4795,-4.6E-02));
#19769 = VECTOR('',#19770,1.);
#19770 = DIRECTION('',(0.,0.,1.));
#19771 = ORIENTED_EDGE('',*,*,#19382,.F.);
#19772 = ORIENTED_EDGE('',*,*,#19766,.F.);
#19773 = CYLINDRICAL_SURFACE('',#19774,0.4445);
#19774 = AXIS2_PLACEMENT_3D('',#19775,#19776,#19777);
#19775 = CARTESIAN_POINT('',(57.403999,26.924,-4.6E-02));
#19776 = DIRECTION('',(-0.,-0.,-1.));
#19777 = DIRECTION('',(-0.,-1.,0.));
#19778 = ADVANCED_FACE('',(#19779),#19790,.F.);
#19779 = FACE_BOUND('',#19780,.T.);
#19780 = EDGE_LOOP('',(#19781,#19782,#19788,#19789));
#19781 = ORIENTED_EDGE('',*,*,#19101,.T.);
#19782 = ORIENTED_EDGE('',*,*,#19783,.T.);
#19783 = EDGE_CURVE('',#19102,#19394,#19784,.T.);
#19784 = LINE('',#19785,#19786);
#19785 = CARTESIAN_POINT('',(59.944001,26.4795,-4.6E-02));
#19786 = VECTOR('',#19787,1.);
#19787 = DIRECTION('',(0.,0.,1.));
#19788 = ORIENTED_EDGE('',*,*,#19393,.F.);
#19789 = ORIENTED_EDGE('',*,*,#19783,.F.);
#19790 = CYLINDRICAL_SURFACE('',#19791,0.4445);
#19791 = AXIS2_PLACEMENT_3D('',#19792,#19793,#19794);
#19792 = CARTESIAN_POINT('',(59.944001,26.924,-4.6E-02));
#19793 = DIRECTION('',(-0.,-0.,-1.));
#19794 = DIRECTION('',(-0.,-1.,0.));
#19795 = ADVANCED_FACE('',(#19796),#19807,.F.);
#19796 = FACE_BOUND('',#19797,.T.);
#19797 = EDGE_LOOP('',(#19798,#19799,#19805,#19806));
#19798 = ORIENTED_EDGE('',*,*,#19112,.T.);
#19799 = ORIENTED_EDGE('',*,*,#19800,.T.);
#19800 = EDGE_CURVE('',#19113,#19405,#19801,.T.);
#19801 = LINE('',#19802,#19803);
#19802 = CARTESIAN_POINT('',(57.403999,29.0195,-4.6E-02));
#19803 = VECTOR('',#19804,1.);
#19804 = DIRECTION('',(0.,0.,1.));
#19805 = ORIENTED_EDGE('',*,*,#19404,.F.);
#19806 = ORIENTED_EDGE('',*,*,#19800,.F.);
#19807 = CYLINDRICAL_SURFACE('',#19808,0.4445);
#19808 = AXIS2_PLACEMENT_3D('',#19809,#19810,#19811);
#19809 = CARTESIAN_POINT('',(57.403999,29.464,-4.6E-02));
#19810 = DIRECTION('',(-0.,-0.,-1.));
#19811 = DIRECTION('',(-0.,-1.,0.));
#19812 = ADVANCED_FACE('',(#19813),#19824,.F.);
#19813 = FACE_BOUND('',#19814,.T.);
#19814 = EDGE_LOOP('',(#19815,#19816,#19822,#19823));
#19815 = ORIENTED_EDGE('',*,*,#19123,.T.);
#19816 = ORIENTED_EDGE('',*,*,#19817,.T.);
#19817 = EDGE_CURVE('',#19124,#19416,#19818,.T.);
#19818 = LINE('',#19819,#19820);
#19819 = CARTESIAN_POINT('',(59.944001,29.0195,-4.6E-02));
#19820 = VECTOR('',#19821,1.);
#19821 = DIRECTION('',(0.,0.,1.));
#19822 = ORIENTED_EDGE('',*,*,#19415,.F.);
#19823 = ORIENTED_EDGE('',*,*,#19817,.F.);
#19824 = CYLINDRICAL_SURFACE('',#19825,0.4445);
#19825 = AXIS2_PLACEMENT_3D('',#19826,#19827,#19828);
#19826 = CARTESIAN_POINT('',(59.944001,29.464,-4.6E-02));
#19827 = DIRECTION('',(-0.,-0.,-1.));
#19828 = DIRECTION('',(-0.,-1.,0.));
#19829 = ADVANCED_FACE('',(#19830),#19841,.F.);
#19830 = FACE_BOUND('',#19831,.T.);
#19831 = EDGE_LOOP('',(#19832,#19833,#19839,#19840));
#19832 = ORIENTED_EDGE('',*,*,#19134,.T.);
#19833 = ORIENTED_EDGE('',*,*,#19834,.T.);
#19834 = EDGE_CURVE('',#19135,#19427,#19835,.T.);
#19835 = LINE('',#19836,#19837);
#19836 = CARTESIAN_POINT('',(57.403999,31.5595,-4.6E-02));
#19837 = VECTOR('',#19838,1.);
#19838 = DIRECTION('',(0.,0.,1.));
#19839 = ORIENTED_EDGE('',*,*,#19426,.F.);
#19840 = ORIENTED_EDGE('',*,*,#19834,.F.);
#19841 = CYLINDRICAL_SURFACE('',#19842,0.4445);
#19842 = AXIS2_PLACEMENT_3D('',#19843,#19844,#19845);
#19843 = CARTESIAN_POINT('',(57.403999,32.004,-4.6E-02));
#19844 = DIRECTION('',(-0.,-0.,-1.));
#19845 = DIRECTION('',(-0.,-1.,0.));
#19846 = ADVANCED_FACE('',(#19847),#19858,.F.);
#19847 = FACE_BOUND('',#19848,.T.);
#19848 = EDGE_LOOP('',(#19849,#19850,#19856,#19857));
#19849 = ORIENTED_EDGE('',*,*,#19145,.T.);
#19850 = ORIENTED_EDGE('',*,*,#19851,.T.);
#19851 = EDGE_CURVE('',#19146,#19438,#19852,.T.);
#19852 = LINE('',#19853,#19854);
#19853 = CARTESIAN_POINT('',(59.944001,31.5595,-4.6E-02));
#19854 = VECTOR('',#19855,1.);
#19855 = DIRECTION('',(0.,0.,1.));
#19856 = ORIENTED_EDGE('',*,*,#19437,.F.);
#19857 = ORIENTED_EDGE('',*,*,#19851,.F.);
#19858 = CYLINDRICAL_SURFACE('',#19859,0.4445);
#19859 = AXIS2_PLACEMENT_3D('',#19860,#19861,#19862);
#19860 = CARTESIAN_POINT('',(59.944001,32.004,-4.6E-02));
#19861 = DIRECTION('',(-0.,-0.,-1.));
#19862 = DIRECTION('',(-0.,-1.,0.));
#19863 = ADVANCED_FACE('',(#19864),#19875,.F.);
#19864 = FACE_BOUND('',#19865,.T.);
#19865 = EDGE_LOOP('',(#19866,#19867,#19873,#19874));
#19866 = ORIENTED_EDGE('',*,*,#19156,.T.);
#19867 = ORIENTED_EDGE('',*,*,#19868,.T.);
#19868 = EDGE_CURVE('',#19157,#19449,#19869,.T.);
#19869 = LINE('',#19870,#19871);
#19870 = CARTESIAN_POINT('',(41.148,33.8455,-4.6E-02));
#19871 = VECTOR('',#19872,1.);
#19872 = DIRECTION('',(0.,0.,1.));
#19873 = ORIENTED_EDGE('',*,*,#19448,.F.);
#19874 = ORIENTED_EDGE('',*,*,#19868,.F.);
#19875 = CYLINDRICAL_SURFACE('',#19876,0.4445);
#19876 = AXIS2_PLACEMENT_3D('',#19877,#19878,#19879);
#19877 = CARTESIAN_POINT('',(41.148,34.29,-4.6E-02));
#19878 = DIRECTION('',(-0.,0.,-1.));
#19879 = DIRECTION('',(1.598521340293E-14,-1.,-0.));
#19880 = ADVANCED_FACE('',(#19881),#19892,.F.);
#19881 = FACE_BOUND('',#19882,.T.);
#19882 = EDGE_LOOP('',(#19883,#19884,#19890,#19891));
#19883 = ORIENTED_EDGE('',*,*,#19167,.T.);
#19884 = ORIENTED_EDGE('',*,*,#19885,.T.);
#19885 = EDGE_CURVE('',#19168,#19460,#19886,.T.);
#19886 = LINE('',#19887,#19888);
#19887 = CARTESIAN_POINT('',(57.403999,34.0995,-4.6E-02));
#19888 = VECTOR('',#19889,1.);
#19889 = DIRECTION('',(0.,0.,1.));
#19890 = ORIENTED_EDGE('',*,*,#19459,.F.);
#19891 = ORIENTED_EDGE('',*,*,#19885,.F.);
#19892 = CYLINDRICAL_SURFACE('',#19893,0.4445);
#19893 = AXIS2_PLACEMENT_3D('',#19894,#19895,#19896);
#19894 = CARTESIAN_POINT('',(57.403999,34.544,-4.6E-02));
#19895 = DIRECTION('',(-0.,-0.,-1.));
#19896 = DIRECTION('',(-0.,-1.,0.));
#19897 = ADVANCED_FACE('',(#19898),#19909,.F.);
#19898 = FACE_BOUND('',#19899,.T.);
#19899 = EDGE_LOOP('',(#19900,#19901,#19907,#19908));
#19900 = ORIENTED_EDGE('',*,*,#19178,.T.);
#19901 = ORIENTED_EDGE('',*,*,#19902,.T.);
#19902 = EDGE_CURVE('',#19179,#19471,#19903,.T.);
#19903 = LINE('',#19904,#19905);
#19904 = CARTESIAN_POINT('',(59.944001,34.0995,-4.6E-02));
#19905 = VECTOR('',#19906,1.);
#19906 = DIRECTION('',(0.,0.,1.));
#19907 = ORIENTED_EDGE('',*,*,#19470,.F.);
#19908 = ORIENTED_EDGE('',*,*,#19902,.F.);
#19909 = CYLINDRICAL_SURFACE('',#19910,0.4445);
#19910 = AXIS2_PLACEMENT_3D('',#19911,#19912,#19913);
#19911 = CARTESIAN_POINT('',(59.944001,34.544,-4.6E-02));
#19912 = DIRECTION('',(-0.,-0.,-1.));
#19913 = DIRECTION('',(-0.,-1.,0.));
#19914 = ADVANCED_FACE('',(#19915),#19926,.F.);
#19915 = FACE_BOUND('',#19916,.T.);
#19916 = EDGE_LOOP('',(#19917,#19918,#19924,#19925));
#19917 = ORIENTED_EDGE('',*,*,#19189,.T.);
#19918 = ORIENTED_EDGE('',*,*,#19919,.T.);
#19919 = EDGE_CURVE('',#19190,#19482,#19920,.T.);
#19920 = LINE('',#19921,#19922);
#19921 = CARTESIAN_POINT('',(60.96,39.14,-4.6E-02));
#19922 = VECTOR('',#19923,1.);
#19923 = DIRECTION('',(0.,0.,1.));
#19924 = ORIENTED_EDGE('',*,*,#19481,.F.);
#19925 = ORIENTED_EDGE('',*,*,#19919,.F.);
#19926 = CYLINDRICAL_SURFACE('',#19927,1.5);
#19927 = AXIS2_PLACEMENT_3D('',#19928,#19929,#19930);
#19928 = CARTESIAN_POINT('',(60.96,40.64,-4.6E-02));
#19929 = DIRECTION('',(-0.,-0.,-1.));
#19930 = DIRECTION('',(-0.,-1.,0.));
#19931 = ( GEOMETRIC_REPRESENTATION_CONTEXT(3) 
GLOBAL_UNCERTAINTY_ASSIGNED_CONTEXT((#19935)) 
GLOBAL_UNIT_ASSIGNED_CONTEXT((#19932,#19933,#19934)) 
REPRESENTATION_CONTEXT('Context #1',
  '3D Context with UNIT and UNCERTAINTY') );
#19932 = ( LENGTH_UNIT() NAMED_UNIT(*) SI_UNIT(.MILLI.,.METRE.) );
#19933 = ( NAMED_UNIT(*) PLANE_ANGLE_UNIT() SI_UNIT($,.RADIAN.) );
#19934 = ( NAMED_UNIT(*) SI_UNIT($,.STERADIAN.) SOLID_ANGLE_UNIT() );
#19935 = UNCERTAINTY_MEASURE_WITH_UNIT(LENGTH_MEASURE(1.E-07),#19932,
  'distance_accuracy_value','confusion accuracy');
#19936 = CONTEXT_DEPENDENT_SHAPE_REPRESENTATION(#19937,#19939);
#19937 = ( REPRESENTATION_RELATIONSHIP('','',#18805,#10) 
REPRESENTATION_RELATIONSHIP_WITH_TRANSFORMATION(#19938) 
SHAPE_REPRESENTATION_RELATIONSHIP() );
#19938 = ITEM_DEFINED_TRANSFORMATION('','',#11,#139);
#19939 = PRODUCT_DEFINITION_SHAPE('Placement','Placement of an item',
  #19940);
#19940 = NEXT_ASSEMBLY_USAGE_OCCURRENCE('32','=>[0:1:1:11]','',#5,#18800
  ,$);
#19941 = PRODUCT_RELATED_PRODUCT_CATEGORY('part',$,(#18802));
#19942 = MECHANICAL_DESIGN_GEOMETRIC_PRESENTATION_REPRESENTATION('',(
    #19943),#19931);
#19943 = STYLED_ITEM('color',(#19944),#18806);
#19944 = PRESENTATION_STYLE_ASSIGNMENT((#19945));
#19945 = SURFACE_STYLE_USAGE(.BOTH.,#19946);
#19946 = SURFACE_SIDE_STYLE('',(#19947));
#19947 = SURFACE_STYLE_FILL_AREA(#19948);
#19948 = FILL_AREA_STYLE('',(#19949));
#19949 = FILL_AREA_STYLE_COLOUR('',#19950);
#19950 = COLOUR_RGB('',0.890440242649,0.890440242649,0.890440242649);
ENDSEC;
END-ISO-10303-21;
